point_id,metro,state,lat,lon,osmid,street_count,tile_x,tile_y,image_id_0,image_id_90,image_id_180,image_id_270,dist_m_0,dist_m_90,dist_m_180,dist_m_270,compass_angle_0,compass_angle_90,compass_angle_180,compass_angle_270
0,Minneapolis,MN,45.0428749,-93.2750821,186309046,5,3946,5890,465652748339349,627172285508666,537644678157207,1177169452854919,2.316,22.286,17.402,22.577,3.032,125.288,183.774,250.518
1,Minneapolis,MN,45.042878,-93.2753565,186194921,3,3946,5890,465652748339349,627172285508666,730182128053493,1177169452854919,21.034,15.885,4.226,16.282,3.032,125.288,183.909,250.518
2,Minneapolis,MN,45.0543557,-93.2787079,7157823460,4,3946,5890,165826935959084,1004013476958895,366403335640430,349517554045372,5.802,20.215,15.603,20.215,1.754,90.0,192.837,270.0
3,Minneapolis,MN,45.0544701,-93.2787793,186189483,4,3946,5890,755362255515602,1004013476958895,737411194219954,746002916679650,14.02,14.02,1.416,1.165,0.0,90.0,224.546,228.973
4,Minneapolis,MN,45.0549315,-93.2738317,1818275235,3,3947,5890,5031002660358476,351102753887285,124589353419387,150315614326677,8.154,12.142,7.788,4.187,9.764,81.943,238.511,241.922
5,Minneapolis,MN,45.0551717,-93.2734105,7157823478,3,3947,5890,561580829040856,625640965592870,751963432721303,1396248574233053,4.11,6.786,7.063,3.742,354.711,119.661,170.05,281.222
6,Minneapolis,MN,45.048172,-93.237227,186359982,3,3948,5890,926877959799641,3371976169645320,3371976169645320,2434632423621156,15.096,29.765,29.765,20.175,12.21,120.169,120.169,249.568
7,Minneapolis,MN,45.0491738,-93.2378624,8038708245,3,3948,5890,1824614378200792,917699377303903,1594297375047788,2137860786995953,19.949,12.057,16.911,10.731,345.948,82.661,189.68,272.376
8,Minneapolis,MN,45.0467654,-93.1490121,5901701247,3,3952,5890,1449450406844542,2442975469487151,966689772401898,903326895941329,9.823,23.387,30.515,4.819,6.446,102.955,182.064,324.19
9,Minneapolis,MN,45.0467654,-93.1487699,7625422832,3,3952,5890,4250275925301423,2442975469487151,966689772401898,1444394427176209,21.288,12.196,22.736,1.417,6.889,102.955,182.064,269.103
10,Minneapolis,MN,45.042528,-93.1062398,7814419697,3,3954,5890,176202827736051,299984468447592,538130464228622,257308676145339,4.025,4.003,16.659,11.085,52.526,81.301,178.962,282.814
11,Minneapolis,MN,45.0425308,-93.1069955,11951223144,4,3954,5890,525965458817708,1829792610513693,852828548950707,1845855005584100,15.02,6.991,20.03,20.133,355.671,90.0,128.177,270.954
12,Minneapolis,MN,45.0425995,-93.1069868,6568282816,3,3954,5890,525965458817708,1829792610513693,852828548950707,1845855005584100,9.537,2.545,16.542,12.869,355.671,90.0,128.177,270.954
13,Minneapolis,MN,45.0426308,-93.1071555,6568282814,3,3954,5890,525965458817708,496259521519239,852828548950707,1845855005584100,21.83,2.23,3.262,12.66,355.671,115.256,128.177,270.954
14,Minneapolis,MN,45.0426344,-93.1084952,187899492,3,3954,5890,174715314549753,461372565162776,135014445283688,2005438216260836,9.974,1.921,10.252,12.265,303.664,91.318,189.065,262.442
15,Minneapolis,MN,45.0426435,-93.1078601,5919573785,3,3954,5890,2998449150374896,490951035388827,333528808103168,775017236548056,12.175,4.283,16.93,8.746,59.595,79.111,239.904,261.063
16,Minneapolis,MN,45.042783,-93.1075573,11951223145,4,3954,5890,4160721983984136,472473477394428,329744885241175,329744885241175,3.061,3.24,6.324,6.324,54.715,71.504,233.425,233.425
17,Minneapolis,MN,45.0428203,-93.1075211,6568282812,3,3954,5890,273077697853548,1392254297823780,974481366695479,329744885241175,10.847,5.312,7.575,8.061,15.424,99.86,219.894,233.425
18,Minneapolis,MN,45.0429998,-93.1070904,6568282822,3,3954,5890,810158513242575,765546910814415,519674709461156,1845855005584100,18.201,21.511,25.03,32.56,27.035,31.89,207.921,270.954
19,Minneapolis,MN,45.0432416,-93.1071919,6568239593,3,3954,5890,469049650833476,469049650833476,4000140430076348,207384997664265,3.609,3.609,7.083,7.128,37.034,37.034,206.394,212.34
20,Minneapolis,MN,45.0432706,-93.106507,6568148007,3,3954,5890,165083265618948,509160246880754,537985074030161,286608753115251,7.329,11.323,5.46,29.097,5.286,74.775,180.44,251.449
21,Minneapolis,MN,45.0433153,-93.1065531,7524781197,3,3954,5890,1258412424555455,297676348689090,537985074030161,286608753115251,11.233,5.799,3.183,23.173,3.79,74.775,180.44,251.449
22,Minneapolis,MN,45.0435083,-93.1065287,6568127725,3,3954,5890,304852387873088,509160246880754,767423330814085,968037870635711,11.288,15.567,4.088,7.671,6.561,74.775,188.51,245.662
23,Minneapolis,MN,45.0435112,-93.1061268,6568148011,3,3954,5890,252881423262500,3668157106629164,1886204891546600,4006457612722762,18.964,33.469,27.336,32.549,13.576,51.99,190.533,238.552
24,Minneapolis,MN,45.0435459,-93.1064733,6568147997,3,3954,5890,528664248129575,509160246880754,1886204891546600,4006457612722762,7.129,20.488,2.728,5.874,9.416,74.775,190.533,238.552
25,Minneapolis,MN,45.0452585,-93.1063953,6568127719,3,3954,5890,1196440554191847,1051649743781551,803612540264105,959372011498222,2.707,34.403,8.193,14.497,0.0,129.915,180.0,310.077
26,Minneapolis,MN,45.0455944,-93.1061814,6568144483,3,3954,5890,875079096407943,878318412721459,1175678236203164,322816879236041,14.123,7.645,25.091,34.078,20.432,69.661,175.353,286.739
27,Minneapolis,MN,45.0456518,-93.1064916,6568144479,3,3954,5890,186817289965625,3762519787180591,739649066687838,305876494439836,16.569,3.51,1.381,29.794,26.611,105.984,174.079,269.417
28,Minneapolis,MN,45.0458723,-93.1060756,6568147992,3,3954,5890,154733396601268,878318412721459,292558765864770,4150086351704917,2.387,26.313,34.65,4.027,350.144,69.661,178.469,302.534
29,Minneapolis,MN,45.0459243,-93.1064231,7814419590,3,3954,5890,379143283349080,481366146308224,531864151321699,305876494439836,30.107,29.383,4.195,6.243,355.747,99.24,206.028,269.417
30,Minneapolis,MN,45.0467993,-93.1061958,6568148019,3,3954,5890,149675577125631,316917749948818,160039702793443,1938041076347804,15.745,12.208,22.133,23.618,6.45,87.593,171.184,267.948
31,Minneapolis,MN,45.0468002,-93.1064885,6568148025,3,3954,5890,149675577125631,299563484992109,155480296539209,4050490185039224,7.568,14.403,3.657,28.508,6.45,76.088,159.427,275.512
32,Minneapolis,MN,45.04684,-93.1061425,6568148027,3,3954,5890,149675577125631,316917749948818,160039702793443,1938041076347804,20.799,8.378,28.043,19.207,6.45,87.593,171.184,267.948
33,Minneapolis,MN,45.0468412,-93.1065413,6568148024,3,3954,5890,149675577125631,838649200391500,1410277026000102,783858379190189,13.147,7.483,3.732,23.522,6.45,119.752,157.282,253.647
34,Minneapolis,MN,45.0469996,-93.1061232,6568148030,3,3954,5890,392614521827680,1132164363920039,913651562747737,168482965194765,18.065,10.15,34.029,1.906,356.2,87.829,201.431,267.651
35,Minneapolis,MN,45.0470461,-93.106166,6568148031,3,3954,5890,392614521827680,316917749948818,1415089722159547,1938041076347804,14.229,15.339,30.468,3.946,356.2,87.593,194.213,267.948
36,Minneapolis,MN,45.0470471,-93.1065154,6568148016,3,3954,5890,392614521827680,816942349230482,913651562747737,1153999068412339,13.292,20.871,11.227,5.464,356.2,95.135,201.431,238.169
37,Minneapolis,MN,45.0470803,-93.1064546,6568148015,3,3954,5890,392614521827680,299563484992109,913651562747737,4050490185039224,9.707,23.588,8.373,15.562,356.2,76.088,201.431,275.512
38,Minneapolis,MN,45.0498692,-93.1150079,314795151,3,3954,5890,141719211905068,3489710167797357,3489710167797357,141719211905068,23.836,13.411,13.411,23.836,316.0,135.383,135.383,316.0
39,Minneapolis,MN,45.0472449,-93.064918,10672277208,3,3956,5890,772361005272888,1891545415574888,2157480164761518,1134163908853618,9.979,19.113,30.673,17.9,335.362,36.913,220.068,264.949
40,Minneapolis,MN,45.0473482,-93.0646384,10672277206,3,3956,5890,772361005272888,3230863297068854,2157480164761518,1134163908853618,17.106,22.711,8.217,7.053,335.362,58.321,220.068,264.949
41,Minneapolis,MN,45.0475645,-93.061814,5967794366,3,3956,5890,1772572706712106,1348611996683476,537688502734660,1306691264404431,5.842,33.494,8.147,14.146,317.158,89.114,200.228,268.847
42,Minneapolis,MN,45.0477795,-93.0642449,2167490554,3,3956,5890,1095977775414833,1095977775414833,2265845450542678,3339376296219889,2.791,2.791,23.321,26.213,59.425,59.425,160.248,262.6
43,Minneapolis,MN,45.0477844,-93.0616102,5967794369,3,3956,5890,750071687804742,1270123457547984,1340736227525140,1340736227525140,32.7,27.705,4.442,4.442,0.338,85.627,219.947,219.947
44,Minneapolis,MN,45.0478303,-93.0636744,8267539750,3,3956,5890,3716542365315352,1058152182969495,1419555449333750,652305364574483,13.621,12.772,1.653,24.512,355.249,86.827,163.616,240.791
45,Minneapolis,MN,45.0501976,-93.0453466,7463882609,4,3957,5890,1505149314070956,1881384696113846,844657461442106,4339668512985354,32.52,33.389,29.64,31.876,10.379,65.194,182.697,252.167
46,Minneapolis,MN,45.0503252,-93.0453464,187858823,4,3957,5890,1505149314070956,1620098308975884,844657461442106,694526293241873,19.573,26.27,15.482,19.235,10.379,92.252,182.697,245.754
47,Minneapolis,MN,45.0371325,-93.3188283,5795540694,4,3944,5891,1324084952287128,1508126170328127,855173583862052,25045688241726499,8.365,1.879,32.357,11.182,338.323,85.333,229.666,279.638
48,Minneapolis,MN,45.037412,-93.3180903,12766716099,3,3944,5891,2086475418823270,857095867260113,1167325692156505,2264391413974301,19.686,5.822,27.019,19.034,346.746,93.115,228.509,273.0
49,Minneapolis,MN,45.0313687,-93.2887553,8032877647,3,3946,5891,4234631423448757,614458384791549,2929073470611478,1432227327929325,21.21,29.625,9.854,30.087,353.642,91.56,179.489,265.069
50,Minneapolis,MN,45.0354206,-93.275769,33372707,3,3946,5891,1061366324512878,624770345505754,512333803994466,509205941007715,2.035,27.97,20.406,26.691,7.615,70.516,186.829,270.0
51,Minneapolis,MN,45.0357691,-93.1967451,13673843987,4,3950,5891,465701194688350,2877491535802464,798963567680907,2561845707445003,12.892,13.097,20.601,31.911,46.847,96.545,173.283,210.493
52,Minneapolis,MN,45.0357693,-93.1968324,1443368632,3,3950,5891,465701194688350,844735316118990,798963567680907,2561845707445003,13.228,12.731,18.606,31.12,46.847,96.545,173.283,210.493
53,Minneapolis,MN,45.0334645,-93.1656403,187880055,3,3951,5891,853585781899252,197776615504377,4151598354900740,4151598354900740,20.641,25.344,3.389,3.389,28.0,30.47,213.19,213.19
54,Minneapolis,MN,45.0362026,-93.162539,187908850,3,3952,5891,318355759685718,318355759685718,776502459734865,776502459734865,20.452,20.452,6.059,6.059,40.5,40.5,220.44,220.44
55,Minneapolis,MN,45.0277432,-93.1376612,187855411,3,3953,5891,358934792376494,358934792376494,1268950566877707,1268950566877707,3.16,3.16,30.022,30.022,41.56,41.56,221.74,221.74
56,Minneapolis,MN,45.028517,-93.1367281,187863563,3,3953,5891,426201918746364,139758491644635,898067567465504,1046104276132514,0.993,7.784,4.743,23.483,26.6,30.93,202.82,219.36
57,Minneapolis,MN,45.0273318,-93.1056967,7651211272,4,3954,5891,154950416593941,805057947104204,1451161271899113,533193618036876,3.476,10.63,19.277,18.39,47.093,96.243,211.081,270.412
58,Minneapolis,MN,45.0273329,-93.1059662,11853047658,3,3954,5891,471470823929559,4379058412104536,184732310190535,533193618036876,15.292,4.689,21.288,24.51,0.0,88.343,176.684,270.412
59,Minneapolis,MN,45.0273338,-93.1061673,187927911,3,3954,5891,471470823929559,380531799895107,184732310190535,1451161271899113,9.994,4.638,8.095,31.772,0.0,44.96,176.684,211.081
60,Minneapolis,MN,45.0274854,-93.1056922,8295854780,3,3954,5891,2502633263216454,339325674287397,1451161271899113,533193618036876,10.134,12.845,10.134,4.712,1.31,107.865,211.081,270.412
61,Minneapolis,MN,45.0405917,-93.1062797,5919573800,3,3954,5891,3388905011342973,152613316816314,391662418601992,306547537717905,6.061,6.082,7.407,9.381,350.346,75.978,177.303,273.766
62,Minneapolis,MN,45.0409068,-93.1062803,8295471699,3,3954,5891,336098964517196,214444326875079,3034603196821904,306547537717905,1.18,33.365,6.987,32.569,358.181,37.434,180.293,273.766
63,Minneapolis,MN,45.0411026,-93.1006004,7814419510,3,3954,5891,817041209227653,812185813038332,525838292129374,495310238282001,9.003,12.703,4.741,8.149,356.807,100.686,167.885,306.625
64,Minneapolis,MN,45.0415613,-93.1062817,187953384,3,3954,5891,517090065980715,228817939045184,498942861235045,2812569419004360,5.154,26.131,8.584,27.814,357.085,94.759,178.639,261.063
65,Minneapolis,MN,45.0423761,-93.1063765,9889813512,3,3954,5891,948942202520213,312501620411503,616787909237563,257308676145339,3.216,9.492,5.325,31.072,3.466,37.389,178.314,282.814
66,Minneapolis,MN,45.0297294,-93.032452,7628564142,3,3957,5891,550975046556747,1409207177355550,1409207177355550,2321460611644583,7.059,33.129,33.129,27.857,0.0,121.807,121.807,255.679
67,Minneapolis,MN,45.0299764,-93.0326129,1404224947,3,3957,5891,691468526072502,1409207177355550,1409207177355550,788743233821913,3.628,29.949,29.949,17.303,0.0,121.807,121.807,272.538
68,Minneapolis,MN,45.0282589,-93.0308203,4974096870,4,3958,5891,165985479720647,899355902941806,1275914631088367,1169630071783233,6.903,11.796,31.503,4.6,0.0,53.508,216.497,275.376
69,Minneapolis,MN,45.0286864,-93.0306165,580332145,3,3958,5891,976664100186418,725758860505008,906564581991575,1606739487272507,8.59,26.54,18.383,10.091,0.0,103.949,183.947,261.137
70,Minneapolis,MN,45.028872,-93.0316774,7628564149,3,3958,5891,178613857923952,2118748255316763,4562627880636999,1617915769409499,2.333,11.181,21.543,34.269,0.0,90.975,187.537,277.833
71,Minneapolis,MN,45.0288754,-93.0314453,7628564151,3,3958,5891,6102845113129843,779391234583542,4562627880636999,4246621368921043,1.59,5.578,5.46,13.308,0.0,90.975,187.537,234.722
72,Minneapolis,MN,45.0288791,-93.0311848,7628564153,3,3958,5891,513990607183729,779391234583542,896753243275410,4246621368921043,3.314,15.448,10.01,14.236,0.0,90.975,160.92,234.722
73,Minneapolis,MN,45.028882,-93.030987,580332156,3,3958,5891,182642094183282,725758860505008,906564581991575,1562203891517410,0.65,10.34,17.976,21.914,0.0,103.949,183.947,257.868
74,Minneapolis,MN,45.0288827,-93.0309396,6851562559,3,3958,5891,182642094183282,725758860505008,906564581991575,1562203891517410,3.798,8.67,15.131,18.391,0.0,103.949,183.947,257.868
75,Minneapolis,MN,45.0288852,-93.0304777,580332154,3,3958,5891,561911275783917,725758860505008,906564581991575,1562203891517410,16.984,34.8,27.456,20.042,0.0,103.949,183.947,257.868
76,Minneapolis,MN,45.0288854,-93.0307455,7504954038,3,3958,5891,1207820016713517,725758860505008,906564581991575,1562203891517410,2.682,15.315,11.505,6.797,0.0,103.949,183.947,257.868
77,Minneapolis,MN,45.0288872,-93.0306194,580332155,4,3958,5891,561911275783917,725758860505008,906564581991575,1562203891517410,5.995,24.242,17.866,10.296,0.0,103.949,183.947,257.868
78,Minneapolis,MN,45.0288967,-93.0272313,1508180527,4,3958,5891,3533804600249471,936736438315000,986797099739062,980128977564575,21.119,16.768,26.993,30.553,9.844,89.705,147.499,211.353
79,Minneapolis,MN,45.028906,-93.0270042,1508180461,3,3958,5891,817863647223150,817863647223150,986797099739062,675946185106147,10.974,10.974,23.455,26.195,33.219,33.219,147.499,327.788
80,Minneapolis,MN,45.0289226,-93.0268078,1508199647,3,3958,5891,817863647223150,817863647223150,986797099739062,675946185106147,15.443,15.443,29.501,22.264,33.219,33.219,147.499,327.788
81,Minneapolis,MN,45.028973,-93.026826,1508199664,4,3958,5891,817863647223150,817863647223150,986797099739062,675946185106147,11.711,11.711,24.679,16.493,33.219,33.219,147.499,327.788
82,Minneapolis,MN,45.0290223,-93.0278072,1508210740,3,3958,5891,1805670926579275,2004507193363014,1826423611479880,980128977564575,25.782,4.846,12.886,28.025,0.0,69.127,202.898,211.353
83,Minneapolis,MN,45.0292403,-93.0280093,1508210752,3,3958,5891,1001648671581167,1348619356329981,1348619356329981,1171201574389499,8.836,21.178,21.178,33.115,0.0,143.654,143.654,227.296
84,Minneapolis,MN,45.0294242,-93.0280079,1508210737,3,3958,5891,1001648671581167,991200726498060,1348619356329981,1171201574389499,12.304,22.332,17.134,24.742,0.0,91.432,143.654,227.296
85,Minneapolis,MN,45.0295986,-93.0280065,1508210728,3,3958,5891,1499836574273421,991200726498060,1368518090995267,1171201574389499,28.284,13.286,25.5,30.416,0.0,91.432,182.623,227.296
86,Minneapolis,MN,45.0296885,-93.027546,1508199706,3,3958,5891,1147554470370223,991200726498060,4018980248314654,2113915729057680,9.595,25.683,8.086,13.703,309.553,91.432,163.191,270.212
87,Minneapolis,MN,45.0296894,-93.0277937,1508199732,3,3958,5891,1499836574273421,991200726498060,1318125972583433,1147554470370223,27.158,12.084,3.185,17.322,0.0,91.432,204.368,309.553
88,Minneapolis,MN,45.0297313,-93.0322035,7628564145,3,3958,5891,578657000555194,1409207177355550,1409207177355550,1450355699969815,7.503,28.134,28.134,22.585,0.0,121.807,121.807,285.589
89,Minneapolis,MN,45.0297333,-93.0319463,7628564147,3,3958,5891,559327708930471,941282348401401,941282348401401,1450355699969815,4.291,34.097,34.097,22.863,0.0,147.996,147.996,285.589
90,Minneapolis,MN,45.0297352,-93.0317094,7628564148,3,3958,5891,728519985085166,941282348401401,941282348401401,1547434482988148,4.703,33.27,33.27,20.47,0.0,147.996,147.996,279.229
91,Minneapolis,MN,45.0302853,-93.0313642,7244592754,3,3958,5891,3055423644753412,26031553369789117,26031553369789117,1238040025170321,1.489,15.423,15.423,17.287,0.0,141.32,141.32,260.881
92,Minneapolis,MN,45.0304139,-93.0315862,7239103517,3,3958,5891,1203453360374414,26031553369789117,1275845414483317,908909065057572,11.556,27.802,32.727,31.613,0.0,141.32,177.899,263.003
93,Minneapolis,MN,45.0304179,-93.0313675,2180429382,3,3958,5891,934821687710646,26031553369789117,26031553369789117,1238040025170321,1.921,10.956,10.956,31.934,0.0,141.32,141.32,260.881
94,Minneapolis,MN,45.0311948,-93.0316083,7239103516,3,3958,5891,900199681056683,1221220829830287,2613848212333835,2613848212333835,1.06,22.549,4.785,4.785,0.0,143.907,232.249,232.249
95,Minneapolis,MN,45.011908,-93.2848079,8174664675,4,3946,5892,1164101515686292,794063543428422,1831486634428142,1831486634428142,21.48,11.021,21.124,21.124,15.098,86.071,220.295,220.295
96,Minneapolis,MN,45.0120432,-93.2850189,8174664673,4,3946,5892,1164101515686292,794063543428422,1831486634428142,1831486634428142,34.692,13.148,21.782,21.782,15.098,86.071,220.295,220.295
97,Minneapolis,MN,45.0120502,-93.2848097,8174664674,4,3946,5892,1164101515686292,794063543428422,1831486634428142,1831486634428142,18.536,7.118,6.675,6.675,15.098,86.071,220.295,220.295
98,Minneapolis,MN,45.0128676,-93.2817316,12923708974,4,3946,5892,1547742956240473,1328403825546105,308223030708692,826546838290679,5.436,21.127,10.952,29.419,0.968,82.752,177.913,272.25
99,Minneapolis,MN,45.0130122,-93.2819644,10110035133,3,3946,5892,1974241706687202,1328403825546105,487135972484142,1450314638653819,13.436,20.642,7.002,23.523,1.832,82.752,181.664,253.08
100,Minneapolis,MN,45.0130163,-93.2817104,12889065258,3,3946,5892,2781538275373750,1328403825546105,487135972484142,826546838290679,5.442,4.522,13.009,14.891,9.79,82.752,181.664,272.25
101,Minneapolis,MN,45.0130237,-93.281719,10110035130,3,3946,5892,2781538275373750,1328403825546105,487135972484142,826546838290679,4.931,3.772,12.341,14.877,9.79,82.752,181.664,272.25
102,Minneapolis,MN,45.0132026,-93.2817351,10110035128,3,3946,5892,2781538275373750,1328403825546105,179505840620110,1450314638653819,21.537,16.318,11.707,8.335,9.79,82.752,207.335,253.08
103,Minneapolis,MN,45.0132094,-93.2819673,10110035134,3,3946,5892,330059341815952,1328403825546105,487135972484142,1450314638653819,25.283,26.417,22.355,21.76,0.862,82.752,181.664,253.08
104,Minneapolis,MN,45.0132119,-93.2817321,12889065259,3,3946,5892,2781538275373750,1328403825546105,179505840620110,1450314638653819,22.595,17.319,12.732,9.315,9.79,82.752,207.335,253.08
105,Minneapolis,MN,45.0239995,-93.2866401,12883640250,4,3946,5892,150705190354198,4001547316603222,479159299996851,323125032824200,11.188,5.492,6.391,2.903,12.881,52.342,174.565,271.013
106,Minneapolis,MN,45.0240039,-93.2864387,12883633633,4,3946,5892,830388897830326,198584508771834,479159299996851,136799245164284,6.223,9.484,11.788,5.315,342.009,91.066,174.565,269.474
107,Minneapolis,MN,45.012109,-93.2475367,12810671593,4,3948,5892,751587780725465,2691070564572152,161100762643255,1526653552033614,12.96,13.39,5.848,13.39,0.907,46.68,180.32,270.0
108,Minneapolis,MN,45.0121191,-93.2471811,12807989066,4,3948,5892,591959273899773,2691070564572152,1250476163230736,261381153543233,8.309,15.664,15.26,6.749,0.248,46.68,199.472,281.937
109,Minneapolis,MN,45.0122425,-93.2475342,12810671600,3,3948,5892,1236323921013528,2691070564572152,150930763717763,202115591752751,13.117,22.253,5.867,4.099,1.096,46.68,181.42,276.278
110,Minneapolis,MN,45.0122466,-93.2471769,12807989067,3,3948,5892,523133750865805,2691070564572152,150930763717763,639880227998823,7.323,24.172,22.61,8.154,359.896,46.68,181.42,282.937
111,Minneapolis,MN,45.0122564,-93.247534,11050349536,3,3948,5892,1236323921013528,2691070564572152,378637293571450,202115591752751,13.546,23.528,6.536,4.983,1.096,46.68,181.02,276.278
112,Minneapolis,MN,45.0122581,-93.247177,12810671599,3,3948,5892,523133750865805,2691070564572152,378637293571450,3525055424401349,7.377,25.169,22.721,9.571,359.896,46.68,181.02,274.937
113,Minneapolis,MN,45.0130808,-93.2471647,13277975996,3,3948,5892,1386988305658593,758751496492467,1864415507792527,837211524781988,5.748,14.426,14.771,6.725,2.021,90.0,180.0,277.937
114,Minneapolis,MN,45.0130872,-93.2475283,11068067754,3,3948,5892,748444217835404,1122078672749012,4499263600118455,1374411314304765,15.868,10.362,7.5,15.112,0.509,87.985,186.276,273.238
115,Minneapolis,MN,45.0130946,-93.2471832,11061179451,3,3948,5892,1023516453071459,758751496492467,1864415507792527,1487954492006306,4.796,13.634,13.676,4.794,359.641,90.0,180.0,278.937
116,Minneapolis,MN,45.0132398,-93.2471794,11061179449,3,3948,5892,1780732739171401,1181057074043918,1864415507792527,2556062738033214,5.656,17.856,24.024,2.767,357.703,66.729,180.0,270.26
117,Minneapolis,MN,45.0132514,-93.2475325,12806838666,4,3948,5892,3130647147094123,1122078672749012,836563827210241,289772416064180,16.214,8.503,13.796,19.643,359.756,87.985,197.073,260.95
118,Minneapolis,MN,45.0132589,-93.2471809,12806838669,3,3948,5892,1710783549832289,687082057069617,836563827210241,2556062738033214,6.229,22.757,21.463,4.85,357.703,83.533,197.073,270.26
119,Minneapolis,MN,45.0140398,-93.2471865,6884796885,4,3948,5892,1219350543241506,2200313153803562,708919432024285,631354558897620,7.422,28.518,32.578,7.316,358.84,100.033,165.335,277.937
120,Minneapolis,MN,45.0140447,-93.246846,6884746984,3,3948,5892,1219350543241506,1261370439116439,1857367408376774,722147676952005,34.188,21.096,16.492,21.461,358.84,92.86,177.471,270.547
121,Minneapolis,MN,45.0142204,-93.2475059,11050349554,4,3948,5892,1212451139209138,847732234344339,5527153247326210,687604993397863,0.916,30.205,34.31,10.804,3.179,78.694,125.18,292.937
122,Minneapolis,MN,45.0142226,-93.2471881,11061179481,4,3948,5892,719670050623409,1199549491088730,708919432024285,1234582075093820,7.303,19.289,15.688,2.89,358.84,86.223,165.335,272.287
123,Minneapolis,MN,45.0142227,-93.247046,7340573731,3,3948,5892,719670050623409,2200313153803562,708919432024285,778878551425227,18.46,7.429,9.999,2.943,358.84,100.033,165.335,271.396
124,Minneapolis,MN,45.0142238,-93.2468328,7340573735,3,3948,5892,765492452912231,1261370439116439,622230790802968,722147676952005,27.984,2.135,3.597,2.033,23.52,92.86,173.678,270.547
125,Minneapolis,MN,45.0144141,-93.2471898,11061179480,4,3948,5892,1388824818921608,3160955017408911,1097701098933388,1052197415968056,6.771,2.496,8.611,9.173,8.7,91.013,166.528,266.937
126,Minneapolis,MN,45.014415,-93.247046,7340573732,3,3948,5892,2100157107062758,1781329172488659,1097701098933388,1314026423775400,19.542,1.347,3.333,18.705,359.759,90.524,166.528,273.202
127,Minneapolis,MN,45.0144165,-93.2468336,7340573734,3,3948,5892,788470510430365,2359677637752055,1233891348250306,722147676952005,4.009,5.979,5.241,20.089,33.733,87.946,171.47,270.547
128,Minneapolis,MN,45.0144637,-93.2475049,11050349555,4,3948,5892,1189131968215231,5527153247326210,5527153247326210,870057497838980,8.743,7.47,7.47,16.211,342.586,125.18,125.18,267.937
129,Minneapolis,MN,45.0148991,-93.2490117,13295494990,3,3948,5892,696914302488402,754558086502508,610027631343837,152159287967880,9.097,9.097,13.657,9.865,1.938,30.938,184.938,242.938
130,Minneapolis,MN,45.0149,-93.2492332,13295494981,3,3948,5892,1337177150253949,754558086502508,349408970776835,2300427923476330,8.682,9.322,2.971,7.532,357.938,30.938,181.938,298.938
131,Minneapolis,MN,45.0149111,-93.2490286,13295494992,3,3948,5892,696914302488402,754558086502508,610027631343837,152159287967880,7.442,7.442,12.07,8.816,1.938,30.938,184.938,242.938
132,Minneapolis,MN,45.014912,-93.2492162,13295494980,3,3948,5892,1337177150253949,754558086502508,330499206056740,2300427923476330,6.968,7.679,0.838,5.77,357.938,30.938,174.938,298.938
133,Minneapolis,MN,45.0150146,-93.2490323,13295494993,3,3948,5892,696914302488402,754558086502508,610027631343837,152159287967880,12.006,12.006,14.901,4.1,1.938,30.938,184.938,242.938
134,Minneapolis,MN,45.0150172,-93.249215,13295494979,3,3948,5892,1337177150253949,754558086502508,610027631343837,2300427923476330,11.679,12.51,10.047,11.017,357.938,30.938,184.938,298.938
135,Minneapolis,MN,45.0150352,-93.2490105,13295494994,3,3948,5892,696914302488402,754558086502508,610027631343837,152159287967880,14.866,14.866,17.688,5.433,1.938,30.938,184.938,242.938
136,Minneapolis,MN,45.0150403,-93.2492319,13295494977,3,3948,5892,1337177150253949,754558086502508,610027631343837,2300427923476330,14.554,15.373,12.895,13.908,357.938,30.938,184.938,298.938
137,Minneapolis,MN,45.0203781,-93.2372425,12077749739,4,3948,5892,357813142435178,24747473668179351,1367531640295886,906572170191572,23.989,4.807,6.253,8.655,339.97,89.376,182.22,271.38
138,Minneapolis,MN,45.0203824,-93.2370073,12077749752,4,3948,5892,357813142435178,804801755333215,1367531640295886,160273906051991,25.19,5.507,12.326,7.474,339.97,89.376,182.22,268.42
139,Minneapolis,MN,45.0203965,-93.2318519,9308343741,3,3948,5892,1124708811366252,1271488511420609,130081262529317,318267156590262,10.054,5.444,6.549,10.221,325.12,88.037,145.05,271.44
140,Minneapolis,MN,45.0203966,-93.2321064,11232979083,3,3948,5892,1161892104279862,1449210359465631,1044289062946416,114118994077298,18.588,4.979,27.259,6.137,321.23,88.877,168.028,271.14
141,Minneapolis,MN,45.020518,-93.237346,12077806000,4,3948,5892,183773833752165,1941600523365165,952111792222933,906572170191572,19.303,10.76,18.401,20.044,350.29,89.854,190.32,271.38
142,Minneapolis,MN,45.0205284,-93.2319696,11232979075,3,3948,5892,1161892104279862,1500615287496557,1044289062946416,1128419384333630,6.878,9.387,9.119,4.749,321.23,88.037,168.028,271.28
143,Minneapolis,MN,45.0205285,-93.2370094,12077749722,4,3948,5892,183773833752165,804801755333215,952111792222933,887522898757706,14.152,12.363,18.193,8.559,350.29,89.376,190.32,267.12
144,Minneapolis,MN,45.0205285,-93.232105,11232979079,4,3948,5892,2897166897264543,1449210359465631,1044289062946416,114118994077298,8.873,9.898,17.122,8.565,300.41,88.877,168.028,271.14
145,Minneapolis,MN,45.0205298,-93.2313406,11232979087,4,3948,5892,501331667686385,1132150797394998,527438518395164,505489643837127,29.329,6.348,34.131,5.647,325.98,90.923,143.68,266.97
146,Minneapolis,MN,45.0205329,-93.2372296,11064084754,4,3948,5892,357813142435178,24747473668179351,952111792222933,906572170191572,8.318,12.436,14.492,15.317,339.97,89.376,190.32,271.38
147,Minneapolis,MN,45.020707,-93.2321058,11232979078,3,3948,5892,2897166897264543,1404875783357244,329397258577430,1128419384333630,21.877,16.289,7.403,26.802,300.41,144.462,151.82,271.28
148,Minneapolis,MN,45.0207201,-93.237334,8034627085,3,3948,5892,228603922171905,1781482419141288,321566256276276,1006814556724293,15.121,32.675,33.085,22.891,2.79,89.854,213.2,329.66
149,Minneapolis,MN,45.0207218,-93.2372253,12077749756,4,3948,5892,228603922171905,24747473668179351,984432672294669,1006814556724293,6.591,33.437,32.939,18.591,2.79,89.376,198.42,329.66
150,Minneapolis,MN,45.0256662,-93.2475288,11060811771,4,3948,5892,181370521024890,2098222290378602,164736756081702,1444110706066624,22.015,1.09,21.681,21.605,0.0,85.126,180.0,270.0
151,Minneapolis,MN,45.0257817,-93.2475329,3940450664,4,3948,5892,801189304596548,2098222290378602,164736756081702,1444110706066624,27.516,13.442,26.664,27.41,0.0,85.126,180.0,270.0
152,Minneapolis,MN,45.025818,-93.2479241,7369163303,3,3948,5892,1236625310421197,293110169680621,164736756081702,752047519280731,22.371,22.168,22.548,23.141,357.869,83.276,180.0,270.0
153,Minneapolis,MN,45.0164957,-93.2171099,1895592457,4,3949,5892,179169070773590,190005936462124,190005936462124,179169070773590,24.345,11.071,11.071,24.345,327.29,142.39,142.39,327.29
154,Minneapolis,MN,45.0166195,-93.2171016,6579198552,3,3949,5892,141893221255355,531275058052403,531275058052403,862361347690768,16.922,3.608,3.608,16.959,327.48,142.42,142.42,326.92
155,Minneapolis,MN,45.0166749,-93.2171788,6579198558,4,3949,5892,319574029573406,826007214719844,826007214719844,319574029573406,18.093,3.48,3.48,18.093,327.76,142.74,142.74,327.76
156,Minneapolis,MN,45.0167292,-93.2171443,1315550824,3,3949,5892,319574029573406,1751302875031319,1751302875031319,912780989271692,12.952,3.888,3.888,12.721,327.76,142.51,142.51,325.91
157,Minneapolis,MN,45.0167808,-93.2173042,6579198556,4,3949,5892,2931455003646307,920184955497371,920184955497371,305303861199220,19.616,3.768,3.768,19.23,326.29,142.09,142.09,323.6
158,Minneapolis,MN,45.0168171,-93.2169144,6579188619,3,3949,5892,319574029573406,826007214719844,826007214719844,912780989271692,8.119,22.634,22.634,7.953,327.76,142.74,142.74,325.91
159,Minneapolis,MN,45.0168363,-93.2170701,1895592481,3,3949,5892,478664310085432,587012595601901,1751302875031319,478664310085432,0.998,14.41,14.418,0.998,325.39,142.27,142.51,325.39
160,Minneapolis,MN,45.0168514,-93.217258,34502251,4,3949,5892,317058213366224,524048835610211,524048835610211,222324002662148,12.039,3.985,3.985,12.298,324.39,141.91,141.91,322.02
161,Minneapolis,MN,45.0168559,-93.2173966,6579198551,3,3949,5892,222324002662148,361542878640160,361542878640160,553063315693848,19.303,5.403,5.403,27.529,322.02,141.38,141.38,283.563
162,Minneapolis,MN,45.0168738,-93.2176524,12642049708,4,3949,5892,820788475522878,495855378384380,495855378384380,820788475522878,34.079,20.986,20.986,34.079,320.54,140.6,140.6,320.54
163,Minneapolis,MN,45.0168751,-93.2174676,13674218310,3,3949,5892,1372065653175937,300185665147536,300185665147536,553063315693848,22.411,8.833,8.833,28.35,322.78,141.16,141.16,283.563
164,Minneapolis,MN,45.0168845,-93.2176002,1895592483,4,3949,5892,820788475522878,3016458458591790,3016458458591790,553063315693848,30.148,17.35,17.35,34.679,320.54,141.24,141.24,283.563
165,Minneapolis,MN,45.0169322,-93.2173519,6579198554,4,3949,5892,1372065653175937,214248887062982,214248887062982,553063315693848,11.329,2.45,2.45,18.347,322.78,141.27,141.27,283.563
166,Minneapolis,MN,45.0169434,-93.2169989,6579198560,4,3949,5892,2931455003646307,523457075669873,201846421629041,305303861199220,11.065,26.261,22.873,10.823,326.29,141.65,221.991,323.6
167,Minneapolis,MN,45.0169444,-93.2171921,1895592485,3,3949,5892,222324002662148,361542878640160,523457075669873,222324002662148,0.798,13.451,13.432,0.798,322.02,141.38,141.65,322.02
168,Minneapolis,MN,45.0170647,-93.2171122,6579198561,4,3949,5892,1372065653175937,3016458458591790,201846421629041,464497524655136,12.72,25.947,7.28,6.193,322.78,141.24,221.991,249.21
169,Minneapolis,MN,45.0170721,-93.2176729,13674218308,4,3949,5892,181615713844662,2835521226712486,2835521226712486,471763887271909,20.576,6.963,6.963,21.129,320.53,139.77,139.77,305.232
170,Minneapolis,MN,45.0170746,-93.2177374,13674218305,3,3949,5892,181615713844662,173013804784171,173013804784171,471763887271909,24.093,10.338,10.338,25.468,320.53,139.53,139.53,305.232
171,Minneapolis,MN,45.0171489,-93.2172037,11802533994,3,3949,5892,820788475522878,3016458458591790,201846421629041,464497524655136,12.798,26.865,6.767,6.587,320.54,141.24,221.991,249.21
172,Minneapolis,MN,45.0174462,-93.2182219,6579198532,4,3949,5892,497470948102734,2107761002699612,2107761002699612,265766251900145,23.144,11.333,11.333,24.449,328.136,136.82,136.82,268.265
173,Minneapolis,MN,45.0176711,-93.2178853,6579198546,4,3949,5892,497470948102734,956641575087268,956641575087268,312186967026885,13.335,24.888,24.888,10.637,328.136,137.05,137.05,316.94
174,Minneapolis,MN,45.0176791,-93.2181023,1895592571,4,3949,5892,2903729726622718,205969021382008,205969021382008,476832103607481,0.911,12.171,12.171,5.786,314.41,136.15,136.15,287.939
175,Minneapolis,MN,45.0176795,-93.2186105,12807880806,3,3949,5892,226205922192797,859134521691889,296847725265109,265766251900145,27.469,16.878,16.964,27.662,311.76,133.58,218.141,268.265
176,Minneapolis,MN,45.0176833,-93.2178372,6579198545,3,3949,5892,312186967026885,956641575087268,956641575087268,312186967026885,14.211,28.299,28.299,14.211,316.94,137.05,137.05,316.94
177,Minneapolis,MN,45.0176853,-93.2185531,6579198542,4,3949,5892,1424461271252917,859134521691889,296847725265109,265766251900145,24.54,12.465,13.559,23.216,313.49,133.58,218.141,268.265
178,Minneapolis,MN,45.0177169,-93.2184766,12807880844,3,3949,5892,1424461271252917,859134521691889,859134521691889,265766251900145,17.854,5.567,5.567,18.054,313.49,133.58,133.58,268.265
179,Minneapolis,MN,45.0177244,-93.2181728,1895592574,4,3949,5892,283354686802020,1429171880808921,4088805451234624,265766251900145,0.385,13.091,13.092,9.514,315.0,135.49,135.6,268.265
180,Minneapolis,MN,45.017725,-93.218062,12807851651,3,3949,5892,2903729726622718,205969021382008,205969021382008,476832103607481,5.324,18.174,18.174,11.551,314.41,136.15,136.15,287.939
181,Minneapolis,MN,45.0177263,-93.2178557,11802533998,3,3949,5892,497470948102734,205969021382008,205969021382008,312186967026885,19.276,30.375,30.375,17.008,328.136,136.15,136.15,316.94
182,Minneapolis,MN,45.017766,-93.2181418,6579198536,4,3949,5892,3027580767470555,1219269578521479,1429171880808921,265766251900145,5.012,17.85,17.83,14.581,315.38,134.96,135.49,268.265
183,Minneapolis,MN,45.0178962,-93.2183399,6579198529,3,3949,5892,226205922192797,3563536170537397,3563536170537397,226205922192797,4.926,15.294,15.294,4.926,311.76,134.05,134.05,311.76
184,Minneapolis,MN,45.0179753,-93.2183079,6579198540,4,3949,5892,136570188498513,2683090001815178,2683090001815178,226205922192797,13.206,22.77,22.77,13.205,312.3,133.65,133.65,311.76
185,Minneapolis,MN,45.0180113,-93.2183105,6579198515,3,3949,5892,136570188498513,2683090001815178,2683090001815178,136570188498513,15.818,25.059,25.059,15.818,312.3,133.65,133.65,312.3
186,Minneapolis,MN,45.0183751,-93.2195498,9895410459,4,3949,5892,475844180171616,899826860565563,899826860565563,178794577362858,12.465,8.337,8.337,12.294,308.81,124.41,124.41,307.39
187,Minneapolis,MN,45.0185776,-93.2195092,34159963,4,3949,5892,222543969291313,522944032169482,522944032169482,222543969291313,8.114,13.43,13.43,8.114,304.54,123.56,123.56,304.54
188,Minneapolis,MN,45.0204468,-93.2125226,6579186556,4,3949,5892,1530884241658298,772196684122285,820736872195061,336068311375583,18.191,9.91,20.013,19.636,56.292,94.805,233.132,267.01
189,Minneapolis,MN,45.0204882,-93.2128051,6579186558,4,3949,5892,542159874323836,380884574174114,1121378548364113,820736872195061,32.003,6.539,5.904,5.26,7.323,90.837,230.053,233.132
190,Minneapolis,MN,45.0205287,-93.2123951,3894101390,4,3949,5892,1530884241658298,620779109256268,820736872195061,502996964458159,9.529,0.745,28.33,10.523,56.292,97.129,233.132,267.58
191,Minneapolis,MN,45.020587,-93.2128525,6579186557,4,3949,5892,542159874323836,776823911618588,820736872195061,154476366669768,28.292,2.331,10.683,4.423,7.323,88.342,233.132,267.7
192,Minneapolis,MN,45.0205881,-93.212632,33322901,5,3949,5892,1530884241658298,1487686262430101,820736872195061,219352399858749,14.02,3.397,12.312,3.602,56.292,87.622,233.132,266.89
193,Minneapolis,MN,45.0206494,-93.2128075,6579186551,4,3949,5892,542159874323836,1392811165772772,820736872195061,931661707612366,33.645,8.978,14.981,3.071,7.323,89.493,233.132,267.73
194,Minneapolis,MN,45.0206816,-93.212507,6579186562,4,3949,5892,1530884241658298,1043422624417275,820736872195061,783447382319374,9.627,9.627,26.543,5.674,56.292,66.536,233.132,267.01
195,Minneapolis,MN,45.0207656,-93.2128194,11155092209,4,3949,5892,1530884241658298,1392811165772772,820736872195061,931661707612366,33.862,21.848,27.789,15.95,56.292,89.493,233.132,267.73
196,Minneapolis,MN,45.0204955,-93.187362,1709611586,3,3950,5892,963833871106352,1917553892316296,676786231377277,774322386550472,11.677,2.756,6.751,11.601,358.934,117.879,173.264,269.47
197,Minneapolis,MN,45.0204957,-93.1874601,2090563870,4,3950,5892,2808788572672211,3083225428491963,645669001684934,1432092963821476,11.871,1.831,1.496,11.551,349.979,99.638,135.415,269.41
198,Minneapolis,MN,45.0204991,-93.1872071,1348070174,4,3950,5892,963833871106352,1917553892316296,676786231377277,775264496504955,1.598,14.33,6.165,11.316,358.934,117.879,173.264,270.02
199,Minneapolis,MN,45.0205005,-93.1870957,2090563868,4,3950,5892,963833871106352,1917553892316296,676786231377277,943380279816002,9.493,23.03,14.675,10.765,358.934,117.879,173.264,269.19
200,Minneapolis,MN,45.0206081,-93.1878508,1709611591,3,3950,5892,368028311314405,158301742911624,793401501300463,223923296013399,33.505,4.8,29.495,1.415,349.979,91.286,234.939,269.71
201,Minneapolis,MN,45.020611,-93.1872014,187885060,4,3950,5892,282875860148222,289705072874253,676786231377277,775264496504955,2.774,23.668,16.007,1.926,357.337,83.135,173.264,270.02
202,Minneapolis,MN,45.0206121,-93.1870994,2090563884,4,3950,5892,282875860148222,289705072874253,676786231377277,1221221858330925,9.495,31.542,20.562,1.416,357.337,83.135,173.264,269.04
203,Minneapolis,MN,45.0206124,-93.1873614,1709611593,4,3950,5892,368028311314405,289705072874253,676786231377277,4128081850612039,4.966,11.877,16.254,1.622,349.979,83.135,173.264,269.19
204,Minneapolis,MN,45.0206133,-93.1874626,2090563883,4,3950,5892,368028311314405,289705072874253,676786231377277,301179198336953,3.004,6.272,20.8,1.462,349.979,83.135,173.264,269.268
205,Minneapolis,MN,45.0206714,-93.1873569,1709611615,4,3950,5892,368028311314405,289705072874253,676786231377277,1622594078132226,8.581,16.304,22.333,5.723,349.979,83.135,173.264,270.173
206,Minneapolis,MN,45.0206748,-93.1872012,1709611618,4,3950,5892,154545676676813,289705072874253,676786231377277,258308572748118,1.953,26.254,22.724,5.457,358.604,83.135,173.264,268.738
207,Minneapolis,MN,45.0206802,-93.1870958,2090563891,3,3950,5892,154545676676813,289705072874253,676786231377277,1140882793089656,9.982,33.986,26.718,6.184,358.604,83.135,173.264,269.429
208,Minneapolis,MN,45.0119194,-93.1779919,8035819713,3,3951,5892,828275624771259,202791198330882,1401327846899980,1401327846899980,19.175,11.261,1.375,1.375,347.19,45.42,224.25,224.25
209,Minneapolis,MN,45.012206,-93.1774928,4974232662,3,3951,5892,189917916315393,266471111928391,282838636886609,1154980674996830,8.309,30.463,22.532,13.22,326.09,41.69,230.38,271.14
210,Minneapolis,MN,45.0141097,-93.1770988,1332942054,3,3951,5892,322904206634316,575948116715423,9502283829820517,540240827898182,14.7,1.761,1.154,14.319,0.0,90.33,172.763,270.0
211,Minneapolis,MN,45.0141106,-93.1772195,1761475435,4,3951,5892,322904206634316,301029721652445,757496545588716,540240827898182,5.211,1.26,5.055,4.936,0.0,90.13,174.233,270.0
212,Minneapolis,MN,45.0141123,-93.1769378,1332942056,4,3951,5892,322904206634316,768685567343110,9502283829820517,540240827898182,27.355,1.245,13.091,26.968,0.0,90.94,172.763,270.0
213,Minneapolis,MN,45.0141597,-93.1685284,1332942060,3,3951,5892,373390340740076,164020236178152,459191458510570,373390340740076,19.5,12.072,12.537,19.5,309.07,88.905,132.97,309.07
214,Minneapolis,MN,45.0142141,-93.1686225,1469717185,4,3951,5892,1226088977811283,164020236178152,459191458510570,1226088977811283,19.624,5.618,8.07,19.624,308.98,88.905,132.97,308.98
215,Minneapolis,MN,45.0142148,-93.1683205,1761475485,4,3951,5892,471203777534939,1532423770436556,310432280521313,471203777534939,4.93,12.824,14.181,4.93,309.13,88.51,123.9,309.13
216,Minneapolis,MN,45.014229,-93.1772251,187931102,4,3951,5892,322904206634316,3932408376997785,1039359806713710,540240827898182,13.938,13.15,14.2,15.005,0.0,88.457,187.323,270.0
217,Minneapolis,MN,45.0142301,-93.1770949,1332942062,4,3951,5892,322904206634316,575948116715423,9502283829820517,540240827898182,19.997,14.194,14.499,20.554,0.0,90.33,172.763,270.0
218,Minneapolis,MN,45.0142312,-93.1774285,7627958079,3,3951,5892,322904206634316,163507432878481,1039359806713710,540240827898182,17.43,13.427,18.024,18.676,0.0,90.311,187.323,270.0
219,Minneapolis,MN,45.0142319,-93.1769428,1332942064,4,3951,5892,322904206634316,768685567343110,9502283829820517,540240827898182,30.116,14.267,19.364,30.331,0.0,90.94,172.763,270.0
220,Minneapolis,MN,45.014264,-93.168407,187887771,4,3951,5892,574590110932513,1532423770436556,310432280521313,373390340740076,4.678,4.451,6.001,5.003,51.577,88.51,123.9,309.07
221,Minneapolis,MN,45.0142776,-93.1687272,13398133746,4,3951,5892,137255598447725,590412532804757,2992158614446792,137255598447725,18.992,0.77,3.931,18.992,309.26,109.761,128.42,309.26
222,Minneapolis,MN,45.0142781,-93.1682456,1761475503,3,3951,5892,471203777534939,321712049349239,310432280521313,471203777534939,6.354,12.042,18.663,6.354,309.13,92.07,123.9,309.13
223,Minneapolis,MN,45.0142818,-93.1681668,13398133748,4,3951,5892,172926984735810,321712049349239,310432280521313,172926984735810,9.447,16.464,24.87,9.447,309.11,92.07,123.9,309.11
224,Minneapolis,MN,45.0143025,-93.177208,13398133787,3,3951,5892,322904206634316,3932408376997785,1039359806713710,540240827898182,22.13,21.404,22.425,23.242,0.0,88.457,187.323,270.0
225,Minneapolis,MN,45.0143028,-93.1770903,1761475499,4,3951,5892,322904206634316,575948116715423,9502283829820517,540240827898182,26.266,22.264,22.591,27.067,0.0,90.33,172.763,270.0
226,Minneapolis,MN,45.0143036,-93.1769485,1761475510,4,3951,5892,322904206634316,768685567343110,9502283829820517,540240827898182,34.067,22.234,25.721,34.555,0.0,90.94,172.763,270.0
227,Minneapolis,MN,45.014319,-93.168499,187887769,4,3951,5892,1226088977811283,801962023783711,1474339049579588,1226088977811283,4.628,0.669,3.38,4.628,308.98,99.38,120.51,308.98
228,Minneapolis,MN,45.0143204,-93.16834,1761475538,4,3951,5892,194331606262739,321712049349239,310432280521313,373390340740076,1.226,4.579,12.52,4.671,47.234,92.07,123.9,309.07
229,Minneapolis,MN,45.0143314,-93.1774434,7627967091,3,3951,5892,322904206634316,1644046652902796,1039359806713710,540240827898182,27.439,24.141,28.006,28.758,0.0,92.194,187.323,270.0
230,Minneapolis,MN,45.0143629,-93.1685726,13398133745,4,3951,5892,137255598447725,801962023783711,317335003461187,137255598447725,4.224,7.6,7.193,4.224,309.26,99.38,129.5,309.26
231,Minneapolis,MN,45.014375,-93.1684315,1761475579,4,3951,5892,1226088977811283,553157345680466,1474339049579588,1226088977811283,4.089,3.875,10.871,4.089,308.98,84.68,120.51,308.98
232,Minneapolis,MN,45.0144084,-93.16849,1761475595,3,3951,5892,137255598447725,553157345680466,1474339049579588,137255598447725,5.428,9.771,11.051,5.428,309.26,84.68,120.51,309.26
233,Minneapolis,MN,45.0144569,-93.168517,187908902,4,3951,5892,137255598447725,553157345680466,317335003461187,137255598447725,7.152,15.165,17.754,7.152,309.26,84.68,129.5,309.26
234,Minneapolis,MN,45.01449,-93.1694998,1715619342,3,3951,5892,1073255289960567,177084407659005,997085534302166,170777522105118,30.186,24.18,30.608,30.186,0.0,119.13,183.371,270.0
235,Minneapolis,MN,45.0146301,-93.1690214,187887768,3,3951,5892,1073255289960567,433523385376946,607871657422354,170255754915542,17.209,15.477,16.013,4.588,0.0,90.0,182.891,309.11
236,Minneapolis,MN,45.0147193,-93.1691668,1761475712,3,3951,5892,831365411091908,475726876994705,1209966983117794,831365411091908,3.359,12.503,12.477,3.359,309.73,123.86,134.37,309.73
237,Minneapolis,MN,45.0148639,-93.1821429,1761475819,4,3951,5892,924277355020429,460061952333211,835615097051135,155955266407846,8.326,6.42,23.95,21.784,359.57,88.603,173.309,269.624
238,Minneapolis,MN,45.0149449,-93.1825104,4974232564,3,3951,5892,1470095263436269,660770209990024,2703386773190992,966712928631105,14.464,2.981,8.547,13.152,6.043,109.805,186.879,228.518
239,Minneapolis,MN,45.014945,-93.182259,1761475832,4,3951,5892,754332518527792,1898768210887839,835615097051135,155955266407846,17.306,0.066,16.293,25.93,356.48,89.208,173.309,269.624
240,Minneapolis,MN,45.014945,-93.182145,187914747,4,3951,5892,754332518527792,982528387402447,835615097051135,155955266407846,8.773,2.502,14.977,17.282,356.48,89.285,173.309,269.624
241,Minneapolis,MN,45.0149457,-93.1820248,12284626005,4,3951,5892,754332518527792,654144824256678,835615097051135,155955266407846,4.103,1.808,18.776,8.817,356.48,89.451,173.309,269.624
242,Minneapolis,MN,45.0150052,-93.1711585,1332942099,6,3951,5892,512944480063613,196702248965645,205443337912955,523807975295513,31.533,1.578,6.362,23.434,313.83,89.95,181.66,270.25
243,Minneapolis,MN,45.0150057,-93.1709395,13398133774,4,3951,5892,512944480063613,829115354660801,874407709803585,464807591486720,34.053,0.548,5.569,19.457,313.83,90.81,163.87,271.08
244,Minneapolis,MN,45.0150358,-93.1699324,432799195,3,3951,5892,737054176975729,485209899383702,1014010329248578,752426475436062,10.222,12.538,26.548,3.332,305.29,95.71,122.467,295.67
245,Minneapolis,MN,45.0150611,-93.182019,1761475885,3,3951,5892,754332518527792,298273641933905,484727339276733,155955266407846,16.763,6.533,13.273,9.804,356.48,93.887,179.451,269.624
246,Minneapolis,MN,45.0150616,-93.1821461,1761475889,4,3951,5892,754332518527792,321055429624411,835615097051135,155955266407846,18.53,0.793,2.797,18.055,356.48,119.807,173.309,269.624
247,Minneapolis,MN,45.0150625,-93.1825116,4974232563,4,3951,5892,1470095263436269,942179784520745,1652588385363078,966712928631105,1.789,3.021,1.099,3.46,6.043,112.74,188.531,228.518
248,Minneapolis,MN,45.0150659,-93.1822628,1761475888,4,3951,5892,599888908420480,1898768210887839,484727339276733,966712928631105,21.087,13.39,7.715,16.132,2.249,89.208,179.451,228.518
249,Minneapolis,MN,45.0151128,-93.1695275,432799284,5,3951,5892,478726443384776,379343273427871,1014010329248578,478726443384776,16.698,31.771,30.454,16.698,308.21,111.1,122.467,308.21
250,Minneapolis,MN,45.0151153,-93.1709428,13398133775,4,3951,5892,2930495977209950,829115354660801,205443337912955,464807591486720,29.987,12.571,15.018,7.296,341.77,90.81,181.66,271.08
251,Minneapolis,MN,45.015121,-93.1713604,13398133777,4,3951,5892,2930495977209950,577304527197132,308664644126381,321280106187208,31.481,13.266,15.811,24.298,341.77,88.182,179.22,269.67
252,Minneapolis,MN,45.0151211,-93.1711591,187931074,4,3951,5892,2930495977209950,1012199432763162,308664644126381,2802964049954389,25.717,12.882,0.971,11.1,341.77,90.078,179.22,266.92
253,Minneapolis,MN,45.0151724,-93.1713621,1761475951,3,3951,5892,2930495977209950,577304527197132,137557698315025,321280106187208,27.128,18.968,16.174,21.695,341.77,88.182,180.3,269.67
254,Minneapolis,MN,45.0152006,-93.171161,1761475962,4,3951,5892,2930495977209950,1012199432763162,137557698315025,321280106187208,16.962,21.691,6.016,6.572,341.77,90.078,180.3,269.67
255,Minneapolis,MN,45.015214,-93.1709459,13398133773,3,3951,5892,2930495977209950,829115354660801,509580486741649,464807591486720,20.897,23.546,17.836,3.82,341.77,90.81,179.61,271.08
256,Minneapolis,MN,45.0154812,-93.1821474,5903291570,3,3951,5892,3777125772355426,289228452840111,1097558984070145,1445143555838204,8.625,26.009,6.76,8.579,326.823,60.629,178.451,282.303
257,Minneapolis,MN,45.0154817,-93.1781632,10576661511,3,3951,5892,1810454609598374,1513991029815452,735833128961218,1530274331557433,15.873,14.81,17.329,15.93,358.087,100.374,167.596,271.64
258,Minneapolis,MN,45.0154846,-93.1818866,5903291571,4,3951,5892,931573850972377,828707104660708,822018462062581,1120574945111132,3.988,4.932,5.367,9.43,354.429,130.289,153.279,265.032
259,Minneapolis,MN,45.015563,-93.1784089,7627958043,3,3951,5892,1810454609598374,1513991029815452,2591841864512862,1124268686449953,11.523,7.33,8.218,13.193,358.087,100.374,183.914,278.973
260,Minneapolis,MN,45.0155665,-93.1781623,10576661498,4,3951,5892,1810454609598374,1513991029815452,2591841864512862,1530274331557433,9.524,12.085,14.293,6.587,358.087,100.374,183.914,271.64
261,Minneapolis,MN,45.0156492,-93.1711689,432799181,3,3951,5892,468588567705234,310745913910237,466293817763001,944065456346917,3.759,27.302,0.982,9.885,359.47,30.05,191.34,215.81
262,Minneapolis,MN,45.0156555,-93.1781599,10576661497,3,3951,5892,1810454609598374,1513991029815452,2591841864512862,1530274331557433,10.713,16.223,14.321,3.682,358.087,100.374,183.914,271.64
263,Minneapolis,MN,45.0158231,-93.1706888,1780010035,3,3951,5892,520181485833617,495030221723939,169516761754187,1436439386696353,22.922,20.397,26.52,23.732,24.13,50.0,181.69,232.3
264,Minneapolis,MN,45.0158366,-93.1711691,432799182,3,3951,5892,2976425702577198,310745913910237,313461220291853,834050407191236,7.08,13.718,2.617,3.514,356.41,30.05,226.44,244.01
265,Minneapolis,MN,45.0159592,-93.1821578,5903291569,3,3951,5892,2593674474270767,1206398471141749,491793698682104,1372583423884163,16.63,30.603,8.308,30.652,2.882,98.05,182.505,269.417
266,Minneapolis,MN,45.0160746,-93.1706298,432799273,3,3951,5892,484411079278802,324825645669882,169516761754187,483659886308389,9.305,3.372,10.219,20.441,1.89,58.92,181.69,318.97
267,Minneapolis,MN,45.0166086,-93.1824664,4974232560,3,3951,5892,274884541031974,514348362929991,2103794393473142,2083153135495535,15.905,6.802,8.324,8.119,16.251,113.849,187.24,267.118
268,Minneapolis,MN,45.0166158,-93.1821621,4974232558,4,3951,5892,274884541031974,321980889536493,679639301218779,1310063253435093,9.512,13.139,5.92,4.231,16.251,98.28,184.841,259.032
269,Minneapolis,MN,45.0166182,-93.1822939,4974232559,4,3951,5892,274884541031974,321980889536493,244988820752467,620841120956034,5.058,4.462,0.712,0.712,16.251,98.28,187.084,258.921
270,Minneapolis,MN,45.0178746,-93.1823001,6860015202,3,3951,5892,466637447973953,677192324893425,1221153352982158,2965352633732604,15.552,2.905,5.136,2.473,6.844,94.407,151.055,230.642
271,Minneapolis,MN,45.017875,-93.182175,187892737,3,3951,5892,466637447973953,1154018893405907,1203221641589477,2965352633732604,10.855,6.353,3.481,11.036,6.844,110.749,169.573,230.642
272,Minneapolis,MN,45.0178756,-93.1819563,7628558009,3,3951,5892,466637447973953,221306083090873,1203221641589477,2965352633732604,19.112,2.818,16.079,28.081,6.844,86.546,169.573,230.642
273,Minneapolis,MN,45.0209475,-93.1666548,2463444728,4,3951,5892,558851295081273,773341303552114,494932018516858,482146849705780,3.719,3.171,30.678,26.796,6.13,90.738,179.8,321.336
274,Minneapolis,MN,45.0209544,-93.1668397,1348070093,4,3951,5892,464719251490754,302222541378018,494932018516858,482146849705780,1.93,3.966,16.16,13.93,359.52,91.322,179.8,321.336
275,Minneapolis,MN,45.0209581,-93.1670703,1348070123,4,3951,5892,808198016468436,3021352428099515,169953571712795,184989893490578,9.592,2.551,0.756,14.369,4.02,93.431,179.58,308.651
276,Minneapolis,MN,45.0209646,-93.1672431,2463444730,4,3951,5892,216755746926874,514555499576816,169953571712795,313722303702403,18.725,1.852,14.329,15.846,343.18,93.75,179.58,287.7
277,Minneapolis,MN,45.0210196,-93.1687138,9658590698,4,3951,5892,147335040706573,203862161416550,178937334128878,946740446155537,24.594,2.138,5.343,15.688,315.503,94.54,176.47,272.8
278,Minneapolis,MN,45.0210244,-93.1688345,1348070141,3,3951,5892,579318419683270,508911846794658,178937334128878,1110769669417755,30.124,0.848,8.143,15.391,336.563,95.31,176.47,273.32
279,Minneapolis,MN,45.0210284,-93.1689907,8497171211,4,3951,5892,579318419683270,153230363363015,2591640804472596,485445192777696,33.473,1.64,16.708,14.972,336.563,94.55,186.05,273.46
280,Minneapolis,MN,45.0210594,-93.1666744,2463444732,4,3951,5892,807409246874568,213061587068596,487116995942301,482146849705780,8.495,9.202,29.139,23.342,359.35,93.012,180.13,321.336
281,Minneapolis,MN,45.0210605,-93.1699687,6014191192,3,3951,5892,396389224753165,936883507105323,1183263858768596,323369552700956,29.878,1.916,8.329,18.308,1.977,92.956,173.51,273.01
282,Minneapolis,MN,45.0210666,-93.1668317,187885028,4,3951,5892,2917665685177747,933005887277393,487116995942301,482146849705780,4.093,8.446,16.782,11.287,359.58,95.484,180.13,321.336
283,Minneapolis,MN,45.0210731,-93.1670729,187885030,4,3951,5892,379525850034124,1017207815690466,1376540342716330,520189655775780,0.92,6.429,1.272,4.282,339.53,95.605,179.75,300.533
284,Minneapolis,MN,45.0210798,-93.1672431,2463444734,4,3951,5892,822396535366773,134613665291460,1376540342716330,313722303702403,3.11,4.081,14.297,4.33,310.22,101.562,179.75,287.7
285,Minneapolis,MN,45.0211375,-93.1687057,9658590699,4,3951,5892,147335040706573,1029702007796525,4587148714634530,946740446155537,11.656,6.862,8.62,2.772,315.503,93.681,179.47,272.8
286,Minneapolis,MN,45.0211395,-93.1666009,1831659630,3,3951,5892,297158082042644,213061587068596,522904662180757,482146849705780,14.334,16.64,34.993,31.077,359.05,93.012,179.74,321.336
287,Minneapolis,MN,45.0211425,-93.1688242,187885031,4,3951,5892,579318419683270,2953861401521491,4587148714634530,4132659076827529,17.007,6.511,0.862,2.944,336.563,92.273,179.47,273.02
288,Minneapolis,MN,45.0211485,-93.1689799,8497171210,4,3951,5892,751927648809284,940579196771607,316208083347865,485445192777696,26.105,7.03,11.744,2.388,356.712,92.068,183.8,273.46
289,Minneapolis,MN,45.0211579,-93.16667,1831659632,3,3951,5892,297158082042644,213061587068596,522904662180757,520189655775780,8.84,19.243,29.485,31.597,359.05,93.012,179.74,300.533
290,Minneapolis,MN,45.0211779,-93.1668266,1831659634,4,3951,5892,2942989206027581,933005887277393,522904662180757,520189655775780,3.961,19.942,17.282,20.261,358.92,95.484,179.74,300.533
291,Minneapolis,MN,45.021179,-93.1699562,5911157706,5,3951,5892,396389224753165,936883507105323,606513333656760,323369552700956,16.683,11.952,0.509,5.316,1.977,92.956,178.16,273.01
292,Minneapolis,MN,45.0211877,-93.1670726,1831659635,4,3951,5892,327784315401924,1017207815690466,329885702030471,969299873829254,10.403,19.076,1.191,8.176,339.91,95.605,179.61,282.902
293,Minneapolis,MN,45.0212228,-93.168964,8497171179,4,3951,5892,751927648809284,940579196771607,894624767782042,309013160681429,18.635,15.327,10.439,2.698,356.712,92.068,182.13,274.26
294,Minneapolis,MN,45.0212334,-93.1688219,8497171213,4,3951,5892,579318419683270,2953861401521491,894624767782042,476169563713708,7.164,16.549,0.903,4.809,336.563,92.273,182.13,273.36
295,Minneapolis,MN,45.0212397,-93.1699058,8497171181,4,3951,5892,396389224753165,296276045309674,462805868342616,462729518162370,9.887,15.181,3.133,2.424,1.977,106.651,179.63,268.34
296,Minneapolis,MN,45.021241,-93.1699731,8497171182,4,3951,5892,396389224753165,837998090147363,462805868342616,323369552700956,10.31,18.07,2.723,1.769,1.977,88.182,179.63,273.01
297,Minneapolis,MN,45.0212433,-93.1700816,12814189264,3,3951,5892,396389224753165,959617588144756,486129652630850,499885921235348,15.413,15.755,7.81,2.063,1.977,88.48,173.474,272.22
298,Minneapolis,MN,45.0212465,-93.1686882,8497171215,3,3951,5892,147335040706573,1029702007796525,234232595127120,316269740124908,3.736,18.453,10.163,3.509,315.503,93.681,182.172,272.57
299,Minneapolis,MN,45.0212807,-93.1710414,8497171183,4,3951,5892,136733805163594,796051501272145,1062916010783465,378460330160042,34.758,21.081,13.208,2.932,330.45,90.295,176.25,272.172
300,Minneapolis,MN,45.0213014,-93.1684395,12814245289,3,3951,5892,751927648809284,299415198497795,300079598394434,286781893115038,29.623,25.936,29.167,10.471,356.712,93.285,183.446,271.147
301,Minneapolis,MN,45.0213757,-93.1710352,5911157733,3,3951,5892,136733805163594,588713595362648,1062916010783465,378460330160042,24.252,15.528,6.686,13.135,330.45,99.61,176.25,272.172
302,Minneapolis,MN,45.0213762,-93.1709673,12814229343,4,3951,5892,136733805163594,588713595362648,1062916010783465,934075354043782,25.245,10.193,1.413,1.792,330.45,99.61,176.25,216.86
303,Minneapolis,MN,45.0213832,-93.1700589,12814189281,4,3951,5892,160825559319805,837998090147363,459344625132332,170519818322071,10.553,1.075,10.386,17.183,356.29,88.182,179.605,273.43
304,Minneapolis,MN,45.0213837,-93.1699901,5911157734,3,3951,5892,160825559319805,837998090147363,4154507801254809,181683950533968,5.227,6.35,6.197,7.673,356.29,88.182,172.425,298.63
305,Minneapolis,MN,45.0215078,-93.1697063,5911157719,3,3951,5892,467750204333878,160455279412560,4154507801254809,1209782992797247,16.979,21.639,28.169,25.578,359.61,106.48,172.425,281.096
306,Minneapolis,MN,45.0215118,-93.1710297,6566813812,3,3951,5892,136733805163594,588713595362648,817119705893365,229057185658092,9.392,20.989,12.306,10.087,330.45,99.61,197.22,268.82
307,Minneapolis,MN,45.0215122,-93.1709299,12814229342,4,3951,5892,2910173929238765,588713595362648,1062916010783465,229057185658092,17.171,16.33,14.725,2.464,348.16,99.61,176.25,268.82
308,Minneapolis,MN,45.0215232,-93.1699507,5911157703,4,3951,5892,212299807158397,160455279412560,459344625132332,1209782992797247,1.868,12.927,21.904,7.134,2.09,106.48,179.605,281.096
309,Minneapolis,MN,45.021558,-93.1701358,12814189279,4,3951,5892,810156289911027,204627218155203,459344625132332,188540399798833,1.774,15.964,16.366,1.873,322.01,82.423,179.605,264.562
310,Minneapolis,MN,45.0215665,-93.1699636,6566813816,3,3951,5892,212299807158397,160455279412560,459344625132332,1209782992797247,3.232,17.805,24.148,4.64,2.09,106.48,179.605,281.096
311,Minneapolis,MN,45.0216128,-93.1701383,12814229341,3,3951,5892,472860070597153,204627218155203,459344625132332,188540399798833,14.436,17.024,22.31,5.357,359.13,82.423,179.605,264.562
312,Minneapolis,MN,45.0216634,-93.1699944,5911157702,3,3951,5892,472860070597153,204627218155203,459344625132332,479772596628509,14.166,29.637,31.388,12.656,359.13,82.423,179.605,267.619
313,Minneapolis,MN,45.0236499,-93.1690294,6863043066,3,3951,5892,336214771247111,303477178069660,925789448198124,314409200414727,3.582,19.38,6.282,2.739,358.572,84.25,179.489,266.31
314,Minneapolis,MN,45.0236516,-93.1689263,12814229349,3,3951,5892,217598283208113,303477178069660,925789448198124,758226158063546,5.467,11.281,12.591,7.453,357.53,84.25,179.489,271.1
315,Minneapolis,MN,45.0236572,-93.1685826,6863043081,3,3951,5892,910537656346527,571032467621641,3846328032156414,1121568254921289,19.147,3.126,7.267,1.557,38.24,92.12,153.26,271.77
316,Minneapolis,MN,45.0236717,-93.1678823,6863043069,3,3951,5892,774350866451575,521845935851050,814906856091284,881015285788600,24.059,7.651,9.971,5.653,0.0,87.8,209.77,264.1
317,Minneapolis,MN,45.0238024,-93.1685853,6863043082,4,3951,5892,910537656346527,799961100647783,996784884189892,3692939647478399,25.27,15.442,17.118,15.41,38.24,94.19,171.693,269.89
318,Minneapolis,MN,45.0238116,-93.1678807,6863043080,3,3951,5892,470297314266892,3733671580093465,814906856091284,881015285788600,12.624,8.532,14.075,13.168,1.654,85.258,209.77,264.1
319,Minneapolis,MN,45.0253973,-93.1690843,6863061095,3,3951,5892,140229788154380,213916160303850,285290906675919,138028935013430,3.206,6.417,14.772,3.912,359.23,67.682,184.857,240.455
320,Minneapolis,MN,45.0254024,-93.1688395,6863043076,3,3951,5892,140229788154380,163082002337195,149827147045237,4024148127664467,16.242,4.444,4.88,4.554,359.23,73.256,234.814,248.109
321,Minneapolis,MN,45.0254595,-93.1680791,6863061090,3,3951,5892,303089688107722,808574396439921,196299525650778,111422201024965,21.199,2.328,20.464,4.916,356.095,91.428,182.638,270.868
322,Minneapolis,MN,45.0256263,-93.1692047,1831657181,4,3951,5892,341812714224056,213916160303850,149827147045237,138028935013430,12.491,29.404,34.086,28.122,359.23,67.682,234.814,240.455
323,Minneapolis,MN,45.0256538,-93.1680771,7634746309,3,3951,5892,303089688107722,808574396439921,127842979315311,111422201024965,34.598,19.406,27.104,18.493,356.095,91.428,143.659,270.868
324,Minneapolis,MN,45.0256704,-93.1690724,11155072869,4,3951,5892,943014936493176,163082002337195,149827147045237,4141708972562175,2.18,30.561,32.199,33.281,357.91,73.256,234.814,258.611
325,Minneapolis,MN,45.025671,-93.1691055,423736431,3,3951,5892,943014936493176,163082002337195,149827147045237,4141708972562175,4.713,32.019,33.428,34.093,357.91,73.256,234.814,258.611
326,Minneapolis,MN,45.022762,-93.156862,187923738,3,3952,5892,293588088914546,4004779872941053,162224812575078,320998402743154,9.913,21.414,11.687,7.535,353.38,62.02,224.13,255.14
327,Minneapolis,MN,45.0227672,-93.1475511,4591596379,3,3952,5892,310232577216049,229040975223390,526800351679513,317638063308434,23.082,0.532,2.814,4.029,10.27,90.05,222.24,258.67
328,Minneapolis,MN,45.0227679,-93.1473627,5918808339,3,3952,5892,310232577216049,253436883218825,481263159761669,217603689887085,16.934,3.871,8.006,10.987,10.27,89.39,201.34,234.38
329,Minneapolis,MN,45.0229256,-93.1473653,8266459899,3,3952,5892,310232577216049,253436883218825,187665039893815,317638063308434,1.193,13.693,9.08,23.639,10.27,89.39,192.69,258.67
330,Minneapolis,MN,45.0156957,-93.0892622,187880734,3,3955,5892,330835355133899,563017202379777,1123326355016975,150259967503588,24.925,22.711,22.711,25.637,358.751,42.687,177.687,315.0
331,Minneapolis,MN,45.0159345,-93.0892653,8585625306,3,3955,5892,906367819926847,202022585822103,1386410142128263,514492940673155,25.128,22.947,22.947,25.39,358.63,45.0,180.0,315.0
332,Minneapolis,MN,45.0170738,-93.0892799,187896245,3,3955,5892,525411875505020,709126160667744,189945776973989,3370092043238875,24.68,23.044,23.044,25.929,358.991,45.0,180.0,312.687
333,Minneapolis,MN,45.0184019,-93.0893213,6340688239,3,3955,5892,304664497789048,737576801011633,709507190834023,1296261304270770,22.33,21.165,21.165,23.591,359.702,45.0,180.0,315.0
334,Minneapolis,MN,44.9995167,-93.3289241,9899962675,4,3944,5893,1510760176594912,1339275531050108,1364829701942941,526487590558789,17.774,7.338,19.802,15.71,58.373,68.909,239.107,249.865
335,Minneapolis,MN,44.9995953,-93.3289624,6115474827,3,3944,5893,1510760176594912,1339275531050108,1364829701942941,705992802502049,15.336,3.758,12.745,6.477,58.373,68.909,239.107,245.89
336,Minneapolis,MN,44.999929,-93.3281498,33731265,3,3944,5893,1338081934604529,1406362154477336,790391460522559,790391460522559,5.086,3.501,3.943,3.943,56.968,60.644,238.562,238.562
337,Minneapolis,MN,44.9999859,-93.3282169,34198599,4,3944,5893,1338081934604529,1406362154477336,790391460522559,790391460522559,11.968,11.618,4.365,4.365,56.968,60.644,238.562,238.562
338,Minneapolis,MN,44.9999926,-93.321966,33362922,4,3944,5893,1123071813276246,1123071813276246,1304105401443649,1231922952322231,3.54,3.54,5.271,6.185,39.521,39.521,210.644,215.264
339,Minneapolis,MN,45.0002446,-93.3216783,6133354510,4,3944,5893,813287011196160,4060191900978129,739060739163870,733318793055254,9.549,4.859,23.051,19.754,2.891,44.711,176.43,293.198
340,Minneapolis,MN,45.0002845,-93.3218019,8651813805,3,3944,5893,1575084203847096,1575084203847096,739060739163870,994413722818741,1.522,1.522,16.624,16.597,44.194,44.194,176.43,287.148
341,Minneapolis,MN,45.0003317,-93.3215724,33350462,4,3944,5893,813287011196160,1360832258712779,739060739163870,777922778407180,3.836,10.699,34.52,3.339,2.891,49.082,176.43,328.937
342,Minneapolis,MN,45.0004655,-93.3220993,33350467,4,3944,5893,1676940993280360,1514538999993921,1485769046004965,1306576157215275,29.663,9.553,9.271,5.003,42.098,114.813,120.291,285.215
343,Minneapolis,MN,44.998819,-93.3018343,7154324500,3,3945,5893,533677037654007,321729132917176,331333535040275,533677037654007,19.059,23.745,23.589,19.059,317.37,127.31,151.58,317.37
344,Minneapolis,MN,44.9988237,-93.3020319,7154324566,4,3945,5893,533677037654007,321729132917176,331333535040275,1892561134254188,32.53,26.381,27.934,33.527,317.37,127.31,151.58,285.47
345,Minneapolis,MN,44.9990657,-93.2970584,7154554572,3,3945,5893,2383716448760600,24268952312701011,4353011498268792,739951488788086,23.799,5.053,7.71,34.828,0.0,93.781,138.377,273.289
346,Minneapolis,MN,44.9990681,-93.2969821,12923707168,3,3945,5893,2383716448760600,24268952312701011,1370261568099545,739951488788086,25.083,9.676,8.023,30.204,0.0,93.781,137.144,273.289
347,Minneapolis,MN,44.9992743,-93.2966728,7154554530,3,3945,5893,2383716448760600,2845447138981464,842145828762773,739951488788086,33.597,21.579,15.23,3.482,0.0,90.398,134.622,273.289
348,Minneapolis,MN,44.9992777,-93.2970806,7154554524,4,3945,5893,2383716448760600,24268952312701011,4353011498268792,739951488788086,1.531,19.435,16.03,28.888,0.0,93.781,138.377,273.289
349,Minneapolis,MN,44.9993049,-93.2970806,7154554552,3,3945,5893,2383716448760600,24268952312701011,4353011498268792,739951488788086,3.391,22.455,19.054,29.221,0.0,93.781,138.377,273.289
350,Minneapolis,MN,44.9993279,-93.2966745,7154554568,3,3945,5893,2383716448760600,2845447138981464,842145828762773,739951488788086,33.924,27.539,21.191,7.901,0.0,90.398,134.622,273.289
351,Minneapolis,MN,44.9993648,-93.3018256,2098055788,3,3945,5893,2101519166651652,1181368270568307,1181368270568307,2101519166651652,3.604,11.057,11.057,3.604,323.23,143.637,143.637,323.23
352,Minneapolis,MN,44.9993769,-93.3017843,2098055791,3,3945,5893,2101519166651652,1181368270568307,1181368270568307,2101519166651652,2.876,8.097,8.097,2.876,323.23,143.637,143.637,323.23
353,Minneapolis,MN,44.9993788,-93.3020257,2098055790,3,3945,5893,2101519166651652,986478800342952,839208811898106,2101519166651652,17.057,13.298,11.993,17.057,323.23,146.435,150.054,323.23
354,Minneapolis,MN,44.9994036,-93.3020254,2098055795,3,3945,5893,2101519166651652,986478800342952,839208811898106,2101519166651652,16.96,11.59,9.38,16.96,323.23,146.435,150.054,323.23
355,Minneapolis,MN,44.9995785,-93.3018689,11251299391,4,3945,5893,2101519166651652,986478800342952,986478800342952,2101519166651652,20.892,13.445,13.445,20.892,323.23,146.435,146.435,323.23
356,Minneapolis,MN,44.9995834,-93.3014729,11251299394,3,3945,5893,518791562798255,1187533823269201,1187533823269201,2101519166651652,23.13,18.231,18.231,33.767,30.69,140.598,140.598,323.23
357,Minneapolis,MN,44.9995917,-93.3019621,9988823035,3,3945,5893,2101519166651652,986478800342952,839208811898106,2101519166651652,24.9,15.432,14.699,24.9,323.23,146.435,150.054,323.23
358,Minneapolis,MN,44.9996449,-93.301834,11251299392,3,3945,5893,2101519166651652,986478800342952,986478800342952,2101519166651652,27.82,21.254,21.254,27.82,323.23,146.435,146.435,323.23
359,Minneapolis,MN,44.9960392,-93.2864518,2098054990,3,3946,5893,134151988751171,1134166317094501,346782946964246,530466804786757,5.921,10.473,14.166,2.223,357.905,92.699,190.452,251.483
360,Minneapolis,MN,44.9962934,-93.2813901,7172677527,3,3946,5893,466675307750717,1418412241846103,2177146879084515,340156240860328,10.84,7.897,22.765,12.75,358.224,75.26,178.442,267.887
361,Minneapolis,MN,44.9966453,-93.2896436,10852806793,3,3946,5893,2947956685434257,472778073940844,270818018068653,804420167107136,5.334,14.173,6.682,20.117,0.942,69.588,187.771,295.594
362,Minneapolis,MN,44.9966551,-93.289437,10852806732,4,3946,5893,2947956685434257,1832126433626732,281385017016141,202393925035739,11.192,8.386,9.986,11.649,0.942,90.648,183.613,274.646
363,Minneapolis,MN,44.9967879,-93.2894317,10852806741,3,3946,5893,469829667417228,1832126433626732,835038600414753,202393925035739,9.5,6.763,9.487,9.035,0.506,90.648,181.447,274.646
364,Minneapolis,MN,44.9972944,-93.287871,2098055078,4,3946,5893,841291333137241,512807306567145,2841391572767396,264000208791715,7.791,10.289,15.367,11.884,0.591,92.229,176.322,277.951
365,Minneapolis,MN,44.9973355,-93.2896378,10231748409,3,3946,5893,328860945263458,3974038366019383,293971762220358,1122248901588080,7.756,8.661,5.051,18.512,2.077,60.269,178.405,237.267
366,Minneapolis,MN,44.9973364,-93.2894318,10852806742,3,3946,5893,852369882026660,3914647598656347,293971762220358,857930654927104,6.593,8.78,11.169,15.322,5.768,81.354,178.405,264.02
367,Minneapolis,MN,44.997448,-93.2878888,2098055101,4,3946,5893,1413807332286330,2691463141143729,1094117877746715,264000208791715,7.599,7.252,17.398,7.639,359.569,93.965,176.322,277.951
368,Minneapolis,MN,44.9975639,-93.2891994,6102245561,4,3946,5893,300781048185878,193576205950511,834638630802127,315134483301298,34.018,15.08,30.532,11.129,5.768,91.62,193.662,271.125
369,Minneapolis,MN,44.9989651,-93.2820061,2098055669,3,3946,5893,3919267874826712,479436639962141,2195516114289120,588197092158171,13.897,16.478,9.468,23.075,353.828,82.329,136.126,279.446
370,Minneapolis,MN,44.9989719,-93.2815988,11000946280,3,3946,5893,512704593439557,474394886963898,711129705350090,4141935675866358,6.355,12.439,8.099,26.121,350.193,89.1,137.082,313.093
371,Minneapolis,MN,44.998984,-93.2820541,11000946302,3,3946,5893,3919267874826712,479436639962141,1254681990006746,331416884991240,18.062,12.497,6.543,23.091,353.828,82.329,136.865,270.638
372,Minneapolis,MN,44.9989969,-93.2815743,2098055703,3,3946,5893,512704593439557,474394886963898,711129705350090,4141935675866358,9.433,9.197,6.939,26.511,350.193,89.1,137.082,313.093
373,Minneapolis,MN,44.9990302,-93.2878683,2098055722,3,3946,5893,214977940151233,3790406437754480,1151231409771425,287066179793643,4.132,7.582,9.89,26.848,23.099,90.931,137.109,324.082
374,Minneapolis,MN,44.9990317,-93.2878989,10860685388,3,3946,5893,214977940151233,321959842626640,1151231409771425,287066179793643,2.758,6.75,10.324,26.278,23.099,91.209,137.109,324.082
375,Minneapolis,MN,44.9990338,-93.2955306,12923708275,3,3946,5893,2140165823062381,1429163848177510,1429163848177510,1284678686404532,18.69,13.171,13.171,30.773,3.536,137.369,137.369,272.705
376,Minneapolis,MN,44.9990425,-93.2881241,2098055724,4,3946,5893,462799371450904,2962170543999395,1113584100545443,287066179793643,8.106,6.936,8.375,28.708,29.328,90.587,137.109,324.082
377,Minneapolis,MN,44.9990467,-93.2927042,12923708384,3,3946,5893,1943465186475748,5493834554019899,1360255715615234,1464664844665935,24.259,7.55,10.451,15.859,0.0,86.696,137.883,271.416
378,Minneapolis,MN,44.9990467,-93.2924719,12923708385,3,3946,5893,1943465186475748,481708739743029,608076642105436,1464664844665935,26.708,10.382,2.347,2.555,0.0,88.927,200.218,271.416
379,Minneapolis,MN,44.9990526,-93.2957367,12923708280,4,3946,5893,2140165823062381,1867665457502796,1867665457502796,1284678686404532,3.556,11.467,11.467,23.768,3.536,137.243,137.243,272.705
380,Minneapolis,MN,44.9990531,-93.2926937,11959081092,3,3946,5893,1943465186475748,5493834554019899,1360255715615234,1464664844665935,23.381,6.911,9.565,15.013,0.0,86.696,137.883,271.416
381,Minneapolis,MN,44.9990542,-93.2924795,11959081095,3,3946,5893,1943465186475748,481708739743029,608076642105436,1464664844665935,25.691,9.955,1.459,1.829,0.0,88.927,200.218,271.416
382,Minneapolis,MN,44.9990591,-93.2955227,12923708278,3,3946,5893,2140165823062381,1429163848177510,1429163848177510,1284678686404532,18.728,10.67,10.67,28.819,3.536,137.369,137.369,272.705
383,Minneapolis,MN,44.9992502,-93.292693,12923708389,4,3946,5893,1943465186475748,5493834554019899,1360255715615234,1464664844665935,4.927,15.118,12.69,26.462,0.0,86.696,137.883,271.416
384,Minneapolis,MN,44.9992502,-93.2816207,7172741954,3,3946,5893,524201112067975,474394886963898,647293809469890,503781807319743,10.783,20.236,31.905,28.84,1.141,89.1,184.127,298.38
385,Minneapolis,MN,44.9992508,-93.2924789,12923708382,3,3946,5893,1943465186475748,481708739743029,1456950005371651,1464664844665935,12.031,14.464,12.755,21.976,0.0,88.927,137.883,271.416
386,Minneapolis,MN,44.9992509,-93.2924663,12923708387,3,3946,5893,1943465186475748,481708739743029,1456950005371651,1464664844665935,13.019,14.142,12.949,22.094,0.0,88.927,137.883,271.416
387,Minneapolis,MN,44.9992526,-93.2925526,11959081074,4,3946,5893,1943465186475748,471741984039045,1456950005371651,1464664844665935,6.242,14.928,13.402,22.441,0.0,85.599,137.883,271.416
388,Minneapolis,MN,44.9992573,-93.2955475,11959081081,3,3946,5893,2140165823062381,1429163848177510,1429163848177510,1284678686404532,25.753,12.217,12.217,15.394,3.536,137.369,137.369,272.705
389,Minneapolis,MN,44.9992627,-93.2957322,7154554541,3,3946,5893,2140165823062381,1867665457502796,1867665457502796,1284678686404532,20.375,13.232,13.232,0.93,3.536,137.243,137.243,272.705
390,Minneapolis,MN,44.999263,-93.2955318,12923708274,3,3946,5893,2140165823062381,1429163848177510,1429163848177510,1284678686404532,27.039,13.08,13.08,16.6,3.536,137.369,137.369,272.705
391,Minneapolis,MN,44.999268,-93.2957459,12923708284,3,3946,5893,2140165823062381,1278465197653583,1278465197653583,1284678686404532,20.881,13.732,13.732,0.303,3.536,137.243,137.243,272.705
392,Minneapolis,MN,44.9992873,-93.2820591,11000946301,4,3946,5893,473569633917437,380575336691396,647293809469890,331416884991240,19.905,21.104,8.743,13.193,359.506,74.207,184.127,270.638
393,Minneapolis,MN,44.9992969,-93.2816739,7172741955,3,3946,5893,1168730483538527,474394886963898,647293809469890,588197092158171,6.835,26.558,26.344,31.759,2.382,89.1,184.127,279.446
394,Minneapolis,MN,45.0027733,-93.2716846,7038275519,3,3947,5893,2887109078159048,1383508433446965,1388353212936423,812363168527618,33.219,30.354,28.716,2.515,328.235,115.749,172.36,271.957
395,Minneapolis,MN,45.003289,-93.2711631,11331360609,4,3947,5893,774071455230380,1418457683179625,892013533496486,841173628668700,6.904,19.703,16.516,32.882,354.455,109.969,174.764,257.803
396,Minneapolis,MN,45.0036005,-93.2714277,12594963502,4,3947,5893,913998519562095,1388517516262038,1397133065119801,1181967184074605,7.648,6.229,12.041,2.654,353.589,135.309,176.376,254.163
397,Minneapolis,MN,45.0038256,-93.2712392,12594970878,3,3947,5893,3130944670406325,1388517516262038,1397133065119801,2690915458382227,6.997,33.213,18.732,18.047,353.531,135.309,176.376,275.846
398,Minneapolis,MN,44.9985346,-93.247146,2485875871,3,3948,5893,770637588754419,140157214738005,2024814267657433,1000599345307584,26.255,14.358,18.47,27.363,353.278,100.88,146.07,272.317
399,Minneapolis,MN,44.9985653,-93.2471068,2485875876,3,3948,5893,770637588754419,140157214738005,2024814267657433,1000599345307584,22.396,10.224,17.395,23.397,353.278,100.88,146.07,272.317
400,Minneapolis,MN,44.998625,-93.2370069,10972435832,4,3948,5893,4002265286754453,483694996272445,328449685304150,745246288381953,12.482,8.498,13.038,13.284,359.216,90.04,181.83,270.387
401,Minneapolis,MN,44.9986266,-93.2373062,2485875902,4,3948,5893,1921525862015228,379113483496210,141763021270998,3973031209662576,9.393,8.313,8.84,13.679,352.301,90.49,189.619,270.375
402,Minneapolis,MN,44.9986374,-93.2421719,2485875909,4,3948,5893,307557440982267,208329814439993,1715064772238914,1273190510809079,33.033,8.842,8.966,11.346,338.75,89.93,176.933,270.214
403,Minneapolis,MN,44.9986413,-93.2423787,2485875917,5,3948,5893,307557440982267,4047698785348507,1715064772238914,711518308370384,33.423,8.338,8.735,12.139,338.75,92.09,176.933,269.263
404,Minneapolis,MN,44.9987866,-93.2421605,2485875944,4,3948,5893,307557440982267,208329814439993,992036312030341,1365491557157721,17.437,7.822,9.749,0.685,338.75,89.93,177.933,275.61
405,Minneapolis,MN,44.9987873,-93.2423704,2485875946,4,3948,5893,307557440982267,4047698785348507,992036312030341,711518308370384,18.183,7.917,8.304,4.218,338.75,92.09,177.933,269.263
406,Minneapolis,MN,44.9987913,-93.2372216,2485875955,3,3948,5893,934634937318202,794684494519618,578547393555433,3973031209662576,7.935,10.235,8.585,5.811,358.06,90.37,205.297,270.375
407,Minneapolis,MN,44.9988039,-93.2368939,2485875969,3,3948,5893,760315061311815,304629004459550,328449685304150,1126561212235540,14.109,11.442,13.926,7.364,46.783,90.5,181.83,270.387
408,Minneapolis,MN,44.998823,-93.2371499,2485875977,3,3948,5893,934634937318202,794684494519618,328449685304150,3973031209662576,12.98,14.022,12.436,11.853,358.06,90.37,181.83,270.375
409,Minneapolis,MN,44.9988247,-93.2471088,2485875975,3,3948,5893,770637588754419,489269662396519,490268685620978,1267744891638910,7.035,20.045,23.41,4.485,353.278,93.15,179.47,278.165
410,Minneapolis,MN,44.9988252,-93.2475464,2485875960,3,3948,5893,1368694704190057,487946778927851,490268685620978,1267744891638910,25.315,34.284,20.563,34.265,353.586,118.19,179.47,278.165
411,Minneapolis,MN,44.9988475,-93.2471368,2485875980,3,3948,5893,1103023768601437,489269662396519,490268685620978,1267744891638910,5.934,23.27,20.157,7.216,346.701,93.15,179.47,278.165
412,Minneapolis,MN,44.9988509,-93.2475168,2485875984,3,3948,5893,1368694704190057,487946778927851,490268685620978,1267744891638910,22.527,34.056,16.937,32.487,353.586,118.19,179.47,278.165
413,Minneapolis,MN,44.9988611,-93.2367333,2485875985,3,3948,5893,760315061311815,928494167937653,379835313382296,780150937895129,26.357,17.793,18.374,13.306,46.783,91.0,212.16,270.387
414,Minneapolis,MN,45.0016381,-93.2421667,2487370052,3,3948,5893,3971870212904175,1052500892831939,178924025184841,1240859563268403,8.569,6.235,6.235,8.727,0.84,143.933,178.933,263.933
415,Minneapolis,MN,45.00167,-93.237287,2487370054,3,3948,5893,726118289346855,980154999227238,621360822080708,692671292447021,30.603,5.6,5.166,8.929,337.929,99.114,180.32,268.929
416,Minneapolis,MN,45.0017175,-93.237292,2487370066,4,3948,5893,726118289346855,980154999227238,621360822080708,692671292447021,28.267,1.703,5.893,3.912,337.929,99.114,180.32,268.929
417,Minneapolis,MN,45.001718,-93.2375252,7555881998,3,3948,5893,726118289346855,5497560026985555,621360822080708,3706881942921592,11.998,2.412,23.587,4.544,337.929,87.462,180.32,271.929
418,Minneapolis,MN,45.0017726,-93.2421712,8538090681,3,3948,5893,523738328765996,1052500892831939,178924025184841,1240859563268403,7.916,8.748,8.748,8.919,359.43,143.933,178.933,263.933
419,Minneapolis,MN,45.0017939,-93.2375248,8538090633,4,3948,5893,726118289346855,5497560026985555,636020851734273,3706881942921592,8.704,9.314,20.639,4.004,337.929,87.462,176.929,271.929
420,Minneapolis,MN,45.001795,-93.2372971,8538090632,3,3948,5893,726118289346855,324449325915617,936731097106488,692671292447021,26.607,10.087,5.751,5.603,337.929,92.377,180.05,268.929
421,Minneapolis,MN,45.0020648,-93.2376366,13618296199,3,3948,5893,726118289346855,6540806602704551,239079702127544,3124750597819477,30.271,29.611,29.611,30.271,337.929,109.929,178.929,266.929
422,Minneapolis,MN,45.0030657,-93.2372868,8538090637,4,3948,5893,1315708282384520,23953784070934745,230301028895960,1315708282384520,2.257,24.625,4.85,2.257,313.929,89.929,181.02,313.929
423,Minneapolis,MN,45.0031141,-93.2375181,7555881996,3,3948,5893,1315708282384520,23953784070934745,241875201841709,1315708282384520,18.451,25.894,18.629,18.451,313.929,89.929,172.929,313.929
424,Minneapolis,MN,45.0048764,-93.2362459,8538090646,3,3948,5893,1040293584639392,386425312567625,386425312567625,334604485648573,5.561,19.094,19.094,8.715,328.039,146.04,146.04,267.929
425,Minneapolis,MN,45.0067487,-93.2466811,5975649750,3,3948,5893,1084558500524564,1446605626617535,1469519854093648,2571840409858198,20.1,22.419,9.488,9.656,345.141,91.222,187.536,270.837
426,Minneapolis,MN,45.0068528,-93.2472382,11068067759,3,3948,5893,1384344379249256,24497477213280708,512778166589694,2048664405493263,5.508,5.423,19.122,1.722,359.738,76.019,179.97,278.937
427,Minneapolis,MN,45.006853,-93.2475688,11050349547,3,3948,5893,1205451404266467,24497477213280708,512778166589694,131153930072518,15.858,24.428,7.51,24.711,359.258,76.019,179.97,275.937
428,Minneapolis,MN,45.0068698,-93.2472276,9925602193,3,3948,5893,1384344379249256,1313015373810817,328572682165578,2048664405493263,6.38,4.409,19.963,3.432,359.738,79.437,180.21,278.937
429,Minneapolis,MN,45.0068702,-93.2469664,12804650350,4,3948,5893,1084558500524564,1218689310096374,1958120578324037,2571840409858198,7.514,5.507,21.316,17.929,345.141,89.574,176.895,270.837
430,Minneapolis,MN,45.0068706,-93.2466862,12804650349,4,3948,5893,1084558500524564,1186607786845636,1958120578324037,2571840409858198,19.65,9.814,1.784,15.583,345.141,100.237,176.895,270.837
431,Minneapolis,MN,45.0069963,-93.2475639,12810671543,3,3948,5893,706342315149824,24497477213280708,477928810099056,725029609438339,15.522,25.95,7.473,23.83,359.402,76.019,180.41,278.937
432,Minneapolis,MN,45.0070067,-93.2472254,9925602195,4,3948,5893,1379237346563569,1102871441527666,477928810099056,725029609438339,6.886,11.189,20.078,5.818,359.653,87.373,180.41,278.937
433,Minneapolis,MN,45.0070085,-93.2475635,11050349546,3,3948,5893,706342315149824,24497477213280708,477928810099056,725029609438339,15.511,26.523,6.933,24.051,359.402,76.019,180.41,278.937
434,Minneapolis,MN,44.998812,-93.2269279,6959989318,4,3949,5893,1056363253004311,511912713386061,2382960868726381,1572661796763269,16.918,13.202,26.905,23.995,354.534,88.88,202.585,272.301
435,Minneapolis,MN,44.9999977,-93.2154218,7629442666,3,3949,5893,317306966792858,465840394709087,1389282895754272,1389282895754272,34.58,34.599,1.661,1.661,52.75,52.97,237.026,237.026
436,Minneapolis,MN,45.0000442,-93.2148203,6959989339,4,3949,5893,598065819911620,4113879955342117,1899780107093673,3830894057221916,1.297,11.134,12.262,3.372,325.966,52.86,236.712,272.505
437,Minneapolis,MN,45.0000599,-93.2140841,6114849050,3,3949,5893,883516278861748,225895442629597,1356143305592382,1356143305592382,20.76,20.701,25.187,25.187,55.77,57.61,239.575,239.575
438,Minneapolis,MN,45.0001074,-93.215174,7629442668,3,3949,5893,549853968146592,834055067468593,1028352155287378,1028352155287378,21.475,32.441,2.17,2.17,316.302,52.95,238.37,238.37
439,Minneapolis,MN,45.000164,-93.2145754,8021209722,4,3949,5893,324568249237302,324568249237302,1969797883424685,1969797883424685,9.911,9.911,4.759,4.759,53.4,53.4,235.537,235.537
440,Minneapolis,MN,45.0001999,-93.2149653,7409887962,3,3949,5893,549853968146592,4113879955342117,29562527116694679,2317050775357622,5.992,31.461,10.519,1.238,316.302,52.86,239.79,263.351
441,Minneapolis,MN,45.0003622,-93.2140838,6959989338,4,3949,5893,184243833605359,184243833605359,1356143305592382,560992499890684,9.411,9.411,13.52,5.795,59.85,59.85,239.575,244.535
442,Minneapolis,MN,45.0004859,-93.2114751,6876201544,4,3949,5893,990215373217126,312852017012937,318135469771370,1400319127535235,25.803,10.44,13.065,15.496,5.051,90.03,180.3,269.762
443,Minneapolis,MN,45.0005952,-93.2116461,1241108860,3,3949,5893,296132265489468,378719200156393,1141722219573462,3052173928294771,25.51,1.899,1.498,4.915,323.17,89.55,179.71,269.973
444,Minneapolis,MN,45.0006886,-93.2116476,6876201551,4,3949,5893,296132265489468,378719200156393,1140880706409193,677154748195449,18.566,12.23,1.43,6.484,323.17,89.55,179.5,269.582
445,Minneapolis,MN,44.998891,-93.1664893,1708365415,4,3951,5893,3434476206817016,906273858893733,143975131600590,203614424777452,1.083,15.501,9.969,12.002,0.17,121.693,181.011,261.244
446,Minneapolis,MN,44.9988915,-93.1666719,1708365431,4,3951,5893,300236385102374,906273858893733,326823548801082,1135851016921538,9.082,7.116,1.448,5.532,0.371,121.693,180.16,212.626
447,Minneapolis,MN,44.9988918,-93.1663679,11128609732,3,3951,5893,482448823024046,1163135167529679,143975131600590,629011154723947,7.292,18.974,19.512,12.174,0.2,114.327,181.011,268.351
448,Minneapolis,MN,44.9988921,-93.1668066,11128609721,3,3951,5893,300236385102374,906273858893733,470061914066948,1135851016921538,19.411,13.214,8.804,14.441,0.371,121.693,180.16,212.626
449,Minneapolis,MN,44.998894,-93.1668723,1708365458,4,3951,5893,300236385102374,906273858893733,470061914066948,1135851016921538,24.511,17.721,13.809,19.369,0.371,121.693,180.16,212.626
450,Minneapolis,MN,44.9989054,-93.1662823,1708365440,4,3951,5893,510829829947631,1163135167529679,143975131600590,1861744973983783,14.112,13.341,26.315,11.296,0.19,114.327,181.011,269.148
451,Minneapolis,MN,44.9989252,-93.1661913,1847222203,3,3951,5893,510829829947631,742074649798722,160993696480269,1861744973983783,21.163,10.232,33.767,10.003,0.19,101.937,180.0,269.148
452,Minneapolis,MN,44.9989802,-93.16697,1471054726,4,3951,5893,300236385102374,906273858893733,271948324615070,482001389716934,32.809,24.201,21.219,32.484,0.371,121.693,180.29,237.66
453,Minneapolis,MN,44.9989829,-93.1668091,11128609718,4,3951,5893,300236385102374,906273858893733,271948324615070,482001389716934,20.729,11.797,8.844,19.849,0.371,121.693,180.29,237.66
454,Minneapolis,MN,44.9989836,-93.1668732,725880235,4,3951,5893,300236385102374,906273858893733,271948324615070,482001389716934,25.531,16.729,13.751,24.888,0.371,121.693,180.29,237.66
455,Minneapolis,MN,44.9989861,-93.1666714,187871368,4,3951,5893,3963107877118154,906273858893733,376431557073273,482001389716934,10.393,3.475,1.219,9.095,0.21,121.693,180.63,237.66
456,Minneapolis,MN,44.9989868,-93.1664865,187871366,3,3951,5893,1441894452824909,906273858893733,160993696480269,203614424777452,0.798,14.409,10.341,2.344,0.86,121.693,180.0,261.244
457,Minneapolis,MN,44.9989878,-93.1663716,11128609733,4,3951,5893,208887964385136,1163135167529679,160993696480269,629011154723947,7.066,14.649,19.311,2.049,0.23,114.327,180.0,268.351
458,Minneapolis,MN,44.9989887,-93.1662788,187857505,4,3951,5893,208887964385136,1163135167529679,160993696480269,1861744973983783,14.328,7.445,26.588,2.798,0.23,114.327,180.0,269.148
459,Minneapolis,MN,44.998989,-93.1661924,11128609737,4,3951,5893,208887964385136,1163135167529679,160993696480269,1861744973983783,21.107,1.787,33.368,4.936,0.23,114.327,180.0,269.148
460,Minneapolis,MN,44.9990842,-93.1669506,1471054751,3,3951,5893,842787886316809,935592659323950,326941918980806,482001389716934,30.53,22.768,19.785,33.28,0.147,121.449,180.75,237.66
461,Minneapolis,MN,44.9990878,-93.1668782,11128609715,4,3951,5893,842787886316809,935592659323950,326941918980806,482001389716934,24.84,17.085,14.104,28.24,0.147,121.449,180.75,237.66
462,Minneapolis,MN,44.9990881,-93.1668146,11128609719,3,3951,5893,842787886316809,935592659323950,326941918980806,203614424777452,19.841,12.183,9.221,29.636,0.147,121.449,180.75,261.244
463,Minneapolis,MN,44.9990936,-93.1666704,11128609735,4,3951,5893,842787886316809,935592659323950,1169812360135817,203614424777452,8.562,2.383,2.306,19.699,0.147,121.449,180.13,261.244
464,Minneapolis,MN,44.9990997,-93.1663788,11128609731,3,3951,5893,152674093536526,1163135167529679,1707245969642293,629011154723947,6.885,18.433,19.024,11.183,0.07,114.327,180.222,268.351
465,Minneapolis,MN,44.9991018,-93.1662767,11128609738,4,3951,5893,152674093536526,1163135167529679,1707245969642293,1861744973983783,14.62,12.916,26.908,10.996,0.07,114.327,180.222,269.148
466,Minneapolis,MN,45.0060189,-93.1661271,1471054768,3,3951,5893,900932233789168,131013092319548,188746626448834,529620825078295,11.876,18.608,15.788,20.239,0.05,98.31,132.64,269.36
467,Minneapolis,MN,45.0060334,-93.1667455,11128582624,4,3951,5893,3944680935586623,1640869100446804,177954350897717,305600594411125,25.4,13.007,10.209,17.775,359.72,121.465,179.86,251.95
468,Minneapolis,MN,45.0060368,-93.1661781,10257550104,4,3951,5893,524406962049451,3009099989413295,188746626448834,529620825078295,7.865,13.936,13.102,19.697,0.07,112.37,132.64,269.36
469,Minneapolis,MN,45.0060374,-93.1666135,1471054788,4,3951,5893,3944680935586623,1640869100446804,229368415619450,767410437298297,15.09,5.072,2.327,4.607,359.72,121.465,179.63,237.64
470,Minneapolis,MN,45.0060469,-93.1668495,1471054756,4,3951,5893,3944680935586623,1640869100446804,1765622473609488,305600594411125,33.66,21.262,18.033,25.009,359.72,121.465,179.99,251.95
471,Minneapolis,MN,45.0060528,-93.1662345,11128582626,3,3951,5893,221493772753554,3009099989413295,302884804763627,952917918791484,3.619,14.595,14.156,18.183,0.01,112.37,148.25,268.14
472,Minneapolis,MN,45.0061281,-93.1668565,415800224,3,3951,5893,2906751399597959,1485308439851340,485659456010804,305600594411125,33.696,21.174,18.507,24.992,359.083,121.465,179.7,251.95
473,Minneapolis,MN,45.0061285,-93.1667492,10257550105,4,3951,5893,2906751399597959,1485308439851340,485659456010804,305600594411125,25.271,12.848,10.083,16.655,359.083,121.465,179.7,251.95
474,Minneapolis,MN,45.006129,-93.166615,187899639,4,3951,5893,2906751399597959,1485308439851340,485659456010804,305600594411125,14.75,3.341,0.878,6.589,359.083,121.465,179.7,251.95
475,Minneapolis,MN,45.0063037,-93.1668689,1896780205,3,3951,5893,318321149810242,1486843349456102,2901477076755492,305600594411125,34.405,21.627,19.476,34.224,359.101,121.465,179.65,251.95
476,Minneapolis,MN,45.0063218,-93.1667499,1896780218,3,3951,5893,318321149810242,1486843349456102,313875710126632,781716205813721,25.477,12.226,10.119,28.43,359.101,121.465,179.74,262.0
477,Minneapolis,MN,45.0063578,-93.1667265,1896780242,3,3951,5893,3917485231711867,1486843349456102,1642936916095570,781716205813721,23.186,11.301,8.494,29.959,359.36,121.465,179.74,262.0
478,Minneapolis,MN,45.0063597,-93.1666112,1896780249,4,3951,5893,3917485231711867,1486843349456102,771859133532984,781716205813721,14.184,4.867,0.6,25.159,359.36,121.465,179.53,262.0
479,Minneapolis,MN,45.0063633,-93.1663832,1896780245,4,3951,5893,242243087696908,1486843349456102,309690600761406,918990472289134,1.842,17.374,7.345,9.991,359.59,121.465,179.83,271.63
480,Minneapolis,MN,45.0063659,-93.16622,1896780243,3,3951,5893,453303005967337,3009099989413295,287370696358272,918990472289134,6.309,24.864,18.61,2.921,359.13,112.37,179.98,271.63
481,Minneapolis,MN,45.0067383,-93.1668794,10257587239,3,3951,5893,154908173793886,1494808964309624,4181891745182857,768831084139477,27.108,24.734,19.024,26.98,342.72,79.974,179.78,291.094
482,Minneapolis,MN,44.9989913,-93.1463989,8585684144,3,3952,5893,330798475072691,851963785390117,310749443783142,1904911156351963,1.394,25.129,2.327,34.654,359.489,59.228,180.233,285.727
483,Minneapolis,MN,45.0060938,-93.1632051,1470864523,4,3952,5893,356289415828763,255745139671115,948073295966510,1192526221207872,25.179,15.081,22.317,27.756,48.9,91.18,194.39,264.83
484,Minneapolis,MN,45.0061013,-93.163085,1470864535,4,3952,5893,356289415828763,1756322491238484,948073295966510,923875401771255,24.684,18.449,25.092,22.843,48.9,94.55,194.39,266.2
485,Minneapolis,MN,45.0063381,-93.1631683,5722924485,4,3952,5893,519964022714019,846875492619499,292068315967268,268718728336060,5.349,6.93,6.815,8.436,30.52,82.63,174.74,272.93
486,Minneapolis,MN,45.0063391,-93.1630634,5722924486,4,3952,5893,519964022714019,846875492619499,771481120229539,1192526221207872,6.16,11.063,15.056,2.662,30.52,82.63,181.58,264.83
487,Minneapolis,MN,45.0067251,-93.1635933,1672919079,3,3952,5893,164843715486082,954779191992264,783227942382783,1169612573499157,28.226,2.759,13.067,2.348,339.22,76.58,135.44,246.72
488,Minneapolis,MN,45.006764,-93.1634865,415799803,3,3952,5893,164843715486082,504121680773332,783227942382783,957687828371078,18.79,1.185,3.884,4.169,339.22,67.53,135.44,265.8
489,Minneapolis,MN,45.0068346,-93.1631167,415799791,4,3952,5893,556423288678578,2888290944728956,259780222598084,2657313451236128,6.153,9.608,16.978,19.581,1.4,89.06,166.57,276.95
490,Minneapolis,MN,45.0068658,-93.1631069,415799792,3,3952,5893,223900782472416,2888290944728956,259780222598084,2657313451236128,8.292,12.18,20.415,20.877,354.91,89.06,166.57,276.95
491,Minneapolis,MN,45.0068954,-93.1635942,9420859847,3,3952,5893,164843715486082,954779191992264,783227942382783,2679735132287026,26.513,16.655,15.83,15.234,339.22,76.58,135.44,263.51
492,Minneapolis,MN,45.0089634,-93.1464719,187856973,3,3952,5893,310123053820935,468094417808745,1152573441837248,609595550001186,11.457,34.012,7.05,13.709,1.157,94.149,180.027,234.731
493,Minneapolis,MN,45.0091386,-93.1464778,187856975,3,3952,5893,875368429681681,468094417808745,4092614790832098,609595550001186,9.3,17.074,3.465,21.799,354.43,94.149,182.611,234.731
494,Minneapolis,MN,44.9804879,-93.2994207,12760212244,4,3945,5894,950664979022964,174339004600871,499376014582867,519644239411484,11.447,11.156,7.026,8.626,23.85,34.828,209.064,214.862
495,Minneapolis,MN,44.9807117,-93.2990847,12760212277,3,3945,5894,567891667935321,813784519247215,282062860316232,3161796027306833,8.052,7.413,11.483,13.79,25.247,82.359,177.429,274.366
496,Minneapolis,MN,44.9807501,-93.2974432,8554978179,4,3945,5894,5454078097967797,187093833268898,934437880638446,1147680502373813,32.423,8.218,22.05,4.92,33.4,97.375,178.379,280.775
497,Minneapolis,MN,44.9807806,-93.3009685,13302704535,3,3945,5894,1155153588292606,2867957793532874,739129510054729,1854368748848925,9.73,9.685,6.113,12.452,19.83,46.462,171.227,272.162
498,Minneapolis,MN,44.9807887,-93.3004267,10249431138,4,3945,5894,193457525838365,2656860564607115,495094214872767,1141364111240133,28.638,7.848,32.995,11.488,39.025,92.131,214.064,272.162
499,Minneapolis,MN,44.9815294,-93.3019033,12760212365,3,3945,5894,299373921753758,314780933382152,143671621011746,769522360591413,4.911,4.954,33.038,4.926,15.695,69.465,129.3,287.216
500,Minneapolis,MN,44.9816234,-93.298263,8554978153,4,3945,5894,1111050689304177,842667343273590,289473276109535,1941172372697562,10.313,10.037,10.701,14.593,353.736,116.228,159.806,288.742
501,Minneapolis,MN,44.9816392,-93.3019027,12760212364,3,3945,5894,210535327320267,322278089444351,143671621011746,3984724744939929,9.634,8.743,31.929,11.374,359.099,89.491,129.3,270.871
502,Minneapolis,MN,44.9817193,-93.2982971,8554978158,3,3945,5894,508483326954952,833465200590736,1077608026064070,1941172372697562,7.86,7.52,8.185,18.54,1.814,135.481,176.944,288.742
503,Minneapolis,MN,44.9839424,-93.3033545,6822664176,4,3945,5894,1133434583822569,254436283126384,775503023163848,951750158986024,8.802,3.925,7.865,11.533,51.163,88.875,165.937,252.679
504,Minneapolis,MN,44.9840538,-93.298097,12463882076,3,3945,5894,1136669250166585,202579051535699,214887876823432,495302194946053,16.041,10.777,7.446,14.297,19.476,83.926,183.98,249.551
505,Minneapolis,MN,44.9840613,-93.2981086,12993156625,3,3945,5894,1136669250166585,426883801719732,214887876823432,495302194946053,14.921,9.597,6.832,13.462,19.476,82.915,183.98,249.551
506,Minneapolis,MN,44.984191,-93.2980837,12993156630,3,3945,5894,743600412924509,202579051535699,371969394194591,495302194946053,7.561,4.971,8.836,1.814,4.412,83.926,189.449,249.551
507,Minneapolis,MN,44.9841984,-93.3031471,6822664175,4,3945,5894,1133434583822569,184199193567639,775503023163848,1394217217625962,27.022,20.034,25.428,18.159,51.163,86.965,165.937,263.725
508,Minneapolis,MN,44.9846215,-93.3043863,12760212319,4,3945,5894,1218334681935821,393040241756434,3897983120238088,441134263937285,12.275,9.039,24.953,9.766,18.233,89.024,172.672,271.125
509,Minneapolis,MN,44.9846237,-93.3045949,12760212330,4,3945,5894,1218334681935821,556900985715485,3897983120238088,354255126032839,6.131,8.517,22.901,17.705,18.233,60.147,172.672,278.047
510,Minneapolis,MN,44.9847048,-93.304392,6822664243,4,3945,5894,1218334681935821,393040241756434,3897983120238088,441134263937285,17.164,0.771,16.816,18.64,18.233,89.024,172.672,271.125
511,Minneapolis,MN,44.9847093,-93.304604,6822664245,4,3945,5894,1218334681935821,834668207143661,3897983120238088,354255126032839,14.504,15.54,14.16,24.449,18.233,88.025,172.672,278.047
512,Minneapolis,MN,44.9850173,-93.3006956,6822664197,3,3945,5894,304397311263174,253385616567413,2551934325110150,1769597293428326,12.405,20.555,7.479,12.885,326.138,147.384,182.773,292.442
513,Minneapolis,MN,44.9855643,-93.3000648,10021319382,3,3945,5894,1074765756381556,472411314034570,3181372365473613,782172396020773,31.004,15.474,3.994,12.209,302.434,122.385,197.451,293.319
514,Minneapolis,MN,44.9856478,-93.3013044,12946834208,3,3945,5894,286877309763823,134890731999313,3025696874425565,2894145204206646,11.958,11.55,12.154,12.677,13.41,70.344,148.248,329.658
515,Minneapolis,MN,44.9861817,-93.3011289,10021319387,3,3945,5894,477697743556056,143091347835970,144059317700107,477697743556056,6.654,20.96,27.371,6.654,323.546,89.036,178.071,323.546
516,Minneapolis,MN,44.986263,-93.301558,12946834344,3,3945,5894,1071848406672414,228834715671265,144059317700107,206183951128230,9.764,21.632,10.524,14.186,347.317,77.728,178.071,271.813
517,Minneapolis,MN,44.9862852,-93.2998292,12946834328,3,3945,5894,172537045605804,286657389823727,367249344724523,928819321207743,6.288,10.609,2.028,14.577,0.0,104.417,187.439,272.417
518,Minneapolis,MN,44.9862852,-93.2982735,12946834346,3,3945,5894,736680181335088,2588258351476039,466182467772723,134141515417537,6.377,10.459,34.8,11.797,0.0,101.715,130.688,274.699
519,Minneapolis,MN,44.9863934,-93.2996535,12946834330,3,3945,5894,619772563393291,286657389823727,1977666969056661,928819321207743,9.473,7.909,6.389,5.449,0.0,104.417,188.932,272.417
520,Minneapolis,MN,44.986403,-93.299639,11240318898,3,3945,5894,619772563393291,286657389823727,1977666969056661,928819321207743,9.538,9.443,7.869,6.749,0.0,104.417,188.932,272.417
521,Minneapolis,MN,44.9864038,-93.2998306,12946834334,3,3945,5894,172537045605804,221748142677746,316196900017066,928819321207743,12.274,8.788,4.27,14.625,0.0,104.082,189.008,272.417
522,Minneapolis,MN,44.9864048,-93.3016786,12946834342,3,3945,5894,284039253460552,1151622515311997,1725439250977842,743974369615057,14.275,10.754,10.261,1.572,325.64,147.521,152.056,268.072
523,Minneapolis,MN,44.9864162,-93.3017055,11984851377,3,3945,5894,284039253460552,2963379923919772,1725439250977842,743974369615057,15.531,12.644,11.902,2.655,325.64,141.412,152.056,268.072
524,Minneapolis,MN,44.9864432,-93.3014352,12946834338,3,3945,5894,299065048364912,228834715671265,144059317700107,206183951128230,3.817,14.332,15.983,11.651,324.729,77.728,178.071,271.813
525,Minneapolis,MN,44.9875703,-93.3020961,11984851374,3,3945,5894,2885107791711249,2878142505798008,812287703002267,2936341600018253,33.525,3.754,10.263,19.055,359.357,135.548,171.205,276.023
526,Minneapolis,MN,44.98036,-93.2954339,11356088905,3,3946,5894,228808949003999,294509535557448,2021534751331761,781318394635845,5.794,12.015,8.273,9.916,357.023,98.238,178.158,279.428
527,Minneapolis,MN,44.9805524,-93.2956422,11141849758,3,3946,5894,2304622579668747,1347526378981318,751152188908538,938716960211487,9.239,8.592,6.836,3.102,358.264,91.209,180.0,273.579
528,Minneapolis,MN,44.9815308,-93.2931092,11141849767,3,3946,5894,454534895846424,300828171499082,335987344702903,320904256073378,31.904,26.163,8.746,33.669,44.659,133.595,186.724,292.316
529,Minneapolis,MN,44.981626,-93.2884314,10021323038,4,3946,5894,793182397978135,3019224364968128,3582114211893357,500930524280582,23.563,11.656,26.298,19.709,7.328,95.178,173.614,266.483
530,Minneapolis,MN,44.9816423,-93.2930546,10021323030,3,3946,5894,479401330154629,300828171499082,911613563020001,207680374303670,19.109,13.848,4.808,19.803,309.598,133.595,181.589,299.852
531,Minneapolis,MN,44.9817329,-93.2932795,10021323019,3,3946,5894,454534895846424,1825751204258758,830849607639192,792467618062996,6.416,8.171,19.323,21.959,44.659,62.447,161.228,321.354
532,Minneapolis,MN,44.9818675,-93.2931109,10021323021,4,3946,5894,820386468914338,143751934330416,830849607639192,792467618062996,9.201,11.207,16.327,3.622,358.934,113.057,161.228,321.354
533,Minneapolis,MN,44.982374,-93.2854108,8292359461,4,3946,5894,843998469540590,315641613407095,494493451876232,2995914544008242,29.511,23.654,5.256,33.81,354.729,57.857,180.488,315.597
534,Minneapolis,MN,44.9825951,-93.2929686,6835454154,3,3946,5894,475505947065593,4114107771944254,295448808725054,2098546033620835,3.241,18.773,24.467,11.814,335.338,96.023,225.147,329.305
535,Minneapolis,MN,44.982782,-93.2819168,7973673559,4,3946,5894,467757001183463,835589384020856,461162064979094,804572333498013,20.76,25.329,22.829,11.051,325.409,65.421,190.573,270.0
536,Minneapolis,MN,44.9828416,-93.2907444,13323332065,3,3946,5894,312930153571803,473912813717900,291283312689440,877070769514952,5.843,6.039,10.503,12.683,2.736,87.976,186.614,237.086
537,Minneapolis,MN,44.9828487,-93.2907336,13323332069,3,3946,5894,312930153571803,473912813717900,291283312689440,877070769514952,6.668,5.36,11.307,13.802,2.736,87.976,186.614,237.086
538,Minneapolis,MN,44.9829255,-93.2822715,7973673635,4,3946,5894,467757001183463,304086794649576,1810590099123741,792741394970730,11.805,6.378,1.969,6.664,325.409,126.269,225.865,267.15
539,Minneapolis,MN,44.983155,-93.2816548,11273571710,3,3946,5894,1199570131819489,168209325222721,461162064979094,1199570131819489,9.868,24.594,24.987,9.868,316.26,139.631,190.573,316.26
540,Minneapolis,MN,44.9835809,-93.2828146,7973673656,3,3946,5894,1888989694598289,1002160080320609,1002160080320609,1888989694598289,19.449,10.225,10.225,19.449,312.22,133.418,133.418,312.22
541,Minneapolis,MN,44.9838734,-93.2810373,917143848,3,3946,5894,274297067810741,1245652915891438,3937576742999146,4063828663947574,5.895,11.896,19.321,29.99,16.945,98.416,164.673,270.81
542,Minneapolis,MN,44.9839404,-93.2854334,7973673753,3,3946,5894,2760289994232954,221398296060568,514274826613622,3627138597392684,11.966,10.227,6.674,20.131,8.933,90.0,180.0,264.301
543,Minneapolis,MN,44.984039,-93.2910876,6822678006,3,3946,5894,266610878485004,2358599987616810,479546490054191,316512403249639,12.734,15.648,6.256,16.629,350.73,91.109,155.217,274.898
544,Minneapolis,MN,44.984126,-93.2810331,3230958693,4,3946,5894,480584523240299,1245652915891438,760615234614811,4063828663947574,4.851,25.365,16.3,6.897,357.037,98.416,172.09,270.81
545,Minneapolis,MN,44.9841567,-93.2942561,6822635410,3,3946,5894,511750073328821,918608148925435,477727683280139,467817507612273,23.986,13.696,8.383,34.869,11.656,90.648,186.317,268.955
546,Minneapolis,MN,44.9841645,-93.2832212,8362867351,4,3946,5894,470010494111715,1121394895040828,468468281029346,470010494111715,7.598,7.996,16.541,7.598,315.154,93.994,131.321,315.154
547,Minneapolis,MN,44.9841761,-93.2943003,6822635403,3,3946,5894,909077623270936,585590755748344,475154713541496,467817507612273,29.586,13.598,11.338,32.375,3.318,91.291,185.874,268.955
548,Minneapolis,MN,44.9842184,-93.2775727,8362867764,4,3946,5894,415674263119109,469016734314299,469016734314299,415674263119109,32.614,22.773,22.773,32.614,304.227,126.639,126.639,304.227
549,Minneapolis,MN,44.9842305,-93.2811501,917143825,3,3946,5894,279197137244935,169397664991794,3987569888000683,370686047686816,8.2,16.62,14.85,8.021,340.524,123.191,166.98,275.326
550,Minneapolis,MN,44.9843122,-93.2811365,8362867349,4,3946,5894,279197137244935,235003631717324,3987569888000683,370686047686816,15.879,26.415,23.685,6.398,340.524,102.121,166.98,275.326
551,Minneapolis,MN,44.9843645,-93.2777879,1847504490,3,3946,5894,519827885859238,300780408331029,300780408331029,519827885859238,28.644,20.819,20.819,28.644,306.305,126.612,126.612,306.305
552,Minneapolis,MN,44.9845293,-93.2908946,6822678012,3,3946,5894,461689424905224,218108223108666,142369934539816,1665313983669492,22.276,22.218,29.232,10.858,345.068,90.0,157.901,269.283
553,Minneapolis,MN,44.9845562,-93.2780701,313631559,3,3946,5894,166076205441013,222401376316834,222401376316834,166076205441013,27.21,17.453,17.453,27.21,312.49,131.025,131.025,312.49
554,Minneapolis,MN,44.9845643,-93.2937625,1163928353,3,3946,5894,1434147106940212,3938482559568942,982520312518437,1963829077098781,8.948,26.668,22.369,12.447,7.013,87.687,155.978,268.001
555,Minneapolis,MN,44.9846326,-93.2955028,6822635388,3,3946,5894,1152581978769210,302221334696514,463497698245721,909905506468390,2.831,19.925,12.492,13.016,0.0,104.082,188.436,269.047
556,Minneapolis,MN,44.9847331,-93.295435,10767213984,3,3946,5894,878016070103305,302221334696514,463497698245721,909905506468390,1.708,28.699,24.144,24.442,0.0,104.082,188.436,269.047
557,Minneapolis,MN,44.984736,-93.2958781,10767213980,3,3946,5894,555861596636914,297304238516126,463497698245721,486838776097419,6.538,14.728,27.192,24.685,0.0,90.0,188.436,270.458
558,Minneapolis,MN,44.98476,-93.2783353,1847504494,3,3946,5894,201200328352701,852190142151147,852190142151147,201200328352701,22.494,15.041,15.041,22.494,313.718,134.291,134.291,313.718
559,Minneapolis,MN,44.9847881,-93.2845503,8369429654,4,3946,5894,487485752303489,472415630506445,472415630506445,487485752303489,17.333,8.199,8.199,17.333,315.154,136.574,136.574,315.154
560,Minneapolis,MN,44.9848484,-93.2777137,8362867765,4,3946,5894,166076205441013,222401376316834,222401376316834,166076205441013,20.839,26.529,26.529,20.839,312.49,131.025,131.025,312.49
561,Minneapolis,MN,44.9848831,-93.291492,12946833546,4,3946,5894,899794437271115,211713577186930,470064260928750,514677472866740,10.558,23.1,27.864,34.959,350.1,108.07,171.801,213.713
562,Minneapolis,MN,44.9849175,-93.2912852,11141849774,4,3946,5894,899794437271115,2125087827790836,470064260928750,514677472866740,8.275,13.764,22.812,27.994,350.1,63.384,171.801,213.713
563,Minneapolis,MN,44.9851329,-93.2781909,8362867763,4,3946,5894,1092460654574402,845867032669913,845867032669913,425339091877486,16.866,22.626,22.626,16.085,315.338,135.223,135.223,297.607
564,Minneapolis,MN,44.9851593,-93.2938693,1164659248,3,3946,5894,528307821495090,528307821495090,370312307741799,775178619804628,16.411,16.411,6.811,14.576,39.667,39.667,206.803,210.058
565,Minneapolis,MN,44.9852208,-93.294041,8558325267,3,3946,5894,1221557191597101,2557261221243076,370312307741799,775178619804628,34.454,13.685,8.672,16.196,337.26,106.576,206.803,210.058
566,Minneapolis,MN,44.985225,-93.2939963,8558325266,3,3946,5894,198535535434130,2557261221243076,370312307741799,775178619804628,30.577,17.152,5.608,12.945,30.651,106.576,206.803,210.058
567,Minneapolis,MN,44.9852647,-93.2760756,8362867777,4,3946,5894,207001837718645,145829470853611,145829470853611,290911699288196,12.601,14.736,14.736,15.998,315.221,133.001,133.001,274.256
568,Minneapolis,MN,44.9853124,-93.2854244,12459054987,4,3946,5894,940221349854145,1626721094191342,4018824484831244,803726177235410,10.531,16.338,14.815,16.083,356.033,84.469,179.235,270.0
569,Minneapolis,MN,44.9853434,-93.2791883,1847504513,3,3946,5894,759377124943359,770310153851656,770310153851656,759377124943359,23.929,18.175,18.175,23.929,315.556,135.168,135.168,315.556
570,Minneapolis,MN,44.9854587,-93.2937613,12946833634,4,3946,5894,1584304721759879,461664861786311,228020802429997,1066246180533008,8.605,34.572,6.592,1.028,310.47,57.321,219.385,275.236
571,Minneapolis,MN,44.9855437,-93.2895135,11141849780,4,3946,5894,248969403674516,576946459953156,287327752991960,1126394611188542,33.282,28.269,30.61,10.925,307.018,94.754,194.261,271.174
572,Minneapolis,MN,44.9856775,-93.2893362,11141849787,3,3946,5894,248969403674516,576946459953156,482835889640283,242782727638483,19.798,15.399,13.067,6.046,307.018,94.754,184.851,272.504
573,Minneapolis,MN,44.9857748,-93.2791168,9977479026,3,3946,5894,1156731848139477,495317658350161,204136484877842,1156731848139477,10.637,14.346,11.123,10.637,321.139,104.672,190.544,321.139
574,Minneapolis,MN,44.985902,-93.2765924,9977812597,4,3946,5894,193698322578127,166453672146518,166453672146518,193698322578127,9.259,9.859,9.859,9.259,317.307,133.307,133.307,317.307
575,Minneapolis,MN,44.9860427,-93.2801723,1847504540,3,3946,5894,212128487127744,750495425623198,750495425623198,212128487127744,27.535,17.339,17.339,27.535,315.449,135.443,135.443,315.449
576,Minneapolis,MN,44.9860733,-93.276852,9977812577,4,3946,5894,1231578205041012,314456300233164,314456300233164,189969802974007,14.665,8.925,8.925,8.263,0.0,134.525,134.525,315.002
577,Minneapolis,MN,44.9861928,-93.2770223,9977812575,4,3946,5894,1231578205041012,461099654953774,305230197831451,305230197831451,4.241,9.541,4.537,4.537,0.0,134.751,218.894,218.894
578,Minneapolis,MN,44.9862187,-93.2816788,8362867810,4,3946,5894,497283041470619,1079764855767256,1079764855767256,497283041470619,4.395,6.12,6.12,4.395,315.741,137.307,137.307,315.741
579,Minneapolis,MN,44.9862579,-93.2784395,13615326153,4,3946,5894,1464737321207150,132327988886927,5501676886570195,5501676886570195,15.116,11.548,7.134,7.134,0.0,42.569,223.253,223.253
580,Minneapolis,MN,44.986263,-93.2868362,8369429615,3,3946,5894,110187454472281,1916634965143940,1916634965143940,776678699714126,20.65,6.032,6.032,14.893,7.144,128.312,128.312,313.475
581,Minneapolis,MN,44.9863819,-93.2856457,8369429601,4,3946,5894,301519861474590,213234903942178,467520914308664,751271102212440,12.103,2.682,12.254,3.941,20.962,79.51,174.491,265.996
582,Minneapolis,MN,44.9865967,-93.2809518,313631996,3,3946,5894,4142800955778306,767779357274972,767779357274972,4142800955778306,27.834,20.406,20.406,27.834,313.57,134.911,134.911,313.57
583,Minneapolis,MN,44.9866656,-93.280363,8362867807,4,3946,5894,1173677916427613,295461565507230,295461565507230,1173677916427613,11.705,23.561,23.561,11.705,314.609,135.548,135.548,314.609
584,Minneapolis,MN,44.9867948,-93.2878212,8366271310,3,3946,5894,370223501062587,1014895369251439,1014895369251439,513857419621035,18.621,11.564,11.564,28.065,358.471,132.384,132.384,308.799
585,Minneapolis,MN,44.986886,-93.2813584,1847504593,3,3946,5894,1133908580460007,2939216833023442,2939216833023442,1133908580460007,26.73,20.446,20.446,26.73,314.666,134.212,134.212,314.666
586,Minneapolis,MN,44.9873144,-93.2766721,11018689383,3,3946,5894,1720929424758972,527906031557807,3027347877551608,988955951853306,14.648,6.915,12.685,22.603,357.188,35.27,141.838,320.165
587,Minneapolis,MN,44.9875576,-93.2765867,11018643683,3,3946,5894,959972868132482,787287841932411,787287841932411,988955951853306,10.791,10.995,10.995,7.068,357.188,138.599,138.599,320.165
588,Minneapolis,MN,44.9876918,-93.2840911,9988459791,4,3946,5894,756321256847070,909855036225102,909855036225102,134957988623188,18.849,11.632,11.632,25.907,0.0,135.85,135.85,262.805
589,Minneapolis,MN,44.9878245,-93.2839175,8362867801,4,3946,5894,756321256847070,721993913748340,1232543461851819,134957988623188,12.377,6.243,5.989,12.049,0.0,68.64,195.528,262.805
590,Minneapolis,MN,44.9878682,-93.2827389,1847504683,3,3946,5894,321933262614506,1112945865854626,1561610914822498,321933262614506,28.691,17.519,19.779,28.691,323.275,135.255,161.593,323.275
591,Minneapolis,MN,44.9879185,-93.2794379,11018689376,4,3946,5894,201120415187134,1960547187436057,1960547187436057,2920079581567263,34.343,10.233,10.233,34.957,42.563,136.406,136.406,252.914
592,Minneapolis,MN,44.98792,-93.2775013,9977812564,4,3946,5894,837493453812559,298640841796108,298640841796108,837493453812559,18.317,10.222,10.222,18.317,316.565,138.857,138.857,316.565
593,Minneapolis,MN,44.9880593,-93.2796344,11018689371,4,3946,5894,201120415187134,324869812329861,3010639109260688,224982885630337,14.838,14.063,10.116,14.315,42.563,66.488,135.444,279.179
594,Minneapolis,MN,44.988075,-93.289579,8369429484,3,3946,5894,450819992681374,980331716041810,247773360461557,245891470610993,26.612,18.491,9.473,32.643,33.397,143.157,182.745,321.34
595,Minneapolis,MN,44.9880807,-93.2830375,1847504697,3,3946,5894,223573185805499,281716767035195,1141220397879780,223573185805499,31.161,20.161,11.836,31.161,324.889,137.148,161.593,324.889
596,Minneapolis,MN,44.9881605,-93.2831496,1847504704,3,3946,5894,2873642229548986,1842156643315322,1141220397879780,1315272403584147,25.541,25.174,7.067,24.536,44.508,93.612,161.593,216.598
597,Minneapolis,MN,44.9881846,-93.2857227,33465435,3,3946,5894,1560377754169829,1560377754169829,940578726734806,170156858247829,4.557,4.557,10.643,18.806,42.496,42.496,197.758,225.242
598,Minneapolis,MN,44.9882504,-93.2896744,8369429473,3,3946,5894,450819992681374,509144926892442,131851068901783,163829445681946,19.422,15.314,9.749,25.768,33.397,123.283,149.804,315.098
599,Minneapolis,MN,44.9885512,-93.2829115,8362867802,3,3946,5894,811934066090003,811934066090003,3778100538986298,574306080215906,7.956,7.956,21.595,22.293,43.542,43.542,216.743,261.952
600,Minneapolis,MN,44.9885822,-93.2783915,9977812566,4,3946,5894,523672618646672,391498255253352,391498255253352,1038441003227058,11.144,10.543,10.543,10.814,315.098,135.044,135.044,310.195
601,Minneapolis,MN,44.9887056,-93.2808893,11018695509,3,3946,5894,149262817162648,281020060417425,281020060417425,4387888544566011,11.362,8.853,8.853,23.266,347.112,134.977,134.977,271.78
602,Minneapolis,MN,44.9887275,-93.2895097,8369429486,3,3946,5894,209412997448850,166776162035543,2689251554647780,533264481000590,16.202,27.351,16.735,2.391,323.548,138.822,190.917,254.927
603,Minneapolis,MN,44.9887597,-93.2829236,11018695522,3,3946,5894,542018610535898,542018610535898,839633573354007,574306080215906,9.673,9.673,9.842,1.866,43.848,43.848,220.428,261.952
604,Minneapolis,MN,44.988761,-93.278648,11018689369,3,3946,5894,1124095718077776,163943402326862,2640171932949169,3961178913961731,14.919,13.154,10.13,12.93,357.521,64.765,228.323,273.303
605,Minneapolis,MN,44.9888496,-93.284964,11018695535,4,3946,5894,285448423286279,285448423286279,573184596985047,573184596985047,5.615,5.615,4.147,4.147,42.281,42.281,226.446,226.446
606,Minneapolis,MN,44.9888755,-93.2787953,11018665409,4,3946,5894,1124095718077776,163943402326862,2640171932949169,3961178913961731,13.142,8.329,7.185,15.507,357.521,64.765,228.323,273.303
607,Minneapolis,MN,44.9889221,-93.2929534,12946834455,4,3946,5894,2881804762071984,306862734165168,2949443188621052,144856027616525,34.199,12.787,6.021,16.443,54.417,86.006,159.778,268.025
608,Minneapolis,MN,44.9889241,-93.2877008,8369429579,3,3946,5894,164042668977780,318922163103401,2802126483432481,1140867333406705,7.563,21.051,27.208,28.303,19.339,92.313,205.89,283.404
609,Minneapolis,MN,44.9889506,-93.2808591,11018689354,4,3946,5894,227605539131341,306731154312880,955517875254187,4387888544566011,15.2,10.232,4.975,4.124,4.493,128.829,237.016,271.78
610,Minneapolis,MN,44.9890491,-93.2925272,12946834450,4,3946,5894,864584921133167,1605275976343868,289409359499523,626111428356980,4.035,10.061,14.987,12.976,342.618,58.452,238.419,266.323
611,Minneapolis,MN,44.9890767,-93.293054,12946834444,3,3946,5894,1605275976343868,306862734165168,374938407196422,144856027616525,34.748,6.435,5.894,2.958,58.452,86.006,193.082,268.025
612,Minneapolis,MN,44.9890981,-93.2768422,6113761985,3,3946,5894,781064944980908,1508941760327599,1508941760327599,781064944980908,29.666,8.089,8.089,29.666,310.225,135.897,135.897,310.225
613,Minneapolis,MN,44.989136,-93.2767818,9977812605,4,3946,5894,781064944980908,1508941760327599,1508941760327599,781064944980908,28.375,1.748,1.748,28.375,310.225,135.897,135.897,310.225
614,Minneapolis,MN,44.9891545,-93.2811485,11018689351,4,3946,5894,391117478672468,229288358870438,229288358870438,391117478672468,8.764,9.364,9.364,8.764,312.416,136.681,136.681,312.416
615,Minneapolis,MN,44.9891746,-93.2926242,12946834448,3,3946,5894,815443265767495,1605275976343868,289409359499523,626111428356980,4.619,6.704,2.38,5.461,329.248,58.452,238.419,266.323
616,Minneapolis,MN,44.9891759,-93.2875789,8369429581,3,3946,5894,523529182156790,479933629921305,2802126483432481,1140867333406705,7.302,4.078,8.737,9.447,22.083,112.456,205.89,283.404
617,Minneapolis,MN,44.9891852,-93.2776383,6113761979,3,3946,5894,4407731266217154,827116363556801,1550734186078976,25694369863492317,5.392,5.048,22.066,12.937,32.607,36.395,150.224,319.398
618,Minneapolis,MN,44.9892092,-93.2862116,8369429665,3,3946,5894,2615585915231873,577429696563130,577429696563130,775019610073353,16.839,11.137,11.137,15.359,347.931,139.043,139.043,253.001
619,Minneapolis,MN,44.9892282,-93.2812527,11018689352,4,3946,5894,481004633164322,496163774763305,496163774763305,196950335597121,9.817,9.395,9.395,9.676,314.052,136.924,136.924,307.413
620,Minneapolis,MN,44.9892543,-93.2769393,9977812606,3,3946,5894,781064944980908,1490818388802257,1490818388802257,781064944980908,10.693,1.536,1.536,10.693,310.225,137.72,137.72,310.225
621,Minneapolis,MN,44.9892871,-93.2803924,11018689403,4,3946,5894,2674669126158253,2674669126158253,315155476661890,315155476661890,9.528,9.528,6.354,6.354,41.362,41.362,219.122,219.122
622,Minneapolis,MN,44.9893203,-93.2860336,11018695529,3,3946,5894,2615585915231873,577429696563130,577429696563130,236932241537394,24.049,7.546,7.546,8.219,347.931,139.043,139.043,254.828
623,Minneapolis,MN,44.9893509,-93.286079,313631182,3,3946,5894,2615585915231873,1679221355799335,1679221355799335,236932241537394,20.571,7.403,7.403,4.109,347.931,138.252,138.252,254.828
624,Minneapolis,MN,44.9893688,-93.2911511,12946833596,3,3946,5894,526259465063202,495686638385487,1810135612482435,285298866577685,8.196,8.501,6.829,34.662,22.873,80.616,179.301,316.529
625,Minneapolis,MN,44.9893712,-93.277149,9977841418,3,3946,5894,781064944980908,1960526688194722,865158222669249,1481420983137662,12.589,4.393,4.276,5.602,310.225,131.027,135.133,291.439
626,Minneapolis,MN,44.9893769,-93.2767575,11113121482,4,3946,5894,781064944980908,25535651159455314,1490818388802257,781064944980908,19.011,27.772,18.295,19.011,310.225,88.238,137.72,310.225
627,Minneapolis,MN,44.9894535,-93.2819588,11018689343,4,3946,5894,461099505119911,461099505119911,297620155223347,745557842794977,6.043,6.043,14.735,16.278,45.295,45.295,163.97,282.506
628,Minneapolis,MN,44.9894545,-93.2910469,12621534076,3,3946,5894,1863474320469842,316210069863229,1135570373622188,285298866577685,13.566,7.886,2.149,22.252,15.528,84.233,182.336,316.529
629,Minneapolis,MN,44.9894576,-93.2772741,9977812609,4,3946,5894,1985878405676657,1886922298566830,1410145167300535,1363002478860238,5.581,4.761,4.131,4.524,324.666,135.133,138.719,224.716
630,Minneapolis,MN,44.9894809,-93.2816097,11018689349,4,3946,5894,481977543131238,289775876158280,481303729742957,745557842794977,10.859,10.307,12.289,16.169,19.874,48.349,191.424,282.506
631,Minneapolis,MN,44.9894816,-93.2801189,13730978211,4,3946,5894,2994576180775488,2994576180775488,873107870215346,873107870215346,10.129,10.129,5.092,5.092,43.507,43.507,221.206,221.206
632,Minneapolis,MN,44.9895068,-93.2917879,12946833597,4,3946,5894,4200737089987812,4200737089987812,1087755788384678,1087755788384678,9.06,9.06,14.288,14.288,45.523,45.523,225.658,225.658
633,Minneapolis,MN,44.9895171,-93.2769433,11113121486,4,3946,5894,766271753087124,25535651159455314,865158222669249,1481420983137662,0.837,7.844,19.033,17.523,42.466,88.238,135.133,291.439
634,Minneapolis,MN,44.9895286,-93.2797216,11018665416,4,3946,5894,482952416248977,1933197156834397,298041548702733,517482816102295,11.172,8.805,10.071,18.749,8.532,41.079,136.451,265.508
635,Minneapolis,MN,44.9895602,-93.2911509,12946834496,3,3946,5894,144990344272557,525341735307478,489290802497685,163158102413434,21.722,11.069,5.81,19.976,339.808,137.236,177.618,316.513
636,Minneapolis,MN,44.9897473,-93.2913998,12621534075,3,3946,5894,3694672247328713,928023767742087,500250597686636,2832018980460026,23.629,9.859,9.89,15.972,352.399,90.0,141.123,230.12
637,Minneapolis,MN,44.9897751,-93.290964,8369429714,3,3946,5894,1890141034481558,800872020543721,955295065218961,744118742921794,6.797,18.195,19.768,8.135,355.787,136.524,164.665,317.321
638,Minneapolis,MN,44.9899363,-93.2786905,2818049991,3,3946,5894,1519392062518311,1543253443460286,1543253443460286,24646283715054840,31.036,1.511,1.511,31.417,39.31,136.995,136.995,316.419
639,Minneapolis,MN,44.990003,-93.2811788,11018695516,4,3946,5894,496940561742451,288495416270086,999562020580091,157952956270919,7.627,5.946,8.443,3.052,331.186,43.048,174.762,223.319
640,Minneapolis,MN,44.9900157,-93.2942663,12946833673,3,3946,5894,486869145989551,490140648990379,2918581608399798,467023954530571,29.654,4.109,2.263,28.377,334.257,92.417,151.284,328.837
641,Minneapolis,MN,44.9900368,-93.2941001,12946833670,3,3946,5894,467023954530571,579655352952144,455439299092098,292742392497667,16.628,11.8,6.773,17.515,328.837,104.895,150.499,322.706
642,Minneapolis,MN,44.9900554,-93.2912915,11141805576,3,3946,5894,3694672247328713,482729759663191,208948547498712,921440111955274,11.857,2.746,1.82,5.105,352.399,46.069,219.762,252.229
643,Minneapolis,MN,44.9900741,-93.2804706,9977812573,4,3946,5894,629502201266525,2962317463984701,2962317463984701,629502201266525,13.815,7.791,7.791,13.815,317.283,132.229,132.229,317.283
644,Minneapolis,MN,44.9901315,-93.2784239,2818049994,3,3946,5894,24646283715054840,1528311755082985,1528311755082985,24646283715054840,6.171,12.076,12.076,6.171,316.419,135.072,135.072,316.419
645,Minneapolis,MN,44.9901832,-93.2790423,2818049995,3,3946,5894,881265967568651,860507079694083,860507079694083,863021756260394,31.993,4.01,4.01,33.52,316.576,135.525,135.525,310.254
646,Minneapolis,MN,44.9902758,-93.2786215,2818049996,3,3946,5894,889064347016890,822936303687511,822936303687511,889064347016890,1.887,12.818,12.818,1.887,316.241,135.414,135.414,316.241
647,Minneapolis,MN,44.9903786,-93.2787624,2818050000,3,3946,5894,881265967568651,764098753310776,764098753310776,881265967568651,4.466,10.372,10.372,4.466,316.576,149.608,149.608,316.576
648,Minneapolis,MN,44.9905059,-93.2919944,11141805573,4,3946,5894,270120398179573,1212752415827507,1212752415827507,875612629963711,6.192,16.46,16.46,6.77,314.593,134.844,134.844,308.004
649,Minneapolis,MN,44.9906617,-93.2919707,8006173398,3,3946,5894,875612629963711,810769079814784,1212752415827507,875612629963711,16.755,31.141,29.801,16.755,308.004,128.497,134.844,308.004
650,Minneapolis,MN,44.9906976,-93.2941672,1166926138,3,3946,5894,1864091780416243,527325628290384,2215406141929782,1973459199475869,8.131,7.403,3.476,20.689,8.997,127.212,186.508,270.0
651,Minneapolis,MN,44.9907713,-93.2791014,9977812614,4,3946,5894,2701772236847798,1490170495623486,2755979681401123,2701772236847798,3.204,3.597,3.197,3.204,313.352,132.189,137.486,313.352
652,Minneapolis,MN,44.9907763,-93.2943419,11000992157,3,3946,5894,513192139684588,2546712128808988,337791628017814,790670558226452,23.196,8.343,3.822,12.309,8.242,93.927,191.081,269.43
653,Minneapolis,MN,44.99086,-93.2913512,7181575080,3,3946,5894,298773831868394,319036326534882,502877034394890,525878981752972,26.117,27.692,23.642,30.541,21.291,63.088,193.974,241.246
654,Minneapolis,MN,44.9908885,-93.2912203,7181575081,3,3946,5894,298773831868394,319036326534882,502877034394890,525878981752972,21.386,18.947,16.553,20.705,21.291,63.088,193.974,241.246
655,Minneapolis,MN,44.9909106,-93.2942479,11000992149,3,3946,5894,536944150789347,2546712128808988,290343106148395,917804635723132,18.554,13.083,2.437,3.129,0.422,93.927,188.051,268.763
656,Minneapolis,MN,44.9909287,-93.2939412,6835454172,3,3946,5894,536944150789347,524359795364261,444073994017813,500545721136849,5.967,13.152,2.356,4.72,0.422,90.827,223.853,270.0
657,Minneapolis,MN,44.9910192,-93.2794499,9977812616,3,3946,5894,154899223261672,1200511555270864,825857533673161,825857533673161,16.475,2.986,1.26,1.26,4.128,135.134,218.172,218.172
658,Minneapolis,MN,44.9910666,-93.2895255,7641862710,3,3946,5894,1887640784719212,1146306105885851,288912352964370,837533977119756,3.801,23.479,4.814,21.079,2.892,58.654,186.601,282.626
659,Minneapolis,MN,44.9910681,-93.2898206,7663824333,3,3946,5894,1887640784719212,915627912569160,1017123422153497,513426099836143,21.308,22.8,18.528,20.783,2.892,86.102,186.33,266.404
660,Minneapolis,MN,44.9910763,-93.2938973,10185135605,3,3946,5894,177579407592692,524359795364261,528080345037494,500545721136849,10.027,29.705,26.948,21.46,357.495,90.827,179.452,270.0
661,Minneapolis,MN,44.9919071,-93.2830323,11018689334,3,3946,5894,1151065298749068,801375490808877,3866290780084900,735311433807195,7.942,10.729,1.727,14.814,359.395,100.304,184.355,269.169
662,Minneapolis,MN,44.9920114,-93.2878148,8369429760,3,3946,5894,756852191657571,1099019620587255,190507116146411,470973077566748,12.628,9.578,20.807,1.445,1.095,88.809,182.612,267.719
663,Minneapolis,MN,44.9921097,-93.2797015,7172242639,4,3946,5894,1495427017477741,943986536362702,499360811402394,2708678722710923,22.686,30.509,17.24,21.976,334.585,42.029,186.507,275.887
664,Minneapolis,MN,44.9922559,-93.2801187,6863008137,3,3946,5894,943986536362702,3932891580122158,1784421568878309,1182920015462712,23.971,22.208,13.693,20.246,42.029,126.567,180.0,269.319
665,Minneapolis,MN,44.9929924,-93.2878874,10852799925,4,3946,5894,519360512570553,150537677079399,469400697671981,478281123392977,5.542,10.654,14.926,13.04,4.577,86.322,181.013,267.143
666,Minneapolis,MN,44.9929963,-93.2886753,10852806715,4,3946,5894,469860310745869,273034844506965,958796454870964,176156447734477,21.251,8.012,3.429,12.811,2.892,89.047,181.366,268.809
667,Minneapolis,MN,44.9929965,-93.2883292,10852806714,4,3946,5894,304654937911667,2983666528572263,525666915287785,505387667544283,29.285,8.79,2.649,8.319,358.49,88.048,180.548,265.445
668,Minneapolis,MN,44.9931289,-93.2881263,10852806707,4,3946,5894,2026542334167149,2983666528572263,141137787941749,262728175288022,12.625,20.892,3.858,3.376,0.755,88.048,179.668,270.976
669,Minneapolis,MN,44.9931358,-93.2896445,10852806775,4,3946,5894,1094964434666177,522725129106898,2806353576342029,523481988653343,9.326,6.344,8.203,3.346,3.22,92.405,194.563,271.08
670,Minneapolis,MN,44.9931385,-93.2894317,10852806720,3,3946,5894,169680678298343,2970396843284637,2806353576342029,1127531824424222,8.363,8.081,15.538,5.267,344.101,90.0,194.563,273.429
671,Minneapolis,MN,44.9941188,-93.2813474,7172677495,3,3946,5894,215764986719192,861019637956330,213959430272128,945030609590512,11.661,29.435,14.985,14.745,359.693,103.07,184.639,272.347
672,Minneapolis,MN,44.9942449,-93.2817185,11000946243,3,3946,5894,299949845128885,861019637956330,2728128530811838,945030609590512,19.195,3.237,11.558,29.397,0.294,103.07,178.763,272.347
673,Minneapolis,MN,44.9946608,-93.2868944,752181218,3,3946,5894,487678455815298,1387797011594927,1126182057897716,942144169879967,20.642,5.286,15.846,4.037,40.063,90.0,226.208,261.178
674,Minneapolis,MN,44.9803701,-93.2735729,1624755028,3,3947,5894,2826755630910457,2826755630910457,1457565958833077,1457565958833077,8.28,8.28,14.027,14.027,50.35,50.35,223.072,223.072
675,Minneapolis,MN,44.9803956,-93.258928,13734686941,3,3947,5894,311269900510202,1368637750448100,869312087964787,311576313769861,18.148,10.837,10.134,13.294,338.88,111.948,154.948,310.9
676,Minneapolis,MN,44.9804182,-93.273895,8362867840,4,3947,5894,775827009801438,775827009801438,1999716640783879,1999716640783879,11.736,11.736,8.534,8.534,46.129,46.129,223.072,223.072
677,Minneapolis,MN,44.980425,-93.2589772,13734686939,3,3947,5894,311269900510202,1368637750448100,869312087964787,295834732222802,15.186,10.346,12.592,14.31,338.88,111.948,154.948,301.357
678,Minneapolis,MN,44.980437,-93.258999,13734686935,3,3947,5894,311269900510202,620044743659441,3454268798159498,295834732222802,14.365,14.399,11.265,14.061,338.88,85.948,147.948,301.357
679,Minneapolis,MN,44.9804726,-93.2590643,6859058685,3,3947,5894,311269900510202,620044743659441,1298048997288388,295834732222802,13.817,13.249,18.3,15.285,338.88,85.948,186.047,301.357
680,Minneapolis,MN,44.9806986,-93.2690886,8359454339,4,3947,5894,1069629095220242,855430060310542,804705622402126,685155210694406,10.922,12.597,11.694,12.785,319.244,125.255,175.506,300.441
681,Minneapolis,MN,44.9807312,-93.2691713,7533629225,4,3947,5894,1145099074028767,855430060310542,804705622402126,685155210694406,11.167,7.734,10.774,13.958,319.244,125.255,175.506,300.441
682,Minneapolis,MN,44.98077,-93.2730461,8373583269,4,3947,5894,474830813825421,1056711498069270,1504951113856798,1504951113856798,16.722,15.208,11.729,11.729,19.137,71.744,224.564,224.564
683,Minneapolis,MN,44.9808869,-93.2631754,8359454459,4,3947,5894,721969787202400,1425636381912739,1366467661348712,654784280671298,16.208,32.25,13.976,10.186,355.621,30.409,215.893,268.317
684,Minneapolis,MN,44.9808903,-93.2690243,8359454338,4,3947,5894,1145099074028767,2779394475588726,804705622402126,685155210694406,10.095,33.05,31.611,9.455,319.244,104.974,175.506,300.441
685,Minneapolis,MN,44.9809003,-93.273215,8362867704,4,3947,5894,514281139930123,1056711498069270,383843479488829,1504951113856798,3.864,4.913,1.403,7.93,16.985,71.744,128.933,224.564
686,Minneapolis,MN,44.9810078,-93.2601268,11469074117,3,3947,5894,1199391681998401,1252045029175915,1252045029175915,1311269553824850,26.071,8.506,8.506,26.503,358.791,120.163,120.163,316.671
687,Minneapolis,MN,44.9810199,-93.2604352,12911584589,4,3947,5894,1199391681998401,770625269084590,794293816265026,1311269553824850,2.475,7.878,2.088,4.694,358.791,84.071,120.778,316.671
688,Minneapolis,MN,44.9810507,-93.263039,4161907880,4,3947,5894,721969787202400,1425636381912739,689364480841923,1184771496075384,6.332,12.933,18.168,6.156,355.621,30.409,213.411,280.893
689,Minneapolis,MN,44.9810937,-93.2600476,11595754117,3,3947,5894,1199391681998401,1252045029175915,1428037388249657,1311269553824850,32.718,19.853,28.944,32.324,358.791,120.163,169.976,316.671
690,Minneapolis,MN,44.9811089,-93.2600342,11595754118,3,3947,5894,1199391681998401,1252045029175915,1428037388249657,1311269553824850,34.111,21.843,30.248,33.605,358.791,120.163,169.976,316.671
691,Minneapolis,MN,44.9811371,-93.2604305,12895845723,3,3947,5894,1199391681998401,747995794418075,747995794418075,1123511746044093,11.331,8.603,8.603,8.218,358.791,120.778,120.778,305.628
692,Minneapolis,MN,44.981157,-93.2607583,12911584584,4,3947,5894,1550214462807456,1452919075867221,1101462975510956,1550214462807456,6.181,3.938,3.188,6.181,302.459,120.146,167.82,302.459
693,Minneapolis,MN,44.9812492,-93.2602532,11595754123,3,3947,5894,1199391681998401,747995794418075,747995794418075,1123511746044093,28.49,26.837,26.837,26.357,358.791,120.778,120.778,305.628
694,Minneapolis,MN,44.9812507,-93.2727559,8362867703,4,3947,5894,1277879169317940,1277879169317940,3207360092760364,3207360092760364,4.801,4.801,9.944,9.944,40.454,40.454,222.325,222.325
695,Minneapolis,MN,44.9812514,-93.2723552,8373583270,4,3947,5894,1102978933513254,1102978933513254,641743968993752,641743968993752,18.64,18.64,13.215,13.215,51.796,51.796,222.63,222.63
696,Minneapolis,MN,44.9812788,-93.2699847,8373583241,3,3947,5894,1195897658582814,858131219905422,4244517225692234,1195897658582814,4.188,20.638,20.209,4.188,301.866,117.207,127.28,301.866
697,Minneapolis,MN,44.9812833,-93.2602279,11595754128,3,3947,5894,1199391681998401,747995794418075,747995794418075,1123511746044093,32.75,31.02,31.02,30.197,358.791,120.778,120.778,305.628
698,Minneapolis,MN,44.9812889,-93.2704597,8373583243,4,3947,5894,646287931569603,2391335244618704,2450971415299369,814118644934906,6.175,7.269,4.294,6.475,321.104,134.048,161.92,231.853
699,Minneapolis,MN,44.9813265,-93.2607874,11296286561,3,3947,5894,785308777431861,1333134148503499,656527077180352,785308777431861,9.124,11.526,15.397,9.124,301.327,122.263,163.495,301.327
700,Minneapolis,MN,44.9813825,-93.2607418,11296286564,3,3947,5894,785308777431861,1433817377712440,656527077180352,785308777431861,16.101,19.344,22.121,16.101,301.327,119.026,163.495,301.327
701,Minneapolis,MN,44.9814262,-93.2627244,8359454447,4,3947,5894,1108120377897101,1108120377897101,4308570366042451,4308570366042451,5.525,5.525,16.16,16.16,31.258,31.258,213.051,213.051
702,Minneapolis,MN,44.9814337,-93.2606117,11296304969,3,3947,5894,2458361264558991,1452919075867221,656527077180352,2458361264558991,26.067,29.31,31.19,26.067,301.327,120.146,163.495,301.327
703,Minneapolis,MN,44.9814369,-93.2702599,8373583242,4,3947,5894,1707693299856461,860691296326736,860691296326736,879228207769666,8.385,1.184,1.184,8.166,313.287,136.677,136.677,259.978
704,Minneapolis,MN,44.9816057,-93.2709289,8373583275,4,3947,5894,1416452512912816,867924259005570,3035988529941343,233637655196816,8.878,22.239,22.017,10.959,324.242,131.762,137.716,310.763
705,Minneapolis,MN,44.9817325,-93.2720688,8365569443,4,3947,5894,264486845423139,264486845423139,24232879546412285,24232879546412285,5.921,5.921,8.125,8.125,41.78,41.78,221.766,221.766
706,Minneapolis,MN,44.9817467,-93.2707315,8373583280,4,3947,5894,1173489910748205,1550256936337369,1550256936337369,1173489910748205,11.013,1.46,1.46,11.013,310.276,135.893,135.893,310.276
707,Minneapolis,MN,44.9817538,-93.2716698,12785352750,4,3947,5894,849856069210101,303465264641094,678833128573718,678833128573718,18.655,17.553,13.24,13.24,38.674,46.695,221.766,221.766
708,Minneapolis,MN,44.9818936,-93.27135,12785352747,4,3947,5894,9645194515516086,466275671142944,4041895709428467,1388065425548944,14.028,22.182,14.028,7.57,6.723,47.352,236.19,255.892
709,Minneapolis,MN,44.9819163,-93.2622453,1320308513,3,3947,5894,842103314808135,1252434185774968,775134458567449,638118332702977,6.269,6.936,16.136,7.101,300.897,119.131,177.81,279.39
710,Minneapolis,MN,44.9819548,-93.2626343,8359454436,4,3947,5894,715689048036891,718245001194632,775134458567449,1089023739684904,18.875,5.11,18.604,15.941,33.496,122.541,177.81,256.884
711,Minneapolis,MN,44.9819645,-93.2690423,11287001922,3,3947,5894,774824178513409,2207268639741540,581253399513329,1307054137787981,25.145,27.309,23.229,21.103,302.658,84.858,223.613,299.35
712,Minneapolis,MN,44.9820782,-93.2712099,8365569438,4,3947,5894,943782187681669,1578140559873113,1578140559873113,642140525297231,7.368,0.753,0.753,17.494,327.071,132.266,132.266,268.826
713,Minneapolis,MN,44.9821454,-93.2624387,1754511863,3,3947,5894,715689048036891,1031150998833960,1412560466486180,780172194759468,33.419,20.886,11.394,8.114,33.496,123.324,185.728,223.138
714,Minneapolis,MN,44.9823058,-93.2690431,8359454358,4,3947,5894,1664350450924395,2207268639741540,1002432720527989,1002432720527989,10.025,10.957,4.014,4.014,51.082,84.858,223.526,223.526
715,Minneapolis,MN,44.9827585,-93.2702627,8373583278,4,3947,5894,2525302281180301,1390698298653220,1390698298653220,1146973514010818,16.826,13.464,13.464,15.447,306.164,134.927,134.927,270.654
716,Minneapolis,MN,44.9827898,-93.2678988,8365570095,3,3947,5894,1433923247752832,1433923247752832,204047724707795,204047724707795,14.381,14.381,23.826,23.826,45.353,45.353,222.327,222.327
717,Minneapolis,MN,44.9828919,-93.2704542,8365569431,4,3947,5894,2525302281180301,1253146576183886,1853493698707929,1853493698707929,27.097,13.074,1.813,1.813,306.164,134.927,222.284,222.284
718,Minneapolis,MN,44.9829631,-93.2676618,8359454346,4,3947,5894,1265474641955926,1265474641955926,170965181598387,170965181598387,12.328,12.328,25.077,25.077,45.353,45.353,222.284,222.284
719,Minneapolis,MN,44.9831376,-93.2679472,8365570093,4,3947,5894,1265474641955926,1265474641955926,170965181598387,170965181598387,18.846,18.846,5.397,5.397,45.353,45.353,222.284,222.284
720,Minneapolis,MN,44.9832468,-93.2672476,8359454347,3,3947,5894,1545472560072291,1545472560072291,284394493356478,284394493356478,12.388,12.388,26.099,26.099,45.353,45.353,224.307,224.307
721,Minneapolis,MN,44.9835264,-93.2668178,8359454378,3,3947,5894,2175677396285202,1231755625318568,517350212599348,517350212599348,5.688,6.531,29.579,29.579,49.94,53.74,221.903,221.903
722,Minneapolis,MN,44.9836479,-93.2666299,8359454349,4,3947,5894,693826770321758,1770412180238531,4496154180418278,4496154180418278,7.374,5.013,31.145,31.145,55.408,93.054,225.0,225.0
723,Minneapolis,MN,44.9843424,-93.2724903,582112026,3,3947,5894,2202598383574353,1231425111530564,1037221938397719,834895817131295,8.273,4.375,9.527,32.228,59.016,89.036,130.586,265.246
724,Minneapolis,MN,44.9844796,-93.2726844,8362867730,4,3947,5894,2719699431562949,1231425111530564,1037221938397719,834895817131295,18.569,17.306,28.444,25.49,46.422,89.036,130.586,265.246
725,Minneapolis,MN,44.984586,-93.2528021,8300325111,4,3947,5894,843496332911914,1714853625388933,791044631534755,952617675280776,7.982,9.744,12.735,9.972,0.0,80.403,134.284,294.221
726,Minneapolis,MN,44.9846664,-93.2724517,8362867739,4,3947,5894,1231922423923535,1231425111530564,300538938475091,834895817131295,12.582,34.232,9.898,4.151,304.875,89.036,230.874,265.246
727,Minneapolis,MN,44.9846728,-93.2530277,8300325115,4,3947,5894,843496332911914,801141987464784,801141987464784,1157036071388028,13.035,7.586,7.586,8.099,0.0,124.775,124.775,298.418
728,Minneapolis,MN,44.9847457,-93.2526865,8300325110,4,3947,5894,296471178865063,310878927205551,791044631534755,952617675280776,17.237,8.61,13.583,11.58,0.0,76.48,134.284,294.221
729,Minneapolis,MN,44.9848252,-93.2528637,11803191527,4,3947,5894,847418552649266,1714853625388933,801141987464784,475813187003990,8.316,17.297,13.72,6.414,327.841,80.403,124.775,299.109
730,Minneapolis,MN,44.9849669,-93.2537665,10993938645,4,3947,5894,559741601675032,1642882279233487,495294981506293,559741601675032,10.465,6.945,29.467,10.465,301.213,116.54,120.664,301.213
731,Minneapolis,MN,44.9850005,-93.27353,13704666058,3,3947,5894,1366040961819249,2063599754178177,770517782669604,1366040961819249,4.521,29.07,15.205,4.521,313.816,38.779,230.578,313.816
732,Minneapolis,MN,44.9850303,-93.273486,13704666059,3,3947,5894,1366040961819249,2063599754178177,770517782669604,1366040961819249,1.409,33.861,13.141,1.409,313.816,38.779,230.578,313.816
733,Minneapolis,MN,44.9850983,-93.2540967,10993938646,4,3947,5894,918589525592483,474427817345304,790920238489371,698236274253077,21.973,3.74,10.513,11.7,0.0,115.428,143.932,300.503
734,Minneapolis,MN,44.985134,-93.2541863,10993938651,3,3947,5894,918589525592483,474427817345304,790920238489371,1135730090267351,17.465,9.017,4.327,11.986,0.0,115.428,143.932,298.975
735,Minneapolis,MN,44.9852264,-93.2543789,10993938644,3,3947,5894,2438558312955822,790920238489371,1161229814322081,3887106794720905,13.771,16.795,14.098,14.606,347.233,143.932,190.794,306.102
736,Minneapolis,MN,44.9852985,-93.2540637,10993938650,4,3947,5894,918589525592483,474427817345304,1161229814322081,1135730090267351,7.884,19.074,12.543,9.184,0.0,115.428,190.794,298.975
737,Minneapolis,MN,44.9853726,-93.2542656,10991236926,4,3947,5894,2438558312955822,1268623850245115,1161229814322081,3887106794720905,5.785,9.961,15.506,13.142,347.233,35.829,190.794,306.102
738,Minneapolis,MN,44.9861075,-93.2534074,8538158562,4,3947,5894,354077572722887,1411950685820356,3910170095733896,3019416561639752,19.039,14.776,13.335,21.782,0.0,99.094,123.951,225.192
739,Minneapolis,MN,44.9861967,-93.2536068,8538158563,4,3947,5894,319651329516039,1367619086946259,3910170095733896,3019416561639752,4.011,8.987,15.676,19.02,22.995,84.233,123.951,225.192
740,Minneapolis,MN,44.9862849,-93.253302,8538158559,3,3947,5894,354077572722887,1411950685820356,3019416561639752,3019416561639752,14.682,13.648,9.319,9.319,0.0,99.094,225.192,225.192
741,Minneapolis,MN,44.9863503,-93.2534985,8538158567,4,3947,5894,354077572722887,1367619086946259,3019416561639752,3019416561639752,9.07,13.252,8.236,8.236,0.0,84.233,225.192,225.192
742,Minneapolis,MN,44.9864058,-93.2532067,13612641256,4,3947,5894,354077572722887,1411950685820356,3019416561639752,3019416561639752,26.799,27.556,20.128,20.128,0.0,99.094,225.192,225.192
743,Minneapolis,MN,44.9865081,-93.2533871,10881885431,4,3947,5894,354077572722887,1411950685820356,3019416561639752,3019416561639752,27.719,30.915,22.903,22.903,0.0,99.094,225.192,225.192
744,Minneapolis,MN,44.9873152,-93.2574612,10996544622,4,3947,5894,2265907510209219,2265907510209219,151331673625692,3916417441789545,3.262,3.262,17.456,16.536,40.23,40.23,139.58,284.42
745,Minneapolis,MN,44.9873645,-93.2578869,10616517856,4,3947,5894,227573925404583,891722141405521,277867204040663,3916417441789545,20.287,8.074,7.91,17.779,346.11,147.97,155.69,284.42
746,Minneapolis,MN,44.9874502,-93.2576264,10616517854,4,3947,5894,227573925404583,379474406760966,1131136947390530,3916417441789545,5.229,16.765,13.909,10.196,346.11,47.72,149.75,284.42
747,Minneapolis,MN,44.9875189,-93.2580253,10616517850,4,3947,5894,227573925404583,891722141405521,290995532717674,3916417441789545,27.399,21.852,7.847,33.564,346.11,147.97,155.03,284.42
748,Minneapolis,MN,44.9876221,-93.2577725,10616517852,4,3947,5894,954893178647383,379474406760966,488457475770150,3916417441789545,16.579,21.676,15.033,30.245,8.44,47.72,155.11,284.42
749,Minneapolis,MN,44.9893857,-93.2554187,10616609200,4,3947,5894,246118117200836,479838217477573,730680408018909,1293861888952845,12.365,24.23,22.744,18.649,339.203,81.954,182.892,268.487
750,Minneapolis,MN,44.9894522,-93.2554689,10616560246,4,3947,5894,2259912007501362,479838217477573,730680408018909,5469498656425622,17.313,18.383,17.313,8.099,0.0,81.954,182.892,244.58
751,Minneapolis,MN,44.9894743,-93.2554818,10616609199,4,3947,5894,2259912007501362,479838217477573,730680408018909,5469498656425622,15.89,16.754,15.89,5.444,0.0,81.954,182.892,244.58
752,Minneapolis,MN,44.9895916,-93.2557269,10616560244,4,3947,5894,592677185854408,479838217477573,1321820585255145,169458615615520,26.831,28.485,7.204,7.035,0.0,81.954,237.192,244.008
753,Minneapolis,MN,44.9896362,-93.2555767,10616560245,3,3947,5894,592677185854408,479838217477573,1682822575421550,5175503632569000,14.254,17.129,17.129,5.991,0.0,81.954,180.0,244.156
754,Minneapolis,MN,44.989642,-93.2549795,10616609198,4,3947,5894,2259912007501362,479838217477573,492361222211986,492361222211986,30.136,30.661,3.944,3.944,0.0,81.954,239.63,239.63
755,Minneapolis,MN,44.9908609,-93.2519884,10616704455,4,3947,5894,794824437825680,200862286294017,1959053667625271,346782770147516,32.177,32.861,6.874,9.825,347.02,42.387,237.46,279.75
756,Minneapolis,MN,44.9940941,-93.2661976,11335971550,4,3947,5894,503180601482522,5881022468593765,749124552961141,1449172665523620,26.467,26.669,25.903,26.088,0.0,77.414,182.381,276.721
757,Minneapolis,MN,44.9941609,-93.2660676,6861044316,3,3947,5894,835991680903440,5881022468593765,749124552961141,1449172665523620,8.527,16.836,15.644,16.023,334.925,77.414,182.381,276.721
758,Minneapolis,MN,44.9941792,-93.2658239,10996344413,3,3947,5894,1530035471703657,178532711303241,749124552961141,410200287841373,7.665,23.374,22.047,23.399,332.595,98.049,182.381,270.0
759,Minneapolis,MN,44.9942123,-93.266421,11335971549,4,3947,5894,503180601482522,5881022468593765,749124552961141,410200287841373,31.005,30.759,31.124,31.854,0.0,77.414,182.381,270.0
760,Minneapolis,MN,44.9942628,-93.2661373,10996337798,3,3947,5894,503180601482522,5881022468593765,749124552961141,410200287841373,8.476,8.41,8.363,9.6,0.0,77.414,182.381,270.0
761,Minneapolis,MN,44.9943205,-93.2659192,10996344433,3,3947,5894,503180601482522,178532711303241,749124552961141,410200287841373,10.438,9.512,10.169,9.928,0.0,98.049,182.381,270.0
762,Minneapolis,MN,44.9944591,-93.2656793,8783021544,3,3947,5894,503180601482522,178532711303241,749124552961141,410200287841373,33.684,32.13,33.752,32.7,0.0,98.049,182.381,270.0
763,Minneapolis,MN,44.9945744,-93.2660962,10996344439,4,3947,5894,1443882776722458,1056167901697737,1509122719491316,381071904111509,7.401,14.75,14.75,14.438,333.489,79.977,215.272,309.249
764,Minneapolis,MN,44.9946175,-93.2659757,8783021554,3,3947,5894,1443882776722458,1056167901697737,1509122719491316,381071904111509,18.019,22.992,22.992,22.88,333.489,79.977,215.272,309.249
765,Minneapolis,MN,44.9806702,-93.2336028,6807732701,3,3948,5894,3522695201304783,312719218029380,6872708986073823,1018955982871973,11.546,11.546,18.311,34.717,15.928,51.928,208.017,213.0
766,Minneapolis,MN,44.9807537,-93.2336135,6807732695,3,3948,5894,1022551862223946,317096590773621,1421181928725298,779276684838225,6.998,15.059,13.327,27.365,11.928,101.0,207.327,210.187
767,Minneapolis,MN,44.9808393,-93.233869,6807732685,3,3948,5894,1022551862223946,317096590773621,5615635555206668,779276684838225,15.556,7.46,7.46,25.036,11.928,101.0,206.0,210.187
768,Minneapolis,MN,44.9809046,-93.2332717,6807732694,4,3948,5894,993804318395940,1466887307695473,200867166356664,1281236087136417,21.282,23.913,24.419,31.035,8.928,57.393,188.928,210.187
769,Minneapolis,MN,44.9809102,-93.2337999,6807732687,3,3948,5894,342192775138574,156581304089043,1321398106168077,779276684838225,13.575,7.262,6.766,15.709,15.928,102.0,206.664,210.187
770,Minneapolis,MN,44.9809282,-93.2335116,6807732702,3,3948,5894,649252484019165,1167111128659329,200867166356664,779276684838225,5.386,6.265,5.386,13.066,5.928,57.393,188.928,210.187
771,Minneapolis,MN,44.9809519,-93.2334767,6807732708,3,3948,5894,993804318395940,1167111128659329,200867166356664,779276684838225,4.999,8.145,8.465,14.182,8.928,57.393,188.928,210.187
772,Minneapolis,MN,44.9809677,-93.2334642,10993878493,3,3948,5894,993804318395940,1466887307695473,200867166356664,779276684838225,4.602,8.309,10.002,14.587,8.928,57.393,188.928,210.187
773,Minneapolis,MN,44.981044,-93.2336819,6807732707,4,3948,5894,649252484019165,6375916222516343,1270659096941050,785026376687143,14.948,4.415,5.619,4.415,5.928,106.0,205.95,211.0
774,Minneapolis,MN,44.981308,-93.2331941,10901069401,4,3948,5894,694563312588558,1699855267103741,976145530293389,1280388559509868,3.663,12.077,12.077,12.077,15.927,70.533,193.266,270.0
775,Minneapolis,MN,44.9818177,-93.2327904,10993878499,3,3948,5894,250340824202022,3676104746009378,3636449476681080,4045666985746095,4.987,4.987,9.74,15.204,10.927,44.927,205.774,210.458
776,Minneapolis,MN,44.9818747,-93.2327453,2819747757,3,3948,5894,274156225531468,601422532937691,831783888512144,4045666985746095,4.564,9.535,10.536,12.657,353.927,54.562,206.085,210.458
777,Minneapolis,MN,44.981882,-93.2330014,10901069403,4,3948,5894,274156225531468,247113851615367,956109282308655,1837608000187102,15.671,2.232,2.232,9.612,353.927,102.0,207.0,210.101
778,Minneapolis,MN,44.9819237,-93.2327066,10993878497,3,3948,5894,1282436909106759,650261851139624,841704670885954,668434942967924,4.796,8.097,10.907,12.856,20.927,56.009,206.939,212.198
779,Minneapolis,MN,44.9819513,-93.2494177,9165706442,3,3948,5894,882537883436614,1037521614168710,341701918253835,280548791550981,7.564,2.896,2.833,2.833,5.94,111.94,177.94,294.94
780,Minneapolis,MN,44.9819871,-93.2490951,10993952922,4,3948,5894,3926035017464573,1016853636295731,842769050887558,481854546389318,4.359,20.212,16.321,10.021,352.948,115.94,173.94,289.712
781,Minneapolis,MN,44.9820046,-93.2425802,10985340440,4,3948,5894,5372215269544636,722697025960766,779181974979214,2753920294741698,19.007,7.936,11.815,21.237,15.0,105.0,122.334,267.0
782,Minneapolis,MN,44.9820253,-93.2329023,6776135838,4,3948,5894,274156225531468,305791981932624,668434942967924,668434942967924,17.682,8.867,6.881,6.881,353.927,104.0,212.198,212.198
783,Minneapolis,MN,44.9820496,-93.2496817,1353383161,3,3948,5894,882537883436614,1037521614168710,341701918253835,280548791550981,26.546,23.722,21.254,21.254,5.94,111.94,177.94,294.94
784,Minneapolis,MN,44.9820772,-93.249303,10993952921,4,3948,5894,882537883436614,1016853636295731,842769050887558,323214312530771,9.333,9.333,2.862,7.012,5.94,115.94,173.94,255.809
785,Minneapolis,MN,44.9821683,-93.2429963,10985340438,4,3948,5894,1153180728482478,1058481005919147,1415435656193163,589830176303694,4.563,15.48,19.952,30.152,28.321,88.819,120.889,267.0
786,Minneapolis,MN,44.9828228,-93.2483937,10993952912,3,3948,5894,856143479463565,290519943875653,721674389979777,1065273414487326,24.489,14.826,15.842,16.37,18.94,143.939,174.939,261.939
787,Minneapolis,MN,44.9828644,-93.2322268,6776135857,3,3948,5894,1556288111777753,318229907308303,255023747266373,255023747266373,18.733,5.098,5.098,5.098,9.926,106.0,211.0,211.0
788,Minneapolis,MN,44.9829224,-93.2486284,10993952913,4,3948,5894,856143479463565,1874556559605201,538854858431251,1065273414487326,21.812,14.109,9.574,6.424,18.94,65.939,179.939,261.939
789,Minneapolis,MN,44.9829898,-93.2482576,10993952907,4,3948,5894,687996586544182,1430883047643744,899900634901763,722216879749581,18.408,18.408,18.526,18.408,33.939,75.939,180.939,244.939
790,Minneapolis,MN,44.9830047,-93.2321211,10901026574,3,3948,5894,2499236750245048,1276082276607778,6800429743320638,6800429743320638,16.967,2.237,2.237,2.237,15.926,105.0,210.0,210.0
791,Minneapolis,MN,44.9830752,-93.2485158,10993952914,4,3948,5894,687996586544182,1430883047643744,348235441068956,722216879749581,4.752,4.752,4.313,4.752,33.939,75.939,181.939,244.939
792,Minneapolis,MN,44.9834352,-93.2479148,10993952910,4,3948,5894,1112444430130133,992951961817526,847853640287080,679529960774718,15.484,15.484,13.367,13.367,351.939,97.939,179.939,224.939
793,Minneapolis,MN,44.9835678,-93.2481141,10993952937,4,3948,5894,1112444430130133,992951961817526,847853640287080,679529960774718,7.518,7.518,8.777,8.777,351.939,97.939,179.939,224.939
794,Minneapolis,MN,44.9837632,-93.2312513,10901069397,4,3948,5894,314536834500959,1266060271958319,163832163445254,816700813182532,6.543,7.163,10.356,23.539,353.926,50.685,149.926,211.593
795,Minneapolis,MN,44.9838394,-93.2314451,10901026570,4,3948,5894,314536834500959,1116692785842531,795310232381909,816700813182532,10.928,4.818,4.818,19.576,353.926,101.0,206.0,211.593
796,Minneapolis,MN,44.9839046,-93.2311416,10901069395,4,3948,5894,6786237971440317,1311133203514999,163832163445254,816700813182532,5.184,10.507,10.942,13.578,13.926,87.736,149.926,211.593
797,Minneapolis,MN,44.9839773,-93.2475055,9898148640,4,3948,5894,3576914859244299,324566006921354,1035885097536651,223195833852325,13.837,15.245,13.97,24.851,341.939,100.939,168.939,219.939
798,Minneapolis,MN,44.9839798,-93.2313271,10901026563,4,3948,5894,6786237971440317,1311133203514999,816700813182532,816700813182532,11.743,7.835,3.457,3.457,13.926,87.736,211.593,211.593
799,Minneapolis,MN,44.9840513,-93.2477093,9898148638,4,3948,5894,3576914859244299,1551706188697929,1035885097536651,223195833852325,4.307,6.667,4.6,20.068,341.939,101.939,168.939,219.939
800,Minneapolis,MN,44.984432,-93.2474046,10985322803,4,3948,5894,3502248426695464,857960239195423,1014244093218384,223195833852325,28.788,22.402,4.552,28.788,336.939,104.938,179.938,219.939
801,Minneapolis,MN,44.9848152,-93.2468547,10905622019,4,3948,5894,1274947889889585,613776210968695,224257737326525,209597054092305,13.226,13.226,10.491,6.859,343.938,86.938,178.938,300.045
802,Minneapolis,MN,44.9849025,-93.2470438,10905622018,4,3948,5894,1274947889889585,613776210968695,224257737326525,1138556709951375,10.389,10.389,7.28,5.154,343.938,86.938,178.938,300.502
803,Minneapolis,MN,44.9849565,-93.2467447,10905622020,4,3948,5894,798930719647224,613776210968695,1441201773112989,714932191617167,9.285,13.888,10.636,7.216,356.744,86.938,170.938,300.716
804,Minneapolis,MN,44.9850305,-93.2469379,10905622017,4,3948,5894,833569336112454,613776210968695,1441201773112989,1312711480225159,6.837,11.75,7.055,6.986,7.545,86.938,170.938,299.019
805,Minneapolis,MN,44.9852832,-93.2304936,1707054218,3,3948,5894,972332203859382,204955975637817,950461276209912,836936131290945,15.66,5.99,5.99,15.79,1.925,78.0,183.0,264.0
806,Minneapolis,MN,44.9852852,-93.2302361,8538109397,4,3948,5894,1133039750493711,1164761884984103,998065494774103,1830093637715783,1.91,4.006,14.271,10.535,4.64,90.494,184.06,268.685
807,Minneapolis,MN,44.9852903,-93.2305066,8538109400,3,3948,5894,972332203859382,204955975637817,950461276209912,836936131290945,16.572,6.27,6.27,15.708,1.925,78.0,183.0,264.0
808,Minneapolis,MN,44.9854374,-93.2302682,8538109396,4,3948,5894,1443130356231992,3716579245334118,1051876756190336,987762012253173,9.72,4.167,4.006,4.006,6.925,89.925,161.0,266.0
809,Minneapolis,MN,44.9854473,-93.2304965,8538109373,3,3948,5894,1443130356231992,787285683398234,252160851057729,836936131290945,19.705,11.993,9.784,9.784,6.925,116.0,159.0,264.0
810,Minneapolis,MN,44.9864976,-93.2304975,8538109379,4,3948,5894,177934044240473,519899305865490,4091450924268195,865816384047390,25.597,20.17,23.314,26.54,316.165,115.372,168.266,306.926
811,Minneapolis,MN,44.9864979,-93.230298,8538109380,3,3948,5894,177934044240473,938108740365461,286289276535251,865816384047390,12.942,9.608,13.252,11.729,316.165,107.741,181.129,306.926
812,Minneapolis,MN,44.9865089,-93.2302854,8538109381,3,3948,5894,177934044240473,938108740365461,286289276535251,865816384047390,11.369,8.089,12.173,10.28,316.165,107.741,181.129,306.926
813,Minneapolis,MN,44.9866769,-93.2302874,8538109377,4,3948,5894,177934044240473,536866030816905,4091450924268195,177934044240473,11.694,9.015,9.89,11.694,316.165,127.944,168.266,316.165
814,Minneapolis,MN,44.9866779,-93.2304983,8538109376,3,3948,5894,177934044240473,1637375396453652,4091450924268195,177934044240473,25.316,9.97,7.318,25.316,316.165,141.777,168.266,316.165
815,Minneapolis,MN,44.986785,-93.2452997,10996323936,4,3948,5894,851350396295235,338281668680354,844114993842714,1000680664502999,27.086,19.529,15.718,32.521,334.937,93.937,165.937,265.936
816,Minneapolis,MN,44.9868647,-93.2454874,10996323945,4,3948,5894,3589159834707107,6808187885928750,844114993842714,1000680664502999,13.062,2.552,2.552,30.722,56.937,65.937,165.937,265.936
817,Minneapolis,MN,44.9869216,-93.2451924,10996323929,4,3948,5894,851350396295235,560535636208929,1361668537889421,1000680664502999,13.469,12.514,13.469,17.164,334.937,100.937,182.937,265.936
818,Minneapolis,MN,44.9869994,-93.2453775,10996323946,4,3948,5894,851350396295235,338281668680354,1361668537889421,1000680664502999,8.705,5.266,8.705,14.129,334.937,93.937,182.937,265.936
819,Minneapolis,MN,44.9877639,-93.2445191,10996323927,4,3948,5894,342918314881073,638511948390675,990794135535068,987515472355433,22.643,14.276,14.317,14.276,35.936,112.936,179.936,231.936
820,Minneapolis,MN,44.9878417,-93.2447069,10996323951,4,3948,5894,342918314881073,638511948390675,233201586079822,987515472355433,20.956,4.434,4.434,4.434,35.936,112.936,178.936,231.936
821,Minneapolis,MN,44.9879007,-93.2444138,10860719484,4,3948,5894,643536577768760,6891648974230837,230024833393898,858532452154378,29.646,13.543,14.742,14.742,4.936,93.936,175.936,239.936
822,Minneapolis,MN,44.9879747,-93.2445989,10860719493,4,3948,5894,643536577768760,6891648974230837,230024833393898,858532452154378,27.448,5.298,5.713,5.713,4.936,93.936,175.936,239.936
823,Minneapolis,MN,44.9881987,-93.2441746,10860719489,4,3948,5894,643536577768760,2101279010225244,1055403712119566,873960153676888,16.444,13.046,13.557,13.046,4.936,90.936,184.936,216.936
824,Minneapolis,MN,44.9882756,-93.2443646,10860719495,4,3948,5894,643536577768760,2101279010225244,1055403712119566,873960153676888,12.221,5.88,5.308,5.88,4.936,90.936,184.936,216.936
825,Minneapolis,MN,44.9885225,-93.2441724,10860719494,4,3948,5894,6721747837872185,890057209359591,3384478288531711,6643604882344037,15.813,6.413,6.413,11.449,338.936,138.935,175.935,234.935
826,Minneapolis,MN,44.9887429,-93.2437379,10860719483,3,3948,5894,1369229987134932,705741848143933,790140323944687,1454713768644455,32.944,21.799,6.179,21.799,0.935,94.935,161.066,257.935
827,Minneapolis,MN,44.9887552,-93.2437668,10998369188,3,3948,5894,1369229987134932,705741848143933,790140323944687,279878588245954,30.663,20.252,7.553,14.447,0.935,94.935,161.066,235.935
828,Minneapolis,MN,44.9888226,-93.2439323,10860719490,4,3948,5894,1369229987134932,705741848143933,624301673115474,691732426179733,19.838,17.248,0.081,0.081,0.935,94.935,183.935,212.935
829,Minneapolis,MN,44.9888805,-93.2436279,10860719410,3,3948,5894,1369229987134932,330238206360281,790140323944687,358440793185530,28.234,31.884,12.113,24.03,0.935,91.935,161.066,224.935
830,Minneapolis,MN,44.988888,-93.2436461,10998369186,3,3948,5894,1369229987134932,330238206360281,790140323944687,358440793185530,26.578,30.238,12.565,22.588,0.935,91.935,161.066,224.935
831,Minneapolis,MN,44.9889602,-93.2438237,10860719499,4,3948,5894,1369229987134932,330238206360281,331549322872091,314144921362682,10.487,14.362,8.809,14.362,0.935,91.935,190.935,247.935
832,Minneapolis,MN,44.9897227,-93.2429627,10860719409,4,3948,5894,293515609800411,846547993925037,642410901213526,1280509579331395,28.596,28.596,28.039,29.729,325.935,127.935,177.935,311.935
833,Minneapolis,MN,44.9898052,-93.2431639,10860719500,3,3948,5894,293515609800411,846547993925037,642410901213526,1280509579331395,11.229,11.229,9.91,12.9,325.935,127.935,177.935,311.935
834,Minneapolis,MN,44.98986,-93.2428493,11677397694,3,3948,5894,293515609800411,846547993925037,844931947110675,293515609800411,30.619,30.619,30.619,30.619,325.935,127.935,186.935,325.935
835,Minneapolis,MN,44.9898852,-93.2433615,11803191546,4,3948,5894,293515609800411,776516204245868,688682019546680,1280509579331395,9.906,8.842,6.101,10.522,325.935,83.935,176.935,311.935
836,Minneapolis,MN,44.9898954,-93.2429366,10860719406,4,3948,5894,293515609800411,846547993925037,844931947110675,293515609800411,23.543,23.543,23.543,23.543,325.935,127.935,186.935,325.935
837,Minneapolis,MN,44.9899718,-93.2435755,11803191545,4,3948,5894,293515609800411,269194215460172,331069059591669,859754642290605,28.125,4.799,4.799,33.504,325.935,99.935,120.935,271.935
838,Minneapolis,MN,44.9905876,-93.2516911,13612583247,4,3948,5894,794824437825680,200862286294017,1132816285440517,660538076650237,7.919,25.946,11.511,6.432,347.02,42.387,220.35,270.428
839,Minneapolis,MN,44.9907368,-93.2487797,10247028096,4,3948,5894,466311111586207,1528287987341576,1360803508968799,823377130118196,34.905,11.761,18.389,7.459,300.272,64.23,124.592,242.985
840,Minneapolis,MN,44.9907523,-93.251548,10616555072,4,3948,5894,821118053140905,200862286294017,1246439046103988,836459647226023,4.573,6.482,23.65,5.951,1.997,42.387,226.273,299.85
841,Minneapolis,MN,44.9908624,-93.2518379,10616555073,3,3948,5894,821118053140905,200862286294017,1097842657487356,1097842657487356,25.584,21.385,1.445,1.445,1.997,42.387,238.112,238.112
842,Minneapolis,MN,44.9908934,-93.251877,12290881082,3,3948,5894,821118053140905,200862286294017,1097842657487356,1067922504152857,30.145,25.441,4.818,4.641,1.997,42.387,238.112,238.877
843,Minneapolis,MN,44.9911038,-93.2471249,7841625311,3,3948,5894,1163588034277415,310952130529398,103420455749294,180771457734945,15.733,6.011,15.345,9.38,0.0,64.08,232.551,246.619
844,Minneapolis,MN,44.9911457,-93.251609,10634780461,3,3948,5894,882613913197005,1121194259264665,590563599338431,590563599338431,21.675,23.124,9.445,9.445,10.439,36.668,212.38,212.38
845,Minneapolis,MN,44.9911685,-93.2469507,6835599153,3,3948,5894,1163588034277415,212716967104629,1025387251494010,432130758857484,9.001,4.948,8.828,9.315,0.0,64.31,233.859,278.853
846,Minneapolis,MN,44.9912467,-93.2467263,6835599172,3,3948,5894,1163588034277415,1196903544103810,1025387251494010,459269319094065,23.864,5.052,21.678,9.074,0.0,63.84,233.859,245.39
847,Minneapolis,MN,44.9912637,-93.2472398,7841625310,4,3948,5894,1163588034277415,485600392646107,103420455749294,485102779399642,17.082,11.886,16.263,4.236,0.0,63.22,232.551,243.38
848,Minneapolis,MN,44.991342,-93.2470104,7841625298,4,3948,5894,1163588034277415,980709386017870,1025387251494010,207302181046303,12.777,11.357,11.451,4.73,0.0,64.38,233.859,243.95
849,Minneapolis,MN,44.9913948,-93.2435286,7841625285,3,3948,5894,1067987537527616,337679331282110,186238174508468,611591650395637,16.617,6.916,12.871,10.222,343.935,89.72,173.935,271.364
850,Minneapolis,MN,44.9914098,-93.2437144,3615504000,4,3948,5894,850912683110012,300838485051937,736261404928673,978689206527720,2.315,4.332,2.315,3.076,50.935,89.78,184.935,252.935
851,Minneapolis,MN,44.991417,-93.2467615,7841625296,4,3948,5894,1163588034277415,1176126986167800,1025387251494010,1102269416939267,29.726,10.305,27.347,3.552,0.0,64.38,233.859,256.27
852,Minneapolis,MN,44.9914263,-93.2434285,3615504002,3,3948,5894,1067987537527616,876321109615314,186238174508468,376620974545704,12.29,3.454,21.167,6.881,343.935,90.22,173.935,271.661
853,Minneapolis,MN,44.9914914,-93.2471953,7841625302,4,3948,5894,1163588034277415,980709386017870,103420455749294,516205043083413,32.107,32.607,31.772,25.737,0.0,64.38,232.551,244.19
854,Minneapolis,MN,44.9915787,-93.2408712,2485875371,3,3948,5894,659020142962802,772025233480012,1895936447472779,777944288283999,17.418,12.1,21.08,7.659,9.933,91.08,182.933,268.254
855,Minneapolis,MN,44.9915874,-93.250882,10616704457,3,3948,5894,469338154558102,2941858799446493,568556138075284,733014477804731,10.19,9.112,9.708,8.722,353.279,98.88,164.983,267.811
856,Minneapolis,MN,44.9917273,-93.250781,10616704468,3,3948,5894,469338154558102,2941858799446493,568556138075284,733014477804731,11.761,9.255,8.778,9.316,353.279,98.88,164.983,267.811
857,Minneapolis,MN,44.9923655,-93.2410641,2485875420,4,3948,5894,3119737098322797,295747689885408,1014038952973867,339979311824288,4.042,7.816,10.004,7.816,14.933,100.933,183.933,237.933
858,Minneapolis,MN,44.9808904,-93.2141002,6960167568,3,3949,5894,3462689557331687,326099255699463,822593754039351,607983334784264,5.787,2.485,2.082,8.708,328.839,148.05,186.665,225.0
859,Minneapolis,MN,44.9809878,-93.2138472,6960167567,3,3949,5894,3462689557331687,326099255699463,822593754039351,3462689557331687,17.646,24.649,24.737,17.646,328.839,148.05,186.665,328.839
860,Minneapolis,MN,44.9809881,-93.2146077,1925655532,4,3949,5894,1507830474003323,145888617450044,1141666098148491,838939660719424,30.967,26.716,26.665,31.665,327.49,147.95,187.174,225.0
861,Minneapolis,MN,44.9810752,-93.2144045,11422117084,4,3949,5894,1507830474003323,145888617450044,1141666098148491,1507830474003323,12.368,8.069,9.054,12.368,327.49,147.95,187.174,327.49
862,Minneapolis,MN,44.9811213,-93.2142971,34504451,4,3949,5894,1507830474003323,145888617450044,1141666098148491,1507830474003323,3.013,2.11,5.633,3.013,327.49,147.95,187.174,327.49
863,Minneapolis,MN,44.9812227,-93.2140592,2477187105,3,3949,5894,1422319318553443,145888617450044,1141666098148491,1422319318553443,16.839,23.734,24.76,16.839,329.047,147.95,187.174,329.047
864,Minneapolis,MN,44.981552,-93.2231112,11422075400,3,3949,5894,1267662817444077,516862993957325,953768529188356,985461739450083,9.604,4.088,3.31,3.947,5.91,116.0,218.987,267.153
865,Minneapolis,MN,44.9817219,-93.2148106,2477187138,3,3949,5894,235291645984014,482250076378164,1344493314006922,613939693944558,2.803,2.904,2.549,2.803,330.0,148.61,187.124,225.0
866,Minneapolis,MN,44.9818722,-93.2252909,11422075391,4,3949,5894,214166861301463,241676488623561,1299935270638111,214166861301463,3.876,10.254,15.395,3.876,307.7,128.0,204.0,307.7
867,Minneapolis,MN,44.9822288,-93.2152439,2477187190,3,3949,5894,1797302074028913,166699795459235,25491452867139820,825711162271694,5.576,3.854,7.163,6.927,328.813,149.32,187.177,225.0
868,Minneapolis,MN,44.982269,-93.2156903,1925655624,3,3949,5894,217770287400020,334597498229541,2068651067206746,1619319708566042,30.659,25.502,26.328,30.659,331.0,149.3,187.177,226.0
869,Minneapolis,MN,44.9823346,-93.2149957,2477187196,3,3949,5894,1797302074028913,166699795459235,25491452867139820,1797302074028913,17.599,25.995,25.02,17.599,328.813,149.32,187.177,328.813
870,Minneapolis,MN,44.982358,-93.2153543,2477187197,3,3949,5894,1183098586963334,297685635398293,2068651067206746,1183098586963334,4.139,2.438,4.005,4.139,327.458,149.4,187.177,327.458
871,Minneapolis,MN,44.9824304,-93.2158172,1925655628,3,3949,5894,1862045064431383,512736883086313,1379875906856736,749923653603947,30.102,25.094,26.11,32.857,327.458,149.36,187.177,226.0
872,Minneapolis,MN,44.9831288,-93.2160133,2477187256,3,3949,5894,808284274876990,1466582000339821,25220797557550629,1496360161099832,3.652,3.431,1.261,4.076,329.364,148.22,186.665,225.0
873,Minneapolis,MN,44.9832367,-93.2157603,2477187266,3,3949,5894,813152283781301,919036848890901,25220797557550629,813152283781301,17.848,24.736,24.493,17.848,328.654,148.02,186.665,328.654
874,Minneapolis,MN,44.9836712,-93.2168841,1925655710,3,3949,5894,295735996249051,1306298060952355,1188886449769612,605916094782830,30.063,24.151,26.403,30.063,330.0,148.863,186.96,225.0
875,Minneapolis,MN,44.9837305,-93.2165276,1925655729,3,3949,5894,1121674939482841,314497423382706,2018805282207368,1121674939482841,3.067,2.022,2.487,3.067,328.757,149.37,186.96,328.757
876,Minneapolis,MN,44.983762,-93.2166796,11422117075,4,3949,5894,1511370516559359,1306298060952355,1188886449769612,605916094782830,12.464,5.191,8.319,13.367,328.805,148.863,186.96,225.0
877,Minneapolis,MN,44.9838023,-93.216589,1925655740,3,3949,5894,1511370516559359,1306298060952355,1188886449769612,1351081592427757,5.556,3.326,4.639,5.359,328.805,148.863,186.96,327.721
878,Minneapolis,MN,44.9838096,-93.2163407,1925655746,3,3949,5894,648847647133073,314497423382706,2018805282207368,648847647133073,12.12,19.14,19.067,12.12,327.736,149.37,186.96,327.736
879,Minneapolis,MN,44.9841497,-93.2284955,7931846540,4,3949,5894,3407932256112578,1526417395203875,882839955630525,1243335529720416,4.785,1.336,3.74,7.162,3.0,113.855,156.19,265.977
880,Minneapolis,MN,44.9842506,-93.2169951,8295955491,3,3949,5894,983471936031031,475836453626174,1369775281511730,803170472165160,5.777,1.694,3.862,3.379,328.0,87.37,174.572,295.158
881,Minneapolis,MN,44.9847887,-93.2285063,7931846542,4,3949,5894,3568005883414051,978494059356853,527791265569674,104347306100816,6.389,29.123,10.056,6.389,0.0,141.04,177.08,255.0
882,Minneapolis,MN,44.9852886,-93.228502,7931846544,4,3949,5894,982493769714286,840019881048240,139607388153203,211517811582131,9.593,9.515,14.134,18.14,48.923,88.923,141.835,237.0
883,Minneapolis,MN,44.9854324,-93.2287119,7931846550,4,3949,5894,1826381014444118,1465579010894082,4036293336451849,6133252763446403,13.166,11.327,9.433,17.597,48.923,97.924,165.962,300.537
884,Minneapolis,MN,44.98544,-93.2270412,12599799174,3,3949,5894,1048936059615359,1498820134289937,1014219019912860,688863039807510,6.158,5.941,22.108,12.435,357.922,91.922,120.922,326.922
885,Minneapolis,MN,44.9854408,-93.2285053,12599799175,4,3949,5894,982493769714286,840019881048240,4036293336451849,1326047685867749,11.246,7.569,9.49,29.895,48.923,88.923,165.962,301.363
886,Minneapolis,MN,44.9865168,-93.2294974,12599799187,4,3949,5894,838492537081527,294817042241295,307980094118954,231430282081561,4.119,9.748,25.733,16.507,46.016,81.14,154.12,264.154
887,Minneapolis,MN,44.9866511,-93.2270416,12599799181,3,3949,5894,814222710429201,636389951953705,636389951953705,328752753150439,11.865,25.066,25.066,28.886,-0.078,140.922,140.922,316.922
888,Minneapolis,MN,44.9873368,-93.2270547,12319761085,4,3949,5894,681005487046617,861928958831466,6880244068684968,1357376868490971,11.687,28.303,12.601,11.669,352.922,76.922,188.922,323.922
889,Minneapolis,MN,44.9873803,-93.2268504,12319772855,4,3949,5894,1413416275883871,861928958831466,6880244068684968,1357376868490971,5.114,21.695,4.928,5.114,347.922,76.922,188.922,323.922
890,Minneapolis,MN,44.9912445,-93.2269603,10142075272,4,3949,5894,1365168240804947,909478072950309,1097764015603345,777152136953110,6.932,7.315,26.265,19.279,340.922,91.35,188.932,269.584
891,Minneapolis,MN,44.9912445,-93.2188842,12651041783,4,3949,5894,164407648863868,372816627483222,194616532396245,864578421180862,10.16,14.07,9.255,31.591,357.034,79.291,182.113,268.555
892,Minneapolis,MN,44.9912654,-93.2271856,10142075271,3,3949,5894,1365168240804947,1122338981608752,1097764015603345,1057136021602792,11.883,6.836,34.079,17.334,340.922,92.28,188.932,270.085
893,Minneapolis,MN,44.9913407,-93.2190773,12651041790,4,3949,5894,4199945910067204,2944478502490116,318284849900364,1565892357162696,5.912,19.842,6.191,20.38,7.584,92.86,174.266,268.567
894,Minneapolis,MN,44.9914349,-93.2190745,12648543281,3,3949,5894,2947789038881093,538176670507902,181490193751229,1565892357162696,9.296,10.309,5.981,9.913,11.848,88.96,170.577,268.567
895,Minneapolis,MN,44.9914353,-93.2188694,12648543279,3,3949,5894,2947789038881093,377035420310701,181490193751229,864578421180862,6.893,10.256,11.54,10.376,11.848,87.743,170.577,268.555
896,Minneapolis,MN,44.9915272,-93.2269469,10142075273,3,3949,5894,1054652342235350,319541707334430,1097764015603345,2414439225404134,4.107,4.107,9.074,3.782,21.922,45.922,188.932,265.922
897,Minneapolis,MN,44.9915633,-93.2103516,11065541308,3,3949,5894,522690735778520,219671419662574,1144989479311568,1731214237277127,13.029,5.11,19.144,10.092,0.0,90.55,173.98,268.862
898,Minneapolis,MN,44.9915652,-93.210021,11065541309,3,3949,5894,214527493569454,336293017917359,1193268181118144,756480418907285,13.711,6.018,8.052,10.494,0.0,91.66,151.33,271.338
899,Minneapolis,MN,44.9917416,-93.2103144,11065541302,3,3949,5894,522690735778520,959692704804922,1015445815925870,640641492175021,7.399,10.759,7.235,5.303,0.0,89.16,178.38,266.939
900,Minneapolis,MN,44.9917478,-93.2100931,11065541314,4,3949,5894,291094099336447,273146147843367,1017860098620933,1932384707614641,7.62,10.898,5.337,4.278,0.0,89.58,170.16,267.335
901,Minneapolis,MN,44.9917501,-93.2100083,11065541310,3,3949,5894,214527493569454,2871636116486501,1017860098620933,1310757953792999,7.138,10.625,11.947,4.985,0.0,89.85,170.16,267.335
902,Minneapolis,MN,44.9807086,-93.1873911,12983306990,4,3950,5894,781411879187841,953923985439083,2128581817552468,152723780161563,13.053,15.921,6.263,7.833,5.577,65.453,160.048,266.169
903,Minneapolis,MN,44.9808638,-93.1873881,1710878949,4,3950,5894,1136284448207418,953923985439083,855661326884299,1413232819042045,16.966,20.504,8.329,10.224,0.0,65.453,161.009,269.42
904,Minneapolis,MN,44.981142,-93.1940962,12983306927,3,3950,5894,741485343185244,2048573762553392,297664908610888,24823814263937128,14.059,14.818,14.056,7.057,0.0,102.381,199.58,282.402
905,Minneapolis,MN,44.9812047,-93.19404,12983306929,3,3950,5894,25155388250792865,1741957253174613,297664908610888,32626804190297867,7.399,7.083,19.708,14.877,45.913,76.945,199.58,281.305
906,Minneapolis,MN,44.9812079,-93.1941675,9986789484,3,3950,5894,320946269411705,1857185149006253,297664908610888,846887614536885,10.58,11.288,11.109,6.953,0.0,95.066,199.58,281.305
907,Minneapolis,MN,44.9812438,-93.1942127,12983307065,3,3950,5894,1559679448361365,1857185149006253,297664908610888,1978580902936126,6.188,6.279,12.228,6.669,0.146,95.066,199.58,286.676
908,Minneapolis,MN,44.9812629,-93.1945789,9986789482,4,3950,5894,494089228687587,301490881586437,926974014759002,494089228687587,9.778,4.634,5.48,9.778,319.66,96.65,140.759,319.66
909,Minneapolis,MN,44.9814267,-93.1947872,12983307070,3,3950,5894,164181228979950,3966314280116592,140678784770186,164181228979950,11.118,11.19,7.937,11.118,318.86,93.95,143.817,318.86
910,Minneapolis,MN,44.9814274,-93.1944468,9986789479,4,3950,5894,203569134926716,301490881586437,800904910811698,203569134926716,7.933,16.405,10.132,7.933,319.57,96.65,137.361,319.57
911,Minneapolis,MN,44.9814368,-93.1948295,9986789481,3,3950,5894,591533592239596,3966314280116592,3492286537539641,591533592239596,11.96,10.53,8.253,11.96,318.77,93.95,141.489,318.77
912,Minneapolis,MN,44.9815159,-93.1985096,12983307109,4,3950,5894,950159865788624,580415592905356,326427265676938,505401673827098,13.934,9.315,10.947,14.668,24.765,66.423,181.97,237.18
913,Minneapolis,MN,44.9815868,-93.1946536,9986789434,4,3950,5894,151272120348179,222033526035609,178034157576126,488432002481066,5.637,15.175,10.746,5.723,325.1,123.303,195.493,321.68
914,Minneapolis,MN,44.9816021,-93.1983076,12983307228,4,3950,5894,941242180028614,580415592905356,326427265676938,505401673827098,15.967,19.111,12.89,5.186,3.1,66.423,181.97,237.18
915,Minneapolis,MN,44.9816783,-93.1985802,12983307112,4,3950,5894,941242180028614,580415592905356,326427265676938,505401673827098,9.249,9.603,26.002,18.152,3.1,66.423,181.97,237.18
916,Minneapolis,MN,44.9817424,-93.1983846,12983307090,4,3950,5894,217064399953550,580415592905356,180869493931911,3878430192265996,5.88,20.981,17.306,12.883,6.76,66.423,215.03,235.98
917,Minneapolis,MN,44.9818174,-93.1986259,12983300032,4,3950,5894,217064399953550,580415592905356,180869493931911,505401673827098,15.312,25.482,32.422,30.782,6.76,66.423,215.03,237.18
918,Minneapolis,MN,44.9818867,-93.1944761,1721356879,3,3950,5894,172152391410178,910718029776140,328165275469613,926259851485344,23.625,23.237,26.112,30.384,0.0,140.012,189.313,217.425
919,Minneapolis,MN,44.9820914,-93.19561,12983307071,4,3950,5894,113659014126597,2851355335126989,2851355335126989,113659014126597,10.795,8.675,8.675,10.795,319.59,138.002,138.002,319.59
920,Minneapolis,MN,44.9823083,-93.1958686,12983307072,4,3950,5894,914542185990094,897690800823617,840364876827067,527874344904329,10.16,7.202,9.489,17.849,320.04,77.769,165.222,277.79
921,Minneapolis,MN,44.9823577,-93.1955637,12983307238,3,3950,5894,509699610068132,322145735961914,1689853377867451,1047004405826548,6.898,11.945,16.295,14.464,319.3,136.107,190.947,253.171
922,Minneapolis,MN,44.9823686,-93.1955952,12983307237,3,3950,5894,509699610068132,3958710430892464,1689853377867451,285917853190168,6.944,17.294,13.571,10.427,319.3,108.222,190.947,240.461
923,Minneapolis,MN,44.9824341,-93.1960116,12983307406,3,3950,5894,1198391677244154,807549253456607,152979966726120,527874344904329,10.293,9.41,11.394,1.371,320.73,80.168,139.974,277.79
924,Minneapolis,MN,44.9824431,-93.1960425,12983307404,3,3950,5894,1198391677244154,807549253456607,264902098650835,495308585006386,11.623,11.28,12.313,2.448,320.73,80.168,141.347,262.2
925,Minneapolis,MN,44.9825,-93.1957541,12983307408,4,3950,5894,265712301955745,3958710430892464,1689853377867451,160767072665686,8.093,16.57,10.825,6.994,326.5,108.222,190.947,243.506
926,Minneapolis,MN,44.9826513,-93.1962532,12983307402,4,3950,5894,1117846298696760,313793657030703,296099922185133,296099922185133,13.216,3.06,6.731,6.731,322.76,114.677,227.938,227.938
927,Minneapolis,MN,44.9827044,-93.1963046,12983300042,3,3950,5894,299259315012736,313793657030703,296099922185133,296099922185133,13.002,4.148,5.674,5.674,322.35,114.677,227.938,227.938
928,Minneapolis,MN,44.9828348,-93.1960909,12983300047,4,3950,5894,313055923551135,590084588583279,349914186557002,192032136115666,8.86,11.253,11.248,11.36,323.57,81.292,201.518,246.369
929,Minneapolis,MN,44.9828468,-93.1964422,12983307349,3,3950,5894,373473414087014,797284634228292,797284634228292,373473414087014,13.402,10.295,10.295,13.402,324.22,145.877,145.877,324.22
930,Minneapolis,MN,44.9829621,-93.1962254,12983300028,4,3950,5894,297440082045175,797284634228292,797284634228292,297440082045175,7.404,11.974,11.974,7.404,324.69,145.877,145.877,324.69
931,Minneapolis,MN,44.9860302,-93.2004101,10707287129,3,3950,5894,137829121674487,479514429923067,479514429923067,2865815213680127,13.988,10.498,10.498,14.51,304.82,124.461,124.461,301.54
932,Minneapolis,MN,44.9861137,-93.2005869,11569815513,3,3950,5894,473996320354370,306604017681272,306604017681272,473996320354370,15.35,10.37,10.37,15.35,300.72,123.065,123.065,300.72
933,Minneapolis,MN,44.9861843,-93.2010027,6103410592,3,3950,5894,274239494430442,807360813239853,807360813239853,171501498127561,29.531,21.175,21.175,28.363,304.23,122.147,122.147,299.08
934,Minneapolis,MN,44.9861915,-93.2002453,10707287127,4,3950,5894,137829121674487,479514429923067,479514429923067,2865815213680127,9.334,11.817,11.817,8.815,304.82,124.461,124.461,301.54
935,Minneapolis,MN,44.9862819,-93.2004348,10707287125,4,3950,5894,1175724812876881,306604017681272,306604017681272,1175724812876881,5.258,11.972,11.972,5.258,303.17,123.065,123.065,303.17
936,Minneapolis,MN,44.9862874,-93.2009629,10707287131,4,3950,5894,274239494430442,807360813239853,807360813239853,374782633955705,21.006,11.254,11.254,17.265,304.23,122.147,122.147,299.36
937,Minneapolis,MN,44.9863616,-93.2006089,11569815519,3,3950,5894,1888873291288807,1159038764590897,1159038764590897,1888873291288807,4.908,12.488,12.488,4.908,302.51,121.376,121.376,302.51
938,Minneapolis,MN,44.9863636,-93.200347,10707287124,3,3950,5894,1175724812876881,306604017681272,306604017681272,1175724812876881,16.404,23.283,23.283,16.404,303.17,123.065,123.065,303.17
939,Minneapolis,MN,44.9863692,-93.1985399,10707287104,4,3950,5894,713088944390217,653380430788350,672526675397270,1213974856804220,11.65,7.444,15.59,17.544,340.903,91.747,168.31,262.517
940,Minneapolis,MN,44.9865068,-93.200926,11569815511,4,3950,5894,290693272712709,4098984440190521,4098984440190521,982809675589009,14.736,12.931,12.931,4.43,303.26,120.358,120.358,298.54
941,Minneapolis,MN,44.9867392,-93.1994332,2765964477,4,3950,5894,687964567107483,995832569326715,986941220284998,659101033615602,3.894,11.353,19.36,4.392,341.524,81.228,175.331,262.277
942,Minneapolis,MN,44.9867904,-93.1986562,10707287178,4,3950,5894,1384850059427235,700186002666775,657887187216787,1735031987410576,18.249,8.346,3.122,25.487,8.032,90.575,166.796,275.268
943,Minneapolis,MN,44.9869261,-93.2023655,10707287133,3,3950,5894,749660215702209,471463790796133,471463790796133,749660215702209,18.725,9.825,9.825,18.725,301.9,122.993,122.993,301.9
944,Minneapolis,MN,44.9869727,-93.202467,10707287134,4,3950,5894,478898736728834,178105664210363,178105664210363,478898736728834,18.795,10.862,10.862,18.795,303.54,122.138,122.138,303.54
945,Minneapolis,MN,44.9870518,-93.2025978,11569815507,3,3950,5894,567941764179131,178105664210363,1638921289829797,567941764179131,17.451,11.771,12.11,17.451,303.98,122.138,125.12,303.98
946,Minneapolis,MN,44.98716,-93.2023564,11569815510,4,3950,5894,755743841783738,178105664210363,178105664210363,755743841783738,3.375,12.466,12.466,3.375,303.33,122.138,122.138,303.33
947,Minneapolis,MN,44.9872105,-93.2024635,11569815503,4,3950,5894,567941764179131,178105664210363,1638921289829797,567941764179131,3.188,15.695,14.963,3.188,303.98,122.138,125.12,303.98
948,Minneapolis,MN,44.9872182,-93.1986671,2767176918,3,3950,5894,9894959320549218,521519864364848,2577772002553877,1027183872101626,26.636,27.687,8.66,26.607,335.347,96.211,175.195,219.039
949,Minneapolis,MN,44.9872686,-93.2026132,11569815504,3,3950,5894,160307319405472,1638921289829797,1638921289829797,160307319405472,3.21,12.57,12.57,3.21,302.61,125.12,125.12,302.61
950,Minneapolis,MN,44.987475,-93.2030847,11569815520,4,3950,5894,186272783367873,332380615247072,332380615247072,186272783367873,5.021,9.245,9.245,5.021,302.92,122.444,122.444,302.92
951,Minneapolis,MN,44.9875392,-93.2030324,2441027673,3,3950,5894,1807824086066149,332380615247072,332380615247072,186272783367873,12.627,17.463,17.463,12.648,303.05,122.444,122.444,302.92
952,Minneapolis,MN,44.9877103,-93.2041011,11569815537,3,3950,5894,954758388678961,188105329732149,511878373287776,954758388678961,16.495,9.512,34.548,16.495,302.66,117.72,168.27,302.66
953,Minneapolis,MN,44.9878815,-93.2039907,11569815533,3,3950,5894,954758388678961,188105329732149,1401134423581057,954758388678961,5.053,12.394,21.046,5.053,302.66,117.72,164.69,302.66
954,Minneapolis,MN,44.9879305,-93.198159,7624982222,3,3950,5894,1214734476695165,1966046137558546,1236201724797668,695076926339916,22.935,16.741,2.102,8.257,350.751,92.53,180.158,258.322
955,Minneapolis,MN,44.9880186,-93.1980525,2765960671,3,3950,5894,1214734476695165,1966046137558546,1689251858339815,1955764118498263,20.385,22.282,7.709,11.546,350.751,92.53,187.884,281.988
956,Minneapolis,MN,44.9880502,-93.1986429,415835204,3,3950,5894,727557609789734,9498700173558753,9444304728958778,1376581036950288,2.411,10.97,10.879,8.757,332.512,65.564,217.014,255.716
957,Minneapolis,MN,44.9880756,-93.1980256,187857623,3,3950,5894,1214734476695165,1966046137558546,1038792794818257,578656701908959,24.263,25.324,5.954,5.427,350.751,92.53,203.218,257.86
958,Minneapolis,MN,44.9884129,-93.1998056,415835199,3,3950,5894,2746048005604826,1024886429741674,1248816009936701,2706403392879390,23.905,31.803,6.619,4.16,345.107,84.166,222.829,239.051
959,Minneapolis,MN,44.9885416,-93.1996071,415835197,4,3950,5894,1593445841344377,1024886429741674,1333555407871964,668055509428991,12.274,21.201,5.665,16.99,353.044,84.166,176.311,274.203
960,Minneapolis,MN,44.9915302,-93.1921064,10707287042,3,3950,5894,847522239453895,952795722150534,582545009390152,1287578479138502,8.719,8.592,12.81,25.041,0.76,89.79,156.75,269.399
961,Minneapolis,MN,44.9915334,-93.1921859,10707287066,3,3950,5894,847522239453895,952795722150534,582545009390152,1287578479138502,9.394,2.366,9.89,25.749,0.76,89.79,156.75,269.399
962,Minneapolis,MN,44.9915474,-93.192084,10707287041,3,3950,5894,326980332285483,4402156513149038,582545009390152,1287578479138502,4.172,7.073,15.409,23.109,12.53,89.95,156.75,269.399
963,Minneapolis,MN,44.9918115,-93.1921827,10707287072,4,3950,5894,326980332285483,278310807326797,903306676903991,1287578479138502,26.619,18.734,34.236,9.518,12.53,90.44,127.12,269.399
964,Minneapolis,MN,44.980522,-93.1671469,1369307110,3,3951,5894,382007683067824,978639217840542,2583785951925141,4646707382258492,10.233,8.973,1.106,8.671,0.395,121.488,180.91,222.091
965,Minneapolis,MN,44.9806624,-93.1668367,1533380601,3,3951,5894,304745717952330,978639217840542,879940505887946,4646707382258492,8.869,27.4,22.078,23.068,0.2,121.488,181.27,222.091
966,Minneapolis,MN,44.9806772,-93.1814813,9986789522,4,3951,5894,986947653272230,2390537181090309,164355005693870,164355005693870,4.978,34.64,34.327,34.327,0.0,35.434,224.848,224.848
967,Minneapolis,MN,44.9806806,-93.1818984,11503634084,3,3951,5894,1341631430550184,572803863685555,164355005693870,510315206771956,3.187,12.776,13.079,11.049,0.0,78.421,224.848,250.284
968,Minneapolis,MN,44.9807359,-93.1668337,1533622800,4,3951,5894,2983965021889523,1734101401293822,143119081076844,26389173480695579,8.388,26.206,22.294,21.736,0.67,121.488,180.95,222.091
969,Minneapolis,MN,44.9808217,-93.1819005,11503634082,3,3951,5894,1549943299056524,2975881722631133,175285324499709,164355005693870,4.224,8.739,4.77,2.997,0.0,62.234,154.199,224.848
970,Minneapolis,MN,44.9808845,-93.1672183,1533459554,3,3951,5894,300990418194478,1476690490650840,226520905733509,1453886039647586,15.942,7.964,3.583,9.077,0.022,121.488,181.15,222.091
971,Minneapolis,MN,44.9808905,-93.1671354,1701306855,4,3951,5894,300990418194478,1476690490650840,1850298915903797,1453886039647586,9.409,5.981,1.72,2.545,0.022,121.488,180.71,222.091
972,Minneapolis,MN,44.9809019,-93.1668329,1533622785,3,3951,5894,114310144055972,1476690490650840,2849338551999620,1846504526262968,9.099,25.936,20.498,13.087,0.46,121.488,180.55,281.528
973,Minneapolis,MN,44.9809899,-93.1668297,1533622798,4,3951,5894,761838361039125,1476690490650840,372454527522527,1846504526262968,8.955,26.35,20.741,4.594,0.04,121.488,180.72,281.528
974,Minneapolis,MN,44.9810401,-93.1671265,635367606,4,3951,5894,667253869393855,2124645794994439,1016284180570355,1084277553883553,9.362,9.967,1.25,2.359,0.0,121.488,180.71,222.091
975,Minneapolis,MN,44.9810858,-93.16683,2470038608,3,3951,5894,1991912334878122,2124645794994439,811428516445755,1351025333410061,5.967,25.785,20.717,6.296,349.109,121.488,180.84,291.47
976,Minneapolis,MN,44.9811844,-93.1671221,2470038619,4,3951,5894,658237547032245,2124645794994439,944470539645534,1159324162821374,9.017,6.726,1.607,3.117,0.431,121.488,181.08,222.091
977,Minneapolis,MN,44.9811946,-93.1668551,1533622780,3,3951,5894,836867787183305,2124645794994439,134285065411210,1846504526262968,7.353,24.534,18.843,20.882,0.28,121.488,180.8,281.528
978,Minneapolis,MN,44.9825556,-93.1827692,1881893370,3,3951,5894,522921902324730,558998878417081,374975823899450,2086108458198383,19.446,32.392,23.947,24.567,1.767,81.415,172.095,212.41
979,Minneapolis,MN,44.9826776,-93.1828175,11503634154,3,3951,5894,522921902324730,558998878417081,374975823899450,2086108458198383,5.88,18.984,33.178,31.852,1.767,81.415,172.095,212.41
980,Minneapolis,MN,44.9826777,-93.1827712,11503634143,3,3951,5894,522921902324730,558998878417081,374975823899450,526500248534519,6.158,18.821,30.286,33.669,1.767,81.415,172.095,235.7
981,Minneapolis,MN,44.9829692,-93.1668452,1533622787,4,3951,5894,1140525031355523,1586541985760521,3617906164975500,1222139960100347,6.385,21.361,16.107,16.057,358.992,121.488,181.02,221.403
982,Minneapolis,MN,44.98297,-93.1670783,635367612,3,3951,5894,3275284765944510,1586541985760521,1113625159132488,1222139960100347,7.614,6.845,1.487,4.104,0.0,121.488,180.95,221.403
983,Minneapolis,MN,44.9830127,-93.1668466,1533622778,3,3951,5894,2951515745136480,1638148024058174,823861534890297,1222139960100347,7.044,20.711,14.588,15.693,359.94,121.488,180.8,221.403
984,Minneapolis,MN,44.9844258,-93.1673692,2470038901,3,3951,5894,267300891788469,2458775574573206,469534027662349,1495131985950778,31.011,22.548,21.847,27.609,0.359,121.488,180.51,221.403
985,Minneapolis,MN,44.9844505,-93.1668308,1533664923,3,3951,5894,1189625214807141,2458775574573206,819258329020077,1495131985950778,5.519,19.907,14.392,14.878,1.2,121.488,180.75,221.403
986,Minneapolis,MN,44.9846148,-93.1668291,1533622793,3,3951,5894,1220672635058487,2486419695123015,277940320725705,1251183276380145,5.245,20.921,15.461,15.257,0.91,121.488,180.63,220.362
987,Minneapolis,MN,44.9848908,-93.1668252,1710085224,4,3951,5894,715189721542309,900160329692254,369805797808157,34194080100236581,5.113,20.949,13.887,14.765,359.39,121.488,180.19,220.362
988,Minneapolis,MN,44.9860366,-93.166804,1710086074,3,3951,5894,529624448204066,1606446237091857,219849132941293,3239178796260565,7.187,22.359,15.826,18.296,359.08,119.275,177.41,219.156
989,Minneapolis,MN,44.9862773,-93.1667994,1533622777,3,3951,5894,852673928934004,3741590812677568,4007573682612854,2154357168661278,7.52,23.301,16.032,18.254,359.61,119.275,176.74,219.156
990,Minneapolis,MN,44.9862857,-93.1672878,2470039042,3,3951,5894,172622894670659,3741590812677568,4126150120797881,2154357168661278,24.925,15.413,15.656,21.526,359.411,119.275,178.225,219.156
991,Minneapolis,MN,44.986418,-93.1668063,1533622794,3,3951,5894,695026046949686,1335327638625728,514777429896388,1829722254352423,7.482,23.232,16.462,18.041,358.6,119.275,177.08,220.069
992,Minneapolis,MN,44.9865823,-93.1672897,2470039096,3,3951,5894,417078190485982,886731057717661,467042854516095,1720844518892951,15.677,14.72,14.251,21.258,0.0,119.275,178.55,220.069
993,Minneapolis,MN,44.9880863,-93.1667788,1533622796,3,3951,5894,500696171055889,827546356263281,291041986021074,1128465448632052,8.875,7.065,22.213,10.658,0.57,82.027,185.69,269.717
994,Minneapolis,MN,44.9881502,-93.1672096,2470039259,4,3951,5894,964312327444869,1455665582870457,3734607343316253,1260150259373102,19.311,9.303,7.909,17.392,2.42,123.619,184.41,263.517
995,Minneapolis,MN,44.9881553,-93.167083,635367625,4,3951,5894,964312327444869,1455665582870457,1375288812858117,1260150259373102,9.34,5.595,0.82,7.976,2.42,123.619,184.11,263.517
996,Minneapolis,MN,44.9881638,-93.1669106,635367622,3,3951,5894,802823237324730,827546356263281,1151525325270557,885802410957636,1.409,13.658,10.841,1.052,1.96,82.027,185.13,272.687
997,Minneapolis,MN,44.988165,-93.1667806,1533622789,4,3951,5894,227213698758300,827546356263281,1151525325270557,1902061997009409,7.808,4.038,20.922,2.06,2.39,82.027,185.13,269.09
998,Minneapolis,MN,44.9882386,-93.1672154,2470039278,3,3951,5894,245209687383540,1455665582870457,2810803515850095,1260150259373102,19.529,8.982,8.79,21.711,3.813,123.619,184.047,263.517
999,Minneapolis,MN,44.988269,-93.166759,1533622788,4,3951,5894,249964303551602,827546356263281,884194145763193,1902061997009409,9.234,14.054,20.542,10.11,1.27,82.027,186.69,269.09
1000,Minneapolis,MN,44.9882733,-93.1670733,8699828322,4,3951,5894,1885039765004619,1166464772177902,188235296506253,885802410957636,9.751,7.473,1.086,17.461,2.94,124.774,185.19,272.687
1001,Minneapolis,MN,44.9882757,-93.1671903,8699828321,3,3951,5894,1885039765004619,1166464772177902,477605730142038,1260150259373102,18.814,9.602,7.621,22.967,2.94,124.774,185.38,263.517
1002,Minneapolis,MN,44.9882785,-93.1668987,8699828323,4,3951,5894,692584336796588,827546356263281,884194145763193,1275246267226583,1.143,19.565,9.513,11.712,3.338,82.027,186.69,265.111
1003,Minneapolis,MN,44.9908686,-93.1642743,187894249,3,3951,5894,1548099739626596,2413816382454957,1568027214453296,26514309674860778,21.958,2.149,12.918,25.328,309.227,108.141,172.176,266.37
1004,Minneapolis,MN,44.9908694,-93.1641781,7098665919,4,3951,5894,1548099739626596,2413816382454957,1568027214453296,26514309674860778,25.194,9.167,16.428,27.127,309.227,108.141,172.176,266.37
1005,Minneapolis,MN,44.9909371,-93.1643822,7098665921,3,3951,5894,1548099739626596,2014092882797300,1568027214453296,26514309674860778,13.483,6.585,7.232,18.475,309.227,106.861,172.176,266.37
1006,Minneapolis,MN,44.9909383,-93.1642749,7098665920,4,3951,5894,1548099739626596,2014092882797300,1568027214453296,26514309674860778,14.722,1.863,5.704,17.636,309.227,106.861,172.176,266.37
1007,Minneapolis,MN,44.9909398,-93.1641769,7098665901,3,3951,5894,1548099739626596,2014092882797300,1568027214453296,26514309674860778,19.285,9.565,11.769,20.157,309.227,106.861,172.176,266.37
1008,Minneapolis,MN,44.9910462,-93.1643755,7098665922,4,3951,5894,1548099739626596,1568034657819000,1104639025127787,26514309674860778,1.861,2.385,0.498,7.525,309.227,111.282,154.022,266.37
1009,Minneapolis,MN,44.9910462,-93.1642722,6106875221,3,3951,5894,1548099739626596,1568034657819000,1719929799386759,26514309674860778,6.82,10.508,6.221,6.163,309.227,111.282,166.048,266.37
1010,Minneapolis,MN,44.99105,-93.1646999,6106875222,3,3951,5894,2089768838531022,913361197949356,1719929799386759,26514309674860778,12.061,0.99,28.396,31.125,12.615,104.815,166.048,266.37
1011,Minneapolis,MN,44.9913111,-93.1642662,1653014028,3,3951,5894,1548099739626596,951394420790494,4135578156754621,4135578156754621,29.143,32.626,1.339,1.339,309.227,101.386,237.464,237.464
1012,Minneapolis,MN,44.9915977,-93.16638,1471068427,3,3951,5894,178176070856606,1905602136256817,3976877415736840,225193522313337,9.335,13.71,28.332,19.617,357.868,90.0,181.05,268.364
1013,Minneapolis,MN,44.991599,-93.1665411,7098665946,4,3951,5894,283209880146348,160479036083891,3976877415736840,4314937278517059,1.198,13.383,16.012,20.014,0.75,89.47,181.05,269.362
1014,Minneapolis,MN,44.9916009,-93.1667687,7098665947,4,3951,5894,931260897443526,133012545548876,2011016129036729,324416245733611,14.485,6.036,1.892,19.518,0.358,96.94,181.06,267.636
1015,Minneapolis,MN,44.9916019,-93.1668971,7098665948,3,3951,5894,535010105277389,133012545548876,508228570204339,218025983190520,4.838,4.766,7.068,18.922,0.0,96.94,180.88,270.0
1016,Minneapolis,MN,44.9916224,-93.1663618,7098665945,3,3951,5894,178176070856606,1905602136256817,900427454023485,225193522313337,10.839,11.584,29.126,16.931,357.868,90.0,180.8,268.364
1017,Minneapolis,MN,44.9916456,-93.1669481,7098665949,3,3951,5894,535010105277389,145371154180545,508228570204339,464118368024278,3.039,2.108,11.457,14.927,0.0,90.74,180.88,271.642
1018,Minneapolis,MN,44.9916621,-93.1642641,7098665924,4,3951,5894,1268387235208091,471570660770082,4235585980088668,2027295931334248,20.915,8.568,7.51,1.195,323.576,89.609,239.297,247.038
1019,Minneapolis,MN,44.9916627,-93.1643759,7098665923,4,3951,5894,1268387235208091,503986387683399,4235585980088668,3414867165328803,27.87,8.774,10.456,11.745,323.576,90.0,239.297,265.391
1020,Minneapolis,MN,44.9916647,-93.1641448,7098665925,3,3951,5894,1268387235208091,471570660770082,4235585980088668,3414867165328803,15.346,10.61,13.26,9.555,323.576,89.609,239.297,265.391
1021,Minneapolis,MN,44.9917091,-93.1665407,187908611,4,3951,5894,469149700829639,160479036083891,900427454023485,4314937278517059,0.481,2.699,14.028,8.598,0.33,89.47,180.8,269.362
1022,Minneapolis,MN,44.99171,-93.1667661,187908749,3,3951,5894,388678005647018,2563918327251042,304878884524663,324416245733611,15.06,3.81,1.316,7.715,359.53,88.834,181.1,267.636
1023,Minneapolis,MN,44.9917104,-93.1663619,7098665973,4,3951,5894,957691951813250,1905602136256817,900427454023485,225193522313337,11.159,4.852,28.05,7.226,357.993,90.0,180.8,268.364
1024,Minneapolis,MN,44.9917337,-93.1643699,7098665979,4,3951,5894,924215450342647,503986387683399,4235585980088668,304461891354804,19.557,3.679,16.804,8.708,305.594,90.0,239.297,268.734
1025,Minneapolis,MN,44.9917371,-93.164256,187946305,4,3951,5894,924215450342647,471570660770082,4235585980088668,3414867165328803,11.122,1.72,15.847,2.774,305.594,89.609,239.297,265.391
1026,Minneapolis,MN,44.9917386,-93.1641413,7098665983,4,3951,5894,1268387235208091,471570660770082,4235585980088668,1195475035734299,8.085,7.307,19.372,4.903,323.576,89.609,239.297,274.363
1027,Minneapolis,MN,44.9919035,-93.1663607,7098665971,3,3951,5894,844113672867419,1905602136256817,3615932235179865,2009096829920567,10.989,21.283,28.091,6.548,0.39,90.0,181.36,269.214
1028,Minneapolis,MN,44.9919211,-93.1669368,7098665966,3,3951,5894,475639860184775,1487708983008145,919509778895186,748450698023959,27.979,12.977,11.637,9.788,359.819,121.68,180.916,269.568
1029,Minneapolis,MN,44.9919528,-93.1665228,7098665969,4,3951,5894,1039274354758222,160479036083891,3615932235179865,1425723888497727,0.817,26.492,16.168,12.179,1.209,89.47,181.36,269.594
1030,Minneapolis,MN,44.991953,-93.1664186,7098665970,3,3951,5894,844113672867419,1905602136256817,3615932235179865,2009096829920567,7.124,26.22,24.087,12.258,0.39,90.0,181.36,269.214
1031,Minneapolis,MN,44.9919547,-93.1668985,7098665967,3,3951,5894,475639860184775,952887681000142,473624110579666,2311937992599066,24.75,11.954,8.005,12.388,359.819,121.68,181.686,269.594
1032,Minneapolis,MN,44.9806612,-93.1447415,1454962574,3,3952,5894,712326381849323,910012661910042,1270095938519579,1235157551625785,5.057,11.649,8.975,5.79,359.847,86.729,185.503,265.875
1033,Minneapolis,MN,44.9807768,-93.1446304,1454962628,3,3952,5894,712326381849323,2016662715869269,943957764894058,1235157551625785,11.859,0.675,4.233,13.948,359.847,89.099,174.913,265.875
1034,Minneapolis,MN,44.9816344,-93.1434229,1454946619,4,3952,5894,818389087541819,1351589103151676,913376348173546,966081609290050,14.558,15.482,32.716,21.316,359.533,58.744,178.823,279.245
1035,Minneapolis,MN,44.9819292,-93.1435559,1709359731,3,3952,5894,1152987670061564,1328178685703893,3292300217593869,901484892754207,10.453,20.366,17.306,14.211,353.127,54.534,193.003,272.613
1036,Minneapolis,MN,44.981984,-93.1437846,7560688278,3,3952,5894,1152987670061564,1328178685703893,913376348173546,1822412978348526,21.378,31.339,20.166,15.455,353.127,54.534,178.823,266.772
1037,Minneapolis,MN,44.9820706,-93.1435127,1709359734,3,3952,5894,1152987670061564,1224898919440027,3292300217593869,1822412978348526,26.471,30.848,31.735,29.243,353.127,30.651,193.003,266.772
1038,Minneapolis,MN,44.9831784,-93.145798,1652917113,3,3952,5894,1413426069755293,1319595246530368,170854618189825,170854618189825,22.939,29.733,20.388,20.388,18.057,32.31,210.893,210.893
1039,Minneapolis,MN,44.9834494,-93.1448474,1475188717,3,3952,5894,1465993017942605,1465993017942605,605500374178435,207781707825175,1.84,1.84,18.657,8.477,55.702,55.702,237.848,246.658
1040,Minneapolis,MN,44.9835347,-93.1449038,7949209288,3,3952,5894,1465993017942605,1465993017942605,605500374178435,207781707825175,10.628,10.628,18.219,7.126,55.702,55.702,237.848,246.658
1041,Minneapolis,MN,44.9854723,-93.1432578,1209355165,3,3952,5894,1843060353299092,419505279242767,419505279242767,1843060353299092,5.923,3.513,3.513,5.923,324.287,146.564,146.564,324.287
1042,Minneapolis,MN,44.9863877,-93.145562,187888159,3,3952,5894,4217320738414294,179974037340614,1583382266405292,1522138308942428,34.214,5.499,5.403,5.594,300.024,109.894,185.477,289.031
1043,Minneapolis,MN,44.9882648,-93.1463879,13305253398,3,3952,5894,1134746681413745,1341340980898901,893827187846573,1468111417778921,8.064,7.905,11.439,12.95,359.099,88.986,179.935,293.272
1044,Minneapolis,MN,44.9882657,-93.1466157,13305253401,3,3952,5894,1134746681413745,1820796362651736,893827187846573,1442241340221628,10.851,7.556,8.732,10.007,359.099,89.0,179.935,266.695
1045,Minneapolis,MN,44.9882802,-93.1465992,9861324275,3,3952,5894,1134746681413745,1494584581576872,893827187846573,1442241340221628,10.24,6.128,6.821,8.133,359.099,88.699,179.935,266.695
1046,Minneapolis,MN,44.9882802,-93.1464034,13305253400,3,3952,5894,1134746681413745,1341340980898901,893827187846573,1442241340221628,7.827,6.802,9.689,16.013,359.099,88.986,179.935,266.695
1047,Minneapolis,MN,44.9883989,-93.1464034,13305253331,3,3952,5894,1260777612396734,1341340980898901,3978887148867056,1442241340221628,7.725,8.078,9.932,14.823,0.707,88.986,179.449,266.695
1048,Minneapolis,MN,44.9883994,-93.1465857,9861324276,3,3952,5894,1260777612396734,1494584581576872,3978887148867056,1442241340221628,9.195,7.985,6.239,5.285,0.707,88.699,179.449,266.695
1049,Minneapolis,MN,44.9884137,-93.1463881,13305253332,3,3952,5894,1260777612396734,1341340980898901,3978887148867056,1442241340221628,8.01,9.235,10.631,16.566,0.707,88.986,179.449,266.695
1050,Minneapolis,MN,44.9884142,-93.1465997,13305253329,3,3952,5894,1260777612396734,1494584581576872,3978887148867056,1442241340221628,9.57,9.856,6.5,7.085,0.707,88.699,179.449,266.695
1051,Minneapolis,MN,44.991691,-93.146363,13305253117,4,3952,5894,1129374852462696,842465193016504,5544436308930691,2776013599275406,10.43,31.722,10.708,31.374,359.296,90.711,178.556,322.672
1052,Minneapolis,MN,44.9918831,-93.1463052,13305253113,3,3952,5894,1116511050660163,842465193016504,177337524288524,220274892932058,13.765,10.392,15.254,16.202,358.896,90.711,181.01,272.042
1053,Minneapolis,MN,44.9918898,-93.1463258,9861324306,3,3952,5894,1116511050660163,842465193016504,177337524288524,220274892932058,12.055,9.496,13.511,15.403,358.896,90.711,181.01,272.042
1054,Minneapolis,MN,44.9918988,-93.1466261,9861324300,3,3952,5894,521044709268086,856265271643539,177337524288524,877064576487678,7.298,10.601,10.531,14.343,0.0,88.714,181.01,268.851
1055,Minneapolis,MN,44.9918992,-93.1465952,9861324287,3,3952,5894,521044709268086,292858359173667,177337524288524,877064576487678,7.963,10.45,8.135,13.956,0.0,89.0,181.01,268.851
1056,Minneapolis,MN,44.9919021,-93.1461109,9861324313,4,3952,5894,960099143011453,859167084696123,177337524288524,2454882884657030,18.403,8.343,30.16,13.191,330.676,90.526,181.01,272.504
1057,Minneapolis,MN,44.9921481,-93.1466391,9861324301,3,3952,5894,934434849070039,856265271643539,770030680549928,1488701612157305,9.192,21.569,11.054,10.584,329.957,88.714,175.249,276.302
1058,Minneapolis,MN,44.9921486,-93.1465018,9861324305,4,3952,5894,1901915400695032,292858359173667,770030680549928,463693308037992,9.357,19.715,4.39,14.221,329.957,89.0,175.249,267.751
1059,Minneapolis,MN,44.992149,-93.1464182,9861324304,4,3952,5894,1428725784852829,1483184828693028,770030680549928,463693308037992,9.203,19.348,8.409,13.534,329.957,90.0,175.249,267.751
1060,Minneapolis,MN,44.9921494,-93.1463285,5760713945,4,3952,5894,2071445067114931,842465193016504,770030680549928,220274892932058,9.259,19.371,14.902,13.474,330.676,90.711,175.249,272.042
1061,Minneapolis,MN,44.9940601,-93.1458054,1715472629,3,3952,5894,1182552675523875,327881955445394,2871736056414259,468833577714011,4.539,26.155,27.962,30.669,355.524,90.789,182.824,298.81
1062,Minneapolis,MN,44.9941782,-93.1458052,1715472631,3,3952,5894,606312473662818,301197788163170,2871736056414259,468833577714011,3.768,20.023,17.214,17.628,359.452,59.829,182.824,298.81
1063,Minneapolis,MN,44.9941821,-93.1461701,1715472632,3,3952,5894,606312473662818,301197788163170,2871736056414259,468833577714011,31.988,25.351,19.94,31.049,359.452,59.829,182.824,298.81
1064,Minneapolis,MN,44.9943415,-93.1458049,1715472644,3,3952,5894,312285250277095,301197788163170,2871736056414259,468833577714011,10.3,9.925,13.899,2.825,356.094,59.829,182.824,298.81
1065,Minneapolis,MN,44.9943454,-93.1461667,1715472646,3,3952,5894,312285250277095,301197788163170,2871736056414259,209639404106065,26.982,18.589,17.349,18.621,356.094,59.829,182.824,215.552
1066,Minneapolis,MN,44.9945027,-93.1458047,1715472655,3,3952,5894,811470556138610,301197788163170,2871736056414259,468833577714011,3.207,21.133,27.165,18.864,9.194,59.829,182.824,298.81
1067,Minneapolis,MN,44.9945062,-93.1461634,1715472661,3,3952,5894,811470556138610,301197788163170,296484518770886,468833577714011,25.059,26.413,22.929,31.803,9.194,59.829,180.099,298.81
1068,Minneapolis,MN,44.9918655,-93.1234252,5768324442,4,3953,5894,1667012254649045,1649303702878239,960566386482056,2021048188813893,10.316,4.566,6.403,7.282,13.713,87.693,209.946,265.34
1069,Minneapolis,MN,44.993805,-93.1236444,6141542523,3,3953,5894,928274493451343,1262082075906034,1482104936780084,2213481356129409,28.616,31.572,29.158,22.67,349.11,104.551,162.956,281.18
1070,Minneapolis,MN,44.9830663,-93.1184871,7049591446,4,3954,5894,468891744183357,754058138615476,755108438698029,924474855059037,5.486,7.1,5.414,2.109,35.809,91.588,172.398,259.325
1071,Minneapolis,MN,44.9831236,-93.1184448,7560602048,3,3954,5894,470737480857112,754058138615476,327920262279643,374648803910215,7.698,14.287,3.871,2.575,37.997,91.588,215.272,242.571
1072,Minneapolis,MN,44.9845084,-93.1163345,13634375956,3,3954,5894,506696317036906,480223090070103,466102964489740,817716808852705,8.313,8.054,5.821,13.281,48.325,107.646,171.068,268.639
1073,Minneapolis,MN,44.9845087,-93.1164648,7560602037,4,3954,5894,2889056487983342,2250513355085246,466102964489740,230487875546847,15.269,9.188,15.531,13.124,45.057,87.302,171.068,270.0
1074,Minneapolis,MN,44.9846577,-93.1174217,5760713688,3,3954,5894,813088709587876,318468536462043,464076497989391,692635871453490,6.334,6.312,3.062,14.063,347.783,112.139,174.491,281.276
1075,Minneapolis,MN,44.984671,-93.1162539,7560602036,3,3954,5894,182905110356776,480223090070103,472117097195101,1113825542434110,23.7,12.139,13.531,4.583,15.218,107.646,171.068,266.917
1076,Minneapolis,MN,44.9846736,-93.1161714,5760713690,4,3954,5894,182905110356776,340785570991953,472117097195101,1113825542434110,17.225,13.618,15.995,8.498,15.218,84.129,171.068,266.917
1077,Minneapolis,MN,44.984675,-93.1157463,5760713691,3,3954,5894,536035817566322,292516429168898,507133310471229,3712960715499736,15.149,10.176,16.991,6.588,344.203,89.347,222.995,266.281
1078,Minneapolis,MN,44.9847346,-93.1161708,8109578500,4,3954,5894,182905110356776,340785570991953,2892646524356224,521470849223360,17.593,19.553,11.486,11.414,15.218,84.129,226.276,259.978
1079,Minneapolis,MN,44.9849128,-93.116169,8109578492,3,3954,5894,1744544982384135,932481420820795,300747628206180,2550673985238999,19.842,17.205,21.56,17.03,19.476,82.331,180.0,264.615
1080,Minneapolis,MN,44.9849129,-93.1159343,8109578491,3,3954,5894,308254704021508,529102188471138,506335757069429,2550673985238999,14.929,13.757,11.903,19.917,41.48,49.554,223.58,264.615
1081,Minneapolis,MN,44.9850513,-93.1161676,8109578499,4,3954,5894,1744544982384135,932481420820795,300747628206180,2550673985238999,6.234,2.61,6.739,6.234,19.476,82.331,180.0,264.615
1082,Minneapolis,MN,44.9863066,-93.1174146,13243456830,3,3954,5894,248446737066700,382125696367309,520461988978472,1091432711343169,8.15,17.761,5.57,18.892,5.46,76.3,174.849,254.927
1083,Minneapolis,MN,44.9863907,-93.1161349,8109578498,4,3954,5894,198358325460017,290769386095478,523169885757250,965791754239738,8.081,6.693,2.37,5.143,348.885,99.554,158.549,276.207
1084,Minneapolis,MN,44.9863953,-93.115921,8109578505,3,3954,5894,1168728796888655,624474448435710,482197282831964,312386966959135,11.542,12.594,14.837,11.28,10.027,110.658,179.325,289.467
1085,Minneapolis,MN,44.9888922,-93.109675,6130172325,3,3954,5894,379219940064621,549062583145868,196591092180203,625359841754019,1.89,3.444,2.382,4.626,3.571,85.59,153.999,276.369
1086,Minneapolis,MN,44.989127,-93.1124964,187952339,3,3954,5894,905550633625292,467322004543837,3736808029775649,3044632939098110,2.662,34.559,4.159,28.315,355.872,140.417,174.713,329.737
1087,Minneapolis,MN,44.9893378,-93.1097906,9697986522,3,3954,5894,4153640798036518,488755255877252,532375148168306,897510070812696,11.564,11.59,10.441,11.412,3.735,86.826,180.382,244.993
1088,Minneapolis,MN,44.9895616,-93.1097985,9697964182,3,3954,5894,155234236555399,488755255877252,138170348243337,240722134512330,10.665,13.463,6.147,14.283,2.952,86.826,185.769,273.596
1089,Minneapolis,MN,44.9896012,-93.109681,7049591528,4,3954,5894,155234236555399,899503883940069,3901474233299460,240722134512330,4.348,10.131,4.088,5.353,2.952,62.862,178.159,273.596
1090,Minneapolis,MN,44.98964,-93.109584,9697986526,4,3954,5894,155234236555399,899503883940069,481941836389715,841925226535194,9.945,8.019,11.633,6.615,2.952,62.862,179.19,273.596
1091,Minneapolis,MN,44.9898611,-93.1056951,5760713990,3,3954,5894,925502301549853,800094560626976,1575534739321350,840093226856223,12.594,8.544,19.162,13.766,359.065,83.583,175.859,270.0
1092,Minneapolis,MN,44.9898778,-93.1057465,2935018567,3,3954,5894,925502301549853,227509955839564,1575534739321350,840093226856223,9.237,5.961,14.86,10.682,359.065,78.58,175.859,270.0
1093,Minneapolis,MN,44.9899607,-93.1085315,13243456902,3,3954,5894,785894695393807,2986695501598330,488606255674707,505501224120495,6.642,5.954,6.984,7.691,350.213,77.012,182.382,250.793
1094,Minneapolis,MN,44.9899849,-93.1084142,7049591483,4,3954,5894,785894695393807,1190254221492315,488606255674707,467245307671181,4.875,6.153,8.459,5.882,350.213,76.468,182.382,282.999
1095,Minneapolis,MN,44.9900045,-93.1083182,13634375950,3,3954,5894,912237276011995,621032419297400,488606255674707,890802931470846,13.064,7.5,15.089,6.908,5.387,80.713,182.382,253.0
1096,Minneapolis,MN,44.9900725,-93.1060075,5744627847,3,3954,5894,222792725891376,1386278785081954,1490098621342933,2934520553450685,11.849,15.561,5.859,10.81,0.302,92.347,180.844,274.004
1097,Minneapolis,MN,44.9900751,-93.1057622,5744627846,4,3954,5894,222792725891376,800094560626976,1490098621342933,840093226856223,8.657,16.216,14.147,11.488,0.302,83.583,180.844,270.0
1098,Minneapolis,MN,44.9901284,-93.1060069,5744627848,3,3954,5894,222792725891376,1386278785081954,214563886866904,2934520553450685,11.544,21.134,6.72,16.999,0.302,92.347,184.396,274.004
1099,Minneapolis,MN,44.9904817,-93.113632,187952354,3,3954,5894,300137131590615,300017338403253,300017338403253,300137131590615,5.46,2.253,2.253,5.46,306.818,126.248,126.248,306.818
1100,Minneapolis,MN,44.9918211,-93.0763273,13232822884,3,3955,5894,26390533813942068,2124031341778416,1283991413707540,929932789852676,9.984,7.586,10.939,4.247,24.021,86.907,183.099,267.297
1101,Minneapolis,MN,44.9918258,-93.086303,187933805,3,3955,5894,937849345648683,786809130652236,1615522919701584,1469952911210726,3.5,5.269,1.875,3.635,0.514,90.339,177.338,328.624
1102,Minneapolis,MN,44.991826,-93.0864192,11945275126,4,3955,5894,1261580132822901,1429800685455403,830148056742188,1469952911210726,2.118,5.691,3.622,6.278,0.514,90.339,177.338,328.624
1103,Minneapolis,MN,44.9918271,-93.0862024,11945275125,4,3955,5894,937849345648683,786809130652236,1615522919701584,1445175033820065,4.885,7.825,7.025,4.874,0.514,90.339,177.338,328.624
1104,Minneapolis,MN,44.9918346,-93.0856318,959095747,3,3955,5894,1562869458733322,1247196217004093,1559637332837597,1244459330470595,5.446,8.578,5.687,7.416,0.514,88.924,177.338,328.624
1105,Minneapolis,MN,44.9918437,-93.0848657,187952910,3,3955,5894,936243709007255,1628097545010605,935189162575294,1927127711524718,4.102,8.642,2.593,5.677,0.514,88.924,177.338,328.624
1106,Minneapolis,MN,44.9918494,-93.0843882,13661110727,3,3955,5894,2469344590186435,3073710889479526,1388776439935766,2400706700445340,7.557,5.043,7.202,4.165,0.514,89.354,177.338,328.624
1107,Minneapolis,MN,44.9918627,-93.0832793,187928406,3,3955,5894,1136395291946096,2002914283980036,1917391905549057,1248916910145634,1.184,6.403,4.631,3.587,0.514,88.415,177.338,328.624
1108,Minneapolis,MN,44.9918631,-93.0831991,8025325843,3,3955,5894,1136395291946096,26273257459029977,1631702691499292,1469251181206471,6.015,5.545,5.388,6.49,0.514,88.415,177.338,328.624
1109,Minneapolis,MN,44.9918809,-93.0805536,187880419,3,3955,5894,928190953458137,2476268889456687,944198638356716,941100282194337,7.972,4.435,3.933,5.326,1.428,90.995,179.934,329.211
1110,Minneapolis,MN,44.9918831,-93.0795224,959095738,3,3955,5894,1447780313710907,2139337556877518,1485326999791958,1244034540586752,6.353,4.506,3.98,7.191,0.612,89.162,178.757,329.211
1111,Minneapolis,MN,44.9919071,-93.0774598,395988723,3,3955,5894,911817375180502,1237938611265605,2075886542986647,4030845960540837,3.981,3.838,4.525,4.442,1.661,89.162,178.757,328.288
1112,Minneapolis,MN,44.9919216,-93.0763312,13232822892,4,3955,5894,4065368360420512,1545216943250727,1283991413707540,3481818235313964,3.91,4.826,8.579,6.735,14.218,89.135,183.099,250.454
1113,Minneapolis,MN,44.9919231,-93.0762128,395988718,3,3955,5894,1478778763878492,1826591517939578,1283991413707540,929932789852676,3.603,3.946,17.473,12.854,328.451,89.135,183.099,267.297
1114,Minneapolis,MN,44.9919255,-93.086433,11945275119,3,3955,5894,1261580132822901,1429800685455403,830148056742188,1469952911210726,9.674,16.086,12.802,11.647,0.514,90.339,177.338,328.624
1115,Minneapolis,MN,44.9919472,-93.0863033,11945275128,4,3955,5894,937849345648683,786809130652236,1615522919701584,1469952911210726,12.496,18.505,15.068,12.059,0.514,90.339,177.338,328.624
1116,Minneapolis,MN,44.9919473,-93.0832778,13232822810,3,3955,5894,1136395291946096,2002914283980036,1917391905549057,1248916910145634,8.293,14.852,12.061,9.007,0.514,88.415,177.338,328.624
1117,Minneapolis,MN,44.9919501,-93.0864022,11945275120,3,3955,5894,1261580132822901,1429800685455403,830148056742188,1469952911210726,12.736,19.187,16.027,12.853,0.514,90.339,177.338,328.624
1118,Minneapolis,MN,44.9920052,-93.076329,13232822893,3,3955,5894,4065368360420512,1545216943250727,1283991413707540,880991594813918,8.401,13.141,15.242,5.869,14.218,89.135,183.099,329.021
1119,Minneapolis,MN,44.9920062,-93.0762131,13232822887,4,3955,5894,1478778763878492,1826591517939578,1283991413707540,1478778763878492,6.178,12.858,21.498,6.178,328.451,89.135,183.099,328.451
1120,Minneapolis,MN,44.9822343,-93.0556845,494238316,3,3956,5894,2887125891678626,1866274753991534,934836312873034,1993803768236769,21.32,6.928,9.626,16.161,305.508,94.299,186.44,263.771
1121,Minneapolis,MN,44.9822462,-93.0558204,494238314,4,3956,5894,2887125891678626,972264111982390,2372574453261611,1519502283509809,10.549,4.523,10.058,6.783,305.508,107.927,186.44,274.842
1122,Minneapolis,MN,44.9822864,-93.0558205,9699092316,3,3956,5894,2887125891678626,1566146954484777,879885738443856,1993803768236769,10.9,3.307,7.591,4.011,305.508,127.754,168.268,263.771
1123,Minneapolis,MN,44.9822951,-93.0556854,1275203295,4,3956,5894,2887125891678626,1866274753991534,879885738443856,1993803768236769,21.465,13.506,14.784,14.338,305.508,94.299,168.268,263.771
1124,Minneapolis,MN,44.9846634,-93.0659457,2166011186,3,3956,5894,929097846709690,1571341243937525,2805159299816618,4250220778567607,20.636,4.305,13.14,31.568,59.866,87.9,175.07,305.377
1125,Minneapolis,MN,44.9849005,-93.0661337,10862716680,3,3956,5894,2432206620567614,885423834536040,1671941060469969,4250220778567607,17.9,11.937,16.026,30.292,348.362,89.579,178.328,305.377
1126,Minneapolis,MN,44.9850489,-93.0656233,494238160,3,3956,5894,1933532204189514,1073767795817790,1276721803859415,1612397659902123,22.01,29.708,20.842,13.436,336.828,89.579,149.312,267.13
1127,Minneapolis,MN,44.9888703,-93.0575785,5740077177,3,3956,5894,1535376104226040,1035826966274507,970019468696071,1546770926962324,14.683,6.143,4.771,20.729,6.189,86.08,171.262,316.8
1128,Minneapolis,MN,44.9893741,-93.0588837,5740077165,3,3956,5894,2377442186034409,890222620686448,760076860289929,1400841835150689,22.331,3.771,3.02,15.01,306.724,94.965,175.023,267.484
1129,Minneapolis,MN,44.9882523,-93.0253389,13186240974,3,3958,5894,576478954584102,2236140193239991,569777965285961,569777965285961,25.543,30.361,5.817,5.817,356.784,145.784,238.782,238.782
1130,Minneapolis,MN,44.9882581,-93.0251173,13109367470,3,3958,5894,576478954584102,2236140193239991,6480341391977288,274071578297376,10.331,14.127,14.127,4.838,356.784,145.784,184.784,287.784
1131,Minneapolis,MN,44.9882629,-93.0249865,13109367468,4,3958,5894,576478954584102,2236140193239991,6480341391977288,2160288410835062,8.233,7.516,7.516,8.233,356.784,145.784,184.784,303.784
1132,Minneapolis,MN,44.9882637,-93.0253303,13186240972,3,3958,5894,576478954584102,2236140193239991,569777965285961,780206641614202,24.501,29.372,6.017,8.146,356.784,145.784,238.782,291.707
1133,Minneapolis,MN,44.98827,-93.0238614,13109367467,4,3958,5894,208417531975254,288304856856654,1349414015683587,647913647348890,18.171,18.171,10.582,8.659,28.783,66.783,167.783,275.783
1134,Minneapolis,MN,44.9882742,-93.0251244,13109367465,3,3958,5894,576478954584102,2236140193239991,6480341391977288,274071578297376,9.451,13.705,13.705,3.514,356.784,145.784,184.784,287.784
1135,Minneapolis,MN,44.9883965,-93.0253313,13186240971,3,3958,5894,576478954584102,2236140193239991,6480341391977288,772325997864724,24.63,29.494,29.494,4.543,356.784,145.784,184.784,244.782
1136,Minneapolis,MN,44.9883985,-93.0251227,13109367464,3,3958,5894,576478954584102,2236140193239991,6480341391977288,2721041778229351,10.447,14.363,14.363,9.075,356.784,145.784,184.784,291.707
1137,Minneapolis,MN,44.9884099,-93.025104,7461288997,3,3958,5894,576478954584102,2236140193239991,6480341391977288,624859866360334,10.566,13.925,13.925,9.486,356.784,145.784,184.784,294.784
1138,Minneapolis,MN,44.988416,-93.0253616,13186240969,3,3958,5894,576478954584102,2236140193239991,6480341391977288,772325997864724,27.591,32.383,32.383,7.452,356.784,145.784,184.784,244.782
1139,Minneapolis,MN,44.9884294,-93.0162946,13109367445,4,3958,5894,1451867922205613,1463063637954292,1446739630057360,1446739630057360,3.523,21.12,22.921,22.921,3.339,92.667,211.671,211.671
1140,Minneapolis,MN,44.9901599,-93.0188839,187883284,4,3958,5894,2102600723450046,1763377900817790,1626777088151508,1531083754171121,33.95,21.976,8.796,13.593,359.741,65.076,179.113,240.96
1141,Minneapolis,MN,44.9680548,-93.3272142,9178709225,3,3944,5895,1108370016459758,1516547895470999,596969455173918,130493992823877,18.08,3.948,30.728,25.583,21.458,109.461,154.748,259.98
1142,Minneapolis,MN,44.9681234,-93.3274131,9178709224,3,3944,5895,758708418672772,1423831044781241,596969455173918,599817695143387,16.43,3.293,14.182,16.43,0.0,117.202,154.748,270.0
1143,Minneapolis,MN,44.9681933,-93.3276156,6954511016,4,3944,5895,758708418672772,3410546745843409,596969455173918,1076292023092791,12.008,11.119,8.196,10.718,0.0,118.53,154.748,270.0
1144,Minneapolis,MN,44.9682329,-93.3282269,431006216,4,3944,5895,627693278652984,431732048941663,1247879452653878,581267750362261,19.14,6.44,13.624,19.099,317.225,121.434,166.73,294.215
1145,Minneapolis,MN,44.968233,-93.3278059,5786865547,3,3944,5895,758708418672772,189303453464799,596969455173918,156783446948563,24.645,4.954,22.376,2.932,0.0,92.188,154.748,282.454
1146,Minneapolis,MN,44.9744499,-93.3227732,1718845055,3,3944,5895,813534987682033,633984392880285,24539113202418708,2298410000625223,9.916,1.303,6.547,3.289,0.799,148.919,184.79,271.676
1147,Minneapolis,MN,44.9745841,-93.3225709,1718845057,4,3944,5895,813534987682033,2229770910836975,774606178606213,2298410000625223,28.547,24.371,27.606,21.769,0.799,136.138,180.407,271.676
1148,Minneapolis,MN,44.9748053,-93.3271028,4971357675,4,3944,5895,1359513848505325,29076789108631646,969593035338060,1871749116892501,14.293,19.896,13.045,21.894,359.636,81.648,179.1,270.0
1149,Minneapolis,MN,44.9748082,-93.3270677,8607289036,3,3944,5895,1359513848505325,29076789108631646,969593035338060,1871749116892501,11.989,17.221,10.287,19.281,359.636,81.648,179.1,270.0
1150,Minneapolis,MN,44.9749568,-93.3267598,431004692,3,3944,5895,1888344765350619,1409739466684402,681907907825301,1185699726123021,1.854,11.615,13.388,7.122,12.132,89.267,201.34,269.344
1151,Minneapolis,MN,44.9749853,-93.3266394,13339110831,3,3944,5895,670439845851111,1409739466684402,681907907825301,1185699726123021,10.532,19.925,22.596,13.398,8.186,89.267,201.34,269.344
1152,Minneapolis,MN,44.9649894,-93.3075523,11188109366,3,3945,5895,1024003282054045,770477698217374,1360066948201865,1313236606221688,15.492,30.097,15.38,28.749,340.518,123.801,180.0,219.326
1153,Minneapolis,MN,44.9653762,-93.2980904,11179168214,4,3945,5895,2554156348221434,213716543632300,153176040029061,2893120250976560,5.311,9.663,22.26,20.421,359.412,84.861,210.787,263.351
1154,Minneapolis,MN,44.9653799,-93.3019201,11179168202,4,3945,5895,1325045378405063,324425156698215,324425156698215,6235582593235376,0.26,9.148,9.148,22.588,356.413,142.529,142.529,323.51
1155,Minneapolis,MN,44.9653815,-93.3021115,11179168197,4,3945,5895,1287490565463979,324425156698215,324425156698215,6235582593235376,14.847,17.352,17.352,28.328,0.0,142.529,142.529,323.51
1156,Minneapolis,MN,44.9655088,-93.2982818,11179194152,4,3945,5895,2554156348221434,213716543632300,153176040029061,2893120250976560,19.856,14.582,8.667,4.024,359.412,84.861,210.787,263.351
1157,Minneapolis,MN,44.9663535,-93.2969958,11179194149,3,3945,5895,386994732472437,467046207737784,312812933629066,276663574167264,5.731,8.091,8.091,13.698,345.035,82.334,163.857,274.042
1158,Minneapolis,MN,44.9663536,-93.2968134,11179194146,3,3945,5895,794903361402367,1130481044141034,312812933629066,476327173793548,4.892,9.876,12.943,13.153,8.054,89.382,163.857,267.471
1159,Minneapolis,MN,44.9665065,-93.3033811,11186637470,3,3945,5895,265791516355794,262468169956687,1008058790336321,1710806239347086,8.541,8.541,1.704,2.166,349.967,144.705,182.026,270.931
1160,Minneapolis,MN,44.9665079,-93.3031942,11186637475,4,3945,5895,265791516355794,262468169956687,1693272947845326,331114515932246,6.486,6.486,6.486,0.466,349.967,144.705,180.0,266.858
1161,Minneapolis,MN,44.9679034,-93.3006446,11186637480,4,3945,5895,690064245882936,214862761549518,769265373717726,5766858053416734,9.823,6.441,9.321,4.474,0.0,52.139,181.876,281.416
1162,Minneapolis,MN,44.9680372,-93.3006444,11186637530,3,3945,5895,690064245882936,214862761549518,769265373717726,291090075829691,24.684,21.304,11.631,5.839,0.0,52.139,181.876,265.247
1163,Minneapolis,MN,44.9690985,-93.3116498,7662872867,3,3945,5895,944892166261089,469412151051566,1653174444867057,377163303578552,15.444,0.12,6.438,9.899,55.692,93.635,190.394,262.384
1164,Minneapolis,MN,44.9692073,-93.3117072,7662872858,3,3945,5895,1167442770366525,469412151051566,1653174444867057,377163303578552,25.466,12.992,8.276,12.417,318.848,93.635,190.394,262.384
1165,Minneapolis,MN,44.969214,-93.31124,9175901591,3,3945,5895,305002597859155,766252524261516,507254283799776,1157037871480857,5.154,8.179,7.577,2.088,47.448,66.283,239.006,244.507
1166,Minneapolis,MN,44.9692423,-93.3116271,7662872859,3,3945,5895,1167442770366525,469412151051566,1653174444867057,377163303578552,21.216,16.119,9.71,10.21,318.848,93.635,190.394,262.384
1167,Minneapolis,MN,44.9692938,-93.3114009,7662872871,3,3945,5895,305002597859155,1177393209370731,1653174444867057,554513242602671,11.18,13.243,23.861,11.132,47.448,114.113,190.394,252.958
1168,Minneapolis,MN,44.9693184,-93.30937,13357501442,3,3945,5895,1386600968367703,370793254332890,377440533560940,504484920905797,20.079,13.667,13.128,3.495,50.821,74.632,236.881,249.786
1169,Minneapolis,MN,44.9694953,-93.309094,7580545653,4,3945,5895,517446319625243,576017513360962,1384916065274390,1384916065274390,16.735,11.692,3.048,3.048,35.279,125.92,213.792,213.792
1170,Minneapolis,MN,44.9695564,-93.3108816,12281950935,4,3945,5895,334197991375792,2980357692177243,208476757755247,369150001184247,7.122,4.319,2.385,12.232,32.235,63.53,213.642,257.976
1171,Minneapolis,MN,44.97043,-93.3142414,9102575842,3,3945,5895,770139469153946,766959616242758,685132199641803,828597775294135,8.908,6.784,12.439,12.439,49.348,58.588,167.0,272.0
1172,Minneapolis,MN,44.9705207,-93.3146487,9112394096,3,3945,5895,766959616242758,660594976662450,1008366307177016,1051345970145050,28.007,9.663,34.798,6.363,58.588,93.361,168.0,268.603
1173,Minneapolis,MN,44.9708744,-93.3135634,9102575840,3,3945,5895,1135690541835659,1135690541835659,1069690778538177,1069690778538177,7.599,7.599,10.806,10.806,46.768,46.768,226.196,226.196
1174,Minneapolis,MN,44.9710163,-93.3133703,9114960264,3,3945,5895,4412944178938881,4412944178938881,1702575247319563,1702575247319563,6.145,6.145,9.48,9.48,47.147,47.147,226.603,226.603
1175,Minneapolis,MN,44.9710523,-93.3133184,9114960272,3,3945,5895,789849450886340,789849450886340,1702575247319563,1702575247319563,7.668,7.668,9.169,9.169,46.063,46.063,226.603,226.603
1176,Minneapolis,MN,44.9710822,-93.3135628,9114960254,5,3945,5895,801684702416336,801684702416336,1141140314481355,1141140314481355,10.174,10.174,5.758,5.758,46.768,46.768,226.947,226.947
1177,Minneapolis,MN,44.9712135,-93.3133682,9114960269,4,3945,5895,789849450886340,789849450886340,1427750905266863,1427750905266863,10.778,10.778,5.972,5.972,46.063,46.063,225.665,225.665
1178,Minneapolis,MN,44.9719048,-93.3120471,9117813325,3,3945,5895,759986320342616,759986320342616,2055689721932667,2055689721932667,7.037,7.037,9.94,9.94,47.698,47.698,227.307,227.307
1179,Minneapolis,MN,44.9719419,-93.3122859,9117813323,4,3945,5895,811477224667197,811477224667197,9163239637115583,9163239637115583,10.803,10.803,5.923,5.923,47.481,47.481,225.035,225.035
1180,Minneapolis,MN,44.971984,-93.311923,9117813330,3,3945,5895,1323776092584522,1323776092584522,1734302267121174,1734302267121174,5.672,5.672,10.044,10.044,48.934,48.934,228.568,228.568
1181,Minneapolis,MN,44.9720874,-93.3120618,9117813334,4,3945,5895,1323776092584522,1323776092584522,573983618467913,573983618467913,10.411,10.411,4.421,4.421,48.934,48.934,226.397,226.397
1182,Minneapolis,MN,44.9721496,-93.3122864,9117813355,4,3945,5895,759986320342616,759986320342616,573983618467913,573983618467913,26.912,26.912,22.284,22.284,47.698,47.698,226.397,226.397
1183,Minneapolis,MN,44.9725458,-93.3110219,9117813342,4,3945,5895,1327166382300129,1327166382300129,1024341492437263,1024341492437263,5.088,5.088,10.345,10.345,49.662,49.662,231.234,231.234
1184,Minneapolis,MN,44.972646,-93.3108345,9117826345,4,3945,5895,507836905757721,507836905757721,1355277112376440,1355277112376440,5.529,5.529,10.204,10.204,54.431,54.431,236.711,236.711
1185,Minneapolis,MN,44.9727385,-93.3110227,9117813338,4,3945,5895,507836905757721,507836905757721,1649060775728627,1649060775728627,13.011,13.011,7.089,7.089,54.431,54.431,233.337,233.337
1186,Minneapolis,MN,44.9728168,-93.3108286,9117826388,4,3945,5895,775598985083207,1422329912163129,1400807101340942,1400807101340942,12.37,12.095,4.58,4.58,56.405,58.208,233.773,233.773
1187,Minneapolis,MN,44.973301,-93.3096236,13310116833,3,3945,5895,2037099953760632,2037099953760632,663274553075683,663274553075683,10.077,10.077,6.545,6.545,59.201,59.201,239.953,239.953
1188,Minneapolis,MN,44.9733701,-93.3090381,9117826415,3,3945,5895,24569778869376328,1498923064864602,1343746526744908,1343746526744908,11.309,7.442,10.726,10.726,59.201,61.417,239.214,239.214
1189,Minneapolis,MN,44.9734975,-93.3096263,9117826429,4,3945,5895,1315402343556716,1315402343556716,528656766966030,29073028822345793,28.415,28.415,28.283,24.912,59.201,59.201,237.787,240.793
1190,Minneapolis,MN,44.9734978,-93.3091422,9117826390,3,3945,5895,24569778869376328,1498923064864602,1343746526744908,1343746526744908,13.14,9.437,6.502,6.502,59.201,61.417,239.214,239.214
1191,Minneapolis,MN,44.9734982,-93.3091073,9117826412,3,3945,5895,24569778869376328,767883379211262,1400901494417118,1400901494417118,14.071,8.568,4.701,4.701,59.201,61.942,239.214,239.214
1192,Minneapolis,MN,44.9735165,-93.3096263,9117826430,3,3945,5895,1315402343556716,1315402343556716,528656766966030,29073028822345793,30.201,30.201,29.539,26.666,59.201,59.201,237.787,240.793
1193,Minneapolis,MN,44.9735287,-93.3086361,9117826444,3,3945,5895,1717405592485127,558780570629909,737095298764981,1043467707656653,20.545,5.504,19.218,11.461,0.231,63.404,239.214,241.787
1194,Minneapolis,MN,44.9735684,-93.3084754,9117826450,3,3945,5895,1717405592485127,1429198248381985,737095298764981,959957439324983,8.201,7.673,31.433,13.615,0.231,60.857,239.214,280.119
1195,Minneapolis,MN,44.973579,-93.3084962,9117826449,3,3945,5895,1171092006668473,1429198248381985,737095298764981,959957439324983,10.122,5.749,29.836,13.663,0.0,60.857,239.214,280.119
1196,Minneapolis,MN,44.9736295,-93.3090526,9117826418,3,3945,5895,24569778869376328,2083608405802370,1498561747783578,1498561747783578,29.224,19.691,14.465,14.465,59.201,61.942,239.214,239.214
1197,Minneapolis,MN,44.97363,-93.3090123,9117826442,4,3945,5895,24569778869376328,795880026139694,1498561747783578,1498561747783578,30.513,18.213,12.808,12.808,59.201,63.404,239.214,239.214
1198,Minneapolis,MN,44.9736827,-93.3087553,9117826443,3,3945,5895,1154729236689174,558780570629909,737095298764981,1193950762528476,30.826,14.214,16.124,5.997,0.888,63.404,239.214,240.923
1199,Minneapolis,MN,44.9739726,-93.2961018,13675271752,4,3945,5895,1066723492286648,1148041283811697,1064997008710758,1168997998543045,4.503,8.395,13.102,2.248,8.934,67.332,205.475,278.046
1200,Minneapolis,MN,44.9779328,-93.2982926,12262932860,3,3945,5895,1153510225091871,298059745262440,390310942087154,819022335672464,9.449,12.2,6.931,11.569,13.732,69.404,183.542,270.0
1201,Minneapolis,MN,44.9780859,-93.2982624,12262932865,3,3945,5895,1153510225091871,911823789394368,951971905620885,507367383786228,19.202,17.761,5.467,6.059,13.732,86.267,180.471,268.025
1202,Minneapolis,MN,44.9780885,-93.2982899,12262932863,3,3945,5895,1153510225091871,911823789394368,951971905620885,507367383786228,20.353,19.769,7.478,6.797,13.732,86.267,180.471,268.025
1203,Minneapolis,MN,44.9787641,-93.3013622,12760212242,3,3945,5895,285714749939955,145272824244250,173949314527279,493088665172172,10.619,9.683,17.126,9.981,15.571,99.353,151.678,290.291
1204,Minneapolis,MN,44.9788658,-93.3012421,11157640787,3,3945,5895,802719095542541,145272824244250,527105211798877,493088665172172,9.7,5.212,10.505,4.845,39.797,99.353,217.825,290.291
1205,Minneapolis,MN,44.9789156,-93.2970935,12262917573,3,3945,5895,305254881101751,804868376901960,2922710637999661,173274194697561,3.3,4.673,7.05,14.853,358.116,89.481,177.3,268.773
1206,Minneapolis,MN,44.9789245,-93.3006162,12262932833,3,3945,5895,458548948544322,141530261324131,530604281409552,896260150937483,5.601,9.145,31.209,17.531,357.108,83.547,171.467,286.172
1207,Minneapolis,MN,44.9789258,-93.2972677,12262917599,4,3945,5895,305254881101751,482158716234698,2922710637999661,173274194697561,10.92,3.23,7.413,25.926,358.116,88.433,177.3,268.773
1208,Minneapolis,MN,44.978928,-93.3008283,11141849735,3,3945,5895,194808202471136,188911359750564,1105705586576110,969119310580575,11.712,11.562,13.925,17.517,0.737,88.92,222.286,253.978
1209,Minneapolis,MN,44.9789289,-93.3005873,12262932828,3,3945,5895,458548948544322,272937164539397,530604281409552,896260150937483,7.914,10.581,32.361,18.189,357.108,89.138,171.467,286.172
1210,Minneapolis,MN,44.9790565,-93.2972643,12262932803,4,3945,5895,817297765551809,482158716234698,143378527706755,173274194697561,9.575,11.466,4.924,24.43,357.188,88.433,175.099,268.773
1211,Minneapolis,MN,44.9790594,-93.2970821,12262917572,4,3945,5895,817297765551809,1566650846866273,143378527706755,173274194697561,4.812,2.761,9.464,10.996,357.188,72.699,175.099,268.773
1212,Minneapolis,MN,44.9790798,-93.3006145,12262932832,3,3945,5895,5895746107109649,215821723389687,530604281409552,896260150937483,9.017,6.236,21.258,7.662,342.804,92.583,171.467,286.172
1213,Minneapolis,MN,44.9790828,-93.3019349,11157640784,4,3945,5895,248723877011439,480592486582958,310253837274302,325471389124104,32.769,4.423,28.678,5.942,302.364,84.887,130.305,262.527
1214,Minneapolis,MN,44.9796597,-93.3000857,12760212220,4,3945,5895,1078002127817166,1078002127817166,1505986143068995,1505986143068995,8.623,8.623,8.787,8.787,39.017,39.017,221.006,221.006
1215,Minneapolis,MN,44.9797019,-93.3000374,12760212219,4,3945,5895,1078002127817166,1078002127817166,545737773131341,545737773131341,13.292,13.292,8.817,8.817,39.017,39.017,217.605,217.605
1216,Minneapolis,MN,44.9797275,-93.3000847,9140643834,3,3945,5895,1078002127817166,1078002127817166,545737773131341,545737773131341,11.538,11.538,4.505,4.505,39.017,39.017,217.605,217.605
1217,Minneapolis,MN,44.9801556,-93.2993661,12760212254,4,3945,5895,206832204401097,193179402639994,278137450660834,278137450660834,8.345,22.087,18.174,18.174,359.313,33.099,219.93,219.93
1218,Minneapolis,MN,44.9802595,-93.2993671,12760212255,3,3945,5895,171557318210394,193179402639994,776830229618189,278137450660834,11.21,10.579,11.863,12.153,4.718,33.099,213.298,219.93
1219,Minneapolis,MN,44.9653583,-93.2918943,11179168225,4,3946,5895,137667881716176,140551268001250,486296356032020,1908624329278351,7.575,10.494,1.198,14.573,14.315,64.568,180.548,257.786
1220,Minneapolis,MN,44.9653588,-93.2929736,11179168226,4,3946,5895,514685916370439,468771574198751,859651484588921,804051850540493,15.002,21.748,11.213,11.282,0.965,87.51,182.431,262.128
1221,Minneapolis,MN,44.9653637,-93.2916981,11179168230,4,3946,5895,137667881716176,2827612497488042,486296356032020,1908624329278351,8.298,9.085,14.777,21.868,14.315,91.109,180.548,257.786
1222,Minneapolis,MN,44.9655016,-93.2917055,8379832555,4,3946,5895,137667881716176,2827612497488042,1086760148400623,1908624329278351,18.987,7.033,13.954,16.362,14.315,91.109,181.621,257.786
1223,Minneapolis,MN,44.9655039,-93.2931883,11179168236,4,3946,5895,514685916370439,266204145204556,295674375530738,255826819397606,9.177,9.515,7.182,8.28,0.965,94.093,157.197,263.021
1224,Minneapolis,MN,44.9663502,-93.2942474,11179194138,4,3946,5895,463106934996186,153803670032776,805051077111676,492125588602734,14.87,5.919,7.61,14.11,16.426,90.0,172.558,254.598
1225,Minneapolis,MN,44.966491,-93.2957227,11186637576,4,3946,5895,297413375259594,3007627706134266,1773696119505779,1045912422603823,17.225,6.757,6.023,2.987,25.433,89.25,180.0,266.966
1226,Minneapolis,MN,44.966496,-93.2944513,11186637583,4,3946,5895,187637059888772,4469916013036183,754172978582286,477062070176622,7.278,10.721,6.08,11.252,1.815,88.541,170.975,272.291
1227,Minneapolis,MN,44.9665716,-93.2866687,12301874040,3,3946,5895,2904938663098491,2891566294435716,1252918112628577,2885423258336003,2.249,10.844,30.715,1.503,329.836,62.542,209.029,307.673
1229,Minneapolis,MN,44.9666847,-93.28683,12301874043,3,3946,5895,1099013034476795,2891566294435716,1252918112628577,206665344621985,3.851,12.997,19.163,3.429,303.383,62.542,209.029,299.078
1230,Minneapolis,MN,44.9666878,-93.2888655,8379733513,4,3946,5895,529565391542159,985018088971789,370423041042562,819347278685720,7.345,34.415,25.235,31.481,6.435,60.804,192.893,272.218
1231,Minneapolis,MN,44.9668045,-93.2860616,12300893604,4,3946,5895,298729568578310,317921053233018,566881274290145,1317878069381310,11.573,9.698,11.421,11.421,49.539,58.543,235.632,247.877
1232,Minneapolis,MN,44.9669885,-93.2858104,6824492190,3,3946,5895,463776838029883,209694407419708,293334835670012,469290797519669,5.298,7.169,11.0,9.441,350.343,37.716,213.626,221.716
1233,Minneapolis,MN,44.9670808,-93.2856712,12300893649,3,3946,5895,831821997411309,317142856524438,183589803629161,293334835670012,11.611,13.715,14.305,16.258,24.697,31.054,206.286,213.626
1234,Minneapolis,MN,44.9672369,-93.2865302,2421056363,3,3946,5895,510116628654000,8753020798067272,3865887020342108,1073268554281561,8.667,10.689,10.585,15.277,23.484,86.101,127.363,239.09
1235,Minneapolis,MN,44.9673029,-93.2858151,12300893667,4,3946,5895,192820279344051,870047434946722,1670961463451026,1950856202056754,7.886,22.957,3.835,2.815,19.481,113.909,199.119,290.894
1236,Minneapolis,MN,44.9673254,-93.2957782,11188109555,3,3946,5895,586993212273665,370897817640880,669229790540159,461113961618480,10.798,13.859,7.831,12.257,323.587,87.031,165.347,280.535
1237,Minneapolis,MN,44.9676409,-93.2854219,8378956414,3,3946,5895,318204152992550,300950118174667,303828101275218,2794706960781154,14.033,3.639,12.643,5.755,5.959,100.813,228.03,270.675
1238,Minneapolis,MN,44.9676811,-93.2898368,7172119437,3,3946,5895,4047916721967182,510279799989800,981187992687715,4047916721967182,3.459,31.013,33.8,3.459,319.669,40.036,220.106,319.669
1239,Minneapolis,MN,44.9677507,-93.2765772,8378956002,4,3946,5895,755316227458715,159952285990682,2390675438037146,1417276759734543,27.48,20.756,23.868,21.486,310.77,105.418,179.837,270.712
1240,Minneapolis,MN,44.9677772,-93.2862174,6850228816,3,3946,5895,321325959345763,147252234039695,192525979270346,108726114623592,25.534,21.625,21.632,27.268,337.232,131.905,148.766,326.167
1241,Minneapolis,MN,44.9677979,-93.2779609,6824492202,4,3946,5895,2304096746733056,1759770410882151,888913804082692,1514427979641557,32.637,11.287,12.827,34.758,356.803,93.542,181.892,292.159
1242,Minneapolis,MN,44.9678435,-93.2776859,6824492245,4,3946,5895,2304096746733056,4151476644903252,762092486252292,3648431961964882,13.797,16.722,2.22,15.679,356.803,91.072,180.837,275.21
1243,Minneapolis,MN,44.9679173,-93.276576,8378956007,4,3946,5895,755316227458715,1200844591588509,2390675438037146,743442931653915,21.1,17.492,6.123,8.882,310.77,95.65,179.837,259.442
1244,Minneapolis,MN,44.9679738,-93.2861079,8378956404,4,3946,5895,186011840062409,192525979270346,248764237005934,108726114623592,9.507,5.577,2.483,22.979,339.242,148.766,163.451,326.167
1245,Minneapolis,MN,44.9681433,-93.2765701,6824492240,3,3946,5895,755316227458715,1192253089160869,1415431866954419,1417276759734543,33.708,13.721,17.07,28.859,310.77,98.333,169.091,270.712
1246,Minneapolis,MN,44.9681442,-93.277109,11914867674,3,3946,5895,1395076642250689,864631742644495,1460561905665287,1223621149642736,26.976,5.769,27.283,25.177,11.983,87.929,151.444,269.426
1247,Minneapolis,MN,44.9681452,-93.2776886,6824492239,3,3946,5895,2078376269644718,1198628611805850,1117234420359502,924254816673588,2.285,5.065,1.173,12.073,358.175,94.256,180.965,277.665
1248,Minneapolis,MN,44.9682615,-93.2862413,8378956406,4,3946,5895,289619176189242,774267890121633,513484359677635,236247801628654,11.956,25.616,3.04,24.823,353.667,89.264,175.953,246.44
1249,Minneapolis,MN,44.9684018,-93.2776925,10963213866,4,3946,5895,2894777774061480,1219740990098392,892914269962378,1188823190030338,8.399,2.689,6.554,0.541,0.548,92.81,182.642,267.389
1250,Minneapolis,MN,44.9684377,-93.2873381,12291040015,3,3946,5895,4005054146228922,759625510144980,598857899612272,1821473675104086,29.949,34.671,34.671,34.671,10.684,90.0,180.0,305.253
1251,Minneapolis,MN,44.9684845,-93.2858958,535546791,3,3946,5895,1434569280548632,1168970317508247,462569918344145,312895353676726,5.802,2.902,21.3,6.542,0.0,90.0,205.632,265.133
1252,Minneapolis,MN,44.9684909,-93.282994,535620981,3,3946,5895,3777143222556032,976463710945383,431023899932030,1427710047925292,2.997,8.867,16.661,10.57,0.0,85.147,158.621,258.394
1253,Minneapolis,MN,44.9685471,-93.2860878,8378956487,3,3946,5895,1434569280548632,940421316707221,224388102392441,236247801628654,15.729,6.674,7.119,12.023,0.0,116.513,121.69,246.44
1254,Minneapolis,MN,44.9687028,-93.2829363,535827874,3,3946,5895,324396907350274,976463710945383,1268924390753353,900261058598711,2.036,32.718,34.731,10.774,9.111,85.147,144.923,313.298
1255,Minneapolis,MN,44.9687711,-93.2857621,535546995,3,3946,5895,516567414144351,1021063166469499,442959485377115,835108491942143,12.887,1.363,14.564,5.579,59.7,80.899,169.748,252.727
1256,Minneapolis,MN,44.9687985,-93.2882005,11240319849,4,3946,5895,1293693902511896,294928412111676,468752507752362,895153401050609,0.821,9.499,8.48,17.047,356.53,88.331,177.3,268.86
1257,Minneapolis,MN,44.9688363,-93.2868174,8378956398,3,3946,5895,324430484096615,1096158791209973,515379906305221,836533348543532,25.516,6.452,13.395,33.633,349.911,108.234,120.108,210.822
1258,Minneapolis,MN,44.9689794,-93.2860711,12210482446,3,3946,5895,356167517508732,1161333568539016,1616284629220790,835108491942143,0.963,2.513,7.787,33.662,42.209,90.0,164.379,252.727
1259,Minneapolis,MN,44.9696237,-93.2834509,8381352801,3,3946,5895,1871453050039583,333836093134337,495314109697737,496672232944724,2.334,4.669,30.37,1.537,329.89,54.75,203.083,304.845
1260,Minneapolis,MN,44.9697181,-93.2836463,535619518,3,3946,5895,1475476120520933,792879223038100,495314109697737,1507378576858758,10.009,10.44,29.906,18.418,351.367,90.0,203.083,270.0
1261,Minneapolis,MN,44.9697674,-93.2851955,535549068,3,3946,5895,1628075301311151,407354551793490,469173216045295,480019444978191,10.986,5.155,2.444,3.64,342.463,76.872,193.141,256.489
1262,Minneapolis,MN,44.9697834,-93.2942111,8379832200,4,3946,5895,377918753496543,995986907633348,1218507535237424,182243397094069,20.148,16.989,25.609,15.467,351.946,107.213,164.737,270.54
1263,Minneapolis,MN,44.9698343,-93.2823439,535619669,3,3946,5895,1632259604261543,3864636690473979,1138491817255012,1012366987150954,3.112,5.741,24.189,1.456,17.291,83.618,175.135,270.0
1264,Minneapolis,MN,44.9698562,-93.2832708,535831484,3,3946,5895,3913166165676060,492563276623620,495314109697737,810897904504904,21.614,0.886,7.212,11.88,0.0,95.162,203.083,270.0
1265,Minneapolis,MN,44.969911,-93.2863664,535549924,3,3946,5895,839060924524290,3695877020674529,7333424223425919,1023491589238976,22.338,10.505,1.816,4.613,313.865,136.528,205.03,274.335
1266,Minneapolis,MN,44.9699629,-93.286848,6582862088,3,3946,5895,458390797029415,2035895256828994,1023088099185916,1857147744763670,2.221,2.539,0.518,4.27,345.761,144.721,170.117,293.0
1267,Minneapolis,MN,44.9699766,-93.2906666,8018568770,3,3946,5895,206229254463761,292805002578756,5420085294733550,1232181460531142,18.946,12.774,19.809,5.73,312.213,103.696,162.624,271.433
1268,Minneapolis,MN,44.9700743,-93.2848401,535548567,3,3946,5895,1314251246649898,1015527126874430,1459655208020755,402967139465651,16.221,11.534,15.978,13.992,337.774,84.05,207.211,244.662
1269,Minneapolis,MN,44.9701198,-93.2840393,535829864,4,3946,5895,515362841164328,797168062572436,843560180714476,1915296135560087,15.74,26.606,10.561,8.21,304.424,90.0,173.859,251.085
1270,Minneapolis,MN,44.9701224,-93.2846087,535548614,3,3946,5895,1314251246649898,3374582412842999,2254139254938127,2258542657829954,4.008,18.662,19.624,1.548,337.774,83.548,197.537,299.483
1271,Minneapolis,MN,44.9701258,-93.2835456,535619556,5,3946,5895,855987382708557,1651309945693706,1896435174167936,492999049992626,6.662,7.717,1.834,8.48,352.73,136.743,175.684,295.668
1272,Minneapolis,MN,44.9701862,-93.2848378,535548471,3,3946,5895,489781823800056,3374582412842999,2254139254938127,1486441112013230,7.919,0.864,6.947,2.541,343.751,83.548,197.537,241.492
1273,Minneapolis,MN,44.9702381,-93.2941243,3611885492,3,3946,5895,1006619696743688,2777457935807510,912245376239490,790827444888231,2.026,33.161,1.179,30.16,1.116,127.079,181.026,237.39
1274,Minneapolis,MN,44.9702387,-93.2942469,10249381470,3,3946,5895,1006619696743688,2777457935807510,369086621207460,1334217286960613,10.357,33.919,6.608,34.84,1.116,127.079,181.142,264.394
1275,Minneapolis,MN,44.9702701,-93.2840819,11900727866,3,3946,5895,515362841164328,1006199343992344,843560180714476,1915296135560087,25.428,34.313,27.18,24.41,304.424,70.538,173.859,251.085
1276,Minneapolis,MN,44.9702914,-93.2824731,535619636,4,3946,5895,3738764296404011,1051259909746103,1207713484010482,508754671480478,6.079,1.448,16.343,14.958,16.822,48.274,154.639,270.0
1277,Minneapolis,MN,44.9703778,-93.2822789,535619087,3,3946,5895,923898169567478,443140778726910,1207713484010482,1266859377609163,7.132,0.618,12.948,1.802,350.89,90.0,154.639,262.519
1278,Minneapolis,MN,44.9705082,-93.2832298,535619573,3,3946,5895,7994778563941821,858865336198610,456770973799971,840126121080290,1.473,13.886,1.827,2.378,0.0,30.938,221.616,279.36
1279,Minneapolis,MN,44.9705158,-93.2828867,535619581,3,3946,5895,857134519663163,774574861265126,363187576645234,494401889945784,25.451,19.785,13.484,6.104,0.0,35.131,176.761,275.977
1280,Minneapolis,MN,44.9705946,-93.2841874,8381352965,3,3946,5895,1017028666762238,460661943456936,506299765309606,1586976252159220,8.832,0.671,14.113,2.67,16.822,90.0,239.604,250.27
1281,Minneapolis,MN,44.9708179,-93.2854711,535550110,3,3946,5895,344180371965031,1249029856262398,1223390082005025,438774239132225,1.234,14.92,12.687,5.14,315.078,125.089,148.104,283.128
1282,Minneapolis,MN,44.9708861,-93.2822629,411670791,3,3946,5895,2881474182125150,2199836407076133,1001046698474920,2069627649879547,2.605,31.332,25.433,14.79,332.858,38.788,190.067,329.803
1283,Minneapolis,MN,44.9709066,-93.2856745,535550077,3,3946,5895,1842873912859913,500479492381820,762741769132011,1869076343568959,0.431,12.55,6.989,3.049,324.722,115.668,193.269,285.786
1284,Minneapolis,MN,44.9710741,-93.286567,8366272073,3,3946,5895,2778486209148463,4292054804139403,482882633029291,197354292210615,9.882,13.902,18.279,6.071,354.946,113.762,140.35,280.02
1285,Minneapolis,MN,44.9711339,-93.2858388,2180135372,3,3946,5895,1143927626881793,1158852108672519,386300900694048,2745924185575729,3.829,7.781,2.858,6.972,343.041,60.811,175.172,223.257
1286,Minneapolis,MN,44.9714362,-93.2822594,11236569770,3,3946,5895,1219243238492728,461552848472503,184478156871746,1117500478745926,23.444,9.702,28.945,23.781,16.141,65.063,161.166,321.233
1287,Minneapolis,MN,44.9715996,-93.2940331,413891304,3,3946,5895,2856808501201997,216915853255276,498278601316413,509249006896444,5.884,3.994,2.918,17.206,21.177,32.333,196.68,218.722
1288,Minneapolis,MN,44.971622,-93.2939171,8379832512,4,3946,5895,216915853255276,3891116470964983,498278601316413,509249006896444,7.844,9.956,11.572,14.465,32.333,44.925,196.68,218.722
1289,Minneapolis,MN,44.9716345,-93.2943175,3611885595,3,3946,5895,2856808501201997,216915853255276,779287959388955,509249006896444,22.45,23.755,17.849,30.267,21.177,32.333,193.408,218.722
1290,Minneapolis,MN,44.9716395,-93.294001,33822214,3,3946,5895,216915853255276,216915853255276,498278601316413,509249006896444,1.335,1.335,5.679,12.262,32.333,32.333,196.68,218.722
1291,Minneapolis,MN,44.9717147,-93.2819873,10963291710,4,3946,5895,1219243238492728,2256152917848750,184478156871746,471860780815350,15.866,6.777,20.736,21.555,16.141,72.298,161.166,253.591
1292,Minneapolis,MN,44.9717372,-93.2815322,8381353065,3,3946,5895,339112897556471,1384681521883841,291830629080875,311605273861069,14.203,9.557,10.318,6.375,14.947,80.407,153.771,248.815
1293,Minneapolis,MN,44.9717374,-93.2881499,472264433,3,3946,5895,1464076674692241,2794360250876192,1897621807080352,1898569210299791,1.569,15.122,4.825,31.668,6.725,92.907,180.409,278.926
1294,Minneapolis,MN,44.9717422,-93.2914815,8379832060,3,3946,5895,305979634312492,531184074711473,383766369498472,4276105615753620,12.88,12.196,20.815,11.876,34.059,70.093,194.858,263.585
1295,Minneapolis,MN,44.9717517,-93.2884424,472264597,3,3946,5895,1464076674692241,322289982787838,1897621807080352,2989539031281933,21.673,11.796,26.674,32.868,6.725,94.346,180.409,270.931
1296,Minneapolis,MN,44.9718051,-93.2813682,8381353063,3,3946,5895,339112897556471,1384681521883841,291830629080875,2800781090174968,14.042,13.497,4.633,7.292,14.947,80.407,153.771,240.401
1297,Minneapolis,MN,44.9718347,-93.293723,3611885478,3,3946,5895,511344453632641,302246088057116,515978866092687,3912494935454092,12.96,2.793,6.67,2.579,50.608,62.958,235.367,241.052
1298,Minneapolis,MN,44.9718619,-93.2816073,12211102633,3,3946,5895,196618345510832,1384681521883841,1357911264580930,311605273861069,8.551,6.962,12.998,21.225,52.988,80.407,159.467,248.815
1299,Minneapolis,MN,44.9718655,-93.2816278,8381353064,3,3946,5895,196618345510832,1384681521883841,1357911264580930,311605273861069,9.015,8.503,14.659,22.379,52.988,80.407,159.467,248.815
1300,Minneapolis,MN,44.9718913,-93.2913205,472264442,3,3946,5895,293848768955294,304075301392018,383766369498472,4276105615753620,8.641,15.103,13.904,23.424,15.801,93.343,194.858,263.585
1301,Minneapolis,MN,44.9719347,-93.2814505,8381353062,3,3946,5895,417898849445456,236258668288136,1357911264580930,2800781090174968,9.055,7.858,11.152,22.569,57.034,61.731,159.467,240.401
1302,Minneapolis,MN,44.9720976,-93.2891964,8366272018,3,3946,5895,1438596830756509,310907313975072,759626223597340,1366198968555675,5.525,19.31,20.905,0.897,0.749,92.119,179.913,270.0
1303,Minneapolis,MN,44.9721234,-93.2914345,245490952,3,3946,5895,3757932501002432,137300681760315,1139737366504283,1699052540282248,0.865,10.511,5.164,5.029,35.931,93.925,180.0,270.81
1304,Minneapolis,MN,44.972128,-93.2881599,413889445,4,3946,5895,2350131388777105,816183684134594,405009937620488,847936482601247,7.68,24.195,5.711,8.72,0.78,91.185,180.664,272.144
1305,Minneapolis,MN,44.9721551,-93.2870743,8279935330,3,3946,5895,4299077540102411,792451481401116,497218438293738,1203188546787196,5.916,26.263,31.105,5.712,0.0,66.882,239.58,254.055
1306,Minneapolis,MN,44.9721924,-93.2912968,8379832047,3,3946,5895,537330363953430,212069557390677,1598924760496764,1863637814528416,5.943,16.326,14.82,2.728,4.567,93.302,180.0,273.112
1307,Minneapolis,MN,44.9721928,-93.2913998,5798900663,4,3946,5895,537330363953430,137300681760315,1598924760496764,1582020036098329,4.466,18.678,6.863,3.714,4.567,93.925,180.0,270.0
1308,Minneapolis,MN,44.9721931,-93.291457,5798900662,4,3946,5895,537330363953430,137300681760315,1598924760496764,1582020036098329,8.25,17.956,2.819,2.298,4.567,93.925,180.0,270.0
1309,Minneapolis,MN,44.9721967,-93.2862035,13186115491,3,3946,5895,177909174217833,177909174217833,179134203992184,1202927493490956,10.677,10.677,21.423,21.493,45.137,45.137,239.503,239.935
1310,Minneapolis,MN,44.9722177,-93.2868728,7580545603,3,3946,5895,310677270587214,890515808521227,497218438293738,789031655308655,9.015,26.217,14.564,4.977,358.071,58.297,239.58,254.758
1311,Minneapolis,MN,44.9723983,-93.2913546,3611885417,4,3946,5895,850305172567067,3757932501002432,317110329776925,256354876176809,5.744,30.366,14.374,0.795,352.12,35.931,167.759,312.577
1312,Minneapolis,MN,44.9724897,-93.2862049,7580545592,3,3946,5895,267264598434797,267264598434797,525650721952355,556682768647228,10.067,10.067,10.885,5.033,53.323,53.323,239.832,240.406
1313,Minneapolis,MN,44.9726843,-93.2859672,8366271948,3,3946,5895,3275110719309191,1449934856198906,1928599941257374,1199252180530118,19.404,19.67,19.67,15.78,17.826,104.005,153.191,244.974
1314,Minneapolis,MN,44.9726851,-93.2862828,5640438428,4,3946,5895,267264598434797,968506787250231,876261346438354,1526336787697666,32.556,31.083,30.346,27.149,53.323,59.799,236.695,240.063
1315,Minneapolis,MN,44.9727706,-93.2860288,12898540678,3,3946,5895,3275110719309191,1449934856198906,253508682940702,1199252180530118,30.007,30.248,30.033,26.378,17.826,104.005,181.961,244.974
1316,Minneapolis,MN,44.9729719,-93.2946475,8279935328,4,3946,5895,1891647788090864,155476046531258,958476858261210,752053552110919,2.854,21.364,7.331,6.465,327.961,76.6,237.861,299.228
1317,Minneapolis,MN,44.9735319,-93.2830356,12564769257,4,3946,5895,284556306673203,466971627913583,832068197395306,324376349115730,9.162,9.859,28.455,14.984,325.942,58.74,239.374,268.975
1318,Minneapolis,MN,44.9736604,-93.2951902,13675271791,3,3946,5895,1541704453691838,1532985371226882,1367053774969386,4265930700106047,7.622,14.982,8.347,24.716,347.244,148.769,162.903,213.174
1319,Minneapolis,MN,44.9737626,-93.2856698,12629698316,3,3946,5895,1134695603673829,689471708437819,117246973746188,158751802867089,31.526,24.231,2.757,32.876,11.322,83.794,179.545,305.906
1320,Minneapolis,MN,44.9739269,-93.2853322,12270361356,4,3946,5895,395984618102381,377116553607129,561958334788475,248571393724724,26.054,30.048,21.307,11.66,0.0,110.594,180.711,268.875
1321,Minneapolis,MN,44.9739276,-93.2854953,8366271841,4,3946,5895,1134695603673829,377116553607129,561958334788475,491697081953955,14.199,17.663,9.605,13.56,11.322,110.594,180.711,270.862
1322,Minneapolis,MN,44.9739312,-93.2856698,7580545619,4,3946,5895,1134695603673829,689471708437819,217869003148811,491697081953955,13.841,8.343,2.079,23.597,11.322,83.794,175.211,270.862
1323,Minneapolis,MN,44.9740543,-93.2842853,12270008952,3,3946,5895,218177889768714,388839808911856,843135629892556,785386058761435,7.842,2.529,15.04,5.669,342.957,87.812,193.058,276.313
1324,Minneapolis,MN,44.9743194,-93.2951321,13675271779,4,3946,5895,523655678651931,1787937871839433,2546302729095843,1881736199224712,20.66,26.592,8.192,11.744,4.334,60.515,239.367,254.662
1325,Minneapolis,MN,44.9743678,-93.2951508,13675569804,4,3946,5895,463839541347553,1787937871839433,2546302729095843,2546302729095843,18.415,21.799,5.261,5.261,8.257,60.515,239.367,239.367
1326,Minneapolis,MN,44.9745253,-93.2952249,13675569806,3,3946,5895,765094227515391,1039136361627605,594589984848690,1881736199224712,10.362,2.349,16.276,21.048,10.771,44.723,188.296,254.662
1327,Minneapolis,MN,44.9745627,-93.2951255,13675271743,3,3946,5895,1039136361627605,1871212113808705,1871212113808705,1881736199224712,9.136,5.675,5.675,20.012,44.723,135.149,135.149,254.662
1328,Minneapolis,MN,44.9749367,-93.2793374,1805732734,3,3946,5895,676852812071808,763513872717499,1473951986972195,1159475465993881,18.729,11.462,22.681,17.249,343.865,56.251,192.512,263.33
1329,Minneapolis,MN,44.9750436,-93.2794259,8365816945,4,3946,5895,1098901465554024,912959075939069,1700018273819797,1159475465993881,16.15,6.51,14.933,3.479,10.331,60.514,180.0,263.33
1330,Minneapolis,MN,44.9750636,-93.2790284,8365816944,4,3946,5895,497085721642617,1050263427272889,1473951986972195,770116035377911,23.757,18.062,23.84,8.063,356.362,70.446,192.512,263.33
1331,Minneapolis,MN,44.9751639,-93.2791408,12872061116,3,3946,5895,497085721642617,2881124105500580,1473951986972195,770116035377911,14.253,6.132,13.703,7.521,356.362,59.118,192.512,263.33
1332,Minneapolis,MN,44.9753771,-93.2793221,12872061112,3,3946,5895,487483429038114,374106417283849,1458796465572817,473384910401618,15.181,11.502,15.769,15.897,2.48,52.023,192.512,324.236
1333,Minneapolis,MN,44.975489,-93.2790774,12872061113,3,3946,5895,487483429038114,1307507184325191,1458796465572817,473384910401618,12.501,16.458,32.068,7.051,2.48,59.423,192.512,324.236
1334,Minneapolis,MN,44.9759787,-93.2812074,8365569687,4,3946,5895,476159810287020,476159810287020,171875614840193,1444646869211800,16.85,16.85,8.925,6.12,37.674,37.674,166.491,265.51
1335,Minneapolis,MN,44.9760128,-93.2810099,8365569685,3,3946,5895,461556718253964,748466141029799,171875614840193,808163930076691,26.374,28.153,12.313,9.738,29.407,35.746,166.491,263.13
1336,Minneapolis,MN,44.9760816,-93.2881015,8366271537,3,3946,5895,308917531541114,286357397336774,516810703059905,2908372052816931,4.867,32.22,1.355,4.299,0.0,148.0,181.299,271.547
1337,Minneapolis,MN,44.9770281,-93.2777542,8365569508,4,3946,5895,3891710117610105,304413334741401,313743030321982,313743030321982,13.808,22.775,13.424,13.424,347.225,38.237,238.264,238.264
1338,Minneapolis,MN,44.9772087,-93.2773417,12185426042,3,3946,5895,793803454599566,2977983832525937,193193889292897,1390756434655159,14.806,25.973,20.253,19.683,28.819,109.001,216.37,225.566
1339,Minneapolis,MN,44.977237,-93.277398,12185426043,4,3946,5895,793803454599566,2977983832525937,193193889292897,1390756434655159,9.404,20.644,15.203,14.37,28.819,109.001,216.37,225.566
1340,Minneapolis,MN,44.9778753,-93.2769869,11270769589,4,3946,5895,314483396905722,314483396905722,1083162492456966,178766720687580,9.949,9.949,17.955,18.636,35.275,35.275,211.511,214.567
1341,Minneapolis,MN,44.9779305,-93.2896236,13302704428,4,3946,5895,293978235544954,3982990951749719,1258514954579888,931410634369362,12.336,6.073,13.89,0.66,5.356,86.965,192.363,262.299
1342,Minneapolis,MN,44.9779907,-93.2772911,11270769591,4,3946,5895,314483396905722,314483396905722,1083162492456966,1083162492456966,18.171,18.171,9.472,9.472,35.275,35.275,211.511,211.511
1343,Minneapolis,MN,44.9779951,-93.2768571,11270769588,4,3946,5895,765403734338805,793572938024659,299264001857134,299264001857134,8.078,10.129,16.974,16.974,37.227,47.912,223.093,223.093
1344,Minneapolis,MN,44.9780541,-93.2772181,8362867912,4,3946,5895,211986027151858,793572938024659,178766720687580,178766720687580,17.459,19.024,8.797,8.797,37.464,47.912,214.567,214.567
1345,Minneapolis,MN,44.9781689,-93.2897309,9115702107,3,3946,5895,1158523721237695,497543108036285,299576851628749,472352657166463,19.953,33.007,14.951,28.385,356.885,89.206,178.714,268.92
1346,Minneapolis,MN,44.9781741,-93.2770676,8362867897,3,3946,5895,488079392398786,793572938024659,4313939948640598,4313939948640598,18.146,19.148,10.001,10.001,32.383,47.912,225.115,225.115
1347,Minneapolis,MN,44.9787573,-93.2762362,8362867881,4,3946,5895,492033981849018,492033981849018,894688301264200,813184157724740,11.109,11.109,8.5,13.185,42.901,42.901,222.286,270.001
1348,Minneapolis,MN,44.9788473,-93.2814057,8365569604,4,3946,5895,316167206567883,808222233426701,296807155325526,1319419499532656,6.405,11.483,14.808,17.338,354.999,90.0,180.513,265.87
1349,Minneapolis,MN,44.9788638,-93.2817205,7982133564,4,3946,5895,316167206567883,588517952551573,315192040003249,1093244599596646,18.583,9.351,6.09,15.104,354.999,90.0,177.33,268.869
1350,Minneapolis,MN,44.9788836,-93.2760294,8362867825,3,3946,5895,467551374472472,1083456578809793,286111779836831,1062329149310430,11.677,10.663,7.613,5.722,47.394,51.656,223.598,271.967
1351,Minneapolis,MN,44.978899,-93.282574,7982133569,3,3946,5895,2211160559402205,580246116216276,2641388786161767,2211709722668895,19.117,15.09,15.852,11.532,39.109,86.594,130.877,272.887
1352,Minneapolis,MN,44.9789037,-93.2954527,12262917590,4,3946,5895,958858568275903,737061776960415,6205290949496785,782450432407616,9.269,13.936,12.611,21.354,1.948,90.614,184.433,276.965
1353,Minneapolis,MN,44.9789065,-93.2957444,12262917574,3,3946,5895,958858568275903,1264767303956702,160158609304320,882886262576365,14.228,4.449,4.753,14.095,1.948,90.614,183.431,273.336
1354,Minneapolis,MN,44.9789099,-93.2759908,8362867883,3,3946,5895,467551374472472,467551374472472,152979840120153,4875099009391785,10.873,10.873,7.117,7.265,47.394,47.394,225.221,261.534
1355,Minneapolis,MN,44.9789511,-93.275538,8362867880,4,3946,5895,320017276173958,2990376977952893,1096121774130793,4139281452980529,13.337,13.737,16.135,15.86,41.147,44.205,223.927,228.375
1356,Minneapolis,MN,44.9789606,-93.2814046,8365569586,3,3946,5895,505093107588443,808222233426701,1988491994660543,1319419499532656,7.118,1.794,14.753,4.855,351.024,90.0,177.582,265.87
1357,Minneapolis,MN,44.9790486,-93.2817969,7982133557,3,3946,5895,300116981615443,588517952551573,791119938267537,3966164706801236,22.096,12.713,13.225,5.896,345.434,90.0,173.397,272.405
1358,Minneapolis,MN,44.9790494,-93.2954565,12262917586,4,3946,5895,918416375670076,737061776960415,504845010704529,782450432407616,8.474,17.222,15.957,16.409,2.293,90.614,191.274,276.965
1359,Minneapolis,MN,44.9790529,-93.2958084,11184812332,4,3946,5895,918416375670076,3912070315540696,212744677089620,795668691353144,19.674,5.139,12.206,3.01,2.293,94.491,186.239,263.417
1360,Minneapolis,MN,44.9790546,-93.2956707,6641911245,4,3946,5895,918416375670076,737061776960415,212744677089620,782450432407616,9.109,12.732,6.174,3.283,2.293,90.614,186.239,276.965
1361,Minneapolis,MN,44.9790597,-93.2817461,8365569603,3,3946,5895,300116981615443,588517952551573,791119938267537,158059076265114,18.065,14.237,9.213,4.655,345.434,90.0,173.397,263.139
1362,Minneapolis,MN,44.9790618,-93.2813966,7973673487,3,3946,5895,300116981615443,808222233426701,490093605665095,1319419499532656,9.428,12.476,16.287,6.8,345.434,90.0,176.206,265.87
1363,Minneapolis,MN,44.9792519,-93.2848368,7060051034,3,3946,5895,958926678244543,299614585090617,277788027340236,1253229329818858,4.377,24.699,2.692,13.991,2.104,90.0,181.589,275.322
1364,Minneapolis,MN,44.9792562,-93.2864015,7982133577,4,3946,5895,761331227864030,984992035585840,324712122335525,779459348134409,22.097,7.13,16.461,9.833,14.178,110.559,123.905,285.113
1365,Minneapolis,MN,44.9793473,-93.2868492,8366270399,3,3946,5895,481456409588536,757985614915915,324712122335525,1526575141668968,2.549,3.417,25.542,8.421,355.954,88.457,123.905,282.444
1366,Minneapolis,MN,44.9794697,-93.2748291,8362867827,4,3946,5895,894209398089955,894209398089955,778052278174589,778052278174589,9.488,9.488,13.012,13.012,47.466,47.466,223.238,223.238
1367,Minneapolis,MN,44.9795026,-93.2866558,7982133544,4,3946,5895,463862391540845,590540779015207,324712122335525,332434358220353,6.17,12.977,17.464,8.073,358.603,76.033,123.905,286.149
1368,Minneapolis,MN,44.9796065,-93.2772053,13311319059,3,3946,5895,202321544894802,483645589510164,1328840305078643,312474613743217,5.339,25.764,31.116,14.885,7.041,66.415,237.985,328.613
1369,Minneapolis,MN,44.9796172,-93.2772256,6582817719,3,3946,5895,202321544894802,483645589510164,1328840305078643,312474613743217,3.936,25.793,29.2,13.245,7.041,66.415,237.985,328.613
1370,Minneapolis,MN,44.9796326,-93.2749865,8362867835,3,3946,5895,238600578034870,4003843826368883,185920526723434,779068429479590,13.297,9.407,5.012,5.93,44.205,140.025,199.255,230.953
1371,Minneapolis,MN,44.97982,-93.2910747,10021323074,4,3946,5895,788318685159808,864476194133403,762588637785899,1131525575710543,11.511,7.58,24.408,9.173,48.918,77.544,189.689,282.784
1372,Minneapolis,MN,44.9799382,-93.2826509,7973673522,3,3946,5895,462873998120994,324836902388841,1187389502772729,1368821760168074,2.948,8.613,8.437,22.834,52.169,92.916,175.187,320.469
1373,Minneapolis,MN,44.9800494,-93.2827869,7973673668,3,3946,5895,477201740369434,160257872707496,1043032797846499,583700742603197,12.484,14.146,17.866,22.613,46.509,85.199,172.597,320.524
1374,Minneapolis,MN,44.9801209,-93.282826,7973673526,3,3946,5895,583700742603197,160257872707496,1043032797846499,479328806710929,21.887,20.088,20.558,20.152,320.524,85.199,172.597,313.578
1375,Minneapolis,MN,44.9802864,-93.2777475,8362867592,3,3946,5895,971467766940501,971467766940501,888495021747800,1032551632092994,4.043,4.043,3.951,3.28,49.806,49.806,231.537,241.892
1376,Minneapolis,MN,44.9650878,-93.255552,11892115603,3,3947,5895,1172691418250377,642617892240503,1964171807477520,755755250591464,13.249,10.742,6.676,12.19,1.224,61.079,214.352,265.562
1377,Minneapolis,MN,44.9650911,-93.2553126,11892115598,3,3947,5895,1172691418250377,1432089551210944,1964171807477520,755755250591464,7.24,6.748,12.828,11.588,1.224,66.004,214.352,265.562
1378,Minneapolis,MN,44.9651635,-93.2734165,2699216525,4,3947,5895,1209156163780103,385764721085547,786879223536575,2179338349111977,7.508,7.474,7.508,7.508,2.926,105.926,180.926,210.926
1379,Minneapolis,MN,44.9652871,-93.273416,2699216584,4,3947,5895,1516865312243897,1133441821249827,322644440867509,2179338349111977,5.133,4.959,4.249,6.338,3.926,85.926,175.926,210.926
1380,Minneapolis,MN,44.9657989,-93.2734054,1705775548,3,3947,5895,978660120434629,769530308634135,846902113929109,974920310564427,4.506,18.015,4.506,9.537,355.926,83.926,171.926,321.926
1381,Minneapolis,MN,44.965899,-93.2734034,1705775616,3,3947,5895,957345282538823,476347481497289,357956636893955,1627871441347912,7.305,10.044,5.385,5.788,0.926,58.926,179.926,235.926
1382,Minneapolis,MN,44.9662131,-93.272888,2699216644,4,3947,5895,1129113095032389,1002193188089660,784414957165155,379214467878470,5.858,7.749,5.863,17.366,11.925,88.925,161.925,248.925
1384,Minneapolis,MN,44.9662132,-93.2734021,2699216647,4,3947,5895,1266299534335920,1838229793257174,1360412108684375,471987311963481,4.976,4.998,4.552,4.358,-0.075,31.925,176.925,281.925
1385,Minneapolis,MN,44.9662312,-93.267543,7262523047,3,3947,5895,1878490462823442,1361767517772189,775809868511907,1847595942859110,9.217,16.914,7.299,7.334,302.707,130.956,194.793,268.465
1386,Minneapolis,MN,44.9662835,-93.2678209,8365816551,3,3947,5895,1512027654257104,1361767517772189,697455315201386,898081149831241,15.171,6.423,6.423,11.768,302.707,130.956,187.956,268.074
1387,Minneapolis,MN,44.9663294,-93.2728885,2699216745,4,3947,5895,803757284756907,1002193188089660,876614620570686,379214467878470,1.203,11.74,5.305,4.435,354.925,88.925,203.925,248.925
1389,Minneapolis,MN,44.9663454,-93.2678207,8365816552,3,3947,5895,1512027654257104,1361767517772189,135829492949340,898081149831241,21.044,11.963,6.649,18.416,302.707,130.956,183.956,268.074
1390,Minneapolis,MN,44.9663469,-93.2675242,7262523049,4,3947,5895,1878490462823442,1361767517772189,775809868511907,1847595942859110,20.384,21.354,11.206,5.709,302.707,130.956,194.793,268.465
1391,Minneapolis,MN,44.966361,-93.268061,34394773,4,3947,5895,25993650226965336,1361767517772189,135829492949340,723604857131706,21.606,27.047,24.082,20.206,304.128,130.956,183.956,269.89
1392,Minneapolis,MN,44.9670239,-93.2726545,2942604766,3,3947,5895,1383253412272451,287691519504956,7626340620812163,7199240006846897,11.029,13.362,17.947,10.241,12.925,86.807,178.925,256.925
1393,Minneapolis,MN,44.9670421,-93.272597,6824492280,4,3947,5895,1383253412272451,1135286220319904,2057444261315969,7199240006846897,7.149,11.701,15.393,10.711,12.925,93.427,176.925,256.925
1394,Minneapolis,MN,44.9670788,-93.2725307,13673966472,3,3947,5895,1130508741506003,838057007058067,2057444261315969,7199240006846897,5.066,8.33,8.774,15.347,2.925,87.665,176.925,256.925
1395,Minneapolis,MN,44.9670989,-93.2721708,13673966465,3,3947,5895,387891360245937,497468525037314,423606517268852,475469616900176,21.135,7.068,21.339,22.154,1.925,90.0,179.925,271.311
1396,Minneapolis,MN,44.9671399,-93.2724878,6824492278,4,3947,5895,387891360245937,838057007058067,2057444261315969,7199240006846897,4.783,0.913,4.141,22.85,1.925,87.665,176.925,256.925
1397,Minneapolis,MN,44.9671459,-93.2721257,6824492269,4,3947,5895,387891360245937,497468525037314,423606517268852,159504946111138,23.877,1.042,23.024,26.344,1.925,90.0,179.925,267.303
1398,Minneapolis,MN,44.9672779,-93.2719997,6824492271,3,3947,5895,825415072824086,237153798166997,2461486990712163,964992395289072,19.202,14.813,20.353,30.216,15.924,88.906,164.924,301.924
1399,Minneapolis,MN,44.9673094,-93.2718998,6824492272,4,3947,5895,362516126843385,286339723051807,1520568201832171,964992395289072,24.097,17.019,23.768,27.851,17.924,91.943,150.924,301.924
1400,Minneapolis,MN,44.9673349,-93.2718253,6824492273,3,3947,5895,720892956688955,286339723051807,1520568201832171,964992395289072,26.065,19.2,27.317,27.549,16.924,91.943,150.924,301.924
1401,Minneapolis,MN,44.968848,-93.2649812,8365816390,4,3947,5895,635940488279496,4166177293704165,1206872314524585,697300676641640,23.467,33.123,26.503,23.013,0.0,87.957,188.883,261.263
1402,Minneapolis,MN,44.9688557,-93.2652727,8365816391,4,3947,5895,635940488279496,4166177293704165,1797398624539728,697300676641640,1.292,10.181,2.827,5.553,0.0,87.957,155.175,261.263
1403,Minneapolis,MN,44.9688575,-93.265385,13345624013,3,3947,5895,635940488279496,4166177293704165,1797398624539728,697300676641640,8.452,1.442,6.362,10.873,0.0,87.957,155.175,261.263
1404,Minneapolis,MN,44.9690333,-93.2717458,6824492286,3,3947,5895,461032903135187,487384056962610,1175925696926872,3235472493427905,7.868,13.99,9.604,31.417,9.924,86.924,178.924,324.924
1405,Minneapolis,MN,44.9690788,-93.2652706,8365816392,4,3947,5895,635940488279496,4166177293704165,1797398624539728,697300676641640,23.602,26.138,23.75,30.347,0.0,87.957,155.175,261.263
1406,Minneapolis,MN,44.9698379,-93.2715544,6824492297,3,3947,5895,761327712876844,494885858368940,1668103567324021,1946909795769976,23.123,13.438,22.03,22.03,354.0,85.777,185.0,292.0
1407,Minneapolis,MN,44.9698863,-93.2716179,1692101696,4,3947,5895,761327712876844,494885858368940,1668103567324021,1152704475940485,25.298,14.906,22.413,21.182,354.0,85.777,185.0,293.0
1408,Minneapolis,MN,44.9702099,-93.272186,4161907774,3,3947,5895,823829993006190,294246338924303,486195273794679,1630330437812161,8.997,12.356,7.378,7.378,347.0,146.265,219.0,283.0
1409,Minneapolis,MN,44.9703164,-93.2719439,4161907779,4,3947,5895,823829993006190,294246338924303,4064693780253561,1630330437812161,30.43,10.307,9.052,28.216,347.0,146.265,170.131,283.0
1410,Minneapolis,MN,44.9704472,-93.2722492,4161907781,4,3947,5895,823829993006190,294246338924303,760019564664035,975543294054935,26.667,26.778,17.443,24.517,347.0,146.265,186.212,277.0
1411,Minneapolis,MN,44.9710751,-93.2732127,8365816979,4,3947,5895,1383298152345441,1518662552053146,1215730682749423,1523088225461854,8.189,34.432,8.189,4.707,4.0,95.0,173.0,219.131
1412,Minneapolis,MN,44.9712931,-93.271183,4161907789,4,3947,5895,4213032112242091,26466594192958848,173916834529270,1547341963053096,3.119,2.711,9.298,8.516,2.346,38.508,211.424,303.082
1413,Minneapolis,MN,44.9714072,-93.2714209,4161907783,4,3947,5895,759854333188736,883185841388314,173916834529270,855410843933274,8.264,17.76,13.378,9.21,300.496,61.185,211.424,294.508
1414,Minneapolis,MN,44.9716364,-93.2657742,8365806402,4,3947,5895,234491546154575,230922666015934,690330933010934,1292572934759815,13.268,4.328,3.354,5.321,303.59,113.595,219.954,254.954
1415,Minneapolis,MN,44.9717119,-93.2727118,4161907760,4,3947,5895,835219717998925,438558369070113,1113648849736973,1285383806748041,4.779,8.937,3.757,11.04,358.0,91.0,173.0,272.521
1416,Minneapolis,MN,44.9717177,-93.2730687,3116076745,3,3947,5895,338508769118122,438558369070113,988874136010659,716396807932596,18.818,20.393,18.363,13.362,12.0,91.0,177.0,219.225
1417,Minneapolis,MN,44.9718031,-93.2729387,4161907754,4,3947,5895,835219717998925,438558369070113,1169916685252643,735838326247712,16.736,16.884,9.494,11.566,358.0,91.0,211.629,230.905
1418,Minneapolis,MN,44.9718765,-93.2725402,4161907758,4,3947,5895,822916146452490,811580610938159,380686315027917,1156298249909048,6.8,11.011,5.138,9.9,4.0,79.0,164.0,272.521
1419,Minneapolis,MN,44.9719647,-93.2651868,7262523065,4,3947,5895,159169103340600,282002704483334,305752205186769,661238912234200,1.246,17.538,2.592,11.164,0.0,54.731,192.134,245.208
1420,Minneapolis,MN,44.9719798,-93.2727964,4161907756,4,3947,5895,822916146452490,811580610938159,380686315027917,1199057518402152,19.327,21.057,18.359,20.035,4.0,79.0,164.0,258.65
1421,Minneapolis,MN,44.9720508,-93.25801,8354015750,4,3947,5895,688927172338818,365479589472653,2840438743014606,1043158303589693,26.706,17.876,9.143,33.304,0.0,123.124,174.901,306.537
1422,Minneapolis,MN,44.9722068,-93.2707667,4161907797,4,3947,5895,1557341892020552,1820720011973467,494886801864188,226041679324328,25.384,14.039,11.211,15.324,59.397,62.805,209.268,219.405
1423,Minneapolis,MN,44.9722526,-93.2579332,8354015775,3,3947,5895,1156026181789697,365479589472653,1218173713375518,1043158303589693,7.488,21.075,15.82,10.514,0.0,123.124,174.842,306.537
1424,Minneapolis,MN,44.9722653,-93.2703598,4161907801,4,3947,5895,1268118008113174,2149288319145250,487280682693189,399457524376488,29.695,10.212,11.851,12.638,19.052,63.253,208.89,212.386
1425,Minneapolis,MN,44.9722903,-93.2580221,8354014989,4,3947,5895,1216288275616427,1013040489783610,1218173713375518,1110214169974285,5.964,12.984,17.097,10.481,0.0,40.598,174.842,255.455
1426,Minneapolis,MN,44.9723046,-93.2667524,7018968487,4,3947,5895,1690530268186832,1051219376798921,827045109320319,3671727459805258,1.767,10.434,8.36,32.715,22.776,31.467,158.297,212.553
1427,Minneapolis,MN,44.9723486,-93.2648631,8365816272,4,3947,5895,138050305249914,661335305879951,562262215927594,669558591807743,4.22,24.648,8.961,16.54,0.0,108.249,208.582,248.953
1428,Minneapolis,MN,44.9723771,-93.2706209,4161907799,4,3947,5895,394229663735390,2149288319145250,323120509327499,399457524376488,22.279,14.391,13.294,13.567,0.0,63.253,192.565,212.386
1429,Minneapolis,MN,44.9724506,-93.2650934,8365806401,4,3947,5895,3251552915108212,811094867357385,214614224896594,669558591807743,21.351,14.353,3.232,5.897,0.0,85.022,204.675,248.953
1430,Minneapolis,MN,44.9724787,-93.2578998,8354015515,3,3947,5895,892196989178375,714980497390707,1101252084207896,1101252084207896,2.262,6.056,3.01,3.01,23.488,101.373,230.2,230.2
1431,Minneapolis,MN,44.9725381,-93.2591609,8354015463,4,3947,5895,5896182390415988,862535501993359,1466775105033543,3510561052498905,26.62,4.123,7.157,23.98,0.0,123.356,174.552,296.647
1432,Minneapolis,MN,44.9725662,-93.2578736,8354015507,3,3947,5895,1005780277320669,714980497390707,1101252084207896,851942823140398,13.442,4.153,7.923,3.206,359.551,101.373,230.2,291.735
1433,Minneapolis,MN,44.9725667,-93.255725,8354015522,4,3947,5895,497944722281365,1039953117336832,228202316966751,807923562149575,1.682,10.157,12.132,11.888,0.0,51.978,176.098,249.831
1434,Minneapolis,MN,44.9725842,-93.2705979,8292440131,3,3947,5895,394229663735390,916427074691885,323120509327499,520933409289862,5.741,24.512,23.373,20.965,0.0,63.253,192.565,213.349
1435,Minneapolis,MN,44.9726036,-93.264962,8355194113,4,3947,5895,337469955273873,811094867357385,1694610534354270,337469955273873,2.429,16.025,3.974,2.429,303.692,85.022,200.953,303.692
1436,Minneapolis,MN,44.9726167,-93.2664822,8354014892,4,3947,5895,1114901493689736,1669983793857685,1058859475715271,1058859475715271,20.447,7.14,5.128,5.128,41.021,111.673,225.955,225.955
1437,Minneapolis,MN,44.9726337,-93.2588327,8354014990,4,3947,5895,1173869976539412,1145740189738563,1883681682263365,858901645772461,2.777,13.682,15.683,7.216,0.0,137.25,174.552,273.701
1438,Minneapolis,MN,44.9726662,-93.2557298,8354015941,3,3947,5895,5613716562042481,1039953117336832,228202316966751,807923562149575,4.874,11.176,13.965,2.965,0.0,51.978,176.098,249.831
1439,Minneapolis,MN,44.9726838,-93.2558853,8354015948,3,3947,5895,1027500265187689,334580465863232,228202316966751,1102416814078492,2.048,10.664,10.082,1.184,0.0,78.698,176.098,259.007
1440,Minneapolis,MN,44.9726845,-93.2718903,4161907750,4,3947,5895,1204979520658107,477737841540389,435053126073163,978653857078121,3.019,6.397,6.397,6.397,8.0,54.0,184.0,318.0
1441,Minneapolis,MN,44.972704,-93.2561246,8354015823,3,3947,5895,1000685141019271,1027246998585326,228202316966751,1075178787162859,5.078,8.721,23.197,4.888,0.0,119.316,176.098,273.884
1442,Minneapolis,MN,44.9727128,-93.2590193,8354015464,3,3947,5895,5896182390415988,2087102908699182,1466775105033543,3510561052498905,7.717,9.647,16.565,4.958,0.0,33.387,174.552,296.647
1443,Minneapolis,MN,44.9727727,-93.2721441,4161907748,4,3947,5895,1204979520658107,477737841540389,435053126073163,978653857078121,20.533,21.231,21.231,21.231,8.0,54.0,184.0,318.0
1444,Minneapolis,MN,44.9728566,-93.2717891,4161907752,4,3947,5895,1123249288966170,1498486771049795,1003539841419737,974599800872248,7.613,2.646,2.646,17.307,16.0,139.0,147.0,310.0
1445,Minneapolis,MN,44.9730182,-93.2715297,8292440126,3,3947,5895,482467884362751,505408335259307,999827798170800,974599800872248,11.025,11.025,17.335,14.72,2.0,87.0,187.0,310.0
1446,Minneapolis,MN,44.9731937,-93.2699886,4161907805,4,3947,5895,1054960329605166,1986600292270136,173396404582688,176479751034972,3.024,16.95,8.566,11.523,0.0,55.309,211.664,257.476
1447,Minneapolis,MN,44.9732015,-93.2556299,8354015822,3,3947,5895,186260463926251,877640893846109,859049435916675,652432050411424,7.654,10.142,2.798,3.639,0.0,36.769,170.095,211.775
1448,Minneapolis,MN,44.9732153,-93.2701109,8292425014,3,3947,5895,467692096274252,1986600292270136,329633992016154,176479751034972,6.458,25.42,18.066,21.429,0.0,55.309,204.455,257.476
1449,Minneapolis,MN,44.9732386,-93.270091,8365806363,4,3947,5895,467692096274252,1986600292270136,173396404582688,929162103396198,3.496,26.004,17.358,14.216,0.0,55.309,211.664,306.634
1450,Minneapolis,MN,44.9732614,-93.2695735,4161907809,4,3947,5895,1489675241674572,1881461132556026,287785089731079,939314043536371,11.843,25.685,27.683,16.401,0.0,39.339,227.255,264.756
1451,Minneapolis,MN,44.9734172,-93.2605644,8354015529,3,3947,5895,1090309861594635,2395057340954291,815708190329664,1554869465823565,3.088,12.378,2.293,3.75,0.0,107.576,204.442,323.33
1452,Minneapolis,MN,44.9734664,-93.2593703,8354015571,3,3947,5895,143284091775116,241201472116025,727419052179240,677805951163203,7.27,5.23,11.885,7.329,0.0,125.599,158.635,313.825
1453,Minneapolis,MN,44.9736923,-93.2618581,8354014974,4,3947,5895,2865509400431500,524544335264053,1991539168062375,1187850886660915,5.802,6.692,5.754,22.789,27.0,107.0,174.575,266.532
1454,Minneapolis,MN,44.9737092,-93.2706199,8365806346,4,3947,5895,493216140260672,716671674689230,716671674689230,1290026093005396,2.676,5.043,5.043,7.351,0.0,125.126,125.126,295.045
1455,Minneapolis,MN,44.9738403,-93.2694658,8365806352,4,3947,5895,1213892560511235,3392392134236683,742568028185433,1098243928943985,4.49,8.399,24.132,32.996,351.815,83.282,120.953,314.95
1456,Minneapolis,MN,44.9739614,-93.2619504,8354014875,4,3947,5895,5696312640451983,2063043233838844,846820294979947,1187850886660915,19.651,17.751,11.676,16.395,0.0,97.0,158.033,266.532
1457,Minneapolis,MN,44.9739756,-93.2598712,8354015569,4,3947,5895,726373776031052,2114069898949633,358322400018602,190974467425922,5.421,11.86,10.846,4.694,32.829,109.003,161.535,233.801
1458,Minneapolis,MN,44.9740714,-93.2707711,8365806348,3,3947,5895,512374611516723,1176695374493235,776773448253996,24040765225558667,9.413,12.013,11.101,13.539,0.0,83.451,207.155,266.851
1459,Minneapolis,MN,44.9741861,-93.2563094,8354015680,3,3947,5895,5559094300841852,3126932680934923,1041501467185761,3590483147866272,11.136,3.607,17.792,6.075,0.0,59.209,236.928,310.448
1460,Minneapolis,MN,44.9745729,-93.2569021,8354015679,3,3947,5895,529517165654619,189013744206223,337762808959942,1065664318015150,7.349,4.04,5.418,5.321,0.0,129.725,145.503,304.702
1461,Minneapolis,MN,44.9746524,-93.270287,4161907736,4,3947,5895,1043038811151558,1612151080188779,733088586346868,2857556531106437,3.659,25.928,5.546,5.384,7.752,132.83,205.804,283.399
1462,Minneapolis,MN,44.9746801,-93.2594882,8355194066,3,3947,5895,647886686974229,374702158343693,898968905088958,276973161540630,6.127,12.352,15.68,6.935,0.0,111.798,200.181,273.807
1463,Minneapolis,MN,44.9747526,-93.2705234,4161907730,4,3947,5895,1043038811151558,1612151080188779,728851569862275,2857556531106437,18.158,29.949,10.105,16.905,7.752,132.83,188.022,283.399
1464,Minneapolis,MN,44.9748087,-93.25899,8354015289,3,3947,5895,127485473420610,710798327369649,366204162603797,706851481394930,11.108,9.222,3.772,10.182,0.0,88.321,221.627,283.598
1465,Minneapolis,MN,44.9748611,-93.2608732,6750026436,3,3947,5895,817794742884684,1060971735355175,898397654964591,898397654964591,3.651,1.355,7.844,7.844,0.0,87.316,230.951,230.951
1466,Minneapolis,MN,44.974932,-93.2585583,8354015634,4,3947,5895,488683059877221,258920600175790,258920600175790,189379467569507,2.743,3.634,3.634,1.022,0.0,134.871,134.871,265.957
1467,Minneapolis,MN,44.9750117,-93.2607152,8354015237,3,3947,5895,1136134350330195,1025187195370732,644168957928974,1100032057827829,3.865,7.948,3.622,9.882,0.0,34.367,211.46,302.61
1468,Minneapolis,MN,44.9750148,-93.2610472,8354014710,3,3947,5895,817794742884684,1060971735355175,365621949325126,365621949325126,19.794,20.927,10.914,10.914,0.0,87.316,213.957,213.957
1469,Minneapolis,MN,44.9750939,-93.2588959,8354015261,3,3947,5895,669668878487667,1418012868749596,715795370156505,358484906860571,9.111,4.174,8.794,14.611,3.56,90.9,177.056,263.697
1470,Minneapolis,MN,44.9751459,-93.259102,8354015015,4,3947,5895,669668878487667,810387784172965,200740953083265,1300391743958081,11.126,11.594,4.095,1.931,3.56,88.115,206.377,307.596
1471,Minneapolis,MN,44.9751988,-93.2601235,11177446991,3,3947,5895,1305322383461773,202019262949617,873378651157669,269256725730361,19.059,8.407,7.757,16.988,37.24,64.96,172.502,270.063
1472,Minneapolis,MN,44.9752072,-93.2596711,8354015294,3,3947,5895,324738967113234,1061620461705634,1062200611640604,1052706989189220,11.181,10.221,22.316,4.739,11.961,96.649,149.923,280.704
1473,Minneapolis,MN,44.9752594,-93.261024,6865071068,3,3947,5895,1770872996612028,316943087853468,1440521133173475,1440521133173475,32.75,33.042,16.783,16.783,0.0,111.679,213.101,213.101
1474,Minneapolis,MN,44.9752849,-93.2594683,1611077205,3,3947,5895,248589751567087,308668732044961,1049104836514300,248589751567087,0.331,13.905,15.86,0.331,304.715,93.725,121.676,304.715
1475,Minneapolis,MN,44.9754071,-93.2597514,8354015192,3,3947,5895,328056439967502,1049104836514300,713442194064648,1094858318519467,14.123,13.801,9.272,3.812,302.054,121.676,234.456,298.799
1476,Minneapolis,MN,44.9754208,-93.2601668,8354015286,3,3947,5895,202794342152383,282973761403713,316387147886195,269256725730361,16.397,4.024,11.337,8.031,0.0,106.078,192.975,270.063
1477,Minneapolis,MN,44.9754583,-93.2603533,8354015217,3,3947,5895,202794342152383,1519185578858138,1076540850146378,339213538824411,2.195,0.994,9.276,13.04,0.0,91.298,214.53,269.151
1478,Minneapolis,MN,44.9755643,-93.260116,8354015211,3,3947,5895,455620809887859,254730007610508,316387147886195,1346443295979661,5.815,8.141,5.95,1.407,0.0,67.739,192.975,289.367
1479,Minneapolis,MN,44.9756127,-93.2602282,8354014200,4,3947,5895,2912031729101019,1381912296079168,780204857225640,1346443295979661,1.949,5.156,2.796,9.129,0.0,114.29,220.975,289.367
1480,Minneapolis,MN,44.9758975,-93.2603412,8354014202,4,3947,5895,1409106949677486,1381912296079168,24350212814593150,1409106949677486,10.933,27.972,1.903,10.933,305.83,114.29,201.232,305.83
1481,Minneapolis,MN,44.9770678,-93.2574597,8355193834,4,3947,5895,996545229327052,4346283675415917,972115283559985,996545229327052,21.678,11.812,7.073,21.678,300.484,141.69,171.661,300.484
1482,Minneapolis,MN,44.9772463,-93.2570285,3406355830,4,3947,5895,1192221418978028,4346283675415917,972115283559985,1192221418978028,11.715,34.245,32.751,11.715,300.348,141.69,171.661,300.348
1483,Minneapolis,MN,44.9776543,-93.258816,8369429119,4,3947,5895,783048742395138,1481692075527367,1481692075527367,1240736290768487,16.438,13.051,13.051,21.892,30.178,121.117,121.117,300.881
1484,Minneapolis,MN,44.9779051,-93.2585995,8365570076,4,3947,5895,1411158560318271,1481692075527367,1481692075527367,1411158560318271,7.419,20.11,20.11,7.419,300.389,121.117,121.117,300.389
1485,Minneapolis,MN,44.978016,-93.2520536,944734898,3,3947,5895,922289451941233,866105750609026,812424092985062,308625997492432,18.531,14.272,14.869,16.607,300.892,111.683,124.823,293.304
1486,Minneapolis,MN,44.9780453,-93.2521244,2317829094,3,3947,5895,922289451941233,470997637457805,223604602529972,930704534384836,22.169,13.55,15.426,15.783,300.892,113.714,120.031,293.64
1487,Minneapolis,MN,44.9782314,-93.2602029,8355194155,4,3947,5895,306242237726545,2559972964306336,843270060585146,6143113585788151,19.294,16.091,8.384,9.496,0.0,118.819,211.949,222.949
1488,Minneapolis,MN,44.9792782,-93.2568903,8365569980,4,3947,5895,1223245914783129,475231380437809,790612618511718,465444334518556,11.283,11.204,10.403,11.204,303.601,115.581,125.027,303.173
1489,Minneapolis,MN,44.9794661,-93.2573439,8365569981,4,3947,5895,161611185908919,747370382601304,747370382601304,169689868421201,12.213,11.098,11.098,11.307,301.571,120.456,120.456,298.081
1490,Minneapolis,MN,44.9794985,-93.2724667,8362867849,4,3947,5895,1064084589192093,1884971032353791,736148225676653,1235850971422496,16.148,16.567,15.683,16.148,4.494,109.465,191.425,248.404
1491,Minneapolis,MN,44.9795344,-93.2730619,12568919749,3,3947,5895,1064084589192093,1884971032353791,736148225676653,1235850971422496,31.352,30.938,31.69,31.352,4.494,109.465,191.425,248.404
1492,Minneapolis,MN,44.979621,-93.2727805,1624754993,3,3947,5895,1064084589192093,1884971032353791,736148225676653,1235850971422496,17.808,17.607,17.653,17.808,4.494,109.465,191.425,248.404
1493,Minneapolis,MN,44.9797119,-93.2726517,1624754959,3,3947,5895,1064084589192093,738250885375767,736148225676653,1235850971422496,25.715,16.596,25.273,25.715,4.494,43.874,191.425,248.404
1494,Minneapolis,MN,44.9797688,-93.2725645,1624754967,4,3947,5895,2621820318157322,2621820318157322,736148225676653,1235850971422496,17.075,17.075,32.555,33.068,44.216,44.216,191.425,248.404
1495,Minneapolis,MN,44.9798612,-93.2607877,8359454454,4,3947,5895,2602143593312971,705329238832055,1605128966871970,1775789183352646,12.771,18.8,18.557,14.931,1.605,124.029,177.975,267.612
1496,Minneapolis,MN,44.9799012,-93.2603463,12911650725,4,3947,5895,705695535474278,1410718696780169,3203286863156115,1428346524859040,19.578,23.081,21.335,23.953,0.536,126.175,211.871,266.212
1497,Minneapolis,MN,44.9799319,-93.2698283,12347138577,4,3947,5895,2222851998167659,2462351384122520,1191095306286109,1364141938595609,33.597,34.922,5.218,10.061,1.318,45.299,201.098,258.027
1498,Minneapolis,MN,44.9799347,-93.2587967,13734686947,3,3947,5895,774885376532241,292629489141247,600637212066383,664311088994320,31.263,34.544,11.268,7.219,345.055,126.942,181.948,233.948
1499,Minneapolis,MN,44.9799444,-93.2584621,6778467019,4,3947,5895,774885376532241,209542457476115,752737082059918,280895837041173,18.619,11.573,12.156,11.919,345.055,122.492,142.479,310.562
1500,Minneapolis,MN,44.9799475,-93.2604541,8359454453,4,3947,5895,705695535474278,1410718696780169,3203286863156115,1428346524859040,12.187,13.346,11.49,14.365,0.536,126.175,211.871,266.212
1501,Minneapolis,MN,44.9799585,-93.2588526,13734686956,4,3947,5895,774885376532241,874779494156239,600637212066383,340385131706223,33.38,32.683,15.462,18.676,345.055,139.948,181.948,278.948
1502,Minneapolis,MN,44.9800243,-93.2587208,13734686949,3,3947,5895,774885376532241,874779494156239,1374593893135113,328016846486023,20.76,20.113,8.101,8.101,345.055,139.948,210.948,241.948
1503,Minneapolis,MN,44.9800485,-93.2587795,13734686957,3,3947,5895,774885376532241,874779494156239,1374593893135113,328016846486023,24.031,22.071,12.909,12.909,345.055,139.948,210.948,241.948
1504,Minneapolis,MN,44.98007,-93.2701458,8373583248,4,3947,5895,2222851998167659,1652625925436413,1054171596438730,1197614455452982,5.921,11.132,7.072,7.168,1.318,81.18,201.513,246.879
1505,Minneapolis,MN,44.9800891,-93.2585898,6778467080,4,3947,5895,774885376532241,874779494156239,796367088955007,6393148694147088,8.443,8.056,4.772,2.301,345.055,139.948,197.948,241.948
1506,Minneapolis,MN,44.9801124,-93.2586463,11084225904,3,3947,5895,889148371648541,874779494156239,796367088955007,6393148694147088,12.284,9.44,7.548,6.878,348.068,139.948,197.948,241.948
1507,Minneapolis,MN,44.98032,-93.2590755,13734686937,3,3947,5895,311269900510202,620044743659441,869312087964787,295834732222802,28.67,28.612,24.451,28.267,338.88,85.948,154.948,301.357
1508,Minneapolis,MN,44.9803328,-93.271311,8373583254,4,3947,5895,2260299787736081,2228503367562471,1531618174887672,1245157530437708,17.327,9.479,15.994,16.486,338.254,106.476,170.224,286.094
1509,Minneapolis,MN,44.9649349,-93.2360299,3087880799,4,3948,5895,1150612318760994,895353364387228,1275789744170045,891281304776334,8.805,29.62,14.464,30.676,359.138,119.791,177.258,271.0
1510,Minneapolis,MN,44.9649947,-93.2365614,3640948664,3,3948,5895,522573302446682,458874778554469,3904041016525082,482621836356121,19.803,15.289,27.159,23.509,348.927,86.256,180.291,270.0
1511,Minneapolis,MN,44.9650998,-93.2360394,3087880803,4,3948,5895,296381592021789,895353364387228,529113494751519,210385910896485,8.163,19.89,13.328,18.795,344.483,119.791,184.047,275.54
1512,Minneapolis,MN,44.9651384,-93.2363122,3640948666,4,3948,5895,296381592021789,496905721354107,1751174128824083,615331849426587,15.165,4.517,8.291,7.563,344.483,99.779,178.49,270.704
1513,Minneapolis,MN,44.9651684,-93.2365635,3640948668,3,3948,5895,522573302446682,458874778554469,4214653975251420,309267440708656,19.126,4.128,21.081,4.459,348.927,86.256,167.718,267.688
1514,Minneapolis,MN,44.9651684,-93.2364887,3640948667,4,3948,5895,522573302446682,511199503577209,1751174128824083,482621836356121,24.46,4.046,20.436,4.654,348.927,90.0,178.49,270.0
1515,Minneapolis,MN,44.9651912,-93.2363116,3640948670,4,3948,5895,296381592021789,496905721354107,1751174128824083,615331849426587,18.466,7.667,6.455,2.476,344.483,99.779,178.49,270.704
1516,Minneapolis,MN,44.9652672,-93.2359169,3087880814,3,3948,5895,296381592021789,895353364387228,1936439563755500,210385910896485,27.271,33.109,22.23,26.262,344.483,119.791,174.579,275.54
1517,Minneapolis,MN,44.9652942,-93.2359507,3087880815,4,3948,5895,296381592021789,895353364387228,1918070365706552,210385910896485,28.155,32.395,19.203,24.895,344.483,119.791,173.55,275.54
1518,Minneapolis,MN,44.9653474,-93.2360238,3087880823,3,3948,5895,296381592021789,1398305004717165,1918070365706552,210385910896485,31.208,28.417,13.669,23.638,344.483,118.959,173.55,275.54
1519,Minneapolis,MN,44.966868,-93.2378465,13302105344,4,3948,5895,440884815270527,7723077137724892,454889280457355,1398759631008834,14.273,25.219,2.464,29.577,0.528,47.684,181.891,268.893
1520,Minneapolis,MN,44.9670207,-93.2378405,13302105345,4,3948,5895,788889896471827,449002637691075,448840647711595,1398759631008834,11.307,19.732,1.985,18.323,20.219,106.378,183.357,268.893
1521,Minneapolis,MN,44.9671136,-93.2378434,13302105352,3,3948,5895,788889896471827,449002637691075,1170432687725628,1398759631008834,9.8,11.087,3.576,17.538,20.219,106.378,197.328,268.893
1522,Minneapolis,MN,44.9671159,-93.2376641,13302105356,3,3948,5895,913370453805723,7723077137724892,1170432687725628,1398759631008834,3.57,6.64,11.51,4.808,341.356,47.684,197.328,268.893
1523,Minneapolis,MN,44.9685995,-93.2394198,8721662185,4,3948,5895,1308021000690239,1105015525103849,1577130773263407,24847613711530111,14.965,29.357,10.481,4.806,29.375,82.707,188.514,275.275
1524,Minneapolis,MN,44.9688048,-93.2393744,6433194743,4,3948,5895,1445946793373362,1105015525103849,1335885998167098,4149880955272710,13.93,21.879,5.55,16.903,359.058,82.707,191.355,271.356
1525,Minneapolis,MN,44.9691333,-93.2395559,1768196546,3,3948,5895,1436631057562628,1311331610697076,1515491546553471,1818869772349531,12.852,11.094,13.651,5.221,347.687,92.276,174.003,262.907
1526,Minneapolis,MN,44.9691858,-93.2394676,8932802059,4,3948,5895,1976334916239741,1137314078374801,1137314078374801,1535360357873857,17.378,2.613,2.613,6.539,348.446,142.132,142.132,256.093
1527,Minneapolis,MN,44.9692554,-93.2466154,1768208561,3,3948,5895,1299575841685829,1446944490091015,765154692741520,629872819546673,24.177,24.932,24.177,24.664,0.0,83.979,166.726,273.517
1528,Minneapolis,MN,44.9692556,-93.2464347,1768208562,3,3948,5895,1299575841685829,751022070952581,765154692741520,629872819546673,22.045,22.188,22.045,20.924,0.0,85.426,166.726,273.517
1529,Minneapolis,MN,44.9692557,-93.2463876,1768208564,3,3948,5895,1299575841685829,751022070952581,765154692741520,629872819546673,22.945,22.672,22.945,21.437,0.0,85.426,166.726,273.517
1530,Minneapolis,MN,44.9697336,-93.2463678,9624577679,4,3948,5895,1030123325993967,596925369764410,630343496163466,1199698795263596,4.089,4.893,1.623,22.865,16.724,90.527,185.53,284.551
1531,Minneapolis,MN,44.9698429,-93.2466166,9010215321,4,3948,5895,1071747317813578,1248373750354809,1248373750354809,1199698795263596,25.857,8.078,8.078,12.771,4.212,120.983,120.983,284.551
1532,Minneapolis,MN,44.9699471,-93.2463508,9624577645,3,3948,5895,1451802639174880,596925369764410,1978695629588208,1199698795263596,25.801,20.223,20.55,34.032,23.102,90.527,173.498,284.551
1533,Minneapolis,MN,44.9699887,-93.2464439,8998610639,4,3948,5895,1451802639174880,1424966648749628,1978695629588208,1199698795263596,30.533,15.477,26.179,33.167,23.102,122.359,173.498,284.551
1534,Minneapolis,MN,44.9701694,-93.2473901,1762737647,4,3948,5895,476334323635008,1077136420525212,4283633215237737,1254275349535922,14.009,26.567,7.089,26.567,358.334,90.0,174.687,226.7
1535,Minneapolis,MN,44.9702452,-93.2470948,1762737648,3,3948,5895,536863880640320,1077136420525212,24822087424045493,1254275349535922,9.989,16.343,8.644,16.343,358.663,90.0,164.959,226.7
1536,Minneapolis,MN,44.9702721,-93.2471365,3730162945,3,3948,5895,536863880640320,1077136420525212,24822087424045493,1254275349535922,7.216,12.121,5.046,12.121,358.663,90.0,164.959,226.7
1537,Minneapolis,MN,44.9703939,-93.247387,1762737651,4,3948,5895,485852042732516,1077136420525212,2323881824704801,1254275349535922,14.209,14.524,6.828,14.524,359.48,90.0,174.155,226.7
1538,Minneapolis,MN,44.9720592,-93.2474116,1894127718,3,3948,5895,1381761985534147,1770971830125603,2209060826193631,579331660793359,16.603,7.436,4.452,23.931,2.821,100.379,173.049,258.0
1539,Minneapolis,MN,44.9721137,-93.2471071,1894127720,3,3948,5895,273830471196801,1770971830125603,1417318876044822,658498589109971,7.752,28.006,19.483,24.301,0.868,100.379,173.919,259.0
1540,Minneapolis,MN,44.9722075,-93.2470794,1762737676,4,3948,5895,1377944775906772,1770971830125603,707470425689753,658498589109971,9.711,31.879,21.544,34.809,2.016,100.379,173.919,259.0
1541,Minneapolis,MN,44.9722595,-93.2318728,1719987144,3,3948,5895,4101078786636596,139566268219912,299048015057169,152291770204195,26.843,23.461,20.569,34.701,1.787,56.338,171.124,265.739
1542,Minneapolis,MN,44.972288,-93.2338362,1573667726,3,3948,5895,964522261760058,6559922320800643,1824024648039331,3745759379083286,5.591,20.462,10.203,24.793,350.714,112.929,199.837,278.265
1543,Minneapolis,MN,44.9725406,-93.2319328,1719987192,4,3948,5895,4101078786636596,299260305180458,581578202813747,152291770204195,10.185,15.593,12.034,15.015,1.787,90.0,169.391,265.739
1544,Minneapolis,MN,44.9725608,-93.2338487,11867802773,3,3948,5895,1460709238113128,1462240571305899,617989126925393,991634785397891,20.684,3.465,8.423,10.368,1.928,80.757,195.929,243.929
1545,Minneapolis,MN,44.9726425,-93.2334796,13606337890,3,3948,5895,1460709238113128,1462240571305899,563876775864390,228522653556457,9.754,27.386,34.914,15.157,1.928,80.757,205.929,299.928
1546,Minneapolis,MN,44.9727783,-93.2426912,1533123624,3,3948,5895,1059004882116292,688243479870484,327299396306342,1412884306173218,9.365,11.89,11.849,11.849,350.935,94.935,155.0,260.0
1547,Minneapolis,MN,44.9727795,-93.2424752,1533123786,3,3948,5895,1377473236456648,688243479870484,199801216409206,669719734780470,7.202,7.202,13.422,8.905,16.935,94.935,152.0,259.652
1548,Minneapolis,MN,44.9728568,-93.242583,1533123790,3,3948,5895,1059004882116292,688243479870484,327299396306342,689672619717473,14.559,13.097,22.931,18.758,350.935,94.935,155.0,259.712
1549,Minneapolis,MN,44.9729259,-93.2477033,1762737717,4,3948,5895,1513757675634260,1480435903723728,2346297066202563,240029017877832,23.68,9.252,10.397,23.14,304.425,116.84,123.018,298.634
1550,Minneapolis,MN,44.9729698,-93.2423933,1473257723,3,3948,5895,2700309286773865,688243479870484,199801216409206,3477151419169552,23.948,28.2,26.159,26.159,5.935,94.935,152.0,257.0
1551,Minneapolis,MN,44.9730231,-93.2479238,1762737719,4,3948,5895,386269109246494,966025549436412,2346297066202563,317806703188792,24.254,9.01,27.811,22.77,300.028,113.992,123.018,298.714
1552,Minneapolis,MN,44.973102,-93.2474185,1762737723,3,3948,5895,3943944148986992,2346297066202563,1893466657942998,240029017877832,7.181,20.186,22.472,7.911,307.221,123.018,142.711,298.634
1553,Minneapolis,MN,44.973133,-93.2474338,1762737724,3,3948,5895,3943944148986992,1480435903723728,1893466657942998,240029017877832,10.727,23.749,25.518,8.305,307.221,116.84,142.711,298.634
1554,Minneapolis,MN,44.9732267,-93.247759,1762737727,5,3948,5895,386269109246494,966025549436412,2346297066202563,317806703188792,9.311,17.642,32.633,4.674,300.028,113.992,123.018,298.714
1555,Minneapolis,MN,44.9737499,-93.2371562,4305378467,3,3948,5895,652232010042876,823417822657720,249202584657862,1737588640031321,6.711,6.711,12.33,11.301,354.931,82.931,190.032,253.755
1556,Minneapolis,MN,44.9738005,-93.2366975,4305375769,3,3948,5895,691532519580297,264893423200441,291050196635630,300472309356529,1.511,12.376,17.976,8.421,357.931,66.931,186.0,289.931
1557,Minneapolis,MN,44.9738748,-93.2366985,1970263771,3,3948,5895,845703690351512,772907051301709,809576104082640,300472309356529,0.32,17.309,17.309,0.32,327.931,77.0,182.0,289.931
1558,Minneapolis,MN,44.9739313,-93.2349159,9210526880,4,3948,5895,857104255794952,6628739780507424,182349828170318,309751025010583,23.165,16.913,19.431,22.878,53.929,91.929,154.929,271.929
1559,Minneapolis,MN,44.9740991,-93.2504216,1667142729,3,3948,5895,806278543359337,1597649158139765,2096640384433728,1318518299205736,21.705,12.893,18.275,24.315,305.75,124.775,159.24,265.663
1560,Minneapolis,MN,44.9741047,-93.234716,4305375776,4,3948,5895,3623437251204791,3211196455691892,6221027201335880,874947634199694,2.244,2.244,7.487,8.874,58.929,79.929,121.929,270.929
1561,Minneapolis,MN,44.9741065,-93.2344814,4305375777,4,3948,5895,3623437251204791,1654950301693154,6221027201335880,1358320898447342,19.917,2.385,25.802,12.625,58.929,75.929,121.929,265.929
1562,Minneapolis,MN,44.9741089,-93.2338589,1295150643,5,3948,5895,831052628507297,1626444931098029,6681382078614049,3589132578033830,10.763,10.072,4.946,4.217,4.928,81.929,169.928,261.928
1563,Minneapolis,MN,44.9742166,-93.2359929,1970263785,3,3948,5895,1002325454371914,336273422266845,341821738223589,1358314801749960,13.256,11.296,19.782,11.271,316.93,87.93,237.93,262.93
1564,Minneapolis,MN,44.9742255,-93.2507893,1667142753,4,3948,5895,1186176076340519,1445884500540423,1461549808689932,987560883366279,22.27,33.15,34.507,21.877,300.048,138.575,180.946,296.213
1565,Minneapolis,MN,44.9743019,-93.2502609,1667142731,3,3948,5895,806278543359337,1445884500540423,1461549808689932,1318518299205736,4.369,9.838,8.216,10.027,305.75,138.575,180.946,265.663
1566,Minneapolis,MN,44.9743613,-93.2338622,1719997100,3,3948,5895,1747993802311907,3743826499220177,6681382078614049,339961945225835,34.127,31.927,32.862,26.245,332.928,79.929,169.928,274.929
1567,Minneapolis,MN,44.9744121,-93.2504301,1667142728,3,3948,5895,300838204982220,1445884500540423,1622666502258893,1030059509046339,8.547,17.607,9.946,4.271,304.601,138.575,185.539,270.635
1568,Minneapolis,MN,44.974478,-93.2302312,8561779030,4,3948,5895,654954806164899,108374502360044,664190145069382,811924773939738,7.638,20.214,15.908,15.697,0.0,90.0,215.274,270.0
1569,Minneapolis,MN,44.9744833,-93.2369637,1533123698,3,3948,5895,1009977500229990,305342425491473,604063611913369,1351830402429215,16.755,2.107,2.012,16.755,358.931,79.0,180.77,327.931
1570,Minneapolis,MN,44.9746908,-93.2304749,6781878107,4,3948,5895,1445978692902504,108374502360044,664190145069382,811924773939738,12.824,13.503,14.889,15.204,0.609,90.0,215.274,270.0
1571,Minneapolis,MN,44.9749129,-93.2304244,462046876,4,3948,5895,1333587330870168,108374502360044,517309153912902,1328936091330386,8.861,30.483,27.647,18.236,357.144,90.0,234.0,255.0
1572,Minneapolis,MN,44.9752136,-93.2377337,1904263454,3,3948,5895,211227570580657,5501494619920559,381247766499496,1379385125779781,7.891,9.971,13.259,21.624,353.392,83.815,179.602,270.0
1573,Minneapolis,MN,44.9752213,-93.2375581,13184763638,3,3948,5895,152831036795725,5501494619920559,381247766499496,1379385125779781,14.635,17.136,25.869,22.93,25.323,83.815,179.602,270.0
1574,Minneapolis,MN,44.9752731,-93.2368078,1537716885,3,3948,5895,976796780067443,282035917776435,227629880210146,1065507417944640,5.629,15.031,9.836,17.72,358.931,77.0,180.94,316.931
1575,Minneapolis,MN,44.9767179,-93.2483075,10075822408,4,3948,5895,947110802744477,3941826662539734,516552976141151,324314325873598,14.664,10.603,19.489,15.165,6.251,98.789,173.414,278.338
1576,Minneapolis,MN,44.9768479,-93.2481807,10075822402,3,3948,5895,947110802744477,930995834389732,516552976141151,324314325873598,5.602,10.426,11.771,6.982,6.251,90.141,173.414,278.338
1577,Minneapolis,MN,44.9768944,-93.2483757,10075822384,4,3948,5895,947110802744477,497498971690176,516552976141151,424860165577570,11.266,16.031,4.694,19.494,6.251,112.22,173.414,276.452
1578,Minneapolis,MN,44.9769316,-93.2333706,1699027167,3,3948,5895,198910056137790,772230481574657,1406370089920089,805399761253186,14.937,8.713,6.203,6.203,305.0,139.0,157.0,262.0
1579,Minneapolis,MN,44.9769384,-93.2332561,1699027168,3,3948,5895,198910056137790,772230481574657,3947007372245978,991184565235649,8.063,16.76,7.135,7.135,305.0,139.0,176.0,281.0
1580,Minneapolis,MN,44.9770688,-93.2482321,10075822392,4,3948,5895,3154927254736290,3154927254736290,301811528265961,333183354900515,9.82,9.82,1.906,1.846,30.21,30.21,210.061,253.506
1581,Minneapolis,MN,44.9771401,-93.2478133,1721342273,3,3948,5895,480521506368931,1008714786200085,2921058078148377,148098613958764,9.592,10.423,20.592,20.858,5.291,45.125,205.38,212.187
1582,Minneapolis,MN,44.9771806,-93.2479098,10075822403,4,3948,5895,480521506368931,1008714786200085,2921058078148377,3010971592469458,0.989,2.895,11.784,12.626,5.291,45.125,205.38,213.764
1583,Minneapolis,MN,44.9772917,-93.2475525,1721342302,3,3948,5895,134557375396810,938147130357041,318342476369037,180088467350858,25.447,24.555,31.839,31.379,355.781,30.57,187.511,327.37
1584,Minneapolis,MN,44.9774325,-93.2477149,10075822404,3,3948,5895,134557375396810,311596850524449,318342476369037,3944226542358465,5.656,28.255,13.421,21.318,355.781,93.586,187.511,283.045
1585,Minneapolis,MN,44.97746,-93.2479477,6778467040,4,3948,5895,134557375396810,311596850524449,774177956589011,324027555762755,13.235,14.752,2.504,14.666,355.781,93.586,180.0,277.178
1586,Minneapolis,MN,44.9776373,-93.2513341,6778467009,3,3948,5895,834083633857645,576864709948842,221326196423305,197023795601080,11.832,12.117,12.441,14.794,23.83,119.12,124.98,301.016
1587,Minneapolis,MN,44.9776424,-93.251376,6859058694,3,3948,5895,834083633857645,1287571694970760,221326196423305,197023795601080,8.99,19.717,13.391,15.982,23.83,94.342,124.98,301.016
1588,Minneapolis,MN,44.977692,-93.2360187,1537716983,3,3948,5895,865895311576338,567124540931897,1072129047430067,1715134898949419,2.774,17.425,6.184,6.184,358.93,93.401,202.0,307.0
1589,Minneapolis,MN,44.9777507,-93.2323983,2440006003,4,3948,5895,312002551355563,787683545454478,730079885093749,1796619414128101,27.033,4.463,5.982,27.357,0.0,118.534,120.0,270.0
1590,Minneapolis,MN,44.9777523,-93.2515726,944734780,5,3948,5895,780463456194137,627581208219885,212516217141942,455019292235375,11.015,12.722,13.476,15.527,23.126,128.441,132.513,312.023
1591,Minneapolis,MN,44.9777569,-93.2362581,1538372164,3,3948,5895,4269043213127051,167125711920211,1346470152894694,2837039553227881,3.366,12.111,8.36,7.101,21.175,91.871,191.0,279.849
1592,Minneapolis,MN,44.9778474,-93.2517477,2317829072,3,3948,5895,472103010514914,335940981206971,373913257356604,289621156163142,16.239,15.276,14.41,16.871,313.557,127.301,135.253,310.629
1593,Minneapolis,MN,44.9778809,-93.2322622,4343818194,4,3948,5895,312002551355563,956809568743185,583193510659658,1796619414128101,28.799,6.502,7.057,28.893,0.0,118.0,120.804,270.0
1594,Minneapolis,MN,44.9778883,-93.2361764,246708312,4,3948,5895,500314997949748,167125711920211,1346470152894694,177049787636821,11.37,6.381,9.828,8.718,20.322,91.871,191.0,261.792
1595,Minneapolis,MN,44.9779293,-93.2387356,10570817470,4,3948,5895,483680139508258,2926546864282829,274251764402167,498799381315346,22.005,18.196,10.57,18.574,344.469,97.008,190.167,275.665
1596,Minneapolis,MN,44.9779473,-93.2356558,1538482920,3,3948,5895,704821317728178,468221950911338,1834008686783864,303180892120441,12.16,13.696,30.125,29.078,22.93,57.705,183.891,300.54
1597,Minneapolis,MN,44.977952,-93.251936,2317829084,3,3948,5895,374774713916580,493044968679158,203843121580901,922289451941233,17.648,15.308,14.956,18.371,311.75,125.87,131.181,300.892
1598,Minneapolis,MN,44.9779816,-93.2321828,4343818206,3,3948,5895,1309885693289099,956809568743185,583193510659658,1796619414128101,34.53,18.977,19.689,34.674,0.0,118.0,120.804,270.0
1599,Minneapolis,MN,44.9780181,-93.2386476,3235284599,4,3948,5895,2924214974533735,249984146918307,2891578987733467,498799381315346,31.673,28.324,3.959,28.219,344.358,97.008,168.124,275.665
1600,Minneapolis,MN,44.9786927,-93.2399177,1970736441,3,3948,5895,309974360532926,290217599514894,201440771798656,534784884184259,26.601,21.542,11.769,27.942,52.149,98.613,160.82,228.116
1601,Minneapolis,MN,44.9788313,-93.2380039,13138829364,3,3948,5895,622611703167112,850841922135156,476025826959251,570854675067664,17.847,28.908,16.885,17.847,356.0,97.608,170.172,251.0
1602,Minneapolis,MN,44.9788361,-93.2351081,1537684442,4,3948,5895,1017499049490437,775618219803853,3777596462362896,504073724116194,9.315,5.17,17.407,18.245,358.929,93.237,185.77,224.721
1603,Minneapolis,MN,44.9789743,-93.2377252,10993919971,3,3948,5895,806349341028209,254248029791869,3641314986094522,995450691797355,1.815,8.671,5.92,5.607,2.911,88.975,178.664,249.0
1604,Minneapolis,MN,44.9791049,-93.2376552,1701942989,3,3948,5895,954023155818466,254248029791869,3641314986094522,680865850572035,10.86,7.833,16.803,10.86,346.0,88.975,178.664,241.0
1605,Minneapolis,MN,44.9794221,-93.2365611,1537684437,4,3948,5895,1349992539890497,209322818326117,1989480305149456,509477930101628,26.097,5.63,11.138,26.493,39.989,118.0,150.079,269.871
1606,Minneapolis,MN,44.9794781,-93.2361979,1848637094,3,3948,5895,1349992539890497,529151805858980,1508653383914650,311433027092955,26.191,12.501,7.845,24.668,39.989,121.0,150.079,264.631
1607,Minneapolis,MN,44.9795409,-93.2361741,1848637087,3,3948,5895,1350614199820565,529151805858980,1508653383914650,311433027092955,24.361,19.725,15.046,18.291,30.951,121.0,150.079,264.631
1608,Minneapolis,MN,44.9796478,-93.236615,9898139597,4,3948,5895,1349992539890497,1275224100833433,1111337672691146,252794056631945,13.85,7.486,4.054,1.594,39.989,90.306,225.004,265.566
1609,Minneapolis,MN,44.979653,-93.2363248,10993899508,3,3948,5895,1350614199820565,634001842375239,1496966091330966,1124120117998987,7.207,13.21,20.191,4.56,30.951,71.109,150.079,271.748
1610,Minneapolis,MN,44.9799151,-93.2346126,6807727477,4,3948,5895,2144313845704007,1327921757819871,681905370430738,315711686601914,7.173,6.476,6.476,7.531,359.0,110.0,215.0,257.896
1611,Minneapolis,MN,44.9799976,-93.2341929,6807727470,4,3948,5895,1855756054916850,648731437387945,198992349461621,170989441614434,9.423,5.399,14.204,9.355,2.928,39.928,214.388,266.215
1612,Minneapolis,MN,44.9800859,-93.2344772,6807727466,3,3948,5895,1855756054916850,618871263692671,808661150699496,690657649978401,20.786,3.064,3.064,7.926,2.928,110.0,215.0,271.896
1613,Minneapolis,MN,44.9801058,-93.2344316,6807727469,3,3948,5895,1855756054916850,618871263692671,808661150699496,690657649978401,20.304,2.442,2.442,11.238,2.928,110.0,215.0,271.896
1614,Minneapolis,MN,44.9648491,-93.2204731,2415479674,4,3949,5895,5889087731109260,241142784431912,291581309334501,963123857758985,18.183,22.027,23.044,12.31,35.0,109.528,121.87,296.587
1615,Minneapolis,MN,44.9648514,-93.2207758,2415479673,3,3949,5895,318077483061166,318077483061166,373297490754631,2930282813884393,5.423,5.423,13.494,6.663,49.0,49.0,133.0,278.034
1616,Minneapolis,MN,44.9648695,-93.2208184,6763975471,4,3949,5895,318077483061166,823396498584810,373297490754631,339785747481893,7.739,8.376,12.693,5.976,49.0,56.0,133.0,291.95
1617,Minneapolis,MN,44.9649068,-93.2205897,13339621855,3,3949,5895,5889087731109260,225971705791213,1285306669387123,583431965962229,9.894,8.276,22.309,14.497,35.0,53.0,208.357,287.055
1618,Minneapolis,MN,44.9649075,-93.2204747,12282132116,3,3949,5895,5889087731109260,5889087731109260,24485669164396514,583431965962229,12.635,12.635,29.195,19.361,35.0,35.0,199.464,287.055
1619,Minneapolis,MN,44.9649816,-93.2209826,2415479683,3,3949,5895,1169324297806175,478318980116538,743447905526367,743447905526367,12.87,14.517,3.866,3.866,337.609,57.0,229.963,229.963
1620,Minneapolis,MN,44.9650779,-93.2207703,2415479687,4,3949,5895,613332719624624,613332719624624,1285306669387123,790997933292985,9.643,9.643,4.366,3.248,36.0,36.0,208.357,216.347
1621,Minneapolis,MN,44.9651693,-93.2204819,2415479693,4,3949,5895,489389392341713,309280000931187,1125226249714014,790997933292985,1.644,15.507,13.849,24.092,4.0,34.0,192.457,216.347
1622,Minneapolis,MN,44.9651708,-93.2205933,608969873,3,3949,5895,292806492558294,613332719624624,1125226249714014,790997933292985,1.444,14.9,5.154,17.363,7.0,36.0,192.457,216.347
1623,Minneapolis,MN,44.9651889,-93.220666,12282147738,4,3949,5895,292806492558294,613332719624624,1125226249714014,790997933292985,7.049,16.056,1.099,15.967,7.0,36.0,192.457,216.347
1624,Minneapolis,MN,44.9652625,-93.2204808,2415479703,4,3949,5895,518699612492711,309280000931187,1957857171677554,790997933292985,3.497,25.564,12.686,30.862,1.0,34.0,186.712,216.347
1625,Minneapolis,MN,44.9653936,-93.2219413,2625549216,3,3949,5895,310889707145742,233468795213657,806313669988406,1877732506101694,4.772,6.075,5.889,1.994,304.58,123.01,125.43,298.163
1626,Minneapolis,MN,44.9654147,-93.2147502,11208064250,3,3949,5895,298090011763589,482135829771290,883273228888339,896194560941841,10.954,19.056,28.755,14.14,355.939,109.276,125.854,324.408
1627,Minneapolis,MN,44.9654167,-93.2150312,11210934967,3,3949,5895,298090011763589,466703771274499,313881166928326,2882340465380004,11.879,29.374,28.369,18.064,355.939,107.29,187.355,263.803
1628,Minneapolis,MN,44.9654361,-93.2150238,11210934966,3,3949,5895,298090011763589,466703771274499,313881166928326,2882340465380004,12.062,27.54,26.281,16.488,355.939,107.29,187.355,263.803
1629,Minneapolis,MN,44.965548,-93.2151432,11210934970,3,3949,5895,135882865240291,883273228888339,313881166928326,2882340465380004,10.561,22.641,15.084,1.505,311.312,125.854,187.355,263.803
1630,Minneapolis,MN,44.9655547,-93.2149212,11210934968,3,3949,5895,304614814542082,466703771274499,313881166928326,135882865240291,8.122,14.0,17.02,8.095,316.592,107.29,187.355,311.312
1631,Minneapolis,MN,44.965569,-93.2151692,11090129071,3,3949,5895,135882865240291,883273228888339,313881166928326,2882340465380004,13.262,23.408,14.124,2.682,311.312,125.854,187.355,263.803
1632,Minneapolis,MN,44.9655783,-93.2148909,11210934969,3,3949,5895,298090011763589,466703771274499,313881166928326,2882340465380004,20.94,11.108,16.949,19.469,355.939,107.29,187.355,263.803
1633,Minneapolis,MN,44.9656721,-93.2229863,2415479718,3,3949,5895,817632092087288,1783036181878363,1783036181878363,817632092087288,15.201,7.183,7.183,15.201,305.45,133.96,133.96,305.45
1634,Minneapolis,MN,44.9658259,-93.2228076,2415479723,3,3949,5895,747250409297068,539569950762735,539569950762735,747250409297068,2.075,6.258,6.258,2.075,311.422,133.72,133.72,311.422
1635,Minneapolis,MN,44.9659393,-93.2150594,11210935006,4,3949,5895,472457427367331,188139293162986,188139293162986,1825036514335987,16.03,7.822,7.822,7.238,27.29,133.759,133.759,287.301
1636,Minneapolis,MN,44.9659429,-93.2153623,11090129067,4,3949,5895,472457427367331,147198910713645,147198910713645,1825036514335987,22.014,9.875,9.875,17.04,27.29,125.058,125.058,287.301
1637,Minneapolis,MN,44.9660073,-93.2230402,2415479730,3,3949,5895,3871671476287536,453333225954665,390270945885316,3871671476287536,4.92,8.376,8.116,4.92,315.652,134.72,136.22,315.652
1638,Minneapolis,MN,44.9662473,-93.2234138,1716439503,3,3949,5895,249004507008990,475449903746611,475449903746611,249004507008990,3.298,4.575,4.575,3.298,315.72,136.3,136.3,315.72
1639,Minneapolis,MN,44.9667253,-93.2186137,925864002,3,3949,5895,1293489099343506,179120250761011,1132969490542092,1268811674681105,13.106,31.576,31.705,20.466,333.512,118.663,123.726,269.012
1640,Minneapolis,MN,44.9671899,-93.2247342,11385686533,3,3949,5895,766104317427196,310476430525029,310476430525029,766104317427196,0.442,3.639,3.639,0.442,316.284,137.13,137.13,316.284
1641,Minneapolis,MN,44.9672365,-93.2247494,11988965423,3,3949,5895,766104317427196,577009123262626,577009123262626,968132957274933,5.519,6.962,6.962,5.332,316.284,136.8,136.8,315.52
1642,Minneapolis,MN,44.9672817,-93.2245669,11423239632,4,3949,5895,766104317427196,2658473221122186,157404789725866,766104317427196,16.374,12.486,12.158,16.374,316.284,132.07,135.3,316.284
1643,Minneapolis,MN,44.9673498,-93.2244434,11385686535,3,3949,5895,766104317427196,157404789725866,157404789725866,9905762809536935,28.691,1.607,1.607,28.83,316.284,135.3,135.3,315.558
1644,Minneapolis,MN,44.9676389,-93.225625,1943750565,3,3949,5895,373572327404381,1071583100262479,1071583100262479,373572327404381,12.666,7.353,7.353,12.666,317.07,136.24,136.24,317.07
1645,Minneapolis,MN,44.9678863,-93.2256183,11385900257,3,3949,5895,4305039102847702,1182022115596858,1182022115596858,500848251351970,5.906,7.313,7.313,5.634,317.454,136.28,136.28,316.25
1646,Minneapolis,MN,44.9679059,-93.2256,11385900261,3,3949,5895,4305039102847702,1182022115596858,1182022115596858,500848251351970,7.967,9.924,9.924,8.219,317.454,136.28,136.28,316.25
1647,Minneapolis,MN,44.9679137,-93.2252144,11385900260,4,3949,5895,1229044781492722,802217507166862,802217507166862,1229044781492722,28.169,32.124,32.124,28.169,315.764,134.97,134.97,315.764
1648,Minneapolis,MN,44.9679195,-93.2259814,8450512133,3,3949,5895,314108683639833,274778544382623,274778544382623,967676350707656,11.673,8.976,8.976,11.902,316.57,136.16,136.16,315.29
1649,Minneapolis,MN,44.9680014,-93.2258033,11423239626,3,3949,5895,1122434908252779,770675046972145,1158699194573065,1122434908252779,1.113,5.548,5.615,1.113,314.635,136.28,140.452,314.635
1650,Minneapolis,MN,44.9680281,-93.2258011,11423239623,3,3949,5895,1416902549467494,770675046972145,1158699194573065,1416902549467494,3.031,7.513,8.447,3.031,314.223,136.28,140.452,314.223
1651,Minneapolis,MN,44.9681555,-93.2085748,3229245838,3,3949,5895,3929588167076167,1378438292542868,296761665336893,461268371842878,28.89,6.602,14.506,22.928,22.565,120.56,162.634,279.055
1652,Minneapolis,MN,44.9682288,-93.2088656,3229245840,3,3949,5895,968611317232676,136210771874015,136210771874015,461268371842878,33.081,10.603,10.603,33.223,30.207,120.633,120.633,279.055
1653,Minneapolis,MN,44.9682452,-93.2085027,3229245841,3,3949,5895,336312654512029,1093569094469025,296761665336893,461268371842878,17.603,3.451,7.032,11.84,25.915,123.394,162.634,279.055
1654,Minneapolis,MN,44.9683069,-93.2090632,2367767624,3,3949,5895,185561463437080,166018075452813,166018075452813,4019671804964811,31.293,10.177,10.177,31.57,9.136,121.295,121.295,296.87
1655,Minneapolis,MN,44.9683442,-93.2090724,3229245844,3,3949,5895,185561463437080,166018075452813,166018075452813,4019671804964811,27.547,7.576,7.576,28.074,9.136,121.295,121.295,296.87
1656,Minneapolis,MN,44.9684116,-93.208368,3229245848,3,3949,5895,336312654512029,1213594429100031,296761665336893,24484703464530811,6.207,10.099,21.225,5.975,25.915,30.532,162.634,299.149
1657,Minneapolis,MN,44.9684528,-93.2263843,11423239624,4,3949,5895,2419449665097743,312206487241800,312206487241800,2419449665097743,3.943,7.732,7.732,3.943,316.37,134.63,134.63,316.37
1658,Minneapolis,MN,44.9685976,-93.2084812,2393475789,4,3949,5895,968611317232676,968611317232676,849622319100360,1113565200974223,18.496,18.496,29.247,19.066,30.207,30.207,223.093,298.215
1659,Minneapolis,MN,44.9685992,-93.2088489,3229245852,3,3949,5895,185561463437080,945737986592994,213294797833476,4019671804964811,8.844,21.337,23.218,6.056,9.136,119.0,120.0,296.87
1660,Minneapolis,MN,44.968646,-93.2089675,2367767629,4,3949,5895,185561463437080,497252658137682,161651022489848,756997483979963,7.585,10.662,26.152,6.332,9.136,31.36,120.274,296.87
1661,Minneapolis,MN,44.968741,-93.2100334,2367767633,4,3949,5895,782888325705896,833068837321716,833068837321716,1500659047729020,32.288,7.667,7.667,24.414,21.02,122.466,122.466,298.704
1662,Minneapolis,MN,44.9687663,-93.2271733,1943750574,3,3949,5895,4180654135491358,2845929492288051,2845929492288051,1191504991314669,16.531,9.624,9.624,10.814,345.596,129.1,129.1,312.75
1663,Minneapolis,MN,44.9689118,-93.2270079,11423239625,4,3949,5895,4180654135491358,824343865154642,824343865154642,506633387179662,6.087,9.98,9.98,6.302,345.596,128.58,128.58,309.359
1664,Minneapolis,MN,44.9689404,-93.2274637,1943750575,3,3949,5895,1167801440349371,840488920009356,840488920009356,1167801440349371,10.589,9.079,9.079,10.589,308.36,128.57,128.57,308.36
1665,Minneapolis,MN,44.9690071,-93.2107078,2367767636,4,3949,5895,921598088401833,302930251323218,302930251323218,556701740833590,30.527,9.042,9.042,24.886,3.994,121.365,121.365,297.931
1666,Minneapolis,MN,44.9690403,-93.2272483,7360302636,3,3949,5895,1224435025783547,228233848638109,228233848638109,327197748771668,11.729,9.008,9.008,4.622,356.683,129.92,129.92,304.625
1667,Minneapolis,MN,44.9692734,-93.2105509,5721665656,4,3949,5895,1194016621034731,1194016621034731,225932853227342,556701740833590,9.024,9.024,22.851,7.23,33.591,33.591,120.0,297.931
1668,Minneapolis,MN,44.9692932,-93.2105343,1712167265,3,3949,5895,1194016621034731,1194016621034731,225932853227342,556701740833590,10.849,10.849,25.067,9.787,33.591,33.591,120.0,297.931
1669,Minneapolis,MN,44.9697303,-93.2286154,1688077551,3,3949,5895,310900593776750,375209033868504,375209033868504,289876429355325,7.034,8.054,8.054,7.866,310.147,120.11,120.11,294.914
1670,Minneapolis,MN,44.969799,-93.2126767,2393475801,3,3949,5895,1691562294891496,496252391806101,877169442833745,1936267563831852,33.708,4.728,11.594,27.841,342.259,119.065,120.813,295.747
1671,Minneapolis,MN,44.9698875,-93.2129002,2393475803,4,3949,5895,1711490779542338,831347137792409,2711468549102695,1447831166471056,34.444,7.227,7.176,29.512,2.327,118.795,198.472,266.572
1672,Minneapolis,MN,44.969992,-93.2297192,1943750585,3,3949,5895,1825977387562601,933337217467016,1207172439715086,742922453050465,25.296,26.809,18.388,22.013,0.433,94.51,173.0,305.66
1673,Minneapolis,MN,44.9700208,-93.228703,1688077553,3,3949,5895,1189843411477789,1343783692662543,328728162022001,575363560095331,29.022,32.042,31.914,27.73,301.913,120.29,120.81,295.204
1674,Minneapolis,MN,44.9702005,-93.2296071,5357257157,3,3949,5895,838064627090102,339846624138024,523339035713413,1121791261660481,9.033,5.783,5.662,14.774,357.713,88.88,164.82,276.89
1675,Minneapolis,MN,44.9702012,-93.2128379,3229270271,3,3949,5895,927025671454403,205402974595346,2090970874763725,1447831166471056,10.67,9.571,9.858,7.494,22.224,32.914,212.47,266.572
1676,Minneapolis,MN,44.9702027,-93.2293803,7360302640,3,3949,5895,838064627090102,933337217467016,216726793320294,1172879143168211,8.811,12.218,12.97,12.465,357.713,94.51,175.833,313.509
1677,Minneapolis,MN,44.9702031,-93.2291145,1688077559,3,3949,5895,838064627090102,933337217467016,216726793320294,293299772266390,29.721,33.11,32.33,31.136,357.713,94.51,175.833,299.975
1678,Minneapolis,MN,44.9702456,-93.2122243,1712167464,3,3949,5895,24420673624268127,143435014479600,4234930306785181,779029058163503,25.047,27.853,29.308,32.796,27.103,35.696,210.977,298.053
1679,Minneapolis,MN,44.9703415,-93.2296164,10245913336,3,3949,5895,365072401708043,321106576044423,995933684530131,295271895469447,8.472,4.925,11.745,3.231,4.33,88.6,138.881,281.937
1680,Minneapolis,MN,44.9703419,-93.2294998,5357257168,3,3949,5895,365072401708043,321106576044423,178953237439110,333628534942482,3.982,10.003,16.929,4.141,4.33,88.6,163.584,306.2
1681,Minneapolis,MN,44.9703419,-93.2293532,10245913339,3,3949,5895,109500964551102,339846624138024,178953237439110,333628534942482,14.008,20.045,21.774,15.294,358.84,88.88,163.584,306.2
1682,Minneapolis,MN,44.970582,-93.2138248,2393476550,3,3949,5895,973743086767675,137767581630605,137767581630605,24602305269396810,20.107,21.119,21.119,6.465,49.167,122.514,122.514,299.341
1683,Minneapolis,MN,44.9706488,-93.2139919,2393476551,3,3949,5895,738321703472911,2793512080786727,2793512080786727,1760445544832871,23.041,15.305,15.305,5.472,23.121,120.0,120.0,299.341
1684,Minneapolis,MN,44.9708005,-93.2151783,4305358755,3,3949,5895,313824160326957,187418499913944,127804215989885,792524849989457,33.23,5.783,17.578,27.082,1.978,115.084,123.761,299.391
1685,Minneapolis,MN,44.9711525,-93.2151023,3229157546,3,3949,5895,313824160326957,1538888726609369,127804215989885,31353529624291849,9.126,25.355,31.241,10.725,1.978,117.0,123.761,298.263
1686,Minneapolis,MN,44.9713212,-93.2195466,1719691471,4,3949,5895,1142110654727150,1726021491400618,725872423805801,898922954297799,20.674,20.361,8.995,24.752,30.874,119.161,208.109,280.35
1687,Minneapolis,MN,44.971382,-93.2192415,2415479898,4,3949,5895,1142110654727150,1726021491400618,1471337897508539,898922954297799,22.728,27.223,10.379,27.579,30.874,119.161,208.109,280.35
1688,Minneapolis,MN,44.9714616,-93.2194477,1719691474,3,3949,5895,1142110654727150,1726021491400618,1471337897508539,898922954297799,4.896,8.76,8.107,10.184,30.874,119.161,208.109,280.35
1689,Minneapolis,MN,44.9717613,-93.2202474,1719691498,4,3949,5895,1632797261017159,1397190513971343,1150082693768533,228652785289793,12.508,8.223,8.046,12.108,57.7,82.6,155.053,251.12
1690,Minneapolis,MN,44.9718027,-93.2189132,4279240613,3,3949,5895,2504817333235513,2504817333235513,717043248026015,717043248026015,18.86,18.86,9.826,9.826,35.381,35.381,210.25,210.25
1691,Minneapolis,MN,44.9719121,-93.2230621,1712176335,3,3949,5895,476974453727955,810949076193832,937288700421936,503626380885472,6.775,6.62,9.497,8.961,9.272,83.282,181.293,273.517
1692,Minneapolis,MN,44.9719524,-93.2230067,1817826592,4,3949,5895,476974453727955,298091588516827,937288700421936,503626380885472,12.48,2.799,3.816,2.799,9.272,102.843,181.293,273.517
1693,Minneapolis,MN,44.9720133,-93.2187455,2415479904,4,3949,5895,1364556415050822,188465283147600,791027026955245,870214033576756,17.451,29.426,10.766,28.582,16.573,98.62,207.685,290.87
1694,Minneapolis,MN,44.9721032,-93.2150812,8561624035,3,3949,5895,987037228503396,282979146852486,295871432023764,285167593326687,23.291,16.44,23.262,33.4,14.284,77.978,121.819,270.0
1695,Minneapolis,MN,44.9721843,-93.2186067,2415479906,4,3949,5895,1364556415050822,3896528573799320,642002295335573,1500817990919123,22.73,6.47,10.763,13.114,16.573,122.243,211.389,269.349
1696,Minneapolis,MN,44.9722645,-93.2188068,2415479907,4,3949,5895,715685128221569,1203246206806065,1478626253452504,715685128221569,1.801,10.04,7.978,1.801,302.107,94.84,211.389,302.107
1697,Minneapolis,MN,44.9725499,-93.211254,12042000521,3,3949,5895,1846536739626934,1335852821525170,2030967984146391,4143219695930167,17.517,21.331,8.366,20.712,2.793,74.419,187.897,272.139
1698,Minneapolis,MN,44.9726064,-93.2099561,3248505856,3,3949,5895,1535926961103813,1374626170894290,1815662409048046,1119678523471327,3.625,7.201,8.836,4.596,8.199,72.309,200.275,275.29
1699,Minneapolis,MN,44.9726097,-93.2109063,1462032783,3,3949,5895,642204072291436,767976195846243,643746405134652,1142737444619613,11.894,2.879,15.061,2.516,46.949,84.675,202.954,274.488
1700,Minneapolis,MN,44.9726114,-93.2110272,2393475857,4,3949,5895,764132506466077,1335852821525170,643746405134652,4143219695930167,10.587,5.277,5.548,2.358,30.745,74.419,202.954,272.139
1701,Minneapolis,MN,44.9726723,-93.2107335,9898148686,3,3949,5895,642204072291436,681708840968667,643746405134652,2876609055860103,27.132,9.612,29.414,5.139,46.949,90.638,202.954,273.783
1702,Minneapolis,MN,44.9726761,-93.2099585,9898148675,4,3949,5895,1335607384691617,4189108577988754,1815662409048046,1119678523471327,1.164,14.664,1.702,5.509,4.417,85.811,200.275,275.29
1703,Minneapolis,MN,44.9726819,-93.2112553,2393476563,4,3949,5895,1098782398641017,1335852821525170,767885789198887,4143219695930167,25.89,24.384,14.968,19.55,15.183,74.419,188.927,272.139
1704,Minneapolis,MN,44.9726841,-93.2110434,12042000525,3,3949,5895,764132506466077,1335852821525170,643746405134652,4143219695930167,18.226,13.025,9.043,6.21,30.745,74.419,202.954,272.139
1705,Minneapolis,MN,44.9727021,-93.211032,2393476565,3,3949,5895,764132506466077,767976195846243,643746405134652,4143219695930167,20.33,17.13,11.232,7.946,30.745,84.675,202.954,272.139
1706,Minneapolis,MN,44.9727794,-93.2099406,6604195554,3,3949,5895,764323016403517,4079290385733499,1815662409048046,1119678523471327,5.493,9.232,10.921,16.658,10.665,84.542,200.275,275.29
1707,Minneapolis,MN,44.9728756,-93.21009,9898148683,4,3949,5895,764323016403517,4079290385733499,1815662409048046,1119678523471327,19.827,22.447,23.044,27.694,10.665,84.542,200.275,275.29
1708,Minneapolis,MN,44.973466,-93.2239782,1817826619,3,3949,5895,2905591186427364,2946732875654300,589896259069695,758927781489509,8.947,1.354,9.252,9.252,356.626,67.545,173.455,270.0
1709,Minneapolis,MN,44.9734925,-93.223995,1817826622,3,3949,5895,2905591186427364,2946732875654300,589896259069695,758927781489509,6.029,1.896,6.278,6.278,356.626,67.545,173.455,270.0
1710,Minneapolis,MN,44.973515,-93.2269808,12660014644,3,3949,5895,1671757747038892,936199977175372,579491224372377,1536020043597664,6.424,7.245,23.378,34.429,358.402,92.565,182.0,264.616
1711,Minneapolis,MN,44.9735277,-93.2236042,1817826621,4,3949,5895,943813359703490,557316225392932,1866261673548620,897711697751688,3.259,3.598,33.908,34.224,16.759,52.581,190.027,210.426
1712,Minneapolis,MN,44.9735683,-93.2286005,3229201126,4,3949,5895,138541669225233,1074159936408430,738863181349043,818930476422156,24.597,6.566,6.547,18.655,305.256,89.774,182.355,260.0
1713,Minneapolis,MN,44.9735726,-93.2272755,6876165342,3,3949,5895,876854526231997,219710002994039,579491224372377,1442123282806378,5.367,5.563,12.112,5.241,10.03,89.024,182.0,232.137
1714,Minneapolis,MN,44.9737286,-93.2240847,1817826628,3,3949,5895,322854769346571,223453819214879,1866261673548620,758927781489509,19.409,21.217,18.262,22.511,5.272,90.918,190.027,270.0
1715,Minneapolis,MN,44.9737651,-93.2269606,6876165336,4,3949,5895,469107279116455,936199977175372,1004202624070121,612867824504937,5.734,20.633,19.043,6.404,0.675,92.565,181.336,321.752
1716,Minneapolis,MN,44.9738026,-93.2272571,7206433261,3,3949,5895,9301090706666225,831765394935670,794314028845556,1536020043597664,15.34,11.454,3.283,7.284,359.177,121.0,177.0,264.616
1717,Minneapolis,MN,44.9738055,-93.2288203,1896492750,4,3949,5895,138541669225233,477406096676296,302176658043116,870414963511377,30.3,22.291,5.111,6.426,305.256,93.343,184.357,270.653
1718,Minneapolis,MN,44.973842,-93.2282424,7206433246,3,3949,5895,138541669225233,232829089067070,271841615558992,307741991676960,18.164,20.299,11.14,7.477,305.256,90.0,171.0,271.094
1719,Minneapolis,MN,44.9738433,-93.228591,1896492760,3,3949,5895,138541669225233,232829089067070,691192949701356,978015330288545,15.111,11.165,0.882,5.186,305.256,90.0,189.0,264.0
1720,Minneapolis,MN,44.9738926,-93.2287964,3229201283,4,3949,5895,473880090584323,232829089067070,324933462483864,870414963511377,32.358,27.722,2.998,16.11,21.455,90.0,178.738,270.653
1721,Minneapolis,MN,44.9742381,-93.2238721,3229158849,3,3949,5895,318918039583010,138821558233280,374328250661017,318918039583010,11.661,8.413,16.625,11.661,301.351,112.118,122.722,301.351
1722,Minneapolis,MN,44.974273,-93.2230795,4305358773,3,3949,5895,218326839812873,1393452344755670,3730642490396967,1124789178000190,25.208,22.022,24.846,33.768,14.345,118.0,120.871,292.999
1723,Minneapolis,MN,44.9742976,-93.2231384,13527474961,3,3949,5895,218326839812873,1393452344755670,3730642490396967,1124789178000190,20.047,22.797,25.969,33.134,14.345,118.0,120.871,292.999
1724,Minneapolis,MN,44.9743407,-93.2269734,10985361548,4,3949,5895,591491796932070,1308682020165050,310872931325535,568004276215365,6.176,12.045,18.579,32.932,0.855,75.362,180.889,229.986
1725,Minneapolis,MN,44.9744946,-93.2236317,1894151194,4,3949,5895,820073592268030,700247335131352,374328250661017,318918039583010,23.787,21.549,26.986,25.554,20.646,118.0,122.722,301.351
1726,Minneapolis,MN,44.9746301,-93.2288045,3229201286,4,3949,5895,871733696711758,777134723162897,526379295044351,2941878022736611,14.135,33.619,28.282,29.734,354.026,110.294,186.661,286.852
1727,Minneapolis,MN,44.9746606,-93.2269721,10985361546,3,3949,5895,661004350001609,1527480507969203,527511075324099,1127910871040129,9.376,1.961,17.464,12.678,0.877,74.967,180.0,217.19
1728,Minneapolis,MN,44.9747445,-93.2272353,7206433267,4,3949,5895,985095070069524,613387337447335,837374790908448,738628611323467,11.639,11.607,6.067,13.127,4.787,92.0,187.914,210.151
1729,Minneapolis,MN,44.9747823,-93.2286367,7206433248,3,3949,5895,176138187744659,527386621763493,1051398858721068,2941878022736611,1.131,20.099,21.66,11.508,0.0,32.669,213.119,286.852
1730,Minneapolis,MN,44.9748936,-93.2274938,12975177091,3,3949,5895,528792740074938,613387337447335,199667188648522,824129621847222,33.147,28.138,2.526,13.832,9.256,92.0,191.354,256.817
1731,Minneapolis,MN,44.9749065,-93.2286326,3229201298,4,3949,5895,774777870066112,527386621763493,1051398858721068,2941878022736611,6.865,7.693,32.114,4.437,0.765,32.669,213.119,286.852
1732,Minneapolis,MN,44.9749191,-93.2205683,10089193705,3,3949,5895,509170033598075,169286078353233,374772060605307,300748998355065,32.174,30.843,30.961,32.296,349.875,71.216,181.595,313.868
1733,Minneapolis,MN,44.9749544,-93.220541,1904307674,3,3949,5895,509170033598075,187040106633156,374772060605307,1349741385396868,28.825,24.968,27.388,30.784,349.875,116.863,181.595,296.522
1734,Minneapolis,MN,44.9750271,-93.2201445,1894114739,3,3949,5895,509170033598075,169286078353233,374772060605307,300748998355065,3.624,4.878,6.057,4.327,349.875,71.216,181.595,313.868
1735,Minneapolis,MN,44.9750635,-93.2201206,301299025,3,3949,5895,509170033598075,169286078353233,374772060605307,300748998355065,6.647,7.939,7.875,6.412,349.875,71.216,181.595,313.868
1736,Minneapolis,MN,44.975071,-93.2202539,1904307686,4,3949,5895,5477595262314734,169286078353233,374772060605307,300748998355065,4.83,6.239,4.085,5.647,13.94,71.216,181.595,313.868
1737,Minneapolis,MN,44.9751197,-93.2202234,1894114741,4,3949,5895,880553609167722,468152334475661,374772060605307,470180274288164,4.449,4.308,8.322,3.183,336.301,126.686,181.595,304.295
1738,Minneapolis,MN,44.97515,-93.2270247,7206433266,4,3949,5895,1738624080196665,3439747329624507,1016799212691682,144358901042487,11.861,4.259,4.804,5.983,27.551,105.0,204.529,272.919
1739,Minneapolis,MN,44.9752129,-93.2269783,7206433264,3,3949,5895,2385968718441862,3439747329624507,227504950160977,144358901042487,12.263,6.459,4.072,1.922,28.342,105.0,207.635,272.919
1740,Minneapolis,MN,44.9752541,-93.2199164,301299026,3,3949,5895,880553609167722,169286078353233,374772060605307,470180274288164,27.286,34.117,33.175,27.606,336.301,71.216,181.595,304.295
1741,Minneapolis,MN,44.9754761,-93.2268283,7206433253,4,3949,5895,1083244650254974,280328461288179,191605060589643,1715712122220290,15.258,15.147,5.78,8.082,27.721,89.0,181.598,239.622
1742,Minneapolis,MN,44.9756774,-93.2266668,10847853104,3,3949,5895,1761811138088837,321443962819700,451788287124692,3406216099616741,13.831,9.24,18.212,23.181,26.139,97.89,171.217,217.428
1743,Minneapolis,MN,44.9757628,-93.2214247,12804242006,3,3949,5895,1144495399347971,529056514922641,193177395989471,1144495399347971,16.668,21.988,21.569,16.668,300.053,118.399,121.14,300.053
1744,Minneapolis,MN,44.9758054,-93.222184,1904307731,3,3949,5895,1452495705098432,492320222079567,822980584989201,1164859503981795,8.218,6.262,20.32,10.077,332.518,101.077,121.641,305.253
1745,Minneapolis,MN,44.975847,-93.2221493,5131922916,4,3949,5895,1452495705098432,797351620758371,822980584989201,1164859503981795,2.935,1.989,19.916,6.965,332.518,118.019,121.641,305.253
1746,Minneapolis,MN,44.9760285,-93.2220502,5131922913,4,3949,5895,470116864048510,296372732126237,822980584989201,1164859503981795,7.48,7.869,32.492,21.614,30.114,39.431,121.641,305.253
1747,Minneapolis,MN,44.9771543,-93.221526,1894151403,4,3949,5895,326184402228577,505176697339566,1480197145705731,295714395585359,23.237,22.375,33.262,25.414,29.875,37.684,222.632,274.164
1748,Minneapolis,MN,44.9773286,-93.2210477,11064234349,3,3949,5895,3694644983973494,2971789046479495,1622646077934911,842489756613280,1.842,14.879,12.53,15.315,25.456,30.614,202.391,256.842
1749,Minneapolis,MN,44.9773346,-93.2208793,3416880995,3,3949,5895,1446111099079673,2971789046479495,1622646077934911,842489756613280,13.663,15.702,24.364,28.575,27.719,30.614,202.391,256.842
1750,Minneapolis,MN,44.9775623,-93.2211685,13233472644,3,3949,5895,173256531274866,2971789046479495,475530520222949,475530520222949,18.877,18.789,8.119,8.119,29.249,30.614,210.346,210.346
1751,Minneapolis,MN,44.9777014,-93.2210545,13233472618,3,3949,5895,943931036381855,323950655758562,748215142518568,475530520222949,18.852,21.914,7.631,19.067,28.102,31.094,201.731,210.346
1752,Minneapolis,MN,44.9778519,-93.2204667,3416881002,3,3949,5895,3953258134727181,252211050019331,292968399161024,956568851757659,13.726,13.757,26.123,26.002,29.721,30.355,208.315,210.558
1753,Minneapolis,MN,44.9780191,-93.210355,33363038,3,3949,5895,1347210365874993,3597814703657546,804641659159685,1405813323852036,6.048,3.426,4.872,5.114,300.169,119.32,157.355,299.126
1754,Minneapolis,MN,44.9782006,-93.2102163,1925655157,3,3949,5895,1347210365874993,3597814703657546,804641659159685,1347210365874993,18.259,26.315,25.088,18.259,300.169,119.32,157.355,300.169
1755,Minneapolis,MN,44.9782192,-93.2108577,375477545,3,3949,5895,659586399191006,311997483887138,3469401836562461,1096992202541331,5.748,3.998,5.588,2.623,300.483,118.47,158.049,299.126
1756,Minneapolis,MN,44.9787193,-93.2119827,2477186988,3,3949,5895,923667632035246,2829697970677767,1263451097691994,923667632035246,2.716,3.908,2.716,2.716,306.0,133.8,201.0,306.0
1757,Minneapolis,MN,44.9788909,-93.2117709,2477186991,3,3949,5895,1424839264748092,566432570987394,1871710687093881,1424839264748092,18.545,28.173,26.793,18.545,309.167,132.89,168.13,309.167
1758,Minneapolis,MN,44.9794078,-93.2132547,1925655448,3,3949,5895,960978528488811,1077762502717058,1142163514686284,142295025539873,26.18,24.495,26.22,26.18,329.0,149.07,186.2,224.0
1759,Minneapolis,MN,44.9794573,-93.2128779,2477187008,3,3949,5895,1308908957601486,528607741485537,1336291124103676,1308908957601486,4.489,4.174,1.824,4.489,326.727,148.02,186.2,326.727
1760,Minneapolis,MN,44.9794951,-93.2130472,11422117089,4,3949,5895,1951376942317871,1077762502717058,1142163514686284,142295025539873,14.241,6.055,7.234,15.017,327.982,149.07,186.2,224.0
1761,Minneapolis,MN,44.9795375,-93.2129462,1925655476,3,3949,5895,258860463623301,1077762502717058,1142163514686284,258860463623301,5.586,4.841,2.027,5.586,327.995,149.07,186.2,327.995
1762,Minneapolis,MN,44.9795755,-93.2126556,2477187018,3,3949,5895,651433189913680,528607741485537,1336291124103676,651433189913680,16.462,25.934,23.561,16.462,327.338,148.02,186.2,327.338
1763,Minneapolis,MN,44.9798292,-93.2131954,2477187029,3,3949,5895,988635979138207,494138411788313,1433716694361940,988635979138207,5.384,4.216,3.298,5.384,328.475,149.33,186.897,328.475
1764,Minneapolis,MN,44.9799379,-93.2129491,2477187037,3,3949,5895,988635979138207,494138411788313,1433716694361940,988635979138207,18.358,26.642,25.043,18.358,328.475,149.33,186.897,328.475
1766,Minneapolis,MN,44.965554,-93.1974117,1533062840,3,3950,5895,223503549200396,1120242948923377,708589971135433,1324184054846594,8.834,12.46,3.763,3.763,359.7,70.536,184.0,289.0
1767,Minneapolis,MN,44.9655823,-93.1980096,1829053337,4,3950,5895,867064237588029,314261813489364,310376204071138,867064237588029,10.548,4.13,4.394,10.548,303.066,122.76,124.52,303.066
1769,Minneapolis,MN,44.9658225,-93.2027504,5656645788,3,3950,5895,515365816303942,804905363500178,1450833070070958,1450833070070958,27.451,4.667,1.306,1.306,304.476,119.77,232.452,232.452
1770,Minneapolis,MN,44.9658409,-93.2027966,3229245798,3,3950,5895,515365816303942,804905363500178,1450833070070958,1450833070070958,26.664,4.463,5.456,5.456,304.476,119.77,232.452,232.452
1771,Minneapolis,MN,44.9658458,-93.1985942,1829053339,4,3950,5895,587407516424126,277080324178628,277080324178628,587407516424126,10.812,4.799,4.799,10.812,301.923,121.94,121.94,301.923
1772,Minneapolis,MN,44.9659325,-93.1890218,6267169370,3,3950,5895,515224906177586,299119288499272,521400482371587,841044645278129,1.026,20.601,2.249,4.401,0.31,111.84,179.85,232.615
1773,Minneapolis,MN,44.966089,-93.1884627,6267169372,3,3950,5895,1951203575659929,461129064949408,1561719351563174,898922063042231,0.232,1.508,2.954,1.069,319.585,90.58,221.856,267.458
1774,Minneapolis,MN,44.9660902,-93.1889046,13308220724,3,3950,5895,510028563458923,626752591923393,153527037265685,1211049523050118,3.972,0.441,1.132,0.226,7.23,121.205,180.0,273.112
1775,Minneapolis,MN,44.9661037,-93.2034558,2367767606,4,3950,5895,1407618016281139,778450349705849,530030831322145,1407618016281139,24.477,2.947,5.399,24.477,300.06,119.35,120.02,300.06
1776,Minneapolis,MN,44.9661992,-93.2028115,3229245805,3,3950,5895,515365816303942,855981455456763,1852397232349423,1520690372442859,19.142,20.414,10.143,4.964,304.476,125.0,189.688,273.147
1777,Minneapolis,MN,44.9662219,-93.1998011,187850325,3,3950,5895,462482512055727,306474424271062,1366127647366758,462482512055727,25.304,20.318,27.414,25.304,301.908,121.91,153.652,301.908
1779,Minneapolis,MN,44.966419,-93.1998986,1829053362,4,3950,5895,3222971674617579,327953835351291,327953835351291,3222971674617579,11.221,5.892,5.892,11.221,302.527,122.55,122.55,302.527
1781,Minneapolis,MN,44.9665481,-93.1974809,13430808754,3,3950,5895,1049365472137052,948568797661023,1474202367133864,1693169234461602,6.832,13.898,13.015,9.608,352.45,126.305,165.718,242.0
1782,Minneapolis,MN,44.9665933,-93.1994198,8034561603,3,3950,5895,552382012420369,409083955341476,459702783249769,552382012420369,23.605,21.223,20.145,23.605,300.67,137.998,177.617,300.67
1783,Minneapolis,MN,44.9667059,-93.1975606,1533062735,3,3950,5895,524648928539511,1496022002180343,1800243787242631,2075707616093804,6.033,12.98,12.191,8.65,351.44,123.247,161.61,237.0
1784,Minneapolis,MN,44.9667318,-93.2050713,12108696211,3,3950,5895,888374531718249,3049003202003945,728318068716360,1100022580506830,5.941,4.592,10.913,28.676,36.24,90.2,126.0,302.18
1785,Minneapolis,MN,44.9668159,-93.2049398,12108696214,3,3950,5895,888374531718249,208246905106280,582865719880837,1100022580506830,15.678,2.364,8.107,15.909,36.24,114.0,124.0,302.18
1786,Minneapolis,MN,44.9668241,-93.2053136,5605143782,3,3950,5895,888374531718249,155881330559420,728318068716360,317108273109778,15.951,11.368,17.21,30.161,36.24,118.0,126.0,300.023
1787,Minneapolis,MN,44.9669269,-93.19767,1878516027,4,3950,5895,1313936816220491,2453499725096719,747740284758420,1020955079343238,6.632,13.038,12.116,6.632,344.0,123.247,161.61,239.0
1788,Minneapolis,MN,44.9669972,-93.2047955,12108696221,3,3950,5895,1100022580506830,208246905106280,582865719880837,1111172784559505,8.586,25.171,26.94,6.106,302.18,114.0,124.0,299.405
1789,Minneapolis,MN,44.967014,-93.2012936,1829053378,3,3950,5895,593221782513723,929469696717782,474228143647330,148275637811994,13.198,8.802,8.679,12.986,309.432,69.86,122.48,305.995
1790,Minneapolis,MN,44.967094,-93.1926113,13308220751,3,3950,5895,1127127656177429,754528504089163,1600891604404777,874857489911715,13.145,12.39,14.645,9.271,10.454,92.759,236.108,270.252
1791,Minneapolis,MN,44.9671938,-93.2061878,2367767617,4,3950,5895,284417696675137,393939251724179,495263791621557,284417696675137,27.625,7.324,13.775,27.625,301.174,118.773,123.591,301.174
1792,Minneapolis,MN,44.9672535,-93.2063363,3229245814,3,3950,5895,284417696675137,495263791621557,495263791621557,493519332090327,29.537,4.671,4.671,28.229,301.174,123.591,123.591,299.521
1793,Minneapolis,MN,44.9673708,-93.2063329,3229245817,3,3950,5895,284417696675137,553965526007903,495263791621557,493519332090327,23.36,7.31,9.55,16.376,301.174,118.958,123.591,299.521
1794,Minneapolis,MN,44.9673725,-93.2066325,3229245818,3,3950,5895,2885849251731961,362364495308549,476260770305821,131618718960542,33.855,4.873,8.443,27.979,300.061,116.014,121.803,297.355
1795,Minneapolis,MN,44.9673791,-93.1889205,13308220728,4,3950,5895,3181807278743700,4567859919932916,1945515458944208,308575627553322,5.679,11.841,12.367,12.411,1.14,69.69,189.02,264.67
1796,Minneapolis,MN,44.9674324,-93.1891277,13308220717,4,3950,5895,148547957258341,4567859919932916,500543401364856,484720692946853,8.527,22.212,11.99,3.693,359.91,69.69,183.44,268.73
1797,Minneapolis,MN,44.9676101,-93.2066271,3229245827,3,3950,5895,2885849251731961,698010185210532,476260770305821,1267362755140963,8.432,17.968,19.462,7.796,300.061,115.0,121.803,299.609
1798,Minneapolis,MN,44.9676317,-93.2063546,11422769052,3,3950,5895,2885849251731961,362364495308549,1121731448503456,2508787622831467,26.263,31.318,30.776,6.509,300.061,116.014,120.0,298.326
1799,Minneapolis,MN,44.9677135,-93.2065666,11422769048,3,3950,5895,2885849251731961,698010185210532,222196772686857,1283346642940071,10.1,30.237,32.28,7.499,300.061,115.0,123.787,299.609
1800,Minneapolis,MN,44.9677315,-93.1945878,1829053405,4,3950,5895,802175977391919,1611390116493858,1858370768425183,1568279571251640,7.153,8.25,8.766,8.899,309.026,90.068,125.707,266.878
1801,Minneapolis,MN,44.9677385,-93.1889157,13308220719,4,3950,5895,484107509586713,1134395133709729,1423156684715517,225877472343411,26.469,27.089,22.086,4.76,7.05,77.0,231.08,279.19
1802,Minneapolis,MN,44.9677541,-93.2075824,12272087535,3,3950,5895,161610345889088,356117112510703,634428487957387,766132866200432,27.738,5.489,11.236,28.867,303.135,118.759,183.692,298.038
1803,Minneapolis,MN,44.967853,-93.2078461,9899856168,3,3950,5895,1397595787273328,892712594907070,634428487957387,3600610703497858,29.523,6.095,13.367,31.24,301.251,118.799,183.692,289.164
1804,Minneapolis,MN,44.9680222,-93.1955074,1829053423,4,3950,5895,208871230852168,1353145546459518,1117021093960125,24796478090033043,11.114,10.439,9.161,11.124,309.565,90.942,127.157,267.711
1805,Minneapolis,MN,44.968167,-93.2077358,2367767620,3,3950,5895,1397595787273328,947045076327258,514343359578346,3600610703497858,11.538,28.202,34.34,5.489,301.251,117.0,136.914,289.164
1806,Minneapolis,MN,44.9682809,-93.1956071,1829053436,4,3950,5895,830492300920702,1375674704136822,1044299290942762,1878328286082988,6.394,8.774,9.52,5.967,307.127,90.121,126.898,272.903
1807,Minneapolis,MN,44.9683584,-93.1985899,1878516008,4,3950,5895,998661297990263,788474360658124,1128463760990003,1963517064490339,12.428,6.689,7.85,5.647,358.673,133.068,183.5,254.191
1808,Minneapolis,MN,44.9683801,-93.1964463,1828151329,3,3950,5895,778635198277394,838724268507473,764263779731540,1760078451333523,25.841,22.839,21.817,22.254,329.307,92.371,125.66,265.228
1809,Minneapolis,MN,44.9686707,-93.2000045,11335981572,3,3950,5895,1760357098680758,728511043589644,256757734197859,7429420577176333,10.954,11.167,12.659,8.226,59.785,63.958,239.723,252.052
1810,Minneapolis,MN,44.9688665,-93.1966856,11331220248,3,3950,5895,1964970487592957,1544678516727505,641795318679004,713558885111325,6.209,8.808,10.614,9.959,326.854,90.501,125.654,271.029
1812,Minneapolis,MN,44.9689458,-93.1972415,1829053438,4,3950,5895,1326070022681947,821875413547569,742944802072521,804996442042600,5.189,10.806,8.155,11.125,358.218,90.501,121.793,294.142
1813,Minneapolis,MN,44.9693635,-93.1980075,1533062661,3,3950,5895,1673949563595270,1252959826993712,1485395286250549,1248837184107888,13.757,20.047,7.296,12.155,357.342,83.759,175.299,292.553
1814,Minneapolis,MN,44.9693937,-93.1975211,1533062813,4,3950,5895,1015555857254226,1634804337420235,2271575066587901,2165957800908524,0.874,21.954,21.616,1.265,350.233,94.263,175.153,300.56
1815,Minneapolis,MN,44.9694115,-93.1974619,1533062671,3,3950,5895,1015555857254226,1634804337420235,1342362117730861,1678252296937897,5.737,26.902,22.503,12.483,350.233,94.263,193.158,267.134
1816,Minneapolis,MN,44.9694938,-93.1978653,1533062804,4,3950,5895,1673949563595270,3540759386205361,27105134322412378,1248837184107888,8.788,11.766,7.137,6.255,357.342,31.0,181.434,292.553
1817,Minneapolis,MN,44.9700361,-93.1977283,945554885,4,3950,5895,2881733382097770,2363601427484945,1477021030223906,1376745584098361,10.488,10.031,9.137,9.102,1.25,42.859,185.369,221.722
1818,Minneapolis,MN,44.9713307,-93.1968695,1533062690,4,3950,5895,260501833511736,1296628042534523,5490733590998545,1336890683944459,5.103,11.965,11.606,9.787,48.0,87.008,222.01,263.576
1819,Minneapolis,MN,44.9714005,-93.1971091,187920037,3,3950,5895,260501833511736,1508576897454396,1347255766834197,1487775499118994,25.356,30.201,28.049,27.16,48.0,88.657,229.158,265.655
1820,Minneapolis,MN,44.9718301,-93.1992482,1829053480,4,3950,5895,2427085607721274,923441303404061,468815689592555,1036516868411620,7.678,10.524,8.478,10.199,1.574,86.404,199.48,211.905
1821,Minneapolis,MN,44.9718524,-93.196263,1533062767,4,3950,5895,505675664115051,875446047721501,460069561952365,1199639692187501,8.727,14.329,9.065,13.448,25.14,94.753,198.42,273.623
1822,Minneapolis,MN,44.9718775,-93.1989218,1829053481,4,3950,5895,1558114968786084,923441303404061,468194605568995,402747655968320,19.395,23.646,13.011,12.676,10.909,86.404,207.226,211.599
1823,Minneapolis,MN,44.9719689,-93.1991203,1829053486,4,3950,5895,2427085607721274,923441303404061,468194605568995,402747655968320,11.106,24.098,5.895,6.17,1.574,86.404,207.226,211.599
1824,Minneapolis,MN,44.9720737,-93.1967282,1828151653,3,3950,5895,798677052540233,1371806714244998,2540156486179175,1447854695836378,13.53,9.962,9.909,9.191,302.768,121.88,128.623,296.786
1825,Minneapolis,MN,44.9729338,-93.2006828,1829053530,3,3950,5895,950242254005612,1109142587057703,1584233352368543,1222968186302170,7.952,8.603,12.894,8.368,355.829,84.789,146.343,263.437
1826,Minneapolis,MN,44.9735751,-93.2008149,11335971263,3,3950,5895,966591401738377,2221125204989854,653139484157371,653139484157371,24.046,21.342,2.15,2.15,51.635,74.931,230.394,230.394
1827,Minneapolis,MN,44.9739431,-93.1948726,1532810585,4,3950,5895,348165246867416,1426024185429099,303262407971951,1198560035485822,5.366,7.052,10.107,13.733,46.54,87.279,227.37,263.006
1828,Minneapolis,MN,44.9739829,-93.1951534,1490102654,3,3950,5895,1744317052869959,1275684983925378,756969510465534,1726078165447144,9.865,11.578,4.654,6.036,31.853,86.379,228.433,264.931
1829,Minneapolis,MN,44.9740283,-93.194204,1454273053,3,3950,5895,1394771148879158,671402648822744,955251043628783,1312386280680561,34.096,16.961,16.331,21.229,47.523,101.265,136.818,277.016
1830,Minneapolis,MN,44.9741213,-93.1951197,1490102683,3,3950,5895,1793145017770880,1159660159361219,1363633322172259,1198560035485822,14.35,17.008,16.698,14.059,45.0,104.025,175.181,263.006
1831,Minneapolis,MN,44.9741451,-93.1949849,1532810597,3,3950,5895,1500997520709176,1014230817401284,2552747818430828,1554004542439689,11.97,12.76,6.927,7.059,43.0,103.717,194.196,256.632
1832,Minneapolis,MN,44.9741556,-93.194533,1532805153,3,3950,5895,287280973686219,913967208104588,694273775937744,1498689201257788,11.93,8.535,16.447,12.144,1.911,91.981,177.301,272.468
1833,Minneapolis,MN,44.9741581,-93.1952037,1490102707,3,3950,5895,1793145017770880,762972603364188,1869518197311884,2670105119994521,21.959,14.449,17.311,22.032,45.0,104.755,167.276,264.931
1834,Minneapolis,MN,44.9741836,-93.1948985,10972435813,4,3950,5895,1287164819177219,1014230817401284,2552747818430828,1367432838075800,16.822,7.261,3.679,4.12,1.141,103.717,194.196,240.251
1835,Minneapolis,MN,44.9743184,-93.1942822,1533064738,4,3950,5895,1123296594832588,1125035167973151,219483246353095,4697022670312287,6.297,7.842,12.231,6.862,46.3,93.08,229.52,278.61
1836,Minneapolis,MN,44.9743523,-93.1942243,1532810599,3,3950,5895,862889924585154,1125035167973151,322204515941648,4697022670312287,6.619,12.255,10.308,9.061,47.7,93.08,228.16,278.61
1837,Minneapolis,MN,44.9744632,-93.1962459,1549748113,3,3950,5895,672832627994060,1491151571931387,2935164060027999,672832627994060,18.124,11.291,11.35,18.124,301.0,120.734,158.14,301.0
1838,Minneapolis,MN,44.9744908,-93.1954641,8005401149,4,3950,5895,1251374395521617,988135182380764,830965528380740,1020796468927595,1.091,3.132,2.906,2.906,356.921,90.0,180.0,270.0
1839,Minneapolis,MN,44.9745896,-93.1954148,1462036655,3,3950,5895,1012703583243400,2389675424547714,257351253789847,257287836926634,5.016,6.245,6.469,3.024,24.682,85.745,174.0,260.0
1840,Minneapolis,MN,44.9746466,-93.1943264,1462036659,3,3950,5895,723859306452584,763892077609961,813598121202807,813598121202807,25.549,21.164,17.508,17.508,354.454,48.791,230.254,230.254
1841,Minneapolis,MN,44.9750473,-93.197231,1878536431,4,3950,5895,6871449962913510,1446468079951549,1743188553063205,599784783074348,9.592,4.933,6.51,0.709,310.0,127.539,163.995,260.372
1842,Minneapolis,MN,44.9750767,-93.1968569,1532805168,4,3950,5895,1021591038996067,2621398774831926,980227730548954,811080423804529,4.984,12.266,4.963,2.08,307.72,126.18,203.379,267.389
1843,Minneapolis,MN,44.9750892,-93.197289,1532805189,3,3950,5895,6871449962913510,2633161383686144,1743188553063205,1885383201910935,12.616,3.883,5.334,4.654,310.0,127.539,163.995,260.736
1844,Minneapolis,MN,44.9752174,-93.1932059,2032342864,3,3950,5895,524003898770965,2973234686281369,741303698895926,317817296633213,4.882,2.656,10.23,9.898,32.81,49.9,227.176,233.71
1845,Minneapolis,MN,44.9753882,-93.1980058,1532805253,3,3950,5895,1435570536802168,1967795267093678,829881139452116,890546168187578,17.463,4.826,6.329,10.882,301.04,117.1,153.507,299.77
1846,Minneapolis,MN,44.9761619,-93.1914473,13673939952,3,3950,5895,471499440777406,471499440777406,1240702856399949,1240702856399949,2.321,2.321,10.379,10.379,51.59,51.59,232.66,232.66
1847,Minneapolis,MN,44.9762116,-93.1913551,1532816462,4,3950,5895,2939394049666723,2939394049666723,517510719279763,517510719279763,2.112,2.112,10.47,10.47,52.65,52.65,232.27,232.27
1848,Minneapolis,MN,44.9762618,-93.1912614,13673939956,3,3950,5895,319287406357112,319287406357112,1151009812083666,1151009812083666,4.12,4.12,10.53,10.53,52.78,52.78,231.0,231.0
1849,Minneapolis,MN,44.9765886,-93.1910583,2045657808,3,3950,5895,199152418697658,1470531474269172,1184136422036560,153915613370870,12.391,11.39,9.369,9.03,49.924,54.012,231.24,233.8
1850,Minneapolis,MN,44.976796,-93.1902874,1532816507,4,3950,5895,315868570066158,465969331171270,508960860149296,508960860149296,4.894,5.821,10.551,10.551,52.25,56.02,230.19,230.19
1851,Minneapolis,MN,44.9769579,-93.1900005,1533279163,3,3950,5895,497385721409588,497385721409588,944535439680750,944535439680750,5.084,5.084,10.225,10.225,52.95,52.95,228.74,228.74
1852,Minneapolis,MN,44.9769922,-93.1903154,1532805150,3,3950,5895,1137669950070318,655654430491606,776942108647753,776942108647753,11.137,11.713,7.792,7.792,52.06,54.532,230.548,230.548
1853,Minneapolis,MN,44.977039,-93.1898462,1532816489,3,3950,5895,323671449143939,323671449143939,387753049085165,387753049085165,4.299,4.299,10.182,10.182,52.54,52.54,230.78,230.78
1854,Minneapolis,MN,44.977144,-93.189656,2045657851,3,3950,5895,377577610247875,4133990389991150,640833225451231,494483221820940,6.289,6.14,11.834,11.611,48.334,52.56,229.753,231.05
1855,Minneapolis,MN,44.9772071,-93.1903294,1533279128,3,3950,5895,957074561694873,1367548411393771,944535439680750,782667408022987,30.271,30.636,27.831,27.419,52.29,53.763,228.74,230.548
1856,Minneapolis,MN,44.9773313,-93.1890982,1532816446,3,3950,5895,478785953376874,1079838687464813,188402653151102,1541575980202584,20.261,9.088,23.731,23.131,0.0,77.812,177.05,263.379
1857,Minneapolis,MN,44.9773418,-93.1896777,10651439231,4,3950,5895,1861738911354299,363795335161473,1715619065791570,496074961815606,11.151,10.918,7.806,7.178,46.242,53.47,227.674,230.74
1858,Minneapolis,MN,44.9773816,-93.1897098,10651439242,3,3950,5895,1826771165390355,218172549830433,1715619065791570,496074961815606,16.754,15.145,12.258,12.202,43.288,51.08,227.674,230.74
1859,Minneapolis,MN,44.9774464,-93.1891211,1532816464,3,3950,5895,478785953376874,1079838687464813,188402653151102,1710438396192981,8.332,3.967,15.275,14.185,0.0,77.812,177.05,264.471
1860,Minneapolis,MN,44.9774858,-93.1894759,1532805137,3,3950,5895,478785953376874,1150134770508458,188402653151102,3712656415696178,22.169,11.55,13.25,8.534,0.0,52.818,177.05,227.158
1861,Minneapolis,MN,44.9775714,-93.1893476,1532805204,4,3950,5895,801883952316405,288430602951901,188402653151102,1332881255053169,12.764,6.5,10.109,13.717,0.871,125.62,177.05,266.004
1862,Minneapolis,MN,44.9776159,-93.1894688,9986789459,3,3950,5895,138694774956944,466012761161959,188402653151102,689945260345075,17.901,8.391,19.308,15.427,4.13,127.55,177.05,264.68
1863,Minneapolis,MN,44.9776469,-93.1896436,10651439239,3,3950,5895,138694774956944,2530433823931418,2530433823931418,1595354911843751,30.442,14.085,14.085,20.892,4.13,126.69,126.69,263.247
1864,Minneapolis,MN,44.977652,-93.1890996,1532805198,4,3950,5895,2950503211835533,216854310037081,1353330379675070,1527885338099064,7.676,7.854,9.027,5.337,1.69,127.793,177.584,266.004
1865,Minneapolis,MN,44.9777688,-93.1883648,1695772890,3,3950,5895,786263005370010,786263005370010,25134547226231792,1527167931973719,22.699,22.699,27.524,27.983,46.61,46.61,205.089,227.099
1866,Minneapolis,MN,44.9779568,-93.1887629,1532805181,4,3950,5895,317442983091517,317442983091517,1514075016680697,764448546756915,15.209,15.209,10.624,9.115,41.844,41.844,202.019,223.175
1867,Minneapolis,MN,44.978048,-93.1885826,1532816466,4,3950,5895,786263005370010,461349264959653,839184091889402,1527167931973719,14.224,12.697,6.909,7.916,46.61,54.422,208.962,227.099
1868,Minneapolis,MN,44.9780638,-93.1875388,1695773127,3,3950,5895,505072150535790,1420956678273427,785845684289913,804082892155059,28.057,23.805,34.933,30.923,55.859,62.449,208.126,226.267
1869,Minneapolis,MN,44.9781078,-93.1888917,12983306841,4,3950,5895,786263005370010,786263005370010,25134547226231792,764448546756915,33.54,33.54,28.53,27.683,46.61,46.61,205.089,223.175
1870,Minneapolis,MN,44.9782129,-93.1905359,9986789465,3,3950,5895,311510087051814,527136145086582,527136145086582,1132010821979231,9.016,4.874,4.874,11.358,306.94,124.83,124.83,264.963
1871,Minneapolis,MN,44.9782278,-93.1905426,12983306875,3,3950,5895,311510087051814,527136145086582,527136145086582,2429594634104439,7.694,4.128,4.128,10.329,306.94,124.83,124.83,264.975
1872,Minneapolis,MN,44.9784546,-93.190603,1533279225,4,3950,5895,1297473905748185,1210958029353625,1210958029353625,3002548876573097,7.763,9.532,9.532,8.776,305.443,127.427,127.427,264.975
1873,Minneapolis,MN,44.978502,-93.1875841,1532816451,4,3950,5895,939138286910452,505072150535790,1550188462820093,771650508981741,20.065,21.079,5.525,9.415,22.113,55.859,194.962,213.333
1874,Minneapolis,MN,44.9786395,-93.1874835,1532816457,3,3950,5895,303398477946550,457497801985358,2075588799938147,771650508981741,16.877,29.647,5.152,25.374,5.327,42.852,188.305,213.333
1875,Minneapolis,MN,44.9789535,-93.1919453,12983306868,3,3950,5895,919230022190548,382056553158079,2869121043351078,822500243504230,7.887,6.856,6.856,9.584,304.72,125.928,125.94,265.467
1876,Minneapolis,MN,44.9790967,-93.1918017,12983306864,4,3950,5895,299881194970786,327126868999447,327126868999447,822500243504230,8.693,11.672,11.672,10.084,305.99,125.733,125.733,265.467
1877,Minneapolis,MN,44.9791938,-93.1919998,12983307006,4,3950,5895,1098836687281505,1349260258790719,1349260258790719,1320833072614886,6.576,11.284,11.284,11.136,306.57,123.539,123.539,265.467
1878,Minneapolis,MN,44.9793767,-93.193312,13189197398,3,3950,5895,2606552869645558,218227889886100,1173776013122496,282339623586419,24.631,22.761,21.33,17.003,315.86,129.331,203.192,256.185
1879,Minneapolis,MN,44.9794347,-93.1931623,11384654246,3,3950,5895,801936617093415,135568261941703,230925071699703,4328730477415496,12.092,10.836,10.684,14.047,310.98,126.512,146.48,272.899
1880,Minneapolis,MN,44.9799101,-93.1935689,12983306975,3,3950,5895,5483303298411546,399213697846620,805847373470554,1200194565296810,8.959,25.982,3.749,10.821,341.22,148.125,170.34,304.026
1881,Minneapolis,MN,44.9799699,-93.1933482,12983306979,4,3950,5895,1306317824372045,399213697846620,529685838205416,1200194565296810,8.366,28.344,10.523,7.803,340.934,148.125,170.795,304.026
1882,Minneapolis,MN,44.9802742,-93.1936759,11384654261,4,3950,5895,833847384180606,353662482770601,1088013821707119,799472049729009,9.425,18.586,4.44,10.708,348.55,147.13,163.14,304.968
1883,Minneapolis,MN,44.9803237,-93.1934347,11384654260,3,3950,5895,5763468763670969,353662482770601,145883037569882,799472049729009,8.327,23.959,9.123,9.216,347.61,147.13,171.041,304.968
1884,Minneapolis,MN,44.9649022,-93.1778839,2685281115,4,3951,5895,3455725571360078,1641491389891512,469836374101213,308588974043395,13.685,6.111,25.54,3.216,303.117,88.073,238.937,271.705
1885,Minneapolis,MN,44.9651794,-93.1798996,12975177254,3,3951,5895,245798244933423,1226158932100281,1884086572012618,418405460976835,5.277,7.373,5.361,11.282,1.689,99.626,182.026,273.85
1886,Minneapolis,MN,44.965187,-93.1824013,13119657796,3,3951,5895,482815916167625,302559978031215,463130008089066,372268784221391,7.689,21.81,5.237,8.813,359.55,94.62,174.085,267.31
1887,Minneapolis,MN,44.9651965,-93.1796969,12975177126,3,3951,5895,440028884102300,249638694625242,1023001438718032,418405460976835,8.512,12.073,10.967,22.785,351.199,117.924,186.725,273.85
1888,Minneapolis,MN,44.965242,-93.1821889,2685281179,4,3951,5895,213172367281667,302559978031215,3928138593920404,887994215095871,0.845,4.942,3.819,3.403,15.1,94.62,176.51,271.336
1889,Minneapolis,MN,44.9652537,-93.1798979,12975177131,4,3951,5895,516202679564087,1226158932100281,1370927436871502,418405460976835,5.201,2.872,9.498,5.758,0.0,99.626,168.16,273.85
1890,Minneapolis,MN,44.9653056,-93.1796968,12975177127,3,3951,5895,591144999859373,1226158932100281,749897650461740,1392462462153987,11.156,19.695,12.196,15.558,0.0,99.626,192.101,242.076
1891,Minneapolis,MN,44.9653084,-93.1799103,12975177255,3,3951,5895,591144999859373,1226158932100281,244774738692766,418405460976835,6.792,7.551,8.402,6.342,0.0,99.626,196.526,273.85
1892,Minneapolis,MN,44.9660809,-93.1859015,7192381124,3,3951,5895,900930017420142,301511674892277,210932004808584,4277526025901420,8.738,3.412,1.277,7.479,0.0,89.58,179.0,271.165
1893,Minneapolis,MN,44.966082,-93.1857571,187887435,3,3951,5895,900930017420142,461708945124213,287366660593543,4277526025901420,3.653,0.741,5.763,11.597,0.0,81.23,180.342,271.165
1894,Minneapolis,MN,44.9663585,-93.1672304,2685281232,3,3951,5895,1184869243691128,1201687721620754,1172900159799741,1303218521819492,32.326,11.454,4.733,32.927,350.83,90.0,180.65,289.399
1895,Minneapolis,MN,44.9663587,-93.1750252,8149153020,4,3951,5895,1007456597096642,961918782603885,613201684137266,1462969717785219,16.275,12.874,26.0,13.416,51.86,88.201,178.693,270.0
1896,Minneapolis,MN,44.9663612,-93.1695253,2685281234,3,3951,5895,1041351930197405,1017757882686383,275560681779858,597410929237918,10.093,11.115,5.095,7.649,22.334,94.223,177.107,327.138
1897,Minneapolis,MN,44.9663621,-93.1747796,2685281229,4,3951,5895,1007456597096642,1904602560081026,613201684137266,3462447067342142,18.008,11.806,6.733,16.64,51.86,91.722,178.693,267.976
1898,Minneapolis,MN,44.9663623,-93.1697395,2685281235,4,3951,5895,1041351930197405,2074617136283371,275560681779858,597410929237918,11.532,11.77,11.991,10.9,22.334,91.557,177.107,327.138
1899,Minneapolis,MN,44.9663623,-93.1677148,2685281245,4,3951,5895,956070892176916,1426766134636126,732637101883069,594105136247408,2.234,12.28,3.447,5.631,353.561,92.188,181.247,326.249
1900,Minneapolis,MN,44.9663644,-93.1745654,2685281231,4,3951,5895,1007456597096642,655518050596239,613201684137266,1001105384652624,31.432,11.52,10.243,24.934,51.86,90.0,178.693,255.406
1901,Minneapolis,MN,44.9663713,-93.1672159,12975177062,3,3951,5895,1184869243691128,1201687721620754,1172900159799741,1124783732718739,30.503,9.648,3.313,34.591,350.83,90.0,180.65,273.693
1902,Minneapolis,MN,44.9663851,-93.1668549,2685281257,4,3951,5895,1605192700890478,1102927354975910,1172900159799741,1124783732718739,18.82,7.106,25.129,15.242,337.032,83.549,180.65,273.693
1903,Minneapolis,MN,44.9665332,-93.1672136,12975177059,3,3951,5895,1184869243691128,1201687721620754,316674366841031,1303218521819492,19.356,13.403,3.404,25.933,350.83,90.0,180.62,289.399
1904,Minneapolis,MN,44.9665427,-93.1747766,2685281303,3,3951,5895,1007456597096642,1696932270809393,256523697171945,1001105384652624,13.251,6.824,5.635,6.507,51.86,87.471,191.984,255.406
1905,Minneapolis,MN,44.9665428,-93.1746748,12975177053,4,3951,5895,1007456597096642,467678405694583,256523697171945,665429958830278,20.675,8.872,3.608,9.847,51.86,90.0,191.984,247.427
1906,Minneapolis,MN,44.9665459,-93.1672267,2685281321,3,3951,5895,1184869243691128,1201687721620754,473308907307290,1303218521819492,19.945,15.146,4.161,27.048,350.83,90.0,180.6,289.399
1907,Minneapolis,MN,44.9665465,-93.16687,12975177060,3,3951,5895,1605192700890478,1102927354975910,473308907307290,1124783732718739,5.344,10.937,23.906,4.198,337.032,83.549,180.6,273.693
1908,Minneapolis,MN,44.9665471,-93.1745654,2685281307,4,3951,5895,1007456597096642,655518050596239,811463623804147,665429958830278,29.105,8.809,12.403,18.06,51.86,90.0,181.398,247.427
1909,Minneapolis,MN,44.9665476,-93.1681575,2685281326,4,3951,5895,1448782742545887,262108720318871,291498546758650,3510193309261092,32.507,9.693,31.677,6.588,318.702,88.413,127.671,267.594
1910,Minneapolis,MN,44.9665497,-93.1696979,12975177019,3,3951,5895,1041351930197405,1332416811388902,275560681779858,597410929237918,15.424,9.793,21.465,18.474,22.334,90.0,177.107,327.138
1911,Minneapolis,MN,44.9665628,-93.1668575,2685281328,3,3951,5895,1605192700890478,1102927354975910,473308907307290,1124783732718739,6.661,12.665,24.946,5.101,337.032,83.549,180.6,273.693
1912,Minneapolis,MN,44.9666919,-93.1796958,12975177242,3,3951,5895,1602923293563724,2565478916956891,1192949421842978,189649209685675,10.518,11.475,10.029,24.017,358.602,88.348,178.933,266.162
1913,Minneapolis,MN,44.9667033,-93.1799036,12975177253,3,3951,5895,1602923293563724,7546297882124158,176628381018753,189649209685675,5.906,10.204,3.297,22.423,358.602,90.0,168.601,266.162
1914,Minneapolis,MN,44.9667738,-93.1797033,2685281340,4,3951,5895,1508617333008940,1191233185566538,472170198484117,189649209685675,9.957,2.686,9.433,15.57,0.0,88.313,181.158,266.162
1915,Minneapolis,MN,44.9668584,-93.1799105,2685281355,4,3951,5895,1303256013606868,7546297882124158,1024324562460462,1381846882182654,6.17,7.159,6.881,3.201,358.693,90.0,180.0,249.188
1916,Minneapolis,MN,44.9681076,-93.1811669,12975177224,3,3951,5895,1187953452813531,2819509991643204,589318426729749,1016539276036317,10.646,3.799,8.689,12.344,6.955,91.86,187.464,230.356
1917,Minneapolis,MN,44.9681094,-93.1809872,12975177225,3,3951,5895,683433010836592,1824274321400222,589318426729749,301273362271199,4.762,2.937,5.589,9.729,15.316,68.564,187.464,265.746
1918,Minneapolis,MN,44.9682185,-93.179917,12975177230,3,3951,5895,1070311417283852,922787486508645,1024667676429546,7165115943516664,13.373,6.057,12.613,8.281,338.204,88.381,160.519,281.106
1919,Minneapolis,MN,44.9682199,-93.1811723,2685281594,3,3951,5895,683433010836592,461346001829156,589318426729749,301273362271199,16.619,8.465,16.13,21.455,15.316,89.44,187.464,265.746
1920,Minneapolis,MN,44.9684463,-93.1771745,2685281609,3,3951,5895,892679249147022,859543464633642,1682154855325759,993616158304872,2.006,24.015,8.686,31.162,356.111,88.86,174.679,255.0
1921,Minneapolis,MN,44.9684499,-93.1770912,2685281611,3,3951,5895,228733146666459,859543464633642,1682154855325759,993616158304872,8.899,24.023,14.496,31.78,359.576,88.86,174.679,255.0
1922,Minneapolis,MN,44.9685912,-93.1766538,2685281632,3,3951,5895,25064964696499465,2553759454931746,924046167004304,1457643421247121,24.144,8.713,28.56,23.489,55.471,88.69,217.136,264.526
1923,Minneapolis,MN,44.9685974,-93.1760301,7851700728,3,3951,5895,1527827365229261,296843842093981,914181464820501,2766019377040395,24.638,10.522,29.591,26.591,54.332,85.54,215.689,267.27
1924,Minneapolis,MN,44.9686436,-93.1771772,945552694,3,3951,5895,607816907845536,859543464633642,547119076676001,993616158304872,2.334,2.84,9.401,9.285,0.305,88.86,176.559,255.0
1925,Minneapolis,MN,44.9687679,-93.1822818,187887459,3,3951,5895,1138130750031096,113084794184038,1072168493410139,903090940542351,0.506,7.092,6.364,2.898,0.38,89.927,181.665,274.554
1926,Minneapolis,MN,44.9687694,-93.1829658,2685161423,3,3951,5895,1431209537247847,496845131516751,1254340806859808,1072896176566965,1.71,3.784,2.819,0.93,0.0,86.544,217.803,265.44
1928,Minneapolis,MN,44.9688474,-93.1754491,1682466043,3,3951,5895,1541248657011075,153693730060355,1890940434909304,482396659658163,6.29,1.371,5.668,1.418,316.535,87.09,216.539,267.1
1929,Minneapolis,MN,44.9689838,-93.171816,187957228,3,3951,5895,791890867045156,3798349713596050,1830003261487861,427686752621701,2.179,1.494,7.612,1.873,311.052,83.34,209.717,262.827
1930,Minneapolis,MN,44.9689857,-93.1672488,12975176968,4,3951,5895,2268846240287318,1406589493809119,953689588799010,2279879399200811,21.041,34.87,0.726,2.736,0.163,90.604,180.54,275.043
1931,Minneapolis,MN,44.9692472,-93.1701396,187909162,3,3951,5895,198752112093178,3807294689379649,1144538471086600,1666250914541263,2.908,0.571,4.273,0.498,348.6,76.25,207.253,267.908
1932,Minneapolis,MN,44.9692619,-93.1700617,187949290,3,3951,5895,1007611596311602,125394506243747,1144538471086600,4088149031265089,3.259,3.782,8.548,2.944,348.85,79.261,207.253,261.51
1933,Minneapolis,MN,44.9708216,-93.165977,1486411951,3,3951,5895,26916985821218666,959960309743928,963889191932281,323824250735610,17.812,16.106,16.666,16.208,43.319,107.037,181.93,259.327
1934,Minneapolis,MN,44.970825,-93.1660801,1486411923,4,3951,5895,1600821804482448,1382514820311852,220619429518851,323824250735610,16.612,13.986,13.366,23.257,46.522,110.343,175.25,259.327
1935,Minneapolis,MN,44.9708293,-93.1661708,1486411927,4,3951,5895,1600821804482448,316779493164790,220619429518851,296237828780147,15.683,13.145,6.397,9.835,46.522,105.79,175.25,219.83
1936,Minneapolis,MN,44.9708603,-93.1646592,1449644253,3,3951,5895,26511364831816242,3328912280613299,843255204291114,2179276299105414,1.944,2.295,17.868,16.385,347.011,85.111,215.278,230.623
1937,Minneapolis,MN,44.9712227,-93.1679958,1486411896,4,3951,5895,113876014099547,1466916728150953,819684597165624,135121308649422,4.518,0.904,0.123,10.954,34.61,98.375,191.232,269.58
1938,Minneapolis,MN,44.9712258,-93.1679095,1486411958,4,3951,5895,113876014099547,2161477924639461,1348988276561648,4005976139491036,2.671,7.711,7.651,10.057,34.61,95.062,182.176,270.64
1939,Minneapolis,MN,44.9712444,-93.1678094,1549771200,4,3951,5895,1794334034104034,2161477924639461,1348988276561648,483536516221953,11.971,15.592,14.336,12.085,15.71,95.062,182.176,274.89
1940,Minneapolis,MN,44.9712505,-93.1677767,1486412018,3,3951,5895,1794334034104034,2161477924639461,1348988276561648,483536516221953,13.658,18.217,16.8,13.226,15.71,95.062,182.176,274.89
1941,Minneapolis,MN,44.971295,-93.1642217,1449618174,4,3951,5895,897887628806100,3905235106435812,448454887764839,1990363818496768,1.228,4.316,21.1,5.969,27.227,66.136,204.824,328.066
1942,Minneapolis,MN,44.9713219,-93.1679091,1549771185,3,3951,5895,1794334034104034,1466916728150953,1448841479684745,4005976139491036,1.489,12.967,6.642,20.696,15.71,98.375,181.098,270.64
1943,Minneapolis,MN,44.9713982,-93.1644939,1486411962,4,3951,5895,182099763804293,3905235106435812,448454887764839,946538276967213,21.8,22.061,3.203,12.898,29.32,66.136,204.824,210.722
1944,Minneapolis,MN,44.9714062,-93.1646829,2078933397,3,3951,5895,1981151626126140,1981151626126140,10089887711043799,946538276967213,33.687,33.687,17.08,18.459,34.697,34.697,204.824,210.722
1945,Minneapolis,MN,44.9714522,-93.1646501,1449618155,3,3951,5895,1981151626126140,1981151626126140,448454887764839,946538276967213,34.266,34.266,16.864,21.162,34.697,34.697,204.824,210.722
1946,Minneapolis,MN,44.9717457,-93.166842,1533488040,4,3951,5895,248030357076794,507827450396956,498494854839434,811717331826978,3.744,13.022,22.309,9.502,357.86,32.02,180.25,321.621
1947,Minneapolis,MN,44.9717607,-93.164197,1486411961,4,3951,5895,1469654347933993,908355748734860,444049784981151,444049784981151,22.567,21.927,3.175,3.175,350.332,89.475,216.435,216.435
1948,Minneapolis,MN,44.971849,-93.1643662,1449618228,3,3951,5895,1975721180037896,1975721180037896,444049784981151,1412148016611801,34.853,34.853,19.606,20.219,41.13,41.13,216.435,219.374
1949,Minneapolis,MN,44.9718572,-93.1768833,1486412010,3,3951,5895,775066872114148,557199614122072,881041714969439,500585368040501,28.399,15.197,15.705,3.476,300.002,101.078,145.095,277.67
1950,Minneapolis,MN,44.9719211,-93.1771106,6862502919,4,3951,5895,775066872114148,929540007619128,1351839186706254,852772711989085,10.114,12.715,15.244,5.842,300.002,125.41,151.824,279.42
1951,Minneapolis,MN,44.9720038,-93.1672931,1533488041,3,3951,5895,489820162263000,471614577469065,371731517601711,1582795276109032,22.029,8.468,10.668,16.964,0.273,93.89,180.83,219.875
1952,Minneapolis,MN,44.972016,-93.1768754,11867917556,4,3951,5895,775066872114148,557199614122072,881041714969439,170606608318789,30.977,32.865,31.897,20.635,300.002,101.078,145.095,275.18
1953,Minneapolis,MN,44.9720163,-93.1770329,6862502920,3,3951,5895,775066872114148,1855038008728353,1351839186706254,1390450677999538,20.199,28.212,27.375,16.698,300.002,109.456,151.824,282.64
1954,Minneapolis,MN,44.972028,-93.167255,1533487861,4,3951,5895,489820162263000,471614577469065,371731517601711,1862452795144028,18.372,5.542,8.361,13.818,0.273,93.89,180.83,220.624
1955,Minneapolis,MN,44.9720633,-93.1773945,7628405283,4,3951,5895,798522049220204,1390077064693026,1424870432215966,631537671137868,9.413,14.04,17.137,7.393,306.429,132.11,164.353,296.85
1956,Minneapolis,MN,44.9724872,-93.1672529,187908872,4,3951,5895,590878705223397,1707739160669602,832327359121510,3682777028526049,18.347,6.113,0.524,0.524,0.315,146.378,206.561,217.307
1957,Minneapolis,MN,44.9725669,-93.178211,1486411946,4,3951,5895,326696768811272,586138522347447,2235882703609481,326696768811272,7.023,15.291,18.265,7.023,310.6,129.13,170.278,310.6
1958,Minneapolis,MN,44.9729154,-93.1796551,1549733580,3,3951,5895,1875914612572312,301460804931773,1992941744684568,2715864081952912,31.518,23.11,21.833,31.678,302.41,98.34,150.1,288.57
1959,Minneapolis,MN,44.9737364,-93.1674074,1686523383,4,3951,5895,742433913090463,1979527092649774,522900658894001,928892802840010,31.059,22.749,20.945,23.799,0.267,121.906,180.0,220.624
1960,Minneapolis,MN,44.9748018,-93.1674308,1686523418,3,3951,5895,1049919585536705,966914359322071,324962575674862,893578933655174,32.026,23.587,22.776,25.637,358.963,120.209,179.17,219.731
1961,Minneapolis,MN,44.9749267,-93.1674424,1686523431,3,3951,5895,2950190475310183,963729079464922,1095261910962947,1362823045877531,33.452,25.026,21.546,25.781,358.963,119.622,177.642,219.731
1962,Minneapolis,MN,44.9761227,-93.1818455,1533334705,4,3951,5895,4179063342358153,1216973716819728,1343360377141809,1343360377141809,11.937,10.894,13.22,13.22,55.738,77.819,214.411,214.411
1963,Minneapolis,MN,44.976249,-93.16745,187846941,3,3951,5895,114501924038130,2199297494145946,1717067678504319,1679401859885991,31.119,4.147,1.913,23.558,359.559,140.249,168.622,219.731
1964,Minneapolis,MN,44.976339,-93.1809872,1533334623,3,3951,5895,717341097355877,817176217443044,591964109820223,989862652474145,11.465,9.718,5.657,24.607,49.457,69.237,178.874,278.927
1965,Minneapolis,MN,44.976362,-93.1808976,1533334719,4,3951,5895,717341097355877,257313452850640,426580453323467,989862652474145,10.563,8.983,2.344,23.922,49.457,70.15,174.612,278.927
1966,Minneapolis,MN,44.9763932,-93.1807901,9986765406,3,3951,5895,790805257098522,470829477513675,713496011111171,989862652474145,10.209,9.686,10.89,25.803,49.457,71.322,175.666,278.927
1967,Minneapolis,MN,44.9764313,-93.1804747,317686176,3,3951,5895,1321207722904515,269932598154405,1331396175184261,975383277288496,15.551,14.106,18.866,29.859,49.32,69.138,205.807,253.518
1968,Minneapolis,MN,44.9764813,-93.1804924,1533334536,4,3951,5895,1321207722904515,269932598154405,1331396175184261,975383277288496,9.92,9.462,13.27,24.549,49.32,69.138,205.807,253.518
1969,Minneapolis,MN,44.9765443,-93.1802893,2080105450,3,3951,5895,1572550827062767,2280985695657977,687635950598882,1508974872987555,8.129,7.253,13.245,23.724,49.815,69.369,207.102,253.936
1970,Minneapolis,MN,44.9765868,-93.1808967,1533334559,4,3951,5895,790805257098522,1392307201921088,1163490994961548,477625674834189,13.166,9.611,12.248,1.412,49.457,121.735,166.177,243.926
1971,Minneapolis,MN,44.9766587,-93.1798889,1533339330,4,3951,5895,1507441977225735,1485902345939968,4178049552452347,1671737240297743,9.337,9.279,13.405,23.471,49.815,68.855,207.011,252.56
1972,Minneapolis,MN,44.9769494,-93.1780577,1695671093,3,3951,5895,806144002161215,1457034698681996,1506030257486056,1506030257486056,28.595,29.209,34.051,34.051,57.474,77.409,215.307,215.307
1973,Minneapolis,MN,44.9769991,-93.1786683,1533339343,4,3951,5895,1663920334992225,1861857161421087,1466302457967300,818220916841607,10.259,7.217,13.292,20.832,49.954,67.294,207.226,247.838
1974,Minneapolis,MN,44.9771464,-93.1780596,1533339299,4,3951,5895,806144002161215,1457034698681996,1506030257486056,3692905997621923,7.415,7.366,13.858,23.663,57.474,77.409,215.307,266.927
1975,Minneapolis,MN,44.9772001,-93.1663445,1533339328,5,3951,5895,2254559671637688,1722075975142107,1489660482300742,842724295108104,10.096,10.416,25.621,15.74,327.134,88.889,232.798,266.012
1976,Minneapolis,MN,44.977202,-93.1665662,9652700447,3,3951,5895,2254559671637688,662869776525777,1489660482300742,842724295108104,7.707,9.967,16.801,11.881,327.134,88.889,232.798,266.012
1977,Minneapolis,MN,44.9772035,-93.1664418,1533339350,4,3951,5895,2254559671637688,2849248051933414,1489660482300742,842724295108104,3.072,9.971,20.194,10.962,327.134,88.889,232.798,266.012
1978,Minneapolis,MN,44.9774581,-93.166349,1533380592,3,3951,5895,1591701022213175,1722075975142107,1489660482300742,1474039944075201,24.301,18.71,22.257,12.199,308.384,88.889,232.798,244.199
1979,Minneapolis,MN,44.9792212,-93.1668693,1533561466,3,3951,5895,1599464214827855,3506202912877185,300068305070758,1249349279908977,8.83,26.269,21.793,20.737,0.078,121.488,180.17,221.076
1980,Minneapolis,MN,44.9799526,-93.1668564,1533618571,3,3951,5895,223210109252872,917927724409062,486637069421817,27016031874663554,8.626,26.823,21.173,21.361,0.49,121.488,181.03,221.076
1981,Minneapolis,MN,44.9801082,-93.1668537,1533618597,3,3951,5895,462647812305289,2167823923970398,1149267615558086,2133459714075942,3.954,26.121,21.857,21.631,0.0,121.488,181.36,221.076
1982,Minneapolis,MN,44.9664496,-93.1607871,12097787436,4,3952,5895,801435639409328,1429008008187113,3785906548202792,2270043386831756,7.866,8.769,7.367,8.141,3.175,88.895,178.376,291.415
1983,Minneapolis,MN,44.9664503,-93.1605845,12097787428,4,3952,5895,801435639409328,1429008008187113,1692693708801368,2270043386831756,8.241,7.481,8.239,13.874,3.175,88.895,179.597,291.415
1984,Minneapolis,MN,44.9664843,-93.15699,2685671600,4,3952,5895,197987242153170,682205784299876,1355217186185608,1491710228602075,11.232,7.496,4.562,4.506,1.23,86.888,180.122,225.106
1985,Minneapolis,MN,44.9664855,-93.1567421,2685671601,4,3952,5895,370780007704671,682205784299876,1355217186185608,4143430449238346,9.109,20.209,19.334,13.426,1.88,86.888,180.122,229.934
1986,Minneapolis,MN,44.9666194,-93.1607891,12097787434,4,3952,5895,1990091451814891,649385024042467,325385212272185,1312558783444060,8.25,10.423,6.478,10.133,46.92,88.58,185.512,288.888
1987,Minneapolis,MN,44.9666234,-93.1605848,12097787422,4,3952,5895,801435639409328,289857014193271,1145003227169181,1180381147326020,19.874,10.534,8.85,9.404,3.175,90.0,187.88,237.583
1988,Minneapolis,MN,44.9666375,-93.156742,2685671620,4,3952,5895,337062784598679,773479528321744,1355217186185608,1491710228602075,9.034,18.124,22.622,21.582,359.85,75.157,180.122,225.106
1989,Minneapolis,MN,44.9666534,-93.1569898,2685671626,4,3952,5895,480148819961072,623212834048795,1355217186185608,1491710228602075,11.091,11.249,14.306,17.3,0.07,90.0,180.122,225.106
1990,Minneapolis,MN,44.9676612,-93.1569869,2685671654,3,3952,5895,910494416437673,169086648477927,2082601768950808,1500899707843089,10.557,13.832,29.604,29.3,2.02,35.371,235.388,249.632
1991,Minneapolis,MN,44.9677839,-93.1564052,1686473511,3,3952,5895,2459153987754868,598553426566842,2126297964825587,705994112522921,27.317,29.899,3.501,4.979,356.32,30.065,235.467,248.225
1992,Minneapolis,MN,44.9678883,-93.1568579,187932199,4,3952,5895,4080532812006029,598553426566842,2082601768950808,1500899707843089,5.036,15.994,2.983,2.775,4.08,30.065,235.388,249.632
1993,Minneapolis,MN,44.967987,-93.1568691,9695986989,4,3952,5895,416184274551604,598553426566842,2082601768950808,136872678435228,10.307,26.717,8.118,5.18,0.0,30.065,235.388,287.57
1994,Minneapolis,MN,44.9680174,-93.1568708,2108098969,3,3952,5895,761576912769748,598553426566842,2082601768950808,136872678435228,10.35,30.029,11.5,8.549,1.398,30.065,235.388,287.57
1995,Minneapolis,MN,44.9689144,-93.1630666,187850453,3,3952,5895,1738364743511899,4276533712381379,1268215671408200,775638909808312,2.984,2.998,2.542,2.415,327.768,97.865,226.55,276.55
1996,Minneapolis,MN,44.9709665,-93.1583864,12874401602,4,3952,5895,420953934025642,2380238292442645,933781536284880,1014931033520755,5.023,3.71,5.575,4.7,345.142,68.968,166.91,324.722
1997,Minneapolis,MN,44.9710967,-93.1582494,12874340700,3,3952,5895,420953934025642,2380238292442645,933781536284880,1947567035647160,15.698,19.6,21.336,12.667,345.142,68.968,166.91,318.849
1998,Minneapolis,MN,44.9712861,-93.1463959,12997906081,3,3952,5895,796486559772738,1723271071978382,1340098037683735,1011472434422180,9.847,12.406,20.407,24.367,359.404,34.288,180.728,272.698
1999,Minneapolis,MN,44.9714075,-93.146395,12997906082,3,3952,5895,4038092316402724,2712960385752578,303498754759905,1011472434422180,10.172,12.52,20.056,22.363,358.725,34.288,181.584,272.698
2000,Minneapolis,MN,44.9716611,-93.1639853,1211903477,3,3952,5895,225151645657690,1676339266688439,444049784981151,2234991327240110,0.615,3.604,16.931,14.752,28.7,72.247,216.435,328.481
2001,Minneapolis,MN,44.9719406,-93.1619578,1496469074,3,3952,5895,2028318181399684,1351204619264359,919031794263518,642296602120300,9.416,5.123,7.896,21.541,29.508,88.65,128.768,270.0
2002,Minneapolis,MN,44.9719969,-93.1627512,1449585325,3,3952,5895,2462382227526625,25720762017537453,1719019586126801,1206057277440500,1.108,2.037,1.456,15.346,29.508,90.0,127.436,270.0
2003,Minneapolis,MN,44.9720091,-93.1604744,1211903482,4,3952,5895,2514285548986007,962413637840838,1288487546563364,822362006425663,2.515,2.928,3.73,13.096,43.033,88.07,141.368,280.02
2004,Minneapolis,MN,44.9720115,-93.1621697,1449629122,4,3952,5895,1247871660845406,2986541708281430,1902265407103513,1103436414084172,6.692,0.992,6.861,13.658,29.508,89.69,128.768,270.0
2005,Minneapolis,MN,44.9720159,-93.1619967,1496469299,4,3952,5895,26249110694716847,322414976020881,1947431035858325,642296602120300,4.694,0.391,7.089,13.394,29.508,89.36,128.768,270.0
2006,Minneapolis,MN,44.9721689,-93.16228,1486411999,4,3952,5895,1247871660845406,500062444491827,1902265407103513,25386933657588524,17.89,17.007,19.148,3.89,29.508,89.59,128.768,272.839
2007,Minneapolis,MN,44.9721783,-93.1604245,1486411981,4,3952,5895,2514285548986007,962413637840838,1288487546563364,822362006425663,20.283,19.626,21.754,7.429,43.033,88.07,141.368,280.02
2008,Minneapolis,MN,44.9721841,-93.1621009,1486412009,4,3952,5895,26249110694716847,503126407504481,1947431035858325,892022019265012,19.368,18.714,20.782,5.755,29.508,89.41,128.768,270.0
2009,Minneapolis,MN,44.9721862,-93.1619994,1496469123,3,3952,5895,26249110694716847,322414976020881,919031794263518,1053516346712155,19.791,18.868,21.82,5.782,29.508,89.36,128.768,271.499
2010,Minneapolis,MN,44.9744171,-93.1555772,1452712702,3,3952,5895,772917928046703,3693171220950123,3693171220950123,459958306742686,21.448,27.24,27.24,10.7,352.604,123.57,123.57,277.693
2011,Minneapolis,MN,44.9744622,-93.1555765,8295824334,3,3952,5895,772917928046703,3693171220950123,3693171220950123,459958306742686,19.26,26.033,26.033,6.719,352.604,123.57,123.57,277.693
2012,Minneapolis,MN,44.9772775,-93.1569372,1533343432,4,3952,5895,1808492009625419,1839982263567935,999135421591035,1998012304120470,23.363,12.971,18.073,15.143,4.757,87.55,182.437,239.031
2013,Minneapolis,MN,44.9773643,-93.1463729,1709359641,3,3952,5895,4267542820237815,1194064429447013,171605608223039,1298271994592236,19.248,6.93,25.275,23.815,359.053,75.548,175.048,309.393
2014,Minneapolis,MN,44.9773703,-93.1464903,1709359642,3,3952,5895,4267542820237815,1349244059917834,171605608223039,1298271994592236,9.999,6.852,16.24,14.636,359.053,75.548,175.048,309.393
2015,Minneapolis,MN,44.977388,-93.1468031,1707670863,3,3952,5895,1197276535457810,833682512675390,708793132165725,364991506570152,5.741,6.826,4.877,9.89,345.982,75.94,170.295,267.003
2016,Minneapolis,MN,44.9775503,-93.146621,1709359652,4,3952,5895,619529511095497,1485599759385767,385324779356260,1330150558573530,5.655,12.762,9.226,14.255,357.407,75.548,170.59,284.591
2017,Minneapolis,MN,44.9775579,-93.1467485,1709359653,4,3952,5895,619529511095497,1185101980166585,385324779356260,1330150558573530,11.089,12.826,1.566,11.944,357.407,75.548,170.59,284.591
2018,Minneapolis,MN,44.9802954,-93.1453034,1454962581,3,3952,5895,767247629631797,1292042518630526,819896802067846,941217883332186,9.194,8.909,4.646,31.569,30.838,91.279,201.33,211.242
2019,Minneapolis,MN,44.9702727,-93.1345414,12997906414,3,3953,5895,549784841496083,927791301113840,773348515243813,773348515243813,8.965,11.389,16.513,16.513,2.854,90.01,232.409,232.409
2020,Minneapolis,MN,44.970278,-93.1343651,12997906418,3,3953,5895,549784841496083,891088738105378,773348515243813,773348515243813,8.344,11.47,2.854,2.854,2.854,89.9,232.409,232.409
2021,Minneapolis,MN,44.9706324,-93.134539,12997906196,4,3953,5895,2593875744292761,2019095248831036,1437125620946238,3572285599575159,22.541,9.463,23.02,15.915,0.0,68.721,170.295,310.03
2022,Minneapolis,MN,44.9660511,-93.0846356,4505395004,4,3955,5895,218002881374284,372146968987373,411136391461675,951202600343141,7.652,22.755,22.703,0.818,1.576,143.345,162.557,300.092
2023,Minneapolis,MN,44.9661642,-93.0845401,2328084174,3,3955,5895,218002881374284,372146968987373,372146968987373,714873370533049,7.191,8.369,8.369,6.894,1.576,143.345,143.345,293.107
2024,Minneapolis,MN,44.9771023,-93.0909715,3394725411,3,3955,5895,883551930279678,883551930279678,1105940011018622,965700828942500,34.568,34.568,33.86,21.735,57.149,57.149,185.462,257.787
2025,Minneapolis,MN,44.9771387,-93.0909132,5741777219,3,3955,5895,883551930279678,1559882074733005,1105940011018622,965700828942500,31.734,33.769,29.276,19.173,57.149,66.421,185.462,257.787
2026,Minneapolis,MN,44.9782966,-93.0913206,2280263936,3,3955,5895,578007028319517,9315537135164507,1250779782878875,1144170903716818,9.777,4.495,9.495,8.187,53.349,94.724,170.126,242.345
2027,Minneapolis,MN,44.9784913,-93.0913211,2280263955,3,3955,5895,578007028319517,568123322520025,1316347563133331,1819076332243057,30.745,18.053,4.118,12.627,53.349,88.137,175.456,263.482
2028,Minneapolis,MN,44.9792862,-93.0913231,2280264005,3,3955,5895,3915369462066826,1251197619473948,1824890464584387,2452884171714518,22.12,2.433,10.236,10.619,359.361,90.072,178.823,266.114
2029,Minneapolis,MN,44.9794379,-93.0913235,2280264006,3,3955,5895,3915369462066826,8851859764902670,1824890464584387,2452884171714518,6.537,7.063,7.541,7.14,359.361,89.526,178.823,266.114
2030,Minneapolis,MN,44.9794393,-93.0904873,2280264007,3,3955,5895,572601892173005,3867949530112846,506102078447346,571402232148399,31.975,8.603,13.672,5.055,5.67,92.808,179.559,267.621
2031,Minneapolis,MN,44.9795909,-93.090367,2280264011,4,3955,5895,572601892173005,3867949530112846,506102078447346,921812039595662,12.714,10.732,9.929,20.772,5.67,92.808,179.559,268.601
2032,Minneapolis,MN,44.9795948,-93.0913238,2280264013,3,3955,5895,3915369462066826,8851859764902670,1824890464584387,2452884171714518,13.402,10.644,24.618,24.201,359.361,89.526,178.823,266.114
2033,Minneapolis,MN,44.9795948,-93.090489,2280264012,4,3955,5895,572601892173005,590756100011169,506102078447346,571402232148399,19.804,9.289,15.526,21.709,5.67,96.762,179.559,267.621
2034,Minneapolis,MN,44.9797452,-93.0904906,2280264023,3,3955,5895,572601892173005,590756100011169,506102078447346,582845397881656,18.747,9.821,29.363,19.894,5.67,96.762,179.559,269.307
2035,Minneapolis,MN,44.9648193,-93.0597158,13186069996,3,3956,5895,1315599117379423,3819128024896718,943887808587072,3135249273529890,14.945,11.259,14.359,15.366,333.948,61.784,225.238,266.787
2036,Minneapolis,MN,44.9648317,-93.0597059,13186069998,3,3956,5895,1315599117379423,1302105555396105,943887808587072,3135249273529890,14.516,10.278,13.199,14.253,333.948,61.223,225.238,266.787
2037,Minneapolis,MN,44.9649592,-93.0592569,12618350995,4,3956,5895,1995588411027960,921944114014265,1320458483245757,948449057704351,23.199,17.947,21.582,22.602,333.948,61.44,225.238,266.787
2038,Minneapolis,MN,44.9649679,-93.0594056,12618350994,3,3956,5895,1995588411027960,875549938834010,2392874747873507,948449057704351,15.767,10.691,13.577,15.23,333.948,61.223,225.238,266.787
2039,Minneapolis,MN,44.9649693,-93.0598371,13186069993,3,3956,5895,1315599117379423,1302105555396105,943887808587072,3135249273529890,5.567,10.231,7.225,6.154,333.948,61.223,225.238,266.787
2040,Minneapolis,MN,44.9650975,-93.0589917,12139536166,3,3956,5895,1478308577371944,1474456064028545,1298222995553601,1703147504176388,22.076,17.623,20.531,21.543,333.948,62.032,225.238,266.787
2041,Minneapolis,MN,44.9651581,-93.0590529,12139536174,4,3956,5895,1478308577371944,1474456064028545,1298222995553601,1703147504176388,14.097,9.915,12.83,13.276,333.948,62.032,225.238,266.787
2042,Minneapolis,MN,44.9652968,-93.0585922,12139536164,3,3956,5895,1870042120360330,923819786956746,1635847054222787,4292577017649308,20.938,16.259,20.393,21.866,333.948,62.927,225.238,266.787
2043,Minneapolis,MN,44.9652992,-93.0585253,12250704094,4,3956,5895,1870042120360330,923819786956746,1635847054222787,4292577017649308,24.024,19.575,22.47,23.701,333.948,62.927,225.238,266.787
2044,Minneapolis,MN,44.9653477,-93.0583219,12618350992,4,3956,5895,1252615046538265,1683959689724241,1641041976935818,2446127552510414,28.47,23.469,27.2,28.319,333.948,62.927,225.255,266.787
2045,Minneapolis,MN,44.9653533,-93.0586485,12139536176,4,3956,5895,1870042120360330,923819786956746,1635847054222787,4292577017649308,13.26,8.572,13.161,14.763,333.948,62.927,225.238,266.787
2046,Minneapolis,MN,44.9654002,-93.0585261,12618350993,3,3956,5895,1268517848684929,1488906136229492,1635847054222787,4292577017649308,14.768,9.692,14.267,14.919,333.948,62.927,225.238,266.787
2047,Minneapolis,MN,44.9655267,-93.0583138,5744183251,3,3956,5895,956478693574292,897140019992733,1361760136011973,949707014692509,12.81,7.365,10.886,13.981,333.948,62.187,225.255,266.787
2048,Minneapolis,MN,44.9657293,-93.0578848,13186070007,3,3956,5895,2401993390305617,1685164039141279,3522417377917177,1494016135473562,12.859,9.207,11.681,12.614,333.948,61.377,225.876,266.787
2049,Minneapolis,MN,44.9658762,-93.057533,13186070003,3,3956,5895,2137226110364087,2043695429542108,829400129530467,2040724927325230,14.795,10.869,15.034,14.966,333.948,62.401,225.876,266.787
2050,Minneapolis,MN,44.9659378,-93.0736784,3594989487,4,3956,5895,2749976095222911,1242063040990912,1343629950938392,508764126991726,12.402,7.915,3.634,11.733,0.614,86.692,169.954,271.741
2051,Minneapolis,MN,44.9659455,-93.0734578,3594989488,4,3956,5895,492529911896243,982127411004993,1275730551349030,508764126991726,5.768,6.083,13.622,23.127,1.026,103.924,172.938,271.741
2052,Minneapolis,MN,44.9660498,-93.0736799,3594989490,4,3956,5895,1664293668318870,1242063040990912,1214283203858015,508764126991726,4.574,9.115,4.364,3.398,19.323,86.692,172.938,271.741
2053,Minneapolis,MN,44.9660567,-93.0734563,3594989491,4,3956,5895,408266430291600,921863813792129,1214283203858015,508764126991726,5.164,6.384,13.634,20.865,0.0,103.924,172.938,271.741
2054,Minneapolis,MN,44.9665475,-93.0740891,13305104783,4,3956,5895,280095303789711,834469590500499,834469590500499,280095303789711,34.499,30.682,30.682,34.499,310.476,123.96,123.96,310.476
2055,Minneapolis,MN,44.9665517,-93.0736767,13305110343,3,3956,5895,1590304488934736,1481146676936216,2044036966145350,1572856953804350,9.601,12.989,3.762,18.63,7.183,101.89,181.876,261.308
2056,Minneapolis,MN,44.9665866,-93.0734443,13305110352,3,3956,5895,1122835351528147,1934007053893285,1293184102774757,955302200339286,6.946,6.406,6.063,5.312,357.436,90.752,175.248,264.0
2057,Minneapolis,MN,44.9665974,-93.0734547,13305110346,3,3956,5895,1122835351528147,1934007053893285,1435840834906052,1572856953804350,6.266,4.977,2.564,3.9,357.436,90.752,165.565,261.308
2058,Minneapolis,MN,44.9666412,-93.0734485,3594989626,4,3956,5895,990044911810835,1934007053893285,1293184102774757,955302200339286,7.53,2.41,4.622,2.51,358.199,90.752,175.248,264.0
2059,Minneapolis,MN,44.9666418,-93.0730107,3594989627,3,3956,5895,4429003460704716,3841645559475726,4530305683895135,3423576184484461,12.708,14.278,8.384,4.622,4.764,105.318,169.031,284.076
2060,Minneapolis,MN,44.9666707,-93.0734475,13305110349,3,3956,5895,990044911810835,1948391322709855,1293184102774757,2115602702313244,7.141,3.224,6.445,1.347,358.199,93.044,175.248,264.643
2061,Minneapolis,MN,44.9666967,-93.0734467,13305110354,3,3956,5895,990044911810835,1948391322709855,1293184102774757,2115602702313244,7.982,5.848,8.788,2.932,358.199,93.044,175.248,264.643
2062,Minneapolis,MN,44.9667045,-93.0736727,5744010203,3,3956,5895,331154945046045,1934007053893285,263840202148727,2201979823902495,11.499,16.907,5.146,16.467,358.421,90.752,179.534,260.852
2063,Minneapolis,MN,44.9710942,-93.0727319,13235275146,4,3956,5895,282710126879154,466563331100040,481587196448347,158857402915557,16.704,13.187,3.434,13.914,345.74,100.673,176.761,227.739
2064,Minneapolis,MN,44.9710959,-93.0724882,13235275145,4,3956,5895,282710126879154,466563331100040,481587196448347,158857402915557,28.893,28.575,18.773,24.224,345.74,100.673,176.761,227.739
2065,Minneapolis,MN,44.9712269,-93.0729548,13235275147,4,3956,5895,282710126879154,1026561854548541,525406832162557,158857402915557,33.32,3.774,21.034,33.324,345.74,90.0,172.67,227.739
2066,Minneapolis,MN,44.9712285,-93.0727634,13235275148,4,3956,5895,282710126879154,466563331100040,525406832162557,158857402915557,31.031,6.213,12.19,28.903,345.74,100.673,172.67,227.739
2067,Minneapolis,MN,44.9773079,-93.0652147,7628753539,3,3956,5895,2677402572632408,27386370330965438,27386370330965438,912905624785708,27.311,21.263,21.263,32.641,330.583,147.539,147.539,329.613
2068,Minneapolis,MN,44.9773939,-93.0632104,13439211388,3,3956,5895,1533252301100199,971461525440386,971461525440386,1533252301100199,18.416,13.2,13.2,18.416,329.328,149.54,149.54,329.328
2069,Minneapolis,MN,44.9773939,-93.0629808,13439211389,3,3956,5895,2016586938886098,1313331540856932,1313331540856932,2016586938886098,17.774,12.673,12.673,17.774,329.328,149.54,149.54,329.328
2070,Minneapolis,MN,44.9774362,-93.0652138,11815404102,4,3956,5895,2677402572632408,27386370330965438,27386370330965438,912905624785708,13.061,7.55,7.55,22.085,330.583,147.539,147.539,329.613
2071,Minneapolis,MN,44.9774516,-93.0646586,13434004752,4,3956,5895,1402535221150587,934182195895477,934182195895477,1402535221150587,11.373,6.687,6.687,11.373,329.613,149.236,149.236,329.613
2072,Minneapolis,MN,44.9774518,-93.0644055,13434004755,4,3956,5895,899899946295567,1299959928749841,1299959928749841,899899946295567,11.294,7.819,7.819,11.294,329.613,149.236,149.236,329.613
2073,Minneapolis,MN,44.9774524,-93.0635344,11885640592,4,3956,5895,1234720915482782,1299580128940873,1299580128940873,1234720915482782,12.455,6.161,6.161,12.455,329.906,149.236,149.236,329.906
2074,Minneapolis,MN,44.9774526,-93.0633316,11885581653,4,3956,5895,1441546950791689,961498219661200,961498219661200,1441546950791689,11.431,7.088,7.088,11.431,329.867,149.54,149.54,329.867
2075,Minneapolis,MN,44.9774527,-93.0632125,13439211386,4,3956,5895,1533252301100199,971461525440386,971461525440386,1533252301100199,12.318,7.253,7.253,12.318,329.328,149.54,149.54,329.328
2076,Minneapolis,MN,44.9774528,-93.0629796,13439211390,4,3956,5895,2016586938886098,1313331540856932,1313331540856932,2016586938886098,11.262,6.125,6.125,11.262,329.328,149.54,149.54,329.328
2077,Minneapolis,MN,44.9774533,-93.0621744,11815404101,4,3956,5895,1637950127388585,2153899032075140,2153899032075140,1637950127388585,12.34,6.684,6.684,12.34,329.328,149.411,149.411,329.328
2078,Minneapolis,MN,44.9774535,-93.0619123,11815404100,4,3956,5895,1651655499366480,1248214944083882,1248214944083882,1651655499366480,11.535,6.291,6.291,11.535,329.328,148.307,148.307,329.328
2079,Minneapolis,MN,44.977618,-93.0652818,11815404116,4,3956,5895,2659725207734114,2024563505078821,2024563505078821,912905624785708,6.981,14.0,14.0,24.272,330.583,147.539,147.539,329.613
2080,Minneapolis,MN,44.9776199,-93.0647881,11815404115,4,3956,5895,926151073205013,1662332271778966,1662332271778966,926151073205013,7.445,13.052,13.052,7.445,329.613,147.539,147.539,329.613
2081,Minneapolis,MN,44.9776208,-93.0635347,11885640599,4,3956,5895,1234720915482782,1299580128940873,1299580128940873,1234720915482782,9.228,12.565,12.565,9.228,329.906,149.236,149.236,329.906
2082,Minneapolis,MN,44.977621,-93.0633307,11885581651,4,3956,5895,1441546950791689,961498219661200,961498219661200,1441546950791689,7.84,13.057,13.057,7.84,329.867,149.54,149.54,329.867
2083,Minneapolis,MN,44.9776217,-93.0622312,11815404113,4,3956,5895,1637950127388585,2015638159326244,2015638159326244,1637950127388585,7.18,12.665,12.665,7.18,329.328,148.232,148.232,329.328
2084,Minneapolis,MN,44.9776219,-93.0619927,11815404112,4,3956,5895,1651655499366480,27405153932436025,27405153932436025,1651655499366480,9.264,13.149,13.149,9.264,329.328,149.411,149.411,329.328
2085,Minneapolis,MN,44.966634,-93.0451472,10038377229,3,3957,5895,2275793486448234,2012353846306171,929047553263900,1513546097011301,10.913,8.678,27.393,16.029,11.544,98.338,184.261,253.521
2086,Minneapolis,MN,44.9666373,-93.0454819,13186070024,4,3957,5895,954509443761719,721360220987171,989178366862753,946051834834704,11.678,7.861,30.764,12.93,11.544,98.338,233.915,257.963
2087,Minneapolis,MN,44.9668016,-93.0451275,10038377227,3,3957,5895,2275793486448234,2012353846306171,929047553263900,1502313364640179,8.021,10.091,9.279,2.697,11.544,98.338,184.261,244.044
2088,Minneapolis,MN,44.9668076,-93.0451347,13186070029,3,3957,5895,2275793486448234,2012353846306171,929047553263900,1502313364640179,8.756,10.771,9.019,2.975,11.544,98.338,184.261,244.044
2089,Minneapolis,MN,44.969798,-93.048565,13036352055,3,3957,5895,1742065593310649,3843508069226011,1323006855805779,1347622416651097,15.546,4.601,25.953,5.94,43.739,117.675,135.67,296.01
2090,Minneapolis,MN,44.9699259,-93.0484084,13036352058,3,3957,5895,1283033686306182,516705311390921,1115216040078999,506097038563940,4.311,4.665,32.89,13.979,42.89,48.329,215.877,243.067
2091,Minneapolis,MN,44.9699732,-93.0484735,13036352065,4,3957,5895,1283033686306182,1046488383810189,1115216040078999,1347622416651097,3.067,9.068,25.637,17.258,42.89,103.692,215.877,296.01
2092,Minneapolis,MN,44.9700353,-93.0485458,13036352064,4,3957,5895,1283033686306182,1046488383810189,1115216040078999,1347622416651097,11.967,6.755,17.144,21.481,42.89,103.692,215.877,296.01
2093,Minneapolis,MN,44.970418,-93.0506508,13186068966,3,3957,5895,1621361241822966,567009906301589,8704028973059282,1684604819140682,5.077,12.322,14.899,30.211,1.213,122.884,191.034,220.388
2094,Minneapolis,MN,44.9704517,-93.0478027,7031735997,3,3957,5895,1400661804641533,1745077472941374,1118959053111416,1400661804641533,9.833,9.654,17.423,9.833,316.346,46.248,133.81,316.346
2095,Minneapolis,MN,44.9710929,-93.047041,7031736017,4,3957,5895,3788222828096471,3788222828096471,2050626278712006,1951679222019563,8.087,8.087,22.703,13.755,38.851,38.851,213.82,308.793
2096,Minneapolis,MN,44.9711338,-93.0471485,7031736018,3,3957,5895,3788222828096471,2669816313226381,1104703211207019,1951679222019563,2.376,8.098,12.898,13.521,38.851,117.948,217.112,308.793
2097,Minneapolis,MN,44.9711747,-93.0508528,13186068875,4,3957,5895,1292877715253241,1540663416597424,648867010796765,8649688888491468,16.535,28.527,2.396,31.736,357.682,51.23,180.207,239.981
2098,Minneapolis,MN,44.9711821,-93.0506573,13186068871,3,3957,5895,1292877715253241,583365964302630,611822821304869,8649688888491468,1.459,19.097,8.61,16.348,357.682,132.82,180.333,239.981
2099,Minneapolis,MN,44.9713293,-93.0506483,9968380731,4,3957,5895,1172213394514071,583365964302630,898628952259748,8649688888491468,2.488,32.963,14.836,22.672,359.695,132.82,176.813,239.981
2100,Minneapolis,MN,44.9716847,-93.0499895,9968380723,3,3957,5895,948788016712605,1248021849644097,938592131822968,938592131822968,4.565,12.895,1.556,1.556,1.275,101.739,223.011,223.011
2101,Minneapolis,MN,44.9718724,-93.0497171,9968380740,3,3957,5895,1131335118620186,1579680946084902,572155989075270,572155989075270,5.81,14.004,5.463,5.463,39.568,102.021,230.89,230.89
2102,Minneapolis,MN,44.9718799,-93.0480547,9968380734,3,3957,5895,1695498114330828,865074319169858,605764825161938,975315574455146,16.196,8.553,2.553,14.812,359.04,88.452,188.478,270.751
2103,Minneapolis,MN,44.9719563,-93.0495953,9968380719,4,3957,5895,1131335118620186,589404470618455,572155989075270,631557299224413,18.751,3.294,8.288,10.504,39.568,67.328,230.89,267.629
2104,Minneapolis,MN,44.9719901,-93.0495909,9968380715,3,3957,5895,1131335118620186,589404470618455,572155989075270,631557299224413,22.026,3.283,11.718,6.76,39.568,67.328,230.89,267.629
2105,Minneapolis,MN,44.9719906,-93.0496438,9968380720,4,3957,5895,1131335118620186,1579680946084902,572155989075270,631557299224413,20.15,7.297,10.652,7.653,39.568,102.021,230.89,267.629
2106,Minneapolis,MN,44.9719929,-93.0498914,9968380739,3,3957,5895,455436960948716,546475321718202,1689559121623851,1714195342459382,17.124,4.34,19.849,8.149,3.994,91.344,173.346,270.043
2107,Minneapolis,MN,44.9719952,-93.0501332,9968380725,3,3957,5895,455436960948716,546475321718202,1689559121623851,516643604057390,21.686,14.802,0.841,5.89,3.994,91.344,173.346,271.581
2108,Minneapolis,MN,44.9719958,-93.0501988,9968380714,3,3957,5895,455436960948716,546475321718202,1689559121623851,1399939530983260,25.358,19.956,4.338,5.82,3.994,91.344,173.346,270.861
2109,Minneapolis,MN,44.9720558,-93.0508545,13186068846,3,3957,5895,1119012516299278,901002232173746,508020165023950,554247420768701,15.825,19.764,7.81,25.074,3.371,85.223,179.731,265.459
2110,Minneapolis,MN,44.9720575,-93.0506573,13186068850,3,3957,5895,1119012516299278,901002232173746,508020165023950,554247420768701,0.452,11.091,15.062,22.382,3.371,85.223,179.731,265.459
2111,Minneapolis,MN,44.9720636,-93.0508312,13186068848,3,3957,5895,1119012516299278,901002232173746,508020165023950,554247420768701,14.028,17.767,6.608,23.489,3.371,85.223,179.731,265.459
2112,Minneapolis,MN,44.9720819,-93.0506576,9968380728,4,3957,5895,1119012516299278,901002232173746,508020165023950,554247420768701,3.059,8.387,13.934,19.712,3.371,85.223,179.731,265.459
2113,Minneapolis,MN,44.9720834,-93.0506576,9968380730,3,3957,5895,1119012516299278,901002232173746,508020165023950,554247420768701,3.225,8.221,13.881,19.548,3.371,85.223,179.731,265.459
2114,Minneapolis,MN,44.972118,-93.0495891,9968380716,3,3957,5895,1131335118620186,976466124539202,572155989075270,631557299224413,34.916,6.581,25.324,7.5,39.568,91.714,230.89,267.629
2115,Minneapolis,MN,44.9721184,-93.0497051,9968380717,3,3957,5895,1131335118620186,932362578872908,572155989075270,944038577655518,32.965,5.192,25.127,9.597,39.568,90.499,230.89,270.307
2116,Minneapolis,MN,44.9721217,-93.0506576,9968380729,4,3957,5895,1119012516299278,901002232173746,508020165023950,554247420768701,7.474,4.0,13.169,15.398,3.371,85.223,179.731,265.459
2117,Minneapolis,MN,44.9721248,-93.0480581,2084047793,3,3957,5895,428711003541386,568885049252465,1256086452363859,1609947102944618,5.852,8.679,8.441,10.66,12.981,90.445,176.072,262.459
2118,Minneapolis,MN,44.9721964,-93.0508577,13186068841,4,3957,5895,1119012516299278,901002232173746,615949470876561,554247420768701,22.521,17.069,6.482,13.566,3.371,85.223,181.31,265.459
2119,Minneapolis,MN,44.9721964,-93.0506572,13186068845,3,3957,5895,1119012516299278,901002232173746,615949470876561,554247420768701,15.775,4.438,14.012,7.669,3.371,85.223,181.31,265.459
2120,Minneapolis,MN,44.9758514,-93.0416847,8021253647,3,3957,5895,778616960442822,995769558108625,781626233609372,757968429302349,3.611,20.929,13.911,34.502,0.0,93.7,157.409,254.836
2121,Minneapolis,MN,44.9657099,-93.0251896,13144590477,3,3958,5895,1820619671945871,1756250769114765,948533561137445,975806631794715,10.497,25.913,14.502,10.133,344.933,112.302,178.052,265.454
2122,Minneapolis,MN,44.965725,-93.0252072,13144590475,3,3958,5895,2078608799349330,1756250769114765,948533561137445,975806631794715,8.731,23.936,13.582,9.179,341.499,112.302,178.052,265.454
2123,Minneapolis,MN,44.9657487,-93.0254164,13153742094,3,3958,5895,2078608799349330,1756250769114765,961743476810482,967956479248570,7.943,9.078,3.225,6.121,341.499,112.302,186.047,261.996
2124,Minneapolis,MN,44.9657533,-93.0279645,13186070081,3,3958,5895,1624506098873531,971377535345776,2742342352782470,1486139926426185,6.982,14.676,6.778,11.721,4.304,102.434,225.214,256.72
2125,Minneapolis,MN,44.9657549,-93.0277457,13186070085,3,3958,5895,26263317183336899,1413942390768954,934811679478683,1462175328847859,7.253,7.969,9.786,10.201,1.645,102.434,209.476,265.547
2126,Minneapolis,MN,44.9657606,-93.0254057,13153742096,3,3958,5895,963986489380058,1756250769114765,2139349883532444,892882603808553,10.802,8.615,2.76,7.173,354.718,112.302,176.781,270.236
2127,Minneapolis,MN,44.9657676,-93.0279544,13186070083,3,3958,5895,1624506098873531,971377535345776,1189147736487291,1486139926426185,6.255,13.097,16.051,10.178,4.304,102.434,181.222,256.72
2128,Minneapolis,MN,44.9657684,-93.0277615,13186070084,3,3958,5895,26263317183336899,1413942390768954,934811679478683,1462175328847859,5.62,6.643,8.941,8.327,1.645,102.434,209.476,265.547
2129,Minneapolis,MN,44.9658455,-93.0252019,13144590474,3,3958,5895,928794796736239,1756250769114765,966472655822868,892882603808553,17.592,22.41,14.079,12.209,352.555,112.302,178.235,270.236
2130,Minneapolis,MN,44.9658626,-93.0251952,13144590476,3,3958,5895,928794796736239,1756250769114765,1296445135780565,892882603808553,18.04,23.287,15.287,13.403,352.555,112.302,178.235,270.236
2131,Minneapolis,MN,44.9658849,-93.0254017,13153742097,3,3958,5895,928794796736239,1756250769114765,1296445135780565,925082530313957,3.236,10.079,4.73,4.815,352.555,112.302,178.235,265.477
2132,Minneapolis,MN,44.9658905,-93.0279476,13186070064,3,3958,5895,998735679149234,4083033978661850,1189147736487291,26373673742296651,7.231,7.937,4.313,8.565,358.637,80.372,181.222,276.968
2133,Minneapolis,MN,44.9658937,-93.0277672,13186070063,3,3958,5895,998735679149234,4083033978661850,1189147736487291,2104643940383496,7.517,6.6,10.343,4.047,358.637,80.372,181.222,270.015
2134,Minneapolis,MN,44.9659029,-93.0254164,13153742098,3,3958,5895,928794796736239,1756250769114765,1296445135780565,3317266065114095,4.738,11.096,4.133,4.612,352.555,112.302,178.235,279.447
2135,Minneapolis,MN,44.9659041,-93.0279656,13186070065,3,3958,5895,998735679149234,3031933480341512,1189147736487291,26373673742296651,8.34,9.278,5.365,9.64,358.637,84.707,181.222,276.968
2136,Minneapolis,MN,44.9659057,-93.0277502,13186070061,3,3958,5895,998735679149234,4083033978661850,1189147736487291,2104643940383496,8.646,7.789,11.587,4.709,358.637,80.372,181.222,270.015
2137,Minneapolis,MN,44.9662745,-93.0277508,13186069673,4,3958,5895,2287558494985193,1346823237503330,1670329560829927,2675843116122685,2.297,1.604,12.03,2.579,10.364,90.301,164.014,269.322
2138,Minneapolis,MN,44.9662754,-93.0279584,13186069554,4,3958,5895,999207222606660,810202225456600,4202548366725179,828514636936704,10.133,9.566,8.565,13.774,349.527,91.16,200.724,269.874
2139,Minneapolis,MN,44.9666103,-93.0277513,13186070058,4,3958,5895,1978356702800885,3419931478169008,914581024893498,979621421186433,7.932,6.467,11.933,13.462,3.985,95.945,170.328,322.133
2140,Minneapolis,MN,44.9666164,-93.0279518,13186070054,3,3958,5895,720232627766453,2317472241995436,1330006415605566,979621421186433,8.714,9.563,3.933,9.12,0.371,85.508,169.323,322.133
2141,Minneapolis,MN,44.9666221,-93.027931,13186070056,3,3958,5895,720232627766453,2317472241995436,1330006415605566,979621421186433,6.977,7.833,2.221,7.742,0.371,85.508,169.323,322.133
2142,Minneapolis,MN,44.9667599,-93.0277742,13186069797,3,3958,5895,720232627766453,963445792740507,1330006415605566,979621421186433,13.373,7.184,18.228,12.21,0.371,84.329,169.323,322.133
2143,Minneapolis,MN,44.966761,-93.0279289,13186069798,3,3958,5895,1219090590027964,2317472241995436,1330006415605566,1573837060370466,7.369,15.914,15.42,6.143,15.997,85.508,169.323,318.29
2144,Minneapolis,MN,44.9667745,-93.027747,13186069795,3,3958,5895,720232627766453,963445792740507,1330006415605566,979621421186433,15.855,8.353,20.785,14.883,0.371,84.329,169.323,322.133
2145,Minneapolis,MN,44.9699161,-93.0204891,8295413440,3,3958,5895,1628276624313358,1502612868165020,1565464501346852,953214879054451,29.856,32.896,25.639,24.406,311.781,111.98,188.822,269.781
2146,Minneapolis,MN,44.9700905,-93.0206073,8295413443,3,3958,5895,1370738760443197,1502612868165020,1565464501346852,1430099835289695,34.638,17.73,11.007,16.26,300.781,111.98,188.822,283.583
2147,Minneapolis,MN,44.949694,-93.3207348,6655039974,3,3944,5896,649468070607811,224829337007305,1512695636152670,914326513448588,24.943,21.8,20.483,20.483,3.999,93.999,211.999,248.999
2148,Minneapolis,MN,44.9498335,-93.3289505,8934232791,4,3944,5896,1850727552211312,839302200034596,2558615864448246,1424501187888788,16.882,10.931,19.244,14.997,355.346,101.558,179.622,228.099
2149,Minneapolis,MN,44.9499002,-93.328615,8934232811,3,3944,5896,1850727552211312,2001612580014391,884976529037486,593332728342652,10.739,21.213,11.83,7.879,355.346,55.516,235.071,266.535
2150,Minneapolis,MN,44.9504787,-93.3223427,2480740079,4,3944,5896,290451386046488,142471401135880,818513809042799,818513809042799,6.408,5.344,4.086,4.086,43.339,54.288,215.288,215.288
2151,Minneapolis,MN,44.9507662,-93.3179537,5795495919,4,3944,5896,1724939081266405,878729887167166,624692943168293,6989267754425920,8.925,7.321,11.085,14.661,58.997,73.997,220.997,246.997
2152,Minneapolis,MN,44.9508274,-93.3179531,4195949314,3,3944,5896,1724939081266405,878729887167166,624692943168293,6989267754425920,2.883,4.161,5.399,8.624,58.997,73.997,220.997,246.997
2153,Minneapolis,MN,44.9513143,-93.3263264,8934232871,3,3944,5896,246092987272014,136589045160757,1178092099269733,1458662837816978,22.186,22.189,4.737,3.785,58.695,83.42,198.763,281.412
2154,Minneapolis,MN,44.9516701,-93.3249051,8934232848,3,3944,5896,4166010216809773,4243380332416815,1505825439754649,784966102140635,6.259,14.444,8.318,8.722,3.375,67.028,178.198,276.647
2155,Minneapolis,MN,44.9519882,-93.325088,13302704504,3,3944,5896,826887048186701,2950568618550426,2615018072010441,622685505363176,9.449,23.156,6.488,32.764,358.378,35.287,181.815,265.384
2156,Minneapolis,MN,44.9520669,-93.319388,11099615122,4,3944,5896,668530281209608,2640169282946151,4535750203103412,264062148510754,15.0,4.827,9.288,14.679,18.276,88.201,195.268,255.296
2157,Minneapolis,MN,44.9527699,-93.3209865,12697209621,3,3944,5896,3970679649680395,1211407172615225,252234123357509,4349282455131320,9.391,9.195,8.978,18.192,347.569,69.965,143.034,244.2
2158,Minneapolis,MN,44.9529085,-93.3211142,11093004732,3,3944,5896,1190895961323024,1211407172615225,508813820482428,4349282455131320,11.329,9.215,10.373,3.078,31.152,69.965,155.858,244.2
2159,Minneapolis,MN,44.9529457,-93.3210817,11093004731,3,3944,5896,1190895961323024,1211407172615225,508813820482428,4204874382937796,12.084,11.992,9.012,2.61,31.152,69.965,155.858,236.946
2160,Minneapolis,MN,44.9530114,-93.3208996,11093004729,3,3944,5896,3788658101239677,306382920889577,461325078282328,2852810974942150,12.33,12.616,5.568,4.754,311.277,59.107,221.794,241.262
2161,Minneapolis,MN,44.9531067,-93.3211731,8934232857,3,3944,5896,1190895961323024,1211407172615225,508813820482428,1507531076262704,31.096,31.201,26.96,21.943,31.152,69.965,155.858,241.392
2162,Minneapolis,MN,44.9532313,-93.3202383,11093004726,4,3944,5896,819033588997222,4144726632261702,167944308585538,464369737995716,2.588,10.529,9.997,10.975,18.623,70.543,218.342,226.709
2163,Minneapolis,MN,44.9534526,-93.3189273,11099615107,4,3944,5896,507179647079085,1110856866066599,1562261041130895,487435046009559,27.072,9.095,34.231,14.371,0.0,76.361,180.213,259.516
2164,Minneapolis,MN,44.9539938,-93.3189168,33295432,3,3944,5896,1088694982789554,598946155987495,898577908965420,564960672954815,15.198,15.578,5.961,17.277,335.604,61.269,181.247,264.03
2165,Minneapolis,MN,44.9496087,-93.3082835,7891019840,3,3945,5896,1155185843338415,984185842852724,627548859466738,1155185843338415,28.996,18.398,20.361,28.996,300.768,118.531,121.778,300.768
2166,Minneapolis,MN,44.9497144,-93.3146631,12644058936,4,3945,5896,829637335479291,280654474670809,1217828615559772,1327237862085571,24.954,23.244,24.954,11.389,0.0,86.0,169.968,246.842
2167,Minneapolis,MN,44.9499747,-93.300454,1664432789,3,3945,5896,325906195597353,699790774953439,1839245093340626,663582975328381,30.182,34.702,28.628,33.036,358.79,69.983,178.499,270.0
2168,Minneapolis,MN,44.9499795,-93.3011191,1664432795,3,3945,5896,325906195597353,1077829910256753,24885351037737687,141579897891647,22.964,33.743,23.776,12.535,358.79,87.984,178.602,269.11
2169,Minneapolis,MN,44.9500097,-93.3053091,9258670950,3,3945,5896,266596456079417,812589117161871,724252353962486,141872108945940,10.593,14.654,1.2,1.941,351.944,69.766,199.487,275.975
2170,Minneapolis,MN,44.9500161,-93.2981276,430584914,4,3945,5896,1206477834571863,1380083972860251,1344309590557447,24491124367195206,0.873,34.416,18.364,13.818,6.06,93.982,180.942,275.503
2171,Minneapolis,MN,44.9500194,-93.3009332,11021257400,4,3945,5896,272124011308940,3611218172441450,1314817010218508,4518223234861626,8.093,29.045,9.109,7.731,352.668,87.984,181.448,274.616
2172,Minneapolis,MN,44.9500359,-93.304901,2601606330,4,3945,5896,630684892162412,280524704674526,1569425130529499,141872108945940,29.741,32.04,14.745,33.293,16.247,66.73,192.874,275.975
2173,Minneapolis,MN,44.9500492,-93.3057057,1170654801,3,3945,5896,266596456079417,1417328679108736,3767427063401971,141872108945940,23.457,29.492,32.02,30.193,351.944,64.78,197.461,275.975
2174,Minneapolis,MN,44.9500542,-93.3007349,10242841551,4,3945,5896,272124011308940,275421122054417,1745064859460862,747831959216190,9.771,24.317,6.523,8.63,352.668,88.984,178.552,294.781
2175,Minneapolis,MN,44.950068,-93.3049004,1664432849,3,3945,5896,630684892162412,280524704674526,1569425130529499,141872108945940,27.976,30.859,14.317,33.674,16.247,66.73,192.874,275.975
2176,Minneapolis,MN,44.950075,-93.3031086,1664432855,3,3945,5896,277046561912757,838535117679932,160656657102421,24436902872586960,33.567,31.032,33.567,32.014,54.985,92.985,144.985,272.638
2177,Minneapolis,MN,44.9500768,-93.3022157,1664432860,3,3945,5896,2842002552687379,190113727382747,350050187687677,827111184600184,14.524,30.002,25.904,23.111,358.421,87.87,200.985,280.81
2178,Minneapolis,MN,44.9500943,-93.3036227,1664432862,3,3945,5896,313079411318581,1029007575041957,1358478415054722,584170308018411,32.468,31.851,32.468,33.273,34.986,102.986,141.986,276.716
2179,Minneapolis,MN,44.9500949,-93.3019974,11021289646,4,3945,5896,2842002552687379,965884324499120,1568795793659249,827111184600184,10.59,22.926,27.807,6.065,358.421,87.984,164.984,280.81
2180,Minneapolis,MN,44.9500957,-93.2981099,12827464610,4,3945,5896,770244382386023,1354055102152046,678291291953319,1117019673320023,1.806,25.137,19.807,4.748,3.241,100.981,180.395,291.075
2181,Minneapolis,MN,44.9501051,-93.3022096,10242866381,4,3945,5896,2842002552687379,190113727382747,350050187687677,762236363277683,12.135,26.88,22.839,23.485,358.421,87.87,200.985,271.349
2182,Minneapolis,MN,44.9501388,-93.3032739,10242866388,3,3945,5896,277046561912757,263931072700278,341966981562823,2611172625887266,24.904,24.904,26.217,25.215,54.985,96.985,175.986,270.0
2183,Minneapolis,MN,44.9501488,-93.3034865,1664432910,3,3945,5896,313079411318581,2755672827908674,341966981562823,1489144575670914,24.957,25.898,25.898,25.488,34.986,78.986,175.986,271.798
2184,Minneapolis,MN,44.9501551,-93.2969202,1664328903,4,3945,5896,244996731463577,1040463224036438,774481058830745,1411919677259912,27.148,23.368,2.365,6.968,334.981,92.981,178.263,244.023
2185,Minneapolis,MN,44.9501642,-93.3048987,1664432914,3,3945,5896,808006774101077,128791003608422,323924886735841,782548564132349,23.861,26.696,12.178,32.195,12.155,56.065,187.0,271.686
2186,Minneapolis,MN,44.9501691,-93.3032751,10242866389,4,3945,5896,277046561912757,263931072700278,341966981562823,2611172625887266,21.566,21.566,22.968,21.851,54.985,96.985,175.986,270.0
2187,Minneapolis,MN,44.9501739,-93.2969203,13706784223,3,3945,5896,244996731463577,1040463224036438,774481058830745,1411919677259912,25.123,21.437,0.657,7.918,334.981,92.981,178.263,244.023
2188,Minneapolis,MN,44.9502063,-93.3048969,2042312517,4,3945,5896,808006774101077,302753688949618,323924886735841,782548564132349,22.858,30.789,11.221,27.546,12.155,88.026,187.0,271.686
2189,Minneapolis,MN,44.9502155,-93.3087909,6518424704,3,3945,5896,828599652925359,3300723806892426,323852763380797,828599652925359,9.903,20.195,20.607,9.903,300.768,118.0,120.185,300.768
2190,Minneapolis,MN,44.9502669,-93.3020041,11021289643,4,3945,5896,1046178363231037,251352321234636,1568795793659249,589361823270417,3.036,3.036,9.458,2.486,16.985,108.985,164.984,281.739
2191,Minneapolis,MN,44.9502749,-93.3021979,10242866382,4,3945,5896,308374311003028,190113727382747,350050187687677,762236363277683,9.563,8.313,5.542,4.582,356.884,87.87,200.985,271.349
2192,Minneapolis,MN,44.9503435,-93.303472,10242866363,4,3945,5896,313079411318581,597528162287010,341966981562823,1489144575670914,3.948,8.3,8.713,5.287,34.986,92.996,175.986,271.798
2193,Minneapolis,MN,44.9504262,-93.2981177,11020696470,4,3945,5896,25107338978852348,713688373898296,820513569774326,289213120638315,1.628,6.334,6.552,5.984,354.227,94.391,156.981,264.981
2194,Minneapolis,MN,44.9505143,-93.3032712,10242866391,4,3945,5896,995971461521063,314921114304323,341966981562823,2611172625887266,14.569,11.959,18.146,16.562,316.985,86.484,175.986,270.0
2195,Minneapolis,MN,44.9506216,-93.298429,13522839621,4,3945,5896,779289271619292,1421584728632670,1142820163842290,2295028624205702,11.838,33.972,6.722,21.865,358.812,91.527,180.395,308.0
2196,Minneapolis,MN,44.9506266,-93.304873,10242866392,4,3945,5896,1214828582537897,302753688949618,260414930210374,830775252123926,16.278,16.003,6.35,16.333,1.689,88.026,159.0,263.987
2197,Minneapolis,MN,44.950723,-93.3059529,1029671495,3,3945,5896,3295919620707076,1555442385200310,823534072765391,273570362216502,22.157,21.098,20.117,20.981,11.988,86.988,159.988,269.988
2198,Minneapolis,MN,44.950777,-93.3139918,12644058938,4,3945,5896,1630357654124500,1034008564303472,704763828363826,280567491411126,30.67,31.145,33.376,31.665,18.994,95.994,223.994,261.994
2199,Minneapolis,MN,44.950819,-93.3056693,1029671528,4,3945,5896,1305805010585182,1334274031443473,840401847429485,831777655019114,17.547,21.104,17.407,17.022,9.64,73.597,215.288,231.868
2200,Minneapolis,MN,44.9509518,-93.3054565,1170651932,3,3945,5896,1305805010585182,1007196633924242,777649554148620,1489670385168078,16.247,8.662,3.438,13.492,9.64,109.0,167.529,255.839
2201,Minneapolis,MN,44.9509945,-93.305751,12150861096,3,3945,5896,1305805010585182,1047251476429003,607127871547186,643078360887611,31.812,9.394,25.075,11.542,9.64,96.295,180.0,267.813
2202,Minneapolis,MN,44.951031,-93.305768,12034145514,3,3945,5896,2109831819221847,1035378681238706,607127871547186,643078360887611,31.036,5.193,25.751,7.508,41.132,100.927,180.0,267.813
2203,Minneapolis,MN,44.951135,-93.3054754,5795495918,3,3945,5896,2109831819221847,1355778395290060,607127871547186,667887748715559,5.321,3.695,9.943,4.993,41.132,88.844,180.0,262.893
2204,Minneapolis,MN,44.9515367,-93.3045579,13111100225,3,3945,5896,824958749113545,659429959478591,592121639668882,297800039494689,11.119,11.592,8.202,8.002,10.42,87.523,217.67,231.315
2205,Minneapolis,MN,44.9516695,-93.3045106,945515521,3,3945,5896,216088788110708,339558465078581,1315223782748132,971420193973609,2.908,1.787,15.97,18.305,44.796,87.871,219.908,245.432
2206,Minneapolis,MN,44.9518791,-93.2981374,7649452707,3,3945,5896,803460608910091,844335428752513,820233201929278,3740152879617969,3.021,5.792,17.049,24.926,2.133,79.33,142.1,275.029
2207,Minneapolis,MN,44.9518793,-93.2981106,11020696487,3,3945,5896,803460608910091,1087525933462404,820233201929278,3740152879617969,5.042,5.646,18.15,25.964,2.133,99.173,142.1,275.029
2208,Minneapolis,MN,44.9521195,-93.3119206,11099616033,3,3945,5896,1009728880156444,665195082150034,665195082150034,1124043131731913,29.909,34.94,34.94,30.941,325.855,130.177,130.177,310.627
2209,Minneapolis,MN,44.9522035,-93.3117643,11099616005,3,3945,5896,1009728880156444,288419977273536,629257419310300,1124043131731913,14.489,22.479,21.596,16.485,325.855,90.0,154.218,310.627
2210,Minneapolis,MN,44.9522779,-93.3033572,9975199036,4,3945,5896,5833981759971585,1675649262918151,1214938983232436,268586705880121,22.019,22.52,3.146,3.193,40.065,62.805,217.048,222.783
2211,Minneapolis,MN,44.9523335,-93.3120228,11099616034,4,3945,5896,1723809811406864,665195082150034,720674103220286,1335486680659429,25.526,34.545,30.278,29.553,341.184,130.177,171.2,326.087
2212,Minneapolis,MN,44.9523616,-93.3115647,11014442582,3,3945,5896,584333020564665,288419977273536,3546302765618126,1335486680659429,9.539,8.702,2.083,8.516,334.742,90.0,149.309,326.087
2213,Minneapolis,MN,44.9524284,-93.3035639,9975199038,3,3945,5896,1064285271614054,616638147023681,793287855675672,297715746094820,1.302,2.991,12.493,12.114,44.886,60.354,221.497,226.067
2214,Minneapolis,MN,44.9528289,-93.3024598,10242866369,4,3945,5896,985318032587380,1034927477503937,305167518646693,2430252947129254,34.3,34.898,9.893,9.245,19.239,50.987,210.53,218.179
2215,Minneapolis,MN,44.9528645,-93.3026131,9975199034,4,3945,5896,985318032587380,1034927477503937,1032672031001444,2430252947129254,22.184,22.421,3.007,4.161,19.239,50.987,211.982,218.179
2216,Minneapolis,MN,44.9538245,-93.2968877,11177454803,4,3945,5896,212932040384359,158560369535891,840290381662574,245334390719268,10.698,6.531,8.374,7.637,359.301,90.0,186.727,271.942
2217,Minneapolis,MN,44.9538273,-93.2970751,11177454800,4,3945,5896,212932040384359,278435597312527,840290381662574,2811440872503491,5.245,6.479,6.682,12.001,359.301,90.0,186.727,298.191
2218,Minneapolis,MN,44.9541981,-93.3121898,11099616078,3,3945,5896,3551754845143294,1329215591015472,325753949962187,275664521919117,18.555,6.432,10.996,18.762,351.526,74.038,158.546,252.798
2219,Minneapolis,MN,44.9543451,-93.2971512,13298713500,3,3945,5896,1166712698590021,1267499608507447,775228055129358,1393648315007523,7.855,4.69,12.998,9.442,0.0,35.286,180.0,305.499
2220,Minneapolis,MN,44.9545969,-93.2979008,7172093582,3,3945,5896,3992654807622295,1202823101336541,1806403346606426,1197575161832089,30.614,26.959,16.434,14.207,0.0,121.566,222.484,240.523
2221,Minneapolis,MN,44.9550472,-93.2968867,11177454807,3,3945,5896,752960894399902,850085348879373,1966081250820470,2981117742103887,3.274,7.114,2.878,4.476,18.478,102.265,198.419,285.163
2222,Minneapolis,MN,44.9552091,-93.2971279,13728141842,3,3945,5896,209021844152465,426719481712176,1903518563545860,2981117742103887,14.524,23.6,0.623,30.468,14.431,93.072,198.815,285.163
2223,Minneapolis,MN,44.9554437,-93.3017679,945515364,3,3945,5896,987334039209649,1496504547759824,813248330352023,1071971400878988,0.666,21.512,17.498,0.291,333.0,144.715,160.515,323.689
2224,Minneapolis,MN,44.9556516,-93.2984657,11177492089,4,3945,5896,1106268683211900,247275570481645,313179777048302,2867260610214767,8.857,14.086,9.312,5.854,10.863,98.388,189.358,290.8
2225,Minneapolis,MN,44.9563969,-93.2963496,11177492047,4,3945,5896,1132815550546495,761544594545093,460836211887273,472626580611091,14.72,14.953,10.465,3.28,27.956,30.099,215.285,287.601
2226,Minneapolis,MN,44.9565112,-93.297048,11177485254,4,3945,5896,517664139253380,822163375057067,179159023985363,819455992333318,20.485,17.17,23.75,9.708,6.868,85.383,215.832,290.361
2227,Minneapolis,MN,44.9577127,-93.3033648,11179095278,3,3945,5896,333226545701734,1023601849092038,1739564486504874,612273871090455,16.928,24.759,13.244,22.287,2.316,33.018,193.713,210.912
2228,Minneapolis,MN,44.958249,-93.3045222,4989295527,3,3945,5896,976394206806717,262916573151503,1053097142290363,321220180313133,8.253,22.134,26.292,32.181,13.272,34.092,176.606,240.233
2229,Minneapolis,MN,44.9583238,-93.3047694,9975291491,3,3945,5896,228500263485179,262916573151503,808505034341634,321220180313133,13.404,22.67,7.691,34.79,13.272,34.092,173.109,240.233
2230,Minneapolis,MN,44.9585263,-93.3027751,11179095277,4,3945,5896,972770363987654,651364503752516,671217881539357,616726260639728,27.894,31.277,12.351,11.984,12.759,57.193,207.662,214.092
2231,Minneapolis,MN,44.9590266,-93.309787,945514793,3,3945,5896,221620947513746,2034504156723096,181089448332305,526510279659751,30.758,32.429,1.8,3.016,21.461,32.391,206.452,233.564
2232,Minneapolis,MN,44.9590613,-93.2970359,11179136041,4,3945,5896,215777456735694,477424840250758,4057388080951220,2569733183332179,7.292,3.99,11.097,25.021,16.244,75.997,181.267,265.834
2233,Minneapolis,MN,44.9590902,-93.3103768,11188109492,3,3945,5896,295488449656599,2034504156723096,283482644422631,1014273943091491,16.207,30.246,15.897,17.851,15.606,32.391,201.414,215.145
2234,Minneapolis,MN,44.9592024,-93.2968371,11179136050,4,3945,5896,603317237292317,477424840250758,2953991598223502,2569733183332179,7.283,22.098,7.961,10.993,2.431,75.997,218.09,265.834
2235,Minneapolis,MN,44.9593004,-93.3102693,11099709540,3,3945,5896,257028313780699,2034504156723096,1002997214375126,1002997214375126,17.704,17.554,25.338,25.338,27.488,32.391,215.182,215.182
2236,Minneapolis,MN,44.9597903,-93.3085558,11193901341,3,3945,5896,160812333723583,1336330916974667,2182331205305535,1468801680625836,8.308,27.246,4.852,2.464,303.799,106.478,198.274,270.0
2237,Minneapolis,MN,44.9597903,-93.3085251,11193857019,3,3945,5896,160812333723583,638499291573787,2182331205305535,1468801680625836,6.093,26.299,6.683,1.65,303.799,117.34,198.274,270.0
2238,Minneapolis,MN,44.9602564,-93.3085168,11193901338,4,3945,5896,5760517140717656,838029197614003,288167447175576,994622911681211,21.411,20.215,13.62,30.249,0.0,75.587,180.507,227.744
2239,Minneapolis,MN,44.9607484,-93.3011298,11014503305,3,3945,5896,853966619723403,1225510881214913,1324989648101607,1491638688237926,18.33,17.034,21.271,23.163,53.049,87.752,181.267,291.985
2240,Minneapolis,MN,44.9608764,-93.2998392,11179095287,4,3945,5896,1671607086670966,554352743482989,828904715412282,312772381268757,17.697,1.343,18.172,17.754,0.0,93.152,180.0,270.0
2241,Minneapolis,MN,44.9608764,-93.2996107,11179095310,4,3945,5896,1671607086670966,985452536081930,828904715412282,312772381268757,2.216,3.021,2.599,2.632,0.0,90.0,180.0,270.0
2242,Minneapolis,MN,44.9609653,-93.301997,945515208,3,3945,5896,2185475848328604,3409407689297358,1027956038569632,1548397249233740,0.127,23.306,22.714,21.094,338.895,146.024,150.744,325.24
2243,Minneapolis,MN,44.9610067,-93.2996113,11179095304,4,3945,5896,616225697318094,515988299434698,634019148539179,312772381268757,11.468,5.899,11.468,11.896,0.0,90.391,180.0,270.0
2244,Minneapolis,MN,44.9610107,-93.3012951,11014459904,3,3945,5896,853966619723403,649045750624993,293855972341699,1491638688237926,23.723,14.684,5.774,14.4,53.049,88.073,164.197,291.985
2245,Minneapolis,MN,44.9626492,-93.2982797,11179095306,4,3945,5896,139909082515080,838519494367763,266953622956321,688417083190239,3.03,18.058,2.068,1.728,325.408,133.491,179.15,266.483
2246,Minneapolis,MN,44.9626492,-93.2980834,11179136079,4,3945,5896,835810154613315,838519494367763,2985449998442343,6282633311847095,11.109,30.297,11.886,3.506,331.897,133.491,180.0,265.648
2247,Minneapolis,MN,44.9626544,-93.3006439,11179148025,3,3945,5896,1509626692908808,1290543848333491,248447004792195,1336469093626993,5.595,16.52,7.455,1.599,306.952,93.85,197.064,272.269
2248,Minneapolis,MN,44.9626604,-93.3012754,11179095300,3,3945,5896,1066060308105231,320505680407059,379418849985541,722203579717651,4.631,5.099,4.375,6.586,353.577,101.059,184.902,267.925
2249,Minneapolis,MN,44.9628138,-93.3008287,11179148008,3,3945,5896,1441613336567234,335432458916531,1481071322689958,138326621615775,14.436,0.834,14.063,7.52,359.263,90.835,233.909,269.182
2250,Minneapolis,MN,44.9628435,-93.3038549,945515099,3,3945,5896,2215032622029134,1841862199548955,188577117547274,298804659299061,1.825,7.934,15.821,3.117,5.574,40.53,162.171,314.329
2251,Minneapolis,MN,44.9630437,-93.3035094,11014459890,3,3945,5896,834654395001482,243459841497738,190192877382007,1025349098829797,7.856,9.794,16.142,8.909,36.755,77.204,191.756,237.644
2252,Minneapolis,MN,44.9630617,-93.3036539,11014459891,3,3945,5896,813430277227991,1056051221954220,190192877382007,301586239041273,0.75,2.816,7.184,1.541,42.074,60.284,191.756,238.271
2253,Minneapolis,MN,44.9633624,-93.3039763,11014055472,4,3945,5896,814595956718013,663755875335407,828566668453158,824249195955460,2.023,1.778,7.482,7.264,355.74,90.0,195.803,321.04
2254,Minneapolis,MN,44.9643874,-93.2982716,11179148015,4,3945,5896,330791858467792,4121276397929281,1913837255448615,135167338604287,9.46,7.539,4.038,21.478,27.322,73.084,172.985,270.0
2255,Minneapolis,MN,44.9643945,-93.3008222,11179148007,4,3945,5896,302343328937928,212414203768551,505269683934900,2061726590832399,13.536,12.543,15.587,21.233,357.545,91.012,154.956,282.742
2256,Minneapolis,MN,44.9644146,-93.2980917,11179148018,4,3945,5896,2569458163363913,4121276397929281,2942702719188018,135167338604287,14.795,17.776,10.26,9.616,358.379,73.084,186.641,270.0
2257,Minneapolis,MN,44.9645244,-93.2982738,11179168208,4,3945,5896,2569458163363913,4121276397929281,2942702719188018,135167338604287,6.683,8.945,8.959,18.371,358.379,73.084,186.641,270.0
2258,Minneapolis,MN,44.9645253,-93.3008219,11179168200,4,3945,5896,644475800787480,212414203768551,298349391746506,2061726590832399,15.113,12.976,8.053,15.113,0.0,91.012,182.614,282.742
2259,Minneapolis,MN,44.9645279,-93.3006351,11179168203,4,3945,5896,644475800787480,212414203768551,298349391746506,2061726590832399,0.417,9.012,13.864,0.417,0.0,91.012,182.614,282.742
2260,Minneapolis,MN,44.9645298,-93.2980824,11179168211,4,3945,5896,2569458163363913,4121276397929281,2942702719188018,135167338604287,8.392,20.218,12.38,4.962,358.379,73.084,186.641,270.0
2261,Minneapolis,MN,44.9500442,-93.2932973,10582652543,4,3946,5896,2138395343312832,1408018786727373,975961876963094,4289558797987253,16.343,29.221,32.636,23.387,342.897,93.978,193.977,272.38
2262,Minneapolis,MN,44.9500517,-93.2879673,6783331645,4,3946,5896,4015888008527708,665592375448936,615229638194404,308234621642609,5.656,33.197,15.437,30.946,0.0,87.348,180.0,271.245
2263,Minneapolis,MN,44.9500951,-93.2919965,11118344048,3,3946,5896,657229669719836,264903076511909,2668180723513303,1554076552246935,28.344,28.44,6.818,5.125,306.977,86.977,197.602,256.384
2264,Minneapolis,MN,44.9501008,-93.2930795,11118381808,3,3946,5896,2138395343312832,1609658099564240,975961876963094,4289558797987253,7.227,23.195,24.426,7.274,342.897,84.977,193.977,272.38
2265,Minneapolis,MN,44.950102,-93.2918492,11118344047,3,3946,5896,3435930119981770,812623313796842,24697362536526177,1554076552246935,31.853,28.889,9.65,15.776,13.976,90.0,187.8,256.384
2266,Minneapolis,MN,44.9501213,-93.2956591,11177411035,3,3946,5896,759674946884371,310162671661876,3615681925313757,627287117122886,5.778,24.456,28.475,15.171,8.474,90.98,230.979,273.369
2267,Minneapolis,MN,44.9501261,-93.295805,11177411031,3,3946,5896,759674946884371,679182730586374,2014381825579470,627287117122886,6.388,23.507,29.183,21.654,8.474,88.98,219.98,273.369
2268,Minneapolis,MN,44.9503407,-93.293827,7961378745,3,3946,5896,689440766112641,796618715434064,717827430364167,604444825169127,3.386,1.065,1.942,4.493,44.978,91.527,226.978,270.0
2269,Minneapolis,MN,44.9504012,-93.2919894,11118344041,3,3946,5896,1846105099595968,281206984513933,1933685434148880,258352373652296,5.021,2.764,6.123,4.851,337.908,94.329,179.011,270.0
2270,Minneapolis,MN,44.950403,-93.2937514,11117890144,4,3946,5896,689440766112641,1261412388074579,851093766317869,1764787874223184,9.874,5.865,6.522,5.656,44.978,92.941,228.978,271.86
2271,Minneapolis,MN,44.9504063,-93.2918458,11118344034,3,3946,5896,3435930119981770,239457509011305,1233306091893232,583809524724949,11.935,4.66,5.438,2.509,13.976,98.46,181.067,258.261
2272,Minneapolis,MN,44.9504573,-93.2754733,11189582542,3,3946,5896,576643081206999,591289593177028,1186176970229528,1528969737911375,9.145,6.418,8.378,6.418,51.963,85.959,143.45,266.889
2273,Minneapolis,MN,44.9504584,-93.2905431,3508828679,3,3946,5896,780314634730030,678172004124994,797067269434806,844314073765148,6.887,13.13,2.099,1.185,358.986,90.0,221.161,264.975
2274,Minneapolis,MN,44.9504605,-93.2943122,11117938894,3,3946,5896,980057116386525,1490608228374043,1852047458740985,1249503710267049,16.04,12.683,12.965,2.202,338.979,90.0,178.733,268.181
2275,Minneapolis,MN,44.9504606,-93.294246,7961378742,3,3946,5896,980057116386525,1490608228374043,854774722532289,1117906839833971,20.052,13.833,13.28,2.182,338.979,90.0,193.978,268.501
2276,Minneapolis,MN,44.9504639,-93.2956414,7956550321,4,3946,5896,1571449767175446,852497082393258,3615681925313757,24949358271317413,6.842,7.992,9.692,1.725,0.0,92.996,230.979,267.62
2277,Minneapolis,MN,44.950464,-93.2907404,3508828681,3,3946,5896,1019045186187376,343008871477060,697701932277785,1489434645704350,5.535,4.46,4.46,5.553,3.976,88.976,145.976,273.778
2278,Minneapolis,MN,44.9504685,-93.2894615,3508828683,3,3946,5896,4294819800751322,648712117210955,480918926578144,2017776362367266,2.225,12.751,3.865,5.697,313.523,88.314,181.713,271.819
2279,Minneapolis,MN,44.950484,-93.2752987,11189582544,3,3946,5896,576643081206999,655087316290582,1186176970229528,1015207949635142,16.805,6.546,5.683,9.124,51.963,83.981,143.45,270.0
2280,Minneapolis,MN,44.950515,-93.287927,6783331642,3,3946,5896,144859424287852,1295832281027641,782562211148604,1378101116111335,8.208,17.916,18.569,21.058,0.687,86.631,180.0,272.528
2281,Minneapolis,MN,44.950515,-93.287906,13136397684,3,3946,5896,144859424287852,1295832281027641,782562211148604,308234621642609,9.757,17.914,20.222,21.343,0.687,86.631,180.0,271.245
2282,Minneapolis,MN,44.9505896,-93.2752966,11189582549,4,3946,5896,286127710673987,135273562911236,698687073237907,1015207949635142,27.848,18.297,6.737,20.788,316.661,85.512,141.302,270.0
2283,Minneapolis,MN,44.950595,-93.2943131,11117938895,3,3946,5896,980057116386525,1490608228374043,1299711265019799,24940527518874994,28.649,27.637,12.932,16.726,338.979,90.0,176.082,271.704
2284,Minneapolis,MN,44.951443,-93.2879408,6783331638,4,3946,5896,276522080861022,1290110066047494,1420139955716494,1106132544770651,5.817,24.698,17.522,24.698,0.676,76.748,181.096,270.0
2285,Minneapolis,MN,44.9515872,-93.2778006,12188241134,4,3946,5896,1146051250918200,25075222828756445,798727229519383,1848063616060039,6.9,34.277,12.103,0.788,354.405,91.722,187.709,271.141
2286,Minneapolis,MN,44.9518553,-93.2777816,12175237451,4,3946,5896,2848443288672828,25075222828756445,1353227842898863,1234163695241953,4.366,4.559,12.572,23.821,8.275,91.722,173.684,274.489
2287,Minneapolis,MN,44.9518553,-93.2775668,12188241130,4,3946,5896,2848443288672828,830875192812878,765512526191963,803190362057444,21.229,4.521,4.171,34.41,8.275,87.004,184.413,260.24
2288,Minneapolis,MN,44.9518607,-93.2780543,12175237448,4,3946,5896,1273390870766883,1293279332484858,4247015002220536,1234163695241953,15.987,3.724,14.974,17.236,0.251,88.381,176.082,274.489
2289,Minneapolis,MN,44.9518621,-93.2772457,12188241129,4,3946,5896,1268388564616475,867320552287099,2670572026616762,2623251024709909,10.883,4.618,20.147,20.703,51.009,91.619,188.939,219.545
2290,Minneapolis,MN,44.9518688,-93.2767058,12437476760,3,3946,5896,804407892094419,814825368213159,2670572026616762,1759968064669206,10.317,1.724,25.016,24.473,51.009,93.675,188.939,220.857
2291,Minneapolis,MN,44.9518705,-93.2767424,12188241047,3,3946,5896,1077644051201504,817045881288693,2670572026616762,1759968064669206,9.606,2.094,22.213,21.703,51.009,93.111,188.939,220.857
2292,Minneapolis,MN,44.951873,-93.28824,10245351125,3,3946,5896,1883894799213074,822609053878511,664423882889221,1309840737216518,10.312,2.919,6.964,7.272,8.056,90.0,180.0,329.766
2293,Minneapolis,MN,44.9518737,-93.2907314,11109172636,4,3946,5896,1431526231476829,706149249150036,998049428186241,6570928723024049,8.962,9.183,5.086,9.981,357.467,88.501,183.975,269.975
2294,Minneapolis,MN,44.9518815,-93.28794,6783331637,4,3946,5896,2993751804233445,1332786411261197,664423882889221,1106132544770651,7.556,3.41,16.8,28.283,359.647,90.0,180.0,270.0
2295,Minneapolis,MN,44.9518882,-93.2882217,11109172648,3,3946,5896,1883894799213074,822609053878511,1540424467385087,1309840737216518,9.838,1.776,5.526,6.859,8.056,90.0,178.933,329.766
2296,Minneapolis,MN,44.9520204,-93.2882227,11118425501,3,3946,5896,1883894799213074,387294372447926,774678918608434,1309840737216518,10.103,5.467,6.095,11.271,8.056,90.0,180.0,329.766
2297,Minneapolis,MN,44.9520293,-93.2905201,11109172644,4,3946,5896,1493721231664482,1350563456671105,1735092593344322,6570928723024049,8.272,8.688,12.235,21.147,0.0,90.0,175.309,269.975
2298,Minneapolis,MN,44.9520297,-93.2907269,11109172632,4,3946,5896,1493721231664482,706149249150036,1735092593344322,6570928723024049,8.003,8.223,4.635,22.041,0.0,88.501,175.309,269.975
2299,Minneapolis,MN,44.9520302,-93.277244,12038061587,4,3946,5896,1268388564616475,849835887822871,2670572026616762,1759968064669206,8.811,8.716,21.308,21.641,51.009,91.21,188.939,220.857
2300,Minneapolis,MN,44.9520306,-93.2882354,11109172651,3,3946,5896,1883894799213074,791489131792581,1336931121241159,1309840737216518,10.398,4.156,6.993,11.926,8.056,82.569,180.0,329.766
2301,Minneapolis,MN,44.9520329,-93.2886539,11109172675,4,3946,5896,1883894799213074,535676477598844,1295983655306738,1309840737216518,28.671,5.658,22.595,31.123,8.056,83.55,163.127,329.766
2302,Minneapolis,MN,44.9520354,-93.2767411,12188241048,3,3946,5896,1077644051201504,1175186141436897,2670572026616762,1759968064669206,8.913,10.09,24.032,22.891,51.009,89.689,188.939,220.857
2303,Minneapolis,MN,44.9520357,-93.2767092,12038061582,3,3946,5896,804407892094419,2391895577912767,2670572026616762,1759968064669206,9.604,10.111,26.286,25.162,51.009,89.009,188.939,220.857
2304,Minneapolis,MN,44.9520517,-93.2777833,12023807911,4,3946,5896,868402013712344,2325790131261360,1306653300958518,1234163695241953,5.979,10.66,12.643,17.087,5.274,89.35,180.245,274.489
2305,Minneapolis,MN,44.9520533,-93.2879333,11109172654,3,3946,5896,1773770522794982,839825760225594,1336931121241159,1309840737216518,5.413,9.816,16.916,31.0,3.143,90.0,180.0,329.766
2306,Minneapolis,MN,44.9520583,-93.2780461,12023807910,4,3946,5896,868402013712344,1402816506750077,871979392465742,1410044730822628,15.33,14.324,4.282,6.662,5.274,89.29,176.255,275.047
2307,Minneapolis,MN,44.9520625,-93.2879188,11115376780,3,3946,5896,1773770522794982,962962221203003,1336931121241159,1309840737216518,6.671,10.215,18.188,32.479,3.143,91.853,180.0,329.766
2308,Minneapolis,MN,44.9521722,-93.2767605,13746797263,3,3946,5896,1077644051201504,867869446218456,2670572026616762,1759968064669206,24.023,25.296,33.04,31.86,51.009,89.689,188.939,220.857
2309,Minneapolis,MN,44.9521725,-93.2767083,13746797266,3,3946,5896,804407892094419,2391895577912767,863467616577017,1759968064669206,24.335,25.323,34.156,34.471,51.009,89.009,204.245,220.857
2310,Minneapolis,MN,44.9525738,-93.2780381,12023807909,4,3946,5896,329632665244793,1074187408136717,770715648616311,2068360957337137,14.214,18.965,2.62,20.69,356.625,90.0,180.671,218.526
2311,Minneapolis,MN,44.9536064,-93.2780327,12023807907,4,3946,5896,948570955683993,480485763209019,1156736563309652,2573438989624233,12.804,18.159,3.413,16.604,357.662,83.514,180.421,268.935
2312,Minneapolis,MN,44.953679,-93.2777474,12023686507,4,3946,5896,211433577218275,499032991148129,1228426082535398,821016808528214,11.52,21.416,14.204,19.337,356.009,61.476,179.215,273.417
2313,Minneapolis,MN,44.9536799,-93.2905231,11115378219,4,3946,5896,4275132352723261,830640139488305,2859926997596856,331294538654220,8.966,8.935,5.081,11.509,0.0,90.0,178.47,268.921
2314,Minneapolis,MN,44.9536803,-93.2907161,11115378220,4,3946,5896,2820514864824976,2076485936450511,310787130605936,328459508631413,6.142,10.334,9.073,10.496,0.0,90.0,180.0,269.174
2315,Minneapolis,MN,44.9536804,-93.2780277,12023686506,4,3946,5896,211433577218275,482203096350837,1185522393247077,2573438989624233,12.756,8.783,2.969,8.423,356.009,72.336,181.056,268.935
2316,Minneapolis,MN,44.9536822,-93.2879278,11115376778,4,3946,5896,767580830609431,740287049012253,4209846992670102,298069308517849,5.092,27.303,19.381,15.855,0.977,106.221,174.227,310.019
2317,Minneapolis,MN,44.9536823,-93.2882323,11115376775,4,3946,5896,715198331139147,792801419965551,4196128204041610,216846076598918,15.012,8.825,5.772,11.095,0.637,94.616,172.798,267.813
2318,Minneapolis,MN,44.9536867,-93.291989,11074784770,3,3946,5896,1143363162804592,194100869223498,1712109899489044,214290240218613,12.343,8.56,8.205,11.259,0.588,93.081,177.973,270.0
2319,Minneapolis,MN,44.9538084,-93.2777771,12032602674,4,3946,5896,529492038218044,2826069544272622,1413681633681743,821016808528214,11.201,10.61,11.879,16.471,2.061,35.991,180.273,273.417
2320,Minneapolis,MN,44.9538153,-93.2879444,11179762594,3,3946,5896,1956048708508447,792801419965551,870866664560584,216846076598918,3.76,29.26,15.251,25.966,358.904,94.616,201.973,267.813
2321,Minneapolis,MN,44.9538171,-93.2905226,11115368186,4,3946,5896,1332257948617981,830640139488305,269776224871789,317843846568890,8.647,6.548,7.51,4.845,2.133,90.0,179.099,261.579
2322,Minneapolis,MN,44.9538172,-93.2882316,11179762589,4,3946,5896,2706541383070670,792801419965551,870866664560584,216846076598918,15.14,9.843,7.779,5.278,0.026,94.616,201.973,267.813
2323,Minneapolis,MN,44.9538176,-93.2780351,12023686503,4,3946,5896,488184235836582,482203096350837,2294690927695856,2573438989624233,12.902,7.203,3.403,6.904,16.872,72.336,179.579,268.935
2324,Minneapolis,MN,44.9538185,-93.2907179,11115368191,4,3946,5896,3642517805885031,2076485936450511,269776224871789,328459508631413,6.731,7.634,8.35,6.014,2.133,90.0,179.099,269.174
2325,Minneapolis,MN,44.953819,-93.2932562,11090157892,4,3946,5896,1118761843654200,2811478052496595,478467523359887,806300913600034,6.67,6.792,4.889,5.876,1.351,89.1,179.155,269.308
2326,Minneapolis,MN,44.9538193,-93.2919883,11074784768,4,3946,5896,957059785090817,1818454049096324,1312297310339429,214290240218613,12.287,5.548,8.704,4.283,357.467,92.38,180.0,270.0
2327,Minneapolis,MN,44.9538198,-93.2879357,11179762595,3,3946,5896,1956048708508447,792801419965551,870866664560584,216846076598918,4.543,30.056,15.866,26.724,358.904,94.616,201.973,267.813
2328,Minneapolis,MN,44.9540377,-93.2882289,11179762607,4,3946,5896,753759103783209,4251229501825816,170453536104076,216846076598918,16.86,33.782,8.37,29.016,0.557,90.0,201.973,267.813
2329,Minneapolis,MN,44.9554601,-93.2878974,11179732428,3,3946,5896,809260738189230,785520997199541,1385103662361439,376572737006472,6.557,14.455,17.766,9.349,2.701,30.528,194.973,273.732
2330,Minneapolis,MN,44.9554665,-93.2882129,11179732425,4,3946,5896,1584859586232477,785520997199541,1385103662361439,981568082955925,14.986,21.492,7.645,11.574,0.454,30.528,194.973,277.973
2331,Minneapolis,MN,44.9554731,-93.2878971,12536423829,3,3946,5896,2060292988107395,785520997199541,1385103662361439,376572737006472,6.977,13.22,17.607,8.055,0.0,30.528,194.973,273.732
2332,Minneapolis,MN,44.9554752,-93.2906976,11177426870,4,3946,5896,1629042451836141,883005573170410,877807726281381,372178454172137,6.596,15.385,5.838,8.444,1.689,132.975,182.775,270.0
2333,Minneapolis,MN,44.9554758,-93.2905073,11177426869,3,3946,5896,1219082403366459,883005573170410,1711265752619795,1084311638760949,7.168,11.162,8.791,7.172,0.0,132.975,182.975,270.0
2334,Minneapolis,MN,44.9554936,-93.2905234,11177426873,3,3946,5896,1219082403366459,883005573170410,1711265752619795,1084311638760949,6.242,8.885,7.185,5.562,0.0,132.975,182.975,270.0
2335,Minneapolis,MN,44.9556193,-93.2905231,11177426875,3,3946,5896,785556640789614,883005573170410,1354534415483109,1041679204564642,6.784,6.023,3.449,4.207,1.228,132.975,180.975,270.0
2336,Minneapolis,MN,44.9556247,-93.2905081,11177426868,3,3946,5896,785556640789614,883005573170410,1354534415483109,785874620756292,7.951,7.114,3.963,4.511,1.228,132.975,180.975,270.0
2337,Minneapolis,MN,44.9556271,-93.2906957,11177426860,4,3946,5896,1984864072304275,883005573170410,508592926943402,784096357853253,5.69,12.718,2.515,4.384,358.379,132.975,169.451,270.0
2338,Minneapolis,MN,44.9556337,-93.2878993,11179732430,4,3946,5896,4095193180564564,785520997199541,211927878570617,839218254244771,7.863,9.514,17.847,10.246,358.723,30.528,192.973,267.973
2339,Minneapolis,MN,44.9556351,-93.2882116,11179732421,4,3946,5896,1235812534944764,785520997199541,664857742838939,811193916171431,15.025,19.013,4.222,3.838,359.776,30.528,198.761,255.017
2340,Minneapolis,MN,44.9572599,-93.2943172,11191058612,4,3946,5896,376997953630827,4207177699520286,1515193136302929,467121607878483,15.256,7.136,7.597,12.162,334.9,90.0,177.386,270.0
2341,Minneapolis,MN,44.9574053,-93.2945145,11177613980,4,3946,5896,1145848422596637,150288870331091,1286512613170220,4567027239991518,6.197,8.177,8.345,13.81,359.099,91.079,180.0,284.507
2342,Minneapolis,MN,44.9574168,-93.2930457,11191058617,4,3946,5896,2181867721947807,468173720963169,201533558312410,3799657010087450,4.861,5.694,12.404,14.539,356.884,87.058,181.689,251.187
2343,Minneapolis,MN,44.9578548,-93.294505,13395555760,4,3946,5896,894117514498722,793823246376031,1079913707556762,651238967626461,4.798,3.729,9.827,5.038,1.247,137.704,182.894,215.284
2344,Minneapolis,MN,44.9579433,-93.2951727,11177614023,4,3946,5896,764459654273218,1319039719614017,1807584963301156,786731997067207,13.94,15.777,4.755,4.944,25.562,36.394,207.426,210.527
2345,Minneapolis,MN,44.9582036,-93.294976,11177614016,4,3946,5896,897342970817736,2806734006204120,1159679456218797,1618908464968777,13.666,16.351,4.801,7.767,26.261,94.489,205.942,290.565
2346,Minneapolis,MN,44.9582187,-93.2946013,13309114300,3,3946,5896,4298694346816392,1433311421114134,1690582871829416,766636527382992,11.479,4.367,6.859,19.985,359.22,67.43,182.384,269.347
2347,Minneapolis,MN,44.9585932,-93.294321,8585259958,4,3946,5896,261974222284903,1493090781898057,949094895850871,949094895850871,9.306,6.13,16.037,16.037,12.469,51.383,210.771,210.771
2348,Minneapolis,MN,44.9585935,-93.294308,11177613995,4,3946,5896,261974222284903,1493090781898057,949094895850871,949094895850871,10.143,7.117,16.973,16.973,12.469,51.383,210.771,210.771
2349,Minneapolis,MN,44.9590551,-93.2878797,11191124068,4,3946,5896,3098152303796078,183643753619454,889213364969711,736893179368498,6.262,6.157,16.621,30.315,0.0,90.578,179.307,266.15
2350,Minneapolis,MN,44.9590571,-93.2881924,11191124058,4,3946,5896,1934619940709575,4163570707040658,889213364969711,736893179368498,14.594,5.586,9.93,13.14,0.195,89.29,179.307,266.15
2351,Minneapolis,MN,44.9590593,-93.2904767,11191124049,4,3946,5896,24965407263151446,1671028543087350,521792372321940,1487031709297260,8.301,6.143,10.07,12.451,358.238,90.0,174.945,270.0
2352,Minneapolis,MN,44.9590632,-93.2907086,11191058624,4,3946,5896,24965407263151446,281449863662340,521792372321940,1171895034808838,10.792,6.086,8.286,11.377,358.238,90.0,174.945,268.58
2353,Minneapolis,MN,44.9591969,-93.2942942,11179136065,3,3946,5896,511239623338626,287921959629685,1024329124766341,1118338119930087,17.893,9.955,9.386,17.002,29.729,101.56,179.301,265.746
2354,Minneapolis,MN,44.9592035,-93.2906684,11191058591,4,3946,5896,1357652742371434,281449863662340,260476189193689,1304291651347593,5.509,11.522,4.679,4.464,357.468,90.0,178.421,270.0
2355,Minneapolis,MN,44.9592041,-93.2881843,11191124062,4,3946,5896,3089715987860196,4163570707040658,470659917380026,736893179368498,14.462,11.381,9.058,4.867,359.694,89.29,179.656,266.15
2356,Minneapolis,MN,44.9592063,-93.2904799,11191124043,4,3946,5896,860590356528011,1671028543087350,260476189193689,765234549761594,8.166,12.371,10.168,4.669,0.0,90.0,178.421,267.004
2357,Minneapolis,MN,44.9592081,-93.2919484,11177614002,4,3946,5896,519269992444487,1601218590067247,945095062891496,1476855260248475,9.211,11.173,4.791,4.836,0.533,88.827,180.0,270.0
2358,Minneapolis,MN,44.9592123,-93.2878761,11191124069,4,3946,5896,2318706768544589,183643753619454,470659917380026,736893179368498,7.453,11.679,17.142,27.984,0.0,90.578,179.656,266.15
2359,Minneapolis,MN,44.9592163,-93.2932103,11177613997,4,3946,5896,1434820214488790,310584370626907,224912152331274,2258426691297397,5.899,12.519,13.319,6.091,1.308,90.757,151.923,268.118
2360,Minneapolis,MN,44.9592633,-93.2941644,12036747521,3,3946,5896,146256784185872,193540182606311,221450796053304,1307810730749613,12.742,19.347,9.527,17.482,26.517,84.824,173.839,258.895
2361,Minneapolis,MN,44.9597623,-93.2934409,11393529946,4,3946,5896,1122867119820847,1319607219702664,2302190033545841,1401903797335065,5.357,6.0,5.089,16.043,27.231,31.08,206.471,266.833
2362,Minneapolis,MN,44.9602135,-93.2927562,7172116355,3,3946,5896,1301437511637947,6659110170849734,6659110170849734,2300375727016693,29.029,22.255,22.255,26.905,25.61,140.416,140.416,230.71
2363,Minneapolis,MN,44.9602296,-93.2930807,11177614009,4,3946,5896,774513821848234,320939983736859,320939983736859,2300375727016693,5.637,6.056,6.056,4.906,24.908,137.967,137.967,230.71
2364,Minneapolis,MN,44.9603,-93.2930293,11177614000,3,3946,5896,1301437511637947,320939983736859,2300375727016693,2300375727016693,5.569,12.359,5.447,5.447,25.61,137.967,230.71,230.71
2365,Minneapolis,MN,44.9605853,-93.2881671,11191124089,4,3946,5896,1284975712964284,2148280638997958,1423074055427181,1020773903238956,13.921,33.281,3.704,19.346,359.685,130.816,178.772,270.0
2366,Minneapolis,MN,44.9606607,-93.2930988,11177858047,4,3946,5896,156438273092635,464106324818432,517261392981623,924346195025979,16.201,16.456,7.223,34.847,27.875,30.851,208.345,284.004
2367,Minneapolis,MN,44.9606836,-93.2904683,11191124048,4,3946,5896,3802633176706474,764446349734498,305049997892868,890987575104720,8.709,26.997,10.385,29.125,1.308,88.073,181.111,270.0
2368,Minneapolis,MN,44.9607055,-93.2937481,7628302541,3,3946,5896,684616163121706,1692509831267630,318951180619887,1406634289885256,19.537,16.556,12.758,28.802,355.403,90.0,146.106,264.618
2369,Minneapolis,MN,44.9608391,-93.2777145,12527852302,4,3946,5896,1186169325160050,483983999583141,4416178361948018,221637559351169,14.263,4.97,7.531,24.058,355.241,91.422,179.531,268.541
2370,Minneapolis,MN,44.960841,-93.2779595,12527828599,4,3946,5896,1186169325160050,483983999583141,854258394173146,221637559351169,5.15,14.339,2.515,10.966,355.241,91.422,179.529,268.541
2371,Minneapolis,MN,44.9608458,-93.2881638,11191124063,4,3946,5896,1246080483816822,801723906141493,2667979036869726,344291117122110,12.547,8.683,2.852,10.093,1.052,90.0,168.793,271.974
2372,Minneapolis,MN,44.9608473,-93.2878695,11191124081,4,3946,5896,4319201855030019,801723906141493,334777571316742,957734494993297,7.058,29.665,17.299,11.218,1.067,90.0,181.34,273.262
2373,Minneapolis,MN,44.9608485,-93.2904667,11191115436,4,3946,5896,2054592948618131,764446349734498,307232947679707,890987575104720,8.88,8.68,9.501,10.816,0.0,88.073,180.0,270.0
2374,Minneapolis,MN,44.9608505,-93.2906557,11191058592,4,3946,5896,1457251405325353,807673128295698,307232947679707,245255840685710,5.369,8.49,6.303,7.914,1.067,90.0,180.0,271.95
2375,Minneapolis,MN,44.9608519,-93.2913489,11191058598,4,3946,5896,4289731214393064,817057680851993,310987633743975,870438533897216,34.258,8.278,33.628,9.973,357.581,90.0,239.508,270.0
2376,Minneapolis,MN,44.9608527,-93.2917468,11109086233,4,3946,5896,4289731214393064,1275235861001262,651897270910523,165715325379959,3.293,7.776,8.129,10.331,357.581,87.111,177.617,268.921
2377,Minneapolis,MN,44.9609851,-93.2777179,12527852304,4,3946,5896,1186169325160050,2996760323941445,1513305963060617,221637559351169,22.07,7.37,7.295,21.791,355.241,91.016,179.789,268.541
2378,Minneapolis,MN,44.9609867,-93.2775728,10261821743,4,3946,5896,1186169325160050,170909294948086,1513305963060617,221637559351169,30.7,17.165,18.654,33.014,355.241,89.214,179.789,268.541
2379,Minneapolis,MN,44.9609956,-93.2906612,11191115426,4,3946,5896,1151942190116558,807673128295698,499311904745751,2863688270613875,6.209,7.72,7.224,6.037,0.0,90.0,180.427,268.026
2380,Minneapolis,MN,44.9609956,-93.2904688,11191115429,4,3946,5896,1121806616701520,764446349734498,499311904745751,890987575104720,8.695,7.717,9.664,5.718,0.0,88.073,180.427,270.0
2381,Minneapolis,MN,44.960996,-93.2917459,8379733457,4,3946,5896,239310467991536,1275235861001262,576090882227001,165715325379959,3.846,8.181,6.882,5.704,356.448,87.111,182.701,268.921
2382,Minneapolis,MN,44.960996,-93.2881656,11191124076,4,3946,5896,4101727116779363,801723906141493,153794743360418,344291117122110,14.034,11.753,7.49,8.156,359.805,90.0,179.631,271.974
2383,Minneapolis,MN,44.9609963,-93.2937448,11177858086,4,3946,5896,267215922918958,299179928371189,1343461409590661,1406634289885256,1.901,6.523,7.43,3.847,0.989,93.398,215.283,264.618
2384,Minneapolis,MN,44.9609973,-93.2779568,12527828597,4,3946,5896,1186169325160050,170909294948086,798322559891259,221637559351169,19.063,14.898,2.403,7.028,355.241,89.214,180.25,268.541
2385,Minneapolis,MN,44.9609982,-93.295558,11179136090,4,3946,5896,311678274777841,841804526547264,1127265777760771,996603524993536,13.057,5.658,10.332,20.949,44.338,90.0,178.311,313.46
2386,Minneapolis,MN,44.9610006,-93.2878706,11191124082,4,3946,5896,748231675859944,801723906141493,153794743360418,254583719690034,7.083,30.859,16.964,7.02,0.359,90.0,179.631,259.126
2387,Minneapolis,MN,44.9611334,-93.2930181,13727642442,4,3946,5896,780024162717661,297978548541992,866117598276173,2813528995555719,6.724,21.335,19.911,21.744,3.0,90.0,135.935,265.104
2388,Minneapolis,MN,44.9616781,-93.2925143,7172116378,3,3946,5896,1780365732583239,377978456864638,1449400178754734,209376600785717,28.043,28.454,18.575,25.857,25.254,30.608,209.513,212.356
2389,Minneapolis,MN,44.9617944,-93.2904619,12697918707,3,3946,5896,1541515497015092,467645117658319,995608227645390,1348834083364788,9.056,22.952,9.734,10.892,2.133,96.301,180.633,287.435
2390,Minneapolis,MN,44.9618869,-93.291843,8379733455,4,3946,5896,739054056761055,24426172413734743,771384608857064,24503764249244125,3.422,5.948,7.007,17.377,7.292,32.338,178.158,287.436
2391,Minneapolis,MN,44.962326,-93.2918925,12463583254,3,3946,5896,478956783199071,2631767110450624,147161743978840,1888969154607515,19.807,23.276,10.526,13.725,24.749,48.336,205.134,211.633
2392,Minneapolis,MN,44.9624583,-93.2904561,12697918705,3,3946,5896,1679368843023819,1454085691605843,202508475050640,1279708393455332,7.048,26.579,8.667,25.09,5.94,88.567,178.199,272.89
2393,Minneapolis,MN,44.9624789,-93.2917917,12463583256,3,3946,5896,1879617462195298,1796851280493340,254234799791963,316008460828857,20.883,20.435,10.122,22.804,19.483,31.133,206.207,269.0
2394,Minneapolis,MN,44.9626095,-93.2779547,12527852350,4,3946,5896,980296112566220,2902200943331362,25365947379758021,1139410973203282,8.602,4.543,4.483,15.052,59.433,83.633,178.651,274.177
2395,Minneapolis,MN,44.9626197,-93.2912902,8379733454,4,3946,5896,553751705614269,758684844829295,1143645114492367,772325832382951,6.779,3.774,3.94,2.939,27.609,82.243,219.229,257.258
2396,Minneapolis,MN,44.9626201,-93.2917331,8379733460,4,3946,5896,465485414738713,758684844829295,871797850344793,316008460828857,24.537,34.607,13.059,7.932,0.466,82.243,204.653,269.0
2397,Minneapolis,MN,44.9626221,-93.2894679,12697938086,3,3946,5896,2029437221155437,156545749759102,1509995510439136,2816514652011552,12.017,6.169,11.962,15.644,349.192,88.694,175.241,269.391
2398,Minneapolis,MN,44.9626394,-93.295531,11179136087,4,3946,5896,959391742027800,1685888268522831,581730276077449,2111220075936424,6.034,28.447,11.608,2.469,325.136,139.255,176.568,270.643
2399,Minneapolis,MN,44.9626418,-93.295733,11179136084,4,3946,5896,1550988265433406,1685888268522831,581730276077449,121751777663466,7.155,32.096,4.288,1.015,328.859,139.255,176.568,267.347
2400,Minneapolis,MN,44.9627869,-93.2831567,8379733373,3,3946,5896,896119394269946,1201418703631097,296820685416510,531980147795821,31.624,11.577,9.938,4.975,359.22,90.729,170.776,270.445
2401,Minneapolis,MN,44.9627886,-93.2779556,12527852352,4,3946,5896,1382638275445736,2768972983412806,2109175363163362,1458375924535500,17.008,14.293,4.144,2.647,354.882,96.123,179.371,270.0
2402,Minneapolis,MN,44.9628016,-93.293192,11177858077,4,3946,5896,318199690728543,197506159860302,1789400414852272,2942686025974373,8.268,17.06,6.969,4.217,13.071,90.0,181.501,274.49
2404,Minneapolis,MN,44.9628089,-93.2917172,8379733469,3,3946,5896,465485414738713,218904833334407,1480114752513922,2937119856555666,5.232,34.537,13.738,5.506,0.466,56.514,203.0,271.854
2405,Minneapolis,MN,44.9628551,-93.2831793,8379733387,4,3946,5896,372570777480200,1201418703631097,296820685416510,531980147795821,34.064,19.346,10.002,12.751,32.168,90.729,170.776,270.445
2409,Minneapolis,MN,44.964035,-93.277695,12527852357,3,3946,5896,981405099335175,2704615573164754,764169049355360,834266224167406,6.486,6.959,3.63,25.022,359.205,90.957,180.695,276.021
2410,Minneapolis,MN,44.96408,-93.2777011,6824448738,3,3946,5896,981405099335175,2704615573164754,1758318074862106,834266224167406,7.816,7.655,3.09,20.757,359.205,90.957,180.695,276.021
2411,Minneapolis,MN,44.9640843,-93.2779571,6824448730,3,3946,5896,981405099335175,2704615573164754,1184886056955721,1844047052418501,15.16,14.476,6.173,16.112,359.205,90.957,180.095,272.38
2412,Minneapolis,MN,44.964141,-93.2781856,12528355501,3,3946,5896,981405099335175,465672631399208,770775946086702,313478187069795,34.207,32.115,24.129,8.834,359.205,91.746,180.334,269.024
2413,Minneapolis,MN,44.9641412,-93.2779573,12527852359,3,3946,5896,5709991659073923,465672631399208,770775946086702,1844047052418501,15.498,14.157,6.264,9.831,351.576,91.746,180.334,272.38
2414,Minneapolis,MN,44.9641543,-93.2792435,6824448698,3,3946,5896,463822448235327,220460496183916,159991682796506,518295066191868,33.045,2.46,22.286,6.347,43.934,91.84,186.726,269.426
2415,Minneapolis,MN,44.9642734,-93.2781034,12528355544,4,3946,5896,5709991659073923,188196549836542,2138637550276359,216235303339341,33.159,25.925,18.073,6.78,351.576,89.281,180.385,268.975
2416,Minneapolis,MN,44.9642774,-93.2779559,12527852362,4,3946,5896,5709991659073923,188196549836542,2138637550276359,1844047052418501,25.649,14.705,6.462,5.599,351.576,89.281,180.385,272.38
2417,Minneapolis,MN,44.9642818,-93.2777034,8379733107,3,3946,5896,5709991659073923,188196549836542,1570741764048129,834266224167406,22.714,8.037,2.87,15.028,351.576,89.281,180.45,276.021
2418,Minneapolis,MN,44.9645112,-93.2904313,8379733482,3,3946,5896,506200730407308,199302932033709,313534240278637,2960645497590959,9.35,11.193,31.315,11.78,2.731,85.134,178.238,272.024
2419,Minneapolis,MN,44.9645153,-93.2919085,11179168224,4,3946,5896,4054089824672236,2242431589226307,555887749131073,1436289676711592,11.913,10.863,8.042,6.074,359.534,90.0,200.535,270.0
2420,Minneapolis,MN,44.9645171,-93.291702,11179168227,4,3946,5896,4054089824672236,1001505503927274,555887749131073,957282638340894,4.336,10.883,10.862,13.115,359.534,90.0,200.535,260.166
2421,Minneapolis,MN,44.9645198,-93.2929741,11179168223,4,3946,5896,1188306494939771,460736475217357,785218398862435,586309885680323,24.672,9.904,12.402,5.382,5.557,86.103,186.145,270.0
2422,Minneapolis,MN,44.9500894,-93.2625536,5373914749,3,3947,5896,2897519580464373,834207366001393,1080091815846924,596252009337242,3.966,26.139,4.415,33.253,0.0,90.0,179.0,271.226
2423,Minneapolis,MN,44.9500983,-93.2624632,5373914748,3,3947,5896,2897519580464373,834207366001393,1080091815846924,837425821283824,10.441,25.551,11.553,31.91,0.0,90.0,179.0,274.109
2424,Minneapolis,MN,44.9501914,-93.2621745,5373914738,3,3947,5896,1284620528636522,1904792780442310,3947836931976249,2222612718129676,29.629,17.272,33.352,18.933,7.0,90.0,183.0,273.209
2425,Minneapolis,MN,44.9502805,-93.2691021,11907430349,4,3947,5896,1689072164838214,691868912849386,840184238523185,1232199210828018,9.364,6.598,15.247,7.044,43.958,92.889,152.866,268.715
2426,Minneapolis,MN,44.950281,-93.2689043,11907430354,4,3947,5896,867930954885827,817981269710578,1340912594428205,1271785143541396,8.227,6.553,7.657,6.565,39.958,86.631,121.813,270.0
2427,Minneapolis,MN,44.9503118,-93.2627655,11907188098,4,3947,5896,305994147916258,1515654533150061,178686197472064,2007302266297666,5.32,5.339,7.731,10.745,0.0,98.246,183.0,278.46
2428,Minneapolis,MN,44.950312,-93.262108,5798879126,4,3947,5896,4159675544070909,1343685910833281,4494330404134703,594998252840250,34.744,4.751,34.782,5.254,4.0,91.557,123.935,267.548
2429,Minneapolis,MN,44.9504756,-93.2691029,11907406367,4,3947,5896,1689072164838214,869091807675287,1563883218108275,1232199210828018,14.283,13.121,3.754,14.837,43.958,88.958,174.68,268.715
2430,Minneapolis,MN,44.9505022,-93.2612097,5401352254,3,3947,5896,1900167944178492,187629847475751,946940746387340,687010693245179,21.932,12.884,12.688,11.844,50.427,94.985,128.478,268.673
2431,Minneapolis,MN,44.9505194,-93.261442,2271746081,3,3947,5896,1900167944178492,620897106853358,946940746387340,3409988039263937,17.778,16.536,22.911,16.096,50.427,90.0,128.478,263.055
2432,Minneapolis,MN,44.9505249,-93.262547,5373914618,3,3947,5896,1133669903787465,1227289928171147,168084508471840,596252009337242,4.69,18.452,9.366,15.217,1.0,88.81,182.0,271.226
2433,Minneapolis,MN,44.9505812,-93.2627771,11907188095,4,3947,5896,523527098806314,1007484773763387,2775525042738995,1444599653027447,9.182,21.464,2.406,18.755,0.0,91.557,182.0,282.839
2434,Minneapolis,MN,44.9506197,-93.2691035,11907406366,4,3947,5896,1689072164838214,869091807675287,1304523681701121,1232199210828018,29.905,29.127,3.794,30.829,43.958,88.958,180.0,268.715
2435,Minneapolis,MN,44.9525631,-93.2734579,13302704459,4,3947,5896,289216159348910,289216159348910,813951698426676,317459073153918,31.743,31.743,19.962,15.786,32.804,32.804,180.657,211.96
2436,Minneapolis,MN,44.9548725,-93.270196,7625385742,3,3947,5896,1775215433396938,916224957841171,6426564107455073,241448871845005,28.032,28.667,28.762,28.762,29.044,96.918,239.959,267.959
2437,Minneapolis,MN,44.9626022,-93.2626987,7262579955,4,3947,5896,309802460513885,501091474650621,2881810755411395,1218202045301054,12.276,16.311,7.816,16.434,0.0,113.0,183.0,270.956
2438,Minneapolis,MN,44.9626073,-93.2624333,11894336028,4,3947,5896,527169291772730,2963930683929415,802119877396787,767230660644978,9.052,7.711,13.417,7.986,0.0,92.0,177.0,270.0
2439,Minneapolis,MN,44.9626112,-93.2626867,11894336034,3,3947,5896,309802460513885,501091474650621,212525513774341,1218202045301054,11.826,14.973,6.611,15.625,0.0,113.0,189.0,270.956
2440,Minneapolis,MN,44.9627939,-93.2626896,7262522996,3,3947,5896,861300818068012,501091474650621,3019502401664864,1218202045301054,10.92,17.744,4.999,5.995,0.0,113.0,177.0,270.956
2441,Minneapolis,MN,44.9627948,-93.2624358,11242742209,3,3947,5896,777967776219585,2963930683929415,941800643239679,328301351985238,5.407,16.813,2.946,5.745,357.0,92.0,179.0,272.661
2442,Minneapolis,MN,44.9627991,-93.2626955,11892115630,3,3947,5896,861300818068012,501091474650621,3019502401664864,1218202045301054,11.118,18.479,4.681,6.275,0.0,113.0,177.0,270.956
2443,Minneapolis,MN,44.9628061,-93.2624358,11894336081,3,3947,5896,777967776219585,2963930683929415,941800643239679,328301351985238,4.863,17.993,2.506,6.974,357.0,92.0,179.0,272.661
2444,Minneapolis,MN,44.9628228,-93.2555547,11894335989,3,3947,5896,1136778274468506,379485450006667,2185999171824853,1206408677913929,14.664,9.564,5.374,2.771,1.978,88.0,235.882,265.046
2445,Minneapolis,MN,44.9628242,-93.2553159,11894335986,3,3947,5896,1136778274468506,816897292567837,2278828545891058,296477645410235,6.315,11.63,14.774,4.443,1.978,89.0,230.033,271.0
2446,Minneapolis,MN,44.9631923,-93.2555539,11894335985,4,3947,5896,793704160079642,793704160079642,773027015595195,773027015595195,25.268,25.268,5.832,5.832,40.853,40.853,216.204,216.204
2447,Minneapolis,MN,44.9633542,-93.2553206,11894335984,4,3947,5896,793704160079642,793704160079642,1426268452002390,1426268452002390,12.265,12.265,12.398,12.398,40.853,40.853,217.629,217.629
2448,Minneapolis,MN,44.9638618,-93.2555527,11892095322,3,3947,5896,1356239292688882,1356239292688882,1516849302988489,1516849302988489,8.583,8.583,22.18,22.18,44.923,44.923,217.629,217.629
2449,Minneapolis,MN,44.9638642,-93.2553139,11892095328,3,3947,5896,1356239292688882,1356239292688882,1516849302988489,1516849302988489,10.42,10.42,24.866,24.866,44.923,44.923,217.629,217.629
2450,Minneapolis,MN,44.9638747,-93.2555245,11892095324,3,3947,5896,1356239292688882,1356239292688882,1516849302988489,1516849302988489,6.227,6.227,23.061,23.061,44.923,44.923,217.629,217.629
2451,Minneapolis,MN,44.9638747,-93.2553307,11892095326,3,3947,5896,1356239292688882,1356239292688882,1516849302988489,1516849302988489,9.022,9.022,25.274,25.274,44.923,44.923,217.629,217.629
2452,Minneapolis,MN,44.9639876,-93.2555386,11892095354,3,3947,5896,2211968892562219,2211968892562219,1301791951639886,1301791951639886,7.339,7.339,11.583,11.583,42.817,42.817,218.232,218.232
2453,Minneapolis,MN,44.963989,-93.2553347,11892095353,3,3947,5896,2211968892562219,2211968892562219,1301791951639886,1301791951639886,8.714,8.714,14.855,14.855,42.817,42.817,218.232,218.232
2454,Minneapolis,MN,44.9639994,-93.2553119,11892095351,3,3947,5896,2211968892562219,2211968892562219,1301791951639886,1301791951639886,10.61,10.61,15.507,15.507,42.817,42.817,218.232,218.232
2455,Minneapolis,MN,44.9640018,-93.2555573,11892095356,3,3947,5896,2211968892562219,2211968892562219,1301791951639886,1301791951639886,8.988,8.988,11.025,11.025,42.817,42.817,218.232,218.232
2456,Minneapolis,MN,44.964547,-93.2734127,1705783971,3,3947,5896,403018559395666,1850635342076826,1500614134203806,774601078074034,3.474,4.27,3.881,6.441,352.926,143.926,210.926,276.926
2457,Minneapolis,MN,44.9511493,-93.2475147,11907188252,4,3948,5896,1400809828465247,1649176963090184,1802188587002598,1953837192167129,15.69,14.538,9.031,21.249,2.262,92.428,180.312,326.091
2458,Minneapolis,MN,44.9517923,-93.2468319,13547401334,3,3948,5896,4395421247338599,933523599281361,905658042499971,935275782459807,8.27,3.851,0.924,13.733,0.464,41.06,164.32,270.256
2459,Minneapolis,MN,44.951882,-93.2468196,11907188274,4,3948,5896,4395421247338599,951851760582290,943095198107061,935275782459807,11.242,11.744,1.07,7.273,0.464,94.15,182.981,270.256
2460,Minneapolis,MN,44.9520422,-93.2469421,11907188257,4,3948,5896,4395421247338599,951851760582290,943095198107061,935275782459807,31.355,25.884,19.329,23.743,0.464,94.15,182.981,270.256
2461,Minneapolis,MN,44.9520425,-93.2467544,11907188258,4,3948,5896,4395421247338599,951851760582290,943095198107061,935275782459807,26.566,16.345,17.539,16.903,0.464,94.15,182.981,270.256
2462,Minneapolis,MN,44.9520601,-93.2330167,11049745424,4,3948,5896,10046621765372571,1273099774823633,1145900164401083,1161613036073772,9.492,18.393,32.9,4.048,1.246,80.562,157.982,281.103
2463,Minneapolis,MN,44.9521712,-93.243641,6518292322,3,3948,5896,1365936734275600,168698969561505,811599070373866,304615751934567,28.035,27.855,30.886,31.24,28.333,32.494,208.83,211.358
2464,Minneapolis,MN,44.952211,-93.2363804,9240833542,4,3948,5896,834523912281637,2272086663274563,1257944334893499,304794602007601,34.87,33.262,34.87,31.93,38.66,90.0,209.517,274.145
2465,Minneapolis,MN,44.9522404,-93.233014,11847861520,4,3948,5896,684896137553676,1780545405997101,1794652007905599,1994023538165826,10.213,10.446,16.08,25.109,1.246,86.484,178.07,274.489
2466,Minneapolis,MN,44.9522415,-93.2321418,6130710917,3,3948,5896,2015761169156699,1349809059972557,1382268349905494,1195994725728029,19.225,20.852,27.76,25.908,357.299,90.0,133.708,270.0
2467,Minneapolis,MN,44.9522424,-93.2313527,6130710915,3,3948,5896,4216367301943968,2840410319498194,829329053121718,1845942302797944,18.341,5.657,5.714,25.577,54.135,73.05,203.215,270.0
2468,Minneapolis,MN,44.9523666,-93.2361294,13373502079,4,3948,5896,1095385372483934,269380102392034,1343794866214199,304794602007601,31.249,34.246,31.846,34.225,21.328,92.248,199.486,274.145
2469,Minneapolis,MN,44.9524554,-93.2360721,13373502087,3,3948,5896,1095385372483934,1534857194330594,1343794866214199,1704512873306082,28.954,34.191,29.521,33.225,21.328,71.609,199.486,249.602
2470,Minneapolis,MN,44.9525055,-93.2371368,9240833537,4,3948,5896,307855064934291,3963697737107409,1399869658508937,1448141312672855,22.491,22.971,22.359,22.219,306.715,125.242,128.262,303.796
2471,Minneapolis,MN,44.9526337,-93.2385373,6141501285,3,3948,5896,1181432567315379,1748845265803899,791145749159228,3533353153660797,11.684,11.535,13.547,13.634,59.73,65.866,238.021,240.81
2472,Minneapolis,MN,44.9531146,-93.2379339,9240833532,4,3948,5896,821240850872208,1678280326018076,1201460900528506,977265476755511,19.532,15.476,17.322,15.476,54.758,78.176,239.35,251.496
2473,Minneapolis,MN,44.9534122,-93.2332432,8998605092,4,3948,5896,942151657855920,645060507742570,1372930277840805,843715523839956,8.569,26.394,17.2,23.059,0.053,91.587,182.894,270.0
2474,Minneapolis,MN,44.9534859,-93.2348556,7569849870,4,3948,5896,24901656959529615,2575526576165575,3611885295762569,1824992501236409,24.398,9.736,24.68,9.73,358.904,90.0,239.511,270.0
2475,Minneapolis,MN,44.9537782,-93.2300412,11847861519,4,3948,5896,1043953060932807,2023989568093212,1363348895577616,563453659184435,0.837,4.201,10.708,30.108,37.518,92.474,169.967,271.652
2476,Minneapolis,MN,44.9538354,-93.2329938,11847861532,4,3948,5896,9648596048589158,660967947097682,25070251209261860,801089068333822,9.139,0.688,2.681,25.032,0.923,99.794,181.398,268.348
2477,Minneapolis,MN,44.9539271,-93.2332359,8998605089,4,3948,5896,660042706655633,612639678473580,1341997063737528,843715523839956,8.626,11.337,7.546,34.285,0.103,129.425,179.45,270.0
2478,Minneapolis,MN,44.9552573,-93.2332153,8998605085,4,3948,5896,648578608145767,402634449611309,1753918328816534,1353085129852327,10.112,34.044,8.1,26.043,0.887,97.12,178.986,232.375
2479,Minneapolis,MN,44.9554179,-93.2430923,8998636640,4,3948,5896,1421437862626965,663221800203234,765155973183384,668400226235546,23.6,33.708,5.3,32.746,325.583,88.597,160.18,269.486
2480,Minneapolis,MN,44.9554981,-93.2329761,10923111167,3,3948,5896,1825402338235486,1554066259285287,1791850198033010,852921143937684,8.695,21.237,12.027,32.024,1.434,93.516,175.997,258.587
2481,Minneapolis,MN,44.9555075,-93.2329975,12806440488,3,3948,5896,1825402338235486,1554066259285287,1176092350446471,852921143937684,7.153,20.687,9.229,33.889,1.434,93.516,169.476,258.587
2482,Minneapolis,MN,44.9556609,-93.2433643,1665403564,3,3948,5896,4096519890576922,663221800203234,4267842650100284,3635742993392900,21.205,18.02,5.933,21.855,354.488,88.597,160.18,274.489
2483,Minneapolis,MN,44.9574187,-93.249233,11902013958,4,3948,5896,766523583014177,804291655379960,1316762570173577,1279105360186561,19.022,31.35,29.295,33.725,1.91,49.511,225.832,278.345
2484,Minneapolis,MN,44.9579153,-93.2485125,11902013952,4,3948,5896,633193899633741,1703892690270238,1086560476793291,802603672730254,13.677,31.101,20.606,17.071,358.902,96.669,182.821,278.799
2485,Minneapolis,MN,44.9580225,-93.248696,11902013951,3,3948,5896,1365177415617677,1703892690270238,1086560476793291,802603672730254,6.343,31.304,7.519,1.858,1.455,96.669,182.821,278.799
2486,Minneapolis,MN,44.9582326,-93.2457367,11901474041,3,3948,5896,750847442246491,1700153180699017,1671201113069227,490887052336934,7.918,33.402,22.235,14.104,330.393,142.653,217.168,329.817
2487,Minneapolis,MN,44.9585217,-93.2512316,11902052488,4,3948,5896,4056773831244439,753726377470617,750855591108909,1868800463674300,7.457,4.894,9.588,2.169,358.373,106.968,180.402,265.631
2488,Minneapolis,MN,44.9590489,-93.2474572,4509128201,4,3948,5896,24509038868787319,1281089439965727,1403271334276038,308583050841912,14.774,7.129,6.745,14.61,49.038,92.825,182.946,270.717
2489,Minneapolis,MN,44.9590555,-93.2512256,11901474001,3,3948,5896,1869454703980329,2186732405072122,767303962879485,164663052243258,2.321,3.341,4.396,11.584,355.154,87.679,179.87,271.072
2490,Minneapolis,MN,44.9590607,-93.2510338,11901474013,3,3948,5896,775191392092162,778954134865545,767303962879485,756848451673479,10.763,10.24,10.712,12.151,1.842,97.789,179.87,270.0
2491,Minneapolis,MN,44.9590711,-93.2512108,11901474003,3,3948,5896,799215962591455,2186732405072122,767303962879485,164663052243258,1.605,2.02,3.496,10.235,1.322,87.679,179.87,271.072
2492,Minneapolis,MN,44.9590721,-93.2510526,11901474012,3,3948,5896,775191392092162,778954134865545,767303962879485,756848451673479,9.011,8.515,9.349,10.367,1.842,97.789,179.87,270.0
2493,Minneapolis,MN,44.9590806,-93.2471507,11901474031,4,3948,5896,4318780661777122,1340737527622643,816877435897833,304586087910413,15.435,15.238,14.061,9.525,25.143,59.263,182.985,272.075
2494,Minneapolis,MN,44.9592025,-93.2510526,11901474011,3,3948,5896,1334860344886337,1993204258161722,1848337712744731,756848451673479,11.342,6.759,9.31,6.513,5.969,52.379,179.022,270.0
2495,Minneapolis,MN,44.959204,-93.2512075,11901474005,3,3948,5896,1334860344886337,1993204258161722,1848337712744731,164663052243258,0.853,5.538,3.261,6.417,5.969,52.379,179.022,271.072
2496,Minneapolis,MN,44.9592163,-93.2512229,11901474006,3,3948,5896,1334860344886337,1993204258161722,1576240683743472,164663052243258,2.533,6.731,3.8,7.034,5.969,52.379,181.695,271.072
2497,Minneapolis,MN,44.9592192,-93.2510338,11901474009,3,3948,5896,1282233569808287,1993204258161722,1848337712744731,756848451673479,12.976,8.233,11.14,8.887,5.156,52.379,179.022,270.0
2498,Minneapolis,MN,44.9592242,-93.2474458,1619638584,4,3948,5896,4318780661777122,1281089439965727,1979665956203789,308583050841912,16.117,12.678,6.265,4.915,25.143,92.825,188.342,270.717
2499,Minneapolis,MN,44.9597738,-93.2472203,13190620166,3,3948,5896,1334082854850001,801174014091969,1853414822175662,564841814485351,20.256,14.437,5.326,24.631,28.482,96.797,177.53,237.867
2500,Minneapolis,MN,44.9598685,-93.2471476,246743539,4,3948,5896,976562357950026,192556576020205,311907277126739,564841814485351,20.327,0.154,3.308,13.989,32.179,129.501,179.523,237.867
2501,Minneapolis,MN,44.9607462,-93.2462618,3087622923,3,3948,5896,1038412188250851,1038412188250851,766996697511881,928414641245055,18.596,18.596,7.767,12.997,30.8,30.8,218.696,300.089
2502,Minneapolis,MN,44.9612827,-93.2452621,3087623246,3,3948,5896,1224346635871860,1224346635871860,319521352870990,941168140033154,7.279,7.279,22.005,21.288,32.28,32.28,213.885,217.134
2503,Minneapolis,MN,44.9614334,-93.2451546,3087623255,3,3948,5896,1638447703006672,1224346635871860,386038159240360,206588301092406,7.029,15.834,19.812,19.469,22.294,32.28,211.311,213.595
2504,Minneapolis,MN,44.9621745,-93.246995,1607220512,3,3948,5896,698629125100715,2842056779380779,810596128134804,152721194582162,22.609,26.143,19.947,25.333,1.939,90.0,162.967,292.939
2505,Minneapolis,MN,44.9621906,-93.2470286,1607220507,3,3948,5896,698629125100715,2842056779380779,810596128134804,152721194582162,24.209,24.959,21.627,28.18,1.939,90.0,162.967,292.939
2506,Minneapolis,MN,44.9621935,-93.2410463,3087702803,4,3948,5896,1012603600749042,2471884136515234,1099307665418792,642517021920362,31.094,19.532,9.21,6.18,357.973,144.261,179.674,233.378
2507,Minneapolis,MN,44.9621973,-93.2467892,1607220510,3,3948,5896,2004126239925951,220750279484606,24167540246262656,152721194582162,6.723,24.14,6.542,10.312,3.939,92.0,162.967,292.939
2508,Minneapolis,MN,44.9622038,-93.2453648,3087623268,4,3948,5896,4044999865542925,2728182264160960,812586099670675,808758846694399,16.018,3.737,8.183,5.516,21.743,96.301,166.59,272.632
2509,Minneapolis,MN,44.9622131,-93.2455802,1609859896,3,3948,5896,4044999865542925,1197047530735799,844096063168661,870195980377953,8.409,4.94,4.812,11.215,21.743,74.901,179.289,261.235
2510,Minneapolis,MN,44.9622909,-93.2458082,1609859904,3,3948,5896,4044999865542925,820812315484930,844096063168661,870195980377953,26.4,24.801,19.481,28.901,21.743,83.0,179.289,261.235
2511,Minneapolis,MN,44.9623346,-93.2482772,3087623271,3,3948,5896,593789261595472,621062699293093,1488942792418122,2556214344524562,11.204,4.505,10.36,26.299,11.686,92.0,145.304,270.0
2512,Minneapolis,MN,44.9623494,-93.24829,1815492772,3,3948,5896,593789261595472,621062699293093,1488942792418122,3956912464376522,10.607,3.652,8.436,24.037,11.686,92.0,145.304,273.0
2513,Minneapolis,MN,44.9623586,-93.247164,1607220485,3,3948,5896,645307567746106,297877851808955,4131280527129837,624045858992984,30.546,5.691,10.311,25.345,349.94,86.0,139.477,269.0
2514,Minneapolis,MN,44.9623704,-93.2471161,1607220490,3,3948,5896,645307567746106,770942113811873,1279046757298426,624045858992984,26.906,7.011,8.389,24.773,349.94,87.0,139.477,269.0
2515,Minneapolis,MN,44.9624079,-93.2408302,3087702806,4,3948,5896,1245297024273901,2471884136515234,685631271110766,1045349897745662,13.084,12.32,9.141,13.433,0.0,144.261,179.895,270.0
2516,Minneapolis,MN,44.9624885,-93.2453723,1607209449,5,3948,5896,2832068323642322,276533474207885,835273588824100,1024961018275628,27.773,9.605,6.17,26.432,2.307,82.0,135.309,266.826
2517,Minneapolis,MN,44.9625211,-93.2484134,3087574287,3,3948,5896,593789261595472,507112900325909,1488942792418122,293790152251738,22.433,1.752,13.169,3.927,11.686,93.0,145.304,275.0
2518,Minneapolis,MN,44.9625235,-93.2472823,3087574286,3,3948,5896,2904356179893273,760970540151741,4131280527129837,139176111528297,14.863,10.859,10.789,8.592,337.0,87.159,139.477,269.0
2519,Minneapolis,MN,44.9625488,-93.2449442,3087623275,4,3948,5896,1198517658739602,1920384911453682,1937621453818591,304387354521175,6.741,7.867,4.47,24.352,2.307,82.0,134.754,267.62
2520,Minneapolis,MN,44.9625528,-93.2466759,3087574290,3,3948,5896,1058309765193345,681661144959226,1291543809098215,933655020535423,16.742,7.651,11.376,8.201,339.94,84.087,137.65,266.0
2521,Minneapolis,MN,44.9625563,-93.242413,3087702808,4,3948,5896,644072178751560,477280576821860,1283012910172508,995152531228951,7.773,17.985,17.583,20.264,348.658,90.0,143.204,271.0
2522,Minneapolis,MN,44.962571,-93.2328872,11785926092,4,3948,5896,1430964254994322,520334299146168,374052214022135,1512234999808205,25.367,18.823,26.483,25.495,328.225,90.0,215.373,268.335
2523,Minneapolis,MN,44.9626156,-93.2509922,1619640226,3,3948,5896,596354710112501,1567856460856833,1526108648588891,24469033179412997,10.213,5.788,8.539,24.128,55.643,93.177,178.482,270.34
2524,Minneapolis,MN,44.9626364,-93.2510049,11894322948,3,3948,5896,596354710112501,1567856460856833,1526108648588891,24469033179412997,11.501,4.587,8.141,21.942,55.643,93.177,178.482,270.34
2525,Minneapolis,MN,44.962643,-93.251182,11894322950,3,3948,5896,596354710112501,207617780983358,2202207433585003,3305822529652694,13.404,2.446,6.845,20.752,55.643,92.0,178.034,277.0
2526,Minneapolis,MN,44.9626686,-93.2426326,11785926088,4,3948,5896,1159592829378424,1413775925633589,767245902589291,215595540887602,9.096,6.213,5.412,9.893,347.321,88.0,142.032,271.0
2527,Minneapolis,MN,44.9626699,-93.2424125,3087702821,4,3948,5896,1159592829378424,477280576821860,1283012910172508,995152531228951,8.25,5.378,6.025,7.941,347.321,90.0,143.204,271.0
2528,Minneapolis,MN,44.9626713,-93.2453996,1607209522,3,3948,5896,1848655582530680,1311295033992757,835273588824100,1024961018275628,12.061,5.322,14.562,6.031,53.653,83.067,135.309,266.826
2529,Minneapolis,MN,44.9626715,-93.2407998,11785926082,4,3948,5896,1245297024273901,4732153010133933,991362406452122,1942130125949409,25.495,3.462,8.092,10.073,0.0,87.0,179.624,270.0
2530,Minneapolis,MN,44.9626727,-93.2410533,11785926084,4,3948,5896,1245297024273901,567862710862148,1223687976182907,291903639077493,23.012,5.445,2.709,8.495,0.0,89.0,179.696,271.0
2531,Minneapolis,MN,44.9626794,-93.2449272,9837793970,4,3948,5896,1884354769005788,333501774853195,1937621453818591,524499371899363,14.074,3.111,10.983,9.522,8.737,82.0,134.754,266.317
2532,Minneapolis,MN,44.9626801,-93.233121,11065001202,4,3948,5896,2059189405012609,305960167654240,374052214022135,658969508354195,12.948,7.659,28.484,11.544,327.515,89.0,215.373,269.218
2533,Minneapolis,MN,44.9626854,-93.2344396,3087880096,4,3948,5896,2746328859091622,1341086979621556,1544069666087242,1426855008398852,10.183,4.283,18.661,11.648,3.599,85.0,183.0,270.306
2534,Minneapolis,MN,44.9626858,-93.2347449,3087752336,4,3948,5896,1213857114111974,310624860703717,1544069666087242,3922865767821524,15.487,2.663,13.379,6.671,359.601,87.0,183.0,255.0
2535,Minneapolis,MN,44.9626881,-93.232882,11065001195,4,3948,5896,1430964254994322,520334299146168,374052214022135,1512234999808205,12.431,6.367,14.082,12.907,328.225,90.0,215.373,268.335
2536,Minneapolis,MN,44.9626913,-93.2325002,5361758894,4,3948,5896,1456187319384206,915751638970158,374052214022135,528760901460811,12.515,7.491,26.728,11.906,328.225,90.0,215.373,273.041
2537,Minneapolis,MN,44.9626971,-93.2468629,1701132682,3,3948,5896,820921417050099,824622486657229,779919257987554,487943025967030,10.856,25.12,27.352,7.017,333.893,84.461,163.012,268.386
2538,Minneapolis,MN,44.9627023,-93.2468128,1609859873,3,3948,5896,820921417050099,681661144959226,779919257987554,487943025967030,14.599,25.558,28.946,6.723,333.893,84.087,163.012,268.386
2539,Minneapolis,MN,44.9627203,-93.2466703,1609859869,3,3948,5896,4165073913781639,681661144959226,1050374320506851,1602709969924237,25.345,26.123,29.671,7.49,333.893,84.087,138.989,266.0
2540,Minneapolis,MN,44.9628334,-93.2421799,3087702933,4,3948,5896,2185523645260890,4074798472771749,1123056619779158,1110962359371097,26.96,10.346,13.905,3.259,343.473,88.594,143.204,272.0
2541,Minneapolis,MN,44.9628345,-93.2424118,3087702935,4,3948,5896,2185523645260890,24590506430639573,1283012910172508,138468831639185,8.738,10.477,14.392,4.03,343.473,88.221,143.204,272.0
2542,Minneapolis,MN,44.9628363,-93.2426343,11785926090,4,3948,5896,2185523645260890,1315600626941234,767245902589291,809708191502403,8.846,10.773,13.737,6.841,343.473,86.473,142.032,270.309
2543,Minneapolis,MN,44.9628378,-93.245355,1607209523,4,3948,5896,1328142525336455,4335868503311896,835273588824100,175224331179865,22.424,22.228,32.746,3.444,11.206,78.785,135.309,266.0
2544,Minneapolis,MN,44.9628525,-93.2449046,1607209545,3,3948,5896,1328142525336455,333501774853195,1869871490274433,1344709770357004,13.06,22.331,28.672,6.756,11.206,82.0,132.796,268.146
2545,Minneapolis,MN,44.9628532,-93.2324084,3087752349,4,3948,5896,1456187319384206,1491618545064692,374052214022135,1122683286628463,6.922,9.733,31.51,5.281,328.225,89.699,215.373,270.232
2546,Minneapolis,MN,44.962855,-93.2344357,3087752351,4,3948,5896,1517370076583797,979489202793503,263690378822307,1426855008398852,7.784,11.093,10.881,7.225,4.456,86.0,175.0,270.306
2547,Minneapolis,MN,44.9628583,-93.2328834,3087752350,4,3948,5896,1430964254994322,1088166869801796,374052214022135,784482080627132,7.226,10.128,8.991,6.829,328.225,88.828,215.373,269.392
2548,Minneapolis,MN,44.9629031,-93.2348648,925973827,3,3948,5896,1213857114111974,909104053273468,974417351755516,4186509478250118,22.726,18.625,14.97,12.535,359.601,89.0,181.876,269.013
2549,Minneapolis,MN,44.9630233,-93.2429396,1701195144,3,3948,5896,1330639945058619,517763232974101,1159030909422260,329017472200900,32.429,31.395,34.575,26.374,348.666,90.0,142.032,270.0
2550,Minneapolis,MN,44.9630236,-93.2426313,3087702948,4,3948,5896,1330639945058619,990583094812529,767245902589291,869912610225489,8.275,31.483,34.458,26.467,348.666,90.0,142.032,271.0
2551,Minneapolis,MN,44.9631329,-93.2345833,3087880245,4,3948,5896,629320750178712,988837840150145,26940057385601344,616878177636183,7.492,11.654,20.35,7.586,340.994,32.699,174.923,310.056
2552,Minneapolis,MN,44.9631764,-93.2354817,925973674,3,3948,5896,2145654859554904,2885823055012132,2885823055012132,1478524583481471,29.266,11.102,11.102,26.649,357.029,128.0,128.0,287.744
2553,Minneapolis,MN,44.9632045,-93.2344285,2428149280,3,3948,5896,629320750178712,988837840150145,26940057385601344,616878177636183,21.195,23.917,33.448,21.359,340.994,32.699,174.923,310.056
2554,Minneapolis,MN,44.9632287,-93.2355659,925973871,4,3948,5896,972910828632547,2885823055012132,2885823055012132,1165180658774926,27.203,5.939,5.939,24.9,357.029,128.0,128.0,287.744
2555,Minneapolis,MN,44.9635454,-93.2354864,3087880300,4,3948,5896,1268670822128659,470071494208797,1388238806408516,1036209595117683,6.626,12.812,16.369,9.772,357.029,114.0,122.479,287.744
2556,Minneapolis,MN,44.9636693,-93.2358228,3087880315,4,3948,5896,2964128630646091,729446333018069,128997425860078,1158315626208604,5.991,16.263,14.77,7.779,3.355,122.285,149.0,290.604
2557,Minneapolis,MN,44.9637113,-93.2362925,3087880324,3,3948,5896,1101037698559442,1965427154079153,299839095032100,1367518874706079,15.806,9.932,9.533,19.247,352.12,148.263,163.0,318.233
2558,Minneapolis,MN,44.9639098,-93.2362939,3087880745,3,3948,5896,1148477180353175,1446257973336843,1151467591992134,1147974543909376,9.97,8.612,2.072,22.13,358.238,101.478,179.0,325.631
2559,Minneapolis,MN,44.9639325,-93.2363283,3087880750,3,3948,5896,1148477180353175,1446257973336843,165371892891534,1147974543909376,11.723,5.994,2.812,25.828,358.238,101.478,176.0,325.631
2561,Minneapolis,MN,44.9647143,-93.2363076,3087880791,4,3948,5896,272270604635253,1290978852630789,167573738701379,2171044086743210,14.149,23.399,6.753,7.412,358.199,46.707,188.871,270.156
2562,Minneapolis,MN,44.9647151,-93.2360385,3087880788,4,3948,5896,272270604635253,1290978852630789,1757402818236691,891281304776334,7.091,21.743,15.924,6.809,358.199,46.707,181.148,271.0
2563,Minneapolis,MN,44.9527334,-93.2109395,12405754745,3,3949,5896,1676474932856556,249864241250488,668969654711714,1037836854299887,8.892,11.027,10.845,8.815,318.171,133.646,137.386,312.985
2564,Minneapolis,MN,44.9535526,-93.2120411,12405754750,3,3949,5896,1463389597752539,1306340500258375,832567911327664,1341493170071997,14.317,16.26,16.68,15.255,321.396,130.092,136.073,313.291
2565,Minneapolis,MN,44.9537774,-93.2298585,12806477619,4,3949,5896,654444224017293,1504164250694583,1515206866423948,657695496024771,7.581,1.581,4.672,30.348,8.392,86.325,161.377,270.0
2566,Minneapolis,MN,44.9537778,-93.2166616,11575192902,3,3949,5896,825712505497375,1026144845417929,1254988328416217,964365944835463,31.461,18.721,30.659,22.374,56.685,72.731,238.635,246.897
2567,Minneapolis,MN,44.9538882,-93.2123576,11163979447,3,3949,5896,282432431032016,1285084085546719,1344019819825210,833862041587837,22.316,24.527,24.619,22.407,322.637,136.663,141.822,315.532
2568,Minneapolis,MN,44.9541279,-93.2127481,11163979449,3,3949,5896,664972458517136,1012940923073595,1012940923073595,118913001277100,16.153,16.942,16.942,15.487,328.532,146.123,146.123,323.823
2569,Minneapolis,MN,44.9542254,-93.2151874,11841863572,3,3949,5896,1278834436108277,602465555117041,1314078636204881,831165838408922,31.68,29.287,33.281,31.409,43.794,79.774,236.285,254.585
2570,Minneapolis,MN,44.9543962,-93.2133944,11841863587,3,3949,5896,979138729797594,269367525794909,1002869547719823,843767397344378,9.483,9.186,9.374,9.404,326.934,144.714,145.856,271.882
2571,Minneapolis,MN,44.9544072,-93.2151847,6518300993,3,3949,5896,314961704368174,602465555117041,1314078636204881,831165838408922,10.924,14.472,13.512,15.351,57.87,79.774,236.285,254.585
2572,Minneapolis,MN,44.9544228,-93.2136277,11841863582,3,3949,5896,1631625297321666,994316595128848,997961028007131,1735359660313886,14.228,21.171,23.529,15.971,339.735,113.271,157.569,276.366
2573,Minneapolis,MN,44.961463,-93.2109313,11358575775,4,3949,5896,1263579565681899,928087041100442,928087041100442,1494116892316962,23.403,4.92,4.92,30.864,341.267,129.627,129.627,278.155
2575,Minneapolis,MN,44.9626514,-93.2127149,925863831,3,3949,5896,1348163900674000,467606221190925,1832492530244815,1479016020526732,26.171,5.747,16.115,33.134,347.551,97.512,182.479,283.518
2576,Minneapolis,MN,44.9626553,-93.2129114,8538899018,3,3949,5896,1348163900674000,467606221190925,1832492530244815,1479016020526732,13.988,15.724,14.364,25.417,347.551,97.512,182.479,283.518
2577,Minneapolis,MN,44.9645039,-93.2211393,1887794825,3,3949,5896,856651311874345,671775728723273,2828577507359601,959688014571099,15.299,19.189,27.366,30.51,56.0,74.194,232.912,258.191
2578,Minneapolis,MN,44.9645042,-93.2210252,6764002511,3,3949,5896,9583521015016777,1768911027082969,244930520499476,183434136983593,31.83,22.111,25.967,31.238,2.724,81.8,134.09,270.154
2579,Minneapolis,MN,44.9646413,-93.215493,2248849620,4,3949,5896,810956977969568,578728919768279,3953100908328955,208836281072994,16.348,4.744,32.186,1.86,350.811,91.64,206.816,272.17
2580,Minneapolis,MN,44.964648,-93.2207583,2415479644,3,3949,5896,9583521015016777,148678497232470,655850628595177,3752588154850469,32.053,4.868,4.447,11.191,2.724,117.36,125.0,288.023
2581,Minneapolis,MN,44.9646551,-93.216525,11412918648,3,3949,5896,828715411905262,217714796554157,960927053102011,303798837904112,33.33,5.941,21.498,3.157,320.0,93.15,196.496,269.746
2582,Minneapolis,MN,44.9647537,-93.2204742,2415479667,3,3949,5896,318077483061166,1337047704424841,291581309334501,499483311473378,24.088,11.292,16.146,4.624,49.0,112.191,121.87,288.61
2583,Minneapolis,MN,44.9647889,-93.2205874,11503649395,3,3949,5896,318077483061166,241142784431912,291581309334501,583431965962229,14.736,12.341,12.502,4.691,49.0,109.528,121.87,287.055
2584,Minneapolis,MN,44.9547241,-93.1868599,2460011751,3,3950,5896,2045251566408557,815289386994109,1285666688723065,2586669651636986,33.07,2.818,32.254,29.593,327.295,115.826,192.0,295.859
2585,Minneapolis,MN,44.9548641,-93.1872728,13272829746,4,3950,5896,1258557668936513,808985513972648,3207883666178806,2884368331873369,34.153,2.177,6.263,30.83,327.295,118.411,132.205,296.615
2586,Minneapolis,MN,44.9553652,-93.1925168,765532410,3,3950,5896,3847089598851300,513517603153874,1122324006004136,378741866748748,16.803,7.118,13.645,26.297,1.0,70.79,154.934,259.33
2587,Minneapolis,MN,44.9586293,-93.1910561,7065787413,4,3950,5896,201918446179234,601296212093200,601296212093200,213264763673890,19.314,6.311,6.311,27.694,28.177,127.64,127.64,211.628
2588,Minneapolis,MN,44.9586589,-93.1909517,7065787412,3,3950,5896,6568531939833897,1156048735785024,1156048735785024,467632407846282,23.563,1.499,1.499,33.38,27.0,126.517,126.517,213.013
2589,Minneapolis,MN,44.9586789,-93.1911807,10861972314,3,3950,5896,1758298254613533,240974342234610,2529889223845573,213264763673890,7.005,6.057,8.413,16.456,34.248,86.699,122.984,211.628
2590,Minneapolis,MN,44.9595856,-93.1872017,12975120659,3,3950,5896,1775752766220868,777596729624635,222799036273935,2205813579897235,4.27,9.563,12.16,26.822,0.0,119.18,171.14,283.299
2591,Minneapolis,MN,44.959599,-93.1871715,3396247264,3,3950,5896,1775752766220868,433046191344836,222799036273935,2205813579897235,4.79,7.621,10.126,24.387,0.0,119.29,171.14,283.299
2592,Minneapolis,MN,44.9596911,-93.1875062,12975120656,3,3950,5896,344376731381830,867401247179757,875045056383420,1407931050306046,10.882,10.477,23.988,28.816,0.0,119.11,177.39,283.364
2593,Minneapolis,MN,44.9597457,-93.1875365,3396247274,3,3950,5896,344376731381830,867401247179757,875045056383420,6324629727592117,17.279,6.987,24.661,25.68,0.0,119.11,177.39,275.0
2594,Minneapolis,MN,44.9599067,-93.1870523,3396247280,3,3950,5896,1104217815126941,283262604332747,510049313359932,470093404275056,14.456,26.921,16.642,3.525,1.0,98.0,189.07,299.45
2595,Minneapolis,MN,44.959924,-93.1870722,3396247282,3,3950,5896,1104217815126941,283262604332747,394966228229538,470093404275056,12.594,24.624,13.429,4.67,1.0,98.0,199.86,299.45
2596,Minneapolis,MN,44.9599892,-93.1881658,2034876949,4,3950,5896,234508811776730,475885316855754,2012624545562030,661439666545982,30.823,6.888,10.083,25.766,0.0,119.48,120.14,286.908
2597,Minneapolis,MN,44.9600306,-93.1873433,2034876954,3,3950,5896,954191102000458,283262604332747,948388373057459,931211261299416,2.081,0.647,0.647,3.46,0.0,98.0,203.0,263.037
2598,Minneapolis,MN,44.9600329,-93.1873963,2034876957,3,3950,5896,1691943297664211,283262604332747,948388373057459,806158164339062,2.814,3.75,3.75,2.434,0.0,98.0,203.0,273.703
2599,Minneapolis,MN,44.9600696,-93.1904156,5725050583,4,3950,5896,300993811654330,300993811654330,278019363993650,1885427118707709,13.78,13.78,5.715,8.78,30.202,30.202,209.22,254.028
2600,Minneapolis,MN,44.9601277,-93.187305,10093098302,4,3950,5896,1652364391621111,220755937488755,3464481017106706,931211261299416,5.545,4.443,3.261,13.872,0.0,106.0,200.72,263.037
2601,Minneapolis,MN,44.960251,-93.1879191,2034876959,4,3950,5896,234508811776730,808752415459430,828367438995853,778396156398468,10.478,22.269,11.575,4.744,0.0,83.71,195.0,299.76
2602,Minneapolis,MN,44.9603077,-93.1898988,10780951001,4,3950,5896,331840831617422,291351739356258,1506140383914135,298861305203980,6.265,11.886,15.443,21.846,29.28,32.306,208.379,211.237
2603,Minneapolis,MN,44.9603367,-93.1881469,2034876963,4,3950,5896,2998880307102020,33016128471319577,253073297611532,599785198081108,4.843,22.888,10.752,2.868,0.0,81.565,195.0,299.52
2604,Minneapolis,MN,44.9604285,-93.1892629,2034876967,4,3950,5896,2567782473526474,1105886964663773,481534829626511,2283211858803818,29.162,9.859,8.797,28.129,0.0,85.393,120.69,284.201
2605,Minneapolis,MN,44.9604579,-93.1867335,10861972397,4,3950,5896,816769364439774,255073210671473,2548594108770704,186365896675284,11.492,19.46,16.539,19.208,353.469,108.0,208.36,212.5
2606,Minneapolis,MN,44.9604939,-93.1894208,2034876969,4,3950,5896,276361494194738,810865531545901,490109452319258,1428364604404137,28.742,10.241,7.209,21.78,0.0,85.393,123.19,301.0
2607,Minneapolis,MN,44.9605724,-93.1896802,2034876983,3,3950,5896,2941698016118073,919856232200654,809928428281438,1308479343085657,6.438,8.285,15.786,24.189,44.86,83.05,207.844,301.0
2608,Minneapolis,MN,44.9605832,-93.1896397,2034876986,3,3950,5896,2941698016118073,919856232200654,809928428281438,1308479343085657,6.243,5.276,17.265,22.18,44.86,83.05,207.844,301.0
2609,Minneapolis,MN,44.9605949,-93.1887976,2034876989,4,3950,5896,4072512522808103,838626451949428,786970176511396,761277280059633,6.826,24.885,14.437,6.329,0.0,85.154,197.0,284.201
2610,Minneapolis,MN,44.9606381,-93.1869594,12813131052,4,3950,5896,1692785274225603,255073210671473,136393836144659,136393836144659,7.628,11.845,5.464,5.464,0.0,108.0,213.551,213.551
2611,Minneapolis,MN,44.9606663,-93.187037,12813131054,3,3950,5896,1692785274225603,255073210671473,136393836144659,136393836144659,14.431,16.224,12.291,12.291,0.0,108.0,213.551,213.551
2612,Minneapolis,MN,44.9606733,-93.189932,2034876995,3,3950,5896,456834015606823,842802645582598,507369293908696,1652345691819859,11.71,12.61,7.846,4.824,29.227,84.866,177.867,210.58
2613,Minneapolis,MN,44.9607014,-93.1899383,3396247288,3,3950,5896,811439029498703,842802645582598,507369293908696,1652345691819859,18.702,9.846,6.137,6.241,0.0,84.866,177.867,210.58
2614,Minneapolis,MN,44.9607717,-93.1864894,10861972395,4,3950,5896,1601571364230328,1330703128234388,1211807589276387,968011761107554,10.124,18.852,16.59,18.195,356.187,90.0,208.52,210.044
2615,Minneapolis,MN,44.9608449,-93.1894307,2034877000,3,3950,5896,3025736047705266,162120249188827,250432317916495,491808192060795,5.991,14.134,13.955,1.075,0.0,89.45,196.0,300.09
2616,Minneapolis,MN,44.9609461,-93.1908916,1659327467,3,3950,5896,3492725020952214,1823755934898800,912137176018188,3492725020952214,33.9,23.187,22.632,33.9,301.0,85.094,120.322,301.0
2617,Minneapolis,MN,44.9609672,-93.189698,10542491920,3,3950,5896,797031074350849,218082376508761,536430804028844,1119218797083645,6.571,16.059,1.624,7.341,0.0,91.39,204.16,283.887
2618,Minneapolis,MN,44.9609679,-93.1897162,2034877010,3,3950,5896,797031074350849,218082376508761,308737167383101,1119218797083645,5.803,16.56,2.911,6.768,0.0,91.39,198.88,283.887
2619,Minneapolis,MN,44.9610452,-93.1908109,2034877016,4,3950,5896,1485831698421450,1823755934898800,912137176018188,3492725020952214,28.178,10.929,10.134,21.474,0.0,85.094,120.322,301.0
2620,Minneapolis,MN,44.9611126,-93.1865837,7192381101,4,3950,5896,472299543856884,1396949137537022,1132926598095092,804370524745960,9.981,7.813,6.568,7.813,0.0,105.0,208.119,210.0
2621,Minneapolis,MN,44.9611231,-93.190109,2034877019,4,3950,5896,296113045494876,1540809607269446,625109886432353,813888792888782,6.489,24.668,16.455,2.811,0.0,85.094,197.0,299.88
2622,Minneapolis,MN,44.9611446,-93.1866593,6115159466,3,3950,5896,472299543856884,1396949137537022,1132926598095092,804370524745960,16.69,14.491,13.304,14.491,0.0,105.0,208.119,210.0
2623,Minneapolis,MN,44.9611567,-93.1901938,2034877022,4,3950,5896,784738918845594,2236112916897495,824710305701866,1146223260721378,6.52,24.664,14.542,6.724,0.0,85.094,196.0,282.858
2624,Minneapolis,MN,44.9611833,-93.1895288,10542491943,4,3950,5896,225169272326299,268939684933114,474069646995858,983155459168906,15.818,16.136,3.068,4.169,30.02,35.1,207.74,210.8
2625,Minneapolis,MN,44.9612951,-93.1905407,2034877027,4,3950,5896,1485831698421450,1487159595884802,1316239572301339,1080296222462209,7.454,24.806,14.049,3.038,0.0,85.094,196.0,298.92
2626,Minneapolis,MN,44.9613303,-93.1894103,10542491942,4,3950,5896,138821284942928,3883947635034795,487894645695375,983155459168906,13.873,15.197,3.037,20.167,27.81,31.31,205.74,210.8
2627,Minneapolis,MN,44.9613496,-93.1864968,6267171393,3,3950,5896,515881099450568,1400671977330921,309915361695684,610900771145704,15.974,15.226,13.184,15.226,0.0,105.0,208.507,210.0
2628,Minneapolis,MN,44.9613985,-93.1904609,1494905542,4,3950,5896,1485831698421450,248567820392718,1316239572301339,1080296222462209,19.901,34.535,27.136,15.154,0.0,119.27,196.0,298.92
2629,Minneapolis,MN,44.9614403,-93.1909046,2034877036,4,3950,5896,522693042064898,1732776887414870,974144960525729,1114168326944710,7.162,24.9,16.249,6.068,0.0,85.094,196.0,283.888
2630,Minneapolis,MN,44.9615101,-93.1863696,6267171391,3,3950,5896,318500256354335,963285861421328,1392110451166381,610900771145704,15.621,18.481,12.801,21.966,0.0,104.0,207.88,210.0
2631,Minneapolis,MN,44.9615156,-93.1919788,2034877043,4,3950,5896,464207934663303,1362315515513936,982339399178380,1497094781332553,29.176,11.325,7.69,28.235,0.0,85.094,120.123,283.272
2632,Minneapolis,MN,44.9615377,-93.191061,10542491928,3,3950,5896,501796707734015,830831759417423,216723424702844,4103970709641994,9.775,27.678,16.089,5.207,0.0,85.094,198.0,299.19
2633,Minneapolis,MN,44.961545,-93.1908248,1494905561,5,3950,5896,522693042064898,911272236381226,974144960525729,1672118276508944,19.492,34.481,28.318,15.143,0.0,120.16,196.0,299.91
2634,Minneapolis,MN,44.9616114,-93.1909887,10542491934,4,3950,5896,501796707734015,547431150000474,216723424702844,4103970709641994,19.099,34.836,26.004,14.968,0.0,119.21,198.0,299.19
2635,Minneapolis,MN,44.9616257,-93.191297,10780950981,3,3950,5896,810088502938685,599253226548300,648672310572055,170670741726353,8.429,27.594,14.541,4.926,0.0,85.094,200.0,299.29
2636,Minneapolis,MN,44.9617621,-93.1917075,2034877057,4,3950,5896,464207934663303,807824998772585,798386428450180,712019621896037,6.121,24.227,10.476,6.292,0.0,85.094,196.0,284.168
2637,Minneapolis,MN,44.9618491,-93.1916404,1494905600,3,3950,5896,464207934663303,2874418799490888,798386428450180,248178154217049,16.544,27.623,21.298,13.194,0.0,125.075,196.0,299.062
2638,Minneapolis,MN,44.9620261,-93.2076484,11090148715,3,3950,5896,222428052653997,514190359613558,570020433960323,5573510306023682,9.308,10.643,10.689,10.154,359.16,79.778,183.727,282.42
2639,Minneapolis,MN,44.9620288,-93.2068897,11090148742,3,3950,5896,4275304339157459,2255348707928852,290591949387385,383903379527540,29.947,10.759,29.689,7.387,355.444,86.878,181.426,273.012
2640,Minneapolis,MN,44.9622516,-93.1929242,3396247426,4,3950,5896,2125507024456722,769934323719395,760601644658488,1367457703653980,1.178,14.637,9.363,2.077,4.0,128.786,183.176,299.1
2641,Minneapolis,MN,44.9625186,-93.1945015,13304840231,3,3950,5896,530550047938535,243679227556022,320346766120106,1143571069403929,26.11,9.114,15.414,27.053,0.0,118.314,120.08,298.95
2642,Minneapolis,MN,44.9625663,-93.1946418,2034877066,4,3950,5896,904041867203152,833345650618001,502657001083564,376524377063156,27.015,9.696,10.708,28.421,0.0,118.84,120.561,299.28
2643,Minneapolis,MN,44.9628066,-93.1946184,5555120289,3,3950,5896,772472170073691,154387349987164,522971572474508,340266314120351,2.803,11.752,12.633,4.41,0.0,119.66,120.18,300.27
2644,Minneapolis,MN,44.9631727,-93.1961305,2034877099,3,3950,5896,942034476633243,517251242645239,517251242645239,1846674568850254,28.909,5.195,5.195,25.564,0.0,120.64,120.64,295.51
2645,Minneapolis,MN,44.9633545,-93.195984,5555120298,4,3950,5896,942034476633243,471201780830684,896805964232152,1846674568850254,7.024,11.415,11.075,2.948,0.0,118.3,120.01,295.51
2646,Minneapolis,MN,44.9636447,-93.189045,6267097824,3,3950,5896,906354796591888,973412690086473,136745505164283,909598546275792,1.658,27.292,5.455,31.195,0.21,93.69,182.14,269.158
2647,Minneapolis,MN,44.9636924,-93.1974255,1533062828,3,3950,5896,3354552234852154,757274824953877,157357756357444,186803856645537,21.413,5.094,4.442,24.31,0.0,113.169,148.56,299.4
2648,Minneapolis,MN,44.9636963,-93.188894,6267097838,3,3950,5896,488422569143366,973412690086473,2251436348319617,909598546275792,13.537,29.054,17.407,32.921,0.47,93.69,181.72,269.158
2649,Minneapolis,MN,44.9636978,-93.1890424,6267097837,3,3950,5896,488422569143366,973412690086473,2251436348319617,909598546275792,1.862,21.917,5.925,25.877,0.47,93.69,181.72,269.158
2650,Minneapolis,MN,44.963867,-93.189034,187915728,3,3950,5896,991645938243636,973412690086473,262918622249007,909598546275792,2.524,10.164,6.328,12.974,0.47,93.69,182.35,269.158
2651,Minneapolis,MN,44.9640507,-93.1974344,1533062674,3,3950,5896,3758253124400195,987663238710337,1235929201534895,157005049767418,9.675,9.214,13.095,1.574,0.0,71.49,179.877,300.34
2653,Minneapolis,MN,44.9645001,-93.1926152,10861920786,3,3950,5896,1007310460683489,487624775909479,1955904611650503,5510405309003967,11.058,16.111,8.722,11.43,0.0,105.47,144.797,294.3
2654,Minneapolis,MN,44.964521,-93.2012649,3672622463,4,3950,5896,1237065274820432,2118107594998467,2026715014572412,109510481221781,10.994,6.662,14.49,14.558,359.17,88.86,227.338,270.0
2656,Minneapolis,MN,44.964538,-93.2063757,11090148724,4,3950,5896,845095739410451,1389909548053784,554304582224981,969788563769933,8.193,4.727,11.155,9.569,3.026,91.0,186.226,270.01
2657,Minneapolis,MN,44.9645438,-93.2003033,2034877130,3,3950,5896,800508259274183,205233044758833,1600534751058667,4103809789736971,10.994,5.044,12.298,13.061,355.815,87.93,229.163,269.73
2660,Minneapolis,MN,44.9646005,-93.1988025,1878508427,4,3950,5896,459632611770811,292761682202428,5834103556629786,237232664836084,11.727,23.404,25.779,2.952,0.0,116.94,120.761,302.25
2662,Minneapolis,MN,44.964705,-93.2002945,13404020204,3,3950,5896,800508259274183,1835213986660519,2228814304612823,925716028226156,7.159,8.007,7.238,3.437,355.815,89.45,229.563,269.14
2663,Minneapolis,MN,44.9647095,-93.2063854,7983454652,3,3950,5896,479685056688285,482847149465077,554304582224981,140563851393071,13.571,7.075,25.345,4.944,5.03,89.0,186.226,270.52
2664,Minneapolis,MN,44.9647122,-93.2066015,10861972422,4,3950,5896,509532756906598,190674126322121,554304582224981,3995033217251294,5.944,7.446,24.972,4.972,18.81,88.46,186.226,272.316
2665,Minneapolis,MN,44.9647126,-93.2012835,1534213672,4,3950,5896,1701742487426801,340890627629802,286322629808536,508183847027487,8.262,9.562,2.413,2.339,356.471,89.63,120.114,272.16
2668,Minneapolis,MN,44.9647271,-93.2063819,7983454653,3,3950,5896,479685056688285,482847149465077,554304582224981,140563851393071,12.806,9.049,27.267,6.896,5.03,89.0,186.226,270.52
2669,Minneapolis,MN,44.9647452,-93.1991652,1878508423,4,3950,5896,1182940142129569,268686551354578,932622779412416,816991558985129,14.411,24.843,15.519,3.904,0.0,102.22,235.854,298.79
2670,Minneapolis,MN,44.9510791,-93.1674672,3749261691,3,3951,5896,287737052837039,2996080677346582,1397183761717905,2680972795629045,34.646,25.251,3.726,10.89,359.075,90.771,180.522,219.587
2671,Minneapolis,MN,44.9511228,-93.1674089,1657588626,4,3951,5896,4035814556465822,2996080677346582,1397183761717905,2680972795629045,30.221,19.005,3.372,11.688,359.108,90.771,180.522,219.587
2672,Minneapolis,MN,44.9511638,-93.1673533,3749261719,3,3951,5896,4035814556465822,2996080677346582,154639579960782,2680972795629045,25.519,13.518,6.768,15.32,359.108,90.771,178.91,219.587
2673,Minneapolis,MN,44.9534956,-93.1832141,493895605,3,3951,5896,1419055709963838,2138584879664504,127382067069862,461318248480784,28.543,3.721,32.347,25.815,325.451,111.267,190.0,292.259
2674,Minneapolis,MN,44.9539483,-93.166789,12983341321,3,3951,5896,236305909185246,1467733540768335,513814983314318,777784881963866,15.244,28.214,26.503,27.88,0.0,83.804,179.11,311.848
2675,Minneapolis,MN,44.9539637,-93.1668095,7630042569,3,3951,5896,236305909185246,1467733540768335,513814983314318,777784881963866,14.609,28.292,24.884,26.504,0.0,83.804,179.11,311.848
2676,Minneapolis,MN,44.9539692,-93.1671886,7630042582,3,3951,5896,1268686403751096,3058429951008413,513814983314318,807727984984040,33.539,6.719,5.146,7.583,0.0,149.345,179.11,213.135
2677,Minneapolis,MN,44.9539777,-93.1671672,12983341324,3,3951,5896,1268686403751096,3058429951008413,485519439343328,807727984984040,31.631,4.858,4.015,6.961,0.0,149.345,179.52,213.135
2678,Minneapolis,MN,44.9540502,-93.1652727,13304840203,3,3951,5896,284149400765926,657596866492927,811458224214786,4057028887842535,15.299,15.13,25.927,25.938,0.0,74.52,163.188,264.143
2679,Minneapolis,MN,44.9540741,-93.165028,11251041671,3,3951,5896,1904721343281311,948302823234054,957838342156312,844907271339808,16.931,23.435,31.97,30.489,352.227,85.172,171.575,249.243
2680,Minneapolis,MN,44.9541072,-93.1650454,7630042541,4,3951,5896,1904721343281311,657596866492927,811458224214786,844907271339808,13.32,17.75,26.924,27.003,352.227,74.52,163.188,249.243
2681,Minneapolis,MN,44.9541236,-93.1643622,11251041667,3,3951,5896,162743816701705,8067436096618051,1153401329416738,3777139545751713,15.137,11.816,27.522,23.462,0.0,104.492,184.758,321.295
2682,Minneapolis,MN,44.9541463,-93.1671805,7630042583,3,3951,5896,1268686403751096,2026055164638705,2932528680348541,1591160098834800,25.865,5.729,3.509,6.12,0.0,147.706,179.74,211.443
2683,Minneapolis,MN,44.9541723,-93.1671803,12983341323,3,3951,5896,1268686403751096,1471667444548502,2932528680348541,1591160098834800,25.912,7.321,3.255,7.75,0.0,147.706,179.74,211.443
2684,Minneapolis,MN,44.954178,-93.1658263,13304840198,3,3951,5896,410930874992767,1867088983734056,959204119074123,2368916410191933,8.735,12.131,18.07,5.937,6.9,100.615,189.253,274.994
2685,Minneapolis,MN,44.9541803,-93.1668169,7630042584,3,3951,5896,1096577201619217,1467733540768335,289340262826174,777784881963866,2.89,23.422,24.428,6.754,356.764,83.804,182.27,311.848
2686,Minneapolis,MN,44.9541906,-93.1655961,13304840196,3,3951,5896,308288148203492,657596866492927,811458224214786,4057028887842535,9.076,27.819,26.909,6.554,0.0,74.52,163.188,264.143
2687,Minneapolis,MN,44.9541994,-93.166797,8589968988,3,3951,5896,1096577201619217,1467733540768335,1100003141115174,777784881963866,0.829,22.617,24.374,4.973,356.764,83.804,185.699,311.848
2688,Minneapolis,MN,44.954261,-93.1652927,11251041730,4,3951,5896,624300379647893,657596866492927,811458224214786,844907271339808,6.927,9.363,2.667,1.188,0.0,74.52,163.188,249.243
2689,Minneapolis,MN,44.9542988,-93.1642698,11251041745,3,3951,5896,162743816701705,8067436096618051,1153401329416738,3777139545751713,5.701,13.061,12.043,7.08,0.0,104.492,184.758,321.295
2690,Minneapolis,MN,44.9543127,-93.1650574,11251041732,4,3951,5896,316933621146111,948302823234054,957838342156312,844907271339808,4.756,19.005,15.617,20.368,358.829,85.172,171.575,249.243
2691,Minneapolis,MN,44.9546936,-93.1668225,8418523635,3,3951,5896,284219757408469,2061793211241662,312155113621552,1657394735417537,2.39,1.668,23.939,22.583,0.0,90.284,179.83,211.719
2692,Minneapolis,MN,44.9546978,-93.1671772,8418523639,4,3951,5896,284219757408469,964653362676530,327842205353316,1657394735417537,26.983,6.399,4.062,5.352,0.0,148.087,180.63,211.719
2693,Minneapolis,MN,44.9547755,-93.1650466,11251041743,3,3951,5896,3626219100925554,941200964416977,443632518169604,1503169966905949,3.952,22.597,10.152,25.616,7.758,83.146,165.592,270.701
2694,Minneapolis,MN,44.9547862,-93.1642709,11251041744,3,3951,5896,942200270178139,1872302293710029,964874478616782,397359009751153,4.95,1.944,13.624,2.422,0.0,77.289,178.636,272.239
2695,Minneapolis,MN,44.954884,-93.1671945,8418523638,3,3951,5896,2827539384067897,1005152171863911,535488634118228,949327047568793,27.819,7.404,5.547,6.697,0.0,148.644,179.52,211.719
2696,Minneapolis,MN,44.9549495,-93.1660675,12499330314,4,3951,5896,899947328520284,1544655503516719,440082245090935,834989565679145,4.378,11.423,20.282,6.615,0.0,83.636,176.53,285.677
2697,Minneapolis,MN,44.9549661,-93.1667655,12499305498,3,3951,5896,697660969000080,709021265579312,1176038787797244,1176038787797244,3.553,3.748,8.362,8.362,0.0,87.107,218.124,218.124
2698,Minneapolis,MN,44.9549855,-93.1659072,1474718593,3,3951,5896,1233218808129501,1544655503516719,440082245090935,834989565679145,3.258,12.557,20.256,13.796,0.0,83.636,176.53,285.677
2699,Minneapolis,MN,44.955052,-93.166223,12499305496,3,3951,5896,839540274683464,1156230823154425,1108212607061166,834989565679145,5.285,1.754,11.973,12.288,0.0,129.668,186.119,285.677
2700,Minneapolis,MN,44.9550957,-93.1665811,12499305497,3,3951,5896,547908694409620,689229307576183,1234899428657089,1176038787797244,5.476,10.063,5.539,12.09,0.0,41.793,202.075,218.124
2701,Minneapolis,MN,44.9550985,-93.1664751,12499305489,3,3951,5896,547908694409620,689229307576183,1108212607061166,1176038787797244,4.5,2.549,8.915,19.116,0.0,41.793,186.119,218.124
2702,Minneapolis,MN,44.9551219,-93.1659068,1107832085,3,3951,5896,215718758035145,1544655503516719,1840921020124786,834989565679145,0.093,27.316,12.684,18.549,0.0,83.636,184.182,285.677
2703,Minneapolis,MN,44.955183,-93.1665958,12499305499,3,3951,5896,1031266795413223,689229307576183,1234899428657089,1721867405157545,4.732,15.893,6.001,22.427,0.0,41.793,202.075,289.754
2704,Minneapolis,MN,44.9552523,-93.166274,12499305492,3,3951,5896,892110492375332,768120322900597,951712406491399,1153793320237700,8.073,7.04,3.285,16.413,0.0,62.758,192.675,250.907
2705,Minneapolis,MN,44.9553453,-93.1662861,12499305484,3,3951,5896,1685386548970993,945311420467683,951712406491399,1153793320237700,5.277,22.583,10.29,6.448,0.0,91.266,192.675,250.907
2706,Minneapolis,MN,44.9553462,-93.1663786,12499330304,3,3951,5896,1455269001889704,941088010948114,951712406491399,1721867405157545,5.733,22.966,11.276,5.239,0.0,91.397,192.675,289.754
2707,Minneapolis,MN,44.9553918,-93.1666441,12499330308,3,3951,5896,543217475027336,1603354287090105,820437847558139,1767670950585289,4.556,17.766,13.725,1.371,0.0,91.394,166.822,311.472
2708,Minneapolis,MN,44.9554964,-93.1667765,12499330310,4,3951,5896,658289193001064,1603354287090105,1129624602716582,1767670950585289,4.834,11.083,2.377,15.073,0.0,91.394,159.023,311.472
2709,Minneapolis,MN,44.9555123,-93.1660621,12499330315,3,3951,5896,1490275395014957,945311420467683,1440592413259232,1186760646668944,4.943,13.235,6.564,9.961,0.0,91.266,175.183,262.598
2710,Minneapolis,MN,44.9555162,-93.1672111,3394767257,4,3951,5896,1096509898710184,1105577455075596,832602064349896,1421873426151078,28.917,9.073,8.642,8.012,0.0,147.477,180.13,212.063
2711,Minneapolis,MN,44.9555218,-93.1668028,3394767267,5,3951,5896,658289193001064,1603354287090105,1129624602716582,1767670950585289,2.245,11.788,1.794,18.529,0.0,91.394,159.023,311.472
2712,Minneapolis,MN,44.9555316,-93.1659093,3394767266,4,3951,5896,1448882602444679,3756447451265427,1440592413259232,1186760646668944,4.595,15.41,6.286,2.469,0.0,91.457,175.183,262.598
2713,Minneapolis,MN,44.9556371,-93.1667844,3394768723,3,3951,5896,894536729251113,1603354287090105,1129624602716582,1863465927935600,8.73,13.737,14.692,16.685,0.0,91.394,159.023,253.541
2714,Minneapolis,MN,44.9557272,-93.1773504,1894108680,4,3951,5896,1377092139324096,290998966856563,1321298072155511,189274973836774,13.107,12.123,18.282,18.282,359.44,88.0,180.0,270.0
2715,Minneapolis,MN,44.9557379,-93.1672243,3394768771,3,3951,5896,873785597123654,1368908955290302,900832087135231,753071247640019,19.595,8.377,7.776,5.867,-0.074,147.477,179.77,253.265
2716,Minneapolis,MN,44.9558408,-93.1668274,3394768805,4,3951,5896,870701020599487,168009379176275,488001849208553,821477803552906,7.618,7.549,23.516,6.257,358.926,71.049,178.44,253.541
2717,Minneapolis,MN,44.9558428,-93.1672275,3394768808,3,3951,5896,873785597123654,1616018812775880,4055921674473799,753071247640019,8.389,8.734,8.056,5.888,-0.074,147.477,178.2,253.265
2718,Minneapolis,MN,44.9558615,-93.167204,7990035498,3,3951,5896,873785597123654,1616018812775880,488001849208553,753071247640019,5.805,6.323,6.214,7.97,-0.074,147.477,178.44,253.265
2719,Minneapolis,MN,44.9559606,-93.1773634,3396247202,3,3951,5896,256502640580899,284936914112631,288102947074106,1320788413082544,8.86,8.525,9.451,6.826,0.0,90.0,180.0,275.286
2720,Minneapolis,MN,44.955995,-93.1770391,1661769122,4,3951,5896,2203575649837223,1829970424071470,288102947074106,797949682628965,6.806,26.595,33.23,6.388,4.151,86.206,180.0,272.088
2721,Minneapolis,MN,44.9560804,-93.177352,1661769132,4,3951,5896,130771662352032,284936914112631,288102947074106,1320788413082544,12.049,20.941,21.873,6.595,359.92,90.0,180.0,275.286
2722,Minneapolis,MN,44.9562087,-93.1668289,12098266117,4,3951,5896,870701020599487,1875726476388392,230190062243817,3724423814359117,33.465,23.785,20.818,21.657,358.926,147.477,180.04,214.114
2723,Minneapolis,MN,44.956219,-93.1672036,7990035497,4,3951,5896,873785597123654,1892824701425206,230190062243817,3724423814359117,34.184,5.785,8.827,7.923,-0.074,147.477,180.04,214.114
2724,Minneapolis,MN,44.9562196,-93.1672945,1490098347,3,3951,5896,1199748594283498,1892824701425206,230190062243817,3724423814359117,34.224,12.895,15.917,15.036,-0.073,147.477,180.04,214.114
2727,Minneapolis,MN,44.9568366,-93.1769155,1653910966,3,3951,5896,660080936182170,200797542750603,308786658474855,1289767485014124,16.939,9.409,5.183,6.719,358.692,91.42,175.332,273.516
2728,Minneapolis,MN,44.9568367,-93.1770488,1661769174,4,3951,5896,3547724295480839,200797542750603,308786658474855,782876530301987,7.479,3.506,10.066,7.391,7.605,91.42,175.332,273.235
2729,Minneapolis,MN,44.9568727,-93.1769163,1653910974,3,3951,5896,660080936182170,200797542750603,308786658474855,1289767485014124,18.917,8.858,9.06,2.977,358.692,91.42,175.332,273.516
2730,Minneapolis,MN,44.9575893,-93.1821265,2460025740,3,3951,5896,813518272916734,902630343629573,1421001134935432,1320165409773791,6.707,34.499,18.53,27.876,2.71,82.41,180.99,282.447
2731,Minneapolis,MN,44.9575938,-93.1821768,3396247247,3,3951,5896,766730983992833,266383581940907,1421001134935432,4001175986584498,2.761,32.966,14.682,26.319,3.22,93.43,180.99,288.091
2732,Minneapolis,MN,44.957719,-93.1824559,2460025748,3,3951,5896,919322675304018,266383581940907,481194403203081,4001175986584498,12.685,15.167,7.801,5.668,2.71,93.43,181.32,288.091
2733,Minneapolis,MN,44.957819,-93.1829445,1901436381,4,3951,5896,1274712702925694,520352482307883,520352482307883,461503864950547,28.227,17.783,17.783,34.599,331.249,125.815,125.815,256.1
2734,Minneapolis,MN,44.9579329,-93.1821188,2460025764,3,3951,5896,529442491395636,190809546227491,514617119552645,1220387606797637,6.389,11.842,17.788,6.204,3.02,91.91,180.72,282.447
2735,Minneapolis,MN,44.9579726,-93.1821638,3396247251,3,3951,5896,529442491395636,190809546227491,1120695155104676,1220387606797637,3.153,10.907,13.128,8.11,3.02,91.91,183.3,282.447
2736,Minneapolis,MN,44.9580761,-93.1824107,2460025772,3,3951,5896,3986903491392622,190809546227491,1058975857964801,675891521227600,10.29,22.273,2.289,0.498,2.34,91.91,176.02,248.013
2737,Minneapolis,MN,44.9581116,-93.1821612,2460025776,4,3951,5896,4177203575634128,187255293255178,202141771632026,791981413769351,2.677,18.396,13.881,21.166,1.36,69.62,180.26,282.447
2738,Minneapolis,MN,44.9612853,-93.1859036,1814506014,3,3951,5896,751156680548840,9298958460229984,329465288594537,610900771145704,16.52,18.045,30.55,32.075,27.487,34.27,206.35,210.0
2739,Minneapolis,MN,44.9612956,-93.1820265,10600698610,3,3951,5896,932008754264475,1083968965905250,3269808443322244,197823621997794,17.511,20.424,12.357,30.611,359.24,112.209,180.0,292.061
2740,Minneapolis,MN,44.961583,-93.1780814,6105113418,3,3951,5896,1032000851571038,650183303725463,2147759008753116,146317721829769,4.53,23.636,29.205,4.387,333.003,92.075,121.569,329.932
2741,Minneapolis,MN,44.9616186,-93.1821735,6604163061,4,3951,5896,173916787972564,1419521941942142,831193338351541,1227887550960010,5.892,18.376,2.272,3.538,0.25,123.873,194.022,292.989
2742,Minneapolis,MN,44.9616189,-93.1820377,6105113420,3,3951,5896,173916787972564,1419521941942142,1309555699660172,502082691145192,16.549,12.761,1.106,2.195,0.25,123.873,167.049,294.763
2743,Minneapolis,MN,44.9619246,-93.1856485,1814506021,4,3951,5896,1430582014251276,1445796906206302,465577384433786,1957589014806064,4.845,21.389,19.669,25.755,8.288,79.0,179.25,329.791
2744,Minneapolis,MN,44.9623969,-93.1855949,10861972398,4,3951,5896,458416793383538,279874494739501,201062746260341,1534281161319769,5.845,28.658,18.949,9.031,0.0,77.0,180.435,326.412
2745,Minneapolis,MN,44.9626461,-93.166882,2685280689,4,3951,5896,2345982172579431,953392067271368,1421599248223495,899025422950922,27.424,25.624,19.098,26.869,301.042,149.123,174.888,268.074
2746,Minneapolis,MN,44.9626604,-93.1855965,10861972418,4,3951,5896,644573901784030,279874494739501,832284865264425,4179239062315204,5.928,24.422,18.353,8.74,1.126,77.0,180.244,325.51
2747,Minneapolis,MN,44.9626984,-93.1672743,7668181726,3,3951,5896,763309360997645,1330238629157566,3949571648494908,1238388631822841,16.839,5.648,8.458,11.486,326.149,148.023,179.78,212.031
2748,Minneapolis,MN,44.9626984,-93.1672418,7668181719,4,3951,5896,763309360997645,1330238629157566,3949571648494908,1238388631822841,18.738,3.313,6.137,8.988,326.149,148.023,179.78,212.031
2749,Minneapolis,MN,44.962699,-93.1675306,7668181723,3,3951,5896,763309360997645,1330238629157566,960531498083597,887357948484603,14.397,25.59,16.619,26.17,326.149,148.023,183.736,267.851
2750,Minneapolis,MN,44.9627826,-93.1672273,2685280703,4,3951,5896,763309360997645,1426506685943391,2791395554444911,1619071491620227,15.834,3.022,2.68,17.289,326.149,148.023,181.265,269.937
2751,Minneapolis,MN,44.9627868,-93.1668752,2685280702,4,3951,5896,2345982172579431,1426506685943391,1421599248223495,539685840357001,11.77,26.111,4.351,13.868,301.042,148.023,174.888,270.255
2752,Minneapolis,MN,44.9627901,-93.1676298,7668181720,4,3951,5896,763309360997645,1426506685943391,509120747118403,312308163606758,16.123,33.382,10.159,16.038,326.149,148.023,189.986,270.0
2753,Minneapolis,MN,44.962989,-93.1668909,2685280727,4,3951,5896,2345982172579431,816525577597085,495666308147773,372725887499805,10.876,24.416,20.267,5.779,301.042,147.006,179.648,273.043
2754,Minneapolis,MN,44.9629972,-93.1676166,1658554437,4,3951,5896,763309360997645,816525577597085,509120747118403,1013200675878424,26.087,32.808,17.551,6.347,326.149,147.006,189.986,268.225
2755,Minneapolis,MN,44.9630001,-93.1672456,2685280732,4,3951,5896,763309360997645,816525577597085,217874943178028,923984761505245,25.902,4.432,6.129,5.632,326.149,147.006,179.47,269.6
2756,Minneapolis,MN,44.9633437,-93.1796849,2685280758,4,3951,5896,372332357533627,2368392890025005,995089454974245,677761417159793,9.416,13.774,9.828,29.73,0.73,48.032,176.145,328.976
2757,Minneapolis,MN,44.9633491,-93.1799088,2685280757,4,3951,5896,476199500316069,2368392890025005,1510239983052027,677761417159793,7.098,8.872,7.676,23.951,357.829,48.032,173.625,328.976
2758,Minneapolis,MN,44.9633761,-93.1855933,10861972399,4,3951,5896,3737571616564295,1435482643970125,200353606332857,3138743023091916,4.801,23.777,18.644,9.468,357.617,77.0,179.937,327.117
2759,Minneapolis,MN,44.963379,-93.1859178,7192381100,4,3951,5896,295120465609468,1435482643970125,843014443920427,3138743023091916,16.013,5.184,5.184,17.469,0.0,77.0,182.0,327.117
2760,Minneapolis,MN,44.9639952,-93.1679922,2685280867,4,3951,5896,249630724587265,820249072972516,978118953428448,1348804542735273,28.397,10.921,25.79,30.086,356.626,92.075,212.337,262.678
2761,Minneapolis,MN,44.9639955,-93.1679131,1658554605,4,3951,5896,1018606892482864,237712995832290,681420913844837,602373808679101,16.589,11.72,30.935,33.74,37.773,85.631,208.667,270.0
2762,Minneapolis,MN,44.9640056,-93.177145,12975177099,3,3951,5896,494166955370391,1814738768981702,701932011947838,1246533219392964,3.776,29.214,32.27,16.269,358.63,96.717,233.28,305.247
2763,Minneapolis,MN,44.964072,-93.1772952,12975177101,3,3951,5896,2296355534087085,683772909767127,701932011947838,1392784885006943,6.334,33.989,18.758,10.633,0.115,93.37,233.28,273.761
2764,Minneapolis,MN,44.9641498,-93.1796542,2685280908,3,3951,5896,4033340813420013,916071905899679,252755324362679,1016549789766601,12.708,11.85,10.907,14.654,15.608,38.021,178.441,270.0
2765,Minneapolis,MN,44.9641611,-93.1677911,2685280934,4,3951,5896,1360488324820578,293511156515942,880438470089869,602373808679101,2.473,10.586,29.848,20.243,13.826,70.027,207.953,270.0
2766,Minneapolis,MN,44.9641617,-93.1681428,2685280926,4,3951,5896,249630724587265,662667629088393,681420913844837,1348804542735273,27.79,7.365,5.118,15.684,356.626,94.042,208.667,262.678
2767,Minneapolis,MN,44.9643506,-93.1798954,2685280976,3,3951,5896,236486491578928,916071905899679,989237589080638,1039703490358169,9.391,19.21,6.574,8.322,348.998,38.021,176.428,317.884
2768,Minneapolis,MN,44.9643724,-93.1796905,2685280984,4,3951,5896,934468250642633,916071905899679,253526867496539,618307172902802,6.267,21.309,9.749,9.481,346.616,38.021,180.0,266.813
2769,Minneapolis,MN,44.9645863,-93.1773126,2685281016,3,3951,5896,141800275593480,1207384891053875,1043800564275204,1335300807423440,6.476,9.646,10.027,15.144,0.0,86.484,131.455,298.724
2770,Minneapolis,MN,44.9646601,-93.185911,7131834559,4,3951,5896,826371442669390,3484925418427660,769834498169512,2216716932152903,21.088,2.771,2.771,17.313,0.0,77.0,182.0,326.031
2771,Minneapolis,MN,44.9647522,-93.1771162,12975177181,3,3951,5896,1128745035758181,1207384891053875,1043800564275204,1716973718504808,6.59,15.558,17.598,14.614,1.398,86.484,131.455,295.271
2772,Minneapolis,MN,44.9511796,-93.1463372,12762604867,3,3952,5896,1459354198643164,512558633218255,834367094104115,24725245397087334,11.548,12.95,33.294,11.898,359.004,86.967,128.919,294.673
2773,Minneapolis,MN,44.9530761,-93.1633467,11251016127,3,3952,5896,434104495972680,1138110254378194,1067051981813805,3923546034580672,13.562,19.284,19.447,21.269,354.242,48.433,202.407,270.172
2774,Minneapolis,MN,44.9530872,-93.1626644,11251016125,4,3952,5896,907952741014326,1074205654438316,1166300291393379,959180245607714,9.429,28.596,28.274,14.201,357.479,96.655,186.58,271.437
2775,Minneapolis,MN,44.9532268,-93.1633554,11251041637,3,3952,5896,1436322083886664,1138110254378194,1067051981813805,3923546034580672,3.845,5.995,3.193,9.736,0.0,48.433,202.407,270.172
2776,Minneapolis,MN,44.9535861,-93.1620217,11251041719,3,3952,5896,252515367485645,1783305575508976,7863626177001141,959126858680288,5.517,32.161,3.391,19.383,0.0,87.298,182.093,271.341
2777,Minneapolis,MN,44.9538135,-93.1637565,11251041701,3,3952,5896,2026941910998857,372720538561205,973696933903405,1665833910823212,9.416,21.046,31.761,10.395,0.0,106.1,171.255,321.219
2778,Minneapolis,MN,44.9539227,-93.1638155,13304840180,3,3952,5896,2026941910998857,290366924115036,973696933903405,1665833910823212,14.542,23.98,26.093,12.138,0.0,104.772,171.255,321.219
2779,Minneapolis,MN,44.9539277,-93.1635755,13304840184,3,3952,5896,2026941910998857,372720538561205,973696933903405,1665833910823212,9.94,7.923,14.454,8.9,0.0,106.1,171.255,321.219
2780,Minneapolis,MN,44.9539301,-93.1638195,13304840177,3,3952,5896,2026941910998857,290366924115036,973696933903405,1665833910823212,15.232,23.103,25.9,12.737,0.0,104.772,171.255,321.219
2781,Minneapolis,MN,44.9541676,-93.1635793,11251041762,3,3952,5896,6239214316197166,824143720369537,973696933903405,1152026307119554,7.656,4.955,12.8,20.802,0.0,52.964,171.255,272.899
2782,Minneapolis,MN,44.9541749,-93.1637938,11251041740,3,3952,5896,774695954298685,290366924115036,734923955521011,1152026307119554,1.692,13.903,12.045,7.052,0.0,104.772,184.594,272.899
2783,Minneapolis,MN,44.9541933,-93.1637737,11251041741,3,3952,5896,774695954298685,290366924115036,734923955521011,1152026307119554,3.044,16.294,12.909,6.138,0.0,104.772,184.594,272.899
2784,Minneapolis,MN,44.9543277,-93.1632325,1474718718,3,3952,5896,1597406894115193,1137784627360263,310326495204733,616476504030653,2.918,1.275,18.316,28.307,0.0,85.054,179.848,263.054
2785,Minneapolis,MN,44.9543418,-93.163026,1474718620,3,3952,5896,1104341074173571,32496412506672320,310326495204733,616476504030653,1.353,6.007,24.125,28.088,6.38,80.977,179.848,263.054
2786,Minneapolis,MN,44.9549894,-93.1636711,6768360900,3,3952,5896,1328203508044498,754225250244271,448701734334617,374203502272652,3.058,18.135,1.205,16.905,0.0,92.476,184.317,271.096
2787,Minneapolis,MN,44.9551273,-93.163673,5693618725,5,3952,5896,934174387982219,846852547744985,1755700718509819,374203502272652,2.83,9.919,12.529,1.693,0.0,40.518,182.201,271.096
2788,Minneapolis,MN,44.955128,-93.1634324,1474718702,3,3952,5896,638340761782739,846852547744985,935814608084869,374203502272652,3.121,11.407,14.582,19.666,2.576,40.518,179.824,271.096
2789,Minneapolis,MN,44.9551281,-93.1634109,1474718612,3,3952,5896,638340761782739,846852547744985,935814608084869,374203502272652,2.735,12.954,12.89,21.353,2.576,40.518,179.824,271.096
2790,Minneapolis,MN,44.9551291,-93.1632352,1474718661,3,3952,5896,1404180543679379,2302942833506809,935814608084869,1948576395703393,1.362,10.442,0.996,23.072,0.0,39.755,179.824,274.984
2791,Minneapolis,MN,44.9551632,-93.163036,1474718632,3,3952,5896,594912402748213,2302942833506809,935814608084869,1948576395703393,7.273,8.875,17.117,6.962,0.0,39.755,179.824,274.984
2792,Minneapolis,MN,44.9552318,-93.1620255,11251016099,4,3952,5896,270688215508881,1400300217338423,796673578556027,784893740521044,4.442,12.055,10.914,16.735,0.0,123.97,185.627,276.308
2793,Minneapolis,MN,44.955232,-93.1622656,1474718708,3,3952,5896,1655334298269454,2353879198134082,1400300217338423,1738389813351205,1.706,12.981,7.759,18.677,0.0,90.096,123.97,275.842
2794,Minneapolis,MN,44.9552325,-93.1628392,1107832060,4,3952,5896,287692947044149,1406681030961748,978166153653394,2435170000004603,7.761,9.695,19.406,3.004,0.0,93.195,186.787,291.525
2795,Minneapolis,MN,44.9554027,-93.1622683,1474718683,3,3952,5896,7224123560937715,921269193033596,1518197692584553,1738389813351205,0.814,16.671,23.558,4.517,0.0,90.517,180.649,275.842
2796,Minneapolis,MN,44.955537,-93.1638343,3394767268,3,3952,5896,250187611063667,407594182022826,293993573746703,809778411935628,6.243,1.942,12.869,3.241,0.0,93.956,180.578,281.99
2797,Minneapolis,MN,44.9555373,-93.1637401,3394767271,4,3952,5896,641376888044437,407594182022826,293993573746703,809778411935628,9.353,9.333,5.474,6.141,0.0,93.956,180.578,281.99
2798,Minneapolis,MN,44.9555383,-93.1636277,3394767273,4,3952,5896,641376888044437,1429317717696615,293993573746703,809778411935628,6.393,18.224,3.465,14.641,0.0,93.747,180.578,281.99
2799,Minneapolis,MN,44.955543,-93.1620491,3394767275,5,3952,5896,4013821738844455,348823524321219,1518197692584553,1494641391840718,1.042,6.9,0.789,13.577,0.0,82.45,180.649,244.478
2800,Minneapolis,MN,44.9555481,-93.1617309,3394767278,3,3952,5896,4013821738844455,348823524321219,7331217040277656,784893740521044,26.036,31.943,21.812,27.736,0.0,82.45,176.542,276.308
2801,Minneapolis,MN,44.9556465,-93.163916,2100738574,3,3952,5896,250187611063667,407594182022826,293993573746703,1541379677004535,16.156,12.689,23.094,14.044,0.0,93.956,180.578,269.056
2802,Minneapolis,MN,44.9556844,-93.146423,3394752191,3,3952,5896,1709700626402578,136358825577324,767268642863440,1382982369714784,10.693,27.85,25.006,18.003,357.911,107.92,180.741,289.533
2803,Minneapolis,MN,44.9558467,-93.1638408,3394768812,3,3952,5896,1015252129870546,407594182022826,468550634405471,1119249543676409,5.949,34.149,34.086,5.446,358.924,93.956,144.381,253.937
2804,Minneapolis,MN,44.9558469,-93.1637795,3394768814,3,3952,5896,1015252129870546,407594182022826,468550634405471,1228864135933181,2.634,34.706,31.845,7.219,358.924,93.956,144.381,253.015
2805,Minneapolis,MN,44.9558506,-93.162747,3394768819,4,3952,5896,516902983650331,479943013329207,810336629879968,689015260908128,6.042,32.069,26.652,5.851,358.923,90.0,181.783,253.015
2806,Minneapolis,MN,44.9558526,-93.1635829,12098266032,3,3952,5896,454554933486920,5579289832111307,468550634405471,25062292756710770,3.061,28.256,28.668,6.075,358.924,81.014,144.381,253.015
2807,Minneapolis,MN,44.9558639,-93.1566871,3394768837,3,3952,5896,780845865743123,3268373746643841,2208735266210813,1168421627942999,10.501,33.74,16.549,3.512,0.02,82.824,197.135,271.925
2808,Minneapolis,MN,44.9558768,-93.1526636,5118355459,4,3952,5896,3406116452990371,988671250171082,918139307758047,1189244928878635,2.844,0.745,33.879,8.595,0.624,79.684,145.715,270.48
2809,Minneapolis,MN,44.9558771,-93.1567323,3394768847,3,3952,5896,780845865743123,3268373746643841,2208735266210813,1168421627942999,7.13,32.154,14.712,4.963,0.02,82.824,197.135,271.925
2810,Minneapolis,MN,44.9558772,-93.1569354,3394768843,3,3952,5896,780845865743123,9742312105884294,2208735266210813,1303007224890304,9.185,34.324,11.926,10.859,0.02,61.715,197.135,272.022
2811,Minneapolis,MN,44.9558927,-93.1464251,3394760418,3,3952,5896,530500178512257,136358825577324,806774960546012,1382982369714784,4.409,4.85,4.85,17.611,-0.09,107.92,164.052,289.533
2812,Minneapolis,MN,44.9558964,-93.1462754,2484482422,4,3952,5896,639765670978935,136358825577324,806774960546012,1382982369714784,5.686,11.282,11.282,27.842,358.955,107.92,164.052,289.533
2813,Minneapolis,MN,44.9559136,-93.1464501,3394760422,3,3952,5896,530500178512257,136358825577324,538331768095201,1382982369714784,2.065,4.043,3.707,17.872,-0.09,107.92,163.074,289.533
2814,Minneapolis,MN,44.9560097,-93.1627502,3394768873,3,3952,5896,516902983650331,479943013329207,810336629879968,485542176121352,15.181,14.726,8.962,3.986,358.923,90.0,181.783,225.955
2815,Minneapolis,MN,44.9560998,-93.1632207,3394768892,3,3952,5896,3232718080273108,5521811577889665,1123186374822007,296899615354107,25.976,6.086,5.119,8.894,358.923,93.288,124.83,260.23
2816,Minneapolis,MN,44.9561,-93.1630958,3394768893,3,3952,5896,3232718080273108,2900675343553601,1123186374822007,296899615354107,24.782,5.276,8.495,18.688,358.923,92.962,124.83,260.23
2817,Minneapolis,MN,44.9561003,-93.1629031,3394768894,3,3952,5896,526117832338952,495690751866175,810336629879968,134716755275202,24.754,4.665,12.238,11.734,358.923,92.605,181.783,234.237
2818,Minneapolis,MN,44.9561006,-93.162752,3394768895,3,3952,5896,516902983650331,479943013329207,810336629879968,485542176121352,24.946,5.851,1.185,6.877,358.923,90.0,181.783,225.955
2819,Minneapolis,MN,44.9561761,-93.1567305,12096269906,4,3952,5896,456197542148032,3268373746643841,1159821665920133,1417023676400355,7.742,1.214,8.113,12.937,1.07,82.824,177.407,267.066
2820,Minneapolis,MN,44.9562008,-93.1464479,2025827692,4,3952,5896,1108983684238735,136358825577324,1871934226721181,1686127022389872,8.205,29.759,23.481,26.504,355.15,107.92,180.713,273.261
2821,Minneapolis,MN,44.9562012,-93.1637849,12098266061,4,3952,5896,187371653253719,5579289832111307,817735648949133,164684462275659,11.958,21.499,9.063,17.589,358.38,81.014,180.406,300.069
2822,Minneapolis,MN,44.9562021,-93.1635728,12098266030,4,3952,5896,857494321557118,5579289832111307,817735648949133,3914231808656966,7.587,10.927,10.795,12.988,340.558,81.014,180.406,273.619
2823,Minneapolis,MN,44.9562423,-93.1569381,1657531281,4,3952,5896,153462883409407,3268373746643841,1159821665920133,1417023676400355,9.4,18.854,25.483,29.387,1.47,82.824,177.407,267.066
2824,Minneapolis,MN,44.9562447,-93.1564355,1657531291,3,3952,5896,153462883409407,1736720996911291,721729000193584,1417023676400355,30.33,7.89,11.916,25.249,1.47,76.98,174.101,267.066
2825,Minneapolis,MN,44.9562455,-93.15659,1657531292,3,3952,5896,153462883409407,572894361974717,1159821665920133,1417023676400355,18.188,10.455,8.104,19.505,1.47,76.98,177.407,267.066
2826,Minneapolis,MN,44.9562464,-93.1567295,1657531294,4,3952,5896,153462883409407,3268373746643841,1159821665920133,1417023676400355,7.265,8.927,11.093,20.076,1.47,82.824,177.407,267.066
2827,Minneapolis,MN,44.96287,-93.1569467,2685671369,4,3952,5896,1608274952703472,1489550678760084,1653213571545074,852645568660945,4.971,13.013,5.778,13.539,352.423,113.626,170.735,264.57
2828,Minneapolis,MN,44.9628717,-93.1567398,2685671370,4,3952,5896,912112332910686,3809902389316031,469474737722471,990832548395581,8.946,6.55,7.427,14.63,358.93,112.546,174.142,269.578
2829,Minneapolis,MN,44.9629322,-93.1468103,2459914101,3,3952,5896,1350460406663418,1336398154622508,1243846414214700,1625197248521714,21.874,7.651,3.598,6.992,358.569,116.587,180.082,270.27
2830,Minneapolis,MN,44.9629338,-93.1464224,2459914103,3,3952,5896,770066405836120,1237019701779901,811549312781870,1625197248521714,7.767,33.046,6.462,23.873,0.459,137.358,180.612,270.27
2831,Minneapolis,MN,44.96294,-93.1464304,2459914105,3,3952,5896,770066405836120,1237019701779901,811549312781870,1625197248521714,6.958,32.323,5.707,23.317,0.459,137.358,180.612,270.27
2832,Minneapolis,MN,44.9629446,-93.146802,2459914107,3,3952,5896,1559400502141131,1336398154622508,1243846414214700,1625197248521714,21.321,7.193,2.074,6.899,358.256,116.587,180.082,270.27
2833,Minneapolis,MN,44.963031,-93.1567479,2685671391,4,3952,5896,293323262288615,3809902389316031,469474737722471,990832548395581,8.315,11.224,10.435,5.683,357.14,112.546,174.142,269.578
2834,Minneapolis,MN,44.9630492,-93.1569954,2685671396,5,3952,5896,900251650523770,1489550678760084,2501097436942114,852645568660945,7.951,17.939,7.827,6.874,359.677,113.626,194.609,264.57
2835,Minneapolis,MN,44.9630961,-93.146431,2459914121,3,3952,5896,1381480733694117,1237019701779901,811549312781870,1707873606728595,7.212,34.486,11.666,23.118,0.245,137.358,180.612,270.27
2836,Minneapolis,MN,44.949365,-93.1363772,13017489099,4,3953,5896,2705734773058760,314581370182201,4123373327683765,3998054640279980,25.981,10.984,6.383,11.689,25.093,101.784,177.112,266.683
2837,Minneapolis,MN,44.9495264,-93.1365915,13017489101,4,3953,5896,462473915054360,827224294888319,3864362047015700,276310240858543,21.805,14.698,12.426,15.315,342.318,117.623,178.221,286.949
2838,Minneapolis,MN,44.9495292,-93.1363793,13017489104,4,3953,5896,462473915054360,314581370182201,1477375939269539,3998054640279980,14.926,7.835,9.34,6.802,342.318,101.784,163.084,266.683
2839,Minneapolis,MN,44.9511924,-93.1260789,13015832276,3,3953,5896,1573963447194838,509422747084183,707962328884347,1261836072377048,7.214,7.635,20.641,11.551,10.944,81.663,181.295,329.447
2840,Minneapolis,MN,44.9511964,-93.1260999,1762469248,3,3953,5896,1573963447194838,509422747084183,707962328884347,1261836072377048,5.759,6.847,19.05,9.841,10.944,81.663,181.295,329.447
2841,Minneapolis,MN,44.9512157,-93.1365945,1762351688,4,3953,5896,4265446113489819,229824302276371,292642905868743,321800739504705,9.153,7.751,6.289,29.97,352.311,84.497,180.336,225.479
2842,Minneapolis,MN,44.951217,-93.1363766,1762351692,4,3953,5896,4265446113489819,1107770033052785,292642905868743,321800739504705,8.09,10.64,12.339,31.873,352.311,85.999,180.336,225.479
2843,Minneapolis,MN,44.9626249,-93.1269756,2171973981,3,3953,5896,898072728233139,659520942067605,216702143589579,1427601490919114,15.107,25.712,34.968,34.774,0.0,93.0,181.009,217.477
2844,Minneapolis,MN,44.9626249,-93.1265044,2459936264,4,3953,5896,598543666617674,529620328970765,513900873126739,299417068404369,15.544,20.498,28.921,1.98,322.628,88.0,228.934,272.181
2845,Minneapolis,MN,44.962859,-93.1265025,2459936303,3,3953,5896,867083715766504,529620328970765,513900873126739,477222523699019,14.122,5.671,2.972,3.174,322.774,88.0,228.934,265.967
2846,Minneapolis,MN,44.962866,-93.1261582,13248108544,3,3953,5896,867083715766504,670358607790687,513900873126739,1190179009644615,13.201,11.547,27.882,16.103,322.774,87.0,228.934,268.961
2847,Minneapolis,MN,44.9628707,-93.1264915,13248108541,3,3953,5896,867083715766504,529620328970765,513900873126739,477222523699019,13.454,7.144,2.237,4.018,322.774,88.0,228.934,265.967
2848,Minneapolis,MN,44.9628733,-93.1269709,2461068620,4,3953,5896,5246633332129657,405893538286811,216702143589579,947701939336018,6.442,22.309,7.727,16.246,0.0,94.0,181.009,268.245
2849,Minneapolis,MN,44.9628764,-93.1261683,13248108542,3,3953,5896,867083715766504,670358607790687,513900873126739,1190179009644615,12.665,11.602,27.025,14.984,322.774,87.0,228.934,268.961
2850,Minneapolis,MN,44.9630489,-93.1264927,2459936350,3,3953,5896,867083715766504,529620328970765,167087521990965,1876356719179483,26.089,26.74,16.933,4.348,322.774,88.0,195.018,268.199
2851,Minneapolis,MN,44.963053,-93.1265144,13248108549,3,3953,5896,867083715766504,529620328970765,167087521990965,1876356719179483,27.379,27.129,16.169,5.3,322.774,88.0,195.018,268.199
2852,Minneapolis,MN,44.9630747,-93.1261418,2459936345,3,3953,5896,867083715766504,877298103253653,740809312310073,1401306850226612,29.09,29.715,27.742,6.761,322.774,86.0,239.838,270.607
2853,Minneapolis,MN,44.9630818,-93.1261374,13248108548,3,3953,5896,867083715766504,877298103253653,740809312310073,1401306850226612,29.948,30.317,28.387,7.576,322.774,86.0,239.838,270.607
2854,Minneapolis,MN,44.9492858,-93.1073117,1543252507,3,3954,5896,818744742389867,1145104084475304,1541250816870762,509412980188065,23.314,24.33,24.6,32.647,54.76,110.939,166.973,316.155
2855,Minneapolis,MN,44.949496,-93.1066574,1543723810,3,3954,5896,1705019183547904,151793783581176,151793783581176,1705019183547904,15.899,32.073,32.073,15.899,316.314,132.4,132.4,316.314
2856,Minneapolis,MN,44.9499346,-93.1001647,2091677305,4,3954,5896,1313888400427861,1399354040444018,749492462397162,808880230027922,23.559,18.475,8.457,18.175,54.763,141.514,192.235,228.23
2857,Minneapolis,MN,44.9503868,-93.1094513,516803632,3,3954,5896,311616553746319,826881474701294,2882478398747096,138199495001022,17.43,15.385,22.837,28.216,10.033,105.935,145.99,326.688
2858,Minneapolis,MN,44.9584655,-93.0984042,1555008169,3,3954,5896,1033320358144657,1492800947996287,3667905606794908,1115403716724117,20.18,5.437,6.657,2.721,5.996,126.311,149.027,277.47
2859,Minneapolis,MN,44.9584851,-93.0986419,1557197660,4,3954,5896,1033320358144657,529641409736867,1570707350584945,401681566358948,6.768,6.23,5.35,3.618,5.996,98.178,209.967,281.168
2860,Minneapolis,MN,44.9585418,-93.0986569,1557197665,4,3954,5896,1451829348858856,529641409736867,24644363665192383,1038392990961019,8.32,9.413,6.621,2.531,351.945,98.178,183.119,282.102
2861,Minneapolis,MN,44.9587471,-93.0986842,1556553595,3,3954,5896,8849613918388533,529641409736867,1558414811759732,1208179796979562,3.994,30.203,14.102,20.315,5.263,98.178,190.148,291.078
2862,Minneapolis,MN,44.9590295,-93.0998396,1552258912,3,3954,5896,514611140957599,1162056271532343,817848713499445,1005679227921289,18.756,19.645,17.392,20.578,342.542,50.454,180.863,234.755
2863,Minneapolis,MN,44.9593639,-93.0982941,1556547002,4,3954,5896,3712945508971016,3920278188251691,7950607565056157,157452990264291,25.634,29.855,32.384,10.596,354.188,80.584,192.458,279.0
2864,Minneapolis,MN,44.9593853,-93.0985141,1556547006,4,3954,5896,3712945508971016,3920278188251691,7950607565056157,819817606110972,8.162,13.77,15.0,11.416,354.188,80.584,192.458,270.0
2865,Minneapolis,MN,44.9594888,-93.0996351,1552034305,4,3954,5896,488213080593007,518738490675105,1844286789398230,1854958004988736,5.977,15.582,12.376,12.282,9.846,57.578,185.157,272.016
2866,Minneapolis,MN,44.9594917,-93.0998536,1552258915,4,3954,5896,857665882637216,518738490675105,1844286789398230,1145291446412231,13.566,24.177,8.55,15.461,0.501,57.578,185.157,266.0
2867,Minneapolis,MN,44.9595339,-93.0984746,1556547063,4,3954,5896,1056983649362704,3920278188251691,428369516879093,819817606110972,3.972,15.131,15.02,5.631,13.52,80.584,191.357,270.0
2868,Minneapolis,MN,44.9596066,-93.0995976,1552258932,4,3954,5896,818906473704769,518738490675105,2178976155618478,446987193920817,3.975,2.737,8.946,2.189,25.909,57.578,202.0,281.0
2869,Minneapolis,MN,44.9596471,-93.0998258,1552258936,4,3954,5896,818906473704769,518738490675105,2178976155618478,1156920671574183,15.13,16.768,9.801,5.325,25.909,57.578,202.0,279.0
2870,Minneapolis,MN,44.9597754,-93.0984098,1556547109,3,3954,5896,1486231078691107,1710627583101015,472445649082225,819817606110972,3.204,33.395,15.092,32.836,11.553,42.407,189.363,270.0
2871,Minneapolis,MN,44.9600505,-93.1058092,8939406390,3,3954,5896,783584569573315,168848679062880,635552564627279,105994622213490,13.284,28.595,34.321,1.417,344.0,88.0,171.0,273.0
2872,Minneapolis,MN,44.9601181,-93.1060944,9095108666,4,3954,5896,783584569573315,489001399525534,635552564627279,422238376715305,10.434,20.025,19.878,18.391,344.0,85.0,171.0,278.0
2873,Minneapolis,MN,44.9602454,-93.1058081,1800156883,3,3954,5896,424682009774802,168848679062880,635552564627279,105994622213490,12.564,6.944,21.606,23.05,2.0,88.0,171.0,273.0
2874,Minneapolis,MN,44.9602688,-93.1060948,1800156888,4,3954,5896,424682009774802,1254540068645369,635552564627279,1564627257939731,11.118,3.982,3.494,19.939,2.0,94.0,171.0,254.914
2875,Minneapolis,MN,44.9603457,-93.1087611,1800156898,3,3954,5896,1226284334616038,3218242778434088,3218242778434088,817456039691703,18.212,2.297,2.297,17.148,307.0,126.0,126.0,276.0
2876,Minneapolis,MN,44.9603508,-93.1058114,2461129271,4,3954,5896,808750733655040,1485849659811796,635552564627279,4400279323534277,13.142,1.547,21.469,12.139,353.0,94.792,171.0,251.094
2877,Minneapolis,MN,44.9604858,-93.1060979,1800156905,4,3954,5896,808750733655040,27459992413600594,2257841334376819,1564627257939731,16.176,16.024,20.292,4.25,353.0,95.4,171.0,254.914
2878,Minneapolis,MN,44.9604869,-93.1084979,1800156906,4,3954,5896,1226284334616038,720032194470927,1932940490926091,1494066752295430,22.499,13.662,17.916,3.963,307.0,111.143,129.161,275.515
2879,Minneapolis,MN,44.9605341,-93.1058099,1800156915,4,3954,5896,364615766550712,1485849659811796,377835991743965,4400279323534277,2.938,21.424,24.15,8.401,342.972,94.792,141.097,251.094
2880,Minneapolis,MN,44.9606057,-93.1092401,1800162923,4,3954,5896,613703823816652,160089323337986,1127183396286568,1421854022754536,18.248,2.971,4.542,17.598,312.0,128.0,154.51,295.182
2881,Minneapolis,MN,44.9606082,-93.1053472,1800122936,3,3954,5896,1090176708885315,1113768609750613,2118514495172612,733084628811047,7.603,5.465,18.805,8.61,355.535,91.565,176.959,255.012
2882,Minneapolis,MN,44.9606423,-93.1037339,516753425,3,3954,5896,815345867079686,942982594784464,1369742653736256,1709233890458601,25.948,4.662,29.584,16.743,351.644,97.05,222.249,256.605
2883,Minneapolis,MN,44.9606426,-93.1093397,1800162924,3,3954,5896,619917793160467,311892253758825,1127183396286568,1571171110849451,26.619,5.656,5.063,19.085,349.0,127.0,154.51,295.182
2884,Minneapolis,MN,44.960643,-93.1039438,1551156684,3,3954,5896,815345867079686,864467914540351,7002220143222037,2008135193107204,18.885,1.721,26.211,16.703,351.644,85.0,180.563,254.975
2885,Minneapolis,MN,44.9606579,-93.1049377,1800156923,3,3954,5896,1082176112999046,1479421893887591,1605718980244193,1475703757282545,3.953,17.059,7.006,3.945,346.706,73.234,218.765,234.248
2886,Minneapolis,MN,44.9607102,-93.1051251,1800122954,3,3954,5896,276243302188917,1113768609750613,1605718980244193,322755514140524,11.769,23.268,10.254,11.145,2.214,91.565,218.765,247.808
2887,Minneapolis,MN,44.960711,-93.1051864,1800122955,3,3954,5896,276243302188917,1113768609750613,2118514495172612,322755514140524,7.236,18.854,19.049,12.916,2.214,91.565,176.959,247.808
2888,Minneapolis,MN,44.960717,-93.1056477,1800122956,3,3954,5896,7273968822652467,377835991743965,377835991743965,1912656712520092,4.433,5.807,5.807,22.435,6.989,141.097,141.097,277.954
2889,Minneapolis,MN,44.9607526,-93.10499,1800122957,3,3954,5896,948563943308233,1479421893887591,1605718980244193,1605718980244193,5.654,28.08,5.175,5.175,346.817,73.234,218.765,218.765
2890,Minneapolis,MN,44.9607556,-93.1037357,516753313,4,3954,5896,815345867079686,942982594784464,935424874745883,1709233890458601,18.714,11.415,28.407,6.178,351.644,97.05,179.771,256.605
2891,Minneapolis,MN,44.9608668,-93.1091819,2461129345,4,3954,5896,619917793160467,3481623798658235,3481623798658235,2125157751358945,5.318,15.507,15.507,9.858,349.0,130.926,130.926,295.182
2892,Minneapolis,MN,44.9609121,-93.1050779,1800122967,4,3954,5896,1389473258626771,736484508610608,1320237348645502,986898316335173,8.253,14.905,19.217,12.653,353.653,61.51,169.497,296.46
2893,Minneapolis,MN,44.9609174,-93.1090337,3261791138,3,3954,5896,146040647816122,1673983647088674,1673983647088674,1571171110849451,6.562,26.506,26.506,19.83,14.0,130.926,130.926,295.182
2894,Minneapolis,MN,44.9609199,-93.1091258,3261791112,3,3954,5896,146040647816122,3481623798658235,3481623798658235,2125157751358945,3.672,22.826,22.826,16.333,14.0,130.926,130.926,295.182
2895,Minneapolis,MN,44.9610887,-93.1051098,1800123010,3,3954,5896,1138216164184255,718043683542404,1144541603394524,706860824687065,10.018,16.846,19.985,14.045,0.067,90.541,180.216,274.004
2896,Minneapolis,MN,44.9610981,-93.1037142,1800123012,3,3954,5896,2545156735669769,3634964586763453,1185405855996161,1197990811170635,28.415,15.507,10.261,15.882,343.13,114.171,190.777,252.916
2897,Minneapolis,MN,44.9611311,-93.1039661,1800123015,3,3954,5896,1090316228965784,7517301311646520,724225129865317,1479530239350702,25.255,5.997,6.587,10.724,359.012,92.195,191.069,253.766
2898,Minneapolis,MN,44.9611792,-93.1079282,11925003741,3,3954,5896,420685903535569,432927825398910,845621446601666,429335442522458,24.209,32.27,7.922,20.398,1.0,95.0,185.0,256.0
2899,Minneapolis,MN,44.961181,-93.1080743,7035211913,3,3954,5896,490253076043297,432927825398910,845621446601666,429335442522458,11.444,28.813,4.38,13.516,7.0,95.0,185.0,256.0
2900,Minneapolis,MN,44.9612422,-93.1080792,3261791148,3,3954,5896,490253076043297,432927825398910,656179232410213,429335442522458,12.326,22.006,3.819,19.96,7.0,95.0,175.0,256.0
2901,Minneapolis,MN,44.961261,-93.1051089,1800123020,3,3954,5896,767415328671323,790190832483284,1144541603394524,430723522752804,13.098,13.613,9.069,4.357,6.053,100.313,180.216,283.52
2902,Minneapolis,MN,44.9628935,-93.1133177,1800162937,4,3954,5896,1161745874292137,182646837633742,1492039035885912,964702765911885,11.933,6.384,6.675,10.389,13.314,93.0,134.613,267.22
2903,Minneapolis,MN,44.9628954,-93.1135499,2461129517,4,3954,5896,1161745874292137,1519288845177131,2262407717900476,3381052192102183,28.906,4.962,17.037,13.906,13.314,89.0,134.613,259.378
2904,Minneapolis,MN,44.9629119,-93.1128914,8035894565,4,3954,5896,1161745874292137,840759735292261,319551989678971,915075817986715,24.072,16.063,13.214,11.404,13.314,109.94,128.15,291.643
2905,Minneapolis,MN,44.9630628,-93.1136285,1800162940,3,3954,5896,1211726129258896,4359316580968968,1437203937886619,490057655669678,23.521,7.172,6.0,6.418,308.933,109.564,134.613,265.619
2906,Minneapolis,MN,44.9631409,-93.1133092,12214262111,4,3954,5896,1211726129258896,1549154112772752,509765753537138,311186423976373,11.29,15.082,13.067,13.613,308.933,109.94,127.91,261.459
2907,Minneapolis,MN,44.9492975,-93.0818728,1842193480,4,3955,5896,1089022838954674,1079488590027890,1710706206158225,1710706206158225,8.621,7.915,7.715,7.715,58.291,65.844,237.262,237.262
2908,Minneapolis,MN,44.9493239,-93.0828793,9948014123,3,3955,5896,220536234441133,220536234441133,374572318659088,374572318659088,27.178,27.178,30.71,30.71,55.3,55.3,236.352,236.352
2909,Minneapolis,MN,44.949325,-93.0818096,1552767802,4,3955,5896,1100599471095048,1079488590027890,604679465378805,604679465378805,8.563,9.674,7.961,7.961,54.51,65.844,237.662,237.662
2910,Minneapolis,MN,44.949359,-93.0817438,2053025058,3,3955,5896,1100599471095048,1100599471095048,574803931994044,574803931994044,7.985,7.985,7.559,7.559,54.51,54.51,237.662,237.662
2911,Minneapolis,MN,44.9495135,-93.0819139,2053025100,3,3955,5896,1552651508893106,1552651508893106,1350993145614866,1350993145614866,2.188,2.188,8.57,8.57,56.814,56.814,236.994,236.994
2912,Minneapolis,MN,44.949529,-93.0965369,3394724225,3,3955,5896,1605607079946654,218881974231762,1310326116186918,1161954520934885,4.967,1.168,1.169,4.335,337.423,93.465,128.284,237.602
2913,Minneapolis,MN,44.9500473,-93.080269,3393331041,3,3955,5896,1421044678521687,1421044678521687,584575010968696,584575010968696,9.891,9.891,8.671,8.671,54.951,54.951,235.751,235.751
2914,Minneapolis,MN,44.9500647,-93.0802277,8569668518,4,3955,5896,390994723598686,390994723598686,606564441860411,606564441860411,11.098,11.098,8.712,8.712,54.411,54.411,235.751,235.751
2915,Minneapolis,MN,44.9501165,-93.0801225,8569668522,4,3955,5896,390994723598686,390994723598686,569412126018025,569412126018025,10.533,10.533,8.714,8.714,54.411,54.411,235.751,235.751
2916,Minneapolis,MN,44.9501504,-93.0800584,3393331045,4,3955,5896,1031552601257432,1031552601257432,3676835295940536,3676835295940536,9.945,9.945,8.459,8.459,53.787,53.787,235.81,235.81
2917,Minneapolis,MN,44.950326,-93.0803794,8569668532,4,3955,5896,736523081306708,736523081306708,355587383940918,355587383940918,14.993,14.993,14.399,14.399,55.816,55.816,235.144,235.144
2918,Minneapolis,MN,44.9503757,-93.0802822,8569668524,3,3955,5896,776900937602047,776900937602047,1831644677355355,1831644677355355,15.229,15.229,14.604,14.604,55.816,55.816,235.408,235.408
2919,Minneapolis,MN,44.9504403,-93.0792687,3393331071,3,3955,5896,1541734853281967,1541734853281967,1138311504108608,1138311504108608,18.522,18.522,16.571,16.571,52.9,52.9,235.77,235.77
2920,Minneapolis,MN,44.9504459,-93.0919137,8086577528,3,3955,5896,1094729441296036,194496636354611,896822571421220,896822571421220,32.698,32.698,4.411,4.411,5.771,119.473,230.683,230.683
2921,Minneapolis,MN,44.9505012,-93.0919311,8086577549,3,3955,5896,621420633199638,194496636354611,634508821508968,634508821508968,31.76,32.198,9.997,9.997,353.786,119.473,232.117,232.117
2922,Minneapolis,MN,44.9506566,-93.0896769,8023622656,3,3955,5896,965819684768704,257582603327563,559619777142466,1298895234317484,14.979,14.749,1.531,7.543,0.0,90.0,186.419,278.841
2923,Minneapolis,MN,44.9507258,-93.0897805,8023622658,4,3955,5896,581349298285672,1828934484314410,559619777142466,733858025148659,5.709,0.494,9.814,12.895,42.263,116.967,186.419,288.646
2924,Minneapolis,MN,44.9507885,-93.0785524,3393331091,4,3955,5896,710524661181706,710524661181706,755088633143766,755088633143766,20.013,20.013,15.618,15.618,56.041,56.041,235.969,235.969
2925,Minneapolis,MN,44.9508382,-93.0902575,8023622647,3,3955,5896,9265831090179089,1411185440256394,1017087047198019,199159776402832,9.47,11.938,11.54,9.783,4.935,114.641,182.603,283.437
2926,Minneapolis,MN,44.9508393,-93.0889801,8023622606,3,3955,5896,565403282572709,669339658924933,667199655820388,830407441971586,8.699,6.183,4.146,7.629,52.346,117.654,141.879,235.819
2927,Minneapolis,MN,44.9508768,-93.0890163,8023622605,3,3955,5896,1327362091803329,669339658924933,667199655820388,830407441971586,14.24,1.406,6.265,12.603,318.917,117.654,141.879,235.819
2928,Minneapolis,MN,44.9508985,-93.0908168,2099109420,3,3955,5896,1452000015771890,1355635768919958,1017087047198019,221191173967962,5.037,12.566,33.433,13.801,44.082,83.381,182.603,258.609
2929,Minneapolis,MN,44.9509508,-93.0979814,1823559538,3,3955,5896,821344196913763,821344196913763,369674771134177,1399777117046455,33.117,33.117,14.668,6.188,53.789,53.789,181.585,230.649
2930,Minneapolis,MN,44.95098,-93.0906624,2099109437,3,3955,5896,622568220597563,1355635768919958,1617679802213547,622568220597563,4.806,2.594,20.176,4.806,316.697,83.381,172.65,316.697
2931,Minneapolis,MN,44.9509933,-93.0978445,1823559541,3,3955,5896,1346600430801659,1346600430801659,369674771134177,1399777117046455,33.965,33.965,25.442,16.958,54.561,54.561,181.585,230.649
2932,Minneapolis,MN,44.9510044,-93.079034,1552835168,3,3955,5896,1291560324816020,1291560324816020,729439032649626,789287979910446,16.09,16.09,17.24,17.177,55.94,55.94,234.495,234.868
2933,Minneapolis,MN,44.9512311,-93.0887437,2097457573,4,3955,5896,1314971009719065,2483932131945830,1196931342113280,1314971009719065,7.601,34.211,15.47,7.601,323.503,67.799,236.626,323.503
2934,Minneapolis,MN,44.9513974,-93.089794,2099109470,4,3955,5896,1081754367103157,976292767817751,1797331214447172,1031439825708832,26.324,16.616,26.725,18.764,14.432,66.919,153.745,238.413
2935,Minneapolis,MN,44.9515451,-93.0868709,7232426181,3,3955,5896,112320811848982,274802251559420,961384764998544,1098926197733756,34.911,34.852,33.102,34.819,347.529,115.221,222.463,233.071
2936,Minneapolis,MN,44.9515873,-93.0876264,2099415305,4,3955,5896,549285240613350,1181488019208902,680765033744630,680765033744630,28.567,28.702,10.791,10.791,0.0,90.0,227.814,227.814
2937,Minneapolis,MN,44.9518164,-93.0904294,2705041424,3,3955,5896,9622455567792418,577852861972349,1594041641314803,655915860728250,27.995,6.915,6.696,4.149,9.757,84.867,172.625,230.901
2938,Minneapolis,MN,44.95209,-93.090476,1553167909,3,3955,5896,9622455567792418,1381058442918653,1381058442918653,1196664351988625,12.55,9.576,9.576,9.035,9.757,141.394,141.394,226.388
2939,Minneapolis,MN,44.9526474,-93.0861991,2846182997,3,3955,5896,525358738826894,512414547692970,230007552972424,230007552972424,26.438,24.555,1.281,1.281,0.0,92.697,228.864,228.864
2940,Minneapolis,MN,44.9531739,-93.0877135,13304840256,4,3955,5896,302164718172013,904370567431111,491028429887128,2252878211560318,30.742,30.946,30.532,30.846,0.0,129.861,131.962,266.962
2941,Minneapolis,MN,44.9534965,-93.0835898,3594985058,3,3955,5896,314588583511731,314588583511731,215952591191650,215952591191650,27.777,27.777,6.195,6.195,59.924,59.924,239.074,239.074
2942,Minneapolis,MN,44.9535935,-93.0832722,13239442144,3,3955,5896,314588583511731,314588583511731,836626777208683,928547696325052,11.034,11.034,16.462,9.842,59.924,59.924,177.157,270.39
2943,Minneapolis,MN,44.9536055,-93.0832497,13239442146,3,3955,5896,314588583511731,314588583511731,1130833610730513,928547696325052,12.054,12.054,8.36,9.628,59.924,59.924,212.494,270.39
2944,Minneapolis,MN,44.9537175,-93.0884134,13304840287,3,3955,5896,1995096228556178,850103068083773,1382214673549286,1560101864994431,19.574,22.233,9.907,5.494,357.85,99.495,162.037,230.686
2945,Minneapolis,MN,44.9537648,-93.0884563,13304840248,3,3955,5896,1995096228556178,850103068083773,1382214673549286,1560101864994431,13.813,16.424,4.367,5.653,357.85,99.495,162.037,230.686
2946,Minneapolis,MN,44.9538961,-93.0885809,13304840253,3,3955,5896,896900223010372,850103068083773,851275977651368,925727860043668,3.242,7.213,5.981,9.921,338.345,99.495,197.475,257.712
2947,Minneapolis,MN,44.9540756,-93.0882069,13304840251,4,3955,5896,882974234566577,882974234566577,880725441301418,880725441301418,14.342,14.342,6.231,6.231,57.158,57.158,237.883,237.883
2948,Minneapolis,MN,44.9540793,-93.0877792,13304840247,3,3955,5896,1449917676722037,5297730940451456,2288115195020405,875570668148396,11.942,12.836,16.778,6.293,8.157,65.545,186.429,246.564
2949,Minneapolis,MN,44.9541082,-93.0808457,7467229338,3,3955,5896,878223740079231,1346005809582374,694659048800264,169188858914486,16.888,14.918,23.468,14.918,54.757,60.524,189.757,285.524
2950,Minneapolis,MN,44.954165,-93.0880205,13304840252,4,3955,5896,1449917676722037,1478227143763668,1543715703390750,781094927946252,15.19,5.878,4.827,1.069,8.157,57.222,147.498,232.348
2951,Minneapolis,MN,44.9542171,-93.087912,13304840267,3,3955,5896,1449917676722037,5297730940451456,932640219409923,26597529133186236,7.694,6.654,1.587,3.01,8.157,65.545,221.589,230.77
2952,Minneapolis,MN,44.9542308,-93.0802789,3397691260,3,3955,5896,800066763981499,3380560092215384,147716004756568,469977014289575,19.73,4.555,11.372,2.075,0.0,70.543,195.523,248.354
2953,Minneapolis,MN,44.9543236,-93.0803696,187940236,3,3955,5896,800066763981499,216706447390832,147716004756568,469977014289575,25.745,16.626,23.746,14.62,0.0,70.543,195.523,248.354
2954,Minneapolis,MN,44.9543379,-93.0803824,7467229332,3,3955,5896,800066763981499,145070904763461,147716004756568,469977014289575,26.982,18.472,25.624,16.501,0.0,70.543,195.523,248.354
2955,Minneapolis,MN,44.9544173,-93.0890904,13304840262,3,3955,5896,1628443741499132,4200010643601036,2425264334580227,240693335167446,3.727,0.723,5.082,9.584,329.69,61.02,151.869,267.011
2956,Minneapolis,MN,44.9544465,-93.0892327,187869025,3,3955,5896,1146528113843297,735385422911185,923989613338717,240693335167446,2.471,5.405,2.557,12.935,328.589,66.561,146.892,267.011
2957,Minneapolis,MN,44.9544846,-93.0891525,13304840284,4,3955,5896,1146528113843297,735385422911185,1344126143614550,240693335167446,10.049,2.197,2.632,5.392,328.589,66.561,220.598,267.011
2958,Minneapolis,MN,44.9545865,-93.0807458,3594985069,3,3955,5896,575315410113040,179367190740043,600558142033532,1265462411679932,30.68,20.393,23.738,15.243,59.248,93.516,180.901,286.648
2959,Minneapolis,MN,44.9546206,-93.0806357,3594985071,4,3955,5896,575315410113040,179367190740043,600558142033532,1265462411679932,22.212,14.055,26.377,17.909,59.248,93.516,180.901,286.648
2960,Minneapolis,MN,44.9547464,-93.088424,13304840266,3,3955,5896,26639668392285974,921424046913686,4381651408778468,1835867893766166,8.104,3.232,4.227,7.761,339.877,72.161,151.148,240.654
2961,Minneapolis,MN,44.9548096,-93.0884687,13304840263,4,3955,5896,26639668392285974,921424046913686,601402048959373,1835867893766166,12.879,5.782,0.922,0.401,339.877,72.161,236.101,240.654
2962,Minneapolis,MN,44.9548605,-93.0883616,187877434,3,3955,5896,26639668392285974,2041662633040037,1166586912282369,1164790934996830,11.828,6.12,8.241,1.828,339.877,122.838,198.371,244.762
2963,Minneapolis,MN,44.9549819,-93.0804331,3594985086,4,3955,5896,579284609715177,579284609715177,537651893905442,814588940891548,16.613,16.613,32.91,7.009,53.963,53.963,144.118,285.839
2964,Minneapolis,MN,44.9550668,-93.0805192,3397691276,3,3955,5896,579284609715177,579284609715177,494434918548280,814588940891548,27.973,27.973,32.674,18.35,53.963,53.963,145.657,285.839
2965,Minneapolis,MN,44.9555228,-93.0890216,187915037,3,3955,5896,8898831133531775,1375318210104529,1375318210104529,623842970095001,11.391,4.091,4.091,20.899,54.552,142.385,142.385,249.057
2966,Minneapolis,MN,44.9558085,-93.0970833,1558630355,4,3955,5896,755729536034328,513660304409204,1027427828824758,976692520809611,24.805,26.645,29.768,26.119,0.0,90.0,170.612,256.22
2967,Minneapolis,MN,44.9559364,-93.0968199,1558630374,3,3955,5896,956074715530706,513660304409204,1027427828824758,976692520809611,4.212,31.821,31.791,33.028,0.0,90.0,170.612,256.22
2968,Minneapolis,MN,44.9560069,-93.0972296,1558630377,3,3955,5896,1245751606578174,513660304409204,1027427828824758,976692520809611,2.339,3.732,7.83,1.782,20.366,90.0,170.612,256.22
2969,Minneapolis,MN,44.9561351,-93.0969709,1557197633,3,3955,5896,6068597819890774,513660304409204,1027427828824758,2779862655555083,10.165,21.31,18.013,21.523,0.0,90.0,170.612,264.953
2970,Minneapolis,MN,44.9565142,-93.0973317,1557197636,4,3955,5896,1943814376066826,1028851915562630,419310621259163,1943814376066826,1.102,24.608,14.786,1.102,327.246,149.012,152.131,327.246
2971,Minneapolis,MN,44.9581289,-93.0980501,8936473920,3,3955,5896,1677691769696026,1673989760044990,1025273215499965,414658938297635,10.267,1.172,13.348,28.724,16.275,74.693,128.732,327.124
2972,Minneapolis,MN,44.9583817,-93.0861957,2045629991,3,3955,5896,370374529034737,722639307539164,8840794819315663,1235668020815756,10.422,32.971,6.669,8.978,0.0,85.632,191.744,322.921
2973,Minneapolis,MN,44.958412,-93.0980026,1557197651,4,3955,5896,414658938297635,1053769886377534,841476951441046,2216024465442288,3.619,32.77,28.624,6.909,327.124,93.189,156.953,307.411
2974,Minneapolis,MN,44.9584229,-93.0980884,1555008166,3,3955,5896,525418753396207,1053769886377534,1194364158430150,877770527549786,3.127,32.787,23.273,4.471,321.916,93.189,159.398,292.921
2975,Minneapolis,MN,44.9613917,-93.0975669,1200194179,3,3955,5896,832441757919200,1212538180954963,1421787609747108,1421787609747108,15.311,7.218,4.609,4.609,58.0,67.585,228.283,228.283
2976,Minneapolis,MN,44.9615001,-93.0872627,2045579362,3,3955,5896,988831843637316,941611991917284,467772281184519,467772281184519,15.486,0.645,7.186,7.186,58.218,61.93,235.131,235.131
2977,Minneapolis,MN,44.9536898,-93.070639,13239568400,3,3956,5896,2901779986656335,2021905171514719,2021905171514719,481411134975890,22.705,30.476,30.476,22.678,317.749,137.955,137.955,316.623
2978,Minneapolis,MN,44.9540601,-93.0719072,11279830097,3,3956,5896,1073068320576584,242522172128517,363637966350614,2006241509802389,9.77,13.338,13.995,13.007,56.507,93.69,131.865,269.004
2979,Minneapolis,MN,44.9541614,-93.0716349,11279830099,4,3956,5896,1069144394337938,1128162628172801,7018132524903056,1293279192010295,3.824,11.715,6.738,3.782,315.541,108.583,137.324,296.357
2980,Minneapolis,MN,44.9542605,-93.0715008,11144806640,4,3956,5896,1069144394337938,242522172128517,7018132524903056,939697284418251,18.593,28.359,21.632,22.007,315.541,93.69,137.324,280.371
2981,Minneapolis,MN,44.9543606,-93.071498,11300296807,3,3956,5896,918239896529309,242522172128517,7018132524903056,939697284418251,26.366,34.137,31.35,29.182,310.195,93.69,137.324,280.371
2982,Minneapolis,MN,44.9553852,-93.0670376,2513512035,3,3956,5896,910612798305658,26025456027047106,25507738065502603,997904916735744,17.899,22.185,26.334,17.01,329.641,51.694,237.718,314.932
2983,Minneapolis,MN,44.9554341,-93.067087,13239614608,4,3956,5896,910612798305658,26025456027047106,25507738065502603,997904916735744,15.615,18.158,26.574,17.169,329.641,51.694,237.718,314.932
2984,Minneapolis,MN,44.9558514,-93.0662392,13239614610,3,3956,5896,2138341390235114,2138341390235114,1425505075796079,1193918972872831,6.392,6.392,2.515,13.587,52.689,52.689,149.143,222.055
2985,Minneapolis,MN,44.9558685,-93.0662392,13239614611,3,3956,5896,2138341390235114,1425505075796079,1425505075796079,1193918972872831,7.142,0.65,0.65,14.464,52.689,149.143,149.143,222.055
2986,Minneapolis,MN,44.9558989,-93.0660323,12329585495,3,3956,5896,860072179962991,26054787824118365,1193918972872831,2057351798332504,15.462,15.503,11.47,17.85,311.944,149.143,222.055,269.338
2987,Minneapolis,MN,44.9559013,-93.0659553,12329585494,3,3956,5896,2069569836915962,1198992942381435,1193918972872831,2057351798332504,19.984,22.331,14.863,15.702,328.544,139.87,222.055,269.338
2988,Minneapolis,MN,44.9559017,-93.0657828,12329618073,3,3956,5896,2069569836915962,1198992942381435,708622478786515,2057351798332504,15.348,33.034,13.66,18.299,328.544,139.87,180.438,269.338
2989,Minneapolis,MN,44.9559855,-93.0663886,13239614613,4,3956,5896,750414951436613,2401202306998520,2401202306998520,1193918972872831,30.161,11.987,11.987,31.649,1.209,130.038,130.038,222.055
2990,Minneapolis,MN,44.9585356,-93.072274,8539121572,3,3956,5896,977740081460677,3217918211712748,1309939507617032,1737828404266239,33.588,24.156,25.506,28.333,331.924,144.841,184.382,267.022
2991,Minneapolis,MN,44.9585363,-93.0691514,12329585486,4,3956,5896,1417610796731660,1433339108040228,1433339108040228,1683897459261593,5.805,7.048,7.048,12.22,1.756,126.413,126.413,278.445
2992,Minneapolis,MN,44.9585874,-93.0720422,8539121575,3,3956,5896,1668645104175239,3217918211712748,1620987875824889,1737828404266239,10.589,5.035,8.504,10.757,310.678,144.841,173.692,267.022
2993,Minneapolis,MN,44.958617,-93.0689833,12329585485,4,3956,5896,1417610796731660,1433339108040228,1433339108040228,763605726509433,17.488,8.952,8.952,11.672,1.756,126.413,126.413,279.669
2994,Minneapolis,MN,44.9586517,-93.0692764,12329585490,4,3956,5896,1417610796731660,1617595309547928,2165466400524357,1683897459261593,10.368,7.088,7.156,3.985,1.756,127.312,130.387,278.445
2995,Minneapolis,MN,44.9587241,-93.0721912,8539121576,3,3956,5896,4180049348952088,3217918211712748,1309939507617032,1737828404266239,19.749,21.232,15.637,18.78,331.924,144.841,184.382,267.022
2996,Minneapolis,MN,44.9587321,-93.0691083,12329585489,4,3956,5896,867046006360547,1617595309547928,2165466400524357,1919079402300905,15.066,9.162,9.376,4.415,345.211,127.312,130.387,279.122
2997,Minneapolis,MN,44.9587407,-93.0722093,8539121563,4,3956,5896,4180049348952088,3217918211712748,1309939507617032,1737828404266239,17.507,23.509,17.717,20.777,331.924,144.841,184.382,267.022
2998,Minneapolis,MN,44.958827,-93.0720331,8539121544,4,3956,5896,2064655370745590,3217918211712748,1309939507617032,1737828404266239,17.192,25.198,17.803,18.469,331.924,144.841,184.382,267.022
2999,Minneapolis,MN,44.9589864,-93.0705574,6130374525,3,3956,5896,1299914485336283,1714042546435956,906629845534286,1603492044098331,4.034,3.148,12.124,17.433,29.759,92.558,177.992,242.044
3000,Minneapolis,MN,44.9593792,-93.0701492,6130374537,3,3956,5896,1531390958557910,2037874053736506,1486675059747918,1580245253234052,1.411,4.779,0.983,0.572,6.767,79.637,212.646,275.894
3001,Minneapolis,MN,44.9594074,-93.0700949,12329585491,4,3956,5896,911760725171162,1035762456295521,1733266954321147,2189061485165394,4.74,2.208,5.826,1.693,4.035,94.709,184.869,269.516
3002,Minneapolis,MN,44.9596348,-93.0703866,8538972383,3,3956,5896,4062382907239960,4044629325792358,1978280412897149,2129316107833338,11.142,10.678,11.289,23.078,359.855,73.163,176.801,248.923
3003,Minneapolis,MN,44.9596491,-93.0703567,12329585497,3,3956,5896,4062382907239960,4044629325792358,976997754652904,2129316107833338,8.304,7.931,7.898,20.746,359.855,73.163,186.647,248.923
3004,Minneapolis,MN,44.9597283,-93.0701908,8538972384,3,3956,5896,4062382907239960,4044629325792358,976997754652904,1622220969106662,7.451,8.487,8.193,14.411,359.855,73.163,186.647,267.075
3005,Minneapolis,MN,44.9597964,-93.0705204,8538972382,4,3956,5896,1732959798078618,1678389726485643,26606409468993883,1622220969106662,4.892,22.182,16.306,24.338,348.294,65.818,182.989,267.075
3006,Minneapolis,MN,44.9598531,-93.0704039,8539121535,3,3956,5896,968565158942423,918916397782340,26606409468993883,1622220969106662,11.089,14.891,10.464,14.258,354.59,51.664,182.989,267.075
3007,Minneapolis,MN,44.9604687,-93.0722823,13239442227,3,3956,5896,2069614303775389,1106356760880319,1295524248883294,2658844914468886,17.588,29.067,27.479,8.823,0.0,68.86,234.789,295.836
3008,Minneapolis,MN,44.9605951,-93.0711676,13239442220,3,3956,5896,1786784861911624,4293114914257242,1469039970783174,1065875032324112,20.822,26.614,9.117,7.349,325.489,84.618,176.273,273.197
3009,Minneapolis,MN,44.9606013,-93.0723748,13239442229,3,3956,5896,1425633495383777,1106356760880319,1295524248883294,769365388790909,2.451,13.029,19.22,11.18,342.344,68.86,234.789,282.017
3010,Minneapolis,MN,44.960722,-93.0713031,7924552988,3,3956,5896,1786784861911624,4293114914257242,1113336007346974,1786784861911624,3.137,10.928,18.738,3.137,325.489,84.618,181.961,325.489
3011,Minneapolis,MN,44.9607989,-93.0724185,7929196284,3,3956,5896,1056445956472815,1106356760880319,1074562951557144,23977239375311399,2.429,9.225,26.656,7.018,12.145,68.86,188.899,292.696
3012,Minneapolis,MN,44.9608629,-93.0721377,7924552998,3,3956,5896,1288305556219111,1494439771975543,1074562951557144,23977239375311399,15.016,6.099,5.221,21.537,47.385,102.703,188.899,292.696
3013,Minneapolis,MN,44.9610738,-93.0673944,8539121517,3,3956,5896,1600358937745005,1289525359770941,869418109501023,959214886546035,20.056,8.554,14.743,14.979,59.267,62.042,224.072,268.608
3014,Minneapolis,MN,44.9611432,-93.0672393,13239442263,3,3956,5896,1600358937745005,1600358937745005,961030126404754,1302995551720438,9.894,9.894,15.903,16.45,59.267,59.267,224.558,268.608
3015,Minneapolis,MN,44.9611454,-93.0672532,8538972398,3,3956,5896,1600358937745005,798088526257932,961030126404754,1302995551720438,9.47,9.909,14.91,15.48,59.267,61.642,224.558,268.608
3016,Minneapolis,MN,44.9611756,-93.0671976,8538972393,3,3956,5896,1600358937745005,1600358937745005,963174249496617,1432024775054590,8.146,8.146,14.151,15.09,59.267,59.267,226.038,269.892
3017,Minneapolis,MN,44.9611765,-93.0668165,8538972391,3,3956,5896,1340618774780639,1234929785472233,1452913296331730,2984583191746496,29.077,25.715,30.502,31.081,59.366,60.841,225.628,271.897
3018,Minneapolis,MN,44.9612363,-93.0712961,7924553002,3,3956,5896,790963136721648,1325759222594518,1542553900237716,1300198108428893,4.882,19.005,11.194,15.456,0.604,103.943,187.396,301.844
3019,Minneapolis,MN,44.9612399,-93.0716609,7929199585,3,3956,5896,4113660728877530,610479321913408,1542553900237716,3640308026103056,11.661,6.789,17.984,3.487,33.761,82.838,187.396,264.433
3020,Minneapolis,MN,44.9612552,-93.0670177,8538972394,3,3956,5896,1340618774780639,1234929785472233,1675412530140838,886498577701318,11.055,10.386,14.578,15.765,59.366,60.841,225.628,271.897
3021,Minneapolis,MN,44.9613121,-93.0674169,8538972399,4,3956,5896,1600358937745005,798088526257932,961030126404754,1302995551720438,14.918,15.096,8.865,8.037,59.267,61.642,224.558,268.608
3022,Minneapolis,MN,44.9613364,-93.0668552,8538972396,3,3956,5896,1340618774780639,1543044167178064,1654836662619295,2984583191746496,23.661,9.22,14.137,15.711,59.366,60.841,225.628,271.897
3023,Minneapolis,MN,44.9628766,-93.0636457,13171225673,4,3956,5896,1981956016531209,1511404020555123,3047186938819278,915380148167604,24.989,15.724,14.636,16.825,359.217,84.899,222.162,268.67
3024,Minneapolis,MN,44.9629565,-93.0634525,13171224700,3,3956,5896,1981956016531209,26376393468708936,756433144101904,1981559555901857,22.448,7.218,17.137,18.131,359.217,82.386,222.162,268.67
3025,Minneapolis,MN,44.9629718,-93.0639741,13174053902,3,3956,5896,1700758027584172,1431986514820438,1710504176996072,26529377200030556,12.884,5.959,10.047,7.355,10.921,83.009,224.335,268.67
3026,Minneapolis,MN,44.9629722,-93.0608806,13171225043,4,3956,5896,1204299711474051,1276257401311814,1431715491147272,4043745832551856,13.877,6.904,10.968,12.484,310.621,78.479,235.243,266.374
3027,Minneapolis,MN,44.9629729,-93.0610875,13171225054,4,3956,5896,1204299711474051,1348677530632022,1614908672744155,1431715491147272,23.633,5.853,6.998,5.88,310.621,79.348,227.326,235.243
3028,Minneapolis,MN,44.9629763,-93.0639468,5744183258,3,3956,5896,1700758027584172,1431986514820438,1710504176996072,26529377200030556,11.914,5.839,8.486,7.257,10.921,83.009,224.335,268.67
3029,Minneapolis,MN,44.9629895,-93.0633769,13171225669,3,3956,5896,1275714764673197,26376393468708936,27681188918179519,1251419813830478,21.969,3.764,17.075,18.699,354.24,82.386,222.162,268.67
3030,Minneapolis,MN,44.9631231,-93.0610686,13171225048,3,3956,5896,1204299711474051,1348677530632022,1431715491147272,4043745832551856,18.252,10.915,15.208,11.867,310.621,79.348,235.243,266.374
3031,Minneapolis,MN,44.9631235,-93.061051,5744183177,3,3956,5896,1204299711474051,1348677530632022,1431715491147272,4043745832551856,16.9,11.175,14.944,10.645,310.621,79.348,235.243,266.374
3032,Minneapolis,MN,44.963124,-93.0608451,13171225047,3,3956,5896,1204299711474051,1361124632707975,1431715491147272,765704932980991,3.389,11.489,20.043,4.587,310.621,80.564,235.243,285.927
3033,Minneapolis,MN,44.963128,-93.063643,13174053901,3,3956,5896,1981956016531209,1911746622847609,756433144101904,1981559555901857,3.041,11.005,8.25,6.132,359.217,80.74,222.162,268.67
3034,Minneapolis,MN,44.9631332,-93.0632019,5744183255,3,3956,5896,1422330629219540,2037250237004677,2000250750843256,1893574774672850,16.023,11.993,12.4,13.961,338.853,81.045,224.194,269.881
3035,Minneapolis,MN,44.9631453,-93.0631769,13171225678,3,3956,5896,1422686072517591,2037250237004677,2000250750843256,1893574774672850,16.171,13.53,12.843,13.839,338.853,81.045,224.194,269.881
3036,Minneapolis,MN,44.9631852,-93.0635286,4562558537,4,3956,5896,1275714764673197,2349750385511071,27681188918179519,1251419813830478,7.395,10.958,8.249,6.153,354.24,60.187,222.162,268.67
3037,Minneapolis,MN,44.9632214,-93.0635378,4562558563,3,3956,5896,1275714764673197,2349750385511071,27681188918179519,1251419813830478,10.831,14.757,12.337,10.034,354.24,60.187,222.162,268.67
3038,Minneapolis,MN,44.9632603,-93.0635489,5744183282,3,3956,5896,1275714764673197,2349750385511071,1956647538578478,1251419813830478,14.882,19.014,15.187,14.367,354.24,60.187,224.194,268.67
3039,Minneapolis,MN,44.9632657,-93.0633606,5744183259,3,3956,5896,1422330629219540,2005690706682252,2000250750843256,1426246945915839,3.322,10.778,6.914,5.215,338.853,60.755,224.194,268.67
3040,Minneapolis,MN,44.9632992,-93.0635041,5744183283,3,3956,5896,26501929449419430,2005690706682252,1956647538578478,1477464947098072,12.743,20.207,16.4,15.051,338.853,60.755,224.194,268.67
3041,Minneapolis,MN,44.9633306,-93.0632267,5744183446,3,3956,5896,964664255907262,1983859208876495,1442516214088297,972270235234988,3.988,10.13,7.446,5.624,340.18,60.736,224.822,269.881
3042,Minneapolis,MN,44.9633771,-93.0633563,5744183451,3,3956,5896,1422686072517591,1983859208876495,1442516214088297,923070590609996,13.284,20.497,16.93,15.588,338.853,60.736,224.822,269.881
3043,Minneapolis,MN,44.9634447,-93.063378,4562558555,3,3956,5896,964664255907262,1983859208876495,1442516214088297,972270235234988,20.685,27.269,23.941,22.713,340.18,60.736,224.822,269.881
3044,Minneapolis,MN,44.963565,-93.0631734,5744183462,3,3956,5896,943728445058298,2452152638559778,960955969748966,4445090379102055,23.456,29.498,25.806,24.812,338.511,60.736,224.822,269.881
3045,Minneapolis,MN,44.9638471,-93.0621613,6133931820,4,3956,5896,4067389720217762,932986646191111,945982438228138,806579229157810,8.123,9.668,5.967,5.7,336.799,60.736,224.822,266.787
3046,Minneapolis,MN,44.9639772,-93.0622847,8035036528,3,3956,5896,4067389720217762,932986646191111,945982438228138,806579229157810,23.09,27.039,23.388,22.795,336.799,60.736,224.822,266.787
3047,Minneapolis,MN,44.9640529,-93.0608393,13186070162,3,3956,5896,1304681391539431,1660278165101189,957036770194358,4294000740873399,34.82,30.14,33.626,34.951,333.948,60.921,225.421,266.787
3048,Minneapolis,MN,44.9640971,-93.0616455,6133931824,4,3956,5896,2205917810215363,1423671408978111,2021107335113177,929830683131504,6.936,10.501,6.195,5.296,336.799,61.5,225.788,266.787
3049,Minneapolis,MN,44.9641603,-93.0610657,13186070180,3,3956,5896,2789870371364818,1600468331007981,25791267160552600,4294000740873399,15.22,11.361,14.102,15.766,333.948,61.871,225.421,266.787
3050,Minneapolis,MN,44.964167,-93.0610529,5744183176,3,3956,5896,2789870371364818,1660278165101189,25791267160552600,4294000740873399,15.431,10.887,14.468,15.362,333.948,60.921,225.421,266.787
3051,Minneapolis,MN,44.9642222,-93.0617677,6133931826,4,3956,5896,2205917810215363,1423671408978111,2021107335113177,929830683131504,22.45,26.898,23.033,22.206,336.799,61.5,225.788,266.787
3052,Minneapolis,MN,44.9642854,-93.0608398,13186070183,3,3956,5896,1640632607260196,1623607328842486,2028726504728939,1493903065588870,13.732,10.246,12.309,13.645,333.948,60.921,225.16,266.787
3053,Minneapolis,MN,44.9642904,-93.0608546,5744183236,3,3956,5896,1640632607260196,1623607328842486,2028726504728939,1493903065588870,12.64,8.956,11.138,12.605,333.948,60.921,225.16,266.787
3054,Minneapolis,MN,44.9643778,-93.0610356,5744183234,3,3956,5896,1304681391539431,1623607328842486,2028726504728939,2374685906334521,7.037,8.566,7.406,3.788,333.948,60.921,225.16,266.787
3055,Minneapolis,MN,44.9643833,-93.0610442,13186070182,3,3956,5896,1304681391539431,1623607328842486,2028726504728939,2374685906334521,7.382,9.477,8.173,4.627,333.948,60.921,225.16,266.787
3056,Minneapolis,MN,44.9644569,-93.0605099,5798860124,4,3956,5896,1267609472161664,968440448857968,927209563285786,1455382969583064,12.518,7.802,12.184,12.672,333.948,62.069,225.16,266.787
3057,Minneapolis,MN,44.9644969,-93.0608274,13186069985,3,3956,5896,806014409231616,883209088064617,2206442060133547,1432767311451776,5.879,11.488,7.127,5.467,333.948,61.819,225.16,266.787
3058,Minneapolis,MN,44.9645047,-93.0612872,6133931828,3,3956,5896,1304681391539431,1660278165101189,957036770194358,4294000740873399,26.692,31.385,27.759,26.613,333.948,60.921,225.421,266.787
3059,Minneapolis,MN,44.9646255,-93.0607397,13186069989,3,3956,5896,699016936608512,968440448857968,1728282778537433,1455382969583064,13.882,18.882,14.941,13.389,333.948,62.069,225.16,266.787
3060,Minneapolis,MN,44.9495457,-93.0178154,8292501412,3,3958,5896,2439987186189252,1485611565318302,1588776601862412,1982621248789129,31.62,10.464,32.973,21.945,11.916,88.525,190.034,270.738
3061,Minneapolis,MN,44.949584,-93.0178038,8292501401,4,3958,5896,2439987186189252,356741603625439,1588776601862412,1982621248789129,28.321,5.842,28.848,17.661,11.916,87.27,190.034,270.738
3062,Minneapolis,MN,44.9495945,-93.0174423,8292501408,4,3958,5896,2439987186189252,1047357066508823,1588776601862412,307056381678124,15.645,15.766,26.675,28.044,11.916,81.306,190.034,263.638
3063,Minneapolis,MN,44.9497334,-93.0176146,8200589944,4,3958,5896,1063047361406881,1047357066508823,1588776601862412,1761574757586257,9.958,10.002,7.817,4.287,359.655,81.306,190.034,247.874
3064,Minneapolis,MN,44.9499017,-93.0176081,6860550364,3,3958,5896,1075065547073781,879201417231591,339357578853175,307056381678124,8.446,30.16,2.04,19.602,2.863,87.802,187.728,263.638
3065,Minneapolis,MN,44.9500685,-93.0174995,6860550360,3,3958,5896,926188935707095,878290283786753,206806789166286,1583142259122484,1.033,34.499,3.23,33.473,4.895,88.886,192.97,221.807
3066,Minneapolis,MN,44.95007,-93.0175994,6860550366,3,3958,5896,926188935707095,367162839192053,1083924182743103,1761574757586257,8.619,34.315,4.493,34.514,4.895,66.713,192.97,247.874
3067,Minneapolis,MN,44.9504026,-93.0174872,6860550356,3,3958,5896,1724713914708171,310307958646338,3609679755986053,410012384714818,10.058,7.256,0.538,28.868,6.628,79.638,183.608,261.72
3068,Minneapolis,MN,44.9505711,-93.0167138,6860550359,4,3958,5896,209809885517618,2102386023493572,330413509875806,614034217470319,3.696,30.357,29.907,5.26,335.388,46.014,184.747,292.402
3069,Minneapolis,MN,44.9505786,-93.0174807,6860550358,3,3958,5896,1724713914708171,878290283786753,729677155708196,886003419698329,29.612,25.185,2.236,10.331,6.628,88.886,196.575,251.842
3070,Minneapolis,MN,44.9507582,-93.0167103,6860550349,3,3958,5896,209809885517618,744047844274934,6964333870351522,1058150118767980,23.526,33.979,33.715,17.357,335.388,103.97,207.018,281.205
3071,Minneapolis,MN,44.9517503,-93.0287975,11144806661,3,3958,5896,4442490352661257,601513725434056,252428787614394,964999352707809,17.743,30.379,24.663,15.596,23.414,99.391,174.0,274.419
3072,Minneapolis,MN,44.9566805,-93.0251252,7461289077,4,3958,5896,1683775385969072,808875481802587,1326509566035108,1318013533595792,11.348,26.681,18.814,7.061,324.459,57.563,176.684,290.693
3073,Minneapolis,MN,44.9566841,-93.0254052,13153742368,4,3958,5896,1727127214939755,964137976569652,1473758404423715,27218472357750000,15.94,13.739,3.693,3.832,14.628,71.15,190.627,288.36
3074,Minneapolis,MN,44.956885,-93.0255548,13162427455,4,3958,5896,2170964983690699,959267493182660,2401654646973421,811272782024031,20.09,10.106,16.492,15.525,2.424,73.818,177.39,287.716
3075,Minneapolis,MN,44.9568859,-93.0254094,13153742372,4,3958,5896,2170964983690699,964137976569652,936754395816799,811272782024031,8.842,11.33,3.774,5.65,2.424,71.15,189.845,287.716
3076,Minneapolis,MN,44.9568866,-93.0251319,7461289075,4,3958,5896,2170964983690699,808875481802587,2401654646973421,1946578172617673,13.535,24.559,18.164,8.347,2.424,57.563,177.39,290.122
3077,Minneapolis,MN,44.9568866,-93.0250509,13153742377,4,3958,5896,2170964983690699,808875481802587,2401654646973421,1946578172617673,19.837,30.526,24.373,13.925,2.424,57.563,177.39,290.122
3078,Minneapolis,MN,44.9569329,-93.025054,10783799063,3,3958,5896,2170964983690699,808875481802587,2401654646973421,1946578172617673,20.87,32.299,23.668,12.69,2.424,57.563,177.39,290.122
3079,Minneapolis,MN,44.9569593,-93.0251347,10783799065,4,3958,5896,1461552712094740,808875481802587,2401654646973421,1946578172617673,11.165,28.53,17.634,6.981,345.107,57.563,177.39,290.122
3080,Minneapolis,MN,44.9569595,-93.0251035,10783799064,3,3958,5896,1461552712094740,808875481802587,2401654646973421,1946578172617673,13.426,30.507,20.054,9.274,345.107,57.563,177.39,290.122
3081,Minneapolis,MN,44.9628844,-93.0254692,13153742071,4,3958,5896,1235569801898089,1488471796192653,1432903938018399,934006185906548,12.334,24.119,7.508,4.537,344.205,77.114,178.35,288.732
3082,Minneapolis,MN,44.9629917,-93.0254895,13153742075,3,3958,5896,944977318143981,1488471796192653,1432903938018399,1247054464251954,14.129,12.117,7.833,6.639,345.764,77.114,178.35,290.925
3083,Minneapolis,MN,44.963004,-93.0254808,13153742077,3,3958,5896,944977318143981,1488471796192653,1432903938018399,818878324027183,13.312,10.998,8.442,5.418,345.764,77.114,178.35,290.925
3084,Minneapolis,MN,44.963007,-93.0251588,7461289065,3,3958,5896,944977318143981,969447138897135,1432903938018399,26045560025142773,12.045,26.282,21.723,11.628,345.764,64.39,178.35,292.313
3085,Minneapolis,MN,44.9630149,-93.0251636,13144590231,3,3958,5896,944977318143981,969447138897135,948280900948355,26045560025142773,11.674,25.606,21.061,11.323,345.764,64.39,178.35,292.313
3086,Minneapolis,MN,44.9630156,-93.0277619,13171225616,4,3958,5896,833971819720790,25737902005888618,786447174522354,2110658333161553,17.212,8.883,25.03,21.622,6.594,81.624,223.918,267.54
3087,Minneapolis,MN,44.9630168,-93.0279706,13171225620,4,3958,5896,833971819720790,26499126323084334,786447174522354,2110658333161553,10.101,9.896,22.014,17.295,6.594,81.624,223.918,267.54
3088,Minneapolis,MN,44.9631594,-93.0258138,13171225738,4,3958,5896,1888847215155340,1636371577404826,948280900948355,1278780646918836,32.252,6.041,32.621,31.145,24.055,81.623,178.35,291.97
3089,Minneapolis,MN,44.9631616,-93.0251489,13144590230,3,3958,5896,2181166235754459,889784150782723,924216787253458,1982664165679696,15.793,21.023,21.519,12.548,1.933,45.33,178.35,293.147
3090,Minneapolis,MN,44.9631644,-93.0254661,13153742078,3,3958,5896,2181166235754459,1488471796192653,924216787253458,1278780646918836,9.25,8.823,7.92,4.132,1.933,77.114,178.35,291.97
3091,Minneapolis,MN,44.9631659,-93.0279739,13174054138,4,3958,5896,2099121973964360,26499126323084334,786447174522354,2110658333161553,5.238,10.019,6.653,3.505,2.84,81.624,223.918,267.54
3092,Minneapolis,MN,44.963166,-93.0277629,13171225861,4,3958,5896,2099121973964360,25737902005888618,786447174522354,2110658333161553,11.465,9.096,13.273,13.127,2.84,81.624,223.918,267.54
3093,Minneapolis,MN,44.9631715,-93.0251395,13144590228,3,3958,5896,2181166235754459,889784150782723,924216787253458,1508481643947812,16.621,22.022,21.91,12.93,1.933,45.33,178.35,293.147
3094,Minneapolis,MN,44.9631758,-93.0254788,13153742079,3,3958,5896,2181166235754459,1488471796192653,924216787253458,1278780646918836,10.456,9.478,7.613,4.731,1.933,77.114,178.35,291.97
3095,Minneapolis,MN,44.9349995,-93.3187074,586883129,4,3944,5897,1599854650541451,1161409141041345,603895211005709,1553525095454668,3.143,25.354,12.479,3.821,357.509,108.904,182.844,292.541
3096,Minneapolis,MN,44.9375643,-93.3202535,4850471469,4,3944,5897,861885718175191,298020999499648,303823988077312,1004117700361848,10.95,20.083,5.245,20.074,13.937,30.581,202.344,265.657
3097,Minneapolis,MN,44.9376024,-93.3201558,4850471465,3,3944,5897,181162971646550,298020999499648,985817825289615,782029899125486,0.839,11.45,3.76,16.364,24.0,30.581,203.393,268.161
3098,Minneapolis,MN,44.9401911,-93.3212461,8522586930,3,3944,5897,934573180695125,191830319434182,760740341280977,773103546910851,2.129,8.783,22.218,22.804,19.249,102.262,175.169,299.259
3099,Minneapolis,MN,44.9408356,-93.3289274,8999735206,3,3944,5897,317514029965148,793714871264320,312084413761217,312084413761217,16.031,20.297,7.637,7.637,357.697,41.306,223.213,223.213
3100,Minneapolis,MN,44.9436614,-93.3247315,8614604248,3,3944,5897,4328174753882421,4328174753882421,243703160877733,243703160877733,22.455,22.455,27.478,27.478,42.787,42.787,224.897,224.897
3101,Minneapolis,MN,44.9437759,-93.324711,8614604250,4,3944,5897,4328174753882421,4328174753882421,243703160877733,243703160877733,14.631,14.631,20.116,20.116,42.787,42.787,224.897,224.897
3102,Minneapolis,MN,44.9439646,-93.3250148,2099132157,4,3944,5897,4328174753882421,4328174753882421,243703160877733,243703160877733,18.026,18.026,13.016,13.016,42.787,42.787,224.897,224.897
3103,Minneapolis,MN,44.944783,-93.3193363,4011704799,3,3944,5897,861896524674019,133186498801941,792621764691889,491078565452737,10.277,19.431,20.813,16.3,357.559,31.244,202.769,313.12
3104,Minneapolis,MN,44.9448855,-93.323403,2480739600,4,3944,5897,208989694366241,1147073879102680,880128015901342,214219443841336,9.747,9.704,12.089,18.273,41.979,42.243,221.71,278.275
3105,Minneapolis,MN,44.9449099,-93.3200594,13302539076,4,3944,5897,1131076710726882,213264307271054,131492392356565,131380172372500,24.744,22.406,21.854,5.879,307.692,96.477,149.925,267.833
3106,Minneapolis,MN,44.9449099,-93.3199059,4011704842,4,3944,5897,1131076710726882,213264307271054,525945601865647,607278073564916,13.322,11.334,13.417,8.368,307.692,96.477,136.078,270.794
3107,Minneapolis,MN,44.9449405,-93.3236708,4077101992,3,3944,5897,153775623369856,153775623369856,246677793913488,210127104040241,10.536,10.536,7.599,13.679,45.526,45.526,223.224,271.542
3108,Minneapolis,MN,44.9450105,-93.3199548,9258675902,3,3944,5897,1131076710726882,156833066389372,131492392356565,2280058532127704,16.67,9.112,7.998,4.1,307.692,111.671,149.925,270.648
3109,Minneapolis,MN,44.9450862,-93.3234848,4011704833,3,3944,5897,150604730410092,806271146979045,305544574364035,901369327077880,15.192,11.102,8.353,5.989,13.547,41.762,219.439,272.959
3110,Minneapolis,MN,44.9450903,-93.3238889,9258321988,4,3944,5897,153775623369856,153775623369856,246677793913488,934908164006008,34.447,34.447,31.487,3.298,45.526,45.526,223.224,262.746
3111,Minneapolis,MN,44.9450905,-93.3234866,9276242014,3,3944,5897,150604730410092,806271146979045,305544574364035,901369327077880,15.53,11.516,8.588,6.221,13.547,41.762,219.439,272.959
3112,Minneapolis,MN,44.9454017,-93.3228154,12834518954,4,3944,5897,1403580840000969,1403580840000969,1177006506095791,512079913175707,5.728,5.728,12.483,10.378,40.342,40.342,214.885,226.256
3113,Minneapolis,MN,44.9456246,-93.3228868,13318535604,3,3944,5897,148299487259039,1131542197344608,2962856177296594,661050589877712,4.277,10.415,4.852,2.595,300.156,123.235,156.571,296.775
3114,Minneapolis,MN,44.9462708,-93.3240052,13318535621,3,3944,5897,235600451695363,290676299330794,474294533785498,303046004683972,33.329,23.361,20.671,25.438,302.649,120.285,202.113,246.448
3115,Minneapolis,MN,44.9463224,-93.3222516,12965439462,3,3944,5897,591255968508260,591255968508260,178590710713203,178590710713203,18.625,18.625,8.371,8.371,37.931,37.931,212.997,212.997
3116,Minneapolis,MN,44.946748,-93.3217636,9276250685,3,3944,5897,475284886921084,5412903782115516,286541139810734,286541139810734,21.521,16.238,1.897,1.897,4.337,51.181,213.092,213.092
3117,Minneapolis,MN,44.9468094,-93.3213697,4011704830,3,3944,5897,309916817311732,1696912860501544,241777141033919,241777141033919,4.151,4.32,14.225,14.225,34.923,36.995,214.123,214.123
3118,Minneapolis,MN,44.9468161,-93.3219112,12631967752,3,3944,5897,475284886921084,5412903782115516,286541139810734,286541139810734,33.564,29.109,15.444,15.444,4.337,51.181,213.092,213.092
3119,Minneapolis,MN,44.9471603,-93.3209478,13622029721,3,3944,5897,173274524707764,173274524707764,5413507342057922,804853976826686,3.946,3.946,15.374,17.769,49.842,49.842,196.978,227.811
3120,Minneapolis,MN,44.9471987,-93.3213118,4077099978,4,3944,5897,523801645448686,306142704286037,487018822570432,487018822570432,18.295,18.015,2.688,2.688,36.464,41.077,219.335,219.335
3121,Minneapolis,MN,44.9472629,-93.3212459,4077099977,3,3944,5897,1169382046808142,1013182955752553,518019809551822,518019809551822,18.537,19.452,3.508,3.508,37.744,45.281,220.635,220.635
3122,Minneapolis,MN,44.9472692,-93.3214478,2480739698,3,3944,5897,523801645448686,306142704286037,487018822570432,487018822570432,31.522,31.234,15.618,15.618,36.464,41.077,219.335,219.335
3123,Minneapolis,MN,44.9473668,-93.3205288,476956898,4,3944,5897,312686293567169,166957405344210,143120247831816,880141486269816,18.094,5.094,2.346,15.928,358.275,113.373,156.465,236.147
3124,Minneapolis,MN,44.9475624,-93.3207658,4077099960,4,3944,5897,312686293567169,297314972033051,1455217291508156,153343953468232,15.986,8.5,8.986,6.601,358.275,43.679,195.122,236.954
3125,Minneapolis,MN,44.947657,-93.3289761,9008838859,3,3944,5897,1177254369388788,1026283161250157,693413893362970,398936341083298,3.86,21.849,1.657,23.639,357.348,89.302,184.48,270.082
3126,Minneapolis,MN,44.9476728,-93.3205206,4077099961,3,3944,5897,472615710716757,323861436003608,778117906241391,529078858465323,5.013,21.473,12.974,9.021,354.074,62.55,178.807,242.968
3127,Minneapolis,MN,44.9478292,-93.3275846,561301856,4,3944,5897,1843525335833605,2304482529688780,506367477211036,586709319359330,2.605,3.938,9.127,5.673,31.341,107.325,163.984,257.621
3128,Minneapolis,MN,44.9478367,-93.3288669,561301876,3,3944,5897,788068255415345,549377062853644,191657712777403,899812963912222,5.449,3.331,2.661,8.861,359.555,87.783,177.401,280.56
3129,Minneapolis,MN,44.9481175,-93.3205292,11308854551,4,3944,5897,292957192452735,798204374464776,473083060657102,814078469227744,4.867,28.895,15.039,31.283,0.0,90.0,181.622,326.041
3130,Minneapolis,MN,44.9482545,-93.3236193,6652959378,3,3944,5897,1178460232669194,747820589217697,676908881046385,2962472757365627,1.156,12.34,31.151,21.904,0.0,92.04,175.001,270.0
3131,Minneapolis,MN,44.9482601,-93.3207929,4077099954,4,3944,5897,301273175039843,2962026394055805,907768429801136,3050476231839047,11.725,13.772,6.785,21.781,354.978,90.818,178.287,270.0
3132,Minneapolis,MN,44.9483045,-93.3204807,4077099972,3,3944,5897,217709449831719,798204374464776,290043376149748,298617495050392,9.671,7.766,18.427,16.208,359.346,90.0,181.93,272.362
3133,Minneapolis,MN,44.9483482,-93.3234843,6652959379,3,3944,5897,1233045117154086,462162868205038,676908881046385,293945059039744,0.385,1.837,21.891,11.704,0.0,91.42,175.001,269.5
3134,Minneapolis,MN,44.9484828,-93.328926,8815483504,4,3944,5897,950780952166355,2991694817765232,302907191419799,2813861162260477,9.552,9.259,1.804,1.992,1.308,138.088,183.952,271.316
3135,Minneapolis,MN,44.948525,-93.3232431,6652959377,3,3944,5897,1086413395182565,1115226612304256,669741195103444,1411263169978713,1.477,11.587,20.245,3.906,0.0,91.75,181.001,270.025
3136,Minneapolis,MN,44.9485267,-93.3207925,4077099957,3,3944,5897,545618310147001,1191682864597836,911195126107724,139257214852878,15.493,13.096,16.889,4.559,316.721,88.81,199.827,271.882
3137,Minneapolis,MN,44.9485707,-93.3205943,9265446459,4,3944,5897,4269557789743754,183683830178586,491747715582033,1839310373323312,20.848,17.423,12.407,10.671,330.738,98.523,229.614,269.959
3138,Minneapolis,MN,44.9485742,-93.3206913,413878460,4,3944,5897,245512467367210,810243689596040,911195126107724,1475776247080234,15.956,18.242,19.534,11.476,309.634,87.666,199.827,269.959
3139,Minneapolis,MN,44.9485896,-93.3231515,6652959376,3,3944,5897,3919994338056278,1115226612304256,628818266111876,789858563630091,3.1,19.55,20.798,11.91,0.0,91.75,172.001,270.025
3140,Minneapolis,MN,44.9337661,-93.3101765,4011704803,4,3945,5897,569801768534223,1268395648120941,1893298041228357,1617907961950894,7.631,16.382,6.202,2.766,329.907,90.0,173.271,269.389
3141,Minneapolis,MN,44.9341544,-93.3103169,13175645362,3,3945,5897,682984600348619,711674365266923,2486844438366591,1740504509912689,20.896,25.884,13.645,14.956,314.972,143.594,187.334,245.959
3142,Minneapolis,MN,44.9376311,-93.2985867,9868538185,3,3945,5897,1484818282931719,588043104384059,1833492750566633,1455782552242411,33.018,32.924,33.527,8.253,354.226,85.25,196.043,270.172
3143,Minneapolis,MN,44.9376315,-93.2984099,9868538186,4,3945,5897,1484818282931719,588043104384059,1833492750566633,726811593430138,19.71,19.553,20.263,8.479,354.226,85.25,196.043,269.616
3144,Minneapolis,MN,44.9376315,-93.2984002,9868538187,4,3945,5897,1484818282931719,588043104384059,1833492750566633,726811593430138,19.006,18.844,19.562,8.237,354.226,85.25,196.043,269.616
3145,Minneapolis,MN,44.9376319,-93.2982501,9868538184,3,3945,5897,1484818282931719,588043104384059,1833492750566633,750215387473828,9.353,9.02,9.944,5.122,354.226,85.25,196.043,269.616
3146,Minneapolis,MN,44.9376404,-93.2984046,591428839,3,3945,5897,1484818282931719,588043104384059,1833492750566633,726811593430138,18.963,18.822,19.506,7.405,354.226,85.25,196.043,269.616
3147,Minneapolis,MN,44.9377888,-93.2979962,13296470904,4,3945,5897,1484818282931719,588043104384059,1833492750566633,747246067859610,17.474,17.719,16.887,9.366,354.226,85.25,196.043,266.251
3148,Minneapolis,MN,44.9379675,-93.2983001,13620566201,3,3945,5897,1484818282931719,588043104384059,1833492750566633,1074663914640014,31.365,31.767,31.097,29.029,354.226,85.25,196.043,269.616
3149,Minneapolis,MN,44.9482833,-93.2994399,13712757667,3,3945,5897,271568789005667,1458936688260006,864412425111189,635392321995308,33.087,8.563,33.087,34.858,0.0,90.366,207.958,305.24
3150,Minneapolis,MN,44.9482896,-93.2989357,2939829439,4,3945,5897,271568789005667,1090231178985518,1217822435579497,274073412086176,10.328,8.295,8.034,8.034,0.0,90.0,160.52,270.0
3151,Minneapolis,MN,44.9490676,-93.3166899,13725837170,3,3945,5897,355782099603907,835945643951537,900533727185776,463276878068383,14.685,21.177,10.661,6.069,2.338,62.857,180.0,254.896
3152,Minneapolis,MN,44.9491801,-93.2969381,12827464606,4,3945,5897,1304591847743369,1159887576002855,1457367655555602,2249389672177876,15.294,13.777,1.223,9.005,24.246,142.099,175.097,268.278
3153,Minneapolis,MN,44.9491842,-93.2971265,12827464608,4,3945,5897,1304591847743369,1159887576002855,1457367655555602,1516415663147020,21.215,18.232,15.255,9.503,24.246,142.099,175.097,264.37
3154,Minneapolis,MN,44.9340054,-93.2880901,11929743514,4,3946,5897,822330718682474,281080887017656,1361252027594791,523825665654695,10.714,25.734,15.846,7.474,348.334,102.736,187.886,269.013
3155,Minneapolis,MN,44.9340403,-93.2780439,11928728615,4,3946,5897,942978446535731,212526993781932,320173649474470,493331051863937,14.483,5.502,4.935,6.948,2.134,93.278,163.955,273.334
3156,Minneapolis,MN,44.9340506,-93.2778069,11929589872,4,3946,5897,942978446535731,368600971261464,324339285735417,617547689156788,12.637,17.565,14.352,15.259,2.134,112.392,175.503,285.136
3157,Minneapolis,MN,44.9341225,-93.2935971,12745225658,3,3946,5897,517673209268714,285678269870867,816838805621121,766846600685897,25.388,6.533,10.585,10.178,1.352,142.027,174.402,251.668
3158,Minneapolis,MN,44.9341379,-93.2932445,12745251164,3,3946,5897,517673209268714,285678269870867,816838805621121,287221346443606,18.576,21.422,22.959,13.212,1.352,142.027,174.402,272.451
3159,Minneapolis,MN,44.9341434,-93.2901662,12745225684,4,3946,5897,3247773232115929,511390190299844,112301520921633,525498085270188,1.169,3.974,1.576,2.238,313.281,91.721,166.723,300.933
3160,Minneapolis,MN,44.9341514,-93.2932443,12745225665,3,3946,5897,517673209268714,285678269870867,816838805621121,287221346443606,19.965,21.498,22.558,14.063,1.352,142.027,174.402,272.451
3161,Minneapolis,MN,44.9342117,-93.278045,11929586766,4,3946,5897,166886178683582,212526993781932,320173649474470,493331051863937,15.779,17.001,19.937,12.122,303.927,93.278,163.955,273.334
3162,Minneapolis,MN,44.9342149,-93.2777955,11929589869,4,3946,5897,942978446535731,212526993781932,320173649474470,493331051863937,29.699,29.513,24.496,22.953,2.134,93.278,163.955,273.334
3163,Minneapolis,MN,44.9342646,-93.2901693,8032375826,3,3946,5897,3247773232115929,511390190299844,112301520921633,3460345784066525,14.621,17.201,14.645,19.787,313.281,91.721,166.723,270.0
3164,Minneapolis,MN,44.9376182,-93.2932105,12745251158,4,3946,5897,1058129453112215,774750208458608,769311302203095,753902300515723,13.426,13.777,13.08,8.582,11.434,144.706,178.069,269.251
3165,Minneapolis,MN,44.9376502,-93.2798623,8546990971,4,3946,5897,1192020556026225,1266645465244021,1566919218026627,719416150697683,33.639,33.494,33.639,10.532,344.609,90.0,169.963,268.465
3166,Minneapolis,MN,44.9376526,-93.2796367,8546990968,4,3946,5897,1192020556026225,1266645465244021,1566919218026627,1262375155626908,17.925,17.657,17.925,9.257,344.609,90.0,169.963,269.028
3167,Minneapolis,MN,44.9377772,-93.2932322,12745251153,3,3946,5897,1058129453112215,774750208458608,769311302203095,1259223665693943,11.383,11.144,11.633,7.323,11.434,144.706,178.069,269.881
3168,Minneapolis,MN,44.9377843,-93.2934134,9650304043,4,3946,5897,1058129453112215,774750208458608,769311302203095,1754794828459900,24.673,24.55,24.802,7.187,11.434,144.706,178.069,268.741
3169,Minneapolis,MN,44.9377881,-93.2926832,11666875171,4,3946,5897,1058129453112215,774750208458608,769311302203095,1141355561362509,34.819,34.727,34.916,8.691,11.434,144.706,178.069,270.02
3170,Minneapolis,MN,44.9377891,-93.2932212,9650304045,3,3946,5897,1058129453112215,774750208458608,769311302203095,1259223665693943,11.552,11.267,11.846,8.429,11.434,144.706,178.069,269.881
3171,Minneapolis,MN,44.9378138,-93.2798556,8546990970,4,3946,5897,1192020556026225,1266645465244021,1566919218026627,719416150697683,31.654,31.743,31.654,7.855,344.609,90.0,169.963,268.465
3172,Minneapolis,MN,44.9378167,-93.2796361,7572574992,4,3946,5897,1192020556026225,1266645465244021,1566919218026627,2183130992205524,15.291,15.483,15.291,5.195,344.609,90.0,169.963,269.849
3173,Minneapolis,MN,44.9394872,-93.2754572,11092594163,4,3946,5897,1272731457716495,2588843651453726,199769968643903,4259790010917572,27.707,27.707,6.248,5.989,35.292,122.124,178.625,266.568
3174,Minneapolis,MN,44.9396308,-93.2754518,7572575011,4,3946,5897,1272731457716495,2588843651453726,2943007469355802,25234484936154728,27.016,27.016,6.669,7.183,35.292,122.124,179.452,267.327
3175,Minneapolis,MN,44.9460159,-93.2879913,11666861021,4,3946,5897,1061621039415349,1075656401376757,733060769432017,24177467781865879,10.733,29.899,29.899,30.296,0.777,98.923,133.286,254.219
3176,Minneapolis,MN,44.9464976,-93.2905689,11653201076,3,3946,5897,4133636323566568,4133636323566568,1345301793938139,1294721112124697,22.08,22.08,3.167,15.589,54.761,54.761,183.918,271.196
3177,Minneapolis,MN,44.9464977,-93.2904353,11653201088,4,3946,5897,4133636323566568,4133636323566568,802068228939062,618208967889269,25.771,25.771,13.654,14.925,54.761,54.761,181.193,270.652
3178,Minneapolis,MN,44.9465,-93.287987,10245578582,4,3946,5897,782357384453716,1075656401376757,733060769432017,24177467781865879,10.71,27.75,27.75,27.36,0.768,98.923,133.286,254.219
3179,Minneapolis,MN,44.9465001,-93.2907884,11653201072,3,3946,5897,4133636323566568,4133636323566568,1345301793938139,820456966997501,25.778,25.778,14.114,15.422,54.761,54.761,183.918,270.785
3180,Minneapolis,MN,44.9465211,-93.2905684,10243480653,3,3946,5897,4133636323566568,4133636323566568,802068228939062,1294721112124697,19.503,19.503,2.86,12.986,54.761,54.761,181.193,271.196
3181,Minneapolis,MN,44.9465233,-93.2908048,10243480652,3,3946,5897,4133636323566568,4133636323566568,802068228939062,820456966997501,24.452,24.452,15.828,12.706,54.761,54.761,181.193,270.785
3182,Minneapolis,MN,44.9467003,-93.2905631,10243480650,3,3946,5897,4133636323566568,4133636323566568,1307440530829469,1294721112124697,3.687,3.687,4.849,7.094,54.761,54.761,183.856,271.196
3183,Minneapolis,MN,44.946702,-93.2907992,10243480651,3,3946,5897,4133636323566568,4133636323566568,2009088549633289,820456966997501,14.985,14.985,12.453,7.365,54.761,54.761,184.048,270.785
3184,Minneapolis,MN,44.9467168,-93.2907985,10243480666,3,3946,5897,4133636323566568,4133636323566568,2009088549633289,820456966997501,15.116,15.116,12.399,8.992,54.761,54.761,184.048,270.785
3185,Minneapolis,MN,44.9467218,-93.2905637,10243480654,3,3946,5897,4133636323566568,4133636323566568,2009088549633289,1294721112124697,4.718,4.718,6.264,9.472,54.761,54.761,184.048,271.196
3186,Minneapolis,MN,44.9479333,-93.2882821,11210902393,3,3946,5897,1255027019634598,1497730997610861,24166724299590043,2136126196856184,15.399,14.452,33.896,32.754,359.93,80.315,180.0,270.0
3187,Minneapolis,MN,44.9479369,-93.2889772,10227816290,3,3946,5897,804515908194453,2481068155427707,455279487029027,437623762106919,13.826,8.777,7.032,23.703,38.925,123.495,204.462,287.551
3188,Minneapolis,MN,44.9479391,-93.2879571,7578465236,4,3946,5897,1255027019634598,1735208874055939,24166724299590043,2136126196856184,10.588,30.791,30.658,30.133,359.93,82.681,180.0,270.0
3189,Minneapolis,MN,44.9481357,-93.2895681,10601337587,3,3946,5897,896787978592148,841755844130334,1073586106989620,3105231796449311,22.569,22.605,25.408,22.541,48.553,90.0,177.105,280.668
3190,Minneapolis,MN,44.9481358,-93.2894883,10601337588,4,3946,5897,896787978592148,838268187922660,1073586106989620,1418160242075141,23.871,22.415,23.159,25.004,48.553,92.007,177.105,266.325
3192,Minneapolis,MN,44.9482473,-93.2742581,11907430320,4,3946,5897,1022468439871139,3499486863625527,278260605102683,898199475058186,17.795,14.829,17.996,17.996,3.222,89.257,233.963,275.963
3193,Minneapolis,MN,44.9482485,-93.2754884,2939829401,3,3946,5897,584425269199309,3655621018003834,1201466915073866,1656377435520163,30.975,9.546,6.072,25.164,2.123,90.227,160.87,250.352
3195,Minneapolis,MN,44.9482685,-93.2882792,6783331629,3,3946,5897,737117732268939,620313526656333,24166724299590043,2136126196856184,15.07,6.916,17.567,17.198,0.07,90.355,180.0,270.0
3196,Minneapolis,MN,44.9482703,-93.2755273,11189558025,3,3946,5897,584425269199309,3655621018003834,1201466915073866,1420828709365376,34.222,6.697,9.262,22.359,2.123,90.227,160.87,252.48
3197,Minneapolis,MN,44.9482725,-93.2879523,6783331628,4,3946,5897,737117732268939,343891447982236,24166724299590043,2136126196856184,10.668,6.449,12.609,13.797,0.07,92.533,180.0,270.0
3198,Minneapolis,MN,44.948278,-93.2889738,2939829419,4,3946,5897,1681321895665987,832985658307807,689708359675838,308244061754532,5.652,5.135,6.185,6.185,0.0,90.0,180.0,270.0
3199,Minneapolis,MN,44.9482787,-93.2882941,6783331659,3,3946,5897,737117732268939,620313526656333,24166724299590043,1195552542380733,16.242,5.791,19.117,17.12,0.07,90.355,180.0,270.0
3200,Minneapolis,MN,44.9482794,-93.289487,10243480644,4,3946,5897,896787978592148,1045160426499156,1073586106989620,1418160242075141,10.399,8.3,8.478,10.326,48.553,88.715,177.105,266.325
3201,Minneapolis,MN,44.9482804,-93.2931197,10243480685,4,3946,5897,842483926699357,2120628874954320,327907948685112,1020643743426216,30.829,9.379,13.399,24.84,323.058,90.809,170.0,290.646
3202,Minneapolis,MN,44.9482807,-93.2933214,10243480687,3,3946,5897,842483926699357,637003181904066,327907948685112,1094984074319382,32.45,9.536,27.92,33.052,323.058,90.0,170.0,297.624
3203,Minneapolis,MN,44.9482807,-93.2933016,11653194837,3,3946,5897,842483926699357,637003181904066,327907948685112,1094984074319382,31.944,9.344,26.425,31.964,323.058,90.0,170.0,297.624
3204,Minneapolis,MN,44.9482807,-93.2893028,6783331661,4,3946,5897,3355172101462236,207224865683839,1073586106989620,1418160242075141,9.644,4.734,11.1,11.532,23.008,91.437,177.105,266.325
3205,Minneapolis,MN,44.9484511,-93.289496,10245351043,3,3946,5897,896787978592148,239631245709089,465423791354180,2186052531804676,14.578,4.54,3.245,3.286,48.553,88.0,184.559,268.501
3206,Minneapolis,MN,44.9484635,-93.287939,6783331630,3,3946,5897,1772434380818070,1458862018182353,936247129009345,1290368713222233,14.091,11.389,5.263,6.361,0.413,89.0,230.351,267.441
3207,Minneapolis,MN,44.9484672,-93.2892934,9288990853,3,3946,5897,3355172101462236,1059343222106118,465423791354180,1419967439097871,18.268,6.344,14.07,5.071,23.008,91.0,184.559,271.499
3208,Minneapolis,MN,44.9484673,-93.2912891,10245351075,4,3946,5897,716979833806893,949229959471888,3547766895484122,1586277225501278,13.556,7.335,13.797,4.717,340.52,90.0,180.0,268.501
3209,Minneapolis,MN,44.9484677,-93.2882945,6783331657,3,3946,5897,1772434380818070,247231871553267,1839198420318967,1195552542380733,18.488,3.496,9.051,5.58,0.413,92.0,186.376,270.0
3210,Minneapolis,MN,44.9484682,-93.2887776,6783331656,4,3946,5897,1681321895665987,295995203120309,689708359675838,2216036275525987,23.212,9.334,23.243,5.187,0.0,87.0,180.0,268.501
3211,Minneapolis,MN,44.9484789,-93.2879673,6783331646,3,3946,5897,1772434380818070,825963575599849,1839198420318967,1290368713222233,11.282,13.043,17.685,6.0,0.413,92.0,186.376,267.441
3212,Minneapolis,MN,44.9484826,-93.2894714,10245351054,3,3946,5897,896787978592148,239631245709089,465423791354180,1788210808749203,18.579,7.626,0.873,6.893,48.553,88.0,184.559,270.0
3213,Minneapolis,MN,44.948484,-93.2893006,6783331654,3,3946,5897,3355172101462236,1059343222106118,465423791354180,1419967439097871,20.2,8.251,13.517,6.953,23.008,91.0,184.559,271.499
3214,Minneapolis,MN,44.9484848,-93.2742488,6625159191,4,3946,5897,596277408928100,286792290738720,157066980803348,828675168810068,14.869,13.035,23.408,18.167,3.0,98.022,236.963,245.963
3215,Minneapolis,MN,44.9484871,-93.2882716,6783331649,3,3946,5897,1772434380818070,247231871553267,1839198420318967,1195552542380733,15.975,5.713,6.632,8.391,0.413,92.0,186.376,270.0
3217,Minneapolis,MN,44.9487229,-93.2740216,11907430325,4,3946,5897,745513513264289,949134277577308,157066980803348,873338837743551,29.096,32.449,34.088,34.088,1.0,70.284,236.963,261.963
3218,Minneapolis,MN,44.9339565,-93.2626236,8695517992,4,3947,5897,2477520316019985,4282410708683152,753101287234700,890145619999484,14.269,12.23,2.407,23.861,1.448,94.161,173.027,267.042
3219,Minneapolis,MN,44.9340678,-93.2626294,11960833983,4,3947,5897,1436155854735322,4282410708683152,1538622837253811,890145619999484,15.953,2.641,1.058,11.496,10.97,94.161,169.221,267.042
3220,Minneapolis,MN,44.9340687,-93.2623599,11960846455,4,3947,5897,222776850830257,1972099076991753,898738249307126,1074561840504699,1.194,2.94,15.129,13.576,10.831,82.602,172.148,270.0
3221,Minneapolis,MN,44.934076,-93.2648645,11960944652,4,3947,5897,143350788536212,1594172465059153,212145944527736,295520623534035,6.495,5.875,6.035,12.016,0.0,85.301,199.0,268.202
3222,Minneapolis,MN,44.934079,-93.2651603,11960944651,3,3947,5897,535678757810961,934175199285351,2136407023233479,1764438477381036,6.528,10.737,16.045,25.164,0.0,90.779,199.0,265.634
3223,Minneapolis,MN,44.9340883,-93.2651426,8740405568,3,3947,5897,535678757810961,934175199285351,2136407023233479,1764438477381036,5.111,9.629,14.681,23.453,0.0,90.779,199.0,265.634
3224,Minneapolis,MN,44.9342278,-93.2623678,8695550919,3,3947,5897,9280737091993469,597106256588973,25586032334381529,1804025483702820,2.544,10.968,16.284,2.923,340.596,88.902,182.172,264.332
3225,Minneapolis,MN,44.9342315,-93.2628775,8695518016,4,3947,5897,850870284442390,1939037183171588,1215573677217021,2776905655797195,30.539,6.745,4.12,5.905,354.907,90.834,197.008,271.245
3226,Minneapolis,MN,44.9342328,-93.2651554,8740405566,3,3947,5897,480088149920453,576899141976729,2368817113266305,1764438477381036,2.622,5.729,22.51,22.693,0.0,91.14,199.0,265.634
3227,Minneapolis,MN,44.9342334,-93.2623647,11960846461,3,3947,5897,905791181544909,597106256588973,25586032334381529,1804025483702820,4.759,11.579,16.539,3.584,348.792,88.902,182.172,264.332
3228,Minneapolis,MN,44.9342344,-93.2648677,11960944653,4,3947,5897,902138315420205,1314726672790138,2368817113266305,295520623534035,2.703,6.374,16.66,6.215,343.666,90.952,199.0,268.202
3229,Minneapolis,MN,44.9342353,-93.2626299,11960846457,4,3947,5897,850870284442390,1346328706747385,885650327309256,1113600660458126,13.897,10.115,0.486,6.787,354.907,98.244,184.136,267.042
3230,Minneapolis,MN,44.9342375,-93.265167,11960846468,3,3947,5897,480088149920453,576899141976729,2368817113266305,1764438477381036,3.637,6.126,23.536,23.709,0.0,91.14,199.0,265.634
3231,Minneapolis,MN,44.9344651,-93.262643,8695518014,4,3947,5897,871842489046713,746721501802702,1485161129698132,1103336315173860,10.788,18.444,3.046,4.253,351.941,125.233,182.525,266.834
3232,Minneapolis,MN,44.9345494,-93.2626403,8695518013,4,3947,5897,799275278692466,746721501802702,2386107475161817,1103336315173860,13.624,27.767,3.044,9.156,7.151,125.233,183.117,266.834
3233,Minneapolis,MN,44.9360096,-93.2600641,11956110848,3,3947,5897,1573370960082814,1200284882191198,1291454891549537,1224462961979230,22.098,1.746,22.338,27.718,11.05,85.848,182.702,294.562
3234,Minneapolis,MN,44.9360214,-93.2600849,11956110846,3,3947,5897,1573370960082814,1428576715324473,1291454891549537,1224462961979230,21.094,3.188,21.025,27.412,11.05,86.212,182.702,294.562
3235,Minneapolis,MN,44.937669,-93.2525385,11940047116,3,3947,5897,780807367872052,1654028518899489,984866708951376,2686967611670722,8.881,10.535,12.736,15.198,359.967,91.502,193.98,265.966
3236,Minneapolis,MN,44.93767,-93.2523058,11940047121,4,3947,5897,2397026417154347,3481235775348806,983325029108363,2616988621979538,0.691,10.408,22.079,10.965,0.0,88.355,182.45,270.836
3237,Minneapolis,MN,44.937678,-93.26268,11940047262,3,3947,5897,1552759812624025,319557556291313,4280000212232891,830706783345328,13.222,10.693,3.976,20.72,1.2,89.0,178.406,249.221
3238,Minneapolis,MN,44.9376785,-93.2525171,11940047118,3,3947,5897,780807367872052,2178873162920069,144297854354205,2686967611670722,7.724,9.449,13.68,14.712,359.967,91.502,185.47,265.966
3239,Minneapolis,MN,44.9376809,-93.2599072,11940047089,3,3947,5897,1586165338819932,1473476106848553,1138592564373319,139767901443433,6.428,5.223,3.562,10.64,10.036,79.56,176.189,272.43
3240,Minneapolis,MN,44.9376823,-93.262407,11940047075,3,3947,5897,1702157110365521,742325711858960,468696681056629,775004402294514,2.111,8.593,9.399,12.924,359.85,82.452,179.0,267.005
3241,Minneapolis,MN,44.9376823,-93.2601117,11940047084,3,3947,5897,374527885219466,883142124418310,386364027335591,587052092222584,13.217,10.106,5.689,9.959,2.895,87.559,177.973,271.02
3242,Minneapolis,MN,44.9376869,-93.2626641,9313146749,3,3947,5897,1552759812624025,5714116745296311,4280000212232891,830706783345328,12.265,8.152,2.383,19.129,1.2,80.0,178.406,249.221
3243,Minneapolis,MN,44.937695,-93.2624205,9950994741,3,3947,5897,1123018702619057,742325711858960,468696681056629,775004402294514,1.13,7.931,8.429,11.717,359.85,82.452,179.0,267.005
3244,Minneapolis,MN,44.9376961,-93.2677513,11940047047,3,3947,5897,1681555082403678,711417861099671,2645140718975243,1143846397316027,30.842,28.602,10.176,30.38,353.939,103.249,178.59,285.199
3245,Minneapolis,MN,44.9376961,-93.2674496,11940047051,3,3947,5897,1681555082403678,711417861099671,1286546242658306,1143846397316027,24.347,25.301,2.412,22.007,353.939,103.249,179.052,285.199
3246,Minneapolis,MN,44.9376984,-93.2600836,11940047086,3,3947,5897,374527885219466,883142124418310,386364027335591,582151709855520,12.692,9.191,2.942,8.157,2.895,87.559,177.973,270.6
3247,Minneapolis,MN,44.9377022,-93.2677359,11940047049,3,3947,5897,1681555082403678,711417861099671,2645140718975243,1143846397316027,29.556,27.379,9.067,29.053,353.939,103.249,178.59,285.199
3248,Minneapolis,MN,44.937706,-93.2674664,11940047050,3,3947,5897,1681555082403678,711417861099671,1582170805760207,1143846397316027,23.055,23.85,1.27,20.789,353.939,103.249,178.786,285.199
3249,Minneapolis,MN,44.9378057,-93.2525197,11940047160,3,3947,5897,1974931263327816,2178873162920069,144297854354205,2686967611670722,7.956,4.702,0.83,5.25,0.548,91.502,185.47,265.966
3250,Minneapolis,MN,44.9378076,-93.252326,11940047159,3,3947,5897,1528322561348074,3481235775348806,983325029108363,2616988621979538,1.791,5.019,13.335,4.489,0.0,88.355,182.45,270.836
3251,Minneapolis,MN,44.9378138,-93.2600903,11940047191,3,3947,5897,917895747332567,1518037166319098,1577788032992284,951438110643898,7.655,4.835,3.925,1.452,4.475,82.734,184.761,269.393
3252,Minneapolis,MN,44.9378147,-93.2523092,11940047157,3,3947,5897,1528322561348074,3481235775348806,149618030424325,2616988621979538,0.268,5.702,14.959,5.491,0.0,88.355,179.44,270.836
3253,Minneapolis,MN,44.9378152,-93.2525352,11940047162,3,3947,5897,1974931263327816,1654028518899489,983325029108363,1211964484444808,8.666,5.847,3.174,1.256,0.548,91.502,182.45,253.906
3254,Minneapolis,MN,44.9378295,-93.2599092,11940047188,3,3947,5897,917895747332567,1473476106848553,3767643186786445,1241530104556302,7.797,13.396,4.175,3.154,4.475,79.56,180.395,268.621
3255,Minneapolis,MN,44.9378388,-93.262672,9950994737,3,3947,5897,5573346626071689,2909029719384464,2004447017078858,830706783345328,12.934,3.892,2.2,17.675,5.0,91.0,179.198,249.221
3256,Minneapolis,MN,44.9378442,-93.262682,11940047198,3,3947,5897,5573346626071689,2909029719384464,2004447017078858,830706783345328,13.08,4.108,3.109,18.626,5.0,91.0,179.198,249.221
3257,Minneapolis,MN,44.9378489,-93.2674637,11940047228,3,3947,5897,1681555082403678,711417861099671,1520861931957791,1143846397316027,7.676,9.89,1.859,5.093,353.939,103.249,179.079,285.199
3258,Minneapolis,MN,44.9378532,-93.2674489,11940047226,3,3947,5897,1681555082403678,711417861099671,1520861931957791,1143846397316027,7.832,10.444,2.755,5.142,353.939,103.249,179.079,285.199
3259,Minneapolis,MN,44.9378546,-93.2677373,11940047229,3,3947,5897,1681555082403678,711417861099671,286806764100868,1143846397316027,19.383,15.84,8.7,20.448,353.939,103.249,181.516,285.199
3260,Minneapolis,MN,44.9378589,-93.2677527,11940047230,3,3947,5897,1681555082403678,711417861099671,286806764100868,1143846397316027,20.39,16.785,9.851,21.548,353.939,103.249,181.516,285.199
3261,Minneapolis,MN,44.9394718,-93.2525533,11930852814,4,3947,5897,3013197322197772,794141069772796,1291113792853710,1292075515382963,8.967,12.283,5.986,6.433,3.677,63.74,180.772,268.76
3262,Minneapolis,MN,44.9394768,-93.2523142,11930852819,4,3947,5897,935204040922520,658216427332019,1291113792853710,821956880029098,1.957,5.835,13.079,5.854,357.045,85.595,180.772,271.284
3263,Minneapolis,MN,44.9394803,-93.259926,11930852786,3,3947,5897,1912423112681767,459302773690640,945364310431269,610573751835558,8.518,10.741,9.261,7.191,359.549,103.949,172.332,270.0
3264,Minneapolis,MN,44.9394829,-93.2601308,11930852781,3,3947,5897,1912423112681767,921958586736254,1179169346388174,571237465732501,8.041,2.627,7.454,6.915,359.549,86.677,162.092,270.0
3265,Minneapolis,MN,44.9394841,-93.262692,11930852769,3,3947,5897,2980250892250545,1798869720556403,3669612013182068,1040674498272952,3.971,24.522,1.301,8.669,356.0,69.273,178.777,263.406
3266,Minneapolis,MN,44.9394865,-93.2624325,11930852774,3,3947,5897,853025758634299,1798869720556403,518566996218358,1116057033143160,4.177,4.393,7.451,6.883,2.0,69.273,182.0,273.059
3267,Minneapolis,MN,44.9394927,-93.262686,11930852771,3,3947,5897,2980250892250545,1798869720556403,3669612013182068,1040674498272952,3.986,23.988,1.609,7.892,356.0,69.273,178.777,263.406
3268,Minneapolis,MN,44.9394955,-93.2599451,11930852784,3,3947,5897,1198408655607215,459302773690640,1433173167636881,549633588078607,6.835,8.981,8.475,5.461,1.291,103.949,168.079,269.637
3269,Minneapolis,MN,44.9395083,-93.2677755,11930852747,3,3947,5897,1461238025618692,1071804884069356,1555006235283077,673234732431413,31.832,31.38,11.63,10.194,0.0,144.707,180.0,269.883
3270,Minneapolis,MN,44.9395117,-93.2674784,11930852749,3,3947,5897,1461238025618692,1071804884069356,620248310685540,702268186125387,28.947,11.485,3.378,9.05,0.0,144.707,180.271,270.193
3271,Minneapolis,MN,44.9395119,-93.2677624,10879146098,3,3947,5897,1461238025618692,1071804884069356,1555006235283077,673234732431413,31.002,30.276,10.632,9.613,0.0,144.707,180.0,269.883
3272,Minneapolis,MN,44.9395188,-93.2674949,10879146099,3,3947,5897,1461238025618692,1071804884069356,459371293666623,702268186125387,27.833,11.651,2.335,8.002,0.0,144.707,180.271,270.193
3273,Minneapolis,MN,44.9396161,-93.2525365,11930852953,3,3947,5897,1272355747755097,1190706709631312,3748003508831380,883645750162785,10.348,14.27,14.623,7.166,357.499,90.0,182.894,270.0
3274,Minneapolis,MN,44.939618,-93.2522978,11930852951,3,3947,5897,322324733542626,658216427332019,3748003508831380,3404828429672743,3.756,9.999,16.254,3.665,357.727,85.595,182.894,271.759
3275,Minneapolis,MN,44.9396251,-93.2525472,11930852954,3,3947,5897,1272355747755097,1190706709631312,3748003508831380,883645750162785,10.829,13.961,14.292,8.281,357.499,90.0,182.894,270.0
3276,Minneapolis,MN,44.9396284,-93.2601057,11930852965,3,3947,5897,4368996703335552,404826035400956,788749826414481,882015587007121,5.818,11.164,14.984,7.358,358.797,85.512,150.636,269.271
3277,Minneapolis,MN,44.9396294,-93.2523213,11930852952,3,3947,5897,322324733542626,658216427332019,3748003508831380,1663400644825582,1.934,11.144,14.084,4.809,357.727,85.595,182.894,273.329
3278,Minneapolis,MN,44.9396298,-93.2626967,11930852978,3,3947,5897,489206382139527,1798869720556403,858582410414236,1251391160360005,6.376,28.552,1.596,5.283,0.0,69.273,179.575,275.373
3279,Minneapolis,MN,44.9396317,-93.2599287,11930852962,3,3947,5897,4368996703335552,459302773690640,1179169346388174,911662686979734,8.126,17.629,19.683,8.189,358.797,103.949,162.092,268.81
3280,Minneapolis,MN,44.9396327,-93.2624459,11930852977,3,3947,5897,1315217169386387,1104551497224510,138014408354010,306822858591085,2.372,17.164,5.54,5.042,357.362,86.766,177.0,265.96
3281,Minneapolis,MN,44.9396438,-93.2674975,10879146100,3,3947,5897,1461238025618692,1071804884069356,2168493646904246,311069170641988,14.726,9.416,1.856,5.565,0.0,144.707,179.933,270.55
3282,Minneapolis,MN,44.9396448,-93.2677671,11930853000,3,3947,5897,1461238025618692,1071804884069356,1155744545594858,673234732431413,19.283,29.578,10.954,5.51,0.0,144.707,180.665,269.883
3283,Minneapolis,MN,44.9396488,-93.2677761,10879146080,3,3947,5897,1461238025618692,1071804884069356,1155744545594858,673234732431413,19.529,30.356,11.677,6.171,0.0,144.707,180.665,269.883
3284,Minneapolis,MN,44.9396579,-93.2674848,11930852999,3,3947,5897,1461238025618692,1071804884069356,2168493646904246,311069170641988,13.902,9.616,3.075,7.221,0.0,144.707,179.933,270.55
3285,Minneapolis,MN,44.9412939,-93.2624553,11923784628,3,3947,5897,140461678154512,651993997151745,202549535034613,599601762696248,7.324,18.055,11.879,14.812,0.0,88.344,179.0,266.126
3286,Minneapolis,MN,44.9412939,-93.2612249,11923784634,3,3947,5897,1085082026703560,948525586812523,1182499403922880,1688766552110801,20.615,12.49,5.828,14.047,10.07,88.998,184.37,269.296
3287,Minneapolis,MN,44.9412958,-93.2619463,11923784627,4,3947,5897,807212744922833,1843637583109231,609839578243972,930023052638399,23.212,13.585,33.28,15.02,0.164,88.955,160.165,268.086
3288,Minneapolis,MN,44.9412977,-93.2614086,11923784629,3,3947,5897,1085082026703560,950278639863416,1712962599684577,586544010862617,20.665,12.315,8.634,13.062,10.07,92.961,183.699,276.224
3289,Minneapolis,MN,44.9413013,-93.2601573,11923784635,4,3947,5897,1214710660169358,571185772434419,1631931360752874,1544317763308649,9.745,8.48,9.6,10.745,356.544,89.829,140.871,280.263
3290,Minneapolis,MN,44.941303,-93.2624654,11923784626,3,3947,5897,140461678154512,1091694698950857,202549535034613,599601762696248,6.164,18.126,10.691,14.391,0.0,90.047,179.0,266.126
3291,Minneapolis,MN,44.9413053,-93.2626913,11923784625,3,3947,5897,122627259860202,839940589092084,2148745918961741,591551590326703,10.851,11.161,5.091,6.015,1.0,90.0,178.731,275.495
3292,Minneapolis,MN,44.9414591,-93.2629996,11923784506,4,3947,5897,1266245864596970,1011466724130906,1155882462920243,1806031283472405,4.615,2.252,11.18,1.27,4.139,90.358,151.484,274.658
3293,Minneapolis,MN,44.9414594,-93.2632526,11923784508,4,3947,5897,1266245864596970,615032290986457,1020314093473803,447660605078756,15.374,1.686,1.574,2.401,4.139,90.831,144.26,274.013
3294,Minneapolis,MN,44.9414614,-93.2624525,9394653557,3,3947,5897,1309940866690916,1091694698950857,799397237351264,599601762696248,6.856,2.073,9.616,9.333,353.406,90.047,178.0,266.126
3295,Minneapolis,MN,44.9414696,-93.2627369,11923784554,3,3947,5897,9087508918023520,486749280686123,1124363381371587,1124971989232902,2.67,3.736,4.324,4.715,5.429,83.38,182.0,264.834
3296,Minneapolis,MN,44.9415432,-93.2630029,7607819417,3,3947,5897,1096335348468920,1011466724130906,2750198751855498,3975771579417260,3.199,7.881,18.597,2.642,0.096,90.358,174.226,254.01
3297,Minneapolis,MN,44.9422152,-93.2599617,4508960979,3,3947,5897,1562809164364909,1135317754731399,1385512065763506,1554061361912259,10.329,19.182,13.131,1.119,359.099,90.772,160.051,277.754
3298,Minneapolis,MN,44.9431085,-93.2627463,11922678079,3,3947,5897,2858505524412884,990611432967880,1058685796353772,1696318534277522,8.229,18.416,6.758,29.188,0.0,98.991,178.793,249.193
3299,Minneapolis,MN,44.9431156,-93.261418,11922678083,3,3947,5897,1313235873005332,983831503567143,1789995185251956,487787093849687,11.916,12.1,1.915,7.93,351.688,83.753,172.45,275.094
3300,Minneapolis,MN,44.9431179,-93.2627282,11922678081,3,3947,5897,2858505524412884,990611432967880,1058685796353772,1696318534277522,6.546,16.854,5.488,27.716,0.0,98.991,178.793,249.193
3301,Minneapolis,MN,44.9431184,-93.2624882,11922678082,3,3947,5897,3943410349281965,2437546493251974,2168132363583420,1696318534277522,7.076,0.707,3.095,8.847,358.157,83.076,178.03,249.193
3302,Minneapolis,MN,44.9431189,-93.261253,11922678084,4,3947,5897,1105895850994511,983831503567143,1789995185251956,1669391893974407,21.533,25.071,13.336,16.986,355.035,83.753,172.45,266.183
3303,Minneapolis,MN,44.9432281,-93.2614233,11922677982,3,3947,5897,1313235873005332,983831503567143,1789995185251956,487787093849687,23.269,16.65,10.614,16.795,351.688,83.753,172.45,275.094
3304,Minneapolis,MN,44.9432295,-93.2612604,11922677981,3,3947,5897,1313235873005332,983831503567143,1789995185251956,487787093849687,29.517,27.285,16.624,25.125,351.688,83.753,172.45,275.094
3305,Minneapolis,MN,44.9432338,-93.2625002,11922677987,3,3947,5897,346872900170986,990611432967880,3760118420776670,1696318534277522,6.73,10.892,8.569,15.539,0.0,98.991,182.0,249.193
3306,Minneapolis,MN,44.9432342,-93.2627376,11922677988,3,3947,5897,2858505524412884,990611432967880,161902875876840,1696318534277522,8.677,20.573,3.157,30.925,0.0,98.991,182.0,249.193
3307,Minneapolis,MN,44.943239,-93.2624882,11922677985,3,3947,5897,346872900170986,990611432967880,3760118420776670,1696318534277522,7.65,11.605,9.669,15.434,0.0,98.991,182.0,249.193
3308,Minneapolis,MN,44.9432404,-93.2614381,11922677984,3,3947,5897,1313235873005332,983831503567143,1789995185251956,487787093849687,24.324,16.904,12.053,17.626,351.688,83.753,172.45,275.094
3309,Minneapolis,MN,44.9432413,-93.2612423,11922677979,3,3947,5897,1313235873005332,983831503567143,1789995185251956,487787093849687,31.439,29.147,18.56,27.056,351.688,83.753,172.45,275.094
3310,Minneapolis,MN,44.9432451,-93.262751,11922677990,3,3947,5897,2858505524412884,990611432967880,161902875876840,1696318534277522,10.26,22.114,4.222,32.378,0.0,98.991,182.0,249.193
3311,Minneapolis,MN,44.9463529,-93.2625294,11913525859,4,3947,5897,1134939403692563,23959982847020991,915461822577768,1452137375739429,6.95,27.803,7.447,22.121,0.0,95.763,182.0,269.968
3312,Minneapolis,MN,44.9464616,-93.2625257,11913525875,3,3947,5897,236493534597093,23959982847020991,982150335924128,1452137375739429,7.239,16.799,8.772,10.643,0.0,95.763,177.0,269.968
3313,Minneapolis,MN,44.946472,-93.2625043,11913525887,3,3947,5897,816714142587758,23959982847020991,982150335924128,1452137375739429,8.938,14.927,9.419,8.88,0.0,95.763,177.0,269.968
3314,Minneapolis,MN,44.9464752,-93.2627803,11913525867,3,3947,5897,334966884641343,23959982847020991,1587316658129944,1410652799987573,9.694,31.836,6.919,20.683,358.0,95.763,182.0,252.993
3315,Minneapolis,MN,44.9464813,-93.2619945,11913525884,4,3947,5897,3485047438319186,23959982847020991,1402177931064239,24403875985874167,27.261,34.658,34.118,9.404,0.0,95.763,175.503,269.968
3316,Minneapolis,MN,44.9466063,-93.2627986,11913525857,3,3947,5897,240377357844180,6234771839901060,1806456126195565,1132347255503997,8.176,19.853,8.841,11.072,349.0,43.0,176.0,271.786
3317,Minneapolis,MN,44.9466151,-93.2620119,11913525876,4,3947,5897,3485047438319186,23959982847020991,1402177931064239,2121545645282887,22.864,31.35,30.974,3.161,0.0,95.763,175.503,272.136
3318,Minneapolis,MN,44.946622,-93.2625344,11907430205,3,3947,5897,221585706066527,23959982847020991,1402177931064239,1275358980863872,7.184,10.622,11.17,7.055,0.0,95.763,175.503,269.968
3319,Minneapolis,MN,44.9466315,-93.2625264,11907430203,3,3947,5897,221585706066527,23959982847020991,512828069896202,1275358980863872,8.223,10.482,11.335,7.57,0.0,95.763,177.0,269.968
3320,Minneapolis,MN,44.9467425,-93.2627825,11907430206,3,3947,5897,4035057926587467,5929175970505420,844332659626905,1707470743561466,4.967,7.133,2.481,4.179,0.0,43.0,179.0,271.786
3321,Minneapolis,MN,44.9467496,-93.2627933,11907430207,3,3947,5897,4035057926587467,5929175970505420,844332659626905,1132347255503997,5.911,7.57,3.284,5.091,0.0,43.0,179.0,271.786
3322,Minneapolis,MN,44.9482536,-93.2689503,11907430249,3,3947,5897,188878414213249,2366681670439044,973456480396982,860172708405697,22.028,4.792,21.636,21.411,340.505,87.477,180.0,270.0
3323,Minneapolis,MN,44.9482536,-93.2638541,11907406365,4,3947,5897,807953271120791,1297574130866317,113478941842916,774145674486503,30.131,6.524,22.852,30.131,0.0,91.144,122.0,307.621
3324,Minneapolis,MN,44.9482545,-93.2628214,11907430210,4,3947,5897,216851389943683,278803861518269,575530256747535,977807566660843,4.715,5.638,2.669,30.549,0.0,90.0,176.0,215.294
3325,Minneapolis,MN,44.9482564,-93.2645484,11907430237,4,3947,5897,807953271120791,569555898528384,3580231505599241,774145674486503,26.134,5.548,25.726,26.134,0.0,95.0,144.711,307.621
3326,Minneapolis,MN,44.9482578,-93.2625357,11907430201,4,3947,5897,541299120584074,1005023850746173,1436375553754268,977807566660843,7.572,5.137,8.843,9.32,1.0,89.25,199.482,215.294
3327,Minneapolis,MN,44.9482582,-93.2640479,11907430236,4,3947,5897,807953271120791,2223426844521127,113478941842916,774145674486503,15.453,5.18,7.913,15.453,0.0,84.0,122.0,307.621
3328,Minneapolis,MN,44.9482584,-93.2691219,11907430251,3,3947,5897,188878414213249,1201804095353076,973456480396982,860172708405697,10.307,3.534,10.026,10.088,340.505,89.73,180.0,270.0
3329,Minneapolis,MN,44.9482617,-93.2689657,6878094833,3,3947,5897,188878414213249,2615399195513447,973456480396982,860172708405697,20.573,4.006,20.178,19.943,340.505,87.477,180.0,270.0
3330,Minneapolis,MN,44.9482659,-93.2691112,11907430269,3,3947,5897,188878414213249,1201804095353076,973456480396982,860172708405697,10.33,3.171,10.015,10.006,340.505,89.73,180.0,270.0
3331,Minneapolis,MN,44.9484368,-93.2691059,11907430268,3,3947,5897,188878414213249,283007161006602,973456480396982,860172708405697,14.752,2.838,14.52,13.938,340.505,86.0,180.0,270.0
3332,Minneapolis,MN,44.948442,-93.2689676,6878094834,3,3947,5897,188878414213249,113050825199932,973456480396982,860172708405697,23.015,7.118,22.665,22.079,340.505,89.0,180.0,270.0
3333,Minneapolis,MN,44.9484472,-93.2689476,11907430267,3,3947,5897,188878414213249,113050825199932,973456480396982,860172708405697,24.647,8.583,24.294,23.709,340.505,89.0,180.0,270.0
3334,Minneapolis,MN,44.9484533,-93.2691327,11907430270,3,3947,5897,188878414213249,283007161006602,973456480396982,860172708405697,15.351,3.952,15.187,14.639,340.505,86.0,180.0,270.0
3335,Minneapolis,MN,44.9484548,-93.2638581,11907430417,4,3947,5897,807953271120791,282218547744639,3580231505599241,774145674486503,32.91,13.03,33.282,32.91,0.0,93.0,144.711,307.621
3336,Minneapolis,MN,44.9484586,-93.264548,11907430391,4,3947,5897,807953271120791,264864359722037,3580231505599241,774145674486503,29.873,15.989,29.517,29.873,0.0,89.011,144.711,307.621
3337,Minneapolis,MN,44.9484596,-93.2640472,11907430401,4,3947,5897,807953271120791,196398319895183,3580231505599241,774145674486503,21.389,14.834,21.67,21.389,0.0,92.0,144.711,307.621
3338,Minneapolis,MN,44.9484639,-93.2620859,13266049840,3,3947,5897,1031909327981062,777262604143754,981491379799543,977807566660843,33.098,18.273,32.873,32.873,0.0,91.506,160.51,215.294
3339,Minneapolis,MN,44.9484648,-93.2628141,11907188104,4,3947,5897,889420588506684,278803861518269,157414079662005,977807566660843,8.745,17.903,0.707,34.195,0.0,90.0,184.0,215.294
3340,Minneapolis,MN,44.9484669,-93.2625397,11907430195,4,3947,5897,1190625318049135,838968547764650,847806286082163,977807566660843,4.515,17.465,12.512,19.344,0.0,93.0,179.0,215.294
3341,Minneapolis,MN,44.933954,-93.2300254,1543769906,3,3948,5897,707983545348509,626303173829055,737407935682873,1344151453320427,30.9,19.515,10.041,4.012,27.696,66.278,203.449,260.817
3342,Minneapolis,MN,44.9376643,-93.25106,11940047269,3,3948,5897,879278234872636,909157025394530,798917782519353,780243664745648,21.471,23.435,19.487,16.283,11.809,78.771,181.382,224.84
3343,Minneapolis,MN,44.9376657,-93.2512531,11940047265,3,3948,5897,879278234872636,2939685556241899,798917782519353,1112014064413917,17.911,13.246,17.068,7.845,11.809,88.739,181.382,232.649
3344,Minneapolis,MN,44.9376771,-93.2510827,11940047268,3,3948,5897,879278234872636,909157025394530,798917782519353,780243664745648,19.303,21.202,17.35,14.03,11.809,78.771,181.382,224.84
3345,Minneapolis,MN,44.9376788,-93.2512141,11940046970,3,3948,5897,879278234872636,2939685556241899,798917782519353,780243664745648,16.172,14.523,15.012,6.766,11.809,88.739,181.382,224.84
3346,Minneapolis,MN,44.9377977,-93.2512336,11940047154,3,3948,5897,879278234872636,2295155934322125,798917782519353,780458281413202,3.373,2.431,3.726,3.952,11.809,56.522,181.382,214.167
3347,Minneapolis,MN,44.9377977,-93.2510807,11940047153,3,3948,5897,879278234872636,2295155934322125,798917782519353,780458281413202,10.811,13.882,8.873,8.385,11.809,56.522,181.382,214.167
3348,Minneapolis,MN,44.93781,-93.2510653,11940047151,3,3948,5897,1669597034021786,2295155934322125,798917782519353,780458281413202,13.365,15.3,9.929,9.502,2.125,56.522,181.382,214.167
3349,Minneapolis,MN,44.9378109,-93.2512504,11940047156,3,3948,5897,879278234872636,909157025394530,798917782519353,780458281413202,3.308,8.208,4.651,5.072,11.809,78.771,181.382,214.167
3350,Minneapolis,MN,44.9393901,-93.2319894,11883821784,3,3948,5897,955559703131849,606780475745895,1383436066119016,679821351657224,12.177,12.177,11.76,11.237,348.012,109.453,180.0,275.208
3351,Minneapolis,MN,44.939431,-93.2319659,11889323914,3,3948,5897,955559703131849,606780475745895,1383436066119016,1118568253333598,15.287,15.287,14.904,12.298,348.012,109.453,180.0,270.368
3352,Minneapolis,MN,44.9396283,-93.2319932,11883821237,4,3948,5897,1179489270165284,606780475745895,1383436066119016,815473923971796,22.555,30.665,30.506,6.118,334.329,109.453,180.0,268.792
3353,Minneapolis,MN,44.9396483,-93.2321839,11883821261,3,3948,5897,1392788241904237,606780475745895,1138527687997291,185892096767522,10.334,30.728,23.131,7.088,334.344,109.453,154.063,270.0
3354,Minneapolis,MN,44.9396711,-93.2321993,11883821260,3,3948,5897,1392788241904237,606780475745895,944762050501834,125221509615414,11.585,33.391,23.274,9.497,334.344,109.453,153.947,270.45
3355,Minneapolis,MN,44.9448536,-93.2367832,8685865636,3,3948,5897,2502838863436714,987732233173738,829946979362531,824017100054849,24.582,33.013,22.353,6.026,332.534,149.591,153.355,262.169
3356,Minneapolis,MN,44.9481074,-93.2342692,4619247145,4,3948,5897,3539426106339515,3508218336118714,1078084530237642,845268773789253,23.484,20.191,23.484,27.677,0.0,88.643,154.74,275.763
3357,Minneapolis,MN,44.9482206,-93.2385306,1609905477,4,3948,5897,1994874157934991,320564843761458,1569730521062363,769310952503315,10.098,6.212,2.735,21.947,335.093,97.0,153.875,269.408
3358,Minneapolis,MN,44.9482242,-93.2388854,1609905456,3,3948,5897,1084123667201820,816249554271704,816051710957951,1828556354734472,15.22,7.702,6.607,21.375,335.093,90.898,155.203,269.692
3359,Minneapolis,MN,44.9482251,-93.240191,1609905459,3,3948,5897,1109629411259718,2018247951847435,607915518454236,4382126715348907,9.176,7.077,26.623,21.979,3.124,90.96,120.94,270.52
3360,Minneapolis,MN,44.9482268,-93.2343098,8355194167,3,3948,5897,3539426106339515,835272378184513,1078084530237642,845268773789253,11.21,6.898,11.21,15.768,0.0,89.26,154.74,275.763
3361,Minneapolis,MN,44.9482323,-93.2383842,12676995551,3,3948,5897,2948958958622303,1107124691101369,1314747695762045,1090749056123809,21.185,6.784,12.84,20.806,335.103,90.898,155.072,269.408
3362,Minneapolis,MN,44.94825,-93.2404158,9476705528,3,3948,5897,1116931850415282,299037042718188,607915518454236,24251739027859257,8.598,5.308,12.735,19.774,3.124,91.332,120.94,270.52
3363,Minneapolis,MN,44.9482503,-93.2404525,1618516350,3,3948,5897,1116931850415282,299037042718188,607915518454236,1566986204271103,11.48,4.719,11.984,19.579,3.124,91.332,120.94,272.589
3364,Minneapolis,MN,44.9482508,-93.2402265,1609905470,3,3948,5897,1116931850415282,667844765314643,607915518454236,4382126715348907,6.39,4.715,22.732,18.998,3.124,88.348,120.94,270.52
3365,Minneapolis,MN,44.9482585,-93.2330569,3615625476,4,3948,5897,1460488135187454,1013298109697193,1430840138076942,767728309482773,10.488,6.403,32.859,18.669,3.931,86.145,183.376,270.171
3366,Minneapolis,MN,44.9482651,-93.2322914,2939753756,4,3948,5897,1519815452349367,615799910758406,796512972884364,1336926964770857,16.808,6.875,4.598,15.732,59.907,91.389,180.703,271.416
3367,Minneapolis,MN,44.9482652,-93.2323933,2939753754,4,3948,5897,1519815452349367,1242264809768661,796512972884364,1982165302605158,24.408,6.857,12.32,16.337,59.907,91.294,180.703,271.416
3368,Minneapolis,MN,44.9482655,-93.2333049,3615625453,4,3948,5897,1460488135187454,240504608975660,1430840138076942,1913009526282164,9.499,4.893,16.663,17.795,3.931,86.722,183.376,270.171
3369,Minneapolis,MN,44.9482669,-93.2343867,5051468939,3,3948,5897,3539426106339515,1005474734138418,1078084530237642,845268773789253,3.701,2.441,3.701,8.251,0.0,90.389,154.74,275.763
3370,Minneapolis,MN,44.9482697,-93.2472841,11907507624,3,3948,5897,1386253521753099,648267000617279,1447804029681232,924236658415950,7.362,4.656,14.728,12.952,4.062,88.486,179.946,268.89
3371,Minneapolis,MN,44.9482714,-93.2422251,11656980421,4,3948,5897,130512813445382,3416959185222106,763226069932604,224584329083140,21.655,6.178,10.909,12.211,57.0,89.195,182.773,269.51
3372,Minneapolis,MN,44.9482729,-93.2424667,11669608701,3,3948,5897,130512813445382,1035679387849660,1366079380931614,1361058988095748,13.301,6.081,6.401,6.401,57.0,90.0,180.0,248.019
3373,Minneapolis,MN,44.9482741,-93.2500841,11021906001,4,3948,5897,291357066927450,6805703152821781,270053065810984,1042444920115018,19.266,8.191,19.426,19.426,0.0,90.215,180.0,274.487
3374,Minneapolis,MN,44.9482754,-93.2475755,11656980427,4,3948,5897,1036780554189158,1689728651496850,265547666320784,2610238979131890,3.422,3.602,3.602,5.559,0.0,90.0,180.0,270.0
3375,Minneapolis,MN,44.9482825,-93.2424416,11656980412,3,3948,5897,130512813445382,1035679387849660,1366079380931614,882716135618312,12.091,4.991,6.499,11.449,57.0,90.0,180.0,270.08
3376,Minneapolis,MN,44.9482854,-93.2472921,11656980386,3,3948,5897,1386253521753099,648267000617279,1439039707226849,924236658415950,6.331,3.038,14.493,11.116,4.062,88.486,179.946,268.89
3377,Minneapolis,MN,44.9484558,-93.2500903,11907507613,3,3948,5897,3687607674801977,3561854190808047,270053065810984,1042444920115018,21.536,2.179,21.536,21.536,0.0,82.0,180.0,274.487
3378,Minneapolis,MN,44.9484616,-93.2504801,11907507570,4,3948,5897,3687607674801977,1471006803679886,270053065810984,1042444920115018,18.789,9.466,18.789,18.789,0.0,90.0,180.0,274.487
3379,Minneapolis,MN,44.9484671,-93.2475884,11656980409,3,3948,5897,2324682434382551,1227365275032606,754028640667459,2610238979131890,17.726,12.286,9.174,18.015,0.0,89.665,180.796,270.0
3380,Minneapolis,MN,44.9484694,-93.2475661,11656980392,3,3948,5897,2324682434382551,592861963463876,754028640667459,247892320456432,18.093,12.491,7.402,17.934,0.0,89.665,180.796,269.79
3381,Minneapolis,MN,44.9484766,-93.2500529,11907507580,3,3948,5897,3687607674801977,3561854190808047,270053065810984,1042444920115018,25.277,5.889,25.277,25.277,0.0,82.0,180.0,274.487
3382,Minneapolis,MN,44.9484788,-93.2424417,4820605710,4,3948,5897,130512813445382,238286088092721,615390457413354,882716135618312,9.737,10.183,16.734,10.795,57.0,90.15,180.0,270.08
3383,Minneapolis,MN,44.9484798,-93.2472867,11656980387,4,3948,5897,973611559843785,581045539877308,754028640667459,929750007815516,16.136,10.827,14.73,9.848,23.297,82.945,180.796,270.75
3384,Minneapolis,MN,44.9484856,-93.2422212,11656980413,4,3948,5897,130512813445382,539455670772440,1577416123227607,793567516555155,20.3,10.717,14.514,10.69,57.0,89.814,209.784,268.087
3385,Minneapolis,MN,44.9484981,-93.2333129,3615625426,4,3948,5897,1178845280115837,1671471617093655,1430840138076942,197613318752896,9.009,14.526,15.955,6.502,4.596,86.746,183.376,272.0
3386,Minneapolis,MN,44.9484992,-93.2331952,2939753868,4,3948,5897,1178845280115837,788413578736469,1430840138076942,367109821414877,2.865,16.044,22.841,6.816,4.596,89.455,183.376,271.72
3387,Minneapolis,MN,44.9484996,-93.2341417,3615625431,4,3948,5897,3539426106339515,482498593033653,629561979293151,318311636472183,32.205,16.481,33.271,6.661,0.0,88.454,164.193,270.4
3388,Minneapolis,MN,44.9484999,-93.2330608,3615625456,4,3948,5897,535416676274837,1997926657042832,1430840138076942,909882752912038,6.976,15.173,32.172,7.201,5.797,88.724,183.376,270.41
3389,Minneapolis,MN,44.9485001,-93.2323933,2939753871,4,3948,5897,1519815452349367,312894606947025,1232507602254505,858721111395148,30.706,15.319,19.095,7.462,59.907,89.678,155.521,270.47
3390,Minneapolis,MN,44.9485067,-93.2345015,11237473518,3,3948,5897,628407799413961,1745946439661952,629561979293151,885569942024127,21.841,17.771,21.841,7.389,0.0,89.349,164.193,270.43
3391,Minneapolis,MN,44.9485189,-93.2404851,9476705532,4,3948,5897,1116931850415282,654721563296213,607915518454236,603984684337456,33.713,17.441,18.019,9.801,3.124,92.0,120.94,269.77
3392,Minneapolis,MN,44.9485219,-93.2403467,1609905480,4,3948,5897,1116931850415282,102021109667547,607915518454236,766580090666938,31.151,15.989,20.861,9.938,3.124,91.0,120.94,269.48
3393,Minneapolis,MN,44.9485441,-93.2346037,8355194173,4,3948,5897,628407799413961,982868657388833,629561979293151,200026801945408,27.907,21.642,27.907,10.946,0.0,88.877,164.193,270.92
3394,Minneapolis,MN,44.9485583,-93.2346407,8355194172,3,3948,5897,628407799413961,1198338823980108,629561979293151,559347155453666,30.537,23.223,30.537,11.959,0.0,88.416,164.193,271.22
3395,Minneapolis,MN,44.9340585,-93.2297859,1543735771,3,3949,5897,1091868972836306,1246240506996869,1246240506996869,1344151453320427,26.968,24.051,24.051,22.312,320.464,143.369,143.369,260.817
3396,Minneapolis,MN,44.9340591,-93.2298909,1543735783,3,3949,5897,1091868972836306,1246240506996869,737407935682873,1344151453320427,30.377,24.336,25.509,17.147,320.464,143.369,203.449,260.817
3397,Minneapolis,MN,44.9342419,-93.2241452,1603168480,4,3949,5897,574592612034661,1020182920122805,1020182920122805,914294010078803,14.897,9.744,9.744,27.034,331.792,148.859,148.859,329.681
3398,Minneapolis,MN,44.934269,-93.2238241,11886996139,3,3949,5897,277681788444615,816910610864323,816910610864323,914294010078803,7.786,14.009,14.009,31.947,331.774,147.913,147.913,329.681
3399,Minneapolis,MN,44.9345912,-93.2243998,11886996092,4,3949,5897,944440933877597,1298669531919614,1298669531919614,502650148930646,13.472,9.591,9.591,13.173,331.567,149.707,149.707,328.964
3400,Minneapolis,MN,44.9346218,-93.2240888,11886996138,4,3949,5897,3673360656317323,1286843622915727,1286843622915727,823591676195924,8.491,15.008,15.008,8.464,331.087,149.707,149.707,329.833
3401,Minneapolis,MN,44.9349194,-93.2243008,11886996137,4,3949,5897,714414154132315,1120342432922084,1120342432922084,1341191160581242,9.563,13.873,13.873,28.436,333.177,149.707,149.707,328.964
3402,Minneapolis,MN,44.9356716,-93.2248367,11886996156,3,3949,5897,2709825655831712,627554986893650,627554986893650,934180284358210,10.397,14.334,14.334,34.774,333.306,148.305,148.305,329.977
3403,Minneapolis,MN,44.9394455,-93.2279234,11884998447,3,3949,5897,605377902003236,1857253278171948,1857253278171948,1116531896992179,10.789,10.02,10.02,11.887,332.966,147.097,147.097,270.317
3404,Minneapolis,MN,44.939459,-93.2275895,11879405207,4,3949,5897,1095077208191782,1140410964678107,1140410964678107,1159340258925636,10.786,14.811,14.811,10.806,334.219,147.097,147.097,267.802
3405,Minneapolis,MN,44.9394822,-93.2279621,11883821802,3,3949,5897,1815348125872327,666232099845699,666232099845699,1037086854846316,11.51,10.202,10.202,7.819,333.178,147.097,147.097,270.317
3406,Minneapolis,MN,44.9396284,-93.2277145,11879405205,3,3949,5897,307326235205800,798202889241469,798202889241469,493833565289103,10.244,15.03,15.03,4.935,332.729,147.097,147.097,270.17
3407,Minneapolis,MN,44.9396747,-93.227753,11879405203,3,3949,5897,1345255416131669,798202889241469,798202889241469,1248813322201106,10.0,14.601,14.601,9.845,333.608,147.097,147.097,270.0
3408,Minneapolis,MN,44.9396759,-93.2281101,11879405199,4,3949,5897,1375981763373673,1462875568301123,1462875568301123,873250007868172,12.096,10.737,10.737,9.606,333.113,147.097,147.097,271.217
3409,Minneapolis,MN,44.9482062,-93.2172541,13474526814,3,3949,5897,2793652174110240,6394111167309823,261514203467038,2655955038084571,13.862,7.57,13.404,19.762,46.712,89.731,180.0,270.458
3410,Minneapolis,MN,44.9482483,-93.2128328,11847627536,4,3949,5897,306019924510658,262816649922787,2565593976923186,2602287163438189,10.506,1.067,30.217,15.293,4.953,88.697,180.0,270.861
3411,Minneapolis,MN,44.9482485,-93.2132568,13745244119,4,3949,5897,983716529586075,1035724410939649,2565593976923186,1230442491187948,3.169,3.59,3.23,3.504,19.48,87.752,180.0,270.0
3412,Minneapolis,MN,44.9482584,-93.2172196,13474526809,3,3949,5897,2793652174110240,243968314777521,261514203467038,2655955038084571,9.108,1.758,8.375,14.018,46.712,89.005,180.0,270.458
3413,Minneapolis,MN,44.9482585,-93.2172546,13474526811,3,3949,5897,2793652174110240,6394111167309823,261514203467038,2655955038084571,11.824,2.03,11.061,13.963,46.712,89.731,180.0,270.458
3414,Minneapolis,MN,44.9484679,-93.2171976,2939753846,4,3949,5897,2793652174110240,379762856671711,261514203467038,476330533604788,22.786,12.511,22.128,6.857,46.712,90.193,180.0,270.23
3415,Minneapolis,MN,44.9484736,-93.2133798,2939753833,4,3949,5897,983716529586075,1185329011887926,252998867101017,814161832526863,27.907,12.972,27.16,7.517,19.48,89.327,180.0,269.67
3416,Minneapolis,MN,44.9415152,-93.1922927,3123176071,3,3950,5897,1009694419838121,718877884083919,1046505224348350,1409774273637677,10.888,20.784,21.065,14.348,2.03,90.0,169.962,271.694
3417,Minneapolis,MN,44.9417705,-93.1922157,1924450365,3,3950,5897,724872147050758,718877884083919,1046505224348350,715353814461000,14.533,14.894,15.115,11.991,3.375,90.0,169.962,269.631
3418,Minneapolis,MN,44.9417715,-93.1922947,837119061,4,3950,5897,146856840686963,718877884083919,1046505224348350,715353814461000,10.556,18.936,19.248,13.042,1.37,90.0,169.962,269.631
3419,Minneapolis,MN,44.9480059,-93.1922565,12687609392,3,3950,5897,224485295762364,2074954416229923,2631493567154771,1183921222073878,10.26,34.475,19.117,32.741,0.05,91.124,180.46,230.89
3420,Minneapolis,MN,44.9481491,-93.1921608,12687609398,3,3950,5897,2927250734257524,1551903888549631,5837553449618330,959300471526000,17.772,18.709,26.812,24.452,359.96,90.0,181.05,269.87
3421,Minneapolis,MN,44.9481499,-93.192255,12687633903,3,3950,5897,2927250734257524,2074954416229923,5837553449618330,959300471526000,10.36,18.54,19.479,24.958,359.96,91.124,181.05,269.87
3422,Minneapolis,MN,44.9481503,-93.1923027,12687609397,4,3950,5897,2927250734257524,2074954416229923,5837553449618330,959300471526000,6.609,18.402,15.795,26.029,359.96,91.124,181.05,269.87
3423,Minneapolis,MN,44.9481906,-93.1921612,12687633907,3,3950,5897,143169157836960,3546738332250926,5837553449618330,959300471526000,17.747,13.866,27.688,19.849,0.3,91.19,181.05,269.87
3424,Minneapolis,MN,44.948222,-93.2055498,11847627578,3,3950,5897,2906676009469679,122032417634944,192113007178930,958649751630305,32.871,13.362,20.541,19.709,0.0,91.036,144.711,268.51
3425,Minneapolis,MN,44.9482406,-93.2062887,5790564989,3,3950,5897,608033054581377,1341659599766670,621334166779610,303720187956638,24.202,6.287,27.048,15.654,354.68,91.963,180.0,267.78
3426,Minneapolis,MN,44.9482468,-93.2055774,11847627577,3,3950,5897,2906676009469679,122032417634944,664103102416868,958649751630305,30.03,10.645,20.771,16.924,0.0,91.036,155.916,268.51
3427,Minneapolis,MN,44.9482543,-93.1923031,9617066048,4,3950,5897,518194416020478,2074954416229923,1000920880541097,163063545753664,6.585,6.936,16.376,15.301,0.93,91.124,188.94,270.25
3428,Minneapolis,MN,44.9482546,-93.1921617,12687609399,4,3950,5897,1594272587630701,3546738332250926,1000920880541097,959300471526000,17.531,6.75,27.129,12.768,0.17,91.19,188.94,269.87
3429,Minneapolis,MN,44.9482628,-93.1872325,12412902817,3,3950,5897,1090392714815507,1716998225150512,111478484323680,1888948737938692,3.532,8.378,12.374,16.822,38.742,84.551,182.369,269.6
3430,Minneapolis,MN,44.9482632,-93.1925903,2939753737,4,3950,5897,518194416020478,825112285595716,1000920880541097,1214534235747975,16.088,5.635,9.639,8.706,0.93,88.81,188.94,253.55
3431,Minneapolis,MN,44.9482685,-93.1874777,10074984215,3,3950,5897,175354707796054,305118585325323,111478484323680,926810578106133,17.299,11.089,25.708,16.521,43.659,90.0,182.369,270.11
3432,Minneapolis,MN,44.9482739,-93.1872473,9448909452,3,3950,5897,175354707796054,1716998225150512,111478484323680,1888948737938692,0.942,7.184,11.663,15.669,43.659,84.551,182.369,269.6
3433,Minneapolis,MN,44.9482779,-93.1874503,9448909451,3,3950,5897,175354707796054,305118585325323,111478484323680,926810578106133,15.115,9.445,23.312,15.181,43.659,90.0,182.369,270.11
3434,Minneapolis,MN,44.9484651,-93.2061071,13302004886,3,3950,5897,151896277961724,178729244151596,621334166779610,389987938898072,18.434,7.853,18.482,7.619,354.943,90.559,180.0,268.12
3435,Minneapolis,MN,44.9484657,-93.205982,13302004869,3,3950,5897,2906676009469679,4053206151425107,621334166779610,967902557371781,17.355,8.343,15.068,7.251,0.0,93.569,180.0,268.2
3436,Minneapolis,MN,44.9484662,-93.2058672,13302004868,3,3950,5897,2906676009469679,2843862679167849,621334166779610,4000702566665712,18.336,10.878,17.098,6.66,0.0,87.563,180.0,268.2
3437,Minneapolis,MN,44.9484842,-93.1979998,12410273091,3,3950,5897,236209628960416,1264782860892841,1150086817271304,150429037105841,34.914,3.923,3.69,7.953,59.052,91.189,192.901,270.55
3438,Minneapolis,MN,44.9484873,-93.2056884,11847627585,3,3950,5897,2906676009469679,482045332881881,941148756944812,264029542173444,28.268,13.084,8.358,8.292,0.0,88.393,169.966,268.54
3439,Minneapolis,MN,44.9484885,-93.1874533,12412902818,3,3950,5897,175354707796054,1620047378190460,111478484323680,1569556670066738,28.053,10.503,25.104,3.805,43.659,90.884,182.369,271.0
3440,Minneapolis,MN,44.9484943,-93.1872464,12412902820,3,3950,5897,175354707796054,508125110314084,111478484323680,684775356058614,24.143,10.199,14.853,4.384,43.659,88.785,182.369,268.6
3441,Minneapolis,MN,44.9484989,-93.1923024,2939753865,4,3950,5897,105694525955771,524949612197238,4481732861839773,481059979817365,4.378,13.311,29.822,8.625,21.0,90.236,216.91,269.11
3442,Minneapolis,MN,44.9484994,-93.1980153,1923777518,3,3950,5897,236209628960416,1264782860892841,1980918326007993,150429037105841,33.811,1.901,6.222,9.5,59.052,91.189,178.394,270.55
3443,Minneapolis,MN,44.9485001,-93.1926016,3691600079,3,3950,5897,285299740806014,825440012506952,1063823964995136,4137587746359434,13.541,11.766,24.157,10.027,2.515,88.0,180.0,269.8
3444,Minneapolis,MN,44.9485108,-93.1874695,10074984216,3,3950,5897,175354707796054,1620047378190460,111478484323680,1569556670066738,30.827,13.289,27.539,6.12,43.659,90.884,182.369,271.0
3445,Minneapolis,MN,44.9485184,-93.2056722,9487437307,3,3950,5897,2906676009469679,482045332881881,625501349363688,264029542173444,31.622,15.932,7.803,11.61,0.0,88.393,180.0,268.54
3446,Minneapolis,MN,44.9485191,-93.1870123,13321430791,4,3950,5897,2019183844888682,260210882552331,111478484323680,313095160176503,23.854,12.858,21.479,11.797,0.0,89.7,182.369,270.01
3447,Minneapolis,MN,44.9485204,-93.1867438,8035015124,4,3950,5897,2019183844888682,487634055816943,946851556133453,1379866879037768,18.437,13.121,17.016,10.985,0.0,91.307,133.015,271.09
3448,Minneapolis,MN,44.9485205,-93.1872488,12412902822,3,3950,5897,175354707796054,508125110314084,111478484323680,684775356058614,27.049,13.118,17.679,7.235,43.659,88.785,182.369,268.6
3449,Minneapolis,MN,44.9485371,-93.2058502,13302004865,3,3950,5897,2906676009469679,2843862679167849,625501349363688,4000702566665712,26.236,18.836,20.011,14.561,0.0,87.563,180.0,268.2
3450,Minneapolis,MN,44.9485431,-93.2059692,13302004872,4,3950,5897,2906676009469679,4053206151425107,621334166779610,967902557371781,25.807,16.9,23.641,15.642,0.0,93.569,180.0,268.2
3451,Minneapolis,MN,44.9486262,-93.2058383,13302004877,3,3950,5897,234231809583359,2843862679167849,255962823886477,4000702566665712,34.864,28.788,17.683,24.51,12.471,87.563,176.759,268.2
3452,Minneapolis,MN,44.9341739,-93.1668574,12996102768,4,3951,5897,3057662417874657,1252549960164745,921585143597901,1737582207627970,7.647,7.184,7.397,10.143,7.752,118.548,151.223,268.167
3453,Minneapolis,MN,44.934177,-93.1663617,13021382412,4,3951,5897,1440314984148829,1247748526794985,1465628811901052,965290869998684,17.138,6.976,7.017,9.903,321.743,116.179,144.135,270.647
3454,Minneapolis,MN,44.9341854,-93.1672155,4818389788,4,3951,5897,306119941824344,706693959105203,1287782975435832,177024081660003,20.772,21.104,6.255,22.846,3.857,132.533,181.193,261.924
3455,Minneapolis,MN,44.9343475,-93.1672196,12996102757,3,3951,5897,1518002005402020,1625639525108520,708093547770130,926122043201157,23.048,22.209,6.227,15.41,358.648,52.035,176.883,233.542
3456,Minneapolis,MN,44.9343534,-93.166856,12996102772,3,3951,5897,1518002005402020,1625639525108520,1903520100537708,1277306046208138,5.847,7.844,13.347,9.294,358.648,52.035,176.9,270.0
3457,Minneapolis,MN,44.9343619,-93.1672155,4818389761,3,3951,5897,1518002005402020,1625639525108520,708093547770130,926122043201157,22.855,21.624,5.835,14.453,358.648,52.035,176.883,233.542
3458,Minneapolis,MN,44.9343686,-93.166856,12996102761,3,3951,5897,252748861015019,1625639525108520,1903520100537708,1277306046208138,5.597,7.18,14.427,10.984,2.533,52.035,176.9,270.0
3459,Minneapolis,MN,44.9347243,-93.1668554,12996101637,4,3951,5897,250754934539257,1965828627681756,847874293021537,907077358852212,6.145,7.002,21.702,17.579,0.0,54.512,177.748,227.474
3460,Minneapolis,MN,44.9351053,-93.1668547,13021431280,3,3951,5897,673319314318389,2109512629815083,263440026540294,890634930440746,6.598,6.876,22.203,18.411,0.0,54.512,180.0,233.694
3461,Minneapolis,MN,44.9352554,-93.1672091,4818389812,3,3951,5897,310731714768624,2415268575602191,664878195660547,1899895577335296,21.859,21.478,6.183,10.702,2.795,56.957,180.0,233.694
3462,Minneapolis,MN,44.9352562,-93.1668587,12996102776,4,3951,5897,603843788327831,2415268575602191,664878195660547,1899895577335296,5.884,6.613,21.437,18.72,356.318,56.957,180.0,233.694
3463,Minneapolis,MN,44.9356308,-93.1668574,12996101679,4,3951,5897,1223070882426943,1308744284634950,3432740150311671,764768273377889,7.057,8.346,21.7,18.296,0.0,55.567,180.0,233.694
3464,Minneapolis,MN,44.9360059,-93.1673528,9697917161,3,3951,5897,257971607096675,1428416361054841,1049935559496942,1869766340354010,4.078,7.206,17.885,21.04,52.578,66.736,178.378,233.694
3465,Minneapolis,MN,44.9360227,-93.1668555,13021431267,4,3951,5897,290293813650253,1473663901021272,1049935559496942,1869766340354010,6.655,8.553,21.347,18.332,0.0,54.228,178.378,233.694
3466,Minneapolis,MN,44.9360277,-93.167208,9697917157,3,3951,5897,3620464474943413,1720745328397838,1049935559496942,1869766340354010,21.307,5.959,6.95,9.455,0.0,95.762,178.378,233.694
3467,Minneapolis,MN,44.9361085,-93.1672079,4818389778,4,3951,5897,3367689173561919,1720745328397838,279740784676536,1373906181086001,21.301,3.044,10.455,12.336,359.057,95.762,172.321,233.694
3468,Minneapolis,MN,44.936109,-93.1673324,3116908779,3,3951,5897,837633790884632,284693000914277,279740784676536,1373906181086001,6.216,7.446,18.028,20.791,58.137,98.458,172.321,233.694
3469,Minneapolis,MN,44.9361899,-93.1668557,13021431265,3,3951,5897,1437501680361006,1267172838626143,870585685967016,1373906181086001,6.501,8.73,18.712,18.321,0.901,56.366,209.751,233.694
3470,Minneapolis,MN,44.9362424,-93.1673325,4806582182,3,3951,5897,619260610313535,284693000914277,870585685967016,1373906181086001,31.189,19.486,19.784,20.457,0.0,98.458,209.751,233.694
3471,Minneapolis,MN,44.9364162,-93.1673327,4806582178,3,3951,5897,1048668566300866,4262476557298091,936157325527165,1395479292326498,30.305,30.045,18.86,21.623,0.966,56.366,209.751,233.694
3472,Minneapolis,MN,44.9365478,-93.1668483,12996102780,4,3951,5897,562523765923302,4213332185585621,938902141994260,2192783354824806,7.892,8.708,19.652,19.116,0.901,56.366,210.014,233.694
3473,Minneapolis,MN,44.9369357,-93.1668467,4818389799,4,3951,5897,309532694801609,760946647088927,1753422262281885,1122391362479957,8.292,8.017,19.423,14.706,0.882,56.366,210.014,276.048
3474,Minneapolis,MN,44.9369408,-93.1672019,4818389768,3,3951,5897,309532694801609,760946647088927,1753422262281885,1406497687377517,20.121,19.95,8.598,10.798,0.882,56.366,210.014,233.694
3475,Minneapolis,MN,44.9371088,-93.1668417,9622037988,3,3951,5897,945151583783414,3431771850314828,1452491059567547,594653159535327,5.763,9.952,19.995,9.516,352.796,56.366,210.014,281.736
3476,Minneapolis,MN,44.9374843,-93.1668452,12996102784,4,3951,5897,1259675378084410,1245719557702548,2156668511741657,1447872950057731,6.453,11.451,19.827,18.891,359.057,53.133,210.014,233.694
3477,Minneapolis,MN,44.9378687,-93.1668488,9697917194,4,3951,5897,276154265141651,302760165582703,1291435749551906,1548638459559625,6.205,10.215,17.684,15.105,359.057,88.074,216.017,267.001
3478,Minneapolis,MN,44.9378693,-93.167201,4818389827,3,3951,5897,2003633486882781,879336678429539,1649441196255409,1548638459559625,17.112,17.83,10.542,14.474,355.256,56.38,209.557,267.001
3479,Minneapolis,MN,44.9380373,-93.1668481,9622037957,3,3951,5897,1491754071560481,302760165582703,1291435749551906,1548638459559625,6.218,10.123,22.431,19.662,359.099,88.074,216.017,267.001
3480,Minneapolis,MN,44.9381208,-93.1672037,653988256,4,3951,5897,253491490833774,252389984412444,1411217826953043,1411217826953043,21.772,34.885,10.617,10.617,0.0,71.705,233.694,233.694
3481,Minneapolis,MN,44.941236,-93.1668446,10746859581,4,3951,5897,1774877329732292,717435581196342,2729055444110499,2729055444110499,31.075,31.075,17.113,17.113,349.968,86.151,233.941,233.941
3482,Minneapolis,MN,44.9412491,-93.177088,12993211618,3,3951,5897,6298731493555722,3065077556956049,806430824494697,1227935119066476,4.192,5.348,21.63,7.145,2.316,75.163,149.465,320.0
3483,Minneapolis,MN,44.9412491,-93.1770625,12996102489,3,3951,5897,6298731493555722,594783389518702,806430824494697,1227935119066476,6.191,6.905,23.625,8.671,2.316,83.285,149.465,320.0
3484,Minneapolis,MN,44.9412494,-93.1773093,12993211616,4,3951,5897,6298731493555722,955324405545595,806430824494697,1227935119066476,13.257,2.031,4.782,13.397,2.316,96.202,149.465,320.0
3485,Minneapolis,MN,44.9413532,-93.1668451,12993195597,4,3951,5897,1774877329732292,717435581196342,1212495387231212,1286974069518599,18.384,18.384,18.788,17.882,349.968,86.151,173.623,270.145
3486,Minneapolis,MN,44.9414822,-93.1668429,9617066084,4,3951,5897,1774877329732292,717435581196342,1212495387231212,1236455724360730,6.122,6.122,6.355,3.788,349.968,86.151,173.623,270.655
3487,Minneapolis,MN,44.9414833,-93.1672052,4818389769,4,3951,5897,1774877329732292,717435581196342,1957769738457175,757657970020825,33.854,33.854,12.151,4.332,349.968,86.151,233.209,269.915
3488,Minneapolis,MN,44.9415054,-93.1770856,12993211619,4,3951,5897,1000567834407381,2070761986610810,806430824494697,1844936366420165,3.941,22.966,33.799,15.095,0.0,85.959,149.465,270.418
3489,Minneapolis,MN,44.9415063,-93.1773117,12993195600,4,3951,5897,1000567834407381,6332309966880006,806430824494697,10073444396086387,13.862,23.89,26.327,15.373,0.0,101.821,149.465,270.69
3490,Minneapolis,MN,44.9416063,-93.1668415,9617066083,4,3951,5897,1774877329732292,717435581196342,1212495387231212,750555734198113,11.721,11.721,11.342,8.135,349.968,86.151,173.623,270.239
3491,Minneapolis,MN,44.9417446,-93.1668389,9617066081,4,3951,5897,1774877329732292,717435581196342,1212495387231212,750555734198113,26.394,26.394,25.979,22.849,349.968,86.151,173.623,270.239
3492,Minneapolis,MN,44.9482658,-93.1858632,5069870550,4,3951,5897,803666210587351,225148410503333,256894752828454,248949183674506,27.938,9.948,11.423,16.503,55.068,90.0,134.194,269.61
3493,Minneapolis,MN,44.9482661,-93.1856343,9448909463,4,3951,5897,803666210587351,253746207421080,477826973487388,838377380417554,13.875,10.119,13.34,16.448,55.068,88.735,132.22,270.2
3494,Minneapolis,MN,44.948275,-93.182851,11441775006,4,3951,5897,1390555811299546,1316304566854687,606845984931402,517606422612342,14.691,11.97,3.563,18.585,35.703,90.498,178.933,254.22
3495,Minneapolis,MN,44.9482754,-93.1826163,11441775015,4,3951,5897,3450733831855825,793892183184625,606845984931402,980970192724565,20.924,12.018,14.913,30.426,1.843,90.117,178.933,240.86
3496,Minneapolis,MN,44.9482841,-93.1772958,11441775032,4,3951,5897,990291825109070,638396892400082,1619588711568464,1134925963638870,8.887,12.524,5.325,32.321,353.8,90.553,132.568,289.94
3497,Minneapolis,MN,44.9482849,-93.1770655,11441775031,4,3951,5897,835034151262134,1360345999080371,3668118033294416,177995930867665,6.99,13.015,6.288,26.102,0.0,90.553,133.896,269.059
3498,Minneapolis,MN,44.9483203,-93.1672054,2939753771,4,3951,5897,316305246599378,1889310354570871,137668588355555,1570889284014095,22.563,10.911,7.706,9.652,31.713,90.0,179.55,233.77
3499,Minneapolis,MN,44.9483224,-93.1668181,2939753774,4,3951,5897,302638758127602,1280586396892952,137668588355555,1458873022564251,28.53,10.976,22.97,22.005,3.602,91.393,179.55,233.77
3500,Minneapolis,MN,44.9485214,-93.1770722,11441775020,4,3951,5897,830951534948746,1360345999080371,3668118033294416,1134925963638870,6.245,13.849,20.448,4.473,0.0,90.553,133.896,289.94
3501,Minneapolis,MN,44.9485228,-93.1858659,5069870553,4,3951,5897,803666210587351,285157439970316,256894752828454,820820645537273,30.52,14.631,17.164,9.165,55.068,87.551,134.194,271.23
3502,Minneapolis,MN,44.9485234,-93.1856338,9448909462,3,3951,5897,803666210587351,996365357773715,456750518962100,704932860527963,18.305,14.871,17.594,9.348,55.068,88.407,132.852,274.61
3503,Minneapolis,MN,44.9485239,-93.1825997,11441775009,4,3951,5897,280545881331800,1662775097539844,4909454789069099,980970192724565,3.156,14.953,15.802,31.677,345.706,92.996,180.67,240.86
3504,Minneapolis,MN,44.9485301,-93.1828524,11441775003,4,3951,5897,4034159886631668,1693991367655783,1247906595921379,517606422612342,11.849,8.971,2.902,19.135,359.357,80.093,180.0,254.22
3505,Minneapolis,MN,44.9485435,-93.1772844,11441775021,4,3951,5897,285088853250182,638396892400082,1619588711568464,1134925963638870,9.213,16.791,23.79,21.104,359.92,90.553,132.568,289.94
3506,Minneapolis,MN,44.9485695,-93.1672262,2939753902,4,3951,5897,302638758127602,1889310354570871,964969380940551,460806955014706,23.12,17.107,9.533,5.914,3.602,90.0,182.19,243.357
3507,Minneapolis,MN,44.948574,-93.1668201,2939753897,4,3951,5897,302638758127602,1280586396892952,964969380940551,1439182704426683,8.889,18.289,22.866,22.026,3.602,91.393,182.19,233.77
3508,Minneapolis,MN,44.9337144,-93.1498056,1710796410,4,3952,5897,1328301428682428,729402806919995,1148924130635056,1429393558965846,10.065,17.835,5.643,2.581,326.862,99.254,148.259,274.926
3509,Minneapolis,MN,44.9337193,-93.1496566,483542188,4,3952,5897,1125981252323151,1157355299574484,1157355299574484,1235283232140265,1.078,7.347,7.347,7.897,325.619,145.488,145.488,279.059
3510,Minneapolis,MN,44.9340998,-93.1467281,8395157167,4,3952,5897,1540288533925642,1230209392609659,868378614019673,1615701145295038,12.549,8.525,7.657,10.789,355.981,115.725,180.759,270.29
3511,Minneapolis,MN,44.9341002,-93.1464437,8395157122,4,3952,5897,491126002035099,1274428417895607,868378614019673,546999979622857,6.954,5.66,15.053,10.044,358.185,115.903,180.759,272.54
3512,Minneapolis,MN,44.9341174,-93.1510304,12669188388,4,3952,5897,1985071695720646,2151707662238673,1585697222650185,1435963204720519,5.884,8.979,4.133,7.66,357.198,107.082,153.963,269.574
3513,Minneapolis,MN,44.9341398,-93.1567481,13021431355,3,3952,5897,1848010598705492,1642345840132792,985427495960798,2734218543619773,28.32,6.438,23.465,8.549,323.2,79.104,184.204,269.393
3514,Minneapolis,MN,44.9341412,-93.156958,13021431341,3,3952,5897,1848010598705492,1557493248696407,985427495960798,1584361609857151,30.328,6.463,22.734,8.87,323.2,79.158,184.204,269.473
3515,Minneapolis,MN,44.9341493,-93.1567562,13021431550,3,3952,5897,1848010598705492,1642345840132792,985427495960798,2734218543619773,27.181,5.445,22.245,7.538,323.2,79.104,184.204,269.393
3516,Minneapolis,MN,44.9341502,-93.1569466,13021431552,3,3952,5897,199158098596536,1557493248696407,985427495960798,1595189351609357,34.986,5.316,21.501,7.838,347.42,79.158,184.204,270.596
3517,Minneapolis,MN,44.9341606,-93.1618369,13021431820,4,3952,5897,1427285109131152,1421163076457431,1398827284889524,876499841763960,34.973,7.289,7.372,10.041,59.101,116.514,143.989,270.511
3518,Minneapolis,MN,44.934266,-93.1467321,8395157168,4,3952,5897,311184190591789,1448850589986249,155503559916580,785769345647444,15.414,14.471,7.772,7.6,2.383,116.308,181.032,272.29
3519,Minneapolis,MN,44.9342678,-93.1464431,8395157121,4,3952,5897,311184190591789,1274428417895607,155503559916580,546999979622857,7.531,13.422,15.001,8.706,2.383,115.903,181.032,272.54
3520,Minneapolis,MN,44.93427,-93.1508268,12669150962,3,3952,5897,1985071695720646,4664665373819938,1585697222650185,462274335035890,22.188,10.399,27.011,7.54,357.198,116.46,153.963,270.02
3521,Minneapolis,MN,44.9342838,-93.1510343,12669188390,4,3952,5897,1985071695720646,3989680484496039,1585697222650185,1124505654627903,21.725,11.37,20.046,8.737,357.198,116.46,153.963,270.44
3522,Minneapolis,MN,44.9343057,-93.1565264,13021382445,4,3952,5897,199158098596536,774457052388751,209873858498796,221718002723686,27.027,11.667,27.056,3.978,347.42,79.104,181.367,268.23
3523,Minneapolis,MN,44.9343076,-93.1567508,13021431291,4,3952,5897,199158098596536,1642345840132792,985427495960798,266482405215945,16.206,12.231,9.354,0.955,347.42,79.104,184.204,280.01
3524,Minneapolis,MN,44.9343093,-93.1569962,13021431307,4,3952,5897,199158098596536,2349958562117007,985427495960798,820584794383253,21.605,12.449,10.815,7.958,347.42,79.158,184.204,266.251
3525,Minneapolis,MN,44.9343098,-93.1571083,13021431306,4,3952,5897,199158098596536,985382241331819,209873858498796,1013108673387266,28.448,12.487,19.873,8.25,347.42,79.158,181.367,268.137
3526,Minneapolis,MN,44.9344962,-93.1569962,13021431554,4,3952,5897,525566198473106,2349958562117007,1468905523873000,889676424948170,14.014,33.209,9.368,19.816,358.64,79.158,176.723,281.07
3527,Minneapolis,MN,44.9388481,-93.1464622,8070473523,4,3952,5897,837274896997346,324808422502531,516009532863494,208593254233383,7.798,10.499,11.057,11.753,359.055,104.977,185.553,274.621
3528,Minneapolis,MN,44.9388493,-93.1467511,8070473525,4,3952,5897,837274896997346,324808422502531,516009532863494,2858003027801364,15.871,23.018,11.906,16.639,359.055,104.977,185.553,240.708
3529,Minneapolis,MN,44.9390107,-93.1464655,8070473509,4,3952,5897,4347590125285984,324808422502531,516009532863494,208593254233383,7.142,8.001,22.337,6.951,358.521,104.977,185.553,274.621
3530,Minneapolis,MN,44.9390131,-93.146751,8070473497,4,3952,5897,4347590125285984,324808422502531,516009532863494,2858003027801364,15.729,22.165,23.109,17.318,358.521,104.977,185.553,240.708
3531,Minneapolis,MN,44.9395131,-93.1441638,8070473634,4,3952,5897,141429794670746,208474127582783,379206453404203,3567136400058741,26.077,33.136,4.258,22.282,319.224,113.518,173.57,233.076
3532,Minneapolis,MN,44.9396005,-93.1441641,8070473635,4,3952,5897,141429794670746,208474127582783,4098140790245955,3567136400058741,17.934,25.649,4.218,13.063,319.224,113.518,174.497,233.076
3533,Minneapolis,MN,44.9399013,-93.1439609,5798863282,4,3952,5897,141429794670746,208474127582783,934551387379019,784675639653413,20.303,15.808,6.938,13.249,319.224,113.518,207.819,270.866
3534,Minneapolis,MN,44.9399021,-93.144165,5798863286,4,3952,5897,141429794670746,208474127582783,173787834549621,912911673298515,23.137,24.276,21.985,13.028,319.224,113.518,182.607,270.227
3535,Minneapolis,MN,44.9399479,-93.156736,13021431522,3,3952,5897,770015990335243,595107622608387,202617712115288,707487977797016,9.402,11.859,14.286,11.302,0.68,72.571,181.371,270.925
3536,Minneapolis,MN,44.9399488,-93.1569754,13021431583,3,3952,5897,770015990335243,595107622608387,794584098906581,3076631349296736,9.841,25.93,4.709,19.863,0.68,72.571,181.32,266.841
3537,Minneapolis,MN,44.9399561,-93.1567505,11269918785,3,3952,5897,770015990335243,595107622608387,794584098906581,220850197332118,8.119,11.566,13.115,10.385,0.68,72.571,181.32,268.971
3538,Minneapolis,MN,44.9399571,-93.1569654,11269918787,3,3952,5897,770015990335243,595107622608387,794584098906581,1675942952853394,8.922,24.837,3.804,16.971,0.68,72.571,181.32,259.946
3539,Minneapolis,MN,44.9401396,-93.1567447,9927503468,3,3952,5897,216633710267785,595107622608387,988111505692257,220850197332118,8.508,11.776,17.37,10.027,359.66,72.571,193.274,268.971
3540,Minneapolis,MN,44.9401418,-93.1569696,11269918789,3,3952,5897,216633710267785,595107622608387,794584098906581,1675942952853394,9.216,25.485,20.819,17.238,359.66,72.571,181.32,259.946
3541,Minneapolis,MN,44.9401491,-93.1567334,13021431521,3,3952,5897,216633710267785,595107622608387,988111505692257,707487977797016,9.491,12.369,17.35,11.088,359.66,72.571,193.274,270.925
3542,Minneapolis,MN,44.940151,-93.1569795,13021431584,3,3952,5897,216633710267785,595107622608387,794584098906581,3076631349296736,10.103,26.628,21.983,20.189,359.66,72.571,181.32,266.841
3543,Minneapolis,MN,44.9402295,-93.1569795,13021382410,4,3952,5897,178011944216476,595107622608387,794584098906581,3076631349296736,9.98,31.461,30.554,26.095,359.7,72.571,181.32,266.841
3544,Minneapolis,MN,44.9428408,-93.1543864,13021431491,3,3952,5897,1588476532558532,2131681607351249,2131681607351249,1588476532558532,29.655,19.808,19.808,29.655,324.502,140.89,140.89,324.502
3545,Minneapolis,MN,44.943191,-93.1543946,483718178,3,3952,5897,808082161662193,1561638227865458,1561638227865458,808082161662193,8.027,5.684,5.684,8.027,324.502,139.035,139.035,324.502
3546,Minneapolis,MN,44.9436857,-93.1567245,13021431500,3,3952,5897,319318809796027,641185755466383,696733636253887,716150918113398,10.209,12.086,20.022,22.016,359.73,96.574,151.087,272.818
3547,Minneapolis,MN,44.9438274,-93.1551528,11413910969,4,3952,5897,1128404085466198,1206918271149134,1176604663688976,24713963718255868,6.507,15.679,18.807,3.808,309.75,110.718,130.266,281.982
3548,Minneapolis,MN,44.9438644,-93.1552,187906556,4,3952,5897,1128404085466198,1206918271149134,1176604663688976,2298565043953335,10.486,18.121,23.654,2.627,309.75,110.718,130.266,278.48
3549,Minneapolis,MN,44.9438648,-93.1550405,483718149,4,3952,5897,1115577683877798,1206918271149134,1176604663688976,24713963718255868,5.414,24.382,23.462,7.144,317.065,110.718,130.266,281.982
3550,Minneapolis,MN,44.9439098,-93.1571478,13021431124,4,3952,5897,957123128159762,566760995871947,1036438815026582,1309703510040073,24.593,28.078,20.732,33.896,0.11,98.327,179.905,284.586
3551,Minneapolis,MN,44.9465088,-93.1468195,8395157189,4,3952,5897,972401910171984,648048441694739,1288056869451169,501062054648698,17.899,22.994,8.545,19.169,0.181,89.169,180.709,270.323
3552,Minneapolis,MN,44.9465159,-93.1464454,9140788438,4,3952,5897,1273866444473886,827773062985577,1201476103657523,24599082903089995,7.921,8.29,14.062,18.725,358.582,98.768,183.869,230.421
3553,Minneapolis,MN,44.9467147,-93.1464366,10120278934,4,3952,5897,1476517216826467,1417437012660900,1365956638439014,658713706851591,9.152,14.454,7.847,10.121,359.006,88.178,177.167,237.058
3554,Minneapolis,MN,44.9467151,-93.1468203,8395157190,4,3952,5897,1476517216826467,648048441694739,24625316007121078,501062054648698,21.632,15.085,7.797,5.036,359.006,89.169,180.183,270.323
3555,Minneapolis,MN,44.9473666,-93.1468367,8395157193,4,3952,5897,813922914310341,812135861352397,1466664814478992,1170860174894625,22.168,11.505,7.417,22.672,358.697,140.711,179.9,252.633
3556,Minneapolis,MN,44.947367,-93.1464588,13017488957,4,3952,5897,813922914310341,1308204920759319,1466664814478992,1170860174894625,8.574,19.693,22.704,9.76,358.697,140.711,179.9,252.633
3557,Minneapolis,MN,44.9475275,-93.1468374,8395157194,4,3952,5897,1340026381185894,1125500122880521,833893322445122,1871436377141802,22.427,10.577,6.506,22.006,359.318,140.711,182.899,254.708
3558,Minneapolis,MN,44.947535,-93.146455,11978963094,4,3952,5897,1340026381185894,1125500122880521,1980536789438075,1871436377141802,7.742,19.591,23.13,8.163,359.318,140.711,180.906,254.708
3559,Minneapolis,MN,44.9480027,-93.146457,11978963093,4,3952,5897,1732792824079374,700902193008207,658302323987913,1076570847982343,8.129,20.364,23.119,7.688,359.318,136.677,180.451,262.123
3560,Minneapolis,MN,44.9480036,-93.1468394,8395157195,4,3952,5897,1732792824079374,700902193008207,2921893011331180,1076570847982343,22.175,10.18,6.211,22.574,359.318,136.677,182.899,262.123
3561,Minneapolis,MN,44.948402,-93.1569597,12099975514,4,3952,5897,1770603247665764,1319004289636701,580736421034565,1107913964773823,10.114,13.261,5.612,16.534,359.323,91.122,179.857,280.378
3562,Minneapolis,MN,44.9484034,-93.1567007,12099975507,4,3952,5897,123796859747446,1498219238299784,580736421034565,631924033109038,9.444,13.469,17.157,20.069,359.83,91.122,179.857,294.233
3563,Minneapolis,MN,44.9484287,-93.1464581,11978963092,4,3952,5897,1701829757155377,111999374284191,1607360506914835,1994270621412598,7.894,12.164,23.236,9.058,358.774,91.912,179.4,269.176
3564,Minneapolis,MN,44.9484288,-93.1468407,8395157196,4,3952,5897,1701829757155377,1437879834169571,831299992631640,1994270621412598,22.216,12.008,6.412,23.208,358.774,96.102,182.08,269.176
3565,Minneapolis,MN,44.9486242,-93.1611669,2939753910,4,3952,5897,660031760027032,772307585593473,1152792156743809,1836233506968329,22.683,15.8,30.386,11.946,359.337,90.739,210.188,262.99
3566,Minneapolis,MN,44.9486557,-93.1572615,2939753922,4,3952,5897,2419718298422552,1459348145277241,670396932205324,648371035018033,14.795,15.484,27.683,10.798,29.207,90.938,178.871,271.359
3567,Minneapolis,MN,44.9486579,-93.1569625,12099975512,3,3952,5897,2623866634584405,1319004289636701,670396932205324,776282418488960,11.255,15.414,6.465,12.738,359.86,91.122,178.871,273.476
3568,Minneapolis,MN,44.9486581,-93.1569399,2939753924,3,3952,5897,2623866634584405,1319004289636701,670396932205324,1107913964773823,9.496,15.321,5.658,12.048,359.86,91.122,178.871,280.378
3569,Minneapolis,MN,44.9486611,-93.1567092,12099975499,3,3952,5897,2623866634584405,1498219238299784,670396932205324,1107913964773823,8.93,15.912,17.117,23.245,359.86,91.122,178.871,280.378
3570,Minneapolis,MN,44.9486614,-93.1566932,12099975505,3,3952,5897,2623866634584405,1498219238299784,670396932205324,1107913964773823,10.174,16.217,18.315,24.34,359.86,91.122,178.871,280.378
3571,Minneapolis,MN,44.9486622,-93.1468353,2939753926,4,3952,5897,620907288829965,196215572325728,2276676039452559,1856611058284070,17.395,9.87,6.221,22.946,4.102,97.729,182.08,271.444
3572,Minneapolis,MN,44.9486824,-93.1464573,2939753937,4,3952,5897,1279547573399171,111999374284191,922380208559250,1856611058284070,9.834,17.264,16.018,8.311,358.747,91.912,177.467,271.444
3573,Minneapolis,MN,44.9487273,-93.1572581,12852400776,4,3952,5897,2419718298422552,1459348145277241,670396932205324,648371035018033,22.675,23.439,26.937,18.637,29.207,90.938,178.871,271.359
3574,Minneapolis,MN,44.9488221,-93.1572548,12852400800,3,3952,5897,812514816363772,1459348145277241,684183774145211,648371035018033,34.286,33.979,26.577,29.112,0.15,90.938,178.871,271.359
3575,Minneapolis,MN,44.9488269,-93.1570528,12852449103,3,3952,5897,812514816363772,1165331048793251,684183774145211,776282418488960,18.412,34.194,10.684,29.447,0.15,91.122,178.871,273.476
3576,Minneapolis,MN,44.9340564,-93.1357997,3071141444,4,3953,5897,793580503226487,2438470519921645,1796830054345831,300315178226718,3.049,3.809,0.834,9.571,3.925,65.983,189.112,270.57
3577,Minneapolis,MN,44.9340584,-93.1363023,3071141445,4,3953,5897,750628976856229,1585198575873505,7440958569351483,392669913647632,15.257,7.085,1.742,9.997,349.99,117.803,147.25,265.675
3578,Minneapolis,MN,44.9340594,-93.1365076,11483932156,4,3953,5897,448129774394243,2028294167723223,275791328920511,1456793941591812,8.58,7.434,11.979,1.031,347.104,116.505,134.194,301.13
3579,Minneapolis,MN,44.9342239,-93.136298,11483932155,4,3953,5897,750628976856229,1585198575873505,275791328920511,585505459092087,23.468,11.418,12.717,7.933,349.99,117.803,134.194,265.35
3580,Minneapolis,MN,44.9342247,-93.1365135,11483932130,4,3953,5897,448129774394243,2028294167723223,275791328920511,481733019610196,26.793,11.047,11.854,8.127,347.104,116.505,134.194,270.78
3581,Minneapolis,MN,44.9462907,-93.1287375,10112904564,4,3953,5897,1511331760024638,1503749024108066,3270152756494785,24038386282490285,7.832,8.382,14.953,33.626,356.506,104.875,180.724,269.748
3582,Minneapolis,MN,44.9464953,-93.1261942,13017489240,3,3953,5897,800125812798336,715424311243747,1068931082102539,1446486483152427,7.226,7.858,16.611,10.372,329.184,91.193,177.993,270.554
3583,Minneapolis,MN,44.9465096,-93.1261954,4151229197,3,3953,5897,800125812798336,715424311243747,1068931082102539,1446486483152427,7.813,6.778,15.192,8.784,329.184,91.193,177.993,270.554
3584,Minneapolis,MN,44.9465112,-93.126407,13015832283,3,3953,5897,800125812798336,2167355237112937,1068931082102539,1064771819053704,10.755,15.36,15.403,9.842,329.184,102.138,177.993,270.541
3585,Minneapolis,MN,44.9465156,-93.1263839,4151229199,3,3953,5897,800125812798336,2167355237112937,1068931082102539,1746830972617012,9.338,13.497,14.031,8.743,329.184,102.138,177.993,269.604
3586,Minneapolis,MN,44.9465166,-93.128941,10112904577,3,3953,5897,1512598773408276,791699229937607,1338164957750758,714969044655352,21.479,6.744,3.866,9.192,355.409,93.847,180.309,269.748
3587,Minneapolis,MN,44.9465167,-93.1287378,4151229206,3,3953,5897,1512598773408276,1274137894385681,1338164957750758,24038386282490285,21.509,15.645,12.281,8.987,355.409,82.04,180.309,269.748
3588,Minneapolis,MN,44.9465278,-93.1339453,12520114282,4,3953,5897,524335970702103,728226800262875,1969996173850521,587416754424695,29.438,8.311,4.707,9.234,3.682,88.744,144.117,272.647
3589,Minneapolis,MN,44.9465301,-93.1347148,10112904573,3,3953,5897,604312605671130,1886558708576604,1174242774689273,4298472410433819,18.938,7.301,5.233,18.51,312.563,86.449,138.327,268.411
3590,Minneapolis,MN,44.9465304,-93.1289215,13015878518,3,3953,5897,1512598773408276,791699229937607,1581545459882205,714969044655352,22.424,6.549,0.706,7.738,355.409,93.847,174.057,269.748
3591,Minneapolis,MN,44.9465309,-93.1287526,13015878516,3,3953,5897,1512598773408276,1274137894385681,1338164957750758,1931833207590977,22.602,15.919,11.366,7.301,355.409,82.04,180.309,269.748
3592,Minneapolis,MN,44.9465316,-93.1349337,10112904571,3,3953,5897,604312605671130,1113802117053180,1346763986862825,752069204432524,18.24,7.107,5.001,8.718,312.563,87.006,137.532,267.783
3593,Minneapolis,MN,44.9465494,-93.1347372,13015878737,3,3953,5897,604312605671130,1886558708576604,1174242774689273,4298472410433819,16.213,5.212,4.031,15.932,312.563,86.449,138.327,268.411
3594,Minneapolis,MN,44.9465536,-93.1349129,13015878738,3,3953,5897,604312605671130,1113802117053180,1346763986862825,1721934041832933,15.328,4.804,3.268,5.505,312.563,87.006,137.532,263.635
3595,Minneapolis,MN,44.9466509,-93.1264029,4151229193,3,3953,5897,1054017763390256,2167355237112937,4132706467000882,1064771819053704,10.084,16.8,5.811,5.796,327.937,102.138,180.368,270.541
3596,Minneapolis,MN,44.9466526,-93.1261967,4151229195,3,3953,5897,1054017763390256,715424311243747,711061211816693,1390980258778458,6.338,12.552,7.654,5.946,327.937,91.193,176.419,270.514
3597,Minneapolis,MN,44.9466526,-93.1261856,13015832282,3,3953,5897,1054017763390256,715424311243747,711061211816693,1390980258778458,7.196,12.216,8.508,6.052,327.937,91.193,176.419,270.514
3598,Minneapolis,MN,44.9466566,-93.1347312,13015878736,3,3953,5897,604312605671130,1886558708576604,1419234729194188,1455096075801704,8.296,6.826,8.948,10.656,312.563,86.449,189.899,273.339
3599,Minneapolis,MN,44.946663,-93.126414,13015832286,3,3953,5897,1054017763390256,2167355237112937,4132706467000882,1064771819053704,11.169,18.294,5.397,7.275,327.937,102.138,180.368,270.541
3600,Minneapolis,MN,44.9466647,-93.1349082,13015878734,3,3953,5897,604312605671130,815341514420634,737646895580530,4298472410433819,6.218,5.77,3.823,5.644,312.563,99.531,188.214,268.411
3601,Minneapolis,MN,44.9466652,-93.1287284,13015878514,4,3953,5897,4175035266100226,791699229937607,1338164957750758,3779146728886272,34.301,22.832,21.768,6.957,334.817,93.847,180.309,270.877
3602,Minneapolis,MN,44.9466656,-93.128945,10112904544,3,3953,5897,4175035266100226,791699229937607,1210838577524736,714969044655352,33.373,11.203,12.655,7.416,334.817,93.847,166.829,269.748
3603,Minneapolis,MN,44.9466785,-93.1347178,13015878735,3,3953,5897,604312605671130,1335014778318172,1419234729194188,1455096075801704,8.971,7.291,9.137,8.103,312.563,97.684,189.899,273.339
3604,Minneapolis,MN,44.9466794,-93.1341851,10732579755,4,3953,5897,524335970702103,2988626501343027,1152469096989394,723350237142132,4.352,7.062,12.666,4.907,3.682,97.35,141.952,274.601
3605,Minneapolis,MN,44.9466816,-93.1345971,10732579759,4,3953,5897,524335970702103,1140751574825271,1419234729194188,1394917461618672,28.426,8.409,18.522,6.919,3.682,97.684,189.899,276.248
3606,Minneapolis,MN,44.9466841,-93.1349324,10112904538,3,3953,5897,604312605671130,815341514420634,737646895580530,4298472410433819,7.939,7.042,5.416,7.839,312.563,99.531,188.214,268.411
3607,Minneapolis,MN,44.946698,-93.1341916,10732579762,3,3953,5897,524335970702103,2988626501343027,1536914387305548,723350237142132,3.547,9.192,14.489,3.943,3.682,97.35,140.836,274.601
3608,Minneapolis,MN,44.946701,-93.134597,10732579761,3,3953,5897,524335970702103,1140751574825271,1419234729194188,1394917461618672,28.395,10.192,18.493,4.781,3.682,97.684,189.899,276.248
3609,Minneapolis,MN,44.9467693,-93.1345964,10732579760,3,3953,5897,524335970702103,1140751574825271,1419234729194188,1890168105182602,29.544,17.162,20.324,0.692,3.682,97.684,189.899,270.648
3610,Minneapolis,MN,44.9467701,-93.1347178,13015878623,4,3953,5897,604312605671130,1335014778318172,1238820581029853,1287259236093764,13.537,16.88,7.478,1.041,312.563,97.684,208.122,271.345
3611,Minneapolis,MN,44.9467836,-93.1342214,10732579766,3,3953,5897,524335970702103,2988626501343027,1536914387305548,1891556488332318,10.019,18.994,23.514,6.325,3.682,97.35,140.836,268.074
3612,Minneapolis,MN,44.9467849,-93.1345401,10732579763,3,3953,5897,524335970702103,1140751574825271,1419234729194188,1046580187592699,25.95,18.129,25.077,1.287,3.682,97.684,189.899,270.648
3613,Minneapolis,MN,44.9468555,-93.1345413,10732579757,3,3953,5897,524335970702103,1140751574825271,1238820581029853,1697177955008703,29.968,25.978,24.293,7.263,3.682,97.684,208.122,272.964
3614,Minneapolis,MN,44.9468938,-93.1261915,13015832281,4,3953,5897,760000107084181,3959697930958167,707359078940743,760000107084181,7.397,31.132,10.092,7.397,326.862,142.973,179.18,326.862
3615,Minneapolis,MN,44.9337092,-93.1181021,2689282713,3,3954,5897,1398303971082888,1398303971082888,1699707947630835,1699707947630835,8.6,8.6,1.155,1.155,46.151,46.151,224.922,224.922
3616,Minneapolis,MN,44.9337651,-93.1180239,12412700836,4,3954,5897,225981413875352,225981413875352,656688000016295,656688000016295,8.735,8.735,0.944,0.944,45.413,45.413,225.492,225.492
3617,Minneapolis,MN,44.9338913,-93.1180551,12412700832,3,3954,5897,1787851321730588,894636908648985,893836169072159,893836169072159,20.587,20.634,8.73,8.73,44.927,45.413,226.622,226.622
3618,Minneapolis,MN,44.9339432,-93.1177744,12412700835,4,3954,5897,887869849444814,320830170917982,592252173537474,1167798147518062,9.365,8.746,2.227,2.366,39.392,48.314,225.689,226.933
3619,Minneapolis,MN,44.9339656,-93.1178053,12412700840,3,3954,5897,887869849444814,320830170917982,1167798147518062,1167798147518062,12.664,12.224,1.296,1.296,39.392,48.314,226.933,226.933
3620,Minneapolis,MN,44.9340124,-93.1178699,12412700833,4,3954,5897,887869849444814,320830170917982,1167798147518062,203462871614455,19.763,19.496,8.471,14.29,39.392,48.314,226.933,269.86
3621,Minneapolis,MN,44.9340409,-93.1176567,2689282739,4,3954,5897,715589110532445,1452431322006249,1076775577079772,324091815751031,9.704,9.668,0.974,11.102,46.923,48.197,226.842,270.25
3622,Minneapolis,MN,44.9342201,-93.116995,2505519349,4,3954,5897,1047396093131525,1244471953922141,1387114172137872,3808404579258332,3.617,13.435,16.557,9.338,45.962,86.001,184.499,268.96
3623,Minneapolis,MN,44.9343941,-93.1171148,2873912262,4,3954,5897,653134909957931,1174616616542633,1387114172137872,1124524315536250,9.177,8.636,8.636,2.48,0.0,90.0,184.499,226.64
3624,Minneapolis,MN,44.9345225,-93.1169293,2873912267,4,3954,5897,653134909957931,1174616616542633,9759842327378197,9759842327378197,18.545,18.291,2.507,2.507,0.0,90.0,225.612,225.612
3625,Minneapolis,MN,44.9346356,-93.1128463,2505519378,3,3954,5897,1112367287363446,1112367287363446,387380485812423,387380485812423,10.913,10.913,5.554,5.554,50.914,50.914,223.61,223.61
3626,Minneapolis,MN,44.9347879,-93.1126445,2505519395,3,3954,5897,743315328260587,743315328260587,211031133959201,211031133959201,11.521,11.521,5.655,5.655,48.297,48.297,224.55,224.55
3627,Minneapolis,MN,44.9348024,-93.1126445,2505519397,3,3954,5897,743315328260587,743315328260587,211031133959201,211031133959201,12.932,12.932,7.081,7.081,48.297,48.297,224.55,224.55
3628,Minneapolis,MN,44.9349308,-93.1163391,2505519418,4,3954,5897,843600007562396,843600007562396,354506824072362,959944715645237,8.112,8.112,2.657,2.648,44.979,44.979,225.51,226.221
3629,Minneapolis,MN,44.9349738,-93.1158983,2505519426,3,3954,5897,231891146606524,231891146606524,627853356369958,627853356369958,5.043,5.043,8.683,8.683,45.721,45.721,226.289,226.289
3630,Minneapolis,MN,44.935123,-93.1161021,2505519438,4,3954,5897,1741569743017830,1741569743017830,750191623393212,750191623393212,9.83,9.83,5.552,5.552,44.082,44.082,226.387,226.387
3631,Minneapolis,MN,44.9351233,-93.1164666,3050665977,4,3954,5897,3621570098127932,3621570098127932,927068852310165,1141515704147190,30.225,30.225,24.859,24.859,44.604,44.604,226.083,226.388
3632,Minneapolis,MN,44.9352474,-93.1158754,2505519451,3,3954,5897,1312860216777817,1312860216777817,9424482160949443,9424482160949443,6.794,6.794,3.181,3.181,44.219,44.219,225.956,225.956
3633,Minneapolis,MN,44.9354695,-93.1147257,2873884189,4,3954,5897,1018132545949405,1427298714573855,1680129969235214,1680129969235214,30.211,30.234,33.218,33.218,43.572,45.653,226.262,226.262
3634,Minneapolis,MN,44.9354731,-93.1151655,2505519483,3,3954,5897,279766098027659,279766098027659,627312706536236,627312706536236,5.741,5.741,9.321,9.321,45.908,45.908,226.083,226.083
3635,Minneapolis,MN,44.9354772,-93.1155402,2505519480,3,3954,5897,322665750676655,322665750676655,1055827073014290,1055827073014290,6.51,6.51,2.741,2.741,46.544,46.544,225.141,225.141
3636,Minneapolis,MN,44.9354907,-93.1158852,2505519486,3,3954,5897,918317109707096,918317109707096,484178301048869,484178301048869,26.462,26.462,22.593,22.593,45.763,45.763,225.54,225.54
3637,Minneapolis,MN,44.935524,-93.1115938,2505519495,4,3954,5897,596324826784725,596324826784725,140386301472142,140386301472142,11.35,11.35,6.168,6.168,49.123,49.123,231.58,231.58
3638,Minneapolis,MN,44.9355809,-93.1158869,2505519513,3,3954,5897,1134614417704946,1134614417704946,1165249165314303,2664633767038111,33.658,33.658,30.056,30.078,45.933,45.933,225.505,225.763
3639,Minneapolis,MN,44.9355822,-93.1149951,2505519515,3,3954,5897,3674586489454150,3674586489454150,2408482406168613,2408482406168613,6.431,6.431,9.657,9.657,45.653,45.653,226.662,226.662
3640,Minneapolis,MN,44.935588,-93.1153777,2505519514,3,3954,5897,371697992113640,371697992113640,346647148328048,638380105428357,6.598,6.598,2.884,2.789,45.722,45.722,225.698,226.416
3641,Minneapolis,MN,44.9356152,-93.1153376,3074295615,4,3954,5897,1728381727588150,1728381727588150,1138804181106681,1138804181106681,6.678,6.678,2.785,2.785,45.722,45.722,226.794,226.794
3642,Minneapolis,MN,44.9357083,-93.1157029,3074295619,3,3954,5897,322831493910159,322831493910159,1172703417035333,1059775329232989,34.019,34.019,29.836,29.836,46.544,46.544,225.555,225.69
3643,Minneapolis,MN,44.9359595,-93.1139918,2873891428,4,3954,5897,1582322619196153,1582322619196153,1280099219901256,453743701140534,30.131,30.131,34.324,34.275,47.956,47.956,226.23,227.163
3644,Minneapolis,MN,44.9360984,-93.1142451,2505519551,4,3954,5897,891942382650301,891942382650301,1108437414345276,1108437414345276,5.151,5.151,9.605,9.605,47.956,47.956,226.23,226.23
3645,Minneapolis,MN,44.9361671,-93.1104512,2505519554,4,3954,5897,2109294616236942,2109294616236942,532491944801332,532491944801332,11.63,11.63,5.921,5.921,51.993,51.993,232.5,232.5
3646,Minneapolis,MN,44.936181,-93.1101097,2505519555,3,3954,5897,1372961570690935,1372961570690935,543960769932354,543960769932354,4.923,4.923,9.334,9.334,51.993,51.993,231.97,231.97
3647,Minneapolis,MN,44.9362211,-93.1139931,2505519563,3,3954,5897,811492367447243,811492367447243,1289863685671592,1289863685671592,8.358,8.358,12.782,12.782,47.049,47.049,227.382,227.382
3648,Minneapolis,MN,44.9362213,-93.114444,2505519564,3,3954,5897,8225447564138642,1407897616493804,1138478350514075,1138478350514075,6.58,6.652,3.652,3.652,46.19,46.589,226.246,226.246
3649,Minneapolis,MN,44.9362373,-93.1140102,2505519566,3,3954,5897,811492367447243,811492367447243,1289863685671592,1289863685671592,6.218,6.218,10.549,10.549,47.049,47.049,227.382,227.382
3650,Minneapolis,MN,44.9363412,-93.1101154,2505519582,3,3954,5897,681215854614384,681215854614384,180383577293782,180383577293782,11.084,11.084,5.063,5.063,51.993,51.993,231.67,231.67
3651,Minneapolis,MN,44.9363973,-93.1137973,2505519591,4,3954,5897,1026470461966862,1026470461966862,598318039820389,598318039820389,4.866,4.866,9.274,9.274,46.069,46.069,225.727,225.727
3652,Minneapolis,MN,44.9364995,-93.1140398,2505519601,4,3954,5897,627081186133954,627081186133954,355698440661559,2911343819035397,6.749,6.749,3.111,3.111,46.284,46.284,225.304,225.514
3653,Minneapolis,MN,44.9365361,-93.1139806,2505519603,3,3954,5897,6881479061921505,6881479061921505,1256901665539807,1256901665539807,6.38,6.38,2.993,2.993,46.16,46.16,225.546,225.546
3654,Minneapolis,MN,44.9367302,-93.1091174,2505519619,3,3954,5897,1385758675908670,2006802806496152,475040013764843,386030659270358,3.472,2.787,11.232,16.683,56.698,88.487,181.41,220.83
3655,Minneapolis,MN,44.936868,-93.1092309,2047017675,4,3954,5897,1026087059435393,2006802806496152,758320801498314,386030659270358,15.616,14.982,2.968,17.131,50.903,88.487,165.55,220.83
3656,Minneapolis,MN,44.937106,-93.113362,2505519679,3,3954,5897,884620353126208,884620353126208,1151867642988808,1151867642988808,18.551,18.551,13.94,13.94,46.509,46.509,225.902,225.902
3657,Minneapolis,MN,44.9371068,-93.1135965,2505519680,3,3954,5897,315729094770829,334872879360102,1395082988486028,1395082988486028,31.217,31.401,26.803,26.803,46.509,47.419,225.787,225.787
3658,Minneapolis,MN,44.937185,-93.112652,2505519697,3,3954,5897,378206328020295,378206328020295,1808837173280739,1519454088588726,6.012,6.012,7.427,7.558,46.042,46.042,226.86,227.919
3659,Minneapolis,MN,44.9373392,-93.1124202,2505519707,3,3954,5897,380584867671131,893866102295926,1269460364358438,1269460364358438,7.264,6.891,7.338,7.338,43.706,45.657,225.993,225.993
3660,Minneapolis,MN,44.9374466,-93.1126517,2505519719,3,3954,5897,677025657948805,677025657948805,1139802433708428,1139802433708428,7.135,7.135,2.654,2.654,46.759,46.759,225.76,225.76
3661,Minneapolis,MN,44.9377608,-93.111806,2505519738,4,3954,5897,627584929415283,627584929415283,1076343114269636,1076343114269636,7.244,7.244,7.175,7.175,45.008,45.008,226.103,226.103
3662,Minneapolis,MN,44.9377701,-93.1126511,2505519746,4,3954,5897,276189875436701,276189875436701,1624443741800347,1624443741800347,33.147,33.147,28.354,28.354,46.475,46.475,226.411,226.411
3663,Minneapolis,MN,44.9378948,-93.1119877,2505519772,4,3954,5897,372426225453686,372426225453686,1289484868956082,1289484868956082,7.505,7.505,3.38,3.38,46.951,46.951,229.553,229.553
3664,Minneapolis,MN,44.9379113,-93.1111829,2505519780,4,3954,5897,656331989910627,656331989910627,1102796524872030,1102796524872030,31.232,31.232,28.572,28.572,40.386,40.386,226.79,226.79
3665,Minneapolis,MN,44.9383177,-93.1109904,2505519821,3,3954,5897,1083921943042257,1083921943042257,1292551938465593,1292551938465593,9.976,9.976,6.725,6.725,45.496,45.496,226.66,226.66
3666,Minneapolis,MN,44.9386117,-93.1109487,2505519848,3,3954,5897,309720775377072,309720775377072,926144848883283,1697014867826076,7.95,7.95,6.545,4.961,43.173,43.173,225.577,238.656
3667,Minneapolis,MN,44.9387888,-93.1111735,2505519865,4,3954,5897,250400197913282,250400197913282,926144848883283,1697014867826076,34.273,34.273,32.228,31.289,43.173,43.173,225.577,238.656
3668,Minneapolis,MN,44.9388565,-93.1099491,2873886539,3,3954,5897,1048768016394271,297165762040112,795039334544907,4085209628373634,22.804,16.744,12.75,19.696,45.907,99.87,161.26,225.99
3669,Minneapolis,MN,44.9389075,-93.1101249,2505519887,3,3954,5897,3588586714726456,3588586714726456,303209058024240,9146182922108121,9.382,9.382,14.431,6.165,46.834,46.834,180.53,226.287
3670,Minneapolis,MN,44.9390776,-93.1098711,2505519906,3,3954,5897,380044121248389,297165762040112,303209058024240,1105474531286958,8.939,12.183,13.372,6.313,46.397,99.87,180.53,225.935
3671,Minneapolis,MN,44.9392507,-93.1099987,2505519914,4,3954,5897,837255811535894,837255811535894,9042750869093730,9042750869093730,6.502,6.502,3.471,3.471,48.245,48.245,223.286,223.286
3672,Minneapolis,MN,44.9395762,-93.109518,2458481751,3,3954,5897,1026547205317552,1026547205317552,1586810831963949,1586810831963949,8.539,8.539,2.447,2.447,45.715,45.715,225.93,225.93
3673,Minneapolis,MN,44.9400721,-93.1081587,2458481823,4,3954,5897,1537536610341871,1358731268082315,1309154820508463,1309154820508463,16.502,15.642,21.275,21.275,39.177,45.485,226.128,226.128
3674,Minneapolis,MN,44.9402252,-93.1085714,2458481844,4,3954,5897,948009266655419,948009266655419,526931963024585,526931963024585,8.093,8.093,1.836,1.836,46.328,46.328,226.39,226.39
3675,Minneapolis,MN,44.9402281,-93.107824,2458481848,3,3954,5897,312205375124296,6847212345358453,560775696861802,560775696861802,24.448,24.093,27.039,27.039,42.041,44.597,226.354,226.354
3676,Minneapolis,MN,44.9403498,-93.1059852,2097453152,3,3954,5897,327360543585037,681861527269983,879641350613789,1107363606826793,33.827,30.008,16.12,14.677,20.615,85.658,222.977,266.515
3677,Minneapolis,MN,44.9403929,-93.0997584,2458502117,3,3954,5897,1607351267165894,780136318107596,297171996238689,610410767953831,11.215,10.666,16.111,16.111,346.377,90.138,180.0,270.0
3678,Minneapolis,MN,44.9406722,-93.0987568,2022653365,3,3954,5897,758353810304641,1353691606374974,1565351777761203,2219407108473338,11.868,11.868,10.954,15.611,341.108,58.277,225.017,272.706
3679,Minneapolis,MN,44.9412122,-93.1071242,2458481897,4,3954,5897,331402609749051,331402609749051,1163010441872147,1043863686581204,7.992,7.992,2.506,10.115,45.584,45.584,225.079,270.0
3680,Minneapolis,MN,44.9412304,-93.1064058,7042849092,4,3954,5897,2562407753914429,368740399170821,281095794386343,250751147510139,27.371,5.498,27.185,27.185,0.0,87.422,180.0,270.0
3681,Minneapolis,MN,44.9412317,-93.1113634,2458481911,3,3954,5897,160328516970243,160328516970243,522358546772754,265005172592371,8.871,8.871,28.16,7.892,55.04,55.04,180.0,271.672
3682,Minneapolis,MN,44.9412347,-93.1089374,2458481905,3,3954,5897,947123883154490,1242904536613125,214175041366856,194382323490801,16.689,16.459,16.581,8.473,0.0,90.0,180.0,269.277
3683,Minneapolis,MN,44.9412362,-93.1087644,8035191772,4,3954,5897,141168502190386,1242904536613125,263778786110633,225454716886678,8.667,8.642,8.667,8.667,0.0,90.0,180.0,270.0
3684,Minneapolis,MN,44.9413919,-93.1071446,2873884364,4,3954,5897,388172363633781,1138556377528077,1137594131064444,593462549230580,23.416,30.655,17.147,9.988,46.378,82.205,224.74,270.314
3685,Minneapolis,MN,44.9413921,-93.1068536,2458481934,4,3954,5897,733959528628824,1138556377528077,522139234216834,245886611317895,7.58,15.864,1.482,9.563,45.117,82.205,224.692,266.485
3686,Minneapolis,MN,44.9413999,-93.1087616,2458481941,3,3954,5897,947123883154490,1242277356492787,6838933019450141,225454716886678,9.143,8.721,8.306,9.578,0.0,90.0,180.0,270.0
3687,Minneapolis,MN,44.9414103,-93.1113343,2418427358,4,3954,5897,919887935912944,919887935912944,1455815498795405,265005172592371,6.4,6.4,21.778,12.415,55.872,55.872,146.675,271.672
3688,Minneapolis,MN,44.9418189,-93.1016511,9937447332,3,3954,5897,383838140764101,917718246356442,562475072763532,1298991008344147,24.516,24.411,28.668,29.78,52.6,94.615,131.241,270.661
3689,Minneapolis,MN,44.9420075,-93.101027,2384874836,3,3954,5897,1224267718227758,110141775414346,133071543097320,628099118919783,5.549,6.963,24.576,18.729,359.704,57.22,180.0,274.453
3690,Minneapolis,MN,44.9421531,-93.1058795,2458482032,4,3954,5897,656623293065618,656623293065618,1029449052278259,1029449052278259,7.759,7.759,4.687,4.687,41.883,41.883,222.921,222.921
3691,Minneapolis,MN,44.9421869,-93.1013008,2458502228,3,3954,5897,1253944029523492,110141775414346,133071543097320,24668472129509403,12.86,26.042,31.505,12.555,357.266,57.22,180.0,276.751
3692,Minneapolis,MN,44.9424484,-93.100386,1231458482,5,3954,5897,976208423375679,2281198582269035,1341697066561959,968078677525633,32.527,30.827,33.971,30.827,356.154,90.0,236.404,264.825
3693,Minneapolis,MN,44.942525,-93.1004945,1231458478,4,3954,5897,935174374365183,2281198582269035,1341697066561959,968078677525633,31.256,31.256,33.938,31.256,11.434,90.0,236.404,264.825
3694,Minneapolis,MN,44.9425543,-93.1053774,2458482074,4,3954,5897,910047427502789,910047427502789,961610952119158,961610952119158,8.667,8.667,5.166,5.166,41.324,41.324,221.655,221.655
3695,Minneapolis,MN,44.9426571,-93.1052465,2458482081,4,3954,5897,1019525955801352,1019525955801352,519562977812118,1133758597682014,8.349,8.349,5.3,5.27,41.433,41.433,220.827,221.724
3696,Minneapolis,MN,44.942974,-93.1048367,2458482096,4,3954,5897,944651923680995,944651923680995,1285171696097807,1285171696097807,8.336,8.336,4.449,4.449,43.524,43.524,221.475,221.475
3697,Minneapolis,MN,44.9432218,-93.0981945,2091677113,4,3954,5897,1963055451106346,24195850133378997,747655704878102,1443388376478034,16.804,15.883,16.804,19.982,0.0,94.191,180.0,271.471
3698,Minneapolis,MN,44.9432423,-93.1017473,2458502278,3,3954,5897,1706863146622592,1273658496879698,1216527039053454,702546305939812,19.852,24.941,25.317,23.447,358.082,84.239,131.003,323.484
3699,Minneapolis,MN,44.9433595,-93.1062869,2458482110,4,3954,5897,1041596183805223,706750621574428,508169394728273,508169394728273,32.423,33.956,5.532,5.532,5.774,43.342,219.216,219.216
3700,Minneapolis,MN,44.9433788,-93.1065533,2458482111,4,3954,5897,1041596183805223,706750621574428,780445343549526,6265430476846904,15.462,18.113,12.88,11.743,5.774,43.342,214.789,220.558
3701,Minneapolis,MN,44.9434482,-93.1064663,2458482119,3,3954,5897,1041596183805223,706750621574428,6976285289132530,573135988325140,15.394,16.745,18.4,11.848,5.774,43.342,193.275,221.258
3702,Minneapolis,MN,44.9435099,-93.1063888,2458482123,4,3954,5897,1041596183805223,706750621574428,1602404170247789,1602404170247789,20.356,20.426,11.428,11.428,5.774,43.342,219.464,219.464
3703,Minneapolis,MN,44.9435814,-93.0985212,13750502473,4,3954,5897,1696139625102188,256986940028603,777889080560674,1767540930704765,4.769,14.391,27.592,5.989,6.045,92.889,190.033,279.538
3704,Minneapolis,MN,44.9437669,-93.1047995,2458482145,4,3954,5897,3180694408890579,106714402450757,6743742262325476,6950598151620967,3.545,21.498,24.608,27.669,0.0,131.479,193.951,234.289
3705,Minneapolis,MN,44.9438598,-93.1046272,1554744483,4,3954,5897,289386566846566,106714402450757,6743742262325476,800475565010675,11.23,24.064,25.854,28.702,0.0,131.479,193.951,304.809
3706,Minneapolis,MN,44.9439273,-93.1045399,3627397860,3,3954,5897,289386566846566,106714402450757,6743742262325476,800475565010675,20.858,31.583,32.638,34.809,0.0,131.479,193.951,304.809
3707,Minneapolis,MN,44.9439583,-93.1077627,4504614195,3,3954,5897,1654493271722878,1654493271722878,718087177718050,1457928185703814,3.194,3.194,15.461,33.854,42.747,42.747,131.435,234.442
3708,Minneapolis,MN,44.9441284,-93.1034235,10586104185,4,3954,5897,2006812143484225,1429089034339544,1885108818523030,1210452269619676,15.148,15.809,6.648,6.016,37.305,50.202,200.304,258.178
3709,Minneapolis,MN,44.9442004,-93.1022612,2458502302,3,3954,5897,1568374953974308,1518997942225602,1518997942225602,1568374953974308,9.279,9.505,9.505,9.279,307.49,124.827,124.827,307.49
3710,Minneapolis,MN,44.9443444,-93.1027016,2458502306,3,3954,5897,1374736903141567,1524918668051959,907244914914124,370090875538069,6.964,7.489,17.674,18.971,39.534,79.985,211.958,274.154
3711,Minneapolis,MN,44.9443916,-93.1027274,2458502311,4,3954,5897,899224095141687,1361714694511544,1159464292261342,370090875538069,1.569,1.287,12.24,14.036,50.203,71.676,215.211,274.154
3712,Minneapolis,MN,44.9444324,-93.1027496,2458502314,3,3954,5897,1374736903141567,1361714694511544,1584136532247383,370090875538069,6.877,3.979,8.269,10.353,39.534,71.676,215.211,274.154
3713,Minneapolis,MN,44.9444636,-93.1071095,2458482185,4,3954,5897,829244921757593,1426312621450688,1405801237377531,1907975539835027,5.595,2.53,16.38,34.86,0.0,45.672,133.284,234.442
3714,Minneapolis,MN,44.9446058,-93.1030576,2458482193,4,3954,5897,1528817854980659,879707312611830,1002446306958623,599592362796244,20.061,2.097,3.255,8.853,30.618,126.71,143.05,219.111
3715,Minneapolis,MN,44.9448656,-93.102833,2458502329,3,3954,5897,965159162391074,965159162391074,282775197417031,623352316372805,14.882,14.882,7.834,9.803,39.394,39.394,208.497,210.448
3716,Minneapolis,MN,44.9449113,-93.1028609,2091715041,4,3954,5897,965159162391074,965159162391074,282775197417031,1009253620058983,17.09,17.09,12.729,12.426,39.394,39.394,208.497,210.479
3717,Minneapolis,MN,44.9452288,-93.1039177,2458482220,4,3954,5897,805034491390215,1264569878051743,166744692121505,1978968669525967,18.36,18.19,5.296,12.048,342.041,60.113,156.54,244.671
3718,Minneapolis,MN,44.9453753,-93.1040062,2458482228,4,3954,5897,805034491390215,1708988503090863,486502926103355,719185497833267,18.551,19.145,4.623,11.469,342.041,68.707,164.59,252.199
3719,Minneapolis,MN,44.945467,-93.1042483,1554271916,3,3954,5897,135928916244505,754827843948559,1777515722431263,1091576489652989,31.739,33.231,22.284,26.244,342.832,72.774,166.63,257.449
3720,Minneapolis,MN,44.9455974,-93.1014603,2091677220,3,3954,5897,1508623300151991,2455604214820694,770196012357257,215617521191423,24.635,13.569,8.521,24.719,22.907,141.93,180.462,225.648
3721,Minneapolis,MN,44.9456159,-93.1043099,1554271921,3,3954,5897,1029420278194575,1288148346317103,140408938022122,709048062112780,32.13,33.711,21.221,26.548,348.272,73.795,166.86,262.612
3722,Minneapolis,MN,44.9456436,-93.1014819,1554256213,4,3954,5897,1508623300151991,2455604214820694,2095448864197775,1657957774626731,19.226,11.43,0.801,20.042,22.907,141.93,170.087,226.313
3723,Minneapolis,MN,44.9456895,-93.1014944,2091677223,3,3954,5897,1508623300151991,713223338439193,2095448864197775,1657957774626731,14.126,12.634,4.435,15.567,22.907,42.449,170.087,226.313
3724,Minneapolis,MN,44.945718,-93.103727,1545428868,3,3954,5897,1526873008082366,1526873008082366,658837059720895,709048062112780,3.21,3.21,17.85,20.721,56.967,56.967,164.042,262.612
3725,Minneapolis,MN,44.945891,-93.1017705,2098435577,3,3954,5897,2845177969037257,501455701195796,3356447377938464,220513610692341,15.479,9.303,9.869,10.077,23.863,96.579,224.765,225.826
3726,Minneapolis,MN,44.9459012,-93.1018463,772371517,4,3954,5897,2845177969037257,501455701195796,563191141756913,3356447377938464,20.016,12.875,12.488,14.766,23.863,96.579,131.656,224.765
3727,Minneapolis,MN,44.9459442,-93.1033702,12737123490,4,3954,5897,1526873008082366,844195423851386,3544462059174741,329533763065834,34.488,15.362,14.36,25.826,56.967,100.765,143.024,225.139
3728,Minneapolis,MN,44.9459667,-93.1089366,2458482259,4,3954,5897,7019745804769105,3763586077205632,395844189499072,715208630703843,22.861,22.197,28.416,14.458,5.774,52.38,165.567,308.067
3729,Minneapolis,MN,44.9460295,-93.1090451,1657709337,3,3954,5897,7019745804769105,3763586077205632,395844189499072,1055102492432135,12.501,12.666,20.577,14.266,5.774,52.38,165.567,308.067
3730,Minneapolis,MN,44.9461219,-93.1014502,2091677240,3,3954,5897,507906097060411,194572190122763,1619984671759996,1259954728285601,5.847,12.051,11.897,11.897,0.0,90.0,180.0,270.0
3731,Minneapolis,MN,44.9462094,-93.1093718,1657709333,3,3954,5897,353538144291327,3763586077205632,395844189499072,364640476379606,16.116,24.223,26.141,23.271,8.057,52.38,165.567,308.067
3732,Minneapolis,MN,44.9462648,-93.1017088,2098435643,3,3954,5897,1224793164607669,501455701195796,166286482092461,3964127817138025,6.872,33.744,24.364,5.749,0.0,96.579,134.781,316.016
3733,Minneapolis,MN,44.9462788,-93.1023898,2095737164,3,3954,5897,510006983510544,334687541330203,334687541330203,510006983510544,24.93,13.248,13.248,24.93,314.589,133.145,133.145,314.589
3734,Minneapolis,MN,44.9463223,-93.102455,2458502423,3,3954,5897,3748168728627996,334687541330203,334687541330203,3748168728627996,24.715,12.933,12.933,24.715,313.794,133.145,133.145,313.794
3735,Minneapolis,MN,44.9463793,-93.1009497,2098435684,4,3954,5897,1303398850283957,268772022258927,1168952174501248,1291559365887933,22.74,22.778,6.58,7.438,0.0,90.0,233.575,277.756
3736,Minneapolis,MN,44.9464519,-93.1020161,2098435708,3,3954,5897,765817616119824,1087480013315548,1285817849919831,1286170799571048,14.515,14.716,14.332,14.716,0.0,90.0,180.0,270.0
3737,Minneapolis,MN,44.9464565,-93.100208,519336981,3,3954,5897,593425316867204,1049096550764831,976251051178581,1246885290388495,10.479,10.479,10.479,6.279,346.724,115.217,209.521,278.281
3738,Minneapolis,MN,44.9464756,-93.0998583,519336989,4,3954,5897,593425316867204,1049096550764831,976251051178581,1640975006579418,25.773,25.773,25.773,12.235,346.724,115.217,209.521,278.693
3739,Minneapolis,MN,44.9464787,-93.1026872,1545428862,3,3954,5897,179302097406720,541049937065391,541049937065391,179302097406720,25.742,14.285,14.285,25.742,313.865,139.658,139.658,313.865
3740,Minneapolis,MN,44.9464833,-93.1135293,2458482286,4,3954,5897,1452966532408512,594204413748256,1898962154008273,1057477706042796,10.759,10.082,28.321,32.643,50.883,88.857,173.94,296.348
3741,Minneapolis,MN,44.946624,-93.1086667,4595502054,4,3954,5897,266591536441084,3769830996581319,3655605518028309,735237725204899,22.461,25.153,19.777,23.873,346.725,79.984,173.272,270.0
3742,Minneapolis,MN,44.9466423,-93.1132973,2458482332,4,3954,5897,1270443174521276,1253607223220757,1898962154008273,587779530809226,3.937,5.605,9.926,11.828,14.459,36.469,173.94,303.835
3743,Minneapolis,MN,44.9466466,-93.1137046,2418393575,3,3954,5897,1174711201368876,1408570513625462,1898962154008273,1057477706042796,25.734,10.339,27.04,27.149,9.56,90.247,173.94,296.348
3744,Minneapolis,MN,44.9466469,-93.1135283,2458482338,4,3954,5897,1174711201368876,594204413748256,1898962154008273,1057477706042796,12.023,12.208,14.193,16.296,9.56,88.857,173.94,296.348
3745,Minneapolis,MN,44.9466612,-93.1021734,2091677252,3,3954,5897,765817616119824,1087480013315548,628312473593272,721550690613638,11.859,11.718,11.952,2.281,0.0,90.0,180.0,293.1
3746,Minneapolis,MN,44.946909,-93.1132955,2458482353,4,3954,5897,2481971672184094,1450509759290871,1086302880234329,1833449357213842,10.244,23.458,19.691,10.519,358.757,32.496,163.125,322.534
3747,Minneapolis,MN,44.9469621,-93.1081118,4595502047,3,3954,5897,217689561413070,356287167146220,240092982468911,1434905520741367,8.123,5.213,28.494,7.326,300.964,100.786,169.966,259.894
3748,Minneapolis,MN,44.9469925,-93.1135267,12248507583,3,3954,5897,3970805659732706,1450509759290871,1898962154008273,703042132630468,8.521,34.097,33.308,8.236,359.142,32.496,173.94,323.624
3749,Minneapolis,MN,44.9470274,-93.1034102,2458502432,3,3954,5897,4084274035169113,313307460264028,313307460264028,4084274035169113,20.841,8.983,8.983,20.841,313.696,131.745,131.745,313.696
3750,Minneapolis,MN,44.9472402,-93.1086543,4790745453,3,3954,5897,251727234616183,1079647626713218,1102156561232627,2011496272557705,20.003,16.762,21.197,19.833,6.728,109.455,180.0,270.0
3751,Minneapolis,MN,44.9473009,-93.1086552,4595502037,3,3954,5897,251727234616183,1079647626713218,1102156561232627,2011496272557705,25.196,21.282,26.373,25.506,6.728,109.455,180.0,270.0
3752,Minneapolis,MN,44.9473039,-93.104263,4201206527,3,3954,5897,626922946708448,1033440812332334,1997187087112466,1529773575287719,27.777,32.222,25.992,19.586,12.676,56.922,168.444,230.919
3753,Minneapolis,MN,44.9473097,-93.1162336,2458482393,4,3954,5897,4252565111658136,639197055179796,507394855764079,1319898953469317,23.057,20.008,7.373,7.373,305.238,90.0,173.195,224.681
3754,Minneapolis,MN,44.9473099,-93.1160119,2458482395,4,3954,5897,4252565111658136,639197055179796,670149536075492,1437926507509620,9.917,9.213,7.809,9.279,305.238,90.0,184.444,268.58
3755,Minneapolis,MN,44.9474735,-93.1160096,2458482413,4,3954,5897,4252565111658136,639197055179796,1090073859706716,744932364576455,9.641,8.984,14.086,9.368,305.238,90.0,175.618,270.0
3756,Minneapolis,MN,44.9474751,-93.1162364,2458482415,4,3954,5897,4252565111658136,639197055179796,1090073859706716,1437926507509620,23.231,20.172,15.95,20.927,305.238,90.0,175.618,268.58
3757,Minneapolis,MN,44.9479459,-93.104128,1543723742,3,3954,5897,715288108047452,495700388286472,495700388286472,1485251449561996,10.107,26.253,26.253,9.831,313.692,137.525,137.525,312.114
3758,Minneapolis,MN,44.94828,-93.1053796,2187886404,4,3954,5897,4705156622844110,2894690494079870,2894690494079870,1056607573234859,23.31,13.309,13.309,23.097,305.906,133.794,133.794,305.032
3759,Minneapolis,MN,44.9483323,-93.1054803,1543723764,4,3954,5897,1056607573234859,2894690494079870,2894690494079870,1056607573234859,20.21,13.539,13.539,20.21,305.032,133.794,133.794,305.032
3760,Minneapolis,MN,44.9490918,-93.1069889,1543726520,3,3954,5897,2312731425791176,283969543422278,283969543422278,2312731425791176,30.104,19.474,19.474,30.104,316.554,132.099,132.099,316.554
3761,Minneapolis,MN,44.9491086,-93.1069671,1543726521,3,3954,5897,2312731425791176,283969543422278,283969543422278,2312731425791176,27.637,17.063,17.063,27.637,316.554,132.099,132.099,316.554
3762,Minneapolis,MN,44.9369473,-93.0806951,6957603050,3,3955,5897,902714983907290,467603107869766,615193109877543,3899588986823839,6.356,8.177,8.07,7.316,50.51,87.059,188.428,239.428
3763,Minneapolis,MN,44.9370342,-93.0805524,6957603056,3,3955,5897,270537931443579,305085857951365,212411867104810,1134037523689918,9.868,7.65,6.848,2.214,59.301,65.045,237.218,267.753
3764,Minneapolis,MN,44.9371554,-93.0793724,6112406574,3,3955,5897,948271472672215,890382084856556,307061707695415,230890192137503,5.648,15.512,2.173,25.418,343.806,100.377,160.688,255.595
3765,Minneapolis,MN,44.9373274,-93.0794654,187910144,4,3955,5897,328265252048077,890382084856556,487907219293110,608751503854914,6.78,7.149,5.433,8.041,337.737,100.377,157.332,237.463
3766,Minneapolis,MN,44.9382216,-93.0826028,13207340360,3,3955,5897,295302215327574,3799433403516592,475132967028341,906465666594991,24.164,26.572,28.875,32.925,0.0,73.578,175.503,231.448
3767,Minneapolis,MN,44.9382358,-93.0826161,2487477001,3,3955,5897,295302215327574,3799433403516592,475132967028341,906465666594991,22.278,25.395,27.531,31.62,0.0,73.578,175.503,231.448
3768,Minneapolis,MN,44.9383507,-93.0823498,8045353282,4,3955,5897,1228697754245094,820301332241102,475132967028341,2394670690959409,22.229,14.847,20.523,27.073,0.0,73.578,175.503,272.089
3769,Minneapolis,MN,44.9385032,-93.0819649,8045353281,4,3955,5897,768482920700160,154055933344263,168173181908488,777845369565671,25.266,8.289,18.925,18.425,0.0,66.326,236.384,240.945
3770,Minneapolis,MN,44.9386583,-93.0815206,8045353280,4,3955,5897,526379608365785,950053675755333,174327244600611,878685722710024,24.199,7.431,24.402,21.86,0.0,67.706,239.197,244.437
3771,Minneapolis,MN,44.9389095,-93.0802907,8045353278,4,3955,5897,225436619342973,560336414930954,248099027103602,958160114989215,2.874,13.211,2.986,22.466,353.689,90.899,158.917,258.885
3772,Minneapolis,MN,44.9389536,-93.0799669,13503320620,4,3955,5897,225436619342973,281762163683119,560163598288515,2952942648318643,23.121,7.671,28.678,22.635,353.689,78.303,164.191,258.925
3773,Minneapolis,MN,44.9394336,-93.0764057,10747650166,4,3955,5897,572847060360559,157502399712642,912242442666799,288699036302047,29.844,8.102,25.898,23.658,0.0,76.224,171.724,263.798
3774,Minneapolis,MN,44.9394546,-93.0762426,8045353259,3,3955,5897,174003414642611,819068892381320,3829145607202448,507576263716344,29.843,8.384,10.845,23.753,0.0,75.594,159.811,255.772
3775,Minneapolis,MN,44.9407144,-93.0771587,7242148587,3,3955,5897,1190761243129751,851379257912883,1429296675327034,1979960749249658,19.546,21.867,20.553,19.426,321.65,102.749,164.312,319.666
3776,Minneapolis,MN,44.940777,-93.0769181,7242121882,3,3955,5897,1979960749249658,851379257912883,1429296675327034,1979960749249658,1.585,3.155,8.448,1.585,319.666,102.749,164.312,319.666
3777,Minneapolis,MN,44.9407831,-93.0769004,7130818984,3,3955,5897,1979960749249658,1621523352384951,1429296675327034,1979960749249658,2.636,4.232,8.686,2.636,319.666,94.763,164.312,319.666
3778,Minneapolis,MN,44.9408394,-93.0767024,7130834685,3,3955,5897,979699101046821,1249434329915564,504153630941343,979699101046821,19.023,9.307,2.879,19.023,319.666,100.158,161.958,319.666
3779,Minneapolis,MN,44.9431376,-93.0979718,4567710490,3,3955,5897,1963055451106346,4037445153251280,747655704878102,892403929081134,32.543,23.519,32.543,26.476,0.0,94.191,180.0,277.919
3780,Minneapolis,MN,44.9431913,-93.0978565,12037033014,3,3955,5897,526300103754895,1807565356638801,747655704878102,6350773695023715,24.885,16.318,34.928,18.646,357.298,94.191,180.0,278.485
3781,Minneapolis,MN,44.9432004,-93.0979577,4567710532,3,3955,5897,1963055451106346,4037445153251280,747655704878102,265716806524839,28.081,16.551,28.081,19.113,0.0,94.191,180.0,279.345
3782,Minneapolis,MN,44.9433227,-93.0978293,12037033016,4,3955,5897,526300103754895,824430489693929,747655704878102,6350773695023715,11.131,3.027,31.204,3.895,357.298,94.122,180.0,278.485
3783,Minneapolis,MN,44.9433763,-93.0980993,4567710487,3,3955,5897,1916669692450761,1006689557095100,747655704878102,1358630828191690,9.477,1.492,9.484,1.21,0.0,96.52,180.0,277.919
3784,Minneapolis,MN,44.943384,-93.0978166,12037033017,4,3955,5897,526300103754895,824430489693929,747655704878102,479948811474583,6.48,4.256,31.749,2.451,357.298,94.122,180.0,278.678
3785,Minneapolis,MN,44.9433937,-93.097918,517224651,3,3955,5897,24116333214662602,882724243526108,747655704878102,1059674981932179,8.288,4.54,23.864,2.43,358.267,94.122,180.0,279.345
3786,Minneapolis,MN,44.9435125,-93.0977901,12037033013,4,3955,5897,526300103754895,1086798329165967,2287385631465761,251032744716243,13.357,18.709,33.149,8.035,357.298,91.884,156.989,278.462
3787,Minneapolis,MN,44.9435298,-93.0980041,4567710564,4,3955,5897,1119258099602217,230801396259745,747655704878102,1267364361121474,4.728,17.359,24.416,7.866,354.917,98.905,180.0,278.979
3788,Minneapolis,MN,44.9437519,-93.0928987,2053145019,3,3955,5897,133994572119165,2480240038806168,198024879298556,1220081668870771,3.447,11.275,12.809,12.65,0.0,90.0,166.73,278.042
3789,Minneapolis,MN,44.9437905,-93.0929026,2046915050,4,3955,5897,483270126277398,2480240038806168,198024879298556,1220081668870771,5.211,7.477,8.852,8.635,0.0,90.0,166.73,278.042
3790,Minneapolis,MN,44.9438239,-93.0929044,2053145023,3,3955,5897,952139939159760,2480240038806168,198024879298556,1220081668870771,5.613,5.028,5.932,5.613,0.0,90.0,166.73,278.042
3791,Minneapolis,MN,44.9439172,-93.0770559,1800566113,3,3955,5897,149874800440084,215523266757576,1025385628866040,330699622066105,10.042,12.984,28.348,5.398,29.718,80.776,161.135,257.048
3792,Minneapolis,MN,44.9439342,-93.0926465,2046915070,3,3955,5897,316899719782540,24857609307186466,739113831045546,1028777385085169,14.663,1.69,10.822,8.1,0.0,60.115,238.553,242.514
3793,Minneapolis,MN,44.9439654,-93.0968048,9679240631,3,3955,5897,3360130527475999,1869038180552683,1419913482666051,719244870813422,13.412,22.51,34.347,26.286,13.112,32.706,202.3,291.372
3794,Minneapolis,MN,44.9439975,-93.0923622,13304840316,3,3955,5897,521801057298233,920096405789191,878564763737588,878564763737588,1.968,7.513,13.285,13.285,0.0,54.105,237.257,237.257
3795,Minneapolis,MN,44.9440704,-93.0965073,2322734917,4,3955,5897,9845589472236801,1256298696215379,1419913482666051,753038420433618,5.942,5.625,8.613,12.532,356.853,34.48,202.3,255.233
3796,Minneapolis,MN,44.9441345,-93.0967136,2326562739,3,3955,5897,633260192702706,1869038180552683,1419913482666051,775554168311086,2.665,19.184,22.076,23.441,357.373,32.706,202.3,268.525
3797,Minneapolis,MN,44.9443098,-93.0791632,187913259,3,3955,5897,1957939737717400,273755764326571,304794054591531,452895226006412,2.951,10.055,12.748,22.368,21.383,90.0,151.723,327.432
3798,Minneapolis,MN,44.9447579,-93.0964526,2322734990,4,3955,5897,630821833360771,2236193680167178,1422508179072715,743855735121837,10.8,13.685,10.75,12.093,352.9,135.54,158.562,252.412
3799,Minneapolis,MN,44.9447746,-93.0915971,2091677180,4,3955,5897,257746157093968,257746157093968,802508058707815,802508058707815,12.342,12.342,9.531,9.531,56.364,56.364,235.699,235.699
3800,Minneapolis,MN,44.944938,-93.096497,2322735001,4,3955,5897,1300404220958149,2236193680167178,647176537718304,2241540089615392,7.064,22.107,17.4,10.289,351.944,135.54,161.538,261.75
3801,Minneapolis,MN,44.9450155,-93.090303,9699113518,3,3955,5897,3259977864327810,345071921768572,922221430051621,922221430051621,5.751,10.384,5.936,5.936,0.0,55.591,232.81,232.81
3802,Minneapolis,MN,44.9451945,-93.0888105,9699095015,3,3955,5897,1585864818467611,4221088731441565,2433515820496439,2077860866095418,14.328,18.57,23.619,11.483,0.0,76.465,172.545,245.043
3803,Minneapolis,MN,44.9452325,-93.0885306,13750852125,3,3955,5897,1428834524939026,4221088731441565,2433515820496439,1475606590840728,3.476,10.632,5.494,5.481,326.834,76.465,172.545,260.224
3804,Minneapolis,MN,44.9453172,-93.0882452,13750996709,3,3955,5897,1958565615026496,2417978151975514,1534055548339196,1863804227649555,13.052,0.893,13.248,1.248,3.572,114.616,224.132,246.183
3805,Minneapolis,MN,44.9453468,-93.0878467,1554673979,3,3955,5897,1620930149049383,1457342128628104,962875416687413,703647246141931,5.019,5.916,11.876,13.04,46.563,58.683,223.809,244.31
3806,Minneapolis,MN,44.9453771,-93.0877812,13304840299,3,3955,5897,1620930149049383,26292473203748004,2029386745126857,703647246141931,1.193,3.97,15.427,10.692,46.563,59.921,205.777,244.31
3807,Minneapolis,MN,44.9454964,-93.0892261,2046915100,3,3955,5897,2680251412374295,344931035160584,2112212682565652,2112212682565652,21.178,15.825,10.28,10.28,1.647,90.0,234.26,234.26
3808,Minneapolis,MN,44.9455323,-93.0875364,13304840306,3,3955,5897,926195923451579,1474285964149263,1968046317121555,2051926509093081,3.943,6.718,14.946,2.244,20.037,77.155,213.244,262.052
3809,Minneapolis,MN,44.945576,-93.087524,187921105,3,3955,5897,1458329632704024,1971106030158342,1968046317121555,973081075256526,8.755,2.64,11.76,0.811,4.112,72.882,213.244,260.092
3810,Minneapolis,MN,44.9456401,-93.0898188,2505496162,4,3955,5897,264511266638632,264511266638632,598095116282146,598095116282146,13.722,13.722,7.889,7.889,55.501,55.501,232.966,232.966
3811,Minneapolis,MN,44.9456794,-93.0872416,1554674013,3,3955,5897,895212296813403,936441892584444,1968046317121555,968091719499988,5.036,9.276,13.448,5.285,34.565,97.114,213.244,320.103
3812,Minneapolis,MN,44.945685,-93.0889307,2053145059,3,3955,5897,1755577345412074,1671711680517683,1488376532983891,1658609701699776,9.63,3.573,4.375,6.154,1.647,69.957,176.539,234.328
3813,Minneapolis,MN,44.9457557,-93.0871065,2053145061,4,3955,5897,1586085993093845,2091698868353414,1462290295265714,976700121683025,4.404,9.905,8.828,7.25,309.452,99.301,134.275,273.924
3814,Minneapolis,MN,44.9459366,-93.0962412,2091677232,3,3955,5897,410080498326853,1158288692644714,676214021707961,724744156407687,10.221,9.15,13.944,4.238,353.6,42.134,120.776,272.385
3815,Minneapolis,MN,44.9459425,-93.0962674,1554214906,4,3955,5897,410080498326853,1158288692644714,1385412345492763,724744156407687,8.084,8.706,23.203,4.788,353.6,42.134,201.972,272.385
3816,Minneapolis,MN,44.9459591,-93.0963408,2091677234,3,3955,5897,410080498326853,410268871727460,1385412345492763,724744156407687,2.372,16.044,17.62,9.311,353.6,84.375,201.972,272.385
3817,Minneapolis,MN,44.9461028,-93.0880622,2045501935,4,3955,5897,1668647904489534,2361411044360591,940667435357378,1606587540606145,6.124,8.791,8.884,3.815,43.742,73.211,188.887,256.9
3818,Minneapolis,MN,44.9464026,-93.0952905,13668074308,4,3955,5897,1401293907678823,1198589282060616,566278702694025,566278702694025,4.241,9.81,5.539,5.539,0.0,89.868,210.663,210.663
3819,Minneapolis,MN,44.9464519,-93.086286,13305110392,3,3955,5897,1179708622698039,273177065135167,578695960916297,624329202615327,25.15,25.079,33.448,33.448,359.559,86.372,180.0,270.0
3820,Minneapolis,MN,44.946516,-93.0954005,2098435726,4,3955,5897,1401293907678823,1198589282060616,566278702694025,892549341848402,18.379,7.639,12.258,11.468,0.0,89.868,210.663,321.764
3821,Minneapolis,MN,44.9465308,-93.095171,2053176363,4,3955,5897,242598028418412,1198589282060616,566278702694025,242598028418412,3.394,20.129,12.039,3.394,318.824,89.868,210.663,318.824
3822,Minneapolis,MN,44.9466982,-93.0883888,2053145100,4,3955,5897,489078650507214,925944446408707,1319801329019735,451327884584337,12.003,11.127,5.394,9.704,301.722,78.847,165.749,299.033
3823,Minneapolis,MN,44.946967,-93.0867824,4436638032,4,3955,5897,975642140130964,625825562753560,2440789142761893,262084826211694,5.546,9.424,6.865,8.374,357.107,89.036,180.0,281.41
3824,Minneapolis,MN,44.9469878,-93.0860947,1552727957,4,3955,5897,115315631535805,1732025187215575,530881335924696,624441166200753,6.911,5.384,11.625,12.657,10.688,69.545,168.985,293.669
3825,Minneapolis,MN,44.94707,-93.085354,2057000763,4,3955,5897,788711592718018,788711592718018,188440667453339,132536249810301,21.285,21.285,29.648,23.625,59.96,59.96,216.367,246.039
3826,Minneapolis,MN,44.9471876,-93.0868567,8410341186,3,3955,5897,622653666135691,625825562753560,2440789142761893,400022162701640,6.536,16.762,18.726,7.713,332.86,89.036,180.0,237.694
3827,Minneapolis,MN,44.9472188,-93.0865888,2053024764,3,3955,5897,1324872654879132,1065666087991072,599330729511025,355414477412019,2.605,4.494,3.127,2.884,0.0,90.0,201.152,270.0
3828,Minneapolis,MN,44.947268,-93.0855439,2057000767,4,3955,5897,788711592718018,788711592718018,694559792429063,132536249810301,5.441,5.441,23.299,10.653,59.96,59.96,197.688,246.039
3829,Minneapolis,MN,44.9472786,-93.0866394,2053024765,3,3955,5897,1324872654879132,1065666087991072,504983322008507,355414477412019,7.862,3.359,6.925,7.598,0.0,90.0,159.095,270.0
3830,Minneapolis,MN,44.9473053,-93.0855785,2057000768,3,3955,5897,736646584411055,788711592718018,694559792429063,770672504644813,25.003,10.35,23.655,16.819,0.0,59.96,197.688,260.753
3831,Minneapolis,MN,44.9473309,-93.0866848,2053875085,4,3955,5897,1324872654879132,1065666087991072,504983322008507,355414477412019,14.497,10.149,13.033,14.183,0.0,90.0,159.095,270.0
3832,Minneapolis,MN,44.9475882,-93.0854693,11175880485,3,3955,5897,1547964822656751,1547964822656751,7085651928196287,1886466211747970,6.392,6.392,7.875,7.715,50.969,50.969,236.144,236.85
3833,Minneapolis,MN,44.9477369,-93.0847539,9948014129,3,3955,5897,1079786753165613,911922307293346,373041021888592,373041021888592,30.048,28.651,24.411,24.411,45.546,56.366,236.141,236.141
3834,Minneapolis,MN,44.9477537,-93.0856286,2053024772,3,3955,5897,933759831601103,933759831601103,401289172370592,467821052754104,11.718,11.718,7.384,6.994,50.425,50.425,237.071,242.582
3835,Minneapolis,MN,44.9477987,-93.0898749,3468555355,4,3955,5897,1240632837818352,1779859245968034,1435022907751655,1435022907751655,11.185,17.618,11.251,11.251,357.787,55.302,232.027,232.027
3836,Minneapolis,MN,44.9478235,-93.085467,2053024776,3,3955,5897,933759831601103,301974739037680,958426259139421,2049008562211318,12.151,9.741,8.148,7.715,50.425,94.928,239.132,241.673
3837,Minneapolis,MN,44.9478409,-93.0853905,2052952435,3,3955,5897,369900392358876,301974739037680,2127871417609992,2127871417609992,11.437,7.85,6.348,6.348,50.568,94.928,238.624,238.624
3838,Minneapolis,MN,44.9480254,-93.0968629,2097279765,4,3955,5897,229410079716603,642286611050444,956460375387134,2885061918292875,15.769,16.488,14.72,15.769,0.0,119.474,180.0,270.0
3839,Minneapolis,MN,44.9481464,-93.0843166,2052952436,3,3955,5897,312589887874315,312589887874315,881591063515357,881591063515357,10.243,10.243,6.36,6.36,54.452,54.452,234.648,234.648
3840,Minneapolis,MN,44.9482214,-93.0841699,2053024807,3,3955,5897,914833589833573,914833589833573,2344303469112631,2344303469112631,11.098,11.098,6.21,6.21,54.716,54.716,232.733,232.733
3841,Minneapolis,MN,44.9482854,-93.0844544,2053024809,4,3955,5897,393926526441673,393926526441673,859318052546749,859318052546749,5.116,5.116,5.889,5.889,53.988,53.988,236.187,236.187
3842,Minneapolis,MN,44.9483775,-93.0835976,3508410245,3,3955,5897,626290479580929,626290479580929,1077561650042163,385083250604915,21.9,21.9,18.343,18.135,56.327,56.327,234.76,235.808
3843,Minneapolis,MN,44.9484469,-93.0836656,2053024845,4,3955,5897,626290479580929,626290479580929,1077561650042163,385083250604915,12.774,12.774,9.017,8.787,56.327,56.327,234.76,235.808
3844,Minneapolis,MN,44.9485023,-93.0835534,2052952440,4,3955,5897,1056008228802278,1056008228802278,1187576805554983,1187576805554983,12.521,12.521,8.811,8.811,54.782,54.782,234.76,234.76
3845,Minneapolis,MN,44.948511,-93.0970805,9687225259,4,3955,5897,705034258640362,964717164664685,3567055886860974,614382273957637,6.236,30.931,31.817,8.93,0.0,67.029,215.286,326.154
3846,Minneapolis,MN,44.9485559,-93.083445,2053024861,3,3955,5897,901292191373405,901292191373405,248569961586893,248569961586893,12.186,12.186,8.704,8.704,55.55,55.55,236.528,236.528
3847,Minneapolis,MN,44.9486188,-93.0957072,3394724220,3,3955,5897,239194322026255,7802053159811696,194684570177347,1000615097617056,24.561,8.814,15.154,15.67,308.78,143.723,184.026,247.353
3848,Minneapolis,MN,44.9488864,-93.0904781,2053145117,3,3955,5897,1942128806143672,1229092184383412,1253236155757075,261557976247786,34.8,34.8,26.655,20.481,0.0,90.0,168.389,238.842
3849,Minneapolis,MN,44.9490052,-93.095923,9687225270,3,3955,5897,239194322026255,1408879656322152,948150093279226,764940214214052,22.471,3.53,1.664,3.278,308.78,147.98,150.355,236.181
3850,Minneapolis,MN,44.9490222,-93.0902835,8410341130,3,3955,5897,1942128806143672,1229092184383412,3474039626206197,217673547644508,22.199,22.199,21.049,22.566,0.0,90.0,178.237,287.434
3851,Minneapolis,MN,44.9490783,-93.0960555,9687225263,4,3955,5897,1393080918401321,943744136771536,1211146989545178,259649752552582,29.334,5.042,10.731,2.632,0.0,134.59,173.399,240.811
3852,Minneapolis,MN,44.9492381,-93.0825032,2053025007,4,3955,5897,322102863974404,322102863974404,882671123558124,882671123558124,2.8,2.8,6.69,6.69,55.678,55.678,236.877,236.877
3853,Minneapolis,MN,44.9394941,-93.0761125,1669985037,4,3956,5897,149804457119020,306621444511302,3829145607202448,507576263716344,27.875,8.471,0.741,25.776,0.0,73.803,159.811,255.772
3854,Minneapolis,MN,44.9398619,-93.0747983,4505366440,4,3956,5897,488723768999834,316335703401845,861029457959780,224821845646643,1.895,3.645,34.25,25.108,344.191,58.689,239.443,270.0
3855,Minneapolis,MN,44.9399066,-93.0748157,652981890,3,3956,5897,156968719643952,316335703401845,861029457959780,224821845646643,7.403,1.515,30.296,20.104,0.0,58.689,239.443,270.0
3856,Minneapolis,MN,44.9400105,-93.0740528,7625776019,3,3956,5897,326018865712973,326018865712973,965354150957229,965354150957229,23.767,23.767,34.142,34.142,58.555,58.555,232.234,232.234
3857,Minneapolis,MN,44.9400369,-93.0748961,652981887,3,3956,5897,279560017196423,316335703401845,861029457959780,224821845646643,4.743,17.322,23.809,8.521,338.636,58.689,239.443,270.0
3858,Minneapolis,MN,44.9401647,-93.0742355,7625776020,3,3956,5897,326018865712973,326018865712973,965354150957229,965354150957229,1.391,1.391,11.846,11.846,58.555,58.555,232.234,232.234
3859,Minneapolis,MN,44.9402285,-93.0741064,652981898,3,3956,5897,572446177492157,572446177492157,134340255353086,134340255353086,0.562,0.562,12.803,12.803,58.615,58.615,229.487,229.487
3860,Minneapolis,MN,44.9403157,-93.0742945,1830155530,3,3956,5897,326018865712973,326018865712973,134340255353086,1176381819452147,16.132,16.132,5.944,4.386,58.555,58.555,229.487,236.858
3861,Minneapolis,MN,44.9405471,-93.0738767,652981900,4,3956,5897,271022141379873,271022141379873,177289237619067,177289237619067,19.74,19.74,2.585,2.585,53.367,53.367,227.784,227.784
3862,Minneapolis,MN,44.9407463,-93.0726514,8032393467,3,3956,5897,183767173634494,155882939814925,155882939814925,183767173634494,0.653,4.057,4.057,0.653,318.121,146.614,146.614,318.121
3863,Minneapolis,MN,44.9408729,-93.0723643,8032393468,3,3956,5897,1345967242440882,511797463292884,1904813739675773,183767173634494,28.121,29.776,30.638,27.063,325.535,144.21,152.149,318.121
3864,Minneapolis,MN,44.9409932,-93.0730288,652981906,4,3956,5897,1155208954995653,1166089727230914,931244847609963,375351830497987,9.727,8.773,14.707,10.792,2.316,91.245,211.527,321.962
3865,Minneapolis,MN,44.9410843,-93.0731769,652981907,4,3956,5897,1155208954995653,1166089727230914,577393716564961,577393716564961,24.628,22.839,3.308,3.308,2.316,91.245,219.338,219.338
3866,Minneapolis,MN,44.9424303,-93.0719618,685094553,4,3956,5897,506398630563943,873349023212513,149866740482300,959315434899460,2.648,5.375,5.426,8.835,0.0,123.36,132.246,283.017
3867,Minneapolis,MN,44.9425072,-93.0721065,685094548,4,3956,5897,1452685388415296,745147182849918,325868762217621,217733039821315,10.875,2.258,6.116,5.564,0.0,130.19,166.724,283.017
3868,Minneapolis,MN,44.9425762,-93.0718763,652981922,3,3956,5897,1452685388415296,3067174656851797,216704973285872,455804305722390,14.971,19.54,25.448,5.027,0.0,129.332,166.724,303.188
3869,Minneapolis,MN,44.9426281,-93.0720013,652981921,3,3956,5897,3057032117913722,745147182849918,216704973285872,3057032117913722,4.708,17.722,18.844,4.708,308.077,130.19,166.724,308.077
3870,Minneapolis,MN,44.9428833,-93.0724433,8032393473,3,3956,5897,658168491684496,1245477065872023,223277522935395,307451560819709,6.394,12.975,13.57,6.093,316.745,133.965,143.598,310.763
3871,Minneapolis,MN,44.9429974,-93.072302,8032393474,3,3956,5897,658168491684496,1245477065872023,223277522935395,307451560819709,19.13,29.627,28.192,18.951,316.745,133.965,143.598,310.763
3872,Minneapolis,MN,44.9430501,-93.072953,1830155867,4,3956,5897,319580836246053,1212540082541171,1212540082541171,319580836246053,13.422,2.05,2.05,13.422,313.286,130.287,130.287,313.286
3873,Minneapolis,MN,44.9431193,-93.0728344,1830155869,4,3956,5897,319580836246053,456859375414848,456859375414848,319580836246053,2.898,10.563,10.563,2.898,313.286,130.744,130.744,313.286
3874,Minneapolis,MN,44.9432468,-93.0726385,8032393477,3,3956,5897,319580836246053,456859375414848,456859375414848,319580836246053,19.927,30.173,30.173,19.927,313.286,130.744,130.744,313.286
3875,Minneapolis,MN,44.945958,-93.039464,187884828,3,3957,5897,9865013250268114,1171707201699555,1171707201699555,2123916705095525,24.802,5.304,5.304,4.264,314.432,130.158,130.158,240.695
3876,Minneapolis,MN,44.9486451,-93.0403917,1710855613,4,3957,5897,1231560538631850,355014343886331,224150776953854,155168827629873,3.885,8.15,20.638,14.858,0.618,67.306,180.0,254.0
3877,Minneapolis,MN,44.9346526,-93.0292624,10038364749,3,3958,5897,782730401176978,866639359458702,866639359458702,1679381329740932,22.716,3.939,3.939,8.79,319.683,137.474,137.474,245.434
3878,Minneapolis,MN,44.9346623,-93.0285807,10249848915,3,3958,5897,1066159661244246,33319755387640060,33319755387640060,26460356156899995,5.363,2.416,2.416,2.423,0.0,141.651,141.651,322.077
3879,Minneapolis,MN,44.9347873,-93.0282799,7387137918,3,3958,5897,1066159661244246,1196948042637225,33319755387640060,881990794477471,27.511,29.866,29.862,24.811,0.0,139.902,141.651,321.939
3880,Minneapolis,MN,44.9348262,-93.0287696,1013056326,3,3958,5897,1415922909349006,1578914746384956,1578914746384956,839427088930829,3.478,1.88,1.88,13.583,0.0,146.303,146.303,328.139
3881,Minneapolis,MN,44.9351615,-93.0287566,1013056321,3,3958,5897,1608746053462910,882535627844247,887461720345181,2412199519217125,12.901,32.203,13.504,1.186,352.344,149.197,198.584,277.581
3882,Minneapolis,MN,44.9386813,-93.0100496,7978464899,4,3959,5897,1267087171931859,1158921359389075,735480539615333,1456654619307737,16.537,2.439,13.412,2.631,347.918,90.595,170.383,274.47
3883,Minneapolis,MN,44.9387353,-93.0100501,7978465007,3,3959,5897,1267087171931859,1158921359389075,735480539615333,1456654619307737,20.633,8.423,17.795,8.166,347.918,90.595,170.383,274.47
3884,Minneapolis,MN,44.938786,-93.0101256,7978465006,3,3959,5897,1267087171931859,1309502924554016,735480539615333,1547586176522546,28.796,14.058,25.899,13.368,347.918,92.299,170.383,271.527
3885,Minneapolis,MN,44.9388353,-93.0100511,7978465008,3,3959,5897,1267087171931859,1158921359389075,735480539615333,3967542926716076,29.97,19.539,27.578,19.749,347.918,90.595,170.383,271.527
3886,Minneapolis,MN,44.9216558,-93.3283082,6131985228,3,3944,5898,708235895341688,715667961304107,4171196319829658,1183456593465364,27.502,27.085,2.895,14.347,12.477,68.937,184.619,252.198
3887,Minneapolis,MN,44.9216567,-93.3281005,6131985229,3,3944,5898,708235895341688,715667961304107,1847796882748862,1183456593465364,29.525,29.138,19.276,26.497,12.477,68.937,182.164,252.198
3888,Minneapolis,MN,44.9322435,-93.3187209,8522586664,4,3944,5898,685129445574262,212272787112160,1447623869902124,1251243896501184,8.306,14.602,7.45,8.329,10.49,92.726,183.54,268.648
3889,Minneapolis,MN,44.9322473,-93.3189107,8522586662,4,3944,5898,685129445574262,212272787112160,621010533780034,1389257895663994,8.908,4.619,5.086,14.246,10.49,92.726,192.15,266.465
3890,Minneapolis,MN,44.9323783,-93.3189102,8522586686,4,3944,5898,807839863174614,290213089319403,741692586501909,1389257895663994,6.141,7.116,3.835,14.07,12.999,85.513,176.508,266.465
3891,Minneapolis,MN,44.9323783,-93.3187202,8522586684,4,3944,5898,322648995873515,212272787112160,1789871035262261,1251243896501184,9.764,17.114,8.796,6.791,355.693,92.726,205.893,268.648
3892,Minneapolis,MN,44.9194785,-93.2960559,12745251883,4,3945,5898,514837996553951,2129737103994337,960776741324615,3955644204523143,8.245,10.953,4.799,21.785,3.331,91.383,179.335,269.284
3893,Minneapolis,MN,44.9195319,-93.2960602,12745251880,4,3945,5898,2857111904510863,2129737103994337,946770509473975,3955644204523143,8.992,5.499,5.167,15.838,354.694,91.383,180.0,269.284
3894,Minneapolis,MN,44.9196468,-93.296033,12745251877,4,3945,5898,5698640636843477,4572904709411012,470995697342157,3955644204523143,6.447,9.61,5.749,4.503,337.65,91.337,183.642,269.284
3895,Minneapolis,MN,44.9197018,-93.2960045,12745251878,3,3945,5898,5698640636843477,4572904709411012,471469590753091,913690122814453,9.99,15.011,1.204,4.133,337.65,91.337,186.939,270.843
3896,Minneapolis,MN,44.9197326,-93.2960206,12745251876,3,3945,5898,5698640636843477,4572904709411012,471469590753091,740052699978637,13.641,18.572,3.98,5.504,337.65,91.337,186.939,271.586
3897,Minneapolis,MN,44.9264605,-93.2978311,1027050828,4,3945,5898,1286649638399070,1698102707497977,739108965787822,1286649638399070,20.224,11.299,11.245,20.224,305.23,119.725,125.853,305.23
3898,Minneapolis,MN,44.9271029,-93.2970241,1722243486,3,3945,5898,1118835808596672,1118835808596672,550527023000566,550527023000566,8.114,8.114,4.637,4.637,32.598,32.598,211.598,211.598
3899,Minneapolis,MN,44.9276418,-93.2959701,414203460,3,3945,5898,2850443455272602,2850443455272602,222122222635428,222122222635428,27.17,27.17,30.734,30.734,35.298,35.298,213.97,213.97
3900,Minneapolis,MN,44.9278387,-93.2963633,2330917035,3,3945,5898,2850443455272602,221029579785504,222122222635428,222122222635428,11.429,11.518,7.253,7.253,35.298,36.696,213.97,213.97
3901,Minneapolis,MN,44.9279538,-93.2962599,1722243503,4,3945,5898,196545875621037,196545875621037,3840549866066456,3840549866066456,11.896,11.896,8.086,8.086,35.298,35.298,215.298,215.298
3902,Minneapolis,MN,44.9282759,-93.2960229,2330917057,3,3945,5898,197617638860859,197617638860859,956746511750189,2557270577902169,19.402,19.402,15.883,15.897,40.968,40.968,218.743,220.741
3903,Minneapolis,MN,44.9283032,-93.2959173,2330917063,3,3945,5898,482326236321516,482326236321516,2557270577902169,2557270577902169,15.093,15.093,11.454,11.454,41.855,41.855,220.741,220.741
3904,Minneapolis,MN,44.9284334,-93.2959215,2330917079,3,3945,5898,784102195587785,784102195587785,433330054313238,433330054313238,25.152,25.152,21.156,21.156,42.108,42.108,221.415,221.415
3905,Minneapolis,MN,44.9335934,-93.3101084,12837123646,4,3945,5898,215284584565482,1268395648120941,2179462045867974,1617907961950894,23.11,23.454,2.504,18.035,321.43,90.0,178.807,269.389
3906,Minneapolis,MN,44.9336155,-93.3102468,430562947,5,3945,5898,215284584565482,1268395648120941,2179462045867974,665448233210029,17.863,28.486,13.613,2.282,321.43,90.0,178.807,229.652
3907,Minneapolis,MN,44.9336757,-93.3101197,8521341276,4,3945,5898,215284584565482,1268395648120941,806515985235969,1617907961950894,15.071,16.568,2.556,8.886,321.43,90.0,175.502,269.389
3908,Minneapolis,MN,44.9194777,-93.2958469,12745251842,4,3946,5898,514837996553951,134865268662099,960776741324615,130538619111548,8.341,8.305,11.664,23.096,3.331,94.382,179.335,270.809
3909,Minneapolis,MN,44.9194805,-93.2935331,12745251989,3,3946,5898,918672672248587,258842822594485,131890892311967,294876982180616,8.157,12.141,16.212,16.023,0.0,86.632,134.154,302.23
3910,Minneapolis,MN,44.9194825,-93.2933246,12745251686,4,3946,5898,918672672248587,2882972935251904,2889773568007628,232004295350361,11.375,9.209,21.081,15.621,0.0,88.892,122.252,325.839
3911,Minneapolis,MN,44.9195054,-93.2935074,12745251988,3,3946,5898,179586747370227,3973831229367555,2889773568007628,294876982180616,4.762,9.174,10.898,13.341,352.196,93.787,122.252,302.23
3912,Minneapolis,MN,44.9195309,-93.2958429,12745251843,4,3946,5898,2857111904510863,134865268662099,946770509473975,130538619111548,8.251,2.392,11.996,17.2,354.694,94.382,180.0,270.809
3913,Minneapolis,MN,44.919543,-93.2935575,466111428,4,3946,5898,498257714655691,961528007934532,131890892311967,688144141902660,7.467,3.554,9.086,11.822,343.118,75.599,134.154,291.483
3914,Minneapolis,MN,44.9195895,-93.2740082,7428143313,4,3946,5898,1159289932712518,2922148058047877,1392130832348671,25303473865929536,15.291,20.528,16.136,7.309,2.386,83.8,187.562,270.251
3915,Minneapolis,MN,44.9196471,-93.2958415,12745251846,4,3946,5898,796013227976116,952746218884694,470995697342157,130538619111548,10.061,9.056,11.476,4.391,337.65,90.647,183.642,270.809
3916,Minneapolis,MN,44.9196574,-93.2936503,12745251758,4,3946,5898,465788831199638,626336048764388,4231627100220996,2793172020995182,16.12,9.999,8.024,1.066,7.264,91.139,167.178,279.86
3917,Minneapolis,MN,44.9196595,-93.2933149,12745251690,4,3946,5898,372144624189728,2882972935251904,1170798516704179,294876982180616,9.258,10.693,27.792,17.174,3.434,88.892,179.276,302.23
3918,Minneapolis,MN,44.919705,-93.2958337,12745252000,3,3946,5898,5698640636843477,952746218884694,470995697342157,130538619111548,14.114,15.495,11.727,2.782,337.65,90.647,183.642,270.809
3919,Minneapolis,MN,44.9197191,-93.2936706,12745251757,4,3946,5898,834101593984061,626336048764388,4231627100220996,215594116746256,18.464,16.888,3.781,2.852,2.172,91.139,167.178,258.122
3920,Minneapolis,MN,44.9197197,-93.2958,12745251848,3,3946,5898,5698640636843477,167332801975981,520626372276830,465623444724172,17.172,17.504,13.478,4.991,337.65,90.637,187.804,268.429
3921,Minneapolis,MN,44.9197496,-93.274011,7428143309,3,3946,5898,1241208027885331,2795989170742010,1938944063362659,2376205409561099,10.374,10.527,10.925,3.367,3.684,118.509,173.937,267.365
3922,Minneapolis,MN,44.9197763,-93.2740537,7428143317,3,3946,5898,513379383151360,2922148058047877,1938944063362659,765542179595737,7.681,19.83,15.238,6.363,1.159,83.8,173.937,267.365
3923,Minneapolis,MN,44.923123,-93.2932971,12752535754,4,3946,5898,164288938958733,308463000908001,480899143115255,583525709275707,10.744,12.089,24.101,22.45,0.0,87.598,180.456,270.0
3924,Minneapolis,MN,44.9231401,-93.2936395,12752535748,3,3946,5898,971553746926405,283036373494651,480899143115255,213316920336955,17.49,17.532,2.924,8.816,359.011,89.081,180.456,265.251
3925,Minneapolis,MN,44.9231567,-93.2936393,12745251756,3,3946,5898,971553746926405,283036373494651,480899143115255,213316920336955,17.283,16.591,3.563,7.02,359.011,89.081,180.456,265.251
3926,Minneapolis,MN,44.923273,-93.2936392,12752535778,4,3946,5898,141975677910399,376747330317330,502192514295521,213316920336955,17.542,9.904,5.887,6.379,359.517,110.498,180.892,265.251
3927,Minneapolis,MN,44.9232805,-93.2932941,12745251699,4,3946,5898,141975677910399,308463000908001,314674000069768,583525709275707,10.698,6.158,24.346,21.23,359.517,87.598,181.281,270.0
3928,Minneapolis,MN,44.9249416,-93.2936306,12744936016,4,3946,5898,822342615070926,478761433206444,391919611858623,464675397979143,16.592,7.271,4.615,18.96,1.601,86.01,180.0,261.081
3929,Minneapolis,MN,44.9249434,-93.2932866,12745251700,3,3946,5898,822342615070926,483261586319458,1270248736703428,957736918349992,10.553,20.752,23.287,12.601,1.601,90.0,180.882,270.0
3930,Minneapolis,MN,44.9249602,-93.2933206,12744936010,3,3946,5898,822342615070926,483261586319458,391919611858623,957736918349992,8.331,17.495,20.946,10.773,1.601,90.0,180.0,270.0
3931,Minneapolis,MN,44.9250781,-93.2932859,12745251703,4,3946,5898,950148879134131,483261586319458,312838333753009,957736918349992,8.924,18.217,23.71,2.748,358.345,90.0,179.573,270.0
3932,Minneapolis,MN,44.925081,-93.2936321,12745252493,4,3946,5898,214947663495333,488102475675532,312838333753009,464675397979143,17.689,8.999,4.077,14.425,358.551,90.0,179.573,261.081
3933,Minneapolis,MN,44.9267221,-93.2884453,12745252376,4,3946,5898,1038983618215915,578461683119463,286805216283170,1378835779164902,13.661,23.555,23.9,15.368,358.641,97.661,165.478,268.892
3934,Minneapolis,MN,44.9267252,-93.2936197,12745252492,4,3946,5898,491339258584947,339830054142565,391564745231420,473081703907578,16.984,19.311,3.521,11.524,1.601,96.604,177.747,267.433
3935,Minneapolis,MN,44.9267402,-93.2907428,12744936063,4,3946,5898,758778414691183,1108612972965685,1559000781937909,1122681078229476,5.615,8.286,3.423,12.628,11.24,94.178,178.933,268.14
3936,Minneapolis,MN,44.9267405,-93.2921971,12744936072,3,3946,5898,4161156050671009,483540669553818,2987010211540184,461643008264271,13.235,12.771,3.958,13.072,34.203,80.83,169.535,270.999
3937,Minneapolis,MN,44.9267423,-93.2909318,12744936066,4,3946,5898,758778414691183,1108612972965685,800862142427261,470461717542072,9.437,16.889,11.541,12.832,11.24,94.178,180.0,268.876
3938,Minneapolis,MN,44.9267433,-93.292007,12744936068,3,3946,5898,4161156050671009,3037395726586125,235130618365828,289534212718500,17.391,22.637,10.962,12.25,34.203,106.214,180.676,271.094
3939,Minneapolis,MN,44.9267474,-93.2932867,12745251704,4,3946,5898,1082406332284574,902393643945244,1112082142609106,1191374317988381,9.445,8.338,20.247,13.032,0.0,91.093,183.858,270.0
3940,Minneapolis,MN,44.9267515,-93.2896254,12744936056,3,3946,5898,769615450377658,173275204682973,791148768461741,957078831733927,14.068,12.013,1.824,11.343,9.772,87.549,181.601,270.0
3941,Minneapolis,MN,44.9267619,-93.2921732,12744936071,3,3946,5898,4161156050671009,483540669553818,149706043791637,461643008264271,10.575,12.456,1.708,10.522,34.203,80.83,169.535,270.999
3942,Minneapolis,MN,44.9267652,-93.2920325,12744936070,3,3946,5898,4161156050671009,986099855536917,235130618365828,289534212718500,14.245,15.118,10.651,9.746,34.203,55.549,180.676,271.094
3943,Minneapolis,MN,44.9267929,-93.2793287,12184236518,4,3946,5898,319653636394996,4063004733754167,492474465282205,490447375334608,13.354,7.636,6.839,21.23,10.038,75.804,176.583,280.971
3944,Minneapolis,MN,44.9267942,-93.2791394,12184236519,4,3946,5898,319653636394996,4063004733754167,492474465282205,309600527366454,15.201,19.086,8.073,13.369,10.038,75.804,176.583,270.0
3945,Minneapolis,MN,44.9268755,-93.289632,12745252473,3,3946,5898,769615450377658,625691928388613,824394238166062,957078831733927,3.316,9.5,11.101,2.693,9.772,101.065,172.197,270.0
3946,Minneapolis,MN,44.9268761,-93.2921769,12745252481,3,3946,5898,4161156050671009,3037395726586125,469471060942262,461643008264271,2.577,7.117,6.092,2.243,34.203,106.214,151.739,270.999
3947,Minneapolis,MN,44.9268761,-93.292036,12745252480,3,3946,5898,788277605448451,986099855536917,149706043791637,289534212718500,8.465,12.848,15.095,2.734,34.203,55.549,169.535,271.094
3948,Minneapolis,MN,44.9268842,-93.2936248,12745252489,3,3946,5898,612502223441563,139356368221697,4464610660234886,473081703907578,17.807,12.815,4.946,7.132,0.52,109.108,180.0,267.433
3949,Minneapolis,MN,44.9268912,-93.2894646,12591954653,3,3946,5898,517660655912402,508570120337309,824394238166062,766636280666256,9.352,17.573,17.189,3.921,2.828,116.768,172.197,268.26
3950,Minneapolis,MN,44.926893,-93.2881373,12591954660,4,3946,5898,2243508099455223,494975395063909,286805216283170,2974843132746751,14.308,6.318,12.713,7.446,357.793,88.529,165.478,271.651
3951,Minneapolis,MN,44.926894,-93.2884511,12591954652,4,3946,5898,2243508099455223,461568521737920,500123454504489,1378835779164902,15.281,19.556,13.759,3.76,357.793,110.82,173.9,268.892
3952,Minneapolis,MN,44.926896,-93.2896577,12745252474,3,3946,5898,517660655912402,625691928388613,824394238166062,957078831733927,6.482,9.185,13.754,4.942,2.828,101.065,172.197,270.0
3953,Minneapolis,MN,44.9268995,-93.2907424,12744936061,4,3946,5898,125408746224122,490909698890981,762150769976469,1122681078229476,13.105,6.926,3.719,5.492,11.24,83.679,180.0,268.14
3954,Minneapolis,MN,44.9268999,-93.2909306,12745252408,4,3946,5898,125408746224122,220496326167957,1433747890298836,470461717542072,16.288,13.092,4.856,6.498,11.24,109.775,156.13,268.876
3955,Minneapolis,MN,44.9269044,-93.2922093,12745252482,3,3946,5898,788277605448451,382087136346563,469471060942262,461643008264271,6.34,10.617,9.233,6.153,34.203,93.439,151.739,270.999
3956,Minneapolis,MN,44.9269048,-93.29201,12745252478,3,3946,5898,788277605448451,3037395726586125,149706043791637,289534212718500,11.125,20.473,18.873,5.918,34.203,106.214,169.535,271.094
3957,Minneapolis,MN,44.926907,-93.2932881,12745251708,4,3946,5898,612502223441563,517954396045431,692700494762798,1191374317988381,9.098,7.537,22.724,4.896,0.52,85.211,180.605,270.0
3958,Minneapolis,MN,44.9269508,-93.2793305,12184236517,4,3946,5898,964422147645463,233747098506738,135258758542836,490447375334608,6.861,9.974,15.159,19.555,1.872,91.284,168.008,280.971
3959,Minneapolis,MN,44.9269508,-93.2791358,12184236516,4,3946,5898,964422147645463,317350609739839,135258758542836,490447375334608,9.011,19.74,16.639,7.347,1.872,104.658,168.008,280.971
3960,Minneapolis,MN,44.928306,-93.295896,2330917064,3,3946,5898,482326236321516,514732962892137,2557270577902169,331301468335964,14.299,14.306,10.935,10.857,41.855,41.979,220.741,221.415
3961,Minneapolis,MN,44.9283065,-93.2958459,1722243471,3,3946,5898,514732962892137,514732962892137,331301468335964,331301468335964,10.916,10.916,7.213,7.213,41.979,41.979,221.415,221.415
3962,Minneapolis,MN,44.928527,-93.2955922,2330917094,3,3946,5898,537164217671088,537164217671088,834130677500935,834130677500935,13.184,13.184,9.553,9.553,45.799,45.799,225.606,225.606
3963,Minneapolis,MN,44.9286028,-93.2957524,2330917113,3,3946,5898,537164217671088,537164217671088,834130677500935,834130677500935,27.968,27.968,24.424,24.424,45.799,45.799,225.606,225.606
3964,Minneapolis,MN,44.9286088,-93.2958215,2330917116,3,3946,5898,463021968128672,537164217671088,767024484174529,834130677500935,32.641,32.582,29.012,29.138,45.325,45.799,223.93,225.606
3965,Minneapolis,MN,44.9286591,-93.2957682,2330917124,3,3946,5898,537164217671088,498632304790574,834130677500935,834130677500935,33.332,33.849,29.717,29.717,45.799,48.562,225.606,225.606
3966,Minneapolis,MN,44.929346,-93.2936227,11070317740,3,3946,5898,953743008707796,1481956715475890,226870325437497,466507497989406,21.146,6.281,6.69,9.727,359.22,85.748,173.911,230.375
3967,Minneapolis,MN,44.9294389,-93.2932734,13424013610,3,3946,5898,968554193903765,476050100136365,226870325437497,512818879888242,6.183,27.077,23.542,25.265,0.0,100.902,173.911,218.536
3968,Minneapolis,MN,44.9295674,-93.2936271,413491709,4,3946,5898,1567371930264235,1481956715475890,193615782488705,512818879888242,21.582,18.515,7.444,7.96,359.263,85.748,183.894,218.536
3969,Minneapolis,MN,44.9295837,-93.2932722,13424013608,3,3946,5898,1567371930264235,476050100136365,193615782488705,512818879888242,6.689,33.656,22.391,25.888,359.263,100.902,183.894,218.536
3970,Minneapolis,MN,44.92959,-93.2936277,9081135655,3,3946,5898,1567371930264235,1481956715475890,193615782488705,512818879888242,21.419,21.023,6.201,10.278,359.263,85.748,183.894,218.536
3971,Minneapolis,MN,44.9303583,-93.2909132,12745252392,4,3946,5898,841643280084928,521136278885173,480290580084597,150978630262071,19.961,9.547,5.758,8.092,2.854,94.308,176.269,272.356
3972,Minneapolis,MN,44.9303653,-93.2884365,12407319944,4,3946,5898,1083534589961362,288825912905880,160117219380414,494174144957235,14.34,5.545,8.281,12.326,0.516,98.243,173.129,272.039
3973,Minneapolis,MN,44.9303696,-93.2881207,12407319932,4,3946,5898,1083534589961362,453749469060211,160117219380414,822274071724788,13.368,4.645,17.029,26.016,0.516,87.978,173.129,258.592
3974,Minneapolis,MN,44.9303705,-93.2879922,12407319942,4,3946,5898,1083534589961362,1960851610744833,767436683965180,1354423341606178,22.814,5.026,27.186,33.517,0.516,90.0,180.0,226.721
3975,Minneapolis,MN,44.9303718,-93.2907402,12407319957,4,3946,5898,841643280084928,569486024023532,1729267245129469,1335418276830899,17.472,7.806,3.204,7.467,2.854,96.201,183.117,267.37
3976,Minneapolis,MN,44.9303776,-93.285574,12745252322,3,3946,5898,793130244896174,503248317540171,2868844306688918,275920257516412,8.56,6.791,25.231,19.401,352.071,90.0,184.218,280.013
3977,Minneapolis,MN,44.9303821,-93.2855904,12188227496,3,3946,5898,793130244896174,503248317540171,2868844306688918,275920257516412,7.48,5.666,24.173,18.047,352.071,90.0,184.218,280.013
3978,Minneapolis,MN,44.930387,-93.2845015,12188227498,4,3946,5898,318423749644818,1478026632543016,242720730954511,933639070810691,15.888,6.613,5.263,19.945,4.548,90.0,184.4,262.812
3979,Minneapolis,MN,44.9304092,-93.2780407,7393855298,3,3946,5898,375637757111343,1436191926725473,218780809702721,835119184027204,17.46,7.884,2.289,11.356,7.095,81.798,167.286,266.66
3980,Minneapolis,MN,44.930413,-93.2778147,7393855296,3,3946,5898,375637757111343,1436191926725473,294364952328992,835119184027204,17.093,20.029,15.458,24.516,7.095,81.798,178.157,266.66
3981,Minneapolis,MN,44.9304139,-93.2793163,12184277552,3,3946,5898,829961001276714,147230937305278,755580271818200,325579962265262,12.106,3.325,34.702,8.173,4.67,88.003,136.008,268.963
3982,Minneapolis,MN,44.9304182,-93.2791268,12184277543,3,3946,5898,878017532753881,280407643741192,1156939144778178,484071913044737,6.569,3.103,29.254,8.111,15.393,89.059,186.593,269.111
3983,Minneapolis,MN,44.9304274,-93.2777846,7393855302,3,3946,5898,375637757111343,1436191926725473,294364952328992,835119184027204,17.197,21.765,18.261,26.144,7.095,81.798,178.157,266.66
3984,Minneapolis,MN,44.930435,-93.278074,7393855299,3,3946,5898,375637757111343,1436191926725473,797243767877202,835119184027204,16.747,5.293,4.038,7.767,7.095,81.798,167.286,266.66
3985,Minneapolis,MN,44.9305279,-93.2884344,11929743524,4,3946,5898,1795799271366220,161317699259883,767436683965180,822274071724788,13.074,10.847,13.771,5.976,359.308,92.554,180.0,258.592
3986,Minneapolis,MN,44.9305294,-93.2881153,11929743521,4,3946,5898,175229424512575,453749469060211,767436683965180,822274071724788,9.323,13.13,11.361,24.336,356.106,87.978,180.0,258.592
3987,Minneapolis,MN,44.9305331,-93.2868866,11929743518,4,3946,5898,874911966396404,316616063187981,739890756683981,483670692893755,5.61,12.3,16.252,9.338,0.0,90.0,191.069,269.139
3988,Minneapolis,MN,44.9305364,-93.2907391,11929743537,4,3946,5898,841643280084928,569486024023532,783757151042646,299476015086408,5.641,10.551,3.806,9.071,2.854,96.201,177.683,268.502
3989,Minneapolis,MN,44.9305391,-93.2845139,12188227497,4,3946,5898,188266909816228,1478026632543016,2559052861055236,933639070810691,11.325,12.062,6.97,18.024,4.548,90.0,173.741,262.812
3990,Minneapolis,MN,44.9305398,-93.2857849,11929743517,4,3946,5898,217712313165494,1106425499844744,2868844306688918,214025046929272,15.008,13.117,5.641,7.92,326.01,90.0,184.218,271.839
3991,Minneapolis,MN,44.9305408,-93.285595,12188227494,4,3946,5898,793130244896174,503248317540171,2868844306688918,275920257516412,21.359,12.929,11.488,16.524,352.071,90.0,184.218,280.013
3992,Minneapolis,MN,44.9305424,-93.2909108,11070317714,4,3946,5898,841643280084928,295373288926632,483810126158672,150978630262071,8.449,8.449,6.609,12.494,2.854,93.996,180.0,272.356
3993,Minneapolis,MN,44.9305474,-93.2843015,12188227500,4,3946,5898,188266909816228,164522502341232,2559052861055236,933639070810691,5.651,12.597,10.71,6.277,4.548,95.564,173.741,262.812
3994,Minneapolis,MN,44.9305646,-93.2815674,12186827583,4,3946,5898,1220262935095663,1132455917266160,469143287650793,463878918050739,11.617,32.088,30.121,7.16,358.807,106.08,172.198,271.586
3995,Minneapolis,MN,44.9305765,-93.2780743,7393855308,3,3946,5898,2592776571026076,469760364300527,795358678083692,835119184027204,11.984,10.109,12.324,8.459,7.095,95.045,188.263,266.66
3996,Minneapolis,MN,44.9305798,-93.2777857,7393855304,3,3946,5898,810244046591425,1436191926725473,795358678083692,835119184027204,11.68,23.666,14.659,26.14,359.263,81.798,188.263,266.66
3997,Minneapolis,MN,44.9305799,-93.2788001,11487059749,3,3946,5898,881014096088909,166390122072416,1156939144778178,464703957924387,33.075,9.586,7.655,10.484,58.53,88.617,186.593,270.0
3998,Minneapolis,MN,44.9305863,-93.2776269,11487059736,4,3946,5898,810244046591425,910808256146883,795358678083692,1205374726586853,23.064,31.717,26.137,30.022,359.263,59.694,188.263,232.278
3999,Minneapolis,MN,44.9306047,-93.2780377,7393855307,3,3946,5898,810244046591425,469760364300527,795358678083692,835119184027204,10.503,13.923,8.175,12.354,359.263,95.045,188.263,266.66
4000,Minneapolis,MN,44.9306067,-93.2778203,7393855305,3,3946,5898,810244046591425,1436191926725473,795358678083692,1205374726586853,7.862,23.005,10.914,16.139,359.263,81.798,188.263,232.278
4001,Minneapolis,MN,44.9322,-93.2894388,11929743526,4,3946,5898,988846384984368,221756986013092,323792302635802,301566234956389,8.611,6.073,16.923,14.354,10.037,89.157,178.904,261.543
4002,Minneapolis,MN,44.9322153,-93.2842898,12188227485,4,3946,5898,1338601496541043,1876980652462004,4021452874608375,292171879203835,6.393,17.005,9.53,8.035,0.0,82.154,180.901,261.96
4003,Minneapolis,MN,44.9322187,-93.2844766,12188227486,4,3946,5898,1338601496541043,1876980652462004,4021452874608375,292171879203835,8.381,4.232,5.957,16.198,0.0,82.154,180.901,261.96
4004,Minneapolis,MN,44.9322318,-93.2815436,12188240935,4,3946,5898,615239756541047,166083835442776,192954959223155,1087258211763158,13.56,6.468,16.736,6.623,1.59,90.0,191.885,268.222
4005,Minneapolis,MN,44.9322328,-93.2813237,12188240936,4,3946,5898,3151098615123537,272705944534741,192954959223155,4041100972593710,8.398,6.629,18.87,15.563,345.382,85.18,191.885,283.123
4006,Minneapolis,MN,44.9322361,-93.2780497,11487059746,4,3946,5898,926009917970073,467784534435021,1205068946630802,172336488131419,14.487,6.156,8.89,7.829,358.274,96.085,180.495,278.56
4007,Minneapolis,MN,44.9322366,-93.2778167,11487059740,3,3946,5898,926009917970073,496428764837534,1205068946630802,2587858058183294,11.527,15.699,9.684,11.008,358.274,74.225,180.495,308.252
4008,Minneapolis,MN,44.9322503,-93.2777984,11487059741,3,3946,5898,926009917970073,496428764837534,1205068946630802,2587858058183294,13.615,16.608,11.018,12.034,358.274,74.225,180.495,308.252
4009,Minneapolis,MN,44.9323322,-93.2894375,11929743528,4,3946,5898,988846384984368,221756986013092,323792302635802,301566234956389,19.454,8.892,9.045,13.722,10.037,89.157,178.904,261.543
4010,Minneapolis,MN,44.9323327,-93.289626,12745251187,3,3946,5898,988846384984368,221756986013092,323792302635802,301566234956389,18.905,16.048,5.812,7.296,10.037,89.157,178.904,261.543
4011,Minneapolis,MN,44.9323551,-93.2842785,11928732705,4,3946,5898,301388534869809,1876980652462004,149239380499627,292171879203835,7.687,20.727,16.36,7.635,0.0,82.154,189.771,261.96
4012,Minneapolis,MN,44.9323644,-93.2815429,11928728607,4,3946,5898,3151098615123537,166083835442776,192954959223155,1087258211763158,20.676,9.46,6.349,8.145,345.382,90.0,191.885,268.222
4013,Minneapolis,MN,44.932366,-93.2813215,11928728609,4,3946,5898,3151098615123537,272705944534741,1250984548651858,1087258211763158,20.005,8.386,13.311,19.716,345.382,85.18,181.352,268.222
4014,Minneapolis,MN,44.9323802,-93.2780466,11928728614,4,3946,5898,3284435621783078,467784534435021,800537440822177,199341785358460,10.378,9.92,9.364,8.158,2.986,96.085,181.56,278.56
4015,Minneapolis,MN,44.932387,-93.2778014,11929589874,4,3946,5898,3284435621783078,496428764837534,800537440822177,172336488131419,9.463,19.331,10.555,21.211,2.986,74.225,181.56,278.56
4016,Minneapolis,MN,44.9194302,-93.2522974,7539727081,4,3947,5898,813902249237830,497722879157715,284353090076147,131414618954407,9.347,25.592,13.074,15.331,359.105,97.0,179.8,271.26
4017,Minneapolis,MN,44.9196106,-93.2734695,7428143327,4,3947,5898,1159289932712518,1159903182977076,1938944063362659,1298278952059586,34.857,34.452,34.442,6.744,2.386,117.905,173.937,265.023
4018,Minneapolis,MN,44.9196299,-93.2525388,12290650998,4,3947,5898,295358008909942,497722879157715,222933645945620,199727921863515,15.2,22.271,9.47,10.569,5.572,97.0,207.11,265.73
4019,Minneapolis,MN,44.9196322,-93.2522874,12290650994,4,3947,5898,295358008909942,497722879157715,701441534759333,210263217376481,5.751,3.707,9.196,9.303,5.572,97.0,134.0,276.85
4020,Minneapolis,MN,44.9196465,-93.2520079,12290690338,3,3947,5898,295358008909942,843051273444700,840800433858950,866628390867412,26.977,6.705,33.763,8.963,5.572,90.0,157.0,270.5
4021,Minneapolis,MN,44.9196471,-93.2522087,7539727079,4,3947,5898,295358008909942,497722879157715,2217458585108318,220260966248859,11.208,4.159,23.137,9.784,5.572,97.0,183.0,270.49
4022,Minneapolis,MN,44.9196533,-93.2675544,7428115980,4,3947,5898,643069735237661,754161967518421,1961601178108173,858335950340396,9.173,3.891,23.352,12.854,9.825,82.557,188.335,269.325
4023,Minneapolis,MN,44.9196545,-93.267858,7428123185,4,3947,5898,643069735237661,754161967518421,1707334266121533,888621800784686,17.302,22.598,10.258,9.804,9.825,82.557,203.67,264.614
4024,Minneapolis,MN,44.9197538,-93.2734676,7428143312,4,3947,5898,1159289932712518,1159903182977076,1938944063362659,742946335027486,34.061,33.645,33.027,2.973,2.386,117.905,173.937,266.408
4025,Minneapolis,MN,44.9197893,-93.2527338,12290690315,3,3947,5898,320393902936880,701441534759333,2217458585108318,199727921863515,29.373,30.386,25.59,27.852,354.249,134.0,183.0,265.73
4026,Minneapolis,MN,44.9197976,-93.2522881,12290650958,4,3947,5898,320393902936880,497722879157715,2217458585108318,210263217376481,5.92,15.612,9.529,9.922,354.249,97.0,183.0,276.85
4027,Minneapolis,MN,44.9198026,-93.2525365,12290650954,4,3947,5898,320393902936880,497722879157715,2217458585108318,199727921863515,13.985,27.086,10.038,17.003,354.249,97.0,183.0,265.73
4028,Minneapolis,MN,44.919803,-93.2678561,7428115983,3,3947,5898,643069735237661,1351750410057890,822815688361126,1854104111912108,27.329,10.206,5.305,0.767,9.825,74.228,189.55,254.131
4029,Minneapolis,MN,44.9198171,-93.2675515,7428115981,4,3947,5898,643069735237661,25129922003259138,893598759770714,858335950340396,24.754,11.463,16.443,5.362,9.825,85.762,180.27,269.325
4030,Minneapolis,MN,44.9198176,-93.2678558,7639039761,3,3947,5898,643069735237661,1351750410057890,1802720986565784,1579769383446399,28.636,8.892,5.814,3.459,9.825,74.228,188.45,260.099
4031,Minneapolis,MN,44.9198332,-93.2522067,12290650973,3,3947,5898,320393902936880,843051273444700,1347481529337333,220260966248859,13.307,19.31,15.308,12.43,354.249,90.0,175.0,270.49
4032,Minneapolis,MN,44.9198502,-93.2527346,12290690314,3,3947,5898,735496800477325,701441534759333,2217458585108318,199727921863515,28.721,33.605,26.247,31.598,352.844,134.0,183.0,265.73
4033,Minneapolis,MN,44.9198503,-93.2526868,12290690312,3,3947,5898,735496800477325,701441534759333,2217458585108318,199727921863515,24.976,30.526,22.589,28.749,352.844,134.0,183.0,265.73
4034,Minneapolis,MN,44.9198507,-93.2525214,12290690308,3,3947,5898,735496800477325,497722879157715,1347481529337333,326699965509130,12.11,29.713,9.707,19.763,352.844,97.0,175.0,261.47
4035,Minneapolis,MN,44.9198957,-93.2523013,12290650976,3,3947,5898,735496800477325,497722879157715,1347481529337333,220260966248859,5.98,26.56,8.812,21.922,352.844,97.0,175.0,270.49
4036,Minneapolis,MN,44.9199272,-93.252302,7513154632,3,3947,5898,461976834897431,497722879157715,1325743448223641,220260966248859,8.518,30.045,9.294,25.009,355.875,97.0,174.0,270.49
4037,Minneapolis,MN,44.9199272,-93.2522065,12290650962,4,3947,5898,735496800477325,843051273444700,1347481529337333,220260966248859,14.222,28.267,17.043,22.589,352.844,90.0,175.0,270.49
4038,Minneapolis,MN,44.919979,-93.2522065,12290650971,4,3947,5898,461976834897431,843051273444700,751803692880291,220260966248859,14.273,33.577,18.215,28.28,355.875,90.0,179.0,270.49
4039,Minneapolis,MN,44.9199795,-93.252302,12290650969,3,3947,5898,461976834897431,701441534759333,751803692880291,220260966248859,6.771,33.239,11.617,30.299,355.875,134.0,179.0,270.49
4040,Minneapolis,MN,44.926856,-93.2522721,11990741332,4,3947,5898,170604534881957,380866803198942,1332037264198411,879165204479775,7.774,12.829,11.64,26.146,3.189,80.031,178.0,251.386
4041,Minneapolis,MN,44.9268565,-93.252505,11990741334,4,3947,5898,170604534881957,1136017491821635,1332037264198411,1699609854336820,12.508,12.499,6.719,16.323,3.189,88.423,178.0,265.596
4042,Minneapolis,MN,44.926863,-93.2648815,11990741398,4,3947,5898,1158197576158453,4307154816276203,900276302603666,890605680139466,9.999,8.426,22.222,8.822,11.698,81.481,184.499,269.288
4043,Minneapolis,MN,44.9268679,-93.2623976,11990741387,3,3947,5898,1403295771162697,25062987479975631,2080026992808322,821420527541007,20.219,11.333,10.57,9.75,0.0,91.067,180.43,268.569
4044,Minneapolis,MN,44.9268682,-93.2626453,7436138645,4,3947,5898,1417428199783576,1517553209238047,2080026992808322,4313392215617150,28.48,11.148,8.947,9.257,350.958,91.159,180.43,269.427
4045,Minneapolis,MN,44.9268745,-93.2624097,7436138649,3,3947,5898,1403295771162697,25062987479975631,2080026992808322,821420527541007,20.732,10.264,9.614,8.979,0.0,91.067,180.43,268.569
4046,Minneapolis,MN,44.92701,-93.2522819,7487736628,3,3947,5898,809096078741023,380866803198942,1879236612430870,879165204479775,9.294,7.68,11.327,20.201,15.406,80.031,183.0,251.386
4047,Minneapolis,MN,44.9270173,-93.264899,7436145337,3,3947,5898,1158197576158453,4307154816276203,1549402896181500,1417045243353766,21.267,9.642,12.376,2.278,11.698,81.481,177.298,270.706
4048,Minneapolis,MN,44.9270174,-93.2624219,7436138651,3,3947,5898,1219821339524039,25062987479975631,1608334850612811,858809013992695,1.551,7.217,8.668,7.029,332.404,91.067,180.469,269.168
4049,Minneapolis,MN,44.9270179,-93.2522757,11990741330,3,3947,5898,809096078741023,380866803198942,1879236612430870,879165204479775,9.301,7.983,11.921,20.768,15.406,80.031,183.0,251.386
4050,Minneapolis,MN,44.9270183,-93.2626311,7436138653,3,3947,5898,1417428199783576,1517553209238047,1608334850612811,3830691353903162,15.949,7.507,7.85,6.587,350.958,91.159,180.469,268.06
4051,Minneapolis,MN,44.9270209,-93.2525138,7487736626,3,3947,5898,1277221584180619,1136017491821635,1879236612430870,879165204479775,5.588,8.179,7.324,3.26,16.778,88.423,183.0,251.386
4052,Minneapolis,MN,44.9270227,-93.2648814,11990741399,3,3947,5898,1158197576158453,4307154816276203,1549402896181500,2283001292181147,22.386,10.587,10.884,1.433,11.698,81.481,177.298,270.999
4053,Minneapolis,MN,44.9270236,-93.2626417,11990741386,3,3947,5898,1417428199783576,1517553209238047,4364737153756997,3830691353903162,16.443,8.436,8.697,5.918,350.958,91.159,180.469,268.06
4054,Minneapolis,MN,44.9270241,-93.2623869,11990741388,3,3947,5898,1219821339524039,1505882764092265,4364737153756997,1991663951390181,2.656,8.596,11.432,6.281,332.404,91.067,180.469,269.113
4055,Minneapolis,MN,44.9270244,-93.2651791,11990741396,4,3947,5898,1158197576158453,4307154816276203,1549402896181500,2412255859226559,24.554,22.515,34.085,2.485,11.698,81.481,177.298,270.262
4056,Minneapolis,MN,44.9270267,-93.2529035,5261181433,3,3947,5898,1242802444277522,2212457042570185,1444713593881114,817126408011721,32.354,8.46,34.31,4.313,43.306,91.989,195.339,270.136
4057,Minneapolis,MN,44.9270374,-93.252499,5259092462,3,3947,5898,1277221584180619,1136017491821635,1950024832527615,1516067246121198,5.502,10.353,5.417,5.985,16.778,88.423,186.854,253.984
4058,Minneapolis,MN,44.9300545,-93.2526794,5261250445,3,3947,5898,871855092409273,2129135210987229,882457117571323,3170705046435107,17.62,19.799,18.998,1.431,0.0,84.499,180.0,274.301
4059,Minneapolis,MN,44.9300545,-93.2525082,11986325827,4,3947,5898,647421224786437,2129135210987229,525357592901289,25372347192451238,9.014,33.23,6.863,0.2,2.123,84.499,178.0,264.127
4060,Minneapolis,MN,44.9300556,-93.2528909,5261250452,3,3947,5898,871855092409273,2129135210987229,882457117571323,3946390498984432,1.68,3.777,5.098,3.909,0.0,84.499,180.0,267.774
4061,Minneapolis,MN,44.930118,-93.2530335,5272828747,3,3947,5898,1224636479547090,4150575188529341,2289288101576853,1204922957688722,9.802,10.789,8.688,10.432,3.684,92.696,183.118,274.967
4062,Minneapolis,MN,44.9304764,-93.2623782,11978691667,3,3947,5898,1208191790858708,1160667379393613,1231921848867409,1130671278299103,4.932,17.62,12.088,9.749,1.383,86.729,179.294,274.487
4063,Minneapolis,MN,44.9304783,-93.262625,11978691659,3,3947,5898,1208191790858708,965991278751318,1547754202651425,1130671278299103,14.535,1.214,3.679,24.283,1.383,92.414,166.722,274.487
4064,Minneapolis,MN,44.9304829,-93.2623821,9056625764,3,3947,5898,1208191790858708,1160667379393613,2268014140387203,1130671278299103,4.755,17.278,11.787,9.177,1.383,86.729,179.294,274.487
4065,Minneapolis,MN,44.9304857,-93.2626147,9056625762,3,3947,5898,4270249846593442,1160667379393613,1547754202651425,1130671278299103,13.785,1.055,2.735,23.229,1.383,86.729,166.722,274.487
4066,Minneapolis,MN,44.9306029,-93.2623822,8584302237,3,3947,5898,1564758338134468,1160667379393613,767349899142298,1130671278299103,4.601,21.522,11.818,5.922,0.104,86.729,180.174,274.487
4067,Minneapolis,MN,44.9306058,-93.2626195,8583332240,3,3947,5898,1564758338134468,918016136431412,821839737541624,1130671278299103,14.087,11.08,7.008,22.702,0.104,90.0,180.046,274.487
4068,Minneapolis,MN,44.9306226,-93.262631,11978691664,3,3947,5898,1564758338134468,918016136431412,1272806401564198,1130671278299103,15.118,11.698,7.814,24.062,0.104,90.0,180.046,274.487
4069,Minneapolis,MN,44.9306226,-93.2623728,11978691665,3,3947,5898,884010417585078,1160667379393613,1272806401564198,1130671278299103,5.428,23.46,12.514,7.516,359.372,86.729,180.046,274.487
4070,Minneapolis,MN,44.9306885,-93.2626331,8583332234,3,3947,5898,1072946630461570,918016136431412,873709972142514,1130671278299103,14.328,17.765,7.988,27.261,356.576,90.0,180.046,274.487
4071,Minneapolis,MN,44.9196134,-93.2472121,7513224402,4,3948,5898,376657167020677,1383863295774334,121920030569167,1464768547201540,6.924,21.065,10.894,33.02,358.755,87.0,185.0,239.41
4072,Minneapolis,MN,44.9196484,-93.2474284,7513224401,4,3948,5898,319191889554696,1383863295774334,121920030569167,484362566149424,12.083,5.695,7.282,22.855,359.112,87.0,185.0,265.16
4073,Minneapolis,MN,44.9196696,-93.2472119,1069465810,4,3948,5898,319191889554696,1383863295774334,121920030569167,1464768547201540,7.72,19.173,12.586,30.409,359.112,87.0,185.0,239.41
4074,Minneapolis,MN,44.919767,-93.2472113,1069465823,4,3948,5898,180804600594552,1383863295774334,299074815025975,1464768547201540,8.555,20.528,14.603,28.703,359.097,87.0,176.88,239.41
4075,Minneapolis,MN,44.9197926,-93.2474294,7513224403,4,3948,5898,180804600594552,1383863295774334,115037320651094,1464768547201540,10.719,10.814,1.191,12.038,359.097,87.0,187.13,239.41
4076,Minneapolis,MN,44.9198251,-93.2472065,7513224399,4,3948,5898,180804600594552,1383863295774334,187681793216955,1464768547201540,7.208,24.054,13.615,29.927,359.097,87.0,180.37,239.41
4077,Minneapolis,MN,44.9268185,-93.2327713,7525016155,4,3948,5898,108548754631693,871252130126511,2119469911526680,2059914011250424,6.643,13.958,4.51,14.361,0.0,90.268,207.893,271.241
4078,Minneapolis,MN,44.9268512,-93.2474453,11670362519,4,3948,5898,3924234847692185,296615678616375,753969211944494,24935802609428324,10.015,14.504,7.142,29.825,0.072,90.278,179.89,272.75
4079,Minneapolis,MN,44.9268518,-93.2472149,7525016097,4,3948,5898,3924234847692185,1386290228370646,753969211944494,24935802609428324,10.636,14.07,12.435,16.482,0.072,79.662,179.89,272.75
4080,Minneapolis,MN,44.9269751,-93.2327806,11990741235,4,3948,5898,108548754631693,871252130126511,2119469911526680,2059914011250424,22.728,3.474,16.919,3.165,0.0,90.268,207.893,271.241
4081,Minneapolis,MN,44.9270418,-93.2474532,11670362512,4,3948,5898,580739506227671,296615678616375,944849462725300,1448782506865480,9.37,11.895,7.573,21.347,359.289,90.278,179.95,292.896
4082,Minneapolis,MN,44.9270436,-93.2472227,11670362514,4,3948,5898,1225642642263499,1386290228370646,944849462725300,1448782506865480,0.934,7.298,11.85,5.8,342.735,79.662,179.95,292.896
4083,Minneapolis,MN,44.9181556,-93.2092119,480324398,4,3949,5898,968399637236659,316885323419595,1359273617783785,563418361714048,2.692,6.231,5.472,2.369,38.614,91.881,219.561,248.833
4084,Minneapolis,MN,44.9181973,-93.2094544,724404265,3,3949,5898,469070220849022,222359742680179,507435333784973,477178346868526,17.886,17.055,12.627,18.272,41.15,56.04,220.289,248.833
4085,Minneapolis,MN,44.9182331,-93.2168886,1733430648,3,3949,5898,2186365015201542,1582771673097995,4086454328244298,777284761713748,0.698,0.698,32.15,16.62,6.751,41.01,144.334,324.407
4086,Minneapolis,MN,44.9182457,-93.2093246,11891976690,3,3949,5898,158482606153668,316885323419595,1359273617783785,477178346868526,12.756,19.557,8.271,14.26,41.52,91.881,219.561,248.833
4087,Minneapolis,MN,44.9183624,-93.2171065,1733430581,4,3949,5898,3130015387148840,1455974882308618,8941980009218835,970328558586830,4.707,1.84,26.607,16.63,19.354,44.265,144.248,323.447
4088,Minneapolis,MN,44.9184902,-93.2165411,247400338,3,3949,5898,1705124190185670,2473298643070500,1464760574851356,1324314726151610,9.165,14.91,20.821,2.851,350.624,54.997,227.604,321.731
4089,Minneapolis,MN,44.9185263,-93.2172917,1733430630,3,3949,5898,609056428826348,1336403044864696,948499470084023,609056428826348,11.069,22.828,25.528,11.069,325.144,53.59,145.011,325.144
4090,Minneapolis,MN,44.9185532,-93.2167545,247400299,3,3949,5898,1447827539799071,1447827539799071,1464760574851356,1484943389371150,0.634,0.634,25.761,23.505,54.207,54.207,227.604,270.238
4091,Minneapolis,MN,44.9185759,-93.2171993,8672014506,4,3949,5898,609056428826348,1336403044864696,948499470084023,609056428826348,20.119,22.018,34.654,20.119,325.144,53.59,145.011,325.144
4092,Minneapolis,MN,44.9186532,-93.2168559,1733430589,3,3949,5898,809913214922112,1447827539799071,1464760574851356,1484943389371150,23.42,14.055,30.225,27.31,1.433,54.207,227.604,270.238
4093,Minneapolis,MN,44.9186609,-93.2165513,247400240,4,3949,5898,809913214922112,1745500642754292,1464760574851356,1484943389371150,3.804,4.191,6.279,3.576,1.433,31.021,227.604,270.238
4094,Minneapolis,MN,44.918661,-93.2164313,8677122740,3,3949,5898,1329923522081867,1851570539113114,1475925623739055,1484943389371150,6.23,2.011,1.242,6.418,358.529,41.265,222.736,270.238
4095,Minneapolis,MN,44.9186725,-93.2162938,7649126837,3,3949,5898,2141178939625229,3324723064352685,795210989675739,1610312779945510,3.678,1.212,0.735,9.648,45.17,76.362,227.783,265.648
4096,Minneapolis,MN,44.9187624,-93.2159633,8672030233,3,3949,5898,2141178939625229,784167964014314,1138916764833873,1610312779945510,31.541,23.908,23.993,21.381,45.17,93.306,230.094,265.648
4097,Minneapolis,MN,44.9187906,-93.2166538,6468046273,3,3949,5898,801348375759003,2473298643070500,1464760574851356,1484943389371150,10.016,22.622,19.481,17.116,1.433,54.997,227.604,270.238
4098,Minneapolis,MN,44.9187977,-93.2165537,6468406567,3,3949,5898,801348375759003,3324723064352685,1464760574851356,675286192254395,5.353,25.882,15.449,1.974,1.433,76.362,227.604,312.948
4099,Minneapolis,MN,44.9189542,-93.217729,1619057954,4,3949,5898,1415674746113488,940979654284775,940979654284775,1415674746113488,14.333,23.615,23.615,14.333,326.542,146.863,146.863,326.542
4100,Minneapolis,MN,44.9190307,-93.2176993,1619057956,3,3949,5898,680323874647797,490879550234649,1297288451471675,680323874647797,18.757,30.119,30.198,18.757,327.522,146.863,147.733,327.522
4101,Minneapolis,MN,44.9191311,-93.2177293,1619057971,3,3949,5898,680323874647797,1045720953899711,1045720953899711,680323874647797,20.228,34.284,34.284,20.228,327.522,147.733,147.733,327.522
4102,Minneapolis,MN,44.9193233,-93.2180759,8671950214,3,3949,5898,1384698579336389,1341341427232101,1341341427232101,1384698579336389,8.921,22.162,22.162,8.921,328.001,148.455,148.455,328.001
4103,Minneapolis,MN,44.9194397,-93.2148668,1735851709,4,3949,5898,616263484195291,778220308322980,699633385655157,1133342844487926,15.043,24.739,5.079,14.075,4.292,90.683,155.658,305.227
4104,Minneapolis,MN,44.9194814,-93.2181596,1733430566,3,3949,5898,1850246155515371,660079403603575,640800952128570,232770686031091,19.162,19.706,19.162,19.439,357.105,98.918,175.5,269.782
4105,Minneapolis,MN,44.9194875,-93.2145552,11234152574,3,3949,5898,493727123254995,559469603590149,1264253031296527,1316521705890480,8.599,8.599,17.434,19.939,355.301,42.188,173.723,271.523
4106,Minneapolis,MN,44.9195007,-93.2145146,11234152573,3,3949,5898,493727123254995,1282839203638648,1264253031296527,412783131824567,12.094,11.778,20.387,18.459,355.301,43.756,173.723,269.765
4107,Minneapolis,MN,44.9195395,-93.2184687,8674020787,4,3949,5898,1850246155515371,10044371542240183,640800952128570,1087014836556064,6.359,5.543,6.359,6.359,357.105,81.689,175.5,292.961
4108,Minneapolis,MN,44.91955,-93.2183544,1733430606,3,3949,5898,1850246155515371,660079403603575,640800952128570,1087014836556064,2.827,3.119,2.827,2.827,357.105,98.918,175.5,292.961
4109,Minneapolis,MN,44.9195566,-93.2176885,8671950213,3,3949,5898,1020880632609951,205292938968872,996040608230793,2183194478744832,27.331,27.331,27.151,13.414,0.0,90.0,180.0,268.407
4110,Minneapolis,MN,44.9195689,-93.2146088,4033487372,4,3949,5898,933514158748923,1820700302147780,2005241069978517,1316521705890480,9.484,4.688,13.153,11.177,352.793,42.416,173.723,271.523
4111,Minneapolis,MN,44.9195699,-93.2149349,4033487373,4,3949,5898,1284958416212030,778220308322980,1352043338784855,9075982085850603,4.697,9.881,5.855,14.12,42.416,90.683,172.07,270.447
4112,Minneapolis,MN,44.9195848,-93.2143253,11234152571,3,3949,5898,809883468182922,809883468182922,1648502369413916,965463785505032,2.788,2.788,34.828,9.539,43.11,43.11,191.716,266.558
4113,Minneapolis,MN,44.9195866,-93.2128486,8677122679,4,3949,5898,1817718705367259,784380397509087,309130048326415,1326291252158113,9.466,4.84,4.7,7.603,358.237,43.11,178.824,276.45
4114,Minneapolis,MN,44.9195899,-93.2126567,8677104889,4,3949,5898,1817718705367259,573298682476379,977170874224390,568445782618436,5.709,5.551,1.659,11.361,358.237,43.11,177.105,274.083
4115,Minneapolis,MN,44.9195932,-93.2121018,8677104888,4,3949,5898,582367988205212,582367988205212,629232262098213,899343875334579,6.31,6.31,27.649,12.389,43.11,43.11,180.0,269.119
4116,Minneapolis,MN,44.9197832,-93.2178316,247400421,4,3949,5898,1020880632609951,205292938968872,628521412139562,945065127594438,18.959,18.959,18.959,6.39,0.0,90.0,180.0,267.55
4117,Minneapolis,MN,44.9197846,-93.2184966,1733430564,4,3949,5898,1441321440364963,10044371542240183,958549859621471,891198999979174,9.001,27.759,17.665,9.777,329.965,81.689,210.248,272.345
4118,Minneapolis,MN,44.9197904,-93.2188835,1733430560,4,3949,5898,654566307539018,370184002296258,760661792633735,4293379817547683,16.341,3.966,3.411,9.217,328.501,149.69,150.398,271.957
4119,Minneapolis,MN,44.9198178,-93.2128566,8677122676,4,3949,5898,389866710360025,784380397509087,2939924779481781,1062607648190613,19.018,21.559,6.377,4.267,335.678,43.11,179.205,270.0
4120,Minneapolis,MN,44.9198206,-93.212109,8677104894,4,3949,5898,606758731420737,582367988205212,629232262098213,761173929218722,23.27,20.843,22.33,1.852,0.0,43.11,180.0,266.083
4121,Minneapolis,MN,44.9198211,-93.2126513,8678007414,4,3949,5898,1945562732704979,573298682476379,560612250070633,2078459216003320,11.458,21.797,2.338,4.576,0.0,43.11,180.672,270.447
4122,Minneapolis,MN,44.9198278,-93.2150641,5467767052,4,3949,5898,387921870451249,778220308322980,1909916786533250,609288332051259,12.809,21.979,6.53,6.166,339.361,90.683,159.049,268.119
4123,Minneapolis,MN,44.9198453,-93.2147489,8676915082,3,3949,5898,557914153901070,650059344424349,730439159181392,988260666451267,9.122,28.376,12.819,7.252,340.539,104.613,159.924,269.284
4124,Minneapolis,MN,44.91988,-93.2178945,1619063625,3,3949,5898,1020880632609951,205292938968872,628521412139562,1058123796083860,25.613,25.613,25.613,17.423,0.0,90.0,180.0,268.444
4125,Minneapolis,MN,44.9199187,-93.2152085,2042757790,3,3949,5898,973606331061901,265122816478513,1260865255812985,1240518953687433,20.159,18.715,12.914,16.809,339.862,144.698,159.738,269.373
4126,Minneapolis,MN,44.9199404,-93.2151279,8677122710,4,3949,5898,227982003715675,265122816478513,1260865255812985,1240518953687433,13.12,12.557,6.129,18.755,338.672,144.698,159.738,269.373
4127,Minneapolis,MN,44.920021,-93.2186832,247400428,4,3949,5898,9041538002615069,1659494494601374,3615756255400097,654566307539018,6.756,21.201,20.863,14.71,331.125,149.164,150.124,328.501
4128,Minneapolis,MN,44.9200657,-93.2186147,1619063623,3,3949,5898,9041538002615069,1659494494601374,3615756255400097,654566307539018,14.066,28.511,28.056,21.347,331.125,149.164,150.124,328.501
4129,Minneapolis,MN,44.9267574,-93.2232831,8807695013,3,3949,5898,655518890661104,1218657361884305,2090257178155333,1746466049264955,17.767,16.173,18.613,18.613,348.008,87.323,158.529,270.0
4130,Minneapolis,MN,44.9267756,-93.2233429,8807694979,4,3949,5898,1514078879549410,379278996773056,2090257178155333,1746466049264955,11.993,13.073,18.658,18.658,334.201,87.152,158.529,270.0
4131,Minneapolis,MN,44.9268109,-93.2234285,11889373241,3,3949,5898,554585801008138,379278996773056,623720036666395,1746466049264955,8.226,9.758,19.407,22.045,335.153,87.152,154.875,270.0
4132,Minneapolis,MN,44.9270341,-93.2185471,9533219867,3,3949,5898,1173263347555312,171565994889101,1690310228327478,237558212738815,9.192,8.17,16.46,28.075,333.407,86.881,153.784,329.357
4133,Minneapolis,MN,44.9270557,-93.2189372,8807694999,3,3949,5898,1867961050289417,155950149754092,1702044883773643,237558212738815,15.072,10.155,11.334,17.885,335.871,98.428,152.823,329.357
4134,Minneapolis,MN,44.9270743,-93.2189399,11889373226,3,3949,5898,750054520380554,155950149754092,1702044883773643,237558212738815,14.339,12.046,10.096,16.253,334.507,98.428,152.823,329.357
4135,Minneapolis,MN,44.9270746,-93.2185814,11889373223,3,3949,5898,2165169667237062,284038160061930,1501969051222988,237558212738815,8.872,12.988,16.327,23.196,333.407,91.34,153.784,329.357
4136,Minneapolis,MN,44.9336461,-93.2294917,1618494494,4,3949,5898,707983545348509,1023837783298135,1246240506996869,617468040850688,23.325,19.768,34.597,29.407,27.696,110.685,143.369,282.096
4137,Minneapolis,MN,44.9184389,-93.2075668,6465084892,4,3950,5898,913360189449806,853263466784857,4048142528574711,2697546083868926,2.078,17.301,2.172,7.967,334.938,81.532,150.271,325.22
4138,Minneapolis,MN,44.9184637,-93.2075875,480324440,3,3950,5898,2045327742281322,3935680290045761,1917608865060438,2697546083868926,3.699,16.143,3.222,11.077,336.256,88.897,155.285,325.22
4139,Minneapolis,MN,44.9184648,-93.207696,724404224,4,3950,5898,221877682657675,3935680290045761,1917608865060438,867291420664045,12.4,12.153,9.342,28.415,355.198,88.897,155.285,267.433
4140,Minneapolis,MN,44.9186464,-93.207745,3418599827,4,3950,5898,800965010833952,2960499460835728,479063583343552,867291420664045,8.454,1.54,5.112,7.961,338.435,87.55,150.609,267.433
4141,Minneapolis,MN,44.9186513,-93.2076549,33756602,4,3950,5898,800965010833952,759153766125038,479063583343552,491877201963343,1.552,3.787,2.024,6.611,338.435,80.286,150.609,287.317
4142,Minneapolis,MN,44.9186925,-93.2062298,11181850358,3,3950,5898,2469259590193694,1720255512026997,527933638202641,4443198092669992,4.875,16.345,16.459,6.2,330.837,93.787,153.41,326.242
4143,Minneapolis,MN,44.9195992,-93.2076552,1735851785,4,3950,5898,1355736431749860,1414122769650616,780647454599067,654743660314158,1.783,11.898,28.265,11.858,0.0,89.395,120.079,276.999
4144,Minneapolis,MN,44.9196089,-93.2077656,8680926860,4,3950,5898,1355736431749860,1414122769650616,780647454599067,475564925563063,10.073,15.224,27.799,11.481,0.0,89.395,120.079,276.999
4145,Minneapolis,MN,44.9198587,-93.2077584,8680926877,3,3950,5898,1360794775750206,1097010959247397,667023793086088,362790956688438,12.347,8.411,6.353,6.067,346.662,104.668,124.38,278.79
4146,Minneapolis,MN,44.9198639,-93.2075398,8680926875,4,3950,5898,25291771773759336,1475834666795610,667023793086088,3736748809894283,12.044,15.375,12.289,10.475,327.52,92.743,124.38,286.049
4147,Minneapolis,MN,44.9215357,-93.207753,11891712242,3,3950,5898,1616776265956866,768969869379425,768969869379425,1616776265956866,6.969,7.473,7.473,6.969,311.244,126.5,126.5,311.244
4148,Minneapolis,MN,44.9215385,-93.2075451,11891712243,3,3950,5898,1616776265956866,768969869379425,768969869379425,1616776265956866,9.407,11.227,11.227,9.407,311.244,126.5,126.5,311.244
4149,Minneapolis,MN,44.9215432,-93.2077369,9473181658,3,3950,5898,1616776265956866,768969869379425,768969869379425,1616776265956866,5.771,7.054,7.054,5.771,311.244,126.5,126.5,311.244
4150,Minneapolis,MN,44.921548,-93.1875258,13058648223,3,3950,5898,1567044317737996,1615556913076155,1460450968794359,2000833764192652,3.643,21.842,21.09,10.484,359.871,91.798,183.418,252.888
4151,Minneapolis,MN,44.9215485,-93.2075585,9473181657,3,3950,5898,1616776265956866,772791282207004,772791282207004,1616776265956866,8.476,10.393,10.393,8.476,311.244,126.5,126.5,311.244
4152,Minneapolis,MN,44.921671,-93.2075592,9473181676,3,3950,5898,2889631948092721,555195624318247,555195624318247,2889631948092721,9.078,9.237,9.237,9.078,312.341,125.424,125.424,312.341
4153,Minneapolis,MN,44.9216781,-93.2075518,11891712249,3,3950,5898,2889631948092721,555195624318247,555195624318247,2889631948092721,9.943,9.735,9.735,9.943,312.341,125.424,125.424,312.341
4154,Minneapolis,MN,44.9216989,-93.1875259,13058635836,4,3950,5898,1567044317737996,1615556913076155,1460450968794359,2000833764192652,13.137,17.203,8.1,6.513,359.871,91.798,183.418,252.888
4155,Minneapolis,MN,44.9217037,-93.1872414,13058648222,3,3950,5898,977226304366553,3213640502196417,2127406297831751,959380159978990,5.134,18.209,15.855,11.294,1.308,45.607,179.935,295.19
4156,Minneapolis,MN,44.9220265,-93.1872423,8591406537,3,3950,5898,550730357968269,1923246464832334,1465952404941040,2193531744791942,5.518,7.498,13.172,11.144,14.76,77.436,164.228,292.13
4157,Minneapolis,MN,44.9224558,-93.1875264,13058649524,3,3950,5898,321454252662513,321454252662513,973234015124243,1325745086078654,16.925,16.925,9.976,12.212,47.921,47.921,163.449,292.13
4158,Minneapolis,MN,44.9226062,-93.1875266,8591406717,4,3950,5898,321454252662513,321454252662513,1595444821739265,1601719637758042,17.822,17.822,9.387,11.423,47.921,47.921,163.449,292.13
4159,Minneapolis,MN,44.922613,-93.1872481,10942865931,3,3950,5898,321454252662513,321454252662513,1595444821739265,1601719637758042,12.073,12.073,12.784,10.518,47.921,47.921,163.449,292.13
4160,Minneapolis,MN,44.9233555,-93.2075471,11889469747,3,3950,5898,1442285680187833,793698169843219,793698169843219,1442285680187833,7.261,10.018,10.018,7.261,312.233,126.308,126.308,312.233
4161,Minneapolis,MN,44.9233631,-93.2077336,9482009357,3,3950,5898,1442285680187833,793698169843219,793698169843219,1442285680187833,7.871,6.108,6.108,7.871,312.233,126.308,126.308,312.233
4162,Minneapolis,MN,44.9233636,-93.187248,13058649702,3,3950,5898,510733516720759,510733516720759,814105171744778,945715674915669,6.371,6.371,14.442,10.159,39.968,39.968,163.316,291.74
4163,Minneapolis,MN,44.9233641,-93.2075532,9473181674,3,3950,5898,1442285680187833,1093330186337231,1093330186337231,1442285680187833,7.045,9.86,9.86,7.045,312.233,126.308,126.308,312.233
4164,Minneapolis,MN,44.9233692,-93.1875338,8591406712,4,3950,5898,510733516720759,510733516720759,814105171744778,945715674915669,19.103,19.103,10.959,12.413,39.968,39.968,163.316,291.74
4165,Minneapolis,MN,44.9234842,-93.207747,9482009360,3,3950,5898,777604891863137,23957898860555242,23957898860555242,777604891863137,9.267,5.707,5.707,9.267,311.86,127.064,127.064,311.86
4166,Minneapolis,MN,44.9234994,-93.207757,11889469745,3,3950,5898,2299692847169298,23957898860555242,23957898860555242,2299692847169298,10.115,6.501,6.501,10.115,311.86,127.064,127.064,311.86
4167,Minneapolis,MN,44.9235173,-93.1875304,8591406684,3,3950,5898,5465358556839576,5465358556839576,1628912678412304,2489982768138248,17.337,17.337,9.434,12.697,41.881,41.881,163.316,290.515
4168,Minneapolis,MN,44.9242757,-93.1875329,8591406680,4,3950,5898,256042476264818,256042476264818,26884274011190020,1305659591492647,14.061,14.061,9.66,11.927,44.463,44.463,163.444,290.986
4169,Minneapolis,MN,44.9242766,-93.1872472,13058649707,3,3950,5898,256042476264818,256042476264818,26884274011190020,1305659591492647,8.525,8.525,13.34,10.609,44.463,44.463,163.444,290.986
4170,Minneapolis,MN,44.9244296,-93.187532,8591406628,3,3950,5898,475229553531594,475229553531594,2206327636840723,1862155541168069,13.977,13.977,11.031,12.883,44.554,44.554,163.444,290.986
4171,Minneapolis,MN,44.924456,-93.1869916,8584599722,3,3950,5898,475229553531594,475229553531594,776157345353310,1259199446326978,28.845,28.845,33.509,31.124,44.554,44.554,163.444,290.986
4172,Minneapolis,MN,44.9249039,-93.1872523,1739894808,4,3950,5898,998274300710204,998274300710204,2109813119811066,1652626455751427,11.059,11.059,14.188,11.587,43.389,43.389,163.444,290.986
4173,Minneapolis,MN,44.9251744,-93.2077557,11889469744,3,3950,5898,1336754858042902,705301589188199,24593169033704708,1097444172557994,6.885,3.732,8.702,11.414,43.317,93.587,120.354,313.619
4174,Minneapolis,MN,44.9251841,-93.1872495,8591406558,3,3950,5898,998824420884186,998824420884186,1490376769149121,959534133236895,10.853,10.853,12.973,9.984,48.997,48.997,163.707,290.986
4175,Minneapolis,MN,44.925186,-93.1875284,8591406625,4,3950,5898,998824420884186,998824420884186,1490376769149121,959534133236895,14.65,14.65,9.054,11.988,48.997,48.997,163.707,290.986
4176,Minneapolis,MN,44.9252364,-93.2074366,2484536204,3,3950,5898,820161793850773,705301589188199,24593169033704708,1985980498871006,14.174,23.702,22.765,13.8,312.777,93.587,120.354,310.563
4177,Minneapolis,MN,44.9252452,-93.2075505,9473181683,4,3950,5898,1985980498871006,705301589188199,24593169033704708,1985980498871006,4.78,15.162,16.967,4.78,310.563,93.587,120.354,310.563
4178,Minneapolis,MN,44.925305,-93.2075518,10210076892,3,3950,5898,825627679927209,705301589188199,24593169033704708,825627679927209,5.11,18.21,22.674,5.11,310.563,93.587,120.354,310.563
4179,Minneapolis,MN,44.9253111,-93.207751,11889469746,3,3950,5898,1336754858042902,705301589188199,24593169033704708,825627679927209,10.788,11.947,21.99,10.612,43.317,93.587,120.354,310.563
4180,Minneapolis,MN,44.925331,-93.1875265,8591406573,3,3950,5898,2582137205429278,2582137205429278,1571654337249931,2440912629671901,14.385,14.385,9.155,12.61,42.975,42.975,163.707,290.986
4181,Minneapolis,MN,44.9260907,-93.1872482,13058649511,3,3950,5898,497552014929945,497552014929945,958522526595885,1652670032539387,8.727,8.727,13.128,11.168,46.05,46.05,162.68,290.986
4182,Minneapolis,MN,44.9260962,-93.1875265,8591406569,4,3950,5898,497552014929945,497552014929945,958522526595885,2072099196848616,15.205,15.205,8.919,12.898,46.05,46.05,162.68,290.986
4183,Minneapolis,MN,44.9262342,-93.1875299,13043511084,3,3950,5898,196766055597094,196766055597094,969955755500761,1280231030701900,16.325,16.325,8.892,12.13,45.354,45.354,162.56,290.986
4184,Minneapolis,MN,44.9266137,-93.1875296,10942866044,4,3950,5898,541751147200974,979461139456990,27217566567845443,2170382823714240,16.161,15.85,8.85,12.072,43.569,47.99,164.651,290.476
4185,Minneapolis,MN,44.9269719,-93.1875316,6579413889,3,3950,5898,1212107037451043,800659757240441,2457156548070657,809480102220506,17.459,19.234,9.748,16.513,356.255,53.538,171.377,295.047
4186,Minneapolis,MN,44.9269742,-93.187074,8584599752,3,3950,5898,828906693564092,800659757240441,1297675748907754,1517503676377170,7.607,23.185,23.176,12.723,20.244,53.538,178.312,282.882
4187,Minneapolis,MN,44.9269745,-93.1871481,8403120210,4,3950,5898,1477097907425276,800659757240441,1297675748907754,1626469408571675,10.248,18.238,18.092,14.867,0.638,53.538,178.312,268.74
4188,Minneapolis,MN,44.9269748,-93.1872432,6579413890,4,3950,5898,1477097907425276,2852063221700258,1297675748907754,1626469408571675,5.555,6.318,12.57,12.612,0.638,35.081,178.312,268.74
4189,Minneapolis,MN,44.9269828,-93.187509,13058649504,3,3950,5898,1212107037451043,800659757240441,2457156548070657,809480102220506,15.561,17.082,8.221,15.689,356.255,53.538,171.377,295.047
4190,Minneapolis,MN,44.9271749,-93.1869672,8591400871,3,3950,5898,828497590288890,376528030397908,1297675748907754,2138780186957946,14.729,28.028,31.681,9.671,20.244,44.663,178.312,282.882
4191,Minneapolis,MN,44.9271756,-93.1872744,6579413891,4,3950,5898,376528030397908,376528030397908,1297675748907754,1626469408571675,4.158,4.158,13.259,9.948,44.663,44.663,178.312,268.74
4192,Minneapolis,MN,44.9271783,-93.1874991,6579413892,4,3950,5898,376528030397908,376528030397908,1297675748907754,1626469408571675,14.037,14.037,17.806,22.197,44.663,44.663,178.312,268.74
4193,Minneapolis,MN,44.9196402,-93.1668614,12152655207,3,3951,5898,188289877041464,554703610078776,195504493428265,1498341460693843,12.22,12.624,13.682,13.515,328.462,55.124,191.437,269.618
4194,Minneapolis,MN,44.9196419,-93.1672213,12152655208,4,3951,5898,188289877041464,554703610078776,261855239643991,1098984788952023,31.46,31.236,5.592,16.439,328.462,55.124,165.159,268.816
4195,Minneapolis,MN,44.9196954,-93.1672188,3608151809,4,3951,5898,474228478222057,554703610078776,256384773584702,1098984788952023,32.831,29.187,4.898,10.657,15.644,55.124,164.454,268.816
4196,Minneapolis,MN,44.9197426,-93.1670396,3608151811,3,3951,5898,474228478222057,554703610078776,870523858909702,776867097177014,17.781,14.402,10.658,4.917,15.644,55.124,191.013,269.65
4197,Minneapolis,MN,44.9197432,-93.1668634,9095165753,4,3951,5898,188289877041464,554703610078776,195504493428265,1498341460693843,1.166,1.26,3.277,2.406,328.462,55.124,191.437,269.618
4198,Minneapolis,MN,44.9197437,-93.166717,1147402083,3,3951,5898,474228478222057,554703610078776,195504493428265,998089228229766,11.114,11.107,9.151,8.739,15.644,55.124,191.437,267.147
4199,Minneapolis,MN,44.9197876,-93.1672167,3608151813,4,3951,5898,474228478222057,223041153801176,870523858909702,1256280556380664,30.454,26.301,11.721,0.032,15.644,46.648,191.013,264.872
4200,Minneapolis,MN,44.9198477,-93.1668668,13058649148,4,3951,5898,249907180948637,554703610078776,785056179962145,1498341460693843,4.748,10.479,7.117,9.738,10.134,55.124,196.567,269.618
4201,Minneapolis,MN,44.9198478,-93.1667705,9851986773,3,3951,5898,249907180948637,554703610078776,785056179962145,998089228229766,3.329,12.501,0.903,10.539,10.134,55.124,196.567,267.147
4202,Minneapolis,MN,44.9198481,-93.1667169,3608151814,4,3951,5898,249907180948637,554703610078776,785056179962145,998089228229766,7.379,15.248,4.788,12.878,10.134,55.124,196.567,267.147
4203,Minneapolis,MN,44.9198484,-93.1672222,12152652594,4,3951,5898,249907180948637,223041153801176,3463338213817120,1098984788952023,32.553,28.18,12.97,7.189,10.134,46.648,180.184,268.816
4204,Minneapolis,MN,44.9265094,-93.1643878,13058635888,4,3951,5898,950537506294475,3463088997291139,606226371436366,1395242954574819,23.755,24.143,6.492,21.161,0.0,79.985,181.173,270.0
4205,Minneapolis,MN,44.9265119,-93.1645992,13058648631,4,3951,5898,950537506294475,3463088997291139,1502616483606901,1395242954574819,23.22,23.621,2.516,19.087,0.0,79.985,186.468,270.0
4206,Minneapolis,MN,44.9267863,-93.1656241,13058648650,4,3951,5898,821366910520352,992237658602302,788507332486247,1250128010612251,21.112,16.698,24.634,25.543,21.689,90.293,187.336,284.34
4207,Minneapolis,MN,44.9268907,-93.1646003,13039947917,4,3951,5898,1440459177856100,231122769525667,583024697142134,949380284453379,9.997,3.216,10.378,13.141,22.659,95.051,173.026,281.9
4208,Minneapolis,MN,44.9268909,-93.1643873,13039947885,4,3951,5898,1956686428388041,124451960598391,928726885005349,26193642380327989,9.464,13.309,7.561,14.423,23.35,99.422,171.94,282.346
4209,Minneapolis,MN,44.926893,-93.1656242,13039947965,4,3951,5898,821366910520352,992237658602302,1648134955599517,1250128010612251,9.521,4.893,9.413,13.679,21.689,90.293,223.084,284.34
4210,Minneapolis,MN,44.926896,-93.1658341,13039947966,3,3951,5898,1509047253870439,549535604039597,1648134955599517,1467506098364162,10.015,4.507,24.134,14.473,22.119,90.316,223.084,284.34
4211,Minneapolis,MN,44.9268966,-93.1668627,13039947970,4,3951,5898,1866657897328499,635917895221770,892354166775692,1824249578272328,7.475,4.142,14.362,15.181,22.227,91.136,179.748,282.902
4212,Minneapolis,MN,44.9268979,-93.1672248,13039947969,4,3951,5898,1619145145891873,258121796620052,892354166775692,1660374211810142,7.249,22.992,14.146,14.44,22.227,103.801,179.748,281.922
4213,Minneapolis,MN,44.9269011,-93.165818,13039947962,3,3951,5898,1740378514002766,549535604039597,1648134955599517,2797960720551856,10.117,3.979,22.765,14.178,21.689,90.316,223.084,284.34
4214,Minneapolis,MN,44.9270849,-93.1672143,11378592123,3,3951,5898,1337510646979012,128892146854078,1763889030970354,1660374211810142,16.536,16.758,13.35,6.664,0.0,90.0,179.631,281.922
4215,Minneapolis,MN,44.927091,-93.1658147,13039947955,3,3951,5898,1740378514002766,549535604039597,1648134955599517,1467506098364162,14.203,17.236,26.764,8.678,21.689,90.316,223.084,284.34
4216,Minneapolis,MN,44.927095,-93.1643924,13039947889,4,3951,5898,1956686428388041,209279011894217,928726885005349,26193642380327989,13.627,25.496,26.497,11.189,23.35,94.04,171.94,282.346
4217,Minneapolis,MN,44.9270956,-93.1645949,13039947913,4,3951,5898,1440459177856100,5908617585917137,928726885005349,949380284453379,14.109,18.115,27.403,9.823,22.659,91.024,171.94,281.9
4218,Minneapolis,MN,44.9270973,-93.1668698,13039947974,4,3951,5898,1337510646979012,128892146854078,1019513045678409,1824249578272328,12.805,11.975,10.867,7.61,0.0,90.0,180.0,282.902
4219,Minneapolis,MN,44.927098,-93.1656182,13039947964,4,3951,5898,821366910520352,992237658602302,1648134955599517,1250128010612251,13.993,17.99,17.484,9.126,21.689,90.293,223.084,284.34
4220,Minneapolis,MN,44.9270981,-93.1658328,13039947963,3,3951,5898,1509047253870439,549535604039597,1648134955599517,1467506098364162,14.674,18.001,28.383,8.793,22.119,90.316,223.084,284.34
4221,Minneapolis,MN,44.9271006,-93.1672367,11759193033,3,3951,5898,1337510646979012,128892146854078,2355490734876273,1660374211810142,18.76,17.998,15.019,8.139,0.0,90.0,179.631,281.922
4222,Minneapolis,MN,44.9273301,-93.166868,13039947007,4,3951,5898,1337510646979012,128892146854078,964172771376295,958561948609285,33.943,24.634,11.423,33.943,0.0,90.0,178.957,270.0
4223,Minneapolis,MN,44.9329064,-93.1672241,11759193065,4,3951,5898,1724630201291304,1932665827106831,709256520959287,804398671336404,29.847,20.031,13.251,26.6,353.271,103.248,179.113,293.491
4224,Minneapolis,MN,44.9329693,-93.1668564,13039947987,4,3951,5898,825983482472752,595849339394166,903928098836289,1689728841542160,3.496,3.641,14.205,4.174,324.704,86.766,177.558,265.96
4225,Minneapolis,MN,44.9332884,-93.1672207,11759193052,3,3951,5898,590691679671791,966721837715974,1267106473994507,833647418164156,16.589,4.343,6.946,12.56,0.0,109.45,195.093,220.348
4226,Minneapolis,MN,44.9334304,-93.1672194,11759209722,3,3951,5898,1542163533207116,966721837715974,263370836473151,833647418164156,16.675,13.963,5.298,5.212,0.0,109.45,182.252,220.348
4227,Minneapolis,MN,44.9247634,-93.1619255,10942902992,3,3952,5898,1353048355750169,584779147348020,565043386190216,565043386190216,7.661,13.387,5.398,5.398,9.256,72.324,234.66,234.66
4228,Minneapolis,MN,44.9248461,-93.1615964,10942902998,3,3952,5898,1686996799359308,3849109198568147,989271796609030,967693401885566,21.676,21.859,1.832,13.305,359.103,109.894,184.549,269.635
4229,Minneapolis,MN,44.9251786,-93.1631089,10942903033,4,3952,5898,665153196319226,1128943248987983,2136095356908369,1859151008256727,11.805,8.879,4.607,18.964,6.989,61.194,196.181,245.246
4230,Minneapolis,MN,44.9252442,-93.1633195,13058648610,3,3952,5898,205022925633283,1128943248987983,3657342844566648,1859151008256727,4.06,18.008,24.503,33.997,8.765,61.194,181.123,245.246
4231,Minneapolis,MN,44.9259791,-93.1464803,13058648730,4,3952,5898,861187803429623,1698850677743109,2212455422617843,9848960295227757,5.697,0.659,14.841,7.145,347.954,102.178,176.63,275.141
4232,Minneapolis,MN,44.9259798,-93.1461833,3037154004,3,3952,5898,3817908798511045,732196786350377,2238923979852597,877923824832446,1.539,0.672,32.333,1.396,0.0,70.928,143.841,277.734
4233,Minneapolis,MN,44.9264041,-93.146474,8395157141,4,3952,5898,2134109284024589,2933273070240268,1517088872713183,870618673491907,6.286,2.144,13.832,4.336,357.884,88.219,175.222,269.031
4234,Minneapolis,MN,44.9264059,-93.1463037,3037154019,3,3952,5898,2134109284024589,944655459439507,1626556615445252,754113471789459,19.642,1.434,28.165,3.654,357.884,89.564,179.567,266.698
4235,Minneapolis,MN,44.9264186,-93.1461778,8395129706,3,3952,5898,1557069828894414,1079751612433179,415614669795535,1240622486380043,10.164,4.392,34.304,2.936,353.621,82.005,131.878,266.656
4236,Minneapolis,MN,44.9268169,-93.1461671,8395129708,3,3952,5898,2486972065094541,333317338426890,1402526004580682,1569188260789312,9.709,28.265,32.229,10.323,23.303,56.166,238.038,269.29
4237,Minneapolis,MN,44.9268509,-93.1461675,8395129707,3,3952,5898,2486972065094541,333317338426890,1956218351987377,1569188260789312,6.089,27.838,34.719,6.545,23.303,56.166,209.677,269.29
4238,Minneapolis,MN,44.9268518,-93.1464618,8395157140,3,3952,5898,924091460181336,333317338426890,919301163767528,1403764924586007,7.312,4.744,13.568,6.449,0.253,56.166,193.255,272.967
4239,Minneapolis,MN,44.9268612,-93.146774,8395157153,3,3952,5898,1289008909228820,333317338426890,467861464300615,1642264837091890,5.874,19.93,5.45,13.949,22.46,56.166,180.0,281.681
4240,Minneapolis,MN,44.9268634,-93.1464779,13039947155,3,3952,5898,924091460181336,333317338426890,919301163767528,1403764924586007,5.916,3.399,12.494,5.214,0.253,56.166,193.255,272.967
4241,Minneapolis,MN,44.9268674,-93.1467626,13039947154,3,3952,5898,1216419423675844,333317338426890,467861464300615,1642264837091890,5.145,19.048,4.921,13.176,22.46,56.166,180.0,281.681
4242,Minneapolis,MN,44.9270295,-93.1464739,13039947156,3,3952,5898,375799490433779,333317338426890,563979774574199,914935061369192,4.17,19.174,17.912,5.275,356.966,56.166,177.792,281.681
4243,Minneapolis,MN,44.9270329,-93.1467529,13039947151,3,3952,5898,1582412882961124,333317338426890,563979774574199,1642264837091890,15.735,26.497,5.141,5.257,0.421,56.166,177.792,281.681
4244,Minneapolis,MN,44.9270331,-93.1464672,8395157139,3,3952,5898,375799490433779,333317338426890,563979774574199,914935061369192,4.765,19.674,18.367,5.855,356.966,56.166,177.792,281.681
4245,Minneapolis,MN,44.9270367,-93.1467646,8395157154,3,3952,5898,1582412882961124,333317338426890,563979774574199,1642264837091890,16.667,27.441,5.753,5.771,0.421,56.166,177.792,281.681
4246,Minneapolis,MN,44.9331234,-93.1491211,483542172,3,3952,5898,4224297914508554,4037353366594208,4037353366594208,24992507893758492,9.734,1.254,1.254,8.424,318.464,139.4,139.4,313.197
4247,Minneapolis,MN,44.9336531,-93.150099,483542190,3,3952,5898,1938956400294616,1329578802299669,1716257208996358,2131237904341492,33.27,4.359,22.435,8.17,328.419,88.136,147.353,268.68
4248,Minneapolis,MN,44.9336706,-93.1497603,1710796400,4,3952,5898,1125981252323151,1157355299574484,1157355299574484,1235283232140265,9.924,2.594,2.594,4.151,325.619,145.488,145.488,279.059
4249,Minneapolis,MN,44.9181888,-93.1406162,3101308027,3,3953,5898,1274724281220653,1021199376065373,1567584307780671,1243157674626318,5.625,6.783,6.57,7.588,316.301,46.901,224.958,279.578
4250,Minneapolis,MN,44.9186375,-93.1399551,3101308156,3,3953,5898,4178973462363686,4178973462363686,776375875534700,2421547828347112,4.119,4.119,9.472,6.509,45.282,45.282,164.548,225.668
4251,Minneapolis,MN,44.9187407,-93.139803,3101308171,3,3953,5898,1468461471956221,1468461471956221,1620914668924350,2328922094248762,4.499,4.499,9.832,6.61,43.988,43.988,176.06,225.842
4252,Minneapolis,MN,44.9192115,-93.1394927,7668178289,4,3953,5898,758759826941299,758759826941299,1603425947133381,1603425947133381,14.246,14.246,0.719,0.719,48.148,48.148,226.913,226.913
4253,Minneapolis,MN,44.9194436,-93.1391562,7668178292,4,3953,5898,1119777889698291,1119777889698291,1086296925946811,1086296925946811,14.102,14.102,0.579,0.579,48.148,48.148,226.819,226.819
4254,Minneapolis,MN,44.9195552,-93.1393126,7668178290,3,3953,5898,1119777889698291,1119777889698291,1086296925946811,1086296925946811,31.47,31.47,17.934,17.934,48.148,48.148,226.819,226.819
4255,Minneapolis,MN,44.9195582,-93.1389847,13250638293,3,3953,5898,668127299148154,668127299148154,1352920005416708,1352920005416708,13.824,13.824,1.102,1.102,48.148,48.148,223.234,223.234
4256,Minneapolis,MN,44.9195735,-93.138958,13250637963,3,3953,5898,1397680388452615,1397680388452615,3524594961187939,3524594961187939,13.732,13.732,1.382,1.382,48.148,48.148,223.354,223.354
4257,Minneapolis,MN,44.9195947,-93.1392653,13250637110,4,3953,5898,1336126767867996,1336126767867996,1241824653887459,1241824653887459,32.214,32.214,18.405,18.405,48.148,48.148,226.357,226.357
4258,Minneapolis,MN,44.9195951,-93.1390429,13250638007,3,3953,5898,668127299148154,668127299148154,1352920005416708,361269000095893,19.876,19.876,6.506,6.707,48.148,48.148,223.234,225.812
4259,Minneapolis,MN,44.9197281,-93.1390844,13250638012,3,3953,5898,1397680388452615,1397680388452615,3524594961187939,344530898450493,33.067,33.067,19.479,19.117,48.148,48.148,223.354,225.198
4260,Minneapolis,MN,44.9197395,-93.1390978,13250638010,3,3953,5898,1397680388452615,1397680388452615,3524594961187939,2083188185379429,34.716,34.716,21.12,21.016,48.148,48.148,223.354,226.268
4261,Minneapolis,MN,44.9197395,-93.1388873,13250638015,3,3953,5898,1344635107274492,1344635107274492,1625924764607305,735445975185021,23.677,23.677,9.445,9.586,48.148,48.148,225.168,225.812
4262,Minneapolis,MN,44.9197407,-93.1383094,13250637958,3,3953,5898,1797570178303169,876131401685037,1185375440432986,703871092712145,4.926,4.301,11.116,8.238,354.954,46.371,226.099,275.28
4263,Minneapolis,MN,44.9197417,-93.1387315,13250637961,3,3953,5898,1496530948467084,1496530948467084,906643187859199,906643187859199,15.243,15.243,1.201,1.201,48.023,48.023,225.356,225.356
4264,Minneapolis,MN,44.9198513,-93.1381617,3095001965,4,3953,5898,1278317767465260,1278317767465260,1915116215744316,1998527090998076,3.468,3.468,10.323,19.35,45.297,45.297,226.842,270.401
4265,Minneapolis,MN,44.9200698,-93.1378317,13255100746,3,3953,5898,3760809464223861,3760809464223861,1425069876066667,1425069876066667,4.093,4.093,10.687,10.687,45.078,45.078,227.485,227.485
4266,Minneapolis,MN,44.9202074,-93.1380277,13250637953,4,3953,5898,1573986600636710,1573986600636710,1913771015707064,1913771015707064,13.546,13.546,0.964,0.964,46.664,46.664,225.845,225.845
4267,Minneapolis,MN,44.9203128,-93.1378741,13250637952,3,3953,5898,1033232355370533,1033232355370533,1461084044475445,1461084044475445,12.942,12.942,1.61,1.61,46.901,46.901,226.123,226.123
4268,Minneapolis,MN,44.9204772,-93.1372162,3101308374,4,3953,5898,907320788403616,907320788403616,3859640167504338,626515956613011,5.397,5.397,16.21,15.546,45.59,45.59,222.109,226.007
4269,Minneapolis,MN,44.9206486,-93.13738,3095001967,4,3953,5898,1453979249210797,759123360331721,722060683359612,722060683359612,14.018,14.4,0.873,0.873,46.72,48.538,227.398,227.398
4270,Minneapolis,MN,44.9207176,-93.1374758,3037113946,3,3953,5898,1453979249210797,1453979249210797,722060683359612,407787561614625,24.49,24.49,10.381,10.917,46.72,46.72,227.398,229.724
4271,Minneapolis,MN,44.9209044,-93.1370064,3095001968,4,3953,5898,1121795806592264,1121795806592264,2514622622061488,2514622622061488,13.541,13.541,1.37,1.37,46.828,46.828,226.205,226.205
4272,Minneapolis,MN,44.920929,-93.1365534,13250637147,3,3953,5898,1764829728255077,1449786412894425,1120122433553456,473777858760728,4.697,8.285,7.652,14.867,44.648,93.839,167.897,225.004
4273,Minneapolis,MN,44.920996,-93.1364473,13250637144,4,3953,5898,1543097266998399,1449786412894425,1120122433553456,1754706015315049,5.44,8.843,6.405,15.479,44.964,93.839,167.897,225.611
4274,Minneapolis,MN,44.9211354,-93.1366669,13250637951,4,3953,5898,961033365890758,1449786412894425,358043703746677,358043703746677,13.549,16.954,0.889,0.889,45.678,93.839,224.55,224.55
4275,Minneapolis,MN,44.9212442,-93.1360845,7625748056,4,3953,5898,1462345708594787,1462345708594787,918002177270709,569276822636366,5.805,5.805,16.491,15.583,46.381,46.381,221.313,226.358
4276,Minneapolis,MN,44.9214649,-93.1357572,7625748055,4,3953,5898,2127728687966432,2127728687966432,1102771004408688,1102771004408688,5.005,5.005,15.005,15.005,48.735,48.735,227.655,227.655
4277,Minneapolis,MN,44.921614,-93.1355339,13250637841,4,3953,5898,2077048279794128,2308337969620965,1171920811506408,608901351582135,4.601,7.819,9.337,15.153,46.154,86.039,131.831,227.07
4278,Minneapolis,MN,44.9217531,-93.135746,13250637949,4,3953,5898,607586295656682,726543700432337,1315930597029063,398581145909374,13.109,14.028,5.002,0.958,46.116,81.814,181.907,225.123
4279,Minneapolis,MN,44.9218666,-93.1355832,13250637948,4,3953,5898,579988301111999,2308337969620965,927731362780219,927731362780219,14.242,20.541,0.697,0.697,46.053,86.039,227.104,227.104
4280,Minneapolis,MN,44.9224619,-93.1343014,13250637036,3,3953,5898,1524082262033634,1524082262033634,559973350208871,559973350208871,3.943,3.943,12.215,12.215,45.213,45.213,226.328,226.328
4281,Minneapolis,MN,44.92256,-93.1341469,13250637044,4,3953,5898,2132507930820981,2132507930820981,1154439330020085,1154439330020085,4.927,4.927,12.823,12.823,45.328,45.328,225.267,225.267
4282,Minneapolis,MN,44.9226988,-93.1343562,13250637040,3,3953,5898,2588328034842053,2588328034842053,356132164026319,356132164026319,13.467,13.467,1.129,1.129,45.27,45.27,226.823,226.823
4283,Minneapolis,MN,44.92317,-93.1330215,13250636875,4,3953,5898,903932641978848,903932641978848,579741141442711,579741141442711,19.438,19.438,25.41,25.41,45.419,45.419,226.884,226.884
4284,Minneapolis,MN,44.9231712,-93.1332451,13250636876,4,3953,5898,1300586615424166,1300586615424166,568782622686814,1377605943210781,6.604,6.604,13.694,13.465,42.464,42.464,225.19,226.884
4285,Minneapolis,MN,44.9232061,-93.1336069,13250637176,3,3953,5898,895149729356715,895149729356715,831808065370915,831808065370915,14.746,14.746,1.048,1.048,46.189,46.189,227.541,227.541
4286,Minneapolis,MN,44.9233123,-93.1330246,13250637869,3,3953,5898,2073930156793895,1592407525127629,947401283591457,947401283591457,8.316,8.127,13.535,13.535,45.419,48.439,227.21,227.21
4287,Minneapolis,MN,44.9233303,-93.1330071,13250637871,3,3953,5898,1589203268885408,1589203268885408,947401283591457,947401283591457,7.562,7.562,13.029,13.029,48.439,48.439,227.21,227.21
4288,Minneapolis,MN,44.9233472,-93.1333989,13250637180,3,3953,5898,666369106122736,666369106122736,2156772621365789,8978496698894128,13.618,13.618,1.313,1.344,46.189,46.189,225.734,226.95
4289,Minneapolis,MN,44.923476,-93.1332189,13250637877,3,3953,5898,24728652446767971,4097163617278708,900941844814367,900941844814367,23.595,14.162,0.871,0.871,357.66,46.189,226.724,226.724
4290,Minneapolis,MN,44.9236246,-93.1329945,13250637880,3,3953,5898,24728652446767971,2716515461868989,714411137446813,714411137446813,10.59,13.934,1.248,1.248,357.66,46.189,227.024,227.024
4291,Minneapolis,MN,44.9238555,-93.1326423,3785247392,4,3953,5898,985003467078351,985003467078351,3607223449532102,3607223449532102,13.775,13.775,0.678,0.678,46.189,46.189,226.218,226.218
4292,Minneapolis,MN,44.92407,-93.1319062,13250637715,4,3953,5898,872923728937174,872923728937174,567349689515479,567349689515479,6.142,6.142,11.802,11.802,46.031,46.031,226.36,226.36
4293,Minneapolis,MN,44.9242215,-93.1320796,13250637712,3,3953,5898,566906872548527,566906872548527,1537213313729944,2563322550666331,13.195,13.195,1.648,1.438,46.189,46.189,226.027,227.051
4294,Minneapolis,MN,44.9242217,-93.1316691,13250636939,3,3953,5898,2559399504460801,2559399504460801,1116254266908158,1116254266908158,7.3,7.3,12.38,12.38,43.84,43.84,226.492,226.492
4295,Minneapolis,MN,44.9246513,-93.1314549,10748444431,4,3953,5898,1053819346590268,1053819346590268,372708625404205,8903078256457717,13.872,13.872,1.907,1.783,45.97,45.97,225.95,227.497
4296,Minneapolis,MN,44.9247015,-93.1315284,10748444433,3,3953,5898,1053819346590268,1053819346590268,372708625404205,245820295233834,21.717,21.717,6.941,7.016,45.97,45.97,225.95,226.724
4297,Minneapolis,MN,44.9247692,-93.1307644,13250637624,3,3953,5898,923696286888218,923696286888218,956144305850261,956144305850261,13.39,13.39,16.366,16.366,44.918,44.918,227.201,227.201
4298,Minneapolis,MN,44.9247808,-93.1305617,13250637622,3,3953,5898,1575584997470659,1575584997470659,1144585487038424,1144585487038424,23.484,23.484,26.287,26.287,46.157,46.157,227.312,227.312
4299,Minneapolis,MN,44.9247959,-93.1308135,13250637631,3,3953,5898,1288241683163830,1288241683163830,956144305850261,956144305850261,8.604,8.604,11.526,11.526,44.918,44.918,227.201,227.201
4300,Minneapolis,MN,44.9248067,-93.1308067,13250637630,3,3953,5898,923696286888218,923696286888218,956144305850261,956144305850261,8.069,8.069,11.108,11.108,44.918,44.918,227.201,227.201
4301,Minneapolis,MN,44.9249277,-93.1313274,10748444429,3,3953,5898,967050615238655,967050615238655,1190833651887379,901992421377500,28.705,28.705,13.939,14.029,45.97,45.97,225.733,226.621
4302,Minneapolis,MN,44.9249373,-93.13103,13250637707,3,3953,5898,1017850486940240,1017850486940240,714157784191802,1119624359389710,13.973,13.973,1.991,2.243,45.97,45.97,225.805,226.826
4303,Minneapolis,MN,44.9249405,-93.1310176,13250637706,3,3953,5898,1017850486940240,1017850486940240,1119624359389710,1119624359389710,13.396,13.396,2.067,2.067,45.97,45.97,226.826,226.826
4304,Minneapolis,MN,44.9249512,-93.1305614,13250637627,3,3953,5898,759354893361959,759354893361959,1327299398446925,1327299398446925,10.075,10.075,12.523,12.523,45.087,45.087,227.312,227.312
4305,Minneapolis,MN,44.9249726,-93.1305349,13250637721,3,3953,5898,1580106759809251,1067018165448261,1129692882081335,1654301192191395,9.862,10.042,12.337,12.336,45.087,46.829,226.713,227.312
4306,Minneapolis,MN,44.9250962,-93.1308101,13250637710,3,3953,5898,3773240429478408,3773240429478408,319486140522400,319486140522400,14.888,14.888,1.564,1.564,45.087,45.087,225.9,225.9
4307,Minneapolis,MN,44.9251153,-93.1307785,13250637709,3,3953,5898,761431267004889,761431267004889,3825382634366959,3825382634366959,14.927,14.927,1.462,1.462,45.087,45.087,226.421,226.421
4308,Minneapolis,MN,44.9251323,-93.1303086,13250637633,3,3953,5898,1736910427391971,1736910427391971,562549763437336,562549763437336,9.6,9.6,11.124,11.124,46.782,46.782,227.91,227.91
4309,Minneapolis,MN,44.9251341,-93.1303308,13250637635,3,3953,5898,699682182482746,699682182482746,607346735027192,607346735027192,8.234,8.234,9.773,9.773,46.829,46.829,227.91,227.91
4310,Minneapolis,MN,44.9252718,-93.1305214,13250637708,3,3953,5898,2422489884853875,2422489884853875,451773811204458,451773811204458,13.052,13.052,1.65,1.65,46.782,46.782,226.723,226.723
4311,Minneapolis,MN,44.9258727,-93.1292274,13250636975,3,3953,5898,1714697449400381,1714697449400381,497877789455494,497877789455494,8.591,8.591,9.188,9.188,45.69,45.69,227.364,227.364
4312,Minneapolis,MN,44.9262959,-93.1290188,3062484032,4,3953,5898,1225930626112443,1225930626112443,617255747199444,617255747199444,13.077,13.077,2.462,2.462,45.465,45.465,226.62,226.62
4313,Minneapolis,MN,44.9264535,-93.1283483,13250637558,3,3953,5898,1651645322893716,1550649226206839,9687053161324182,9687053161324182,10.569,10.606,10.023,10.023,45.986,47.261,227.069,227.069
4314,Minneapolis,MN,44.9264616,-93.1283439,8403165322,3,3953,5898,1651645322893716,1550649226206839,9687053161324182,9687053161324182,9.892,10.067,9.476,9.476,45.986,47.261,227.069,227.069
4315,Minneapolis,MN,44.9266377,-93.1281099,3062485949,3,3953,5898,864347743163411,864347743163411,580605154592300,580605154592300,8.56,8.56,7.366,7.366,45.901,45.901,226.896,226.896
4316,Minneapolis,MN,44.926731,-93.1283624,13250637556,4,3953,5898,1874875337235116,25527603630214862,1555267758514986,1555267758514986,12.294,12.549,2.656,2.656,24.303,46.758,226.12,226.12
4317,Minneapolis,MN,44.9267669,-93.12837,8403165330,3,3953,5898,1874875337235116,259943376518368,189939020876615,189939020876615,8.277,23.5,1.229,1.229,24.303,96.595,225.086,225.086
4318,Minneapolis,MN,44.9267673,-93.1274491,3062485956,4,3953,5898,812462775246741,622471414120856,610674421615593,1484999202269226,7.842,33.336,33.346,29.764,23.134,45.986,185.094,281.184
4319,Minneapolis,MN,44.9267699,-93.1279076,3062485957,3,3953,5898,2236736997132120,1554920092380270,8863870287013758,8863870287013758,7.518,9.172,6.799,6.799,24.261,44.548,232.96,232.96
4320,Minneapolis,MN,44.9268721,-93.124436,187882920,3,3953,5898,870119544984629,1589494781561121,775551922026742,802177658836214,4.295,30.541,10.395,8.674,0.0,70.915,184.194,274.99
4321,Minneapolis,MN,44.926918,-93.1283199,8403165331,3,3953,5898,1874875337235116,259943376518368,1055435439045806,708671238056893,9.498,7.285,9.663,9.715,24.303,96.595,226.25,226.723
4322,Minneapolis,MN,44.9269257,-93.1272262,3062485967,4,3953,5898,969689212297021,1790915388356178,9309092232446076,3919728524840390,9.967,33.961,32.855,21.93,22.587,45.986,229.115,269.181
4323,Minneapolis,MN,44.9269312,-93.1276801,3062485976,3,3953,5898,2005702366680364,190201790600384,610674421615593,1484999202269226,10.841,14.147,9.38,5.57,23.134,90.069,185.094,281.184
4324,Minneapolis,MN,44.9269318,-93.1281047,8403165332,3,3953,5898,2462445630869238,943416343467957,1469772410627398,1469772410627398,10.896,6.693,1.277,1.277,24.172,96.442,223.745,223.745
4325,Minneapolis,MN,44.9269354,-93.1284774,8403165324,4,3953,5898,927834110232063,259943376518368,400125072571747,2386925248165616,10.481,10.603,19.722,19.486,25.033,96.595,224.231,226.432
4326,Minneapolis,MN,44.9269382,-93.1283387,13250637554,3,3953,5898,1874875337235116,259943376518368,708671238056893,708671238056893,11.108,4.656,12.164,12.164,24.303,96.595,226.723,226.723
4327,Minneapolis,MN,44.9269407,-93.1280839,13250637553,3,3953,5898,1433785950680261,943416343467957,2171156219894976,2171156219894976,14.996,4.839,1.439,1.439,359.137,96.442,226.08,226.08
4328,Minneapolis,MN,44.9269446,-93.1276597,3062485977,3,3953,5898,2005702366680364,190201790600384,2690360031172927,1484999202269226,12.444,15.389,10.74,7.384,23.134,90.069,185.094,281.184
4329,Minneapolis,MN,44.9269463,-93.1288559,8403165323,4,3953,5898,26538678812433322,163038543135922,263958239426953,6386305248098751,10.838,26.538,26.21,27.585,25.033,90.0,197.978,221.055
4330,Minneapolis,MN,44.9269657,-93.1280349,13250632786,3,3953,5898,1433785950680261,943416343467957,467187536408567,966058864881169,10.256,1.789,9.37,3.092,359.137,96.442,180.0,227.22
4331,Minneapolis,MN,44.9271757,-93.1204523,9333178179,4,3953,5898,1331966960702587,1045147610204027,254645033719442,637126237842796,4.954,4.933,4.696,2.846,0.0,90.0,180.0,270.0
4332,Minneapolis,MN,44.9271845,-93.1220261,187882909,4,3953,5898,1458024449389276,1095691488054223,1521080938893348,1521080938893348,6.335,9.473,0.825,0.825,17.77,77.902,221.246,221.246
4333,Minneapolis,MN,44.9272544,-93.1271409,3062486034,3,3953,5898,1524064505220057,1524064505220057,937158898031599,937158898031599,11.963,11.963,9.629,9.629,45.986,45.986,227.211,227.211
4334,Minneapolis,MN,44.9272867,-93.1271826,3062486037,4,3953,5898,1385368940040283,1385368940040283,937158898031599,937158898031599,7.271,7.271,4.808,4.808,46.148,46.148,227.211,227.211
4335,Minneapolis,MN,44.9274037,-93.1273957,3062486047,4,3953,5898,1602980141056974,1602980141056974,620705803784299,975662011109023,13.749,13.749,5.884,5.367,46.148,46.148,222.863,225.086
4336,Minneapolis,MN,44.9274368,-93.1244295,8662896522,3,3953,5898,1327825288588352,1417811775704898,800038309233642,1327659575543058,33.494,29.651,3.011,0.758,0.0,98.262,180.428,225.86
4337,Minneapolis,MN,44.9274859,-93.1243207,13250636860,4,3953,5898,1327825288588352,1417811775704898,1113855487379332,3034966073558325,31.624,30.99,11.579,8.636,0.0,98.262,180.428,225.86
4338,Minneapolis,MN,44.9276384,-93.126643,3062486071,4,3953,5898,1245824200757223,1245824200757223,1145930373780139,625666239896434,7.953,7.953,7.205,6.756,45.241,45.241,224.782,228.91
4339,Minneapolis,MN,44.927639,-93.1270481,13250637505,3,3953,5898,1322895398934823,25696491353370857,852254903604063,852254903604063,13.75,14.204,5.099,5.099,45.986,49.657,226.856,226.856
4340,Minneapolis,MN,44.9276475,-93.1270895,13250637491,3,3953,5898,1322895398934823,25696491353370857,969728765072411,852254903604063,16.802,17.028,8.23,8.172,45.986,49.657,226.187,226.856
4341,Minneapolis,MN,44.9276548,-93.1266119,13250637492,3,3953,5898,26023215910699444,26023215910699444,571347325655685,571347325655685,8.395,8.395,6.942,6.942,45.241,45.241,228.91,228.91
4342,Minneapolis,MN,44.9277926,-93.1270799,13250637489,3,3953,5898,1025773138930985,1025773138930985,1115722256968293,598034379489462,27.308,27.308,19.604,19.58,45.986,45.986,226.722,227.133
4343,Minneapolis,MN,44.9277982,-93.1268208,13250637501,3,3953,5898,1812522855992018,1812522855992018,635345782495275,605836248803094,13.736,13.736,5.989,6.092,45.986,45.986,226.316,227.55
4344,Minneapolis,MN,44.9278057,-93.1270996,13250637487,3,3953,5898,1025773138930985,1025773138930985,1115722256968293,598034379489462,29.436,29.436,21.719,21.706,45.986,45.986,226.722,227.133
4345,Minneapolis,MN,44.9278106,-93.1268972,13250637457,3,3953,5898,1812522855992018,1812522855992018,635345782495275,1103725888201999,18.544,18.544,11.256,11.122,45.986,45.986,226.316,226.86
4346,Minneapolis,MN,44.9278152,-93.1263742,13250637498,3,3953,5898,1251664570143962,759816362647208,3873508379634230,3873508379634230,8.466,14.049,7.522,7.522,43.101,97.658,220.245,220.245
4347,Minneapolis,MN,44.9278157,-93.1267737,13250637506,3,3953,5898,9491159187670912,9491159187670912,830757792487294,605836248803094,12.903,12.903,5.001,5.145,45.986,45.986,226.022,227.55
4348,Minneapolis,MN,44.9278187,-93.1263653,13250636848,3,3953,5898,1251664570143962,759816362647208,1162188038575959,1309389470257812,8.799,13.28,8.618,7.753,43.101,97.658,216.688,220.245
4349,Minneapolis,MN,44.9279085,-93.1244232,3404748010,3,3953,5898,1745316179302141,1217368180262351,1138205948259178,1912557429325074,2.902,21.334,2.395,8.666,355.136,107.106,180.427,258.623
4350,Minneapolis,MN,44.9279112,-93.1251131,6119579094,3,3953,5898,926008372956713,1903736883890127,386160977312887,608044482370572,2.426,11.991,24.172,1.717,0.0,90.91,168.077,254.213
4351,Minneapolis,MN,44.9279116,-93.124323,13250636830,4,3953,5898,1745316179302141,1217368180262351,1138205948259178,731670895200186,6.164,27.394,10.14,14.473,355.136,107.106,180.427,272.12
4352,Minneapolis,MN,44.9282402,-93.1246871,6119579096,3,3953,5898,3841722882739413,1227430372561447,1896716187616292,1499558324173787,5.512,15.974,10.949,1.864,0.0,122.278,183.108,280.386
4353,Minneapolis,MN,44.9282658,-93.1244371,6119579098,3,3953,5898,387439523792611,1073816020636068,820391147166843,332193913076194,3.079,10.989,2.063,5.906,0.644,102.889,180.427,271.751
4354,Minneapolis,MN,44.9283528,-93.1241868,3404748035,4,3953,5898,915479016475755,1405022520431844,1138526681562937,332193913076194,8.355,8.764,21.001,27.579,357.917,102.889,180.427,271.751
4355,Minneapolis,MN,44.9283533,-93.1244365,3404748036,3,3953,5898,335228675975464,1073816020636068,1138526681562937,2013715636134945,3.159,5.143,2.839,1.251,0.692,102.889,180.427,237.098
4356,Minneapolis,MN,44.928381,-93.1255332,13250636839,3,3953,5898,428526160307452,1262368292585552,1036913944871975,864177259464206,2.352,7.992,16.746,10.741,0.0,90.198,183.357,284.144
4357,Minneapolis,MN,44.9284608,-93.12583,13250637410,3,3953,5898,1052533023716472,824842159205370,1342672436934406,1555102038350424,10.584,14.651,4.071,1.014,10.797,103.245,197.731,227.108
4358,Minneapolis,MN,44.9284884,-93.127665,3062486090,3,3953,5898,639802961330234,939715757362250,2136580653200213,622088159977520,25.832,25.832,24.147,19.025,332.031,119.848,179.528,236.0
4359,Minneapolis,MN,44.9287255,-93.1254445,13250637427,3,3953,5898,1306296914048792,1812505049400497,2597567200453408,1509559523070446,13.205,16.711,4.266,6.576,5.909,97.299,221.707,289.972
4360,Minneapolis,MN,44.9290562,-93.1249657,13250637294,3,3953,5898,932055028826031,855045577057087,586334354160836,1116598610008328,19.681,15.744,3.813,13.444,0.0,77.333,226.015,271.071
4361,Minneapolis,MN,44.9290636,-93.1255293,13250637298,4,3953,5898,1533291240794723,1569146224392734,1782964045800816,1282470319740046,13.819,29.356,13.89,12.622,3.133,112.964,185.825,266.124
4362,Minneapolis,MN,44.929077,-93.1245202,13250636828,3,3953,5898,463252586785878,830856759566359,4191130251098388,2552924688427456,4.297,8.989,7.539,6.872,0.0,54.66,185.685,236.914
4363,Minneapolis,MN,44.9291355,-93.1244314,13250636827,4,3953,5898,1220113602554327,1532537297949770,4191130251098388,1111800281167023,2.16,6.354,2.998,1.668,0.0,148.308,185.685,236.604
4364,Minneapolis,MN,44.929264,-93.1242468,3063576140,3,3953,5898,895998145046236,895998145046236,639093239036018,2316599025425693,0.384,0.384,11.335,8.906,41.186,41.186,201.217,256.015
4365,Minneapolis,MN,44.9293525,-93.1245237,13250637409,3,3953,5898,2119639025048458,2119639025048458,1063022454936548,1063022454936548,11.589,11.589,2.118,2.118,45.913,45.913,225.995,225.995
4366,Minneapolis,MN,44.9299037,-93.1232103,3063576146,4,3953,5898,1586683472068951,1586683472068951,1504414403895106,1172785184705261,7.192,7.192,15.242,14.914,47.408,47.408,223.769,225.33
4367,Minneapolis,MN,44.929911,-93.1233011,3494909224,4,3953,5898,2295765313952213,2295765313952213,1504414403895106,1504414403895106,1.872,1.872,8.546,8.546,47.408,47.408,223.769,223.769
4368,Minneapolis,MN,44.929973,-93.1232035,3062488311,4,3953,5898,2232134830314524,2232134830314524,1172785184705261,1172785184705261,2.183,2.183,8.689,8.689,45.081,45.081,225.33,225.33
4369,Minneapolis,MN,44.9303321,-93.1233248,11656925128,4,3953,5898,871613847777005,871613847777005,2143441102666421,2143441102666421,25.164,25.164,12.135,12.135,46.124,46.124,225.655,225.655
4370,Minneapolis,MN,44.9304768,-93.1221086,13250636824,3,3953,5898,273499602039805,273499602039805,824789383553736,824789383553736,21.665,21.665,29.016,29.016,46.554,46.554,223.516,223.516
4371,Minneapolis,MN,44.9304894,-93.1224353,3494909520,4,3953,5898,726581682864664,726581682864664,1315150670391263,1315150670391263,3.088,3.088,10.355,10.355,45.634,45.634,225.33,225.33
4372,Minneapolis,MN,44.9305069,-93.1228249,13250637562,3,3953,5898,880474986908180,880474986908180,893005972720416,893005972720416,11.663,11.663,3.349,3.349,45.856,45.856,226.094,226.094
4373,Minneapolis,MN,44.930513,-93.1365176,3071140620,3,3953,5898,1571824930463808,1704522637625226,1251347046421973,3741220462840003,9.008,9.944,5.262,12.926,2.436,91.066,170.234,292.559
4374,Minneapolis,MN,44.9305134,-93.1228143,3494909557,3,3953,5898,821017753160522,821017753160522,893005972720416,893005972720416,11.572,11.572,3.195,3.195,45.728,45.728,226.094,226.094
4375,Minneapolis,MN,44.9305144,-93.1362667,13250638075,3,3953,5898,1571824930463808,1704522637625226,1251347046421973,664393680036869,10.811,24.804,14.596,14.21,2.436,91.066,170.234,302.286
4376,Minneapolis,MN,44.9305204,-93.1363032,13250637881,3,3953,5898,1571824930463808,1704522637625226,1251347046421973,664393680036869,8.054,21.894,11.702,11.462,2.436,91.066,170.234,302.286
4377,Minneapolis,MN,44.9306026,-93.1226652,2214351386,3,3953,5898,3652932601662112,895232625607330,1767582904077603,1767582904077603,10.861,10.779,2.953,2.953,43.211,48.444,225.905,225.905
4378,Minneapolis,MN,44.9307123,-93.1365122,3071140625,3,3953,5898,731132579944520,1704522637625226,1801844580512918,3741220462840003,22.483,13.293,16.436,9.7,351.358,91.066,164.053,292.559
4379,Minneapolis,MN,44.930735,-93.1218922,13250636815,4,3953,5898,1581100625963475,1581100625963475,2216907568783508,688332546759036,13.413,13.413,23.991,22.078,45.415,45.415,188.928,225.802
4380,Minneapolis,MN,44.9307372,-93.122087,3494909649,3,3953,5898,1096484551488330,1096484551488330,4273522332923737,2183917391997370,2.394,2.394,15.91,22.338,45.415,45.415,159.741,270.0
4381,Minneapolis,MN,44.9308749,-93.1218936,13250636719,3,3953,5898,379744364613831,379744364613831,1365087105620248,1090116948662579,2.605,2.605,13.639,10.76,44.194,44.194,178.161,227.776
4382,Minneapolis,MN,44.9309908,-93.1221091,3050665951,3,3953,5898,1339070697605414,1479385713266150,1365087105620248,629543672936627,4.88,2.36,7.734,2.705,33.262,86.62,178.161,226.344
4383,Minneapolis,MN,44.9310412,-93.122285,2214351526,3,3953,5898,1873092153642040,1128352719273051,1365087105620248,1364437977578763,2.03,1.818,22.321,12.108,18.169,84.221,178.161,225.901
4384,Minneapolis,MN,44.9311459,-93.1218922,3050665960,3,3953,5898,733723481988710,733723481988710,517172888058718,517172888058718,11.735,11.735,3.755,3.755,46.006,46.006,226.462,226.462
4385,Minneapolis,MN,44.9314313,-93.1211117,3050665970,3,3953,5898,1440455053234262,1440455053234262,993676069258339,2173877583009292,1.536,1.536,8.763,8.763,46.09,46.09,226.022,226.198
4386,Minneapolis,MN,44.9331995,-93.1353547,3071141327,3,3953,5898,372392825796481,360535720306468,407514472009111,831994752305238,12.221,5.042,23.836,31.607,0.0,77.365,203.995,281.743
4387,Minneapolis,MN,44.9334192,-93.1356908,3071141354,3,3953,5898,2540274799487921,343050448759332,407514472009111,803138748368148,2.082,10.224,16.372,10.726,26.381,46.738,203.995,238.967
4388,Minneapolis,MN,44.933565,-93.1355728,3071141372,3,3953,5898,767160329447367,1506133703362727,1417939650112025,919000293872791,4.395,1.357,2.291,2.062,303.117,124.352,146.594,294.034
4389,Minneapolis,MN,44.9323047,-93.119512,3063683966,3,3954,5898,737774718209838,1568052940679666,3995579284056863,3995579284056863,17.933,17.714,25.168,25.168,45.157,46.149,226.474,226.474
4390,Minneapolis,MN,44.9332517,-93.1184424,2689282680,3,3954,5898,292260589964850,292260589964850,536436515523000,536436515523000,1.605,1.605,7.695,7.695,45.541,45.541,226.256,226.256
4391,Minneapolis,MN,44.9271046,-93.0864473,13198121171,4,3955,5898,1667784060545793,954189856702770,619855384355430,662717472789359,33.147,16.38,21.205,32.681,5.752,92.116,178.171,291.523
4392,Minneapolis,MN,44.9271498,-93.0867375,13198121178,4,3955,5898,1667784060545793,968604755361986,619855384355430,1175642924201284,29.665,7.295,24.938,32.546,5.752,92.116,178.171,290.045
4393,Minneapolis,MN,44.9319692,-93.0711009,1830177120,3,3956,5898,189960830424042,441700337133637,940454380309603,1317389052451380,30.477,33.352,27.125,29.643,350.766,70.55,169.309,304.309
4394,Minneapolis,MN,44.9321744,-93.071437,1830177127,4,3956,5898,780118452894809,2549994855303861,1321606125299531,1386386318858365,2.264,5.232,5.314,7.89,31.069,90.0,172.198,304.309
4395,Minneapolis,MN,44.9323033,-93.0718389,1830177137,3,3956,5898,300805398183339,467093387701224,132361302185131,877362436846358,15.371,2.358,1.828,20.908,349.89,129.142,169.072,304.647
4396,Minneapolis,MN,44.9324011,-93.0712131,1830177139,3,3956,5898,480059443233207,441700337133637,221762470221086,877362436846358,2.981,31.929,25.962,29.795,350.543,70.55,169.309,304.647
4397,Minneapolis,MN,44.9282328,-93.0228049,7305970544,4,3958,5898,1971805333579429,26608462695409329,1123838093039841,1256443022790770,30.479,23.59,8.873,5.322,323.614,87.397,183.392,251.885
4398,Minneapolis,MN,44.9283823,-93.0225352,7296775359,4,3958,5898,1971805333579429,752787687386076,2533247760423001,1431199205271000,8.517,12.104,7.886,8.096,323.614,87.397,214.844,223.68
4399,Minneapolis,MN,44.9284602,-93.022396,7296775357,3,3958,5898,921803657028792,867959809547591,1941646526735782,1941646526735782,8.36,8.572,9.052,9.052,51.536,56.765,229.014,229.014
4400,Minneapolis,MN,44.9294707,-93.023722,1778816123,3,3958,5898,1539003450416850,1267573558622702,1267573558622702,1539003450416850,2.636,10.694,10.694,2.636,328.196,142.144,142.144,328.196
4401,Minneapolis,MN,44.931573,-93.023099,4276290326,3,3958,5898,319535347705832,1071491535105440,1071491535105440,876201331939226,2.889,4.892,4.892,0.218,0.0,135.858,135.858,314.988
4402,Minneapolis,MN,44.9158873,-93.296053,12745251928,3,3945,5899,522480912252544,5594186933988976,923383998234209,482047759880440,21.475,10.096,20.346,9.299,352.437,90.0,169.444,269.121
4403,Minneapolis,MN,44.9158903,-93.2982187,12745251931,3,3945,5899,497752371560234,476936653416694,2833959866854533,4041098145949826,20.026,10.175,33.065,11.862,300.883,88.736,161.637,268.81
4404,Minneapolis,MN,44.9159063,-93.2960277,12745251927,3,3945,5899,522480912252544,5594186933988976,923383998234209,482047759880440,18.576,8.049,17.767,7.155,352.437,90.0,169.444,269.121
4405,Minneapolis,MN,44.9160053,-93.2960277,12745251892,3,3945,5899,522480912252544,5594186933988976,923383998234209,482047759880440,12.314,3.291,7.557,3.981,352.437,90.0,169.444,269.121
4406,Minneapolis,MN,44.9160158,-93.296047,12745251890,3,3945,5899,522480912252544,5594186933988976,923383998234209,482047759880440,13.554,4.231,7.693,5.116,352.437,90.0,169.444,269.121
4407,Minneapolis,MN,44.9160264,-93.2983839,12745251889,4,3945,5899,497752371560234,1110757479399610,379052486707622,4018042768259163,4.02,4.022,15.815,3.713,300.883,99.07,178.841,284.581
4408,Minneapolis,MN,44.9161533,-93.2985772,12745252827,3,3945,5899,367996154646480,2892495277690981,379052486707622,503989434283093,6.562,18.692,4.943,6.821,313.779,111.785,178.841,308.439
4409,Minneapolis,MN,44.9168935,-93.300102,8607040179,4,3945,5899,2954463994768410,674556255088363,1310891697052134,2954463994768410,11.448,6.126,6.047,11.448,320.932,148.598,152.301,320.932
4410,Minneapolis,MN,44.9170091,-93.2999058,12745252817,3,3945,5899,475330633560687,521352882224938,1282287333088402,815813739050874,7.269,19.889,25.404,6.75,326.863,44.831,155.111,323.973
4411,Minneapolis,MN,44.9171246,-93.3003898,1027050566,3,3945,5899,841662803103858,756368777170325,2182070035610533,1508013390546924,19.135,16.672,9.435,12.127,355.949,143.299,197.675,215.303
4412,Minneapolis,MN,44.9176744,-93.2984068,12745252829,3,3945,5899,278737013961021,733070580692853,299269778328859,549724172679964,15.837,8.478,1.957,14.803,5.394,92.887,205.271,275.679
4413,Minneapolis,MN,44.9176791,-93.2983906,12745252831,3,3945,5899,278737013961021,733070580692853,299269778328859,549724172679964,14.552,7.352,1.026,13.797,5.394,92.887,205.271,275.679
4414,Minneapolis,MN,44.9176958,-93.2981863,12745251833,4,3945,5899,278737013961021,954829448390276,1239339923188994,464803984803908,10.108,11.869,13.279,12.568,5.394,94.658,188.943,278.918
4415,Minneapolis,MN,44.9177721,-93.2983259,12745252832,3,3945,5899,278737013961021,733070580692853,1239339923188994,549724172679964,5.287,4.209,4.906,2.403,5.394,92.887,188.943,275.679
4416,Minneapolis,MN,44.9177923,-93.2983269,12745252833,3,3945,5899,278737013961021,733070580692853,1239339923188994,549724172679964,5.871,6.344,4.136,0.33,5.394,92.887,188.943,275.679
4417,Minneapolis,MN,44.9178166,-93.2981042,12745252840,3,3945,5899,278737013961021,954829448390276,1779185458934741,907602623417780,13.193,3.855,11.634,3.485,5.394,94.658,185.776,271.208
4418,Minneapolis,MN,44.9178404,-93.2980909,12745251830,3,3945,5899,278737013961021,954829448390276,1779185458934741,907602623417780,15.316,6.492,11.777,3.918,5.394,94.658,185.776,271.208
4419,Minneapolis,MN,44.9178868,-93.2990473,13302704499,3,3945,5899,530084671678908,308283830748844,1922083235405433,477535257007331,19.211,9.247,34.913,13.172,7.471,81.962,210.706,298.22
4420,Minneapolis,MN,44.9179999,-93.2989658,13302704498,4,3945,5899,530084671678908,284240856740509,1452802255929767,477535257007331,9.529,8.634,34.713,2.168,7.471,103.244,203.019,298.22
4421,Minneapolis,MN,44.9044349,-93.2884854,10041371169,4,3946,5899,589333280648930,1256850662483520,810497041634194,10006697572773565,17.723,33.096,0.304,33.096,359.666,74.232,181.309,270.0
4422,Minneapolis,MN,44.9047127,-93.2884845,7780529576,4,3946,5899,716827777930142,1256850662483520,3731086143862304,10006697572773565,16.917,17.053,1.126,17.053,358.83,74.232,181.352,270.0
4423,Minneapolis,MN,44.9047986,-93.2881447,8951893776,4,3946,5899,2660878627434879,1256850662483520,2223493424752103,10006697572773565,10.848,15.558,15.558,15.558,359.566,74.232,180.0,270.0
4424,Minneapolis,MN,44.9047986,-93.2879838,8951893779,3,3946,5899,2660878627434879,1256850662483520,2223493424752103,10006697572773565,22.996,25.558,25.558,25.558,359.566,74.232,180.0,270.0
4425,Minneapolis,MN,44.9049129,-93.2885446,7780529579,3,3946,5899,1514418799993932,1718342212901993,1327025915548712,10006697572773565,21.838,13.724,6.158,32.834,0.068,100.435,178.551,270.0
4426,Minneapolis,MN,44.904914,-93.2884838,7780529580,4,3946,5899,1514418799993932,1718342212901993,820366933861634,10006697572773565,17.092,14.4,1.798,30.003,0.068,100.435,178.44,270.0
4427,Minneapolis,MN,44.9049895,-93.2881367,13101593595,3,3946,5899,1514418799993932,1718342212901993,1146543680922059,10006697572773565,11.802,32.484,26.404,34.864,0.068,100.435,180.0,270.0
4428,Minneapolis,MN,44.9084568,-93.2753593,8399885758,3,3946,5899,754230747424638,838001278557312,183083897018860,1484354186367505,22.719,20.897,19.037,24.511,28.762,54.779,181.229,269.201
4429,Minneapolis,MN,44.909241,-93.274373,8399935429,3,3946,5899,312488080420143,1601300270985610,169013692921220,619940290220162,13.453,17.123,25.202,17.937,359.809,66.141,200.966,277.966
4430,Minneapolis,MN,44.9158818,-93.2909478,11184458984,4,3946,5899,479908446588922,1350583612028115,1085199343643657,477377113570875,15.244,6.521,12.039,12.293,5.945,90.0,180.0,270.0
4431,Minneapolis,MN,44.915883,-93.2907548,11184458990,4,3946,5899,479908446588922,1175409076239095,633123486323209,481077489984897,15.892,8.588,3.761,11.401,5.945,90.0,176.425,268.474
4432,Minneapolis,MN,44.9158894,-93.2958402,12745251924,3,3946,5899,522480912252544,312776183747850,923383998234209,929844967837790,16.427,10.327,21.819,9.023,352.437,90.0,169.444,268.332
4433,Minneapolis,MN,44.915901,-93.2958669,12745251926,3,3946,5899,522480912252544,312776183747850,923383998234209,929844967837790,14.901,9.011,19.714,7.811,352.437,90.0,169.444,268.332
4434,Minneapolis,MN,44.9159083,-93.2832527,12745252076,3,3946,5899,572537357468949,296998698630471,389113508891219,489473995710764,17.017,8.214,22.385,11.656,356.425,91.721,177.683,269.013
4435,Minneapolis,MN,44.9159127,-93.2830376,12186892699,3,3946,5899,572537357468949,521561969009228,389113508891219,193038489311197,15.447,9.8,22.999,11.558,356.425,88.827,177.683,269.025
4436,Minneapolis,MN,44.9159566,-93.2785689,12184255861,4,3946,5899,216858279940077,463404728102199,3957332547718449,181390953853427,34.882,9.727,34.335,34.594,322.506,90.0,205.272,225.331
4437,Minneapolis,MN,44.9160011,-93.2958714,12745251893,3,3946,5899,522480912252544,312776183747850,923383998234209,929844967837790,3.775,2.499,10.472,3.817,352.437,90.0,169.444,268.332
4438,Minneapolis,MN,44.9160176,-93.2907587,11184458993,4,3946,5899,737595390269637,1175409076239095,782787361158997,481077489984897,8.001,6.665,3.436,3.664,358.516,90.0,175.238,268.474
4439,Minneapolis,MN,44.9160185,-93.2909482,11184458981,4,3946,5899,737595390269637,291323709289254,710166798069944,477377113570875,7.606,7.056,11.492,4.338,358.516,89.244,180.0,270.0
4440,Minneapolis,MN,44.9160201,-93.2958431,12745251894,3,3946,5899,522480912252544,285665503204133,923383998234209,929844967837790,3.13,3.505,11.251,5.572,352.437,92.31,169.444,268.332
4441,Minneapolis,MN,44.9160908,-93.2793786,12184255848,3,3946,5899,216858279940077,1353750558333951,502852004173105,1644069745781250,30.599,7.439,10.52,5.857,322.506,90.0,181.803,272.157
4442,Minneapolis,MN,44.9160918,-93.2791905,12184255862,3,3946,5899,216858279940077,291815035962730,502852004173105,1215877372206751,16.594,6.835,12.123,5.426,322.506,87.794,181.803,268.176
4443,Minneapolis,MN,44.9160988,-93.2786619,12184255863,4,3946,5899,216858279940077,300048888249825,1618786468331195,132742878847160,27.826,7.147,27.391,30.192,322.506,88.555,185.394,277.541
4444,Minneapolis,MN,44.9159678,-93.2471985,3529254420,3,3948,5899,1396036591533973,833192542482047,678526717301293,24005854532355616,24.119,2.084,12.034,28.967,0.0,104.83,178.0,300.712
4445,Minneapolis,MN,44.916132,-93.2474594,8927589772,3,3948,5899,24005854532355616,1161775242465810,531569245597642,24005854532355616,1.889,16.729,9.844,1.889,300.712,86.059,182.0,300.712
4446,Minneapolis,MN,44.9161349,-93.2471936,8927589774,3,3948,5899,664852096531574,1341600294256423,704982971288405,24005854532355616,16.169,17.002,14.459,21.278,0.0,95.044,179.0,300.712
4447,Minneapolis,MN,44.9026699,-93.2161041,4637908734,3,3949,5899,465341721425803,227804499110641,163649479096310,2884306445220254,8.907,16.377,33.692,25.409,11.82,39.317,180.966,298.4
4448,Minneapolis,MN,44.9034996,-93.2177105,12083253589,4,3949,5899,190078556297150,190078556297150,121604193293170,461016441669167,31.943,31.943,7.308,14.036,53.648,53.648,181.531,267.645
4449,Minneapolis,MN,44.9035017,-93.2164332,1152363808,4,3949,5899,183011193676819,218515343068997,177471180933644,476138723839557,7.905,10.456,12.252,11.801,0.0,89.199,181.932,269.271
4450,Minneapolis,MN,44.903503,-93.2178994,12038083344,3,3949,5899,1362201674143844,190078556297150,121604193293170,373226834064294,22.959,19.313,7.598,12.548,28.937,53.648,181.531,270.0
4451,Minneapolis,MN,44.903503,-93.216626,12083253720,3,3949,5899,183011193676819,218515343068997,177471180933644,3933320793426963,8.311,14.717,3.959,11.653,0.0,89.199,181.932,270.0
4452,Minneapolis,MN,44.9035044,-93.2153549,1152363817,4,3949,5899,1113187779182402,278617977310427,215874213385604,1113312385802229,10.61,8.173,3.8,11.927,355.009,87.657,178.286,267.364
4453,Minneapolis,MN,44.9035053,-93.2151667,12083836586,3,3949,5899,1113187779182402,1151910181972642,215874213385604,840638263205845,7.929,7.586,11.807,11.826,355.009,93.298,178.286,270.0
4454,Minneapolis,MN,44.9035064,-93.2126139,12083836574,3,3949,5899,822399321988487,6304254652933272,779425612775021,1916303908545582,15.028,18.68,12.378,12.248,2.121,95.561,182.008,270.627
4455,Minneapolis,MN,44.9035075,-93.2128032,12083836579,3,3949,5899,822399321988487,6304254652933272,779425612775021,496854878294496,12.788,6.021,4.353,12.869,2.121,95.561,182.008,270.0
4456,Minneapolis,MN,44.9035142,-93.2178865,12038083343,3,3949,5899,1362201674143844,190078556297150,121604193293170,373226834064294,23.537,19.255,6.815,11.243,28.937,53.648,181.531,270.0
4457,Minneapolis,MN,44.9035158,-93.2151783,12083836588,3,3949,5899,499639917894415,1151910181972642,215874213385604,840638263205845,5.788,6.455,11.197,10.753,347.063,93.298,178.286,270.0
4458,Minneapolis,MN,44.9035174,-93.2153398,12083826744,3,3949,5899,499639917894415,278617977310427,215874213385604,1113312385802229,7.186,6.439,4.023,10.476,347.063,87.657,178.286,267.364
4459,Minneapolis,MN,44.9035202,-93.2127901,12083836577,3,3949,5899,822399321988487,6304254652933272,779425612775021,1183451238750305,11.076,5.542,5.008,10.742,2.121,95.561,182.008,273.892
4460,Minneapolis,MN,44.9035213,-93.2126356,12083836576,3,3949,5899,822399321988487,6304254652933272,779425612775021,1916303908545582,12.668,16.605,11.323,10.453,2.121,95.561,182.008,270.627
4461,Minneapolis,MN,44.9036232,-93.2177261,12038083375,3,3949,5899,190078556297150,190078556297150,4492414090788388,461016441669167,27.623,27.623,6.548,4.473,53.648,53.648,178.045,267.645
4462,Minneapolis,MN,44.9036237,-93.2178858,12038083342,3,3949,5899,190078556297150,190078556297150,4492414090788388,373226834064294,15.045,15.045,6.127,0.949,53.648,53.648,178.045,270.0
4463,Minneapolis,MN,44.9036301,-93.2153258,12083836779,3,3949,5899,970786123707499,278617977310427,180410937296489,1113312385802229,4.896,6.313,2.492,2.626,359.234,87.657,177.827,267.364
4464,Minneapolis,MN,44.9036312,-93.215176,12083836780,3,3949,5899,970786123707499,1151910181972642,180410937296489,840638263205845,9.526,6.438,12.013,2.585,359.234,93.298,177.827,270.0
4465,Minneapolis,MN,44.9036318,-93.2127854,12083836784,3,3949,5899,822399321988487,6304254652933272,168888168490311,1183451238750305,4.645,9.652,4.753,2.386,2.121,95.561,180.0,273.892
4466,Minneapolis,MN,44.9036329,-93.2126294,12083836785,3,3949,5899,822399321988487,6304254652933272,168888168490311,1916303908545582,8.565,18.818,11.62,2.054,2.121,95.561,180.0,270.627
4467,Minneapolis,MN,44.9036349,-93.2177103,12038083376,3,3949,5899,190078556297150,190078556297150,4492414090788388,461016441669167,28.898,28.898,7.758,6.037,53.648,53.648,178.045,267.645
4468,Minneapolis,MN,44.9036374,-93.2179023,12038083340,3,3949,5899,190078556297150,190078556297150,4492414090788388,373226834064294,13.84,13.84,7.419,2.861,53.648,53.648,178.045,270.0
4469,Minneapolis,MN,44.9036384,-93.2153452,12083836777,3,3949,5899,970786123707499,278617977310427,180410937296489,132073345537623,5.415,7.495,3.771,1.985,359.234,87.657,177.827,274.115
4470,Minneapolis,MN,44.9036395,-93.2151613,12083836781,3,3949,5899,970786123707499,1151910181972642,180410937296489,840638263205845,10.313,7.366,13.36,3.121,359.234,93.298,177.827,270.0
4471,Minneapolis,MN,44.9036444,-93.2128056,12083836782,3,3949,5899,822399321988487,6304254652933272,168888168490311,496854878294496,6.731,10.381,4.395,4.278,2.121,95.561,180.0,270.0
4472,Minneapolis,MN,44.9036461,-93.2126131,12083836787,3,3949,5899,822399321988487,6304254652933272,168888168490311,1916303908545582,10.26,20.648,12.393,3.92,2.121,95.561,180.0,270.627
4473,Minneapolis,MN,44.9053032,-93.2153342,12083253319,3,3949,5899,976209169813814,455381392426932,490786965311690,577947136503690,10.716,6.086,1.375,18.94,0.0,91.172,182.223,278.756
4474,Minneapolis,MN,44.9053153,-93.2153197,12083253318,3,3949,5899,976209169813814,455381392426932,490786965311690,577947136503690,10.43,5.35,0.602,17.398,0.0,91.172,182.223,278.756
4475,Minneapolis,MN,44.9053153,-93.2151449,12083253317,3,3949,5899,303744567861323,484225366196158,490786965311690,577947136503690,5.305,6.175,13.765,20.258,350.496,88.012,182.223,278.756
4476,Minneapolis,MN,44.9054503,-93.2153204,12083253486,3,3949,5899,927943511099468,799237034039926,3875372469250460,4079919952060855,9.618,10.417,2.564,2.82,354.42,89.348,180.751,260.919
4477,Minneapolis,MN,44.9054508,-93.2151561,12083253487,3,3949,5899,927943511099468,484225366196158,3875372469250460,577947136503690,8.543,10.554,12.71,10.127,354.42,88.012,180.751,278.756
4478,Minneapolis,MN,44.9054568,-93.2151383,12083253489,3,3949,5899,927943511099468,484225366196158,3875372469250460,577947136503690,9.992,10.747,14.223,11.402,354.42,88.012,180.751,278.756
4479,Minneapolis,MN,44.9054582,-93.2153335,12083253484,3,3949,5899,927943511099468,799237034039926,3875372469250460,4079919952060855,10.973,11.092,3.721,1.683,354.42,89.348,180.751,260.919
4480,Minneapolis,MN,44.910745,-93.2087359,12043699188,3,3949,5899,469794090998090,800273880593997,464739467951872,499694234804888,6.457,9.689,15.338,28.157,21.592,82.093,130.843,329.792
4481,Minneapolis,MN,44.9109498,-93.2089258,12043699181,3,3949,5899,1157536018046855,203944461558299,464739467951872,499694234804888,12.741,17.174,29.61,13.784,0.0,89.237,130.843,329.792
4482,Minneapolis,MN,44.9115314,-93.208181,33419991,3,3949,5899,2976890902580024,1558116878502271,1558116878502271,2976890902580024,2.321,2.172,2.172,2.321,320.379,142.149,142.149,320.379
4483,Minneapolis,MN,44.9119054,-93.2086064,480303072,3,3949,5899,200823068390296,1286632076459641,1286632076459641,200823068390296,1.572,2.732,2.732,1.572,320.2,142.754,142.754,320.2
4484,Minneapolis,MN,44.9119205,-93.2093274,1513096434,3,3949,5899,1044429004209450,281991618233356,281991618233356,1044429004209450,16.178,0.012,0.012,16.178,320.876,142.143,142.143,320.876
4485,Minneapolis,MN,44.9119568,-93.2095092,1513096472,3,3949,5899,455592408878371,3077666429038403,3077666429038403,455592408878371,17.983,4.581,4.581,17.983,321.801,140.916,140.916,321.801
4486,Minneapolis,MN,44.9125189,-93.2176311,12041999368,4,3949,5899,466762834631736,370323534400127,486939049096393,837263743544767,22.27,12.113,12.178,19.069,343.626,93.036,181.248,270.975
4487,Minneapolis,MN,44.9125215,-93.2140012,12041999299,4,3949,5899,466417351315555,1058923707966893,3992831777463739,179631510702339,9.308,10.641,21.752,19.67,1.764,90.554,168.006,272.591
4488,Minneapolis,MN,44.9125227,-93.2178156,12038083314,4,3949,5899,466762834631736,370323534400127,486939049096393,216641099994869,22.449,13.719,4.135,22.22,343.626,93.036,181.248,285.054
4489,Minneapolis,MN,44.9125247,-93.2138014,12041999336,4,3949,5899,466417351315555,2874305726170864,3992831777463739,179631510702339,7.078,10.035,24.411,22.609,1.764,90.55,168.006,272.591
4490,Minneapolis,MN,44.9125261,-93.2127265,12041999337,4,3949,5899,920364742088615,839685956633303,1179752902466600,1482423058760991,13.844,10.774,5.186,25.47,5.982,90.0,181.367,270.0
4491,Minneapolis,MN,44.9125869,-93.2107925,4506990985,4,3949,5899,312162056946154,3023023437926397,748159835737095,3004121129824907,24.208,8.72,18.666,15.31,4.613,73.165,239.825,254.23
4492,Minneapolis,MN,44.9126162,-93.2107203,4506990984,4,3949,5899,312162056946154,3023023437926397,218984499748317,154728713193632,27.324,7.546,29.532,14.345,4.613,73.165,183.143,246.451
4493,Minneapolis,MN,44.9127295,-93.2176451,12041999286,4,3949,5899,466762834631736,370323534400127,306667517710288,216641099994869,5.667,13.393,10.773,5.463,343.626,93.036,179.452,285.054
4494,Minneapolis,MN,44.9127306,-93.2178335,12038083310,4,3949,5899,375467383813506,370323534400127,306667517710288,216641099994869,10.327,16.469,4.086,16.057,0.926,93.036,179.452,285.054
4495,Minneapolis,MN,44.9127364,-93.2138067,12041999332,4,3949,5899,164345752285176,489196982135669,1629892113881774,179631510702339,14.27,10.906,12.53,12.672,346.446,97.865,182.703,272.591
4496,Minneapolis,MN,44.9127491,-93.2102666,1678639265,4,3949,5899,1205204788061252,3955450364739109,6368890366494984,1205204788061252,16.671,0.927,0.901,16.671,319.811,139.958,140.425,319.811
4497,Minneapolis,MN,44.9128322,-93.2101369,1678639105,4,3949,5899,1291415972465334,723302096147394,723302096147394,1291415972465334,3.774,12.11,12.11,3.774,320.18,139.771,139.771,320.18
4498,Minneapolis,MN,44.9129994,-93.2095214,1171630100,4,3949,5899,912511229534286,776048248403566,776048248403566,912511229534286,12.976,16.075,16.075,12.976,322.05,142.957,142.957,322.05
4499,Minneapolis,MN,44.9137249,-93.2105596,3215150259,4,3949,5899,458522332113409,681530711624310,681530711624310,458522332113409,4.953,3.209,3.209,4.953,323.707,143.207,143.207,323.707
4500,Minneapolis,MN,44.9137506,-93.2105075,981942817,3,3949,5899,458522332113409,681530711624310,681530711624310,458522332113409,3.361,7.461,7.461,3.361,323.707,143.207,143.207,323.707
4501,Minneapolis,MN,44.9138719,-93.2102832,1171629963,3,3949,5899,458522332113409,681530711624310,681530711624310,458522332113409,23.739,29.279,29.279,23.739,323.707,143.207,143.207,323.707
4502,Minneapolis,MN,44.9143803,-93.2176273,12038083406,3,3949,5899,381775949977559,299042841812617,181009630564243,832606320678820,6.281,8.885,12.182,11.234,358.31,88.774,180.7,270.0
4503,Minneapolis,MN,44.9143803,-93.2165374,12038083445,3,3949,5899,2558310644462677,309055717513830,316620923193087,647777056091150,11.435,8.576,2.976,11.84,355.949,106.427,172.122,284.72
4504,Minneapolis,MN,44.9143822,-93.217813,12038076806,4,3949,5899,4095470460532513,299042841812617,181009630564243,1373041519762801,8.383,13.892,2.497,16.405,358.31,88.774,180.7,270.0
4505,Minneapolis,MN,44.9144041,-93.2176488,12038083408,3,3949,5899,4095470460532513,299042841812617,135125741897020,1373041519762801,4.977,5.829,10.05,8.595,358.31,88.774,178.807,270.0
4506,Minneapolis,MN,44.9145004,-93.2177999,12038083308,3,3949,5899,467334477927420,299042841812617,1185406411914878,1373041519762801,4.293,11.492,2.261,11.347,357.909,88.774,181.726,270.0
4507,Minneapolis,MN,44.914504,-93.2176402,12038083409,3,3949,5899,467334477927420,299042841812617,643667363258620,832606320678820,8.705,5.956,11.243,2.559,357.909,88.774,180.0,270.0
4508,Minneapolis,MN,44.9145131,-93.2176223,12038083410,3,3949,5899,467334477927420,472531143981624,643667363258620,832606320678820,10.027,6.247,12.362,3.74,357.909,85.961,180.0,270.0
4509,Minneapolis,MN,44.9145162,-93.217812,12038083306,3,3949,5899,467334477927420,299042841812617,643667363258620,1373041519762801,4.915,13.177,3.449,12.709,357.909,88.774,180.0,270.0
4510,Minneapolis,MN,44.9145192,-93.2165288,12038083449,3,3949,5899,4242985832400573,3953627044719891,220395812844442,647777056091150,8.568,15.833,3.488,5.272,320.62,91.172,174.223,284.72
4511,Minneapolis,MN,44.914619,-93.2115504,968386534,3,3949,5899,3974787565890653,5434413336633573,706019572453956,322476482723442,2.396,1.317,1.404,6.247,344.125,135.876,142.684,321.803
4512,Minneapolis,MN,44.9147897,-93.2117416,1593957963,3,3949,5899,1388771671515883,1888403734671014,1177054591112366,1388771671515883,4.153,2.164,1.973,4.153,322.144,140.901,142.751,322.144
4513,Minneapolis,MN,44.9149675,-93.2116963,1593957718,3,3949,5899,429206978159482,1127791791040668,797603042635251,429206978159482,11.195,17.179,17.162,11.195,321.189,142.381,143.124,321.189
4514,Minneapolis,MN,44.9152921,-93.21205,968386555,3,3949,5899,503988091023088,1567637810866040,1567637810866040,503988091023088,11.942,17.099,17.099,11.942,320.699,143.124,143.124,320.699
4515,Minneapolis,MN,44.9153197,-93.210145,724404255,3,3949,5899,304065131183411,471001587521543,828711234715523,938178113696998,25.92,10.565,4.957,3.786,327.489,125.224,190.039,237.887
4516,Minneapolis,MN,44.9156247,-93.2141307,1459428767,3,3949,5899,1392502588835850,553370311191155,553370311191155,1392502588835850,15.455,4.112,4.112,15.455,310.329,134.485,134.485,310.329
4517,Minneapolis,MN,44.9156551,-93.2142901,1459428776,4,3949,5899,1560148394667662,924567489807030,924567489807030,1560148394667662,19.459,1.3,1.3,19.459,310.329,134.456,134.456,310.329
4518,Minneapolis,MN,44.9156917,-93.2144413,1459428790,4,3949,5899,1257251752837107,950289839868723,950289839868723,1257251752837107,25.311,4.076,4.076,25.311,309.33,134.456,134.456,309.33
4519,Minneapolis,MN,44.9157227,-93.2127086,1593957680,3,3949,5899,738619213414145,1262674752271194,1257885512803919,960770297796867,4.424,15.515,2.021,22.998,333.344,148.367,151.3,327.011
4520,Minneapolis,MN,44.9157907,-93.2141501,1459428841,3,3949,5899,1560148394667662,166173025429378,166173025429378,1560148394667662,0.956,14.068,14.068,0.956,310.329,128.011,128.011,310.329
4521,Minneapolis,MN,44.9158182,-93.2143542,1459428848,3,3949,5899,1257251752837107,478112570141123,879371197441968,1257251752837107,9.669,6.575,7.244,9.669,309.33,126.621,134.485,309.33
4522,Minneapolis,MN,44.91583,-93.2142639,1459428852,4,3949,5899,1257251752837107,478112570141123,1319557115712418,1257251752837107,8.251,13.354,12.828,8.251,309.33,126.621,134.485,309.33
4523,Minneapolis,MN,44.9159877,-93.2190719,12038083172,3,3949,5899,140344421355294,584989355805402,182003633798493,1349771335422926,6.542,4.403,5.805,4.902,336.98,86.153,180.0,325.973
4524,Minneapolis,MN,44.9159888,-93.2188641,12038083171,3,3949,5899,140344421355294,432232151215709,182003633798493,1349771335422926,11.17,9.6,10.732,11.534,336.98,89.77,180.0,325.973
4525,Minneapolis,MN,44.9162169,-93.2154868,1459428892,3,3949,5899,638652229156731,131965272298368,234406756388923,135836058539583,30.307,3.272,15.714,10.998,314.839,85.932,139.447,267.113
4526,Minneapolis,MN,44.9162276,-93.215351,480324486,4,3949,5899,638652229156731,477473186919267,1431549501131287,1103377910171184,20.548,2.822,6.988,10.336,314.839,85.387,139.354,264.321
4527,Minneapolis,MN,44.9162745,-93.2148018,1459428895,4,3949,5899,749546781290121,215802137018246,1963515994130131,285249699987949,8.256,1.769,22.295,11.589,312.28,78.284,134.456,259.917
4528,Minneapolis,MN,44.9164601,-93.2130299,3894269618,3,3949,5899,1081284989032716,3559210761045615,815897839355421,1918315685689621,2.938,4.869,14.596,25.498,0.943,90.0,142.778,273.96
4529,Minneapolis,MN,44.9167117,-93.2127262,1619132427,3,3949,5899,289360812901801,252358623244713,24939137485669641,315170290185283,1.692,2.278,5.345,4.274,44.58,53.988,238.876,249.687
4530,Minneapolis,MN,44.9168146,-93.2124004,1593980313,3,3949,5899,1733877253856397,2146449802491309,218515176395841,808343705689729,2.586,5.165,11.326,3.355,44.012,92.787,223.711,278.674
4531,Minneapolis,MN,44.9169229,-93.2155706,11259019053,3,3949,5899,1836843163901507,1147391666809677,604920162036261,1836843163901507,0.826,24.199,24.089,0.826,320.419,138.789,139.807,320.419
4532,Minneapolis,MN,44.9169594,-93.2155036,11259019056,3,3949,5899,1836843163901507,1147391666809677,604920162036261,1836843163901507,6.893,30.787,30.745,6.893,320.419,138.789,139.807,320.419
4533,Minneapolis,MN,44.9171797,-93.2136686,8676598145,4,3949,5899,325801877121755,767704038063271,414135261272193,1366866495443632,14.081,34.352,7.541,7.385,338.964,139.236,159.838,263.227
4534,Minneapolis,MN,44.9172765,-93.2133872,8676598153,4,3949,5899,952498786243991,234249363069931,775499094497220,3280689855412726,8.622,18.409,11.121,19.924,339.602,99.811,190.039,265.705
4535,Minneapolis,MN,44.9173706,-93.2131021,8220849775,3,3949,5899,1542553296536193,414527127750721,1147221367075307,427610869606317,11.706,10.008,13.217,5.763,31.355,44.359,180.816,255.101
4536,Minneapolis,MN,44.9174701,-93.2122791,1593980389,3,3949,5899,2645700702281279,1246682799726180,917366157179392,1262632774992878,20.735,4.581,22.725,13.848,9.214,63.523,180.408,240.09
4537,Minneapolis,MN,44.9175121,-93.2162217,247400345,3,3949,5899,792680356473246,1013399784164966,534420012954881,792680356473246,0.583,25.94,25.94,0.583,321.796,141.257,141.672,321.796
4538,Minneapolis,MN,44.917627,-93.2123476,11891707447,3,3949,5899,1584611348976004,338878622448061,401198065773775,590353537236997,11.9,4.731,3.838,3.95,353.269,113.168,172.318,240.09
4539,Minneapolis,MN,44.9176361,-93.2123776,8677122687,3,3949,5899,1584611348976004,894866082643446,401198065773775,590353537236997,13.813,6.322,4.211,5.831,353.269,63.698,172.318,240.09
4540,Minneapolis,MN,44.9176792,-93.2122169,11891707448,3,3949,5899,1584611348976004,1104863667776570,917366157179392,1318062145503082,1.397,6.55,1.629,2.298,353.269,99.719,180.408,310.559
4541,Minneapolis,MN,44.9178223,-93.2091343,724404066,4,3949,5899,1006260234661195,969899125005684,1373892102995204,475299773714378,21.165,21.368,32.859,30.533,41.214,43.457,223.749,273.367
4542,Minneapolis,MN,44.9178981,-93.2188621,8676598213,3,3949,5899,178777747459888,981448085997022,173395731246129,481650982955920,9.573,6.125,11.399,8.137,351.939,81.22,173.937,273.729
4543,Minneapolis,MN,44.9178985,-93.2190592,8676598217,3,3949,5899,178777747459888,209563050752037,173395731246129,148954640577200,5.996,6.941,5.887,11.212,351.939,94.486,173.937,270.0
4544,Minneapolis,MN,44.9050914,-93.1909232,247964286,3,3950,5899,1527976894844591,4305878499642472,1305882457870682,742730618225577,22.677,27.021,2.286,8.882,4.425,46.439,183.775,220.704
4545,Minneapolis,MN,44.9052063,-93.1906839,247964271,3,3950,5899,2498127857217457,4305878499642472,24273852702249872,24273852702249872,3.691,4.256,1.397,1.397,5.505,46.439,239.701,239.701
4546,Minneapolis,MN,44.9052756,-93.1984734,4506990979,4,3950,5899,148609893903347,345074047016749,799767692468707,771615768815593,17.516,11.587,27.078,22.234,48.79,71.491,237.124,262.33
4547,Minneapolis,MN,44.9053091,-93.1983866,4506990980,3,3950,5899,148609893903347,170101788259335,799767692468707,771615768815593,11.963,10.174,22.981,22.179,48.79,61.925,237.124,262.33
4548,Minneapolis,MN,44.9053294,-93.1991371,999029236,3,3950,5899,1097272915497399,556167575352624,792876159071541,641500889031684,3.903,3.232,10.118,16.697,347.071,95.995,157.859,275.681
4549,Minneapolis,MN,44.9053361,-93.1993266,999029247,4,3950,5899,976256184661927,167112145342021,1589188948358026,641500889031684,12.759,4.818,1.204,27.872,344.017,95.561,167.046,275.681
4550,Minneapolis,MN,44.9054671,-93.1983583,1193323670,3,3950,5899,319100986268022,148609893903347,799767692468707,799767692468707,5.157,5.774,6.751,6.751,45.226,48.79,237.124,237.124
4551,Minneapolis,MN,44.9055168,-93.1990857,1576291017,3,3950,5899,992294153061421,556167575352624,768525928010200,641500889031684,8.099,18.128,20.266,9.401,343.346,95.995,154.737,275.681
4552,Minneapolis,MN,44.9055352,-93.199235,3205779060,4,3950,5899,1712973272665014,182553373740591,768525928010200,1282971152962832,3.74,18.725,8.332,13.651,340.781,97.139,154.737,295.852
4553,Minneapolis,MN,44.9055353,-93.198412,1171629961,3,3950,5899,319100986268022,319100986268022,799767692468707,799767692468707,12.166,12.166,2.252,2.252,45.226,45.226,237.124,237.124
4554,Minneapolis,MN,44.9055468,-93.1994092,3205779041,4,3950,5899,1712973272665014,792643571443575,582349884413674,211468877450227,12.034,19.112,0.54,22.793,340.781,90.801,161.05,258.444
4555,Minneapolis,MN,44.9060262,-93.1980511,1669545359,3,3950,5899,157880179614745,1295488484886090,765811366440443,3958003354246752,2.854,29.006,8.125,23.622,342.85,149.509,166.644,326.894
4556,Minneapolis,MN,44.9060776,-93.1981383,1171630053,4,3950,5899,3729725237152866,1295488484886090,1486340975900711,3958003354246752,3.483,20.323,4.641,15.952,336.769,149.509,159.526,326.894
4557,Minneapolis,MN,44.906089,-93.1980884,1669545345,3,3950,5899,3729725237152866,1295488484886090,765811366440443,3958003354246752,0.989,21.825,9.541,16.059,336.769,149.509,166.644,326.894
4558,Minneapolis,MN,44.9062258,-93.2004386,11895326028,4,3950,5899,1196782140794329,154877946517734,517000439300898,938675723562357,9.42,32.379,31.85,8.869,318.665,140.433,142.739,309.573
4559,Minneapolis,MN,44.9063284,-93.1983386,1171630024,3,3950,5899,2873970226151435,739485459089176,648460031674826,2873970226151435,3.283,4.915,4.681,3.283,318.588,133.91,142.182,318.588
4560,Minneapolis,MN,44.906351,-93.1983064,1171629977,3,3950,5899,2873970226151435,739485459089176,648460031674826,2873970226151435,1.815,7.575,7.692,1.815,318.588,133.91,142.182,318.588
4561,Minneapolis,MN,44.9064278,-93.1983676,11196333730,3,3950,5899,766779944198677,1291718575827735,739485459089176,766779944198677,4.322,9.716,10.553,4.322,303.848,126.045,133.91,303.848
4562,Minneapolis,MN,44.9064901,-93.1991405,1171630080,4,3950,5899,193021635884196,4215565132058651,1503989277272740,779469596087644,24.455,3.909,28.78,4.896,303.805,102.336,125.164,286.48
4563,Minneapolis,MN,44.9065184,-93.1992539,480310884,3,3950,5899,193021635884196,1121537623260244,1503989277272740,477745420162368,15.476,4.561,19.312,5.192,303.805,107.898,125.164,294.314
4564,Minneapolis,MN,44.9065511,-93.1991261,11196364152,4,3950,5899,193021635884196,4215565132058651,1503989277272740,779469596087644,22.49,9.023,28.336,3.95,303.805,102.336,125.164,286.48
4565,Minneapolis,MN,44.9065699,-93.1907675,247964272,3,3950,5899,2534880776863879,1908316776632212,1908316776632212,2534880776863879,1.003,1.379,1.379,1.003,328.359,145.299,145.299,328.359
4566,Minneapolis,MN,44.9066155,-93.1985474,1171630046,3,3950,5899,766779944198677,1712259176128278,1291718575827735,314289433400058,28.887,21.304,27.665,15.96,303.848,108.584,126.045,281.754
4567,Minneapolis,MN,44.9066285,-93.1893434,247964081,3,3950,5899,1061664302263250,705347579013783,1028134446145722,775567298323825,6.054,0.679,0.707,6.217,322.232,145.319,147.496,271.157
4568,Minneapolis,MN,44.9066542,-93.1991214,1171630021,3,3950,5899,193021635884196,4215565132058651,1503989277272740,779469596087644,22.252,20.29,29.74,14.83,303.805,102.336,125.164,286.48
4569,Minneapolis,MN,44.9067378,-93.1913418,247964353,3,3950,5899,1136236735205823,1288154026161808,1827445364785265,1051802403784953,7.203,7.43,6.518,4.269,315.194,87.95,152.934,271.148
4570,Minneapolis,MN,44.906806,-93.1918655,712773874,3,3950,5899,521285551007613,718985167429401,750355310775049,738595505777426,32.758,27.016,30.451,29.793,323.209,124.748,172.02,270.319
4571,Minneapolis,MN,44.9068151,-93.1916343,712773941,3,3950,5899,521285551007613,718985167429401,750355310775049,738595505777426,15.386,9.846,12.587,13.619,323.209,124.748,172.02,270.319
4572,Minneapolis,MN,44.9068623,-93.1910677,247964352,3,3950,5899,693086950393253,3574771965988871,579129001723447,678296445229655,2.906,5.013,2.825,1.94,1.112,85.059,145.608,273.604
4573,Minneapolis,MN,44.9069579,-93.1918161,712773950,3,3950,5899,521285551007613,2184004322101026,750355310775049,738595505777426,28.962,22.181,28.39,24.73,323.209,132.787,172.02,270.319
4574,Minneapolis,MN,44.9070546,-93.1916763,712773915,4,3950,5899,521285551007613,2184004322101026,750355310775049,738595505777426,25.385,21.349,26.692,21.342,323.209,132.787,172.02,270.319
4575,Minneapolis,MN,44.9071127,-93.1915499,712773913,4,3950,5899,1768121547410221,714952884691940,714952884691940,738595505777426,15.651,14.086,14.086,23.633,323.201,144.848,144.848,270.319
4576,Minneapolis,MN,44.9071858,-93.1913903,712773868,4,3950,5899,4212874742327316,1269528308020592,1269528308020592,4212874742327316,1.808,1.843,1.843,1.808,326.602,144.848,144.848,326.602
4577,Minneapolis,MN,44.9072761,-93.2051513,12068251559,3,3950,5899,1126225444512363,222066855962053,496033078481937,533157794759648,15.54,23.522,9.358,6.041,340.5,145.81,171.456,270.963
4578,Minneapolis,MN,44.9073053,-93.2050495,12068251560,3,3950,5899,1126225444512363,222066855962053,496033078481937,794751494502586,14.705,22.501,1.208,10.221,340.5,145.81,171.456,279.942
4579,Minneapolis,MN,44.9073081,-93.1918757,712773934,3,3950,5899,1169346685211971,759316623193315,1940610193010620,1169346685211971,23.038,22.249,22.355,23.038,327.377,148.565,149.434,327.377
4580,Minneapolis,MN,44.907446,-93.2011314,480310842,3,3950,5899,1719288475359817,2040523396754035,2040523396754035,2800309776899589,12.59,3.743,3.743,4.667,301.297,122.214,122.214,294.164
4581,Minneapolis,MN,44.9075547,-93.2049541,12083253549,3,3950,5899,525347278461620,222066855962053,299821168342475,2822212271365600,1.439,18.987,18.85,5.22,320.308,145.81,153.438,287.164
4582,Minneapolis,MN,44.9077887,-93.2017834,480310834,3,3950,5899,2612794782360015,1458267102134064,1458267102134064,2612794782360015,3.412,1.734,1.734,3.412,309.425,130.697,130.697,309.425
4583,Minneapolis,MN,44.9078606,-93.2014858,4506987349,3,3950,5899,391961385590874,1888236831731574,1888236831731574,461568458474638,18.801,23.365,23.365,18.287,312.571,131.532,131.532,309.676
4584,Minneapolis,MN,44.9079652,-93.2052868,12083049392,4,3950,5899,3685539901545156,786151388706558,271161554736576,4105541979502039,5.938,23.573,17.045,6.874,330.464,149.233,154.599,322.237
4585,Minneapolis,MN,44.9084737,-93.2037526,480310790,3,3950,5899,3087557798084494,1077809247898388,1077809247898388,749811235693662,19.531,4.072,4.072,3.179,301.005,120.314,120.314,296.803
4586,Minneapolis,MN,44.9089525,-93.2074714,12068251800,3,3950,5899,1405572876465633,312710267150343,1189502654834440,1907052539454860,4.907,11.48,6.824,4.674,0.0,96.612,180.796,308.898
4587,Minneapolis,MN,44.9089639,-93.2076323,12068251803,3,3950,5899,1405572876465633,159183052813420,778934106138789,1907052539454860,8.517,4.573,3.107,9.06,0.0,91.972,181.288,308.898
4588,Minneapolis,MN,44.9089858,-93.2057146,3217881500,3,3950,5899,501751001188490,847536262787274,976727201227387,524752261868428,11.348,10.82,5.8,16.259,5.777,102.897,129.067,292.29
4589,Minneapolis,MN,44.9090507,-93.2056605,3217881498,4,3950,5899,501751001188490,847536262787274,1472886046990566,524752261868428,12.506,6.389,0.696,15.272,5.777,102.897,129.801,292.29
4590,Minneapolis,MN,44.9090774,-93.2076316,12068251788,3,3950,5899,766601720894933,159183052813420,175610101020657,1907052539454860,13.104,9.617,4.578,17.973,11.995,91.972,182.777,308.898
4591,Minneapolis,MN,44.9090902,-93.2074687,12068251790,3,3950,5899,766601720894933,312710267150343,175610101020657,1907052539454860,12.783,5.035,10.15,17.875,11.995,96.612,182.777,308.898
4592,Minneapolis,MN,44.9091531,-93.2055662,3217881496,4,3950,5899,1007739600972173,847536262787274,952209589648225,1007739600972173,2.556,14.953,10.889,2.556,309.847,102.897,129.548,309.847
4593,Minneapolis,MN,44.9092937,-93.1916828,247964257,3,3950,5899,1432157028088425,745739087898359,1511935669979895,757453709966465,4.364,6.096,1.114,4.736,344.529,92.515,174.614,271.518
4594,Minneapolis,MN,44.909455,-93.205425,1171630003,3,3950,5899,1109888992821816,1319616259833940,1319616259833940,1109888992821816,12.373,16.556,16.556,12.373,305.009,126.477,126.477,305.009
4595,Minneapolis,MN,44.9097504,-93.2074606,12068251606,3,3950,5899,1191071234678676,491498715306660,313637206940649,209163367461313,14.937,8.771,12.278,16.422,312.772,131.036,185.059,270.0
4596,Minneapolis,MN,44.9114836,-93.2079116,11196279929,3,3950,5899,228424989085389,1455342545533515,1455342545533515,228424989085389,11.92,16.379,16.379,11.92,322.616,142.728,142.728,322.616
4597,Minneapolis,MN,44.9116948,-93.2079946,11196279921,3,3950,5899,2976890902580024,1558116878502271,1558116878502271,2976890902580024,21.823,25.513,25.513,21.823,320.379,142.149,142.149,320.379
4598,Minneapolis,MN,44.9122323,-93.1944511,10014436691,3,3950,5899,1420760385406076,948532332854042,1643591886146378,1248572889107435,17.652,6.315,16.487,7.947,0.162,84.137,153.53,249.709
4599,Minneapolis,MN,44.9138676,-93.2054998,658979879,3,3950,5899,939619030165915,939619030165915,309105140764884,2974627072757184,11.67,11.67,18.839,3.92,52.969,52.969,201.12,290.983
4600,Minneapolis,MN,44.9141959,-93.2043171,11469957905,3,3950,5899,300272824930607,300272824930607,295962945494591,183053017017832,15.566,15.566,21.931,16.443,50.733,50.733,195.355,262.341
4601,Minneapolis,MN,44.9144517,-93.204623,658980163,3,3950,5899,300272824930607,517703142934215,137648891714552,2581026708858163,21.731,22.025,3.515,11.878,50.733,53.276,189.352,242.441
4602,Minneapolis,MN,44.9147293,-93.2043308,9459027847,3,3950,5899,322013405938968,188118263175338,322051385953338,134092835375317,32.485,32.061,30.724,14.441,304.592,76.202,208.648,249.676
4603,Minneapolis,MN,44.915802,-93.1976036,11756539609,4,3950,5899,1170094630350711,249477827750731,175950901743013,3527239917558362,28.098,9.931,31.219,10.215,7.346,83.384,174.242,261.977
4604,Minneapolis,MN,44.9158285,-93.1972533,11756539610,4,3950,5899,1170094630350711,247513824442782,1130655908327583,783229963149844,3.288,9.431,3.482,10.968,7.346,82.829,173.735,264.442
4605,Minneapolis,MN,44.9158385,-93.1970998,11756620010,3,3950,5899,6102705919842203,262098519533968,945852583284768,6981413878540957,6.757,7.208,6.887,10.278,3.377,75.311,172.779,270.219
4606,Minneapolis,MN,44.9159377,-93.1957419,11756539615,3,3950,5899,623039033186482,219311100820047,1501235220410161,800444864436928,6.562,8.771,3.901,6.042,355.778,92.85,175.1,254.45
4607,Minneapolis,MN,44.9159436,-93.1955101,11756586204,4,3950,5899,1204194250298683,194841786319995,605078461685474,6473993789328777,12.443,11.074,15.045,12.147,359.844,93.52,181.706,268.679
4608,Minneapolis,MN,44.9159973,-93.1972829,11756586175,3,3950,5899,690303829529316,911437539955138,6457235007649456,783229963149844,5.102,9.263,4.111,8.079,350.874,86.394,181.229,264.442
4609,Minneapolis,MN,44.9160115,-93.1971072,11756586177,4,3950,5899,914142369667301,226371986754590,984816566026155,506785521525330,9.917,9.167,7.025,7.028,355.571,85.333,179.985,275.667
4610,Minneapolis,MN,44.9161122,-93.1957286,11756586179,4,3950,5899,780459983467683,800240864950096,194342250096105,553967616883364,12.889,7.031,5.598,11.15,358.281,91.723,187.519,272.862
4611,Minneapolis,MN,44.9161207,-93.1954697,11756586184,4,3950,5899,780459983467683,151266551073982,194342250096105,6473993789328777,7.851,6.164,14.901,8.931,358.281,87.758,187.519,268.679
4612,Minneapolis,MN,44.9163914,-93.1954268,11756586200,4,3950,5899,258942979933037,1341033913140974,250143254176374,782598066810514,7.718,23.239,15.755,34.503,8.613,32.928,186.357,322.227
4613,Minneapolis,MN,44.9163969,-93.1956816,11756586188,4,3950,5899,583607266901180,1341033913140974,1354173121826459,782598066810514,7.441,23.235,3.908,33.459,1.761,32.928,188.628,322.227
4614,Minneapolis,MN,44.9165391,-93.1970175,13190850557,3,3950,5899,930262544901764,760903078849553,639347811343573,789954749164098,15.649,32.539,14.673,32.356,359.567,90.0,187.388,265.635
4615,Minneapolis,MN,44.9165609,-93.1971119,13190850555,4,3950,5899,1944598509209089,760903078849553,639347811343573,789954749164098,7.393,27.681,6.902,27.58,3.45,90.0,187.388,265.635
4616,Minneapolis,MN,44.9165639,-93.1956629,11756586189,4,3950,5899,1614905012311006,1269080047340701,915540326401388,946905166460312,6.234,32.653,4.638,32.815,6.159,91.809,186.931,268.747
4617,Minneapolis,MN,44.9167934,-93.19705,11756619990,3,3950,5899,636804348292540,228249229839692,252091293981139,614896230574493,6.227,9.809,8.333,10.939,354.895,90.0,182.704,264.876
4618,Minneapolis,MN,44.9168247,-93.1953822,11756620001,4,3950,5899,3513407535607591,624117985983252,1416747052411651,2581822341981052,10.609,16.808,15.038,13.585,352.647,82.536,183.183,290.386
4619,Minneapolis,MN,44.916835,-93.1956375,11756620002,4,3950,5899,189369887323690,554486356837633,1416747052411651,915049902940940,7.099,3.912,5.119,2.97,354.257,88.64,183.183,268.414
4620,Minneapolis,MN,44.9168859,-93.1972023,11756619991,3,3950,5899,1471838533558934,228249229839692,10048525595164952,614896230574493,10.011,7.345,7.345,8.962,352.745,90.0,180.0,264.876
4621,Minneapolis,MN,44.9169145,-93.1971734,11756619995,3,3950,5899,1471838533558934,228249229839692,10048525595164952,614896230574493,12.569,9.972,9.972,12.122,352.745,90.0,180.0,264.876
4622,Minneapolis,MN,44.9169149,-93.1972865,9947662204,3,3950,5899,1471838533558934,228249229839692,10048525595164952,789954749164098,16.229,13.768,13.768,14.532,352.745,90.0,180.0,265.635
4623,Minneapolis,MN,44.916962,-93.1972261,9947662206,3,3950,5899,1471838533558934,228249229839692,10048525595164952,614896230574493,18.62,15.949,15.949,17.611,352.745,90.0,180.0,264.876
4624,Minneapolis,MN,44.9169672,-93.1956201,11756619998,4,3950,5899,826709538787518,926190838432442,251439520748419,915049902940940,10.763,11.832,11.512,12.015,346.719,90.0,188.904,268.414
4625,Minneapolis,MN,44.917046,-93.1901161,6956104666,3,3950,5899,605048158931321,519565770481474,1371231560534055,511821531924512,7.358,2.277,33.785,32.887,30.999,90.837,228.163,262.246
4626,Minneapolis,MN,44.917046,-93.1900194,814328787,3,3950,5899,605048158931321,819128223672718,1292507975308226,3892527794352555,2.103,3.516,34.362,34.837,30.999,77.687,239.009,256.27
4627,Minneapolis,MN,44.9170461,-93.190288,3633243194,4,3950,5899,605048158931321,1293558521851130,1292507975308226,511821531924512,20.707,0.939,31.291,28.752,30.999,90.916,239.009,262.246
4628,Minneapolis,MN,44.9170462,-93.1905256,3633243195,3,3950,5899,1862654187874883,1136662227987001,489346067603288,1348464219652663,29.236,0.504,15.617,24.911,0.0,94.148,123.835,272.567
4629,Minneapolis,MN,44.9172732,-93.1896733,9851898113,3,3950,5899,954568706601990,1754533085328650,935321455402208,962930569095182,21.607,33.578,34.772,34.684,359.169,35.577,201.027,210.087
4630,Minneapolis,MN,44.9173082,-93.1900188,1686466614,3,3950,5899,584089214414250,519565770481474,1185676723561289,921560356790192,4.089,31.26,11.03,12.845,1.591,90.837,207.735,245.454
4631,Minneapolis,MN,44.9173082,-93.1899071,1686466610,4,3950,5899,1124767552639425,819128223672718,1272093507342845,4048143415407328,3.189,31.344,21.42,17.857,359.169,77.687,182.605,232.077
4632,Minneapolis,MN,44.9174051,-93.1907933,9851951734,3,3950,5899,1862654187874883,3941056322797988,1642072703077486,1318099626082504,15.973,13.635,20.688,17.202,0.0,58.671,186.15,270.0
4633,Minneapolis,MN,44.9174055,-93.1908616,9851951733,3,3950,5899,1862654187874883,3941056322797988,1642072703077486,1318099626082504,18.8,15.595,20.88,19.16,0.0,58.671,186.15,270.0
4634,Minneapolis,MN,44.9177187,-93.1867544,2958026175,3,3950,5899,218027936751273,290506126071513,481440106531423,947188720942874,23.108,29.806,26.126,27.389,9.606,138.522,179.966,270.0
4635,Minneapolis,MN,44.9177191,-93.1862193,9851934985,3,3950,5899,218027936751273,168336588514148,168336588514148,531329116602827,19.614,6.49,6.49,27.425,9.606,137.442,137.442,270.0
4636,Minneapolis,MN,44.9177473,-93.1923022,11756539607,4,3950,5899,1709411559479046,257952216640115,770934087737548,578333071572607,11.091,11.776,13.805,15.37,0.0,90.0,180.0,269.399
4637,Minneapolis,MN,44.9177595,-93.1926337,3633165879,3,3950,5899,123216414089917,257952216640115,770934087737548,945000413823049,8.035,14.608,13.522,14.408,355.737,90.0,180.0,269.303
4638,Minneapolis,MN,44.9178154,-93.1867579,3633165889,4,3950,5899,218027936751273,290506126071513,481440106531423,947188720942874,27.155,33.099,31.702,16.644,9.606,138.522,179.966,270.0
4639,Minneapolis,MN,44.9179395,-93.2053669,4509156786,3,3950,5899,1180674313809688,1556942445681034,501912910943021,1144945167196658,16.36,3.682,5.546,7.347,300.386,94.653,125.09,295.605
4640,Minneapolis,MN,44.9124056,-93.1668925,9851523943,3,3951,5899,2240317689474150,6269993423048623,991630848882864,1837033423705926,1.005,29.516,25.738,16.649,0.0,143.702,178.715,269.858
4641,Minneapolis,MN,44.912423,-93.1668925,9851523857,3,3951,5899,2240317689474150,6269993423048623,991630848882864,1837033423705926,0.967,28.7,25.384,14.719,0.0,143.702,178.715,269.858
4642,Minneapolis,MN,44.9124253,-93.1672333,9851437391,4,3951,5899,1027075938163787,1654813151637206,991630848882864,762088545375953,6.46,15.535,3.85,9.355,0.0,113.519,178.715,274.762
4643,Minneapolis,MN,44.9124308,-93.1720418,9851524144,3,3951,5899,587990759790637,587990759790637,783706620018171,561147129494603,21.101,21.101,1.996,5.891,37.87,37.87,237.76,262.479
4644,Minneapolis,MN,44.9124319,-93.1722287,9851524146,4,3951,5899,587990759790637,587990759790637,783706620018171,790726922261848,8.496,8.496,15.024,6.583,37.87,37.87,237.76,274.277
4645,Minneapolis,MN,44.9126175,-93.1669387,9851523950,3,3951,5899,828079409461988,1654813151637206,183064384685324,1330121211608305,11.702,30.818,24.31,2.03,324.694,113.519,182.285,271.997
4646,Minneapolis,MN,44.9126385,-93.1722266,9851524148,4,3951,5899,587990759790637,587990759790637,783706620018171,1092766452890579,30.071,30.071,25.747,3.416,37.87,37.87,237.76,270.0
4647,Minneapolis,MN,44.91264,-93.1672032,9851523949,4,3951,5899,1027075938163787,1654813151637206,636306477901302,3906249826323035,17.537,13.421,8.7,4.912,0.0,113.519,187.406,270.0
4648,Minneapolis,MN,44.9176884,-93.1849491,2958026173,3,3951,5899,467654219540131,502807837416858,763469104358037,1281645936381060,1.882,11.628,3.253,30.449,0.0,94.271,131.255,270.0
4649,Minneapolis,MN,44.9177194,-93.1857008,2958026176,3,3951,5899,474460470555567,507969013722296,507969013722296,955475530012811,30.134,5.354,5.354,26.945,317.602,134.27,134.27,270.0
4650,Minneapolis,MN,44.9177196,-93.1854116,9851934984,3,3951,5899,788408476696988,221542429320933,221542429320933,1584655082178582,34.987,5.295,5.295,26.851,0.0,136.926,136.926,270.729
4651,Minneapolis,MN,44.9177199,-93.1849461,9851934972,4,3951,5899,467654219540131,502807837416858,234649271771746,1281645936381060,2.678,12.8,8.847,26.996,0.0,94.271,140.488,270.0
4652,Minneapolis,MN,44.9177987,-93.184512,2958026178,4,3951,5899,467745569312119,502807837416858,234649271771746,1535239270445638,0.145,27.821,32.171,18.026,0.0,94.271,140.488,269.418
4653,Minneapolis,MN,44.9178064,-93.184743,8685993163,4,3951,5899,449519134637658,808015500133596,234649271771746,640385151748574,2.673,5.891,19.086,17.426,0.0,42.294,140.488,270.658
4654,Minneapolis,MN,44.9178134,-93.1849447,9851934973,4,3951,5899,853146796745821,502807837416858,234649271771746,1281645936381060,1.297,20.161,17.945,16.755,0.0,94.271,140.488,270.0
4655,Minneapolis,MN,44.9178174,-93.1857037,9851934982,4,3951,5899,474460470555567,507969013722296,507969013722296,496835236345248,19.482,16.178,16.178,15.945,317.602,134.27,134.27,270.632
4656,Minneapolis,MN,44.9180848,-93.17735,13515656965,3,3951,5899,931566542028512,999345485560310,1013545097480493,1683782642485655,20.642,34.776,9.056,2.982,342.605,136.645,183.242,254.906
4657,Minneapolis,MN,44.9035039,-93.1567284,480283323,3,3952,5899,747086091230665,747086091230665,2242823032847568,2242823032847568,15.566,15.566,18.526,18.526,51.686,51.686,224.639,224.639
4658,Minneapolis,MN,44.9051975,-93.153724,480283305,3,3952,5899,1982276749197188,1982276749197188,821598223716780,821598223716780,17.09,17.09,17.833,17.833,53.017,53.017,223.878,223.878
4659,Minneapolis,MN,44.9153193,-93.1448358,3069533245,3,3952,5899,722498734171741,3587402548057652,558436133678049,558436133678049,7.032,8.613,10.318,10.318,57.739,75.626,226.35,226.35
4660,Minneapolis,MN,44.9154712,-93.1450398,3069533262,3,3952,5899,1207504397543723,2185138481994992,1505751856986903,373577725295320,15.433,11.439,5.828,2.591,54.628,94.932,173.19,226.444
4661,Minneapolis,MN,44.9163694,-93.142746,3037108776,3,3952,5899,1673835913609467,1673835913609467,998397379189898,2083245572432894,31.949,31.949,33.939,34.012,43.831,43.831,225.858,226.787
4662,Minneapolis,MN,44.9164987,-93.1429208,3037108782,3,3952,5899,1601540354185047,1601540354185047,998397379189898,998397379189898,12.244,12.244,14.035,14.035,43.831,43.831,225.858,225.858
4663,Minneapolis,MN,44.9165664,-93.1430137,3069533302,4,3952,5899,1601540354185047,1601540354185047,998397379189898,998397379189898,1.748,1.748,3.539,3.539,43.831,43.831,225.858,225.858
4664,Minneapolis,MN,44.9166463,-93.1432702,13250638336,3,3952,5899,1441913806995070,1892284458351824,1343961072931725,921165612920460,12.901,13.474,2.685,0.437,46.364,50.894,207.973,231.721
4665,Minneapolis,MN,44.9167522,-93.1431148,13250638333,3,3952,5899,10071492052870606,10071492052870606,1113438046332177,1113438046332177,12.855,12.855,1.13,1.13,46.364,46.364,226.87,226.87
4666,Minneapolis,MN,44.9167843,-93.1424923,3037108788,3,3952,5899,2370859250018157,2370859250018157,1416341153487298,1416341153487298,14.88,14.88,16.668,16.668,44.837,44.837,224.211,224.211
4667,Minneapolis,MN,44.9168549,-93.1425894,3069533317,4,3952,5899,2370859250018157,2370859250018157,1416341153487298,1416341153487298,4.0,4.0,5.755,5.755,44.837,44.837,224.211,224.211
4668,Minneapolis,MN,44.916951,-93.1424194,3069533322,3,3952,5899,25543748271900569,25543748271900569,1643239266878528,1643239266878528,5.791,5.791,7.884,7.884,44.677,44.677,225.67,225.67
4669,Minneapolis,MN,44.9170518,-93.1422726,3069533327,4,3952,5899,1460962749149081,1460962749149081,1588482502186626,1588482502186626,6.039,6.039,7.534,7.534,45.945,45.945,226.162,226.162
4670,Minneapolis,MN,44.9174617,-93.1420638,3069533434,4,3953,5899,1313409719742538,1313409719742538,395911792990891,1569892477157193,12.221,12.221,1.666,1.637,46.364,46.364,225.746,226.839
4671,Minneapolis,MN,44.917521,-93.1415894,8673557810,4,3953,5899,1543919800215585,1543919800215585,1196865248777276,1196865248777276,5.694,5.694,6.888,6.888,45.978,45.978,226.965,226.965
4672,Minneapolis,MN,44.9177456,-93.1416497,13250638311,3,3953,5899,1783956659129147,1315296300250883,1125533685886242,1125533685886242,14.077,13.932,3.678,3.678,46.364,49.419,225.109,225.109
4673,Minneapolis,MN,44.9177597,-93.1412418,3101307988,4,3953,5899,1403785854528613,1403785854528613,25700157306274000,25700157306274000,5.381,5.381,6.004,6.004,46.392,46.392,227.222,227.222
4674,Minneapolis,MN,44.9178761,-93.1414631,13250638291,3,3953,5899,1392121832134732,726337543773360,939017424292918,939017424292918,13.473,14.177,0.963,0.963,46.364,49.419,226.519,226.519
4675,Minneapolis,MN,44.9178952,-93.1414327,13250638143,3,3953,5899,1392121832134732,726337543773360,923860502423276,923860502423276,13.975,13.845,1.101,1.101,46.364,49.419,226.622,226.622
4676,Minneapolis,MN,44.9179214,-93.1409313,3101307999,3,3953,5899,872241842337961,872241842337961,1617777222910545,1617777222910545,9.123,9.123,10.265,10.265,46.552,46.552,225.802,225.802
4677,Minneapolis,MN,44.9179478,-93.140968,3101308000,4,3953,5899,872241842337961,872241842337961,1617777222910545,1617777222910545,5.063,5.063,6.156,6.156,46.552,46.552,225.802,225.802
4678,Minneapolis,MN,44.9179755,-93.1416649,13250638296,3,3953,5899,1392121832134732,1180821167203696,939017424292918,939017424292918,32.521,33.105,20.281,20.281,46.364,49.419,226.519,226.519
4679,Minneapolis,MN,44.9180164,-93.1414312,13250638142,4,3953,5899,2975353789294584,773243118826573,930822505105488,768748078014313,23.279,23.567,10.414,10.869,46.364,49.419,223.832,227.969
4680,Minneapolis,MN,44.9180873,-93.1407649,3101308017,3,3953,5899,774718395660743,774718395660743,25510738341945208,26772837692308004,4.996,4.996,6.171,10.851,45.928,45.928,225.272,273.147
4681,Minneapolis,MN,44.8924523,-93.3085372,12716874426,3,3945,5900,23901535432785216,1475640533401748,1001050335500122,1203784788123277,7.482,12.534,11.408,12.563,359.916,109.439,177.798,266.244
4682,Minneapolis,MN,44.8924585,-93.3087632,12716874711,4,3945,5900,23901535432785216,1475640533401748,1001050335500122,647715811514076,11.347,21.396,6.53,21.532,359.916,109.439,177.798,271.585
4683,Minneapolis,MN,44.8926147,-93.3085515,12716874727,4,3945,5900,1681723072489244,1475640533401748,1393724908466103,1016841626711132,5.641,5.641,8.914,2.654,0.0,109.439,193.797,266.29
4684,Minneapolis,MN,44.8926154,-93.3087639,13302568605,3,3945,5900,1828686687971989,1475640533401748,1393724908466103,3021102861382414,12.18,18.731,10.752,15.498,359.916,109.439,193.797,264.797
4685,Minneapolis,MN,44.8939325,-93.3085507,12716871438,4,3945,5900,548510754571863,9656422471138746,1677424549547319,1915450075657218,4.339,11.916,32.318,32.566,2.234,31.309,126.104,278.334
4686,Minneapolis,MN,44.8940254,-93.3084027,10593973170,5,3945,5900,1197999435062240,1677424549547319,1677424549547319,1915450075657218,12.049,17.476,17.476,17.653,359.074,126.104,126.104,278.334
4687,Minneapolis,MN,44.8940267,-93.3085507,12716874726,4,3945,5900,1447913112847803,9656422471138746,1677424549547319,1915450075657218,4.212,1.552,24.574,24.899,9.547,31.309,126.104,278.334
4688,Minneapolis,MN,44.894186,-93.3082848,10593973158,3,3945,5900,1226905562334634,1677424549547319,1677424549547319,1915450075657218,7.851,2.86,2.86,2.562,359.074,126.104,126.104,278.334
4689,Minneapolis,MN,44.8941861,-93.3081505,10593973163,3,3945,5900,1197999435062240,1855585851901946,1677424549547319,1915450075657218,16.982,16.926,12.844,12.426,359.074,89.637,126.104,278.334
4690,Minneapolis,MN,44.8941861,-93.3080172,10593973161,3,3945,5900,1197999435062240,9986314771401084,1677424549547319,1915450075657218,26.971,16.707,23.279,22.858,359.074,91.599,126.104,278.334
4691,Minneapolis,MN,44.8941871,-93.3084053,10593973173,5,3945,5900,1369520227807089,1677424549547319,1677424549547319,1915450075657218,1.126,7.651,7.651,8.059,359.074,126.104,126.104,278.334
4692,Minneapolis,MN,44.89424,-93.3080172,12716874916,4,3945,5900,1197999435062240,9986314771401084,1677424549547319,1915450075657218,29.021,10.738,24.515,24.115,359.074,91.599,126.104,278.334
4693,Minneapolis,MN,44.8942404,-93.3081519,12716874914,4,3945,5900,1226905562334634,1855585851901946,1677424549547319,1915450075657218,19.759,11.004,14.898,14.543,359.074,89.637,126.104,278.334
4694,Minneapolis,MN,44.8942411,-93.3084629,12716874915,4,3945,5900,9857635087630817,956125036398726,1677424549547319,1915450075657218,4.323,14.119,14.374,14.726,0.538,83.412,126.104,278.334
4695,Minneapolis,MN,44.8942413,-93.3085244,12716874917,3,3945,5900,9857635087630817,956125036398726,1677424549547319,1915450075657218,9.156,18.042,18.597,18.978,0.538,83.412,126.104,278.334
4696,Minneapolis,MN,44.8942558,-93.3085515,12716874913,3,3945,5900,9857635087630817,956125036398726,1677424549547319,1915450075657218,11.35,19.208,21.226,21.603,0.538,83.412,126.104,278.334
4697,Minneapolis,MN,44.8944213,-93.3084082,12716874828,4,3945,5900,960115722994582,1706268613599471,1677424549547319,1915450075657218,15.852,10.241,29.095,29.208,1.424,75.577,126.104,278.334
4698,Minneapolis,MN,44.8922973,-93.2882289,11266913975,4,3946,5900,1226337122151875,1955701978303665,4006968406283510,1450099836309382,10.634,16.278,15.956,15.956,0.893,105.765,180.0,215.315
4699,Minneapolis,MN,44.8923294,-93.288468,11266914173,4,3946,5900,1226337122151875,1955701978303665,1384061550017854,1450099836309382,8.818,18.12,3.166,17.747,0.893,105.765,177.865,215.315
4700,Minneapolis,MN,44.8924175,-93.288239,11266913962,4,3946,5900,1078903650303355,1955701978303665,1959304328224852,1450099836309382,11.86,27.595,15.157,27.199,0.385,105.765,180.0,215.315
4701,Minneapolis,MN,44.8924628,-93.288465,11266914127,4,3946,5900,1078903650303355,1955701978303665,1485751805922201,1450099836309382,9.464,31.951,2.97,31.542,0.385,105.765,182.193,215.315
4702,Minneapolis,MN,44.8913983,-93.2553618,11251511139,3,3947,5900,541255243708141,541255243708141,1259415508453905,1259415508453905,6.839,6.839,22.589,22.589,47.82,47.82,225.084,225.084
4703,Minneapolis,MN,44.891471,-93.2560017,2427491666,3,3947,5900,1857945481302746,1857945481302746,944877741052297,944877741052297,19.972,19.972,11.63,11.63,48.416,48.416,228.085,228.085
4704,Minneapolis,MN,44.8917513,-93.2548879,2427491653,3,3947,5900,552324096172316,552324096172316,616044204120534,616044204120534,6.367,6.367,22.442,22.442,43.62,43.62,222.572,222.572
4705,Minneapolis,MN,44.8918334,-93.254779,6638481839,3,3947,5900,1150068318755043,1150068318755043,988133903373785,988133903373785,7.304,7.304,22.396,22.396,43.11,43.11,222.285,222.285
4706,Minneapolis,MN,44.8921489,-93.2543604,806239926,3,3947,5900,193081946011032,193081946011032,956447152616562,956447152616562,6.849,6.849,23.275,23.275,42.96,42.96,222.698,222.698
4707,Minneapolis,MN,44.8963502,-93.2127187,13032044620,3,3949,5900,180885610581920,480339569844366,303448721282641,2861711260719574,9.219,2.922,6.507,8.483,338.798,112.198,137.912,277.539
4708,Minneapolis,MN,44.8979774,-93.2115966,13032044613,3,3949,5900,1574931126045106,540420363788160,313876777014412,272977937840926,8.948,9.61,21.939,10.348,0.541,89.081,181.309,267.599
4709,Minneapolis,MN,44.8979781,-93.2114137,13032044609,3,3949,5900,1574931126045106,4469670263046453,313876777014412,149355000487351,5.638,9.955,23.486,10.582,0.541,85.009,181.309,268.736
4710,Minneapolis,MN,44.8979826,-93.2114229,13032044611,3,3949,5900,1574931126045106,996250814526977,313876777014412,1679476852236878,4.844,10.238,22.735,9.724,0.541,91.213,181.309,267.953
4711,Minneapolis,MN,44.8979835,-93.2115866,13032044612,3,3949,5900,1574931126045106,540420363788160,313876777014412,498629187940654,8.099,8.966,21.118,10.288,0.541,89.081,181.309,270.0
4712,Minneapolis,MN,44.8980358,-93.2126675,13032044623,3,3949,5900,944703493026354,292144145734863,949023629280093,753106975242135,9.338,13.333,9.576,12.7,10.47,89.422,180.0,277.856
4713,Minneapolis,MN,44.8980451,-93.2115768,13032044601,4,3949,5900,1375916849455901,540420363788160,313876777014412,498629187940654,7.499,2.602,14.251,4.312,357.566,89.081,181.309,270.0
4714,Minneapolis,MN,44.8980454,-93.2114135,13032044602,4,3949,5900,1375916849455901,4469670263046453,313876777014412,149355000487351,5.783,2.472,16.976,3.55,357.566,85.009,181.309,268.736
4715,Minneapolis,MN,44.8980776,-93.2088487,13032037179,3,3949,5900,114870077320784,918751515555574,1008046736395850,229496508975980,4.88,10.454,14.751,19.085,353.66,76.76,120.963,265.292
4716,Minneapolis,MN,44.8980806,-93.2090511,13032037175,3,3949,5900,114870077320784,515992686075867,1008046736395850,214559690191518,11.283,6.401,5.8,16.051,353.66,79.199,120.963,262.343
4717,Minneapolis,MN,44.8981062,-93.2114043,12085609795,3,3949,5900,942998673146776,4469670263046453,313876777014412,149355000487351,6.323,4.36,12.685,4.09,358.037,85.009,181.309,268.736
4718,Minneapolis,MN,44.898114,-93.2115658,12085609796,3,3949,5900,942998673146776,540420363788160,313876777014412,498629187940654,6.447,6.084,6.634,5.795,358.037,89.081,181.309,270.0
4719,Minneapolis,MN,44.8981165,-93.2228702,12084003798,4,3949,5900,393975978329490,165470488836990,232159448676265,2845381992442557,34.892,2.694,13.518,4.29,28.937,90.0,185.356,272.378
4720,Minneapolis,MN,44.8987666,-93.2113913,12085609786,4,3949,5900,813845395929712,957017755033810,292102975792674,3796183450511220,6.093,12.135,12.544,17.079,11.195,47.902,173.823,273.438
4721,Minneapolis,MN,44.898768,-93.2115828,12085609802,4,3949,5900,1684201991771400,807249320216360,292102975792674,491020962104094,6.925,4.574,3.523,16.111,11.15,73.651,173.823,273.438
4722,Minneapolis,MN,44.8988188,-93.2113933,12085609787,3,3949,5900,153013066782975,957017755033810,173331681380864,3796183450511220,5.323,12.346,13.551,12.088,355.736,47.902,172.221,273.438
4723,Minneapolis,MN,44.8988227,-93.2115822,12085609804,3,3949,5900,1684201991771400,807249320216360,173331681380864,491020962104094,5.434,8.38,1.703,10.611,11.15,73.651,172.221,273.438
4724,Minneapolis,MN,44.8921184,-93.1970368,1587203961,3,3950,5900,803790700500197,154366066695121,342281753977551,183959800257852,9.609,25.246,1.101,5.461,349.957,35.315,172.79,291.055
4725,Minneapolis,MN,44.8921226,-93.1969643,8680006180,4,3950,5900,803790700500197,154366066695121,342281753977551,306448974389834,11.466,25.914,6.707,5.142,349.957,35.315,172.79,280.286
4726,Minneapolis,MN,44.8921312,-93.1968265,1587203964,3,3950,5900,878223429421358,154366066695121,342281753977551,316276696527316,5.958,30.237,17.592,3.143,343.944,35.315,172.79,293.11
4727,Minneapolis,MN,44.8922198,-93.1967038,8680006159,3,3950,5900,878223429421358,154366066695121,466827594400561,306448974389834,17.878,31.614,28.616,18.067,343.944,35.315,172.242,280.286
4728,Minneapolis,MN,44.8923233,-93.1970622,1686581202,4,3950,5900,2976614212614619,154366066695121,484389706220118,751009942252661,0.309,2.375,2.946,18.428,4.265,35.315,171.494,280.007
4729,Minneapolis,MN,44.892432,-93.1970592,34658089,5,3950,5900,159230706064405,3748314411934194,3940587382722831,751009942252661,8.462,11.467,7.187,6.339,0.0,124.681,164.873,280.007
4730,Minneapolis,MN,44.8925252,-93.1969869,1686581212,4,3950,5900,159230706064405,3748314411934194,3940587382722831,751009942252661,19.536,19.361,18.925,6.963,0.0,124.681,164.873,280.007
4731,Minneapolis,MN,44.8925331,-93.1971095,8680005787,4,3950,5900,159230706064405,806776536630583,3940587382722831,751009942252661,20.178,15.0,16.748,6.312,0.0,110.263,164.873,280.007
4732,Minneapolis,MN,44.8926466,-93.196978,3588230215,3,3950,5900,159230706064405,806776536630583,3940587382722831,751009942252661,32.858,30.979,31.36,18.649,0.0,110.263,164.873,280.007
4733,Minneapolis,MN,44.8953033,-93.1979229,34640281,3,3950,5900,472877447321336,2887767324822064,2895633300674134,501611797553082,5.258,20.764,6.1,7.559,333.951,146.795,159.792,329.038
4734,Minneapolis,MN,44.8954161,-93.1980179,8680240098,3,3950,5900,509578666839363,2887767324822064,845117336075308,509578666839363,5.892,7.051,7.291,5.892,325.259,146.795,153.692,325.259
4735,Minneapolis,MN,44.8954209,-93.1978449,417050823,5,3950,5900,501611797553082,2887767324822064,845117336075308,501611797553082,9.679,20.207,15.438,9.679,329.038,146.795,153.692,329.038
4736,Minneapolis,MN,44.8956071,-93.1977497,417050825,3,3950,5900,509578666839363,2887767324822064,2887767324822064,509578666839363,26.933,33.138,33.138,26.933,325.259,146.795,146.795,325.259
4737,Minneapolis,MN,44.8956105,-93.1982291,34658839,3,3950,5900,614508389949977,178784134111977,178784134111977,614508389949977,4.481,5.028,5.028,4.481,320.253,139.804,139.804,320.253
4738,Minneapolis,MN,44.8976064,-93.1996766,478070216,3,3950,5900,824988075096193,800122493948433,218147956781819,746059946060545,1.719,25.195,18.326,25.681,353.712,60.548,168.326,257.914
4739,Minneapolis,MN,44.8976212,-93.1995922,417050830,4,3950,5900,824988075096193,800122493948433,218147956781819,746059946060545,8.491,32.043,25.175,32.105,353.712,60.548,168.326,257.914
4740,Minneapolis,MN,44.899565,-93.1995508,13513658070,4,3950,5900,377278196999494,949179773855752,1324095408613422,790734228485532,19.648,14.193,17.319,34.84,47.217,116.608,193.936,274.656
4741,Minneapolis,MN,44.8995767,-93.1997457,13513658071,4,3950,5900,465763758011656,949179773855752,1282982499610852,790734228485532,32.726,26.519,2.215,27.138,28.694,116.608,193.936,274.656
4742,Minneapolis,MN,44.8996372,-93.1995255,478057938,3,3950,5900,377278196999494,949179773855752,912202414315833,790734228485532,27.217,7.922,6.378,30.302,47.217,116.608,132.049,274.656
4743,Minneapolis,MN,44.8989028,-93.1747736,3062454835,3,3951,5900,1245947130729937,1409792750610287,1211162500596166,951374971105602,6.887,9.193,34.409,18.267,353.764,90.903,174.623,262.905
4744,Minneapolis,MN,44.8989733,-93.1753284,1090208771,5,3951,5900,1084044077180740,750649580996714,2074198526736396,2155984801840318,11.274,0.977,23.547,9.543,47.409,88.305,191.061,303.971
4745,Minneapolis,MN,44.8989801,-93.1747711,3062454860,4,3951,5900,1245947130729937,1409792750610287,1211162500596166,951374971105602,1.821,5.968,26.449,9.692,353.764,90.903,174.623,262.905
4746,Minneapolis,MN,44.8990512,-93.1747698,3062454876,3,3951,5900,1245947130729937,1242233691148725,1211162500596166,951374971105602,9.66,0.888,19.655,1.953,353.764,90.979,174.623,262.905
4747,Minneapolis,MN,44.8990701,-93.1747697,2067213935,3,3951,5900,1245947130729937,1242233691148725,1211162500596166,951374971105602,11.76,2.912,18.016,0.926,353.764,90.979,174.623,262.905
4748,Minneapolis,MN,44.8990739,-93.1753198,2067213937,4,3951,5900,1084044077180740,1084044077180740,2074198526736396,2155984801840318,0.22,0.22,15.686,4.944,47.409,47.409,191.061,303.971
4749,Minneapolis,MN,44.8993842,-93.1735548,1090208764,3,3951,5900,1379730353354612,1720773452264966,880013991403644,900806756219919,13.911,7.783,17.082,7.887,14.132,51.935,141.416,258.918
4750,Minneapolis,MN,44.8994556,-93.1734614,1090208844,3,3951,5900,1379730353354612,1720773452264966,880013991403644,900806756219919,6.336,12.835,19.207,18.211,14.132,51.935,141.416,258.918
4751,Minneapolis,MN,44.9001929,-93.1637157,480283097,3,3952,5900,1064633975766568,1064633975766568,1853936295558971,1853936295558971,16.76,16.76,16.07,16.07,56.751,56.751,224.833,224.833
4752,Minneapolis,MN,44.8910638,-93.0815471,7641900430,3,3955,5900,1926661034824317,1805676767496944,626700880000791,626700880000791,3.999,26.714,26.262,26.262,0.0,90.0,219.938,219.938
4753,Minneapolis,MN,44.8921488,-93.0769563,6119278010,4,3955,5900,136545905129820,3991676134255662,855353691716824,179568110722283,10.994,9.524,5.374,18.747,347.06,125.214,181.068,271.371
4754,Minneapolis,MN,44.8936878,-93.0797429,7648060890,3,3955,5900,2933798620178256,320398059591015,503387837455292,180787180587917,31.927,28.766,30.967,34.4,51.392,78.402,198.114,276.929
4755,Minneapolis,MN,44.8938606,-93.079741,6119278026,3,3955,5900,4483744581652966,320398059591015,503387837455292,189207649722717,18.004,10.853,12.3,14.379,0.0,78.402,198.114,286.323
4756,Minneapolis,MN,44.8940575,-93.0806827,7634928093,3,3955,5900,176159214409080,1262741367997452,4033279836752595,3462167130696425,6.196,33.628,14.064,34.43,1.253,88.367,180.192,244.801
4757,Minneapolis,MN,44.8943851,-93.0809277,7634912576,3,3955,5900,609041461419217,962100798273518,873847113884794,743798087483780,2.762,0.234,8.068,7.709,4.052,70.28,215.314,271.634
4758,Minneapolis,MN,44.8944236,-93.0806823,6860412556,5,3955,5900,564846328870490,890477982068194,534081254642125,660192565908142,3.347,2.143,4.143,7.25,9.785,99.785,181.746,261.965
4759,Minneapolis,MN,44.8944327,-93.0805292,6860424840,4,3955,5900,771427856888478,693320862540131,534081254642125,570531937261878,4.342,6.479,8.889,4.342,0.0,83.994,181.746,265.65
4760,Minneapolis,MN,44.8944555,-93.0809218,6114748642,4,3955,5900,804974784545668,962100798273518,194426473239303,743798087483780,1.936,7.804,16.89,3.249,1.634,70.28,180.0,271.634
4761,Minneapolis,MN,44.8946425,-93.0815595,6114748635,4,3955,5900,514839389552660,226214546436388,976521840461755,303260448055430,0.761,4.623,5.866,6.367,0.0,91.634,170.215,292.051
4762,Minneapolis,MN,44.8946492,-93.0822544,9073318970,3,3955,5900,167543805194226,259601056913166,286654703847536,462850741442979,11.797,1.528,5.33,1.934,0.0,94.363,145.007,270.158
4763,Minneapolis,MN,44.8947889,-93.0820604,9073318968,3,3955,5900,672573021306083,345411321144399,754289809805936,334908671346154,15.726,17.83,21.217,14.073,45.0,88.12,135.0,270.157
4764,Minneapolis,MN,44.8954801,-93.0803311,8292885035,3,3955,5900,1027313838439845,1938414429838887,891530498710908,968591214123860,18.496,17.611,17.611,20.503,1.522,45.0,180.0,315.0
4765,Minneapolis,MN,44.8954803,-93.0802644,8266432292,3,3955,5900,1027313838439845,1938414429838887,891530498710908,968591214123860,23.741,22.864,22.864,25.686,1.522,45.0,180.0,315.0
4766,Minneapolis,MN,44.8954859,-93.0805391,6860424839,3,3955,5900,798699471983403,1938414429838887,891530498710908,706368044280229,2.3,1.645,1.645,3.666,2.108,45.0,180.0,319.5
4767,Minneapolis,MN,44.8956381,-93.0802644,8266432291,3,3955,5900,192178357198795,1131243010907099,211582144776694,111718088407646,23.289,22.13,22.13,24.168,1.522,49.5,184.5,315.0
4768,Minneapolis,MN,44.8958016,-93.0809472,9073318962,3,3955,5900,1176732070384207,1557540241418436,927911644697640,878134826692447,30.585,32.785,21.252,29.665,0.507,49.5,180.372,315.0
4769,Minneapolis,MN,44.895808,-93.0802713,8266432290,3,3955,5900,1176732070384207,1557540241418436,906805560451153,878134826692447,22.79,22.155,21.056,23.626,0.507,49.5,180.0,315.0
4770,Minneapolis,MN,44.8959515,-93.0825111,7065982440,3,3955,5900,470887864181043,944010903619222,3185327641761080,1382284145667014,11.944,2.407,3.538,3.704,0.241,135.0,180.0,225.0
4771,Minneapolis,MN,44.8959606,-93.0802321,6117287661,3,3955,5900,316825930922868,1404082587009921,1166837594198620,1195845194658195,25.411,24.159,24.159,26.712,1.522,45.0,180.0,315.0
4772,Minneapolis,MN,44.8960491,-93.0806899,7176583034,3,3955,5900,3626739940982543,141073492139737,469318317511373,569357855235761,11.091,12.54,6.068,9.607,2.504,49.5,180.473,315.0
4773,Minneapolis,MN,44.896126,-93.0805447,6860424838,3,3955,5900,132086523301916,3311693065826892,521313023423959,1399665827443998,1.29,1.333,1.333,1.482,3.041,49.5,184.5,319.5
4774,Minneapolis,MN,44.8961273,-93.0806899,6860412554,3,3955,5900,610118277873009,3311693065826892,469318317511373,1399665827443998,11.603,12.771,2.859,10.284,2.535,49.5,180.473,319.5
4775,Minneapolis,MN,44.896356,-93.0806984,6860412553,3,3955,5900,832371038479646,1331844641085466,2129413347188641,6164769313631666,13.062,15.383,3.752,12.597,1.485,49.5,178.96,315.0
4776,Minneapolis,MN,44.8964432,-93.0826387,4463824046,3,3955,5900,305363960996819,3340806526187018,6407517409303741,6352460421507366,10.778,6.637,6.634,6.581,356.026,135.0,179.022,225.0
4777,Minneapolis,MN,44.8967545,-93.0807329,6860412515,3,3955,5900,315487090840924,116185751251039,502150987719489,187068273932392,15.385,17.906,3.866,15.313,359.48,45.0,177.129,315.0
4778,Minneapolis,MN,44.8970235,-93.0805949,7648112384,3,3955,5900,768280151724505,160218216793643,207425011782238,174232972012009,4.955,8.357,9.417,4.504,2.318,49.764,180.0,315.0
4779,Minneapolis,MN,44.8971616,-93.0807356,6860412552,3,3955,5900,1501371014009998,704577627793177,1005116693622203,1163683221014321,16.401,20.068,12.034,17.01,1.764,50.396,179.094,315.0
4780,Minneapolis,MN,44.8971697,-93.0822722,7631451334,4,3955,5900,1966418113535084,535870852004651,962395108198206,237701575694310,20.332,23.585,23.424,23.234,359.718,135.0,180.0,233.064
4781,Minneapolis,MN,44.8977944,-93.0784425,7150784744,3,3955,5900,516241143969149,302075965806170,725953145797073,600340218589850,22.759,19.373,18.142,18.142,41.634,90.0,135.0,270.0
4782,Minneapolis,MN,44.8979153,-93.0807411,7176583047,4,3955,5900,1081004802867437,934451084014334,144264384350579,166656032363947,17.666,12.529,8.242,18.098,4.5,86.778,181.468,279.688
4783,Minneapolis,MN,44.8979159,-93.0805905,7176583004,4,3955,5900,653599239900908,209526971550973,899561538022514,166656032363947,6.968,10.514,10.177,8.398,358.365,70.279,180.0,279.688
4784,Minneapolis,MN,44.8979373,-93.0838059,6580443820,4,3955,5900,237864025249750,1032948931397412,651746996818021,2381371662067728,9.876,5.687,5.27,23.884,45.0,90.632,135.0,273.703
4785,Minneapolis,MN,44.8979723,-93.0784417,7150784747,4,3955,5900,691482299431915,662834572177542,725953145797073,600340218589850,2.11,0.939,1.834,1.834,48.108,92.128,135.0,270.0
4786,Minneapolis,MN,44.8979819,-93.0796571,9532366665,3,3955,5900,3269215766649781,611936774388254,184283927626087,886847579102208,1.003,1.675,1.456,1.456,45.0,90.0,135.0,270.0
4787,Minneapolis,MN,44.8979856,-93.0804467,7176583038,4,3955,5900,727628448991465,161649545908212,899561538022514,199456519330758,5.669,5.74,11.296,5.095,1.737,87.135,180.0,234.784
4788,Minneapolis,MN,44.8979871,-93.0808751,7176582997,4,3955,5900,378098320234277,162519345815170,655112892021325,1303532110104458,23.46,5.882,12.991,27.765,0.0,91.682,194.475,278.902
4789,Minneapolis,MN,44.8980073,-93.0767143,7150784746,3,3955,5900,711964220336680,824295865765271,895349004872168,564158015627802,2.394,4.725,6.402,6.402,45.0,89.337,135.0,270.0
4790,Minneapolis,MN,44.8980377,-93.0838079,4463824040,3,3955,5900,237864025249750,1141521877144672,651746996818021,2381371662067728,1.473,4.434,6.058,12.832,45.0,91.319,135.0,273.703
4791,Minneapolis,MN,44.8980396,-93.0842408,6865902354,3,3955,5900,734173311744812,1012418783539812,931292124603269,1048749736767880,1.533,4.557,6.322,11.14,45.0,86.832,135.0,270.371
4792,Minneapolis,MN,44.8982484,-93.0842394,6865902356,4,3955,5900,871726655003788,722667109985952,1193561445223683,1048749736767880,15.281,1.334,17.287,12.831,13.019,94.619,183.857,270.371
4793,Minneapolis,MN,44.898517,-93.0825343,7631451328,3,3955,5900,1062929788535495,1030616951808213,376680138796140,439683665719161,3.933,32.862,13.651,29.417,1.117,42.872,179.803,278.724
4794,Minneapolis,MN,44.8985771,-93.0777384,4463799848,4,3955,5900,326557032184354,135210611975480,929661864533670,155753313170505,7.2,9.696,21.617,19.951,0.0,87.665,232.536,271.754
4795,Minneapolis,MN,44.8986214,-93.0784516,4463799844,3,3955,5900,531958881160249,4661396967281779,530010764663463,761756591196960,8.017,18.668,7.698,11.087,0.0,85.569,234.074,256.618
4796,Minneapolis,MN,44.8987028,-93.0829714,6865902349,3,3955,5900,512362431201215,1030616951808213,862339395957325,439683665719161,2.688,12.211,9.95,11.505,1.468,42.872,184.197,278.724
4797,Minneapolis,MN,44.898706,-93.0825337,7631451323,3,3955,5900,1047421753726698,1030616951808213,783061200567733,439683665719161,2.534,34.003,14.194,23.456,1.146,42.872,179.664,278.724
4798,Minneapolis,MN,44.8989256,-93.0850097,6865902340,3,3955,5900,841825537614215,1108470967649714,417850327966407,1920573528458041,1.569,17.639,30.497,6.761,28.935,101.561,205.717,296.952
4799,Minneapolis,MN,44.899005,-93.0829681,6865902345,3,3955,5900,481539104736815,475422035347953,1241131737320187,2270219626656685,7.017,29.96,8.913,20.924,7.402,89.774,182.116,269.061
4800,Minneapolis,MN,44.8903053,-93.0703927,186818707,4,3956,5900,319536629561024,1140504616421843,510838460329205,851175632415795,3.973,6.653,7.606,17.583,4.938,104.509,186.431,302.493
4801,Minneapolis,MN,44.8903685,-93.0726598,7017183618,4,3956,5900,777705426470171,5471012762972696,191262392854575,751793195455196,17.202,8.143,34.321,14.745,301.007,100.336,126.665,290.145
4802,Minneapolis,MN,44.8904181,-93.0703947,186818728,4,3956,5900,475746847017068,966195164130355,510838460329205,851175632415795,3.007,19.768,19.422,5.057,339.17,90.0,186.431,302.493
4803,Minneapolis,MN,44.890489,-93.0726304,7017183617,3,3956,5900,777705426470171,5471012762972696,191262392854575,751793195455196,6.574,16.842,32.381,7.912,301.007,100.336,126.665,290.145
4804,Minneapolis,MN,44.8907451,-93.0733746,186815970,4,3956,5900,1842222305953377,1141871896331199,1141871896331199,1842222305953377,16.138,6.39,6.39,16.138,316.237,135.148,135.148,316.237
4805,Minneapolis,MN,44.8908295,-93.0732699,186815972,4,3956,5900,1842222305953377,1141871896331199,1141871896331199,1842222305953377,5.61,14.086,14.086,5.61,316.237,135.148,135.148,316.237
4806,Minneapolis,MN,44.8909439,-93.0736519,7165836418,3,3956,5900,296196408831978,835354080396276,835354080396276,296196408831978,17.695,5.487,5.487,17.695,318.123,135.675,135.675,318.123
4807,Minneapolis,MN,44.8911809,-93.0739825,7262717210,3,3956,5900,219704423297092,1394205764284936,1394205764284936,219704423297092,15.301,1.296,1.296,15.301,314.478,134.105,134.105,314.478
4808,Minneapolis,MN,44.8914398,-93.0743438,6119110672,3,3956,5900,466904107899675,3943858942318142,3943858942318142,466904107899675,13.884,6.019,6.019,13.884,315.989,136.097,136.097,315.989
4809,Minneapolis,MN,44.8915163,-93.07421,6119110671,4,3956,5900,466904107899675,3943858942318142,3943858942318142,466904107899675,2.618,14.139,14.139,2.618,315.989,136.097,136.097,315.989
4810,Minneapolis,MN,44.8915358,-93.0744777,6119110660,3,3956,5900,522243685465226,3004590459863258,3004590459863258,522243685465226,14.631,4.889,4.889,14.631,317.011,135.676,135.676,317.011
4811,Minneapolis,MN,44.8916126,-93.0743419,6119110661,4,3956,5900,522243685465226,3004590459863258,3004590459863258,522243685465226,4.468,14.011,14.011,4.468,317.011,135.676,135.676,317.011
4812,Minneapolis,MN,44.8918669,-93.0749697,6119110673,4,3956,5900,328239562212595,186932729955665,186932729955665,328239562212595,14.873,4.842,4.842,14.873,307.212,123.669,123.669,307.212
4813,Minneapolis,MN,44.89196,-93.0748452,6119110674,4,3956,5900,328239562212595,186932729955665,488357822450794,328239562212595,1.735,13.875,15.989,1.735,307.212,123.669,134.686,307.212
4814,Minneapolis,MN,44.8920705,-93.0751328,186818735,3,3956,5900,328239562212595,943132069857344,186932729955665,859757454603993,27.506,13.555,21.195,3.855,307.212,107.041,123.669,292.246
4815,Minneapolis,MN,44.8976977,-93.0747387,7634186787,3,3956,5900,1927223760950797,959829701743403,725332328997309,3599350936986019,32.823,29.12,26.403,26.403,45.0,90.0,135.0,270.0
4816,Minneapolis,MN,44.897743,-93.0688925,4463800574,3,3956,5900,716420830085568,317065544044843,6370047359690653,738584244356747,23.48,21.795,19.27,19.27,41.892,91.315,137.886,272.886
4817,Minneapolis,MN,44.8978097,-93.0714233,6759860930,3,3956,5900,1263305904222137,307613851797286,3388300628092135,1647231719027293,1.24,0.343,2.92,2.92,40.516,80.864,145.007,280.007
4818,Minneapolis,MN,44.8978339,-93.0716907,6759860917,3,3956,5900,1219927498733544,1288952315076470,871123670775855,2141425846248232,15.835,0.654,2.209,2.209,58.24,113.251,154.439,289.439
4819,Minneapolis,MN,44.8978372,-93.0713756,6759860931,3,3956,5900,1373514306750826,1730613660702241,580712807403589,942234686769090,2.312,2.405,6.551,6.192,40.516,76.922,145.007,265.516
4820,Minneapolis,MN,44.8978707,-93.0717283,6759860914,3,3956,5900,1219927498733544,1172765126726340,1435636897187868,1212910935992217,10.979,2.464,0.518,0.518,58.24,66.412,154.439,289.439
4821,Minneapolis,MN,44.8978753,-93.0665396,1137030169,3,3956,5900,580831013539131,241724971631529,130372703272027,1146887289304793,1.639,2.349,13.141,9.243,25.561,73.169,146.402,264.242
4822,Minneapolis,MN,44.897876,-93.0668881,1137030108,3,3956,5900,595065185783488,867383207920322,8729812273757605,519558066721950,4.854,1.823,2.79,2.79,58.24,70.2,156.966,291.966
4823,Minneapolis,MN,44.8978866,-93.0654954,1137030133,3,3956,5900,232381155800234,572814874893490,3440386612953657,5656933257748913,12.544,0.699,0.183,0.183,55.007,66.412,158.805,293.805
4824,Minneapolis,MN,44.8978869,-93.0602184,13673528113,4,3956,5900,1853183948379829,6485483588217511,226768203025600,1411976519337297,10.927,5.729,4.484,4.484,45.0,90.785,135.0,270.0
4825,Minneapolis,MN,44.8978883,-93.0621183,13673528108,4,3956,5900,917540215915718,165335139917531,703415397932716,134644116162367,12.437,11.923,5.997,5.997,41.892,91.446,135.0,270.0
4826,Minneapolis,MN,44.8979564,-93.0708662,6759860936,3,3956,5900,538610411667504,192226610392706,911610590029242,1587782871697246,5.111,5.558,11.07,8.392,33.044,81.634,126.965,254.233
4827,Minneapolis,MN,44.8979595,-93.057659,186811705,3,3956,5900,204096978789969,589850509145436,151593331062186,2897920527114349,6.12,4.211,9.328,3.462,15.547,99.784,190.042,271.29
4828,Minneapolis,MN,44.8979598,-93.0678535,186773891,4,3956,5900,681955666955979,301550502526882,1602031780232359,508729034659126,1.119,3.655,5.337,5.337,45.0,93.81,135.0,270.0
4829,Minneapolis,MN,44.8979706,-93.0721765,6759860902,3,3956,5900,157985383695985,694305175848617,1336789430416608,568350608513020,1.956,4.436,7.82,7.82,49.037,92.852,135.0,270.0
4830,Minneapolis,MN,44.8979844,-93.0693747,8034810147,3,3956,5900,920681032424134,314146921075531,637748285020421,568307345211057,4.06,5.518,7.329,7.329,45.0,89.32,135.0,270.0
4831,Minneapolis,MN,44.8979864,-93.069543,4463800570,3,3956,5900,565502358938823,306302148653036,204894178754149,572808551435106,4.359,5.967,7.448,7.448,45.0,88.618,135.0,270.0
4832,Minneapolis,MN,44.8979864,-93.0694965,186739411,3,3956,5900,189208833711077,966228607822636,505719615085701,1434310740310219,4.345,5.957,7.452,7.452,45.0,88.641,135.0,270.0
4833,Minneapolis,MN,44.8979891,-93.0731538,7059756565,3,3956,5900,917448652763817,1339504746969081,1673549583104329,858446582115654,1.565,4.407,7.813,7.813,45.0,92.629,135.0,270.0
4834,Minneapolis,MN,44.8979931,-93.0713306,6759860943,3,3956,5900,1504944983363151,2562464803930209,714314920196035,217456457356222,19.081,18.433,26.386,23.099,27.583,75.688,162.896,265.516
4835,Minneapolis,MN,44.8980004,-93.073468,1119602276,3,3956,5900,922036639216067,1462508314536779,1212393666319407,519954213576449,3.166,5.272,9.015,9.015,45.0,91.838,135.0,270.0
4836,Minneapolis,MN,44.8980034,-93.0745536,6860125544,3,3956,5900,741597657168054,239016072438547,863798808164059,192239916739778,2.827,5.114,7.68,7.68,47.694,90.0,135.0,270.0
4837,Minneapolis,MN,44.8980039,-93.07473,6860125541,3,3956,5900,225459659827683,597439905922107,208320655046094,3075121615967806,1.458,5.223,7.906,7.906,47.694,88.784,135.0,270.0
4838,Minneapolis,MN,44.898006,-93.07551,186773885,3,3956,5900,514733787396139,848493503277458,141110938807175,617679166858550,2.882,6.284,8.0,8.0,47.886,88.736,135.0,270.0
4839,Minneapolis,MN,44.8980061,-93.0756325,12037036645,4,3956,5900,876479733564130,3589221058065703,209559951643670,515897380693961,2.041,6.292,8.415,8.015,47.886,91.225,137.886,270.0
4840,Minneapolis,MN,44.898028,-93.0665256,1137030156,3,3956,5900,213937531091644,263361706630553,224255712458459,1146887289304793,15.117,18.155,30.347,26.194,25.561,73.824,184.568,264.242
4841,Minneapolis,MN,44.8980432,-93.0651369,1137030106,3,3956,5900,6552726458154569,260812240136505,695932785510471,350291046524273,2.836,2.454,24.534,3.2,32.519,78.549,145.007,279.75
4842,Minneapolis,MN,44.8980482,-93.0654727,1137030144,3,3956,5900,491403182064155,804039281263803,476725464482187,857366102214943,15.89,3.341,17.644,17.39,319.35,78.549,158.805,283.24
4843,Minneapolis,MN,44.8980508,-93.0716885,6759860903,3,3956,5900,1219927498733544,886065432516602,197624769607155,3247560332159907,18.361,17.368,20.707,20.517,58.24,66.412,154.439,283.24
4844,Minneapolis,MN,44.8980532,-93.0668785,1137030162,3,3956,5900,1613688312392673,736182987810758,748441760042485,709839543959716,18.411,17.376,21.754,22.745,50.758,70.2,156.966,275.042
4845,Minneapolis,MN,44.8980567,-93.0713912,6759858761,3,3956,5900,1504944983363151,666494468740532,210893971497050,942234686769090,27.326,27.921,30.134,30.575,27.583,87.043,162.896,265.516
4846,Minneapolis,MN,44.8980801,-93.0716301,6759860898,3,3956,5900,1219927498733544,707878207459823,1435636897187868,3247560332159907,23.883,22.809,25.053,25.365,58.24,71.756,154.439,283.24
4847,Minneapolis,MN,44.8980955,-93.0652351,1137030176,3,3956,5900,6552726458154569,202646716132923,1218762752350160,479062693329912,9.096,4.818,29.584,3.865,32.519,78.549,158.805,293.35
4848,Minneapolis,MN,44.8981045,-93.0667677,1137030101,3,3956,5900,214903707684966,1699916390523074,1286444598587675,709839543959716,29.18,30.483,31.378,32.801,25.561,88.811,164.452,275.042
4849,Minneapolis,MN,44.899744,-93.057669,186796492,4,3956,5900,965111831220631,1110562302961909,562064149313849,1332111837611692,3.285,5.134,5.134,3.756,4.673,45.0,180.0,315.0
4850,Minneapolis,MN,44.9009584,-93.057669,5747579885,3,3956,5900,202471416149175,1942325889446514,872867133987613,568378808510016,1.231,5.952,5.952,1.3,358.691,50.778,185.778,315.0
4851,Minneapolis,MN,44.901404,-93.0645653,12037036615,3,3956,5900,808369570064999,581733430167229,125099330246964,595493255752118,10.199,26.361,26.453,27.545,10.79,95.043,230.758,265.267
4852,Minneapolis,MN,44.9014261,-93.0646764,7189343492,4,3956,5900,808369570064999,581733430167229,215288340956131,595493255752118,1.281,28.386,33.513,27.316,10.79,95.043,164.181,265.267
4853,Minneapolis,MN,44.9015133,-93.0645304,12037036617,4,3956,5900,107994411392653,581733430167229,125099330246964,595493255752118,12.38,14.044,15.281,15.305,2.44,95.043,230.758,265.267
4854,Minneapolis,MN,44.901539,-93.059577,186832182,4,3956,5900,1551289595368219,558681129526702,2449038011914690,2576237755872315,2.155,2.155,1.248,2.73,315.0,90.0,225.0,268.756
4855,Minneapolis,MN,44.9015425,-93.0627865,186786758,5,3956,5900,503396558614665,1127889851240461,197542162943567,651184513653953,1.668,1.668,0.389,2.344,315.0,90.0,225.0,270.0
4856,Minneapolis,MN,44.901544,-93.06021,186779219,3,3956,5900,569309148550592,1856319161401243,858597568733080,311209587981626,1.337,1.337,2.07,1.98,315.0,90.0,225.0,269.06
4857,Minneapolis,MN,44.901547,-93.061494,186762744,3,3956,5900,587751282778637,142833488622329,723670262602669,213965268003310,1.258,1.258,2.739,1.05,315.0,90.0,225.0,267.795
4858,Minneapolis,MN,44.901548,-93.060844,186779234,3,3956,5900,1392627728232355,554655443272576,1905026516514858,1030052281517306,0.887,0.887,2.748,1.628,315.0,90.0,225.0,271.617
4859,Minneapolis,MN,44.9015484,-93.0575912,10863727605,4,3956,5900,163874133076047,555664163159038,707422604197919,1266942980558246,6.791,6.8,8.54,11.28,1.637,117.898,180.0,260.218
4860,Minneapolis,MN,44.901549,-93.057669,186811706,4,3956,5900,163874133076047,572071111496612,707422604197919,1888614274814795,7.42,5.596,9.883,7.38,1.637,105.767,180.0,260.218
4861,Minneapolis,MN,44.9015502,-93.0646492,186726643,4,3956,5900,107994411392653,581733430167229,215288340956131,595493255752118,2.606,17.509,19.644,14.289,2.44,95.043,164.181,265.267
4862,Minneapolis,MN,44.901553,-93.058944,186825878,3,3956,5900,588506516045723,1054620575497421,154237334084559,1747983802310568,1.759,1.759,4.725,1.328,326.403,101.403,229.485,275.97
4863,Minneapolis,MN,44.9015827,-93.0645306,12037036618,4,3956,5900,3602874096608415,581733430167229,215288340956131,595493255752118,9.341,7.745,18.55,7.594,350.218,95.043,164.181,265.267
4864,Minneapolis,MN,44.9015872,-93.0640467,6892931187,3,3956,5900,2481889428640673,243663884654202,123960553722645,968136281139592,1.592,1.592,0.956,1.202,323.036,98.036,233.036,276.542
4865,Minneapolis,MN,44.9016044,-93.0575809,5747579856,4,3956,5900,163874133076047,572071111496612,707422604197919,1888614274814795,12.982,14.693,14.819,16.558,1.637,105.767,180.0,260.218
4866,Minneapolis,MN,44.9016091,-93.0576691,10863690504,4,3956,5900,3371533606443267,572071111496612,707422604197919,1664523604051935,9.656,10.257,16.014,11.742,342.898,105.767,180.0,279.615
4867,Minneapolis,MN,44.9016128,-93.0595828,12037036595,4,3956,5900,1551289595368219,558681129526702,2449038011914690,2576237755872315,6.358,6.358,8.885,5.49,315.0,90.0,225.0,268.756
4868,Minneapolis,MN,44.9016151,-93.0589439,12037036606,4,3956,5900,588506516045723,1054620575497421,724805445976161,1747983802310568,7.993,7.993,19.44,5.776,326.403,101.403,180.0,275.97
4869,Minneapolis,MN,44.9016155,-93.0602104,12037036607,4,3956,5900,569309148550592,1856319161401243,858597568733080,311209587981626,6.634,6.634,10.011,6.799,315.0,90.0,225.0,269.06
4870,Minneapolis,MN,44.9016186,-93.0627854,12037036609,4,3956,5900,523367759786424,1127889851240461,197542162943567,651184513653953,7.091,7.006,8.668,6.709,318.367,90.0,225.0,270.0
4871,Minneapolis,MN,44.9016186,-93.0614939,12037036608,4,3956,5900,587751282778637,142833488622329,723670262602669,213965268003310,7.017,7.017,10.441,6.983,315.0,90.0,225.0,267.795
4872,Minneapolis,MN,44.9016316,-93.0640478,12037036610,4,3956,5900,2481889428640673,243663884654202,123960553722645,968136281139592,3.35,3.35,5.885,3.792,323.036,98.036,233.036,276.542
4873,Minneapolis,MN,44.9016661,-93.0645309,12037036605,3,3956,5900,3602874096608415,586189650028536,215288340956131,595493255752118,3.003,1.749,11.504,1.749,350.218,109.44,164.181,265.267
