point_id,metro,state,lat,lon,osmid,street_count,tile_x,tile_y,image_id_0,image_id_90,image_id_180,image_id_270,dist_m_0,dist_m_90,dist_m_180,dist_m_270,compass_angle_0,compass_angle_90,compass_angle_180,compass_angle_270
0,Pittsburgh,PA,40.4977597,-80.06967,11778690517,3,4547,6172,4087189487986622,1133925230413204,1133925230413204,145307754279446,5.998,4.671,4.671,1.725,343.404,137.887,137.887,324.136
1,Pittsburgh,PA,40.4978239,-80.069745,11766835358,3,4547,6172,4087189487986622,866130867275197,756060345078560,188570436451658,3.849,8.835,5.486,7.521,343.404,56.489,138.221,318.653
2,Pittsburgh,PA,40.4990115,-80.0714608,7738506138,3,4547,6172,587634672154355,4012819575471524,310840913864448,917303752450852,1.878,11.127,2.45,6.879,315.402,98.849,237.891,256.781
3,Pittsburgh,PA,40.4990662,-80.0711965,7738506135,3,4547,6172,541239230228701,520539318985593,282668686884839,338120691072915,6.409,5.115,6.571,7.11,31.106,40.135,216.795,228.156
4,Pittsburgh,PA,40.4990937,-80.0715367,7738506114,3,4547,6172,924604798379330,502751764098228,502751764098228,924604798379330,0.743,10.679,10.679,0.743,315.186,130.593,130.593,315.186
5,Pittsburgh,PA,40.4991196,-80.0712838,7738506137,4,4547,6172,541239230228701,520539318985593,282668686884839,338120691072915,7.342,7.177,4.605,4.098,31.106,40.135,216.795,228.156
6,Pittsburgh,PA,40.4991821,-80.0714106,7738506131,3,4547,6172,814970242768564,502751764098228,282668686884839,814970242768564,5.621,17.396,16.821,5.621,310.152,130.593,216.795,310.152
7,Pittsburgh,PA,40.4993948,-80.0708911,7738506133,4,4547,6172,1773012126216235,240841921127792,816430295924007,1773012126216235,2.306,12.287,12.434,2.306,324.938,30.207,208.771,324.938
8,Pittsburgh,PA,40.4994111,-80.0720344,7738506115,4,4547,6172,319929436194121,3069508326649992,3069508326649992,319929436194121,3.133,4.722,4.722,3.133,313.95,131.133,131.133,313.95
9,Pittsburgh,PA,40.4994272,-80.070996,11766835362,4,4547,6172,782040066010585,240841921127792,582110019443196,582110019443196,2.549,7.568,0.283,0.283,344.577,30.207,233.116,233.116
10,Pittsburgh,PA,40.4997425,-80.0725419,11793907315,4,4547,6172,1022501631616981,2912237222438520,2912237222438520,1022501631616981,6.1,0.68,0.68,6.1,312.727,130.402,130.402,312.727
11,Pittsburgh,PA,40.4971221,-80.0588487,12849992980,3,4548,6172,906074803289944,913482692798066,913482692798066,3053388874891126,16.865,6.392,6.392,8.233,305.741,122.156,122.156,271.108
12,Pittsburgh,PA,40.4971713,-80.0588074,12849992978,4,4548,6172,906074803289944,913482692798066,913482692798066,3053388874891126,13.986,0.791,0.791,2.129,305.741,122.156,122.156,271.108
13,Pittsburgh,PA,40.4972284,-80.0587594,12849992979,3,4548,6172,906074803289944,913482692798066,913482692798066,3053388874891126,14.073,7.721,7.721,6.066,305.741,122.156,122.156,271.108
14,Pittsburgh,PA,40.4974186,-80.0596415,3508237783,3,4548,6172,746510612704228,480398706564808,480398706564808,470227794207003,20.046,14.452,14.452,18.583,314.346,123.086,123.086,299.348
15,Pittsburgh,PA,40.4974473,-80.0591931,4328261694,3,4548,6172,477587593454453,1274831292914068,1274831292914068,477587593454453,7.872,8.738,8.738,7.872,324.191,122.702,122.702,324.191
16,Pittsburgh,PA,40.4974787,-80.0595672,4328261695,4,4548,6172,746510612704228,1486641051687583,1486641051687583,470227794207003,11.703,5.559,5.559,9.412,314.346,123.044,123.044,299.348
17,Pittsburgh,PA,40.4975046,-80.0593038,11785018982,3,4548,6172,312909556887388,516863232787726,516863232787726,312909556887388,7.216,9.167,9.167,7.216,306.105,122.83,122.83,306.105
18,Pittsburgh,PA,40.4975174,-80.0595195,3508237782,3,4548,6172,746510612704228,1486641051687583,1486641051687583,470227794207003,7.457,0.543,0.543,3.515,314.346,123.044,123.044,299.348
19,Pittsburgh,PA,40.4975644,-80.0599445,3508237785,3,4548,6172,249012676995340,807824690111627,807824690111627,763259491222635,17.837,16.642,16.642,18.909,302.456,123.264,123.264,293.554
20,Pittsburgh,PA,40.4976221,-80.0592695,3508243537,4,4548,6172,746510612704228,177285167641244,177285167641244,470227794207003,19.038,21.587,21.587,20.858,314.346,122.915,122.915,299.348
21,Pittsburgh,PA,40.4976277,-80.0597469,3508243542,3,4548,6172,212532513777515,807824690111627,807824690111627,763259491222635,10.393,1.583,1.583,5.291,301.784,123.264,123.264,293.554
22,Pittsburgh,PA,40.4976308,-80.0598795,4328261697,4,4548,6172,249012676995340,807824690111627,807824690111627,763259491222635,8.944,9.643,9.643,10.241,302.456,123.264,123.264,293.554
23,Pittsburgh,PA,40.4976723,-80.0598388,3508237784,3,4548,6172,249012676995340,807824690111627,807824690111627,763259491222635,4.147,7.998,7.998,5.738,302.456,123.264,123.264,293.554
24,Pittsburgh,PA,40.4976929,-80.0596973,4328261699,4,4548,6172,212532513777515,807824690111627,807824690111627,763259491222635,10.969,9.35,9.35,6.661,301.784,123.264,123.264,293.554
25,Pittsburgh,PA,40.4977149,-80.0600871,4328261701,4,4548,6172,2959801067564706,807824690111627,807824690111627,786432838926211,11.069,28.899,28.899,11.503,307.828,123.264,123.264,301.717
26,Pittsburgh,PA,40.4977693,-80.0600388,4072391402,4,4548,6172,2959801067564706,807824690111627,807824690111627,786432838926211,4.601,28.017,28.017,5.103,307.828,123.264,123.264,301.717
27,Pittsburgh,PA,40.4978312,-80.0599877,4328261702,3,4548,6172,2959801067564706,807824690111627,807824690111627,786432838926211,5.952,29.488,29.488,5.58,307.828,123.264,123.264,301.717
28,Pittsburgh,PA,40.4978492,-80.0600236,11784011664,3,4548,6172,786432838926211,807824690111627,807824690111627,786432838926211,4.462,32.981,32.981,4.462,301.717,123.264,123.264,301.717
29,Pittsburgh,PA,40.4976006,-80.01913,5010207469,3,4550,6172,851322285509433,393756715052322,201735781766506,851322285509433,9.828,7.013,6.289,9.828,301.308,134.906,141.304,301.308
30,Pittsburgh,PA,40.4806185,-80.0684573,107636307,3,4547,6173,1680602775480091,806135276765601,806135276765601,26513526328254709,11.349,4.786,4.786,7.601,325.66,149.924,149.924,296.0
31,Pittsburgh,PA,40.4807148,-80.0685338,105118791,3,4547,6173,1680602775480091,806135276765601,806135276765601,1680602775480091,1.248,8.412,8.412,1.248,325.66,149.924,149.924,325.66
32,Pittsburgh,PA,40.4816824,-80.0693883,4712563636,3,4547,6173,516554786123938,544603213349138,544603213349138,1286984283487759,5.577,8.701,8.701,11.881,325.471,144.89,144.89,295.0
33,Pittsburgh,PA,40.4861409,-80.0533342,106052373,3,4548,6173,109803824529264,484425062804998,484425062804998,109803824529264,9.772,14.674,14.674,9.772,310.792,130.341,130.341,310.792
34,Pittsburgh,PA,40.4862148,-80.054012,4541601430,3,4548,6173,119828490152449,319133086397923,319133086397923,119828490152449,8.91,3.783,3.783,8.91,308.717,128.49,128.49,308.717
35,Pittsburgh,PA,40.4862721,-80.0539564,4210919625,4,4548,6173,119828490152449,4210910762266470,4210910762266470,119828490152449,1.407,1.342,1.342,1.407,308.717,131.582,131.582,308.717
36,Pittsburgh,PA,40.4862725,-80.0541312,4541601431,3,4548,6173,329940965141832,300209788360326,300209788360326,329940965141832,10.366,3.78,3.78,10.366,307.729,126.339,126.339,307.729
37,Pittsburgh,PA,40.4863268,-80.0539032,4541601425,3,4548,6173,1151257205354175,4210910762266470,4210910762266470,275331731002434,12.642,7.373,7.373,2.027,0.0,131.582,131.582,308.794
38,Pittsburgh,PA,40.4863606,-80.0539504,4210919627,4,4548,6173,1151257205354175,771635563537162,771635563537162,288689189343012,9.587,7.722,7.722,0.955,0.0,131.614,131.614,308.912
39,Pittsburgh,PA,40.4863963,-80.0540002,4541601437,3,4548,6173,1151257205354175,2860662184149279,2860662184149279,1418818245139746,9.24,8.009,8.009,0.996,0.0,131.676,131.676,308.971
40,Pittsburgh,PA,40.4864425,-80.0537724,5716577447,4,4548,6173,1151257205354175,184899766877627,948478782389470,185895853289814,11.439,18.218,15.293,9.006,0.0,130.519,177.63,228.665
41,Pittsburgh,PA,40.486478,-80.0538073,107555425,3,4548,6173,1151257205354175,852092535384993,948478782389470,185895853289814,9.457,16.416,12.18,4.455,0.0,138.367,177.63,228.665
42,Pittsburgh,PA,40.4865939,-80.0536658,104535071,3,4548,6173,1151257205354175,852092535384993,948478782389470,185895853289814,26.635,10.134,7.477,14.908,0.0,138.367,177.63,228.665
43,Pittsburgh,PA,40.4866228,-80.0537053,4541601432,4,4548,6173,1151257205354175,852092535384993,948478782389470,185895853289814,26.532,6.225,6.26,14.694,0.0,138.367,177.63,228.665
44,Pittsburgh,PA,40.4869708,-80.0549579,4541601439,3,4548,6173,1237963529952744,333187058162294,165708215562796,1237963529952744,1.58,6.492,6.742,1.58,310.329,131.034,132.591,310.329
45,Pittsburgh,PA,40.4870774,-80.0551316,4541601440,4,4548,6173,157955656335998,1176426429539444,847652499507340,378310583529538,1.87,7.072,7.044,1.523,312.049,131.106,132.779,310.559
46,Pittsburgh,PA,40.4872548,-80.0553863,4541601441,3,4548,6173,632549484812952,1650005538518669,1650005538518669,632549484812952,1.402,6.608,6.608,1.402,310.911,131.233,131.233,310.911
47,Pittsburgh,PA,40.4872686,-80.0545861,104535074,3,4548,6173,857427111510752,388298379017103,1181386745665207,841888846406391,30.653,9.56,2.127,5.581,28.682,135.417,153.743,217.494
48,Pittsburgh,PA,40.4873002,-80.0560775,13363424175,3,4548,6173,208674554205161,288342712964651,288342712964651,208674554205161,31.849,22.783,22.783,31.849,314.013,133.179,133.179,314.013
49,Pittsburgh,PA,40.4873177,-80.0558266,13363424190,3,4548,6173,318873709697255,288342712964651,288342712964651,318873709697255,15.762,7.726,7.726,15.762,313.576,133.179,133.179,313.576
50,Pittsburgh,PA,40.4873436,-80.0558012,13363424187,4,4548,6173,318873709697255,288342712964651,288342712964651,318873709697255,12.237,5.542,5.542,12.237,313.576,133.179,133.179,313.576
51,Pittsburgh,PA,40.4873497,-80.0560134,13363424169,3,4548,6173,208674554205161,288342712964651,288342712964651,208674554205161,24.398,15.772,15.772,24.398,314.013,133.179,133.179,314.013
52,Pittsburgh,PA,40.4873908,-80.055963,13363424173,3,4548,6173,208674554205161,288342712964651,288342712964651,208674554205161,18.607,10.963,10.963,18.607,314.013,133.179,133.179,314.013
53,Pittsburgh,PA,40.4874059,-80.0559427,13363424191,3,4548,6173,208674554205161,225108805684195,225108805684195,208674554205161,16.42,9.305,9.305,16.42,314.013,133.166,133.166,314.013
54,Pittsburgh,PA,40.4874261,-80.0559156,13363424170,4,4548,6173,208674554205161,225108805684195,225108805684195,208674554205161,13.612,6.149,6.149,13.612,314.013,133.166,133.166,314.013
55,Pittsburgh,PA,40.4874618,-80.0562967,13363424174,3,4548,6173,524266718732369,206686347763741,206686347763741,1950246011790759,31.145,22.161,22.161,30.926,313.893,133.482,133.482,312.204
56,Pittsburgh,PA,40.4875121,-80.05623,13363424166,4,4548,6173,524266718732369,206686347763741,206686347763741,1950246011790759,23.207,15.286,15.286,23.144,313.893,133.482,133.482,312.204
57,Pittsburgh,PA,40.4875528,-80.0561799,13363424172,3,4548,6173,524266718732369,206686347763741,206686347763741,1950246011790759,17.036,10.785,10.785,17.107,313.893,133.482,133.482,312.204
58,Pittsburgh,PA,40.4875826,-80.056139,13363424165,4,4548,6173,524266718732369,848941592631055,848941592631055,1950246011790759,12.258,6.448,6.448,12.654,313.893,133.166,133.166,312.204
59,Pittsburgh,PA,40.4876312,-80.0541195,104446600,3,4548,6173,511548723317669,511548723317669,809913136630600,809913136630600,3.206,3.206,2.776,2.776,38.971,38.971,224.124,224.124
60,Pittsburgh,PA,40.4877122,-80.0563209,13363424176,4,4548,6173,322876325852842,1155628668237713,1155628668237713,322876325852842,11.609,6.786,6.786,11.609,312.834,133.16,133.16,312.834
61,Pittsburgh,PA,40.4879868,-80.0567093,13355477345,4,4548,6173,325440838940558,2527843787524455,2527843787524455,153228776811756,13.336,3.706,3.706,13.147,313.603,134.903,134.903,312.238
62,Pittsburgh,PA,40.4880473,-80.0562893,3546162535,3,4548,6173,474038337221563,474038337221563,1200229517107456,2520979048198195,4.125,4.125,9.6,5.418,43.828,43.828,131.706,311.954
63,Pittsburgh,PA,40.4881321,-80.0564126,3546162538,3,4548,6173,929213417652169,915190969332664,915190969332664,929213417652169,7.766,9.949,9.949,7.766,312.024,131.761,131.761,312.024
64,Pittsburgh,PA,40.4882216,-80.0570393,13355477341,4,4548,6173,298971121596969,262296518976441,262296518976441,298971121596969,12.817,7.13,7.13,12.817,313.087,133.107,133.107,313.087
65,Pittsburgh,PA,40.4883921,-80.0572743,13355477340,4,4548,6173,203294468302607,787111278669006,787111278669006,203294468302607,12.941,3.986,3.986,12.941,313.749,132.952,132.952,313.749
66,Pittsburgh,PA,40.4884482,-80.0568728,3546162536,3,4548,6173,464074388198574,483690716413333,483690716413333,464074388198574,9.655,10.741,10.741,9.655,312.213,131.98,131.98,312.213
67,Pittsburgh,PA,40.4884642,-80.0530475,105839208,3,4548,6173,306402061102955,1192091224547875,314614983388257,906281193266878,5.562,4.888,8.519,15.112,41.23,53.512,182.644,220.498
68,Pittsburgh,PA,40.4900584,-80.0598018,12683922172,3,4548,6173,207130867722146,1154318511750063,1154318511750063,207130867722146,25.008,15.184,15.184,25.008,313.328,133.376,133.376,313.328
69,Pittsburgh,PA,40.4901224,-80.0596846,12683922170,4,4548,6173,780619225925342,1154318511750063,1154318511750063,780619225925342,14.544,4.193,4.193,14.544,313.497,133.376,133.376,313.497
70,Pittsburgh,PA,40.4901588,-80.0600179,12683922164,3,4548,6173,205833364530662,1209405412811453,1209405412811453,205833364530662,28.859,20.475,20.475,28.859,312.003,132.6,132.6,312.003
71,Pittsburgh,PA,40.490256,-80.0598731,12683922165,4,4548,6173,205833364530662,1209405412811453,1209405412811453,205833364530662,14.899,8.63,8.63,14.899,312.003,132.6,132.6,312.003
72,Pittsburgh,PA,40.4905119,-80.0602291,12683922160,4,4548,6173,581329686131721,302696614858070,302696614858070,581329686131721,15.045,7.487,7.487,15.045,312.737,134.889,134.889,312.737
73,Pittsburgh,PA,40.4908417,-80.0606745,7079285018,3,4548,6173,322006302607417,297562242006257,297562242006257,322006302607417,13.933,6.634,6.634,13.933,318.863,141.078,141.078,318.863
74,Pittsburgh,PA,40.4908576,-80.0606513,7079284996,4,4548,6173,322006302607417,297562242006257,297562242006257,322006302607417,11.323,4.698,4.698,11.323,318.863,141.078,141.078,318.863
75,Pittsburgh,PA,40.4910055,-80.0564007,6343616649,3,4548,6173,1793653300817165,197618928853437,204473618014796,143791041005592,24.863,27.858,23.579,16.249,336.083,56.779,173.791,237.34
76,Pittsburgh,PA,40.4910739,-80.0609716,7079285022,3,4548,6173,1867612880081819,924479418123313,924479418123313,1165766620599085,17.419,11.886,11.886,17.748,322.455,145.214,145.214,320.919
77,Pittsburgh,PA,40.4910912,-80.0609371,7079285017,3,4548,6173,1867612880081819,924479418123313,924479418123313,1165766620599085,14.099,9.554,9.554,14.254,322.455,145.214,145.214,320.919
78,Pittsburgh,PA,40.4911049,-80.06091,7079285000,4,4548,6173,1867612880081819,924479418123313,924479418123313,1165766620599085,11.554,8.303,8.303,11.502,322.455,145.214,145.214,320.919
79,Pittsburgh,PA,40.4911056,-80.0560889,7081717123,3,4548,6173,1793653300817165,197618928853437,2856353781359542,170545781553189,4.263,10.004,5.657,9.356,336.083,56.779,168.849,255.158
80,Pittsburgh,PA,40.4911867,-80.0561156,7081717129,4,4548,6173,1349962248715772,197618928853437,2856353781359542,981981545874024,2.51,3.959,10.252,1.742,38.322,56.779,168.849,247.235
81,Pittsburgh,PA,40.4911876,-80.0610835,7079285004,3,4548,6173,1181633382308029,924479418123313,924479418123313,5465958433478000,17.686,12.61,12.61,17.24,325.132,145.214,145.214,321.218
82,Pittsburgh,PA,40.4912192,-80.061021,7079285003,4,4548,6173,1181633382308029,924479418123313,924479418123313,5465958433478000,11.598,8.647,8.647,10.903,325.132,145.214,145.214,321.218
83,Pittsburgh,PA,40.4912208,-80.0561269,7081717122,3,4548,6173,1349962248715772,197618928853437,2856353781359542,981981545874024,6.227,5.636,13.69,5.108,38.322,56.779,168.849,247.235
84,Pittsburgh,PA,40.4912817,-80.0556528,4790348311,4,4548,6173,1143563479490996,304884797804828,139457564842503,547720659931389,22.438,25.311,16.436,16.389,27.676,55.181,212.129,215.301
85,Pittsburgh,PA,40.4913263,-80.0555945,4790349725,3,4548,6173,1143563479490996,304884797804828,547720659931389,749837469033743,26.221,30.902,18.089,18.356,27.676,55.181,215.301,226.533
86,Pittsburgh,PA,40.4913339,-80.0608679,12574021738,4,4548,6173,1181633382308029,924479418123313,978226139654269,5465958433478000,6.996,18.335,18.392,7.467,325.132,145.214,146.141,321.218
87,Pittsburgh,PA,40.4913558,-80.0608108,12574021735,3,4548,6173,1181633382308029,924479418123313,924479418123313,5465958433478000,12.402,22.475,22.475,12.504,325.132,145.214,145.214,321.218
88,Pittsburgh,PA,40.4913828,-80.055789,4790348313,3,4548,6173,1143563479490996,304884797804828,547720659931389,547720659931389,10.385,18.841,0.614,0.614,27.676,55.181,215.301,215.301
89,Pittsburgh,PA,40.4914225,-80.0557228,4790349722,4,4548,6173,1143563479490996,304884797804828,935865350495127,935865350495127,17.335,25.951,2.261,2.261,27.676,55.181,221.493,221.493
90,Pittsburgh,PA,40.4914499,-80.0612257,4541601461,3,4548,6173,304611097943864,322324289308233,322324289308233,304611097943864,10.177,5.505,5.505,10.177,326.236,145.352,145.352,326.236
91,Pittsburgh,PA,40.491467,-80.0557821,104708876,5,4548,6173,1143563479490996,304884797804828,935865350495127,935865350495127,16.692,26.465,5.038,5.038,27.676,55.181,221.493,221.493
92,Pittsburgh,PA,40.4915057,-80.0610047,4541601460,3,4548,6173,784263918895570,322324289308233,322324289308233,928031091372575,8.557,18.617,18.617,9.08,325.804,145.352,145.352,322.929
93,Pittsburgh,PA,40.4915267,-80.0613859,7079285005,4,4548,6173,544929800006124,322324289308233,322324289308233,544929800006124,16.453,13.966,13.966,16.453,325.966,145.352,145.352,325.966
94,Pittsburgh,PA,40.4915342,-80.0610078,4541601487,3,4548,6173,928031091372575,322324289308233,322324289308233,928031091372575,9.3,18.746,18.746,9.3,322.929,145.352,145.352,322.929
95,Pittsburgh,PA,40.4915508,-80.0613152,7079285020,4,4548,6173,544929800006124,322324289308233,322324289308233,544929800006124,10.062,9.552,9.552,10.062,325.966,145.352,145.352,325.966
96,Pittsburgh,PA,40.4915612,-80.0559128,4790025842,3,4548,6173,1143563479490996,304884797804828,935865350495127,528361388161589,23.67,32.892,20.193,17.039,27.676,55.181,221.493,297.448
97,Pittsburgh,PA,40.4915992,-80.0610676,4541601457,4,4548,6173,199077098710217,322324289308233,322324289308233,1939462706206363,11.037,17.31,17.31,10.131,327.964,145.352,145.352,322.596
98,Pittsburgh,PA,40.4916472,-80.0614006,4541601462,3,4548,6173,252942996581889,4008156872571916,4008156872571916,282369013617346,10.841,3.067,3.067,11.785,326.877,146.534,146.534,322.264
99,Pittsburgh,PA,40.4917545,-80.0612103,4541601488,3,4548,6173,512947496408851,4008156872571916,4008156872571916,282369013617346,9.275,17.004,17.004,9.703,325.264,146.534,146.534,322.264
100,Pittsburgh,PA,40.4918342,-80.0610504,4545526599,4,4548,6173,883689919028357,4008156872571916,4008156872571916,883689919028357,11.439,33.167,33.167,11.439,327.091,146.534,146.534,327.091
101,Pittsburgh,PA,40.4919362,-80.0613594,13014804566,3,4548,6173,931676324337987,314157636747152,314157636747152,931676324337987,7.787,18.274,18.274,7.787,324.212,145.51,145.51,324.212
102,Pittsburgh,PA,40.4919705,-80.0612889,13014804560,4,4548,6173,484006369385997,314157636747152,314157636747152,484006369385997,13.995,25.208,25.208,13.995,324.569,145.51,145.51,324.569
103,Pittsburgh,PA,40.4919907,-80.0618635,7079285009,3,4548,6173,653808628804137,757483674963705,757483674963705,653808628804137,19.216,15.109,15.109,19.216,323.127,146.742,146.742,323.127
104,Pittsburgh,PA,40.4920117,-80.048482,4044840202,4,4548,6173,225883415576040,338700704338516,478760736739207,125144709597497,0.669,3.339,2.003,16.19,33.596,68.351,134.65,304.008
105,Pittsburgh,PA,40.4920602,-80.0484196,106061771,3,4548,6173,225883415576040,1059841274549576,1059841274549576,522724218745501,7.877,1.846,1.846,8.564,33.596,121.516,121.516,321.42
106,Pittsburgh,PA,40.492118,-80.06152,13014804565,4,4548,6173,320529872805835,919897625254081,919897625254081,320529872805835,9.538,18.73,18.73,9.538,325.107,146.553,146.553,325.107
107,Pittsburgh,PA,40.4921507,-80.0614452,13014804562,3,4548,6173,320529872805835,919897625254081,919897625254081,320529872805835,16.75,25.543,25.543,16.75,325.107,146.553,146.553,325.107
108,Pittsburgh,PA,40.4923005,-80.0616883,13014804572,3,4548,6173,469786800761580,478664830088574,478664830088574,469786800761580,9.489,17.683,17.683,9.489,324.974,146.598,146.598,324.974
109,Pittsburgh,PA,40.4924975,-80.0494617,4328260252,4,4548,6173,3808390472593479,407099920718404,262416365230172,495875184898408,5.068,10.715,14.356,14.22,310.22,141.344,190.858,272.961
110,Pittsburgh,PA,40.492539,-80.0494072,104821439,4,4548,6173,3808390472593479,407099920718404,262416365230172,495875184898408,2.696,6.487,7.884,10.611,310.22,141.344,190.858,272.961
111,Pittsburgh,PA,40.4925562,-80.062304,7079285015,3,4548,6173,792488251376724,835178367405167,835178367405167,792488251376724,1.961,11.058,11.058,1.961,320.82,142.659,142.659,320.82
112,Pittsburgh,PA,40.4925903,-80.0622548,7079284998,4,4548,6173,792488251376724,835178367405167,835178367405167,792488251376724,4.825,7.243,7.243,4.825,320.82,142.659,142.659,320.82
113,Pittsburgh,PA,40.4926007,-80.0493279,6218565595,4,4548,6173,484473979636153,407099920718404,262416365230172,481261509831693,2.81,9.536,2.186,4.816,303.283,141.344,190.858,263.379
114,Pittsburgh,PA,40.4926171,-80.049564,1673531676,3,4548,6173,311064013909134,407099920718404,262416365230172,4071914099555092,4.002,22.278,17.964,3.735,308.715,141.344,190.858,288.854
115,Pittsburgh,PA,40.4926363,-80.0625986,12706522438,3,4548,6173,3901443293243879,2843851742550211,2843851742550211,304611777860861,12.335,24.531,24.531,12.349,320.048,141.503,141.503,319.924
116,Pittsburgh,PA,40.4926838,-80.0625283,12706522425,3,4548,6173,304611777860861,2843851742550211,2843851742550211,304611777860861,4.546,17.244,17.244,4.546,319.924,141.503,141.503,319.924
117,Pittsburgh,PA,40.4926876,-80.0495356,4467098180,4,4548,6173,1126124037892638,407099920718404,262416365230172,4071914099555092,1.821,25.475,18.431,4.673,301.151,141.344,190.858,288.854
118,Pittsburgh,PA,40.4927528,-80.062419,12706522440,4,4548,6173,304611777860861,2843851742550211,2843851742550211,304611777860861,7.908,8.42,8.42,7.908,319.924,141.503,141.503,319.924
119,Pittsburgh,PA,40.4928463,-80.0627042,12706522428,3,4548,6173,663819654450196,464837074798307,464837074798307,663819654450196,2.211,16.534,16.534,2.211,319.219,136.891,136.891,319.219
120,Pittsburgh,PA,40.492854,-80.0629884,10548610669,3,4548,6173,136225341885389,466902061273593,466902061273593,136225341885389,18.418,33.641,33.641,18.418,318.674,134.944,134.944,318.674
121,Pittsburgh,PA,40.4928731,-80.0629206,10548610676,3,4548,6173,136225341885389,464837074798307,464837074798307,136225341885389,12.646,28.118,28.118,12.646,318.674,136.891,136.891,318.674
122,Pittsburgh,PA,40.4928901,-80.0628604,10548610652,3,4548,6173,1632582866942588,464837074798307,464837074798307,136225341885389,7.929,22.71,22.71,7.959,318.802,136.891,136.891,318.674
123,Pittsburgh,PA,40.4929497,-80.0627602,10548610653,4,4548,6173,1632582866942588,464837074798307,464837074798307,1632582866942588,3.022,12.379,12.379,3.022,318.802,136.891,136.891,318.802
124,Pittsburgh,PA,40.4929883,-80.0626814,10548610655,4,4548,6173,2677063719252017,464837074798307,464837074798307,2677063719252017,9.238,5.314,5.314,9.238,316.708,136.891,136.891,316.708
125,Pittsburgh,PA,40.4930001,-80.050488,4328260253,4,4548,6173,951273009032204,1086021885226342,1086021885226342,162858522443088,7.855,5.099,5.099,8.285,311.872,122.5,122.5,304.476
126,Pittsburgh,PA,40.4930474,-80.0504264,1325777223,3,4548,6173,951273009032204,1086021885226342,1086021885226342,162858522443088,3.716,2.505,2.505,2.46,311.872,122.5,122.5,304.476
127,Pittsburgh,PA,40.4930742,-80.0506393,4467098182,3,4548,6173,850208375704282,213446683697380,213446683697380,464868097921040,8.49,5.378,5.378,9.316,305.072,122.686,122.686,297.362
128,Pittsburgh,PA,40.4930777,-80.0481667,104973820,3,4548,6173,619801632309041,584972315802753,321618319356635,991439808262793,10.862,10.99,15.989,4.071,49.088,50.729,233.652,257.201
129,Pittsburgh,PA,40.4930805,-80.0632463,10548610659,3,4548,6173,506642493840698,2957299607861260,2957299607861260,506642493840698,15.853,29.757,29.757,15.853,317.393,133.624,133.624,317.393
130,Pittsburgh,PA,40.4930969,-80.0631896,10548610662,3,4548,6173,506642493840698,2957299607861260,2957299607861260,506642493840698,11.596,24.941,24.941,11.596,317.393,133.624,133.624,317.393
131,Pittsburgh,PA,40.4931155,-80.0631258,10548610666,3,4548,6173,3195386044012891,2957299607861260,2957299607861260,3195386044012891,6.462,19.699,19.699,6.462,317.682,133.624,133.624,317.682
132,Pittsburgh,PA,40.4931274,-80.0505953,3721632825,4,4548,6173,850208375704282,213446683697380,213446683697380,850208375704282,1.506,1.853,1.853,1.506,305.072,122.686,122.686,305.072
133,Pittsburgh,PA,40.4931336,-80.0630631,10548610673,3,4548,6173,3195386044012891,2957299607861260,2957299607861260,3195386044012891,0.796,14.955,14.955,0.796,317.682,133.624,133.624,317.682
134,Pittsburgh,PA,40.493151,-80.050645,1325777215,3,4548,6173,850208375704282,1164730187311629,1164730187311629,464868097921040,5.067,1.943,1.943,2.683,305.072,122.778,122.778,297.362
135,Pittsburgh,PA,40.4931534,-80.0629949,10548610670,3,4548,6173,3195386044012891,2957299607861260,2957299607861260,3195386044012891,5.384,10.844,10.844,5.384,317.682,133.624,133.624,317.682
136,Pittsburgh,PA,40.493162,-80.0629653,10548610657,3,4548,6173,3195386044012891,2957299607861260,2957299607861260,3195386044012891,8.063,9.76,9.76,8.063,317.682,133.624,133.624,317.682
137,Pittsburgh,PA,40.4931811,-80.0505509,4467098183,3,4548,6173,152370763530525,213446683697380,213446683697380,152370763530525,3.653,8.76,8.76,3.653,302.093,122.686,122.686,302.093
138,Pittsburgh,PA,40.4931819,-80.0629399,10548610644,4,4548,6173,376558113727281,2957299607861260,2957299607861260,488747625803967,7.348,8.041,8.041,7.326,315.899,133.624,133.624,315.809
139,Pittsburgh,PA,40.4932148,-80.0506191,4467098184,4,4548,6173,152370763530525,1164730187311629,1164730187311629,152370763530525,5.263,8.524,8.524,5.263,302.093,122.778,122.778,302.093
140,Pittsburgh,PA,40.493484,-80.0514763,2924134753,4,4548,6173,946841172743570,194914269031504,194914269031504,913786782807827,5.935,7.163,7.163,4.959,301.213,123.747,123.747,287.761
141,Pittsburgh,PA,40.4935362,-80.0514155,1325777228,3,4548,6173,946841172743570,194914269031504,194914269031504,913786782807827,3.435,1.046,1.046,3.071,301.213,123.747,123.747,287.761
142,Pittsburgh,PA,40.4935506,-80.0519931,3569661317,3,4548,6173,490566118861859,151493206991102,151493206991102,1162591654164184,22.443,24.771,24.771,21.405,306.529,124.707,124.707,301.737
143,Pittsburgh,PA,40.4935787,-80.0519261,3569661324,3,4548,6173,186827253194437,3506711589429316,3506711589429316,828834641347619,16.258,19.024,19.024,16.018,304.16,124.617,124.617,300.508
144,Pittsburgh,PA,40.4936033,-80.0515601,1325777211,3,4548,6173,474621977139018,478033519923854,478033519923854,474621977139018,1.836,0.368,0.368,1.836,301.069,123.974,123.974,301.069
145,Pittsburgh,PA,40.493664,-80.051843,4328260254,4,4548,6173,186827253194437,3506711589429316,3506711589429316,828834641347619,4.466,7.291,7.291,4.597,304.16,124.617,124.617,300.508
146,Pittsburgh,PA,40.4936672,-80.0515341,4467098186,4,4548,6173,578111996490321,5554100544631356,5554100544631356,578111996490321,1.551,7.35,7.35,1.551,304.585,124.066,124.066,304.585
147,Pittsburgh,PA,40.4937164,-80.051792,3569661330,3,4548,6173,186827253194437,3506711589429316,3506711589429316,186827253194437,2.829,1.293,1.293,2.829,304.16,124.617,124.617,304.16
148,Pittsburgh,PA,40.4938344,-80.0638384,11793907337,4,4548,6173,2892993734350924,857007674895235,857007674895235,2892993734350924,2.106,3.609,3.609,2.106,312.776,132.13,132.13,312.776
149,Pittsburgh,PA,40.4938418,-80.0520527,3510693993,3,4548,6173,477846929990439,380112610021219,380112610021219,946868299400739,1.506,0.557,0.557,3.726,344.405,125.258,125.258,303.193
150,Pittsburgh,PA,40.4938845,-80.0637571,4328178948,3,4548,6173,279383910519669,518916419113672,518916419113672,279383910519669,6.77,5.134,5.134,6.77,313.109,132.201,132.201,313.109
151,Pittsburgh,PA,40.4939023,-80.0520211,4328260255,4,4548,6173,477846929990439,380112610021219,380112610021219,529757288478427,6.468,7.13,7.13,1.561,344.405,125.258,125.258,301.423
152,Pittsburgh,PA,40.4939072,-80.0636597,4541601992,4,4548,6173,4282589001763830,298718985262112,298718985262112,4282589001763830,6.916,12.301,12.301,6.916,313.618,132.271,132.271,313.618
153,Pittsburgh,PA,40.4939426,-80.0524028,4790348315,3,4548,6173,789061878401794,2949740831947128,2949740831947128,789061878401794,3.236,6.868,6.868,3.236,306.304,126.105,126.105,306.304
154,Pittsburgh,PA,40.4939436,-80.0637114,4541601993,4,4548,6173,279383910519669,518916419113672,518916419113672,279383910519669,2.017,12.757,12.757,2.017,313.109,132.201,132.201,313.109
155,Pittsburgh,PA,40.4939527,-80.0635425,4328178955,5,4548,6173,466166441108183,476951043521776,476951043521776,466166441108183,14.478,22.265,22.265,14.478,313.913,132.4,132.4,313.913
156,Pittsburgh,PA,40.4939625,-80.0640256,11793907338,4,4548,6173,3000609966881530,1421775944826132,1421775944826132,3000609966881530,1.875,2.537,2.537,1.875,312.237,131.773,131.773,312.237
157,Pittsburgh,PA,40.4939731,-80.052464,4328260256,4,4548,6173,312069803817836,769332947078617,769332947078617,837880777076409,4.476,6.905,6.905,10.366,307.293,126.152,126.152,279.679
158,Pittsburgh,PA,40.4940145,-80.0636301,4328178967,4,4548,6173,279383910519669,518916419113672,518916419113672,279383910519669,11.922,23.127,23.127,11.922,313.109,132.201,132.201,313.109
159,Pittsburgh,PA,40.4940168,-80.0524114,104708835,3,4548,6173,2893430427584831,769332947078617,769332947078617,837880777076409,0.875,0.492,0.492,7.975,314.819,126.152,126.152,279.679
160,Pittsburgh,PA,40.4940351,-80.0525922,4467098187,3,4548,6173,956776851750833,159068732854071,206306024479779,956776851750833,4.066,6.829,2.649,4.066,301.386,125.038,221.376,301.386
161,Pittsburgh,PA,40.4940864,-80.0525477,4467098188,4,4548,6173,956776851750833,159068732854071,159068732854071,837880777076409,3.697,0.85,0.85,6.126,301.386,125.038,125.038,279.679
162,Pittsburgh,PA,40.494123,-80.0645118,7013608504,4,4548,6173,531593941186595,316464383218426,316464383218426,531593941186595,9.198,13.505,13.505,9.198,312.044,130.914,130.914,312.044
163,Pittsburgh,PA,40.4941428,-80.0524989,4328260257,3,4548,6173,231068802148577,494524001673409,159068732854071,837880777076409,3.573,7.649,7.613,8.737,302.674,124.758,125.038,279.679
164,Pittsburgh,PA,40.4941437,-80.0526599,105936321,3,4548,6173,517943916281538,327516085463084,327516085463084,517943916281538,4.168,1.437,1.437,4.168,303.481,123.921,123.921,303.481
165,Pittsburgh,PA,40.4941714,-80.0525284,4328260258,3,4548,6173,231068802148577,494524001673409,494524001673409,231068802148577,2.449,8.531,8.531,2.449,302.674,124.758,124.758,302.674
166,Pittsburgh,PA,40.4942073,-80.0644108,7013608505,4,4548,6173,475139147052205,316464383218426,316464383218426,475139147052205,1.671,1.543,1.543,1.671,310.977,130.914,130.914,310.977
167,Pittsburgh,PA,40.4942194,-80.0526173,4328260260,4,4548,6173,231068802148577,327516085463084,327516085463084,1362220277486268,10.034,8.971,8.971,4.938,302.674,123.921,123.921,298.866
168,Pittsburgh,PA,40.4942586,-80.05269,4328260263,3,4548,6173,1014382392429392,138476684977447,138476684977447,1362220277486268,7.705,9.266,9.266,5.765,301.182,123.383,123.383,298.866
169,Pittsburgh,PA,40.4942623,-80.0530618,10079035714,4,4548,6173,2910470472524235,470869863981591,470869863981591,785962598791276,6.538,7.799,7.799,6.617,319.204,121.166,121.166,310.557
170,Pittsburgh,PA,40.4943061,-80.0529924,10079035715,3,4548,6173,2910470472524235,470869863981591,470869863981591,785962598791276,4.138,1.808,1.808,3.678,319.204,121.166,121.166,310.557
171,Pittsburgh,PA,40.4943888,-80.0533233,10079035711,4,4548,6173,270925611480023,312489447144347,312489447144347,485536975983436,11.444,19.684,19.684,6.689,311.851,121.166,121.166,288.369
172,Pittsburgh,PA,40.4943911,-80.0643808,11793907324,4,4548,6173,179099737335710,4031550490238684,4031550490238684,179099737335710,4.865,16.529,16.529,4.865,308.845,130.716,130.716,308.845
173,Pittsburgh,PA,40.4944206,-80.0649453,7013608507,3,4548,6173,3996919190398719,306722471073978,306722471073978,3996919190398719,11.403,10.57,10.57,11.403,310.378,129.973,129.973,310.378
174,Pittsburgh,PA,40.4944428,-80.0532725,10079035710,3,4548,6173,270925611480023,312489447144347,312489447144347,485536975983436,10.207,17.4,17.4,1.745,311.851,121.166,121.166,288.369
175,Pittsburgh,PA,40.4944743,-80.0648559,7013608500,4,4548,6173,3996919190398719,296202988804593,296202988804593,3996919190398719,1.92,1.183,1.183,1.92,310.378,130.031,130.031,310.378
176,Pittsburgh,PA,40.4944915,-80.0642696,11793907325,3,4548,6173,373819327372809,340162004203936,340162004203936,1105691369910116,16.42,30.406,30.406,16.476,308.82,128.806,128.806,305.725
177,Pittsburgh,PA,40.4945103,-80.0534108,106061778,3,4548,6173,270925611480023,312489447144347,312489447144347,293950559077520,4.022,31.278,31.278,3.287,311.851,121.166,121.166,304.692
178,Pittsburgh,PA,40.4945153,-80.0645861,4541601999,4,4548,6173,161801949219338,297294655228893,4164534633593109,161801949219338,6.199,17.474,16.902,6.199,306.974,127.228,130.286,306.974
179,Pittsburgh,PA,40.4945473,-80.053327,11793776841,3,4548,6173,495446988550155,312489447144347,312489447144347,495446988550155,4.211,28.187,28.187,4.211,302.843,121.166,121.166,302.843
180,Pittsburgh,PA,40.494571,-80.0533752,4328260270,4,4548,6173,217238326596680,312489447144347,312489447144347,217238326596680,4.287,32.945,32.945,4.287,302.171,121.166,121.166,302.171
181,Pittsburgh,PA,40.4946281,-80.0651293,7016436623,4,4548,6173,305435537832900,832856204294071,832856204294071,2915795921990554,6.269,2.708,2.708,6.092,309.481,129.516,129.516,308.709
182,Pittsburgh,PA,40.4946896,-80.0648842,11793907329,4,4548,6173,897545180834471,518489905995466,324662359176712,897545180834471,2.602,15.994,16.461,2.602,305.605,123.954,129.716,305.605
183,Pittsburgh,PA,40.4947351,-80.0654771,7013608494,3,4548,6173,3558964234328932,514784996608939,514784996608939,3558964234328932,16.247,9.659,9.659,16.247,307.9,126.77,126.77,307.9
184,Pittsburgh,PA,40.4947576,-80.0648186,11793907328,3,4548,6173,897545180834471,518489905995466,324662359176712,897545180834471,11.966,25.337,25.839,11.966,305.605,123.954,129.716,305.605
185,Pittsburgh,PA,40.4948056,-80.0654465,7013608495,4,4548,6173,786346525359922,514784996608939,514784996608939,786346525359922,8.524,1.477,1.477,8.524,307.81,126.77,126.77,307.81
186,Pittsburgh,PA,40.4948404,-80.0651528,4541601994,4,4548,6173,479670280023126,326273622185736,326273622185736,479670280023126,4.19,15.433,15.433,4.19,304.497,129.175,129.175,304.497
187,Pittsburgh,PA,40.494975,-80.0659433,7013608497,3,4548,6173,2960098014275504,381685446471946,381685446471946,2960098014275504,21.433,12.429,12.429,21.433,306.478,126.558,126.558,306.478
188,Pittsburgh,PA,40.495042,-80.0658689,7013605384,4,4548,6173,2960098014275504,2786371458328937,2786371458328937,2960098014275504,11.776,4.462,4.462,11.776,306.478,127.987,127.987,306.478
189,Pittsburgh,PA,40.4950529,-80.0660505,13591689352,3,4548,6173,470158904210505,199477368662111,199477368662111,470158904210505,20.089,10.274,10.274,20.089,306.352,127.372,127.372,306.352
190,Pittsburgh,PA,40.4950734,-80.0660308,6112297450,3,4548,6173,470158904210505,199477368662111,199477368662111,470158904210505,17.283,7.725,7.725,17.283,306.352,127.372,127.372,306.352
191,Pittsburgh,PA,40.4951129,-80.0659955,6344373639,4,4548,6173,470158904210505,199477368662111,199477368662111,470158904210505,12.059,3.905,3.905,12.059,306.352,127.372,127.372,306.352
192,Pittsburgh,PA,40.4951253,-80.0544994,4328260275,4,4548,6173,336406071160176,321867032620265,2953085458254431,336406071160176,6.262,33.661,23.441,6.262,300.969,36.702,192.268,300.969
193,Pittsburgh,PA,40.4951295,-80.0656704,4541602003,4,4548,6173,1505729056436935,609145546727323,609145546727323,1505729056436935,2.216,13.51,13.51,2.216,307.046,128.116,128.116,307.046
194,Pittsburgh,PA,40.4951371,-80.054837,4328260276,4,4548,6173,1371298586559998,321867032620265,2953085458254431,139086118257801,7.177,23.927,7.9,3.317,316.97,36.702,192.268,297.697
195,Pittsburgh,PA,40.4951829,-80.0547753,104609459,3,4548,6173,337670174364468,321867032620265,2953085458254431,337670174364468,1.438,18.184,0.792,1.438,310.851,36.702,192.268,310.851
196,Pittsburgh,PA,40.4952105,-80.0548311,3509678878,3,4548,6173,524091465433872,321867032620265,2953085458254431,139086118257801,3.807,15.935,6.289,4.862,328.31,36.702,192.268,297.697
197,Pittsburgh,PA,40.4952199,-80.0550048,10752331676,4,4548,6173,500713054612444,321867032620265,2953085458254431,5532677623472118,5.948,24.243,20.605,8.246,14.537,36.702,192.268,298.508
198,Pittsburgh,PA,40.4952252,-80.066311,13591689349,3,4548,6173,210766240850292,2615278505431745,2615278505431745,210766240850292,18.646,8.165,8.165,18.646,307.752,127.145,127.145,307.752
199,Pittsburgh,PA,40.4952711,-80.0549538,10752331675,3,4548,6173,500713054612444,321867032620265,2953085458254431,5532677623472118,1.606,17.557,18.65,5.972,14.537,36.702,192.268,298.508
200,Pittsburgh,PA,40.4952721,-80.0547808,4328260279,4,4548,6173,2956120171290032,321867032620265,2953085458254431,337670174364468,4.194,8.301,9.962,8.559,21.064,36.702,192.268,310.851
201,Pittsburgh,PA,40.4953069,-80.0550264,3509678888,3,4548,6173,500713054612444,321867032620265,2953085458254431,5532677623472118,8.307,22.013,25.965,1.661,14.537,36.702,192.268,298.508
202,Pittsburgh,PA,40.4953165,-80.0664794,6112297449,3,4548,6173,159799812683460,335831618107088,335831618107088,941044970045801,18.924,8.361,8.361,19.316,307.707,127.248,127.248,306.035
203,Pittsburgh,PA,40.4953361,-80.0550855,3510686113,3,4548,6173,1175438589553916,321867032620265,2953085458254431,1175438589553916,2.472,26.593,31.924,2.472,302.915,36.702,192.268,302.915
204,Pittsburgh,PA,40.4953626,-80.0664416,6344373640,4,4548,6173,159799812683460,335831618107088,335831618107088,941044970045801,13.001,2.381,2.381,13.325,307.707,127.248,127.248,306.035
205,Pittsburgh,PA,40.495366,-80.0549785,4328260280,4,4548,6173,500713054612444,321867032620265,2953085458254431,5532677623472118,12.338,17.655,27.131,8.742,14.537,36.702,192.268,298.508
206,Pittsburgh,PA,40.495394,-80.0550358,4328260281,4,4548,6173,500713054612444,321867032620265,2953085458254431,1175438589553916,16.776,22.983,32.711,9.418,14.537,36.702,192.268,302.915
207,Pittsburgh,PA,40.4954074,-80.054945,3509678891,3,4548,6173,500713054612444,321867032620265,2953085458254431,5532677623472118,16.778,16.178,29.165,14.105,14.537,36.702,192.268,298.508
208,Pittsburgh,PA,40.4955274,-80.0610847,4037571610,4,4548,6173,1737420269773539,523369462154850,523369462154850,809841513283244,7.481,6.866,6.866,18.01,10.805,126.815,126.815,244.075
209,Pittsburgh,PA,40.4955277,-80.066382,8065303948,4,4548,6173,463949991345916,163777255608060,163777255608060,466018114651441,5.217,10.96,10.96,4.744,309.481,126.706,126.706,305.354
210,Pittsburgh,PA,40.4955599,-80.0609168,104604184,4,4548,6173,1737420269773539,523369462154850,523369462154850,809841513283244,20.543,19.925,19.925,32.078,10.805,126.815,126.815,244.075
211,Pittsburgh,PA,40.495619,-80.0668996,4541602002,3,4548,6173,1267358810349818,1055314788209335,1055314788209335,1267358810349818,13.454,7.85,7.85,13.454,305.747,126.088,126.088,305.747
212,Pittsburgh,PA,40.4957086,-80.0670616,4541602028,3,4548,6173,945895409492092,831013647829277,831013647829277,260081719192643,16.178,4.604,4.604,18.366,307.869,126.602,126.602,280.023
213,Pittsburgh,PA,40.4957559,-80.0667756,4541602006,3,4548,6173,518924492802984,487128045841477,487128045841477,518924492802984,3.097,8.916,8.916,3.097,305.408,126.703,126.703,305.408
214,Pittsburgh,PA,40.4957718,-80.0673752,12147685852,3,4548,6173,524295102287142,897085350850980,897085350850980,524295102287142,23.139,15.687,15.687,23.139,305.901,126.12,126.12,305.901
215,Pittsburgh,PA,40.4957885,-80.0667923,4541602008,3,4548,6173,518924492802984,4314919388538578,140206168125223,518924492802984,5.694,10.794,13.734,5.694,305.408,126.825,220.92,305.408
216,Pittsburgh,PA,40.4958462,-80.0673017,12147685866,4,4548,6173,524295102287142,897085350850980,897085350850980,524295102287142,12.979,9.041,9.041,12.979,305.901,126.12,126.12,305.901
217,Pittsburgh,PA,40.4958787,-80.0669969,4541602011,3,4548,6173,487999845803344,1183068165464305,1183068165464305,260081719192643,3.362,6.097,6.097,1.442,305.974,127.457,127.457,280.023
218,Pittsburgh,PA,40.4958798,-80.0669432,4541602009,3,4548,6173,487999845803344,1183068165464305,140206168125223,191738352797205,7.809,9.373,5.642,1.578,305.974,127.457,220.92,249.858
219,Pittsburgh,PA,40.496034,-80.067835,12147685857,4,4548,6173,542355007169997,839202066954375,839202066954375,542355007169997,22.403,12.877,12.877,22.403,305.905,127.025,127.025,305.905
220,Pittsburgh,PA,40.4961072,-80.067757,12147685865,4,4548,6173,542355007169997,839202066954375,839202066954375,542355007169997,12.13,5.433,5.433,12.13,305.905,127.025,127.025,305.905
221,Pittsburgh,PA,40.4961935,-80.06757,11778690484,3,4548,6173,1072134346646111,937369910428542,937369910428542,1072134346646111,4.05,2.009,2.009,4.05,306.774,129.545,129.545,306.774
222,Pittsburgh,PA,40.4962334,-80.0676413,4541601421,4,4548,6173,1072134346646111,769839417034749,769839417034749,1072134346646111,3.436,2.514,2.514,3.436,306.774,129.771,129.771,306.774
223,Pittsburgh,PA,40.4962344,-80.0681566,12147685841,4,4548,6173,1541061832764175,337153861093804,337153861093804,1541061832764175,22.488,12.708,12.708,22.488,306.538,129.19,129.19,306.538
224,Pittsburgh,PA,40.4962471,-80.0569386,104524854,3,4548,6173,322390432825897,2983327475259865,2983327475259865,322390432825897,3.395,29.9,29.9,3.395,301.959,123.118,123.118,301.959
225,Pittsburgh,PA,40.4962691,-80.0677051,11778690469,3,4548,6173,300213031713844,770391747173474,770391747173474,300213031713844,3.818,3.21,3.21,3.818,306.203,129.996,129.996,306.203
226,Pittsburgh,PA,40.4963088,-80.0680918,12147685864,4,4548,6173,291708949256537,337153861093804,337153861093804,291708949256537,12.899,4.908,4.908,12.899,307.689,129.19,129.19,307.689
227,Pittsburgh,PA,40.4963126,-80.056892,4467100498,4,4548,6173,322390432825897,2983327475259865,2983327475259865,322390432825897,5.027,29.882,29.882,5.027,301.959,123.118,123.118,301.959
228,Pittsburgh,PA,40.4963396,-80.0569462,11787295153,3,4548,6173,822491355351441,2983327475259865,2983327475259865,822491355351441,5.25,24.565,24.565,5.25,304.117,123.118,123.118,304.117
229,Pittsburgh,PA,40.4963569,-80.0572998,4037571612,4,4548,6173,232843245278559,305288114514387,305288114514387,540039630326013,8.562,8.107,8.107,5.978,313.158,123.12,123.12,294.447
230,Pittsburgh,PA,40.4963863,-80.0572159,104838085,4,4548,6173,762542947782395,2983327475259865,2983327475259865,540039630326013,13.216,2.38,2.38,3.008,12.126,123.118,123.118,294.447
231,Pittsburgh,PA,40.4963876,-80.057362,4328260287,3,4548,6173,232843245278559,258050902771123,258050902771123,540039630326013,5.811,8.069,8.069,9.533,313.158,123.123,123.123,294.447
232,Pittsburgh,PA,40.4964233,-80.0571144,3697311867,3,4548,6173,762542947782395,2983327475259865,2983327475259865,500490324415744,11.975,9.346,9.346,4.758,12.126,123.118,123.118,303.944
233,Pittsburgh,PA,40.496439,-80.0573186,3693519940,4,4548,6173,232843245278559,258050902771123,258050902771123,232843245278559,0.982,2.127,2.127,0.982,313.158,123.123,123.123,313.158
234,Pittsburgh,PA,40.4964599,-80.0571973,4044840205,4,4548,6173,762542947782395,2983327475259865,2983327475259865,178266067515824,5.073,6.262,6.262,5.964,12.126,123.118,123.118,303.634
235,Pittsburgh,PA,40.4964938,-80.0572758,3693519941,4,4548,6173,762542947782395,333836571445378,333836571445378,540039630326013,5.969,6.183,6.183,11.227,12.126,123.121,123.121,294.447
236,Pittsburgh,PA,40.4967101,-80.0578667,3569663298,3,4548,6173,3920260514763030,803893210245646,803893210245646,3920260514763030,2.931,0.904,0.904,2.931,306.595,122.84,122.84,306.595
237,Pittsburgh,PA,40.496764,-80.058132,11793864106,3,4548,6173,1088513398345879,754865045201940,754865045201940,1088513398345879,11.58,7.697,7.697,11.58,305.03,122.217,122.217,305.03
238,Pittsburgh,PA,40.4967722,-80.0578256,4328260288,4,4548,6173,3920260514763030,803893210245646,803893210245646,3920260514763030,4.801,6.829,6.829,4.801,306.595,122.84,122.84,306.595
239,Pittsburgh,PA,40.4967883,-80.0581817,11793864110,3,4548,6173,337869291013434,197315738878662,197315738878662,337869291013434,11.975,7.472,7.472,11.975,302.875,122.004,122.004,302.875
240,Pittsburgh,PA,40.4968084,-80.0580643,4288008107,4,4548,6173,1088513398345879,754865045201940,754865045201940,1088513398345879,4.281,0.896,0.896,4.281,305.03,122.217,122.217,305.03
241,Pittsburgh,PA,40.4968158,-80.0582379,4288008108,4,4548,6173,337869291013434,318588983117933,318588983117933,1225114334599398,13.117,7.386,7.386,12.282,302.875,121.897,121.897,299.274
242,Pittsburgh,PA,40.4968317,-80.0582696,11793864094,3,4548,6173,304087887969041,1212953705790406,1212953705790406,1225114334599398,12.735,7.544,7.544,11.822,301.176,121.763,121.763,299.274
243,Pittsburgh,PA,40.4968535,-80.0579955,3693519944,4,4548,6173,1088513398345879,317492399785154,317492399785154,295451162182464,4.215,6.868,6.868,5.259,305.03,122.324,122.324,296.57
244,Pittsburgh,PA,40.4968589,-80.0583238,4467100500,3,4548,6173,304087887969041,4007209799359296,4007209799359296,304087887969041,11.349,7.206,7.206,11.349,301.176,121.647,121.647,301.176
245,Pittsburgh,PA,40.496867,-80.058182,104659039,3,4548,6173,337869291013434,318588983117933,318588983117933,1225114334599398,6.431,0.498,0.498,6.091,302.875,121.897,121.897,299.274
246,Pittsburgh,PA,40.4969134,-80.0582774,4467100501,4,4548,6173,304087887969041,4007209799359296,4007209799359296,304087887969041,4.132,1.518,1.518,4.132,301.176,121.647,121.647,301.176
247,Pittsburgh,PA,40.4969346,-80.0581648,3693519947,3,4548,6173,337869291013434,1212953705790406,1212953705790406,1225114334599398,7.721,6.976,6.976,2.879,302.875,121.763,121.763,299.274
248,Pittsburgh,PA,40.4969684,-80.0582306,4467100502,3,4548,6173,304087887969041,215296383479747,4007209799359296,304087887969041,3.163,7.62,7.609,3.163,301.176,121.55,121.647,301.176
249,Pittsburgh,PA,40.4969695,-80.0583927,3509678855,3,4548,6173,304087887969041,199296468584362,199296468584362,1365235550529712,12.125,0.065,0.065,3.605,301.176,121.651,121.651,294.577
250,Pittsburgh,PA,40.4970318,-80.0583542,4328261689,4,4548,6173,304087887969041,199296468584362,199296468584362,1365235550529712,12.867,7.59,7.59,4.632,301.176,121.651,121.651,294.577
251,Pittsburgh,PA,40.4970505,-80.0579655,3693519951,4,4548,6173,337869291013434,197315738878662,197315738878662,337869291013434,22.439,26.964,26.964,22.439,302.875,122.004,122.004,302.875
252,Pittsburgh,PA,40.4809976,-80.0429321,684597854,3,4549,6173,2995750487415393,808297016541384,1246645135805474,1246645135805474,2.446,4.183,6.536,6.536,27.906,31.186,215.093,215.093
253,Pittsburgh,PA,40.48105,-80.0426639,13468098905,3,4549,6173,167181701909076,167181701909076,1202517750190665,1202517750190665,14.86,14.86,20.451,20.451,45.349,45.349,226.09,226.09
254,Pittsburgh,PA,40.4812094,-80.0426808,13468098901,3,4549,6173,2874892076081878,2874892076081878,214703573893059,214703573893059,2.096,2.096,6.081,6.081,48.85,48.85,226.948,226.948
255,Pittsburgh,PA,40.4813059,-80.0422041,13199858011,4,4549,6173,350397213399711,350397213399711,3246725455604970,3246725455604970,20.425,20.425,27.439,27.439,47.182,47.182,227.246,227.246
256,Pittsburgh,PA,40.4813066,-80.0421822,13199858004,3,4549,6173,1183301798821695,350397213399711,3246725455604970,3246725455604970,22.459,21.879,28.846,28.846,42.584,47.182,227.246,227.246
257,Pittsburgh,PA,40.4813474,-80.0422153,104654184,3,4549,6173,1183301798821695,350397213399711,3246725455604970,3246725455604970,17.128,17.142,23.959,23.959,42.584,47.182,227.246,227.246
258,Pittsburgh,PA,40.4814852,-80.0460434,105259405,3,4549,6173,1369966466713945,218676723076266,218676723076266,1369966466713945,3.659,9.984,9.984,3.659,310.967,129.124,129.124,310.967
259,Pittsburgh,PA,40.4815261,-80.0460233,13188021836,4,4549,6173,313768953520410,218676723076266,218676723076266,313768953520410,1.157,12.457,12.457,1.157,310.331,129.124,129.124,310.331
260,Pittsburgh,PA,40.481727,-80.0417236,13182320756,3,4549,6173,562393375113354,562393375113354,4307419049317845,4307419049317845,15.038,15.038,22.684,22.684,42.763,42.763,228.492,228.492
261,Pittsburgh,PA,40.4817946,-80.0419117,13182320769,4,4549,6173,515094366294899,1925697037588888,4307419049317845,4307419049317845,2.465,2.425,5.992,5.992,44.099,45.872,228.492,228.492
262,Pittsburgh,PA,40.4818478,-80.0419985,13182320760,4,4549,6173,515094366294899,515094366294899,4307419049317845,4307419049317845,9.412,9.412,4.57,4.57,44.099,44.099,228.492,228.492
263,Pittsburgh,PA,40.4819174,-80.0417335,104592675,3,4549,6173,1552999881701781,165643635489899,136184531992806,136184531992806,2.087,2.925,7.749,7.749,34.041,39.962,215.528,215.528
264,Pittsburgh,PA,40.481928,-80.041558,12290150836,4,4549,6173,238142924747187,238142924747187,364577688360957,136184531992806,13.896,13.896,22.349,21.243,33.157,33.157,197.632,215.528
265,Pittsburgh,PA,40.4819301,-80.0419217,4069024110,4,4549,6173,464000104665202,464000104665202,136184531992806,4307419049317845,11.014,11.014,10.392,9.974,44.372,44.372,215.528,228.492
266,Pittsburgh,PA,40.4819802,-80.041875,13182320761,3,4549,6173,165643635489899,165643635489899,136184531992806,136184531992806,11.28,11.28,6.273,6.273,39.962,39.962,215.528,215.528
267,Pittsburgh,PA,40.4820226,-80.0417733,13182320755,3,4549,6173,238142924747187,238142924747187,364577688360957,136184531992806,7.145,7.145,8.475,7.423,33.157,33.157,197.632,215.528
268,Pittsburgh,PA,40.4820571,-80.0416513,13182320768,4,4549,6173,1707212996333967,238142924747187,364577688360957,136184531992806,1.341,8.144,6.67,16.896,29.189,33.157,197.632,215.528
269,Pittsburgh,PA,40.4820961,-80.0415132,13182320751,4,4549,6173,1657783864638807,238142924747187,196064292478654,136184531992806,10.152,19.389,14.279,28.957,19.486,33.157,201.976,215.528
270,Pittsburgh,PA,40.4842892,-80.0403862,12290150840,4,4549,6173,1807668692741423,159872639415383,223879492820623,524786252162177,6.687,7.515,16.284,29.307,30.139,63.93,200.022,321.009
271,Pittsburgh,PA,40.4843238,-80.0404956,4068971433,4,4549,6173,181958870632890,247812330430219,223879492820623,524786252162177,7.27,8.102,9.133,21.052,353.183,47.151,200.022,321.009
272,Pittsburgh,PA,40.4843657,-80.0406283,13187714449,4,4549,6173,181958870632890,516890096094602,516890096094602,524786252162177,8.663,2.177,2.177,14.445,353.183,138.022,138.022,321.009
273,Pittsburgh,PA,40.48438,-80.0404029,3621961515,4,4549,6173,181958870632890,159872639415383,223879492820623,524786252162177,10.655,6.367,19.155,21.222,353.183,63.93,200.022,321.009
274,Pittsburgh,PA,40.4843803,-80.0404225,4068971434,4,4549,6173,181958870632890,159872639415383,223879492820623,524786252162177,8.998,7.802,17.934,19.898,353.183,63.93,200.022,321.009
275,Pittsburgh,PA,40.4843811,-80.0404678,105254638,3,4549,6173,181958870632890,159872639415383,223879492820623,524786252162177,5.168,11.358,15.439,17.053,353.183,63.93,200.022,321.009
276,Pittsburgh,PA,40.4844237,-80.0405359,4068971435,4,4549,6173,181958870632890,516890096094602,516890096094602,524786252162177,4.443,8.14,8.14,9.728,353.183,138.022,138.022,321.009
277,Pittsburgh,PA,40.4844719,-80.040459,13194800291,4,4549,6173,181958870632890,159872639415383,516890096094602,524786252162177,11.407,17.066,16.548,12.503,353.183,63.93,138.022,321.009
278,Pittsburgh,PA,40.4851855,-80.0420195,8700558515,3,4549,6173,512187903401808,497484841351805,497484841351805,589582605739184,23.799,13.404,13.404,17.726,356.078,132.39,132.39,309.85
279,Pittsburgh,PA,40.4853105,-80.0419539,104949702,4,4549,6173,512187903401808,497484841351805,497484841351805,1297420854023024,9.081,1.863,1.863,3.93,356.078,132.39,132.39,315.855
280,Pittsburgh,PA,40.4853498,-80.0418636,13194802105,3,4549,6173,512187903401808,497484841351805,497484841351805,1297420854023024,8.323,9.611,9.611,5.749,356.078,132.39,132.39,315.855
281,Pittsburgh,PA,40.485382,-80.0419143,13194802181,4,4549,6173,512187903401808,497484841351805,497484841351805,1297420854023024,2.818,10.253,10.253,7.996,356.078,132.39,132.39,315.855
282,Pittsburgh,PA,40.4854216,-80.0419769,13194802182,3,4549,6173,512187903401808,257352709178823,257352709178823,1297420854023024,4.267,10.535,10.535,13.701,356.078,129.7,129.7,315.855
283,Pittsburgh,PA,40.4854454,-80.0421674,8700558508,3,4549,6173,512187903401808,1476816905991970,1476816905991970,1297420854023024,19.729,6.359,6.359,26.629,356.078,129.869,129.869,315.855
284,Pittsburgh,PA,40.4876552,-80.0412917,13194802211,3,4549,6173,248845676820544,326561452194838,326561452194838,248845676820544,24.091,22.145,22.145,24.091,312.46,136.663,136.663,312.46
285,Pittsburgh,PA,40.4877036,-80.0410163,105252926,3,4549,6173,512497793156353,326561452194838,326561452194838,512497793156353,6.099,23.933,23.933,6.099,308.66,136.663,136.663,308.66
286,Pittsburgh,PA,40.4877328,-80.0412683,13194802212,4,4549,6173,248845676820544,326561452194838,326561452194838,248845676820544,15.662,13.298,13.298,15.662,312.46,136.663,136.663,312.46
287,Pittsburgh,PA,40.4877688,-80.0415794,105252936,3,4549,6173,1000772130693629,2968334986759442,2968334986759442,1000772130693629,31.234,27.557,27.557,31.234,316.481,136.663,136.663,316.481
288,Pittsburgh,PA,40.4877706,-80.0412569,13194802210,3,4549,6173,248845676820544,326561452194838,326561452194838,248845676820544,11.782,8.992,8.992,11.782,312.46,136.663,136.663,312.46
289,Pittsburgh,PA,40.4883837,-80.0419402,3816409243,4,4549,6173,4770427399652633,497932681327681,497932681327681,4770427399652633,12.119,4.191,4.191,12.119,316.905,134.072,134.072,316.905
290,Pittsburgh,PA,40.4884278,-80.0418859,105875836,3,4549,6173,4770427399652633,4197008023682696,4197008023682696,4770427399652633,8.771,3.258,3.258,8.771,316.905,134.192,134.192,316.905
291,Pittsburgh,PA,40.4892121,-80.0429306,3816409246,4,4549,6173,343495420686472,153518043412276,153518043412276,343495420686472,11.675,3.703,3.703,11.675,318.008,129.794,129.794,318.008
292,Pittsburgh,PA,40.4892547,-80.0428789,3621954183,3,4549,6173,343495420686472,153518043412276,153518043412276,343495420686472,8.791,2.812,2.812,8.791,318.008,129.794,129.794,318.008
293,Pittsburgh,PA,40.4893891,-80.0434571,3816409250,3,4549,6173,965994727519834,478070230196029,478070230196029,965994727519834,28.99,23.186,23.186,28.99,318.405,128.201,128.201,318.405
294,Pittsburgh,PA,40.4894747,-80.043392,3816409256,3,4549,6173,965994727519834,478070230196029,478070230196029,965994727519834,18.311,12.601,12.601,18.311,318.405,128.201,128.201,318.405
295,Pittsburgh,PA,40.4895531,-80.0432911,3816409562,3,4549,6173,965994727519834,478070230196029,478070230196029,965994727519834,6.165,1.594,1.594,6.165,318.405,128.201,128.201,318.405
296,Pittsburgh,PA,40.4896963,-80.0438642,3472666470,3,4549,6173,2789708511320620,499375601211490,499375601211490,406886634088680,32.64,29.614,29.614,20.214,335.461,127.111,127.111,254.488
297,Pittsburgh,PA,40.4898532,-80.0436521,105088963,3,4549,6173,2789708511320620,499375601211490,499375601211490,524112715495893,7.619,15.628,15.628,7.87,335.461,127.111,127.111,249.826
298,Pittsburgh,PA,40.4901318,-80.0454767,104205970,3,4549,6173,4142235962463623,2875207559474933,226408152170001,4142235962463623,3.613,25.856,30.279,3.613,311.183,108.919,200.162,311.183
299,Pittsburgh,PA,40.49032,-80.0456551,106039367,3,4549,6173,483228319584416,2875207559474933,3733157906810586,789613465031956,4.134,16.679,15.415,9.426,10.912,108.919,239.088,283.173
300,Pittsburgh,PA,40.4884726,-80.010452,104642528,3,4550,6173,958624614917122,201565591785391,251382819793059,375575050596551,7.419,10.071,4.067,2.618,355.526,93.14,137.664,275.21
301,Pittsburgh,PA,40.4939619,-80.0114697,5166483493,3,4550,6173,1123892668097304,484807246171039,231718522046422,335690267977341,16.996,20.341,5.068,33.755,349.375,138.446,152.976,322.207
302,Pittsburgh,PA,40.4967658,-80.0121216,5166483078,3,4550,6173,1434983466841702,498522468001964,219967612944763,262369012291660,18.847,9.32,14.28,14.59,346.222,84.545,218.979,225.205
303,Pittsburgh,PA,40.4957499,-79.9401941,7697751188,3,4553,6173,2835826270065817,2835826270065817,1985259748279414,1985259748279414,32.097,32.097,2.049,2.049,57.595,57.595,233.777,233.777
304,Pittsburgh,PA,40.495788,-79.940152,4579992369,4,4553,6173,476106856811678,476106856811678,162332565750288,502478374523471,33.666,33.666,8.403,3.039,57.233,57.233,157.644,233.785
305,Pittsburgh,PA,40.4958841,-79.9394411,7697751132,3,4553,6173,393383401785594,393383401785594,911953402987899,911953402987899,11.491,11.491,19.386,19.386,54.55,54.55,234.818,234.818
306,Pittsburgh,PA,40.4960578,-79.9393362,7697751099,3,4553,6173,153812193424883,2880271322221183,2839361766275524,2839361766275524,23.128,23.161,9.339,9.339,53.655,53.834,234.894,234.894
307,Pittsburgh,PA,40.4814776,-79.919733,11761744317,3,4554,6173,2940890649526210,236687484897255,149066253861081,467063807696757,33.598,20.584,31.932,29.632,354.935,79.187,189.272,274.774
308,Pittsburgh,PA,40.4830343,-79.9193792,1916217559,3,4554,6173,296285715463624,4117982884911704,492292228879548,2848067752125415,25.814,33.757,31.492,29.788,354.388,85.602,123.994,321.475
309,Pittsburgh,PA,40.4853303,-79.9258158,12251170747,4,4554,6173,4226098980775859,320599479451879,320599479451879,477269823560587,14.709,10.794,10.794,16.158,21.255,132.906,132.906,327.322
310,Pittsburgh,PA,40.4853789,-79.920891,6967809880,3,4554,6173,945471769618277,945471769618277,475151193790847,475151193790847,27.621,27.621,28.869,28.869,40.318,40.318,221.484,221.484
311,Pittsburgh,PA,40.4854071,-79.9259174,12251170745,4,4554,6173,477269823560587,319796599553611,320599479451879,477269823560587,5.114,1.693,3.635,5.114,327.322,47.419,132.906,327.322
312,Pittsburgh,PA,40.4854088,-79.925714,12251170748,4,4554,6173,477269823560587,319796599553611,320599479451879,477269823560587,17.94,17.353,18.531,17.94,327.322,47.419,132.906,327.322
313,Pittsburgh,PA,40.4854856,-79.9258199,12251170741,4,4554,6173,477269823560587,319796599553611,320599479451879,477269823560587,9.049,13.319,15.31,9.049,327.322,47.419,132.906,327.322
314,Pittsburgh,PA,40.4854872,-79.9207271,6967809882,3,4554,6173,328174292200992,328174292200992,3878668942169632,3878668942169632,24.609,24.609,26.176,26.176,39.924,39.924,221.484,221.484
315,Pittsburgh,PA,40.4856013,-79.9205544,6967809859,3,4554,6173,1912715465573628,1912715465573628,3878668942169632,3878668942169632,22.408,22.408,28.996,28.996,42.173,42.173,221.484,221.484
316,Pittsburgh,PA,40.4859143,-79.9266212,12251055595,4,4554,6173,119885426812887,856001258329563,1343346372733429,127655719332554,11.166,18.016,32.91,15.47,347.625,38.096,129.859,318.53
317,Pittsburgh,PA,40.4859942,-79.9265293,12251055597,4,4554,6173,138392311665692,856001258329563,3995720320535559,127655719332554,5.426,7.319,27.387,17.198,29.568,38.096,126.592,318.53
318,Pittsburgh,PA,40.4924423,-79.9173303,7455350507,3,4554,6173,472543180675980,1124257008057182,168858348485528,832725527335948,32.485,29.637,29.429,34.922,338.466,119.358,120.72,272.576
319,Pittsburgh,PA,40.4925487,-79.9178912,3166189285,4,4554,6173,265596161972344,295785162217898,4241613702550281,1404340093234120,30.243,19.063,24.913,23.14,12.305,84.968,204.036,265.39
320,Pittsburgh,PA,40.493894,-79.917451,13586652316,4,4554,6173,2910266665915326,1069127723496628,181161523903837,474487386999937,4.145,6.823,3.401,5.848,342.18,101.491,205.924,249.552
321,Pittsburgh,PA,40.4806982,-79.9018108,8548717679,3,4555,6173,912785252835696,907357733444331,268565798341895,164626952263554,31.143,25.805,33.103,27.136,2.874,113.118,164.284,284.53
322,Pittsburgh,PA,40.4812317,-79.9099989,3706897623,3,4555,6173,521909912299183,245484083847653,2955896441356616,508924227216648,3.532,10.061,6.469,10.217,0.0,70.023,143.558,273.147
323,Pittsburgh,PA,40.4812772,-79.9084798,2634781557,3,4555,6173,807823183495976,374195980652097,530453261524793,283423533448726,4.359,9.349,32.798,4.176,11.926,46.732,175.311,263.772
324,Pittsburgh,PA,40.4816673,-79.9105581,3707344377,4,4555,6173,490594062362554,872914863256603,519993135680914,492358698671215,9.324,9.395,33.459,32.993,30.391,33.677,167.11,254.005
325,Pittsburgh,PA,40.4835107,-79.9079287,4575931122,3,4555,6173,133908898774494,316731943226552,112551864236935,544979020198762,3.048,6.205,3.048,7.963,1.086,76.105,189.974,291.412
326,Pittsburgh,PA,40.4842623,-79.9078573,356074443,3,4555,6173,2933986993594225,465207551248279,328466405540089,484170366188405,2.844,2.862,4.671,2.976,347.028,131.454,159.701,271.697
327,Pittsburgh,PA,40.4844333,-79.907759,104197803,3,4555,6173,476597753764862,316267776576335,328466405540089,3540889952802294,12.851,21.858,25.313,7.215,342.364,133.662,159.701,308.123
328,Pittsburgh,PA,40.4882616,-79.9028572,9216771812,3,4555,6173,352932409717715,490824635478937,316337876534143,1155081948340406,19.522,3.252,20.439,5.877,59.385,79.448,153.345,280.499
329,Pittsburgh,PA,40.488327,-79.9025469,4119155530,4,4555,6173,463395708097562,463395708097562,1091440314599792,811576536431662,2.037,2.037,3.297,11.872,46.548,46.548,202.814,275.915
330,Pittsburgh,PA,40.4883327,-79.9031185,9216781421,3,4555,6173,487417109375578,1177310959405941,466643651061627,1685744821619583,32.635,6.132,3.188,4.667,51.244,123.767,139.835,290.416
331,Pittsburgh,PA,40.4884346,-79.9024477,4119155535,3,4555,6173,1588760278181695,4459967187376185,824771208134156,500699524412737,6.504,4.47,5.457,3.537,52.166,63.829,162.706,268.9
332,Pittsburgh,PA,40.4884547,-79.9021666,4119155534,3,4555,6173,465107581433822,489321618953329,568168820819455,201114358495483,8.718,2.082,5.585,8.434,301.859,98.648,209.797,277.403
333,Pittsburgh,PA,40.4884954,-79.9012598,4119155542,3,4555,6173,566528097651197,286974586433779,286974586433779,515073919900948,18.553,1.783,1.783,2.618,336.91,137.634,137.634,291.826
334,Pittsburgh,PA,40.4885043,-79.9026713,5106615008,3,4555,6173,483894256259579,216545133329268,824771208134156,192162822754803,3.247,1.466,18.564,3.742,23.939,109.297,162.706,294.25
335,Pittsburgh,PA,40.4885293,-79.9033082,9216781450,3,4555,6173,487417109375578,217838366519289,1177310959405941,378793713440666,34.942,16.706,22.765,23.202,51.244,92.007,123.767,279.366
336,Pittsburgh,PA,40.4885844,-79.9015909,4119155552,3,4555,6173,475722070309663,331719104976563,306289741102131,301400544808077,4.761,3.293,4.747,2.445,349.99,65.225,175.432,276.34
337,Pittsburgh,PA,40.4886546,-79.9037408,4119155551,4,4555,6173,469130937496424,217838366519289,3130880867141254,580617719582493,32.272,33.871,30.735,29.677,41.818,92.007,238.859,271.76
338,Pittsburgh,PA,40.4888859,-79.9015939,454957135,3,4555,6173,496889595081902,517612866037865,742832363062396,177512634285481,9.97,6.244,3.199,33.383,341.765,90.515,190.384,306.093
339,Pittsburgh,PA,40.4911731,-79.9083566,7786153653,3,4555,6173,1141869369660995,319082979571845,319082979571845,213234840392001,10.894,6.34,6.34,10.736,314.614,131.992,131.992,313.589
340,Pittsburgh,PA,40.4912954,-79.9081691,7786153655,3,4555,6173,213234840392001,319082979571845,319082979571845,213234840392001,10.159,27.229,27.229,10.159,313.589,131.992,131.992,313.589
341,Pittsburgh,PA,40.491466,-79.9086868,687157676,3,4555,6173,215939310101021,174576574578698,177624607587203,789822788562276,11.828,4.622,9.408,20.499,317.362,83.513,136.684,266.707
342,Pittsburgh,PA,40.491668,-79.9088708,687157661,3,4555,6173,783139039258043,1929152270574517,1929152270574517,200831898542286,8.06,6.125,6.125,7.862,325.734,143.313,143.313,287.942
343,Pittsburgh,PA,40.4916922,-79.9084876,687157657,3,4555,6173,170638878211902,170638878211902,1880694748772948,340031877483869,3.947,3.947,3.532,8.99,37.222,37.222,223.661,250.346
344,Pittsburgh,PA,40.4918624,-79.9090446,7013191778,3,4555,6173,252026466707444,605764307067246,605764307067246,252026466707444,3.89,2.382,2.382,3.89,326.62,147.362,147.362,326.62
345,Pittsburgh,PA,40.4919798,-79.9088443,7013191779,3,4555,6173,847354595862098,605764307067246,605764307067246,847354595862098,13.643,23.722,23.722,13.643,319.049,147.362,147.362,319.049
346,Pittsburgh,PA,40.4923421,-79.9095673,7013203487,3,4555,6173,261863932169196,750550795639692,750550795639692,2902493530005822,6.293,1.801,1.801,5.661,315.724,134.776,134.776,310.51
347,Pittsburgh,PA,40.4923823,-79.9094026,7013191784,3,4555,6173,504179640777983,750550795639692,750550795639692,504179640777983,6.793,15.112,15.112,6.793,316.896,134.776,134.776,316.896
348,Pittsburgh,PA,40.4927505,-79.9077837,2629101281,3,4555,6173,470917020635633,1540379752959648,500154914508838,470917020635633,25.305,34.105,33.448,25.305,316.713,131.22,139.263,316.713
349,Pittsburgh,PA,40.4930216,-79.9109408,8464436051,3,4555,6173,774537163247577,219780139621366,170080415118468,332044411647884,14.475,2.325,22.181,3.605,331.409,111.666,121.792,291.522
350,Pittsburgh,PA,40.4930971,-79.9109172,13586652322,4,4555,6173,774537163247577,219780139621366,170080415118468,332044411647884,5.85,8.003,29.209,5.056,331.409,111.666,121.792,291.522
351,Pittsburgh,PA,40.4933447,-79.9137232,13586652334,4,4555,6173,3010270289248365,499626867901725,218616263095286,776670446371180,16.786,8.977,19.591,3.353,33.862,101.412,199.546,279.279
352,Pittsburgh,PA,40.4948825,-79.9094654,8836259701,3,4555,6173,141343334593451,776887439690381,5388788041193462,555894495376843,14.977,15.955,11.313,23.596,344.787,142.615,155.396,268.822
353,Pittsburgh,PA,40.4850648,-79.876522,3469899726,3,4556,6173,1197397034031822,496153678098257,793291508225787,1904681269682691,25.988,4.006,4.057,15.215,37.793,81.374,166.254,266.111
354,Pittsburgh,PA,40.4851133,-79.8800824,5390726463,4,4556,6173,533214194363070,1499206703744286,475641257077032,145444530898780,6.81,4.266,10.672,10.571,46.441,65.369,210.242,240.91
355,Pittsburgh,PA,40.4851542,-79.8801154,3627908334,3,4556,6173,533214194363070,1499206703744286,475641257077032,145444530898780,5.258,2.794,6.145,6.913,46.441,65.369,210.242,240.91
356,Pittsburgh,PA,40.4852165,-79.879969,5390726460,4,4556,6173,300015571663204,533214194363070,656715369060896,475641257077032,4.092,9.004,9.542,11.158,23.933,46.441,199.371,210.242
357,Pittsburgh,PA,40.4852362,-79.88005,532136544,3,4556,6173,300015571663204,533214194363070,656715369060896,475641257077032,3.104,7.216,2.806,5.279,23.933,46.441,199.371,210.242
358,Pittsburgh,PA,40.4854368,-79.879906,7723542687,4,4556,6173,153491743451282,533214194363070,224222235768383,475641257077032,5.538,32.158,9.585,30.269,9.687,46.441,191.46,210.242
359,Pittsburgh,PA,40.4854517,-79.8799879,7723542686,3,4556,6173,153491743451282,533214194363070,301844664765399,475641257077032,3.998,31.702,3.45,28.693,9.687,46.441,193.225,210.242
360,Pittsburgh,PA,40.4863461,-79.8739227,3469899746,4,4556,6173,329218471964812,4280801485286163,941578149934176,911555119406858,32.098,2.691,28.765,0.74,2.559,78.663,180.896,256.974
361,Pittsburgh,PA,40.4863642,-79.8737847,5335479320,4,4556,6173,329218471964812,475220870422516,941578149934176,809666113020827,21.476,3.519,17.32,1.243,2.559,82.273,180.896,258.719
362,Pittsburgh,PA,40.4863934,-79.8735629,3469899747,3,4556,6173,1111512335999639,513240299709455,288841919604623,127583689339785,5.233,6.682,3.404,10.939,18.24,64.087,182.429,269.281
363,Pittsburgh,PA,40.4867504,-79.8799039,532136449,3,4556,6173,514675802893945,525706718609331,475795723688267,504331444042362,6.337,16.424,12.09,8.472,7.169,36.833,167.889,231.692
364,Pittsburgh,PA,40.4868362,-79.8798883,5390778905,3,4556,6173,1419642315071659,525706718609331,806163030320441,806163030320441,0.496,7.29,2.958,2.958,29.245,36.833,216.306,216.306
365,Pittsburgh,PA,40.4870454,-79.8795983,5390778894,3,4556,6173,518767085824945,578187189811915,1426976484333113,184414286887705,8.738,2.652,17.579,1.131,59.024,71.947,235.053,251.171
366,Pittsburgh,PA,40.4876932,-79.87357,105808941,4,4556,6173,800294884204923,889778921572072,849329685791365,908188356690038,8.259,4.974,3.037,8.928,341.444,82.443,179.067,292.954
367,Pittsburgh,PA,40.4754245,-80.0973537,106048082,4,4546,6174,358478475908073,1867122376795923,2053959928104717,255318072736527,11.681,11.425,24.411,18.624,43.067,82.625,204.061,237.812
368,Pittsburgh,PA,40.4787098,-80.0924575,105968631,3,4546,6174,245380480540380,245380480540380,361535705416000,149457143871572,0.939,0.939,9.868,9.515,32.741,32.741,194.019,223.024
369,Pittsburgh,PA,40.4787771,-80.0922102,105968639,3,4546,6174,555428938808346,245380480540380,361535705416000,149457143871572,16.834,21.446,21.853,31.684,8.814,32.741,194.019,223.024
370,Pittsburgh,PA,40.4636892,-80.0738417,332702353,3,4547,6174,929378037901866,263469935559181,467726047647881,542825633392732,23.025,17.595,10.685,5.606,307.76,100.444,146.425,270.0
371,Pittsburgh,PA,40.4746657,-80.0703568,5057080087,3,4547,6174,3001099490157377,542316390295966,259858315538157,379155496974940,14.164,1.254,12.565,5.895,53.794,69.88,233.84,252.276
372,Pittsburgh,PA,40.4747144,-80.0712851,5056717819,3,4547,6174,229517142361023,216854373697644,216854373697644,5815319125207176,18.687,3.1,3.1,2.315,301.329,120.393,120.393,296.682
373,Pittsburgh,PA,40.4751369,-80.0694516,106048047,3,4547,6174,845671002998194,845671002998194,366881118338035,366881118338035,4.273,4.273,9.725,9.725,53.776,53.776,228.289,228.289
374,Pittsburgh,PA,40.4636747,-80.0660309,4435477353,3,4548,6174,469444074117464,497129441530355,477173003594148,145187027592252,4.336,19.733,1.961,7.96,356.137,45.065,181.55,286.587
375,Pittsburgh,PA,40.4734524,-80.0630308,12517765147,3,4548,6174,890275084854441,3951083961637078,2991366364454293,888620240664692,18.855,11.841,20.385,16.003,19.615,111.0,121.993,264.0
376,Pittsburgh,PA,40.4734758,-80.0629319,105679319,3,4548,6174,890275084854441,3951083961637078,2991366364454293,1330818149089770,11.98,6.552,23.493,10.471,19.615,111.0,121.993,264.0
377,Pittsburgh,PA,40.4735052,-80.0629239,13784303754,4,4548,6174,890275084854441,3951083961637078,2991366364454293,1330818149089770,8.728,3.554,22.023,8.044,19.615,111.0,121.993,264.0
378,Pittsburgh,PA,40.4735324,-80.0631826,12517765145,4,4548,6174,890275084854441,2991366364454293,2991366364454293,1467184815098248,26.287,9.966,9.966,14.588,19.615,121.993,121.993,265.0
379,Pittsburgh,PA,40.4735416,-80.062588,13784303751,4,4548,6174,1861487174022613,380946006539592,627787451531282,785270427435576,17.702,1.741,30.454,10.256,323.906,89.841,142.632,266.0
380,Pittsburgh,PA,40.4735506,-80.0624038,104836000,3,4548,6174,1861487174022613,176927531007265,627787451531282,2905877696344928,3.224,5.102,18.202,11.301,323.906,84.746,142.632,256.071
381,Pittsburgh,PA,40.4735722,-80.0630931,13784303755,4,4548,6174,890275084854441,363336468596225,2991366364454293,1467184815098248,18.287,3.778,6.262,6.669,19.615,118.793,121.993,265.0
382,Pittsburgh,PA,40.4736187,-80.0625821,4435477309,3,4548,6174,1861487174022613,380946006539592,627787451531282,519593072396189,17.492,7.627,26.483,2.006,323.906,89.841,142.632,274.791
383,Pittsburgh,PA,40.4736198,-80.0626221,13784303731,3,4548,6174,890275084854441,380946006539592,627787451531282,519593072396189,22.122,8.817,29.717,3.472,19.615,89.841,142.632,274.791
384,Pittsburgh,PA,40.4737386,-80.0622622,104806160,3,4548,6174,1477316199315828,1477316199315828,627787451531282,884135602538104,9.079,9.079,6.15,9.313,53.466,53.466,142.632,257.155
385,Pittsburgh,PA,40.4737963,-80.0618207,1777041967,3,4548,6174,1665682023625361,306524117745315,364846065061246,364846065061246,4.466,4.291,9.35,9.35,54.403,55.155,239.235,239.235
386,Pittsburgh,PA,40.4738155,-80.063549,12517765144,3,4548,6174,983227442514352,259330752269432,306191214621744,978222319421821,7.373,7.772,5.503,6.441,333.169,53.484,180.0,275.736
387,Pittsburgh,PA,40.4738262,-80.0635362,13784303756,4,4548,6174,983227442514352,513702129882546,306191214621744,978222319421821,6.111,6.583,6.595,8.032,333.169,132.142,180.0,275.736
388,Pittsburgh,PA,40.4738985,-80.0634069,13784303758,4,4548,6174,165948808802988,513702129882546,348552573551062,1441926143710277,4.431,11.533,9.503,7.247,311.09,132.142,155.025,277.0
389,Pittsburgh,PA,40.4739988,-80.0635276,13784303759,4,4548,6174,787426538805956,241367067819360,241367067819360,2981544948702829,6.774,8.221,8.221,7.358,312.613,137.638,137.638,281.0
390,Pittsburgh,PA,40.4747099,-80.0596353,3983245346,3,4548,6174,861943131333705,861943131333705,204671934931666,204671934931666,14.944,14.944,20.868,20.868,57.739,57.739,236.826,236.826
391,Pittsburgh,PA,40.4747163,-80.0599075,696080110,4,4548,6174,348583256971574,348583256971574,204671934931666,204671934931666,6.069,6.069,11.393,11.393,55.876,55.876,236.826,236.826
392,Pittsburgh,PA,40.4747644,-80.0592135,5111601912,3,4548,6174,876538106621004,196070005684796,2289704864503363,2289704864503363,28.7,27.423,33.211,33.211,57.16,60.258,238.757,238.757
393,Pittsburgh,PA,40.4748398,-80.0592744,3983245355,3,4548,6174,876538106621004,196070005684796,2289704864503363,2289704864503363,19.057,18.013,23.431,23.431,57.16,60.258,238.757,238.757
394,Pittsburgh,PA,40.4749085,-80.0597998,3983244903,3,4548,6174,861943131333705,861943131333705,204671934931666,204671934931666,15.128,15.128,11.896,11.896,57.739,57.739,236.826,236.826
395,Pittsburgh,PA,40.4750997,-80.0594892,3983244898,3,4548,6174,876538106621004,876538106621004,2289704864503363,2289704864503363,16.44,16.44,11.239,11.239,57.16,57.16,238.757,238.757
396,Pittsburgh,PA,40.475206,-80.058267,5111601889,3,4548,6174,333470884954540,333470884954540,164970579034876,164970579034876,24.615,24.615,33.067,33.067,57.355,57.355,238.11,238.11
397,Pittsburgh,PA,40.4752569,-80.0583072,104375374,3,4548,6174,333470884954540,333470884954540,164970579034876,164970579034876,18.225,18.225,26.468,26.468,57.355,57.355,238.11,238.11
398,Pittsburgh,PA,40.4753055,-80.0583464,3983245339,4,4548,6174,333470884954540,333470884954540,164970579034876,164970579034876,12.279,12.279,20.131,20.131,57.355,57.355,238.11,238.11
399,Pittsburgh,PA,40.4753309,-80.0583669,696080118,4,4548,6174,333470884954540,333470884954540,164970579034876,164970579034876,9.377,9.377,16.82,16.82,57.355,57.355,238.11,238.11
400,Pittsburgh,PA,40.4754196,-80.057967,8700600874,3,4548,6174,1421142281576499,1421142281576499,506443593795452,506443593795452,18.938,18.938,26.24,26.24,56.223,56.223,238.593,238.593
401,Pittsburgh,PA,40.4755046,-80.058507,696080067,4,4548,6174,333470884954540,201200491957109,164970579034876,164970579034876,15.715,15.228,5.901,5.901,57.355,60.15,238.11,238.11
402,Pittsburgh,PA,40.4755425,-80.0585377,3983244933,3,4548,6174,2016984468449884,201200491957109,164970579034876,164970579034876,19.58,18.792,10.83,10.83,56.047,60.15,238.11,238.11
403,Pittsburgh,PA,40.4755628,-80.058554,104355574,3,4548,6174,2016984468449884,201200491957109,164970579034876,164970579034876,21.649,20.935,13.471,13.471,56.047,60.15,238.11,238.11
404,Pittsburgh,PA,40.4755821,-80.0585696,3983244932,3,4548,6174,2016984468449884,201200491957109,164970579034876,164970579034876,23.731,23.069,15.987,15.987,56.047,60.15,238.11,238.11
405,Pittsburgh,PA,40.4756119,-80.0651478,106048067,3,4548,6174,299670631844965,3010862482525965,506341087226700,687002704433715,4.599,5.989,4.029,3.75,334.057,141.519,160.911,286.0
406,Pittsburgh,PA,40.4757529,-80.0581382,104355583,3,4548,6174,1421142281576499,869546166985356,506443593795452,506443593795452,20.905,17.332,14.082,14.082,56.223,60.032,238.593,238.593
407,Pittsburgh,PA,40.476802,-80.0659773,105772112,4,4548,6174,771718010164795,217949193571569,217949193571569,1408386503819438,2.723,4.389,4.389,3.347,333.511,149.69,149.69,279.0
408,Pittsburgh,PA,40.476887,-80.0660382,11383148837,3,4548,6174,513686006425596,172129448159844,375863774143148,1632183788132946,3.965,6.096,3.859,3.406,334.381,149.872,151.182,279.0
409,Pittsburgh,PA,40.4770087,-80.0665269,11383148833,3,4548,6174,298074771803768,2895769587357396,808923339733089,808923339733089,10.039,2.912,3.274,3.274,56.971,60.357,236.337,236.337
410,Pittsburgh,PA,40.4770334,-80.0661391,11383148835,3,4548,6174,894687757777945,1178047545981612,532939601462483,34441535642111562,3.687,14.317,3.731,4.123,334.77,72.578,153.6,281.0
411,Pittsburgh,PA,40.4771537,-80.0662158,106107481,3,4548,6174,483705646404612,1178047545981612,195660252529512,962399596110575,7.271,8.203,4.174,3.804,326.086,72.578,156.288,281.0
412,Pittsburgh,PA,40.4648628,-80.0355198,685115186,3,4549,6174,813993609538971,1534609456871130,811500376397047,962147861293513,8.324,20.035,7.429,11.044,329.044,148.592,150.007,315.113
413,Pittsburgh,PA,40.4671552,-80.0368877,1252582302,4,4549,6174,4305009402884742,302977621407599,220897109496529,253598463222991,3.92,22.173,4.785,28.827,335.855,143.842,155.565,326.186
414,Pittsburgh,PA,40.4672897,-80.036729,7400109366,3,4549,6174,1090361724806133,302977621407599,224984115672261,253598463222991,17.804,27.896,22.793,28.236,330.032,143.842,150.437,326.186
415,Pittsburgh,PA,40.4677435,-80.0369978,7400109362,3,4549,6174,3871112379633748,1418138265213004,1418138265213004,3871112379633748,24.157,32.943,32.943,24.157,323.123,146.61,146.61,323.123
416,Pittsburgh,PA,40.4681014,-80.0377308,1252582190,3,4549,6174,3923116021111328,348418633385202,348418633385202,526553845144441,6.515,5.265,5.265,18.975,334.893,148.13,148.13,327.447
417,Pittsburgh,PA,40.4690724,-80.0384136,8725567136,3,4549,6174,1798102597065599,804153763547817,930692467474118,1358473564535361,5.963,14.014,4.938,14.958,330.35,148.222,153.601,329.93
418,Pittsburgh,PA,40.4691594,-80.0382083,8725567134,4,4549,6174,1798102597065599,804153763547817,930692467474118,1358473564535361,14.177,27.035,23.434,19.874,330.35,148.222,153.601,329.93
419,Pittsburgh,PA,40.4696626,-80.0388286,11107238348,3,4549,6174,499346387874408,808294696559199,562183741417319,765607120799042,6.219,26.695,6.353,12.805,333.888,149.754,152.928,329.921
420,Pittsburgh,PA,40.4704959,-80.0394146,7249238056,3,4549,6174,489214545638013,999421404131604,858396734744938,769398623949747,2.842,13.587,3.595,14.774,332.071,149.404,150.98,328.961
421,Pittsburgh,PA,40.4714864,-80.0400084,104881491,3,4549,6174,381937659749783,252491563325508,936842250403748,3837616352953686,3.229,10.92,1.7,5.751,346.362,88.069,199.199,245.544
422,Pittsburgh,PA,40.4717561,-80.0372169,12860904752,3,4549,6174,1449055582096697,379067833430731,1212204939199805,496429671544979,29.839,4.264,9.427,30.529,342.474,124.315,163.722,258.8
423,Pittsburgh,PA,40.4717974,-80.0374093,104711503,3,4549,6174,524327058585239,5761324270574179,1212204939199805,473771897235536,14.792,4.317,22.968,21.768,330.011,94.894,163.722,280.367
424,Pittsburgh,PA,40.4787248,-80.0431096,12850000757,3,4549,6174,561413155031301,1128368574310378,1128368574310378,672804440785857,12.39,1.478,1.478,23.802,46.741,146.544,146.544,241.815
425,Pittsburgh,PA,40.4788954,-80.0432609,12850000760,3,4549,6174,561413155031301,464251904875603,464251904875603,292953035930395,16.125,1.256,1.256,3.415,46.741,145.64,145.64,224.687
426,Pittsburgh,PA,40.4789785,-80.0429848,3910908218,4,4549,6174,1507680239572761,561413155031301,360235852162708,518307619349762,3.71,18.175,15.9,4.291,25.865,46.741,189.506,318.974
427,Pittsburgh,PA,40.478988,-80.0431772,3910908219,4,4549,6174,498061244943728,222608369307687,2996468540673260,2996468540673260,6.692,9.907,4.861,4.861,321.475,141.952,212.143,212.143
428,Pittsburgh,PA,40.4790849,-80.0430874,12850000755,3,4549,6174,830886871134293,137960665036364,360235852162708,516923629336648,4.081,21.181,5.726,3.302,24.01,141.856,189.506,318.673
429,Pittsburgh,PA,40.4793176,-80.0433305,12850000750,4,4549,6174,887233115466225,851392178919664,374339967450151,887233115466225,1.241,17.985,27.003,1.241,317.834,141.602,177.819,317.834
430,Pittsburgh,PA,40.4793571,-80.0433343,13188021833,3,4549,6174,2952018115049215,851392178919664,295823255660022,2952018115049215,3.897,21.255,26.967,3.897,317.716,141.602,174.183,317.716
431,Pittsburgh,PA,40.4793672,-80.0435882,3772210008,3,4549,6174,1646671822185036,246406870610025,246406870610025,1646671822185036,6.981,5.622,5.622,6.981,317.244,142.171,142.171,317.244
432,Pittsburgh,PA,40.4638387,-79.9774391,6967728465,3,4552,6174,327998368930757,1889547764537768,142264857885321,327998368930757,6.964,22.645,29.834,6.964,301.491,82.366,212.467,301.491
433,Pittsburgh,PA,40.4638997,-79.9780792,6970573670,3,4552,6174,175156894510086,1189640068149572,329866685240298,175156894510086,14.044,3.738,19.757,14.044,301.561,70.684,209.746,301.561
434,Pittsburgh,PA,40.4639442,-79.9777147,6967728461,4,4552,6174,208865384382099,4329391190428681,309846303877036,176724994364244,5.288,4.653,3.809,5.975,31.11,33.923,217.01,301.53
435,Pittsburgh,PA,40.4640568,-79.9779553,6970573663,4,4552,6174,178181797536374,138746801533571,309846303877036,178181797536374,6.41,23.976,20.772,6.41,301.557,71.547,217.01,301.557
436,Pittsburgh,PA,40.4641969,-79.9778385,6970573668,3,4552,6174,1873565859475000,1865517886944680,2872824842990169,178181797536374,23.296,23.658,21.589,24.627,31.401,33.42,212.449,301.557
437,Pittsburgh,PA,40.4643041,-79.977425,2636033950,4,4552,6174,1064026544125234,1064026544125234,195642795622859,1132045800633455,2.78,2.78,2.656,8.588,30.58,30.58,209.806,210.243
438,Pittsburgh,PA,40.4644827,-79.979564,4819208791,3,4552,6174,762038381181714,762038381181714,337079771166782,205309811268947,2.752,2.752,3.815,6.367,40.838,40.838,195.807,264.178
439,Pittsburgh,PA,40.4647377,-79.9800568,4819208783,3,4552,6174,1052730501798469,1052730501798469,155710456514993,298916338550953,10.821,10.821,5.56,7.89,35.481,35.481,215.731,242.881
440,Pittsburgh,PA,40.464783,-79.9770395,6970573662,3,4552,6174,1711410089062499,1711410089062499,826840858039798,826840858039798,2.066,2.066,3.527,3.527,31.262,31.262,211.643,211.643
441,Pittsburgh,PA,40.4649432,-79.9769105,6970573657,3,4552,6174,769767473910741,769767473910741,801397777480681,162549209057191,4.325,4.325,4.898,4.228,32.183,32.183,208.035,211.491
442,Pittsburgh,PA,40.4649871,-79.9798743,6968060192,3,4552,6174,139292471558239,139292471558239,951672278929828,186279826588758,16.993,16.993,10.526,23.884,34.99,34.99,213.697,270.09
443,Pittsburgh,PA,40.4650212,-79.9798281,3625539730,3,4552,6174,139292471558239,139292471558239,951672278929828,951672278929828,13.092,13.092,7.767,7.767,34.99,34.99,213.697,213.697
444,Pittsburgh,PA,40.4655423,-79.976428,7059050965,3,4552,6174,1125073534650009,759169741444380,881830515731081,881830515731081,0.194,13.155,3.684,3.684,29.712,31.393,211.93,211.93
445,Pittsburgh,PA,40.465558,-79.9764153,5852818109,3,4552,6174,1125073534650009,759169741444380,881830515731081,881830515731081,1.983,15.205,5.535,5.535,29.712,31.393,211.93,211.93
446,Pittsburgh,PA,40.4656107,-79.9595577,12222649479,3,4552,6174,481797082874578,614789202831390,1006034933547666,286147576501537,22.047,23.514,31.614,34.76,35.511,51.705,183.05,318.686
447,Pittsburgh,PA,40.465668,-79.9766263,7059050963,3,4552,6174,1125073534650009,759169741444380,881830515731081,295417412125872,21.647,27.026,20.647,20.464,29.712,31.393,211.93,213.165
448,Pittsburgh,PA,40.4656928,-79.9596676,12222649485,3,4552,6174,481797082874578,614789202831390,1006034933547666,169738174965127,9.02,12.097,20.342,31.363,35.511,51.705,183.05,285.274
449,Pittsburgh,PA,40.465723,-79.9762823,5852818103,3,4552,6174,1037991976731346,1037991976731346,2783406218576456,2783406218576456,2.317,2.317,3.673,3.673,30.646,30.646,212.072,212.072
450,Pittsburgh,PA,40.465819,-79.976205,2636034025,4,4552,6174,1177576416029181,1177576416029181,287005303135397,287005303135397,1.746,1.746,1.752,1.752,30.264,30.264,212.549,212.549
451,Pittsburgh,PA,40.4659087,-79.9593518,12222649477,4,4552,6174,286147576501537,204570547997535,1006034933547666,169738174965127,17.992,19.343,29.513,23.542,318.686,38.65,183.05,285.274
452,Pittsburgh,PA,40.4673454,-79.9758838,3690724064,3,4552,6174,936914140392736,489459648925741,833866564209828,744312766251794,7.604,30.879,3.562,27.055,11.896,39.887,182.966,212.119
453,Pittsburgh,PA,40.4674732,-79.9637297,13322729030,3,4552,6174,320555586141747,320555586141747,476960210191666,212690107075671,1.826,1.826,13.33,28.225,32.039,32.039,166.147,228.051
454,Pittsburgh,PA,40.4674815,-79.9637222,13200586794,3,4552,6174,758600228138962,758600228138962,476960210191666,212690107075671,1.142,1.142,12.21,27.114,32.435,32.435,166.147,228.051
455,Pittsburgh,PA,40.4675583,-79.9638753,13293573011,3,4552,6174,320555586141747,758600228138962,476960210191666,212690107075671,16.172,16.088,19.916,29.724,32.039,32.435,166.147,228.051
456,Pittsburgh,PA,40.4675628,-79.9636228,12207819775,4,4552,6174,472885033796964,472885033796964,476960210191666,212690107075671,1.948,1.948,1.822,15.603,33.464,33.464,166.147,228.051
457,Pittsburgh,PA,40.4675752,-79.9638657,13293573016,3,4552,6174,758600228138962,758600228138962,476960210191666,212690107075671,16.444,16.444,19.048,28.071,32.435,32.435,166.147,228.051
458,Pittsburgh,PA,40.467614,-79.9636985,13293573006,4,4552,6174,472885033796964,1218971148551526,476960210191666,212690107075671,8.49,8.498,6.765,13.981,33.464,33.903,166.147,228.051
459,Pittsburgh,PA,40.4676231,-79.963799,13293573013,4,4552,6174,154420296582781,154420296582781,476960210191666,212690107075671,15.446,15.446,14.554,20.632,33.121,33.121,166.147,228.051
460,Pittsburgh,PA,40.4676286,-79.9639251,13293573017,4,4552,6174,758600228138962,758600228138962,476960210191666,212690107075671,24.09,24.09,24.877,30.523,32.435,32.435,166.147,228.051
461,Pittsburgh,PA,40.4676529,-79.9637531,13293573014,3,4552,6174,472885033796964,1218971148551526,476960210191666,212690107075671,14.743,14.669,13.093,15.803,33.464,33.903,166.147,228.051
462,Pittsburgh,PA,40.4676633,-79.9752904,6954008373,3,4552,6174,316410693327954,487161089372145,898134911040869,4538238172872544,7.059,28.525,3.331,2.524,345.096,52.396,232.933,282.056
463,Pittsburgh,PA,40.4676827,-79.963877,10125682490,3,4552,6174,154420296582781,472885033796964,476960210191666,212690107075671,24.786,24.746,23.482,25.507,33.121,33.464,166.147,228.051
464,Pittsburgh,PA,40.467814,-79.9754905,6954008370,3,4552,6174,743223346371903,743223346371903,4731641816865653,535113654176128,3.803,3.803,13.66,4.61,41.726,41.726,218.824,260.908
465,Pittsburgh,PA,40.4681008,-79.9751444,6954020599,3,4552,6174,294932052116073,294932052116073,2889835294594775,180417810626266,4.574,4.574,25.572,31.04,45.361,45.361,152.044,233.839
466,Pittsburgh,PA,40.4683493,-79.9627717,3855626461,3,4552,6174,134886442025208,134886442025208,3934204249980796,3934204249980796,24.564,24.564,2.856,2.856,43.264,43.264,226.048,226.048
467,Pittsburgh,PA,40.4684685,-79.9629185,3855626462,3,4552,6174,134886442025208,134886442025208,3934204249980796,3934204249980796,31.851,31.851,15.422,15.422,43.264,43.264,226.048,226.048
468,Pittsburgh,PA,40.4685855,-79.9623255,6226414050,3,4552,6174,883944392223202,950329995784139,1210868992683500,3968442849938808,17.219,24.849,7.684,8.02,317.074,95.276,233.359,243.398
469,Pittsburgh,PA,40.468612,-79.9622848,6226414051,3,4552,6174,883944392223202,950329995784139,1210868992683500,507204637142599,12.755,21.461,9.598,4.802,317.074,95.276,233.359,294.528
470,Pittsburgh,PA,40.4686122,-79.9620434,12228497721,4,4552,6174,149886850439233,289427306243891,1210868992683500,172148061481908,6.566,27.304,29.888,7.928,316.682,84.172,233.359,282.642
471,Pittsburgh,PA,40.468652,-79.962409,6226414044,4,4552,6174,507537310371244,950329995784139,316381053425546,1210868992683500,16.991,20.771,14.334,2.777,316.986,95.276,178.405,233.359
472,Pittsburgh,PA,40.4687123,-79.9621612,6226414048,3,4552,6174,883944392223202,289427306243891,1210868992683500,172148061481908,2.837,12.58,21.915,7.362,317.074,84.172,233.359,282.642
473,Pittsburgh,PA,40.4687297,-79.9621708,6226414047,3,4552,6174,908631199979977,289427306243891,150523400310086,172148061481908,4.883,10.49,20.091,9.212,327.618,84.172,122.952,282.642
474,Pittsburgh,PA,40.4687543,-79.9624695,6226414041,3,4552,6174,306465260989784,1378748669171781,1378748669171781,3968442849938808,12.953,1.829,1.829,16.197,316.855,145.578,145.578,243.398
475,Pittsburgh,PA,40.4688336,-79.9620188,12223641555,4,4552,6174,482998656371470,1135781420232066,150523400310086,172148061481908,7.141,7.818,29.646,18.753,48.871,52.482,122.952,282.642
476,Pittsburgh,PA,40.4688477,-79.9627352,3855626483,3,4552,6174,168969948492385,3209002432719715,3209002432719715,231708055380645,22.373,7.658,7.658,23.396,316.551,141.053,141.053,280.118
477,Pittsburgh,PA,40.4688592,-79.9622464,6226413999,3,4552,6174,375346130504427,289427306243891,150523400310086,375346130504427,2.227,5.359,10.917,2.227,305.488,84.172,122.952,305.488
478,Pittsburgh,PA,40.4688629,-79.9623267,6226414001,3,4552,6174,626890075377390,950329995784139,330172281790871,375346130504427,4.317,8.208,6.761,4.611,316.811,95.276,130.373,305.488
479,Pittsburgh,PA,40.4689459,-79.9628507,3855626485,3,4552,6174,991946714543621,833691683895452,833691683895452,231708055380645,18.326,5.915,5.915,21.713,324.44,140.69,140.69,280.118
480,Pittsburgh,PA,40.4689586,-79.9623767,3852727514,3,4552,6174,1416328562069359,950329995784139,373460524098905,400386464263008,5.551,19.471,11.422,6.174,315.498,95.276,136.888,280.02
481,Pittsburgh,PA,40.4689748,-79.9628847,3855626486,3,4552,6174,991946714543621,315578936598718,315578936598718,231708055380645,17.792,5.301,5.301,23.042,324.44,140.507,140.507,280.118
482,Pittsburgh,PA,40.4689804,-79.9624884,6226414003,4,4552,6174,160572632740817,548751926531621,548751926531621,400386464263008,3.457,6.07,6.07,4.009,316.631,135.889,135.889,280.02
483,Pittsburgh,PA,40.4690047,-79.9627698,6226414040,4,4552,6174,991946714543621,833691683895452,833691683895452,231708055380645,9.28,3.752,3.752,12.769,324.44,140.69,140.69,280.118
484,Pittsburgh,PA,40.4690124,-79.9624467,3852727518,3,4552,6174,927873231367037,812012306104203,812012306104203,400386464263008,8.139,8.655,8.655,5.874,316.587,133.141,133.141,280.02
485,Pittsburgh,PA,40.4690691,-79.9625171,3852727524,3,4552,6174,221882799390728,812012306104203,812012306104203,231708055380645,7.796,6.59,6.59,9.775,316.516,133.141,133.141,280.118
486,Pittsburgh,PA,40.469142,-79.9626967,6226414005,4,4552,6174,391241192018793,394118891715452,394118891715452,391241192018793,2.73,6.944,6.944,2.73,316.332,130.782,130.782,316.332
487,Pittsburgh,PA,40.4693294,-79.963168,8700163156,4,4552,6174,2815841568731965,294454475550305,294454475550305,3740155689445846,13.572,7.929,7.929,12.925,330.29,139.234,139.234,303.845
488,Pittsburgh,PA,40.4695569,-79.9632038,10262340896,4,4552,6174,1098186634011293,321356956070316,685583072204694,1098186634011293,3.846,11.235,11.32,3.846,329.44,134.749,135.266,329.44
489,Pittsburgh,PA,40.4696652,-79.9630415,10262340894,3,4552,6174,1098186634011293,321356956070316,685583072204694,180439557299240,21.385,29.488,29.391,22.85,329.44,134.749,135.266,306.815
490,Pittsburgh,PA,40.4696772,-79.9630136,10262340893,3,4552,6174,1098186634011293,685583072204694,685583072204694,180439557299240,23.975,31.994,31.994,25.482,329.44,135.266,135.266,306.815
491,Pittsburgh,PA,40.4697765,-79.963478,6226414012,3,4552,6174,2541819596127371,469158501034173,469158501034173,2541819596127371,3.982,13.339,13.339,3.982,323.216,129.799,129.799,323.216
492,Pittsburgh,PA,40.469996,-79.9637671,6226414009,3,4552,6174,210581407543460,281966406991912,281966406991912,210581407543460,7.501,16.502,16.502,7.501,304.891,129.023,129.023,304.891
493,Pittsburgh,PA,40.4708579,-79.9648654,12223583341,3,4552,6174,1344929125900438,1666433813540056,505484963914121,1344929125900438,22.255,33.347,33.668,22.255,307.819,124.336,127.117,307.819
494,Pittsburgh,PA,40.470936,-79.9649676,12223583338,3,4552,6174,910115339812102,521132412343645,521132412343645,910115339812102,23.601,32.786,32.786,23.601,307.845,128.515,128.515,307.845
495,Pittsburgh,PA,40.474423,-79.9712961,270291563,4,4552,6174,465995274631426,308662814190950,308662814190950,465995274631426,2.864,1.014,1.014,2.864,302.285,136.258,136.258,302.285
496,Pittsburgh,PA,40.4744805,-79.9712453,5171318121,3,4552,6174,292720932522737,1783304205209846,580411796231245,465995274631426,7.574,5.216,5.467,5.216,34.261,143.288,157.328,302.285
497,Pittsburgh,PA,40.4767473,-79.9695282,1255783595,3,4552,6174,320531409682738,332534868424916,763622597661989,763622597661989,33.79,28.007,1.184,1.184,31.458,69.828,213.6,213.6
498,Pittsburgh,PA,40.4768088,-79.968961,5171318152,4,4552,6174,1670947033115758,829919131064869,224851379042810,506425757217071,2.713,2.449,13.827,18.216,29.678,30.944,209.319,210.121
499,Pittsburgh,PA,40.4768902,-79.9688933,5171318128,4,4552,6174,180610863938674,180610863938674,506425757217071,506425757217071,0.732,0.732,14.556,14.556,31.172,31.172,210.121,210.121
500,Pittsburgh,PA,40.4770079,-79.9687985,5171318130,3,4552,6174,228557251944829,3897190583667421,2950418978547295,2950418978547295,2.498,2.074,14.998,14.998,28.393,31.453,211.137,211.137
501,Pittsburgh,PA,40.4773339,-79.969062,3861672294,4,4552,6174,1250111262072595,3912131722188599,302461884825414,302461884825414,23.317,31.949,8.977,8.977,15.928,114.5,214.629,214.629
502,Pittsburgh,PA,40.4780172,-79.9720381,1254870172,3,4552,6174,571080500530804,1395989870776633,847683072621225,4337686866262615,9.919,7.078,13.347,34.541,23.322,42.596,195.644,213.268
503,Pittsburgh,PA,40.4783432,-79.9719444,1254870217,4,4552,6174,1136588103484274,502389251202739,3044376265687689,177610464250946,1.405,4.28,2.98,1.547,352.801,105.117,157.545,255.393
504,Pittsburgh,PA,40.4636991,-79.9526675,12194936851,3,4553,6174,522020672264368,1086204841900760,1086204841900760,241730947729558,24.505,2.073,2.073,34.326,340.481,128.115,128.115,281.126
505,Pittsburgh,PA,40.4637127,-79.9531514,12194936844,3,4553,6174,482645306278922,285950099697392,2116654065143056,499343491258291,12.566,15.793,30.115,2.949,308.786,77.458,129.68,269.2
506,Pittsburgh,PA,40.463734,-79.9530766,12194936845,4,4553,6174,482645306278922,285950099697392,249581193581224,241730947729558,8.852,15.84,24.156,5.72,308.786,77.458,129.331,281.126
507,Pittsburgh,PA,40.4637508,-79.9532706,12499155398,3,4553,6174,482645306278922,1135471983643058,201426318473916,499343491258291,23.503,21.988,34.282,11.861,308.786,72.923,129.832,269.2
508,Pittsburgh,PA,40.4637857,-79.953,12194936842,3,4553,6174,482645306278922,387283555807362,249581193581224,241730947729558,12.872,21.424,15.493,13.004,308.786,87.398,129.331,281.126
509,Pittsburgh,PA,40.463793,-79.953121,12194936838,3,4553,6174,482645306278922,285950099697392,2116654065143056,499343491258291,16.38,23.024,21.851,12.235,308.786,77.458,129.68,269.2
510,Pittsburgh,PA,40.4638212,-79.9533069,12499155399,3,4553,6174,482645306278922,1135471983643058,1553730048162301,499343491258291,29.943,30.354,31.037,19.524,308.786,72.923,130.362,269.2
511,Pittsburgh,PA,40.4638216,-79.9526822,12194936875,4,4553,6174,522020672264368,487663139139807,487663139139807,482645306278922,33.092,6.767,6.767,32.695,340.481,128.571,128.571,308.786
512,Pittsburgh,PA,40.4639179,-79.9530041,12194936841,4,4553,6174,482645306278922,201426318473916,201426318473916,499343491258291,27.532,5.082,5.082,28.833,308.786,129.832,129.832,269.2
513,Pittsburgh,PA,40.4705318,-79.9571268,12223947098,3,4553,6174,297029348580961,318612179658173,1208050412963837,926721184808309,11.806,10.815,10.241,5.92,313.101,87.764,226.346,256.859
514,Pittsburgh,PA,40.4705371,-79.9571783,12223947087,3,4553,6174,297029348580961,318612179658173,1208050412963837,302852731350545,16.078,14.732,5.849,3.591,313.101,87.764,226.346,249.052
515,Pittsburgh,PA,40.4706007,-79.9570391,12223947099,3,4553,6174,297029348580961,318612179658173,1208050412963837,926721184808309,7.327,4.058,18.503,6.451,313.101,87.764,226.346,256.859
516,Pittsburgh,PA,40.4706119,-79.9572413,12223947086,4,4553,6174,297029348580961,318612179658173,1208050412963837,302852731350545,22.55,20.06,7.215,6.431,313.101,87.764,226.346,249.052
517,Pittsburgh,PA,40.470628,-79.9570328,12223947088,3,4553,6174,297029348580961,318612179658173,1208050412963837,926721184808309,9.737,6.557,20.167,8.311,313.101,87.764,226.346,256.859
518,Pittsburgh,PA,40.4706871,-79.9571449,12223947085,4,4553,6174,297029348580961,318612179658173,1208050412963837,926721184808309,20.418,17.171,17.767,11.812,313.101,87.764,226.346,256.859
519,Pittsburgh,PA,40.4647828,-79.9100231,13200136094,4,4555,6174,301488788280603,507726117247595,246079410606935,246079410606935,9.451,11.086,8.173,8.173,56.022,114.346,234.322,234.322
520,Pittsburgh,PA,40.4648622,-79.9101114,13200136099,4,4555,6174,301488788280603,507726117247595,771279993759084,246079410606935,9.287,0.501,3.484,3.545,56.022,114.346,136.815,234.322
521,Pittsburgh,PA,40.4695693,-79.9062977,104495947,3,4555,6174,153962043360303,947144239366999,947144239366999,1112304285935793,16.588,4.13,4.13,5.517,308.919,127.085,127.085,281.258
522,Pittsburgh,PA,40.4698917,-79.9059785,104495940,3,4555,6174,548871319451477,768114007186281,606576000737146,548871319451477,0.526,4.392,4.68,0.526,305.041,137.795,205.332,305.041
523,Pittsburgh,PA,40.4707834,-79.8976798,104731691,3,4555,6174,324129796030389,809533586668064,505484860817438,945860439514839,2.483,32.913,3.307,10.327,326.796,149.776,189.39,245.645
524,Pittsburgh,PA,40.471295,-79.9018694,105927263,4,4555,6174,482238976530994,2920449201577462,850028378925588,809461046341532,7.816,8.564,9.462,5.447,15.45,124.782,180.98,322.724
525,Pittsburgh,PA,40.4713199,-79.9019681,8256595511,3,4555,6174,809461046341532,2920449201577462,181062717126500,4103246853052241,3.796,0.252,4.744,8.104,322.724,124.782,152.08,289.782
526,Pittsburgh,PA,40.4713787,-79.9021965,8256613522,3,4555,6174,482238976530994,2552624425033550,850028378925588,307310190891517,29.014,0.716,30.067,2.906,15.45,107.818,180.98,287.379
527,Pittsburgh,PA,40.4714209,-79.8981768,105911712,3,4555,6174,313328840304888,263220718886411,263220718886411,2968943233388080,1.872,2.425,2.425,6.797,339.909,148.425,148.425,247.294
528,Pittsburgh,PA,40.4717031,-79.897799,105005708,4,4555,6174,473131110660053,473131110660053,321682116172992,321682116172992,5.102,5.102,3.085,3.085,45.343,45.343,225.045,225.045
529,Pittsburgh,PA,40.4717798,-79.898487,104493930,3,4555,6174,278515897317192,1439970706353277,1439970706353277,278515897317192,1.642,3.878,3.878,1.642,324.724,136.885,136.885,324.724
530,Pittsburgh,PA,40.4719937,-79.897441,105911727,4,4555,6174,183418303550154,470320417598483,776349023028656,484175849512008,2.752,4.586,7.072,6.594,44.476,54.136,207.466,263.269
531,Pittsburgh,PA,40.4722828,-79.8970514,104942890,4,4555,6174,516451399511476,516451399511476,214898723518742,214898723518742,3.946,3.946,4.15,4.15,45.707,45.707,223.913,223.913
532,Pittsburgh,PA,40.472568,-79.8966654,105130789,4,4555,6174,236493578232737,378971293409340,3264124090480799,985615005307752,0.947,1.087,6.466,15.607,11.914,145.714,189.258,225.77
533,Pittsburgh,PA,40.4727291,-79.8992455,105934492,3,4555,6174,181646830500737,1106267869867343,1273207919808414,181646830500737,3.47,1.88,10.132,3.47,308.508,115.803,137.325,308.508
534,Pittsburgh,PA,40.472743,-79.8993859,3360841456,3,4555,6174,181646830500737,873703729847670,1273207919808414,536446201052938,10.409,5.126,20.96,1.449,308.508,106.979,137.325,292.639
535,Pittsburgh,PA,40.4740213,-79.904411,104506800,3,4555,6174,211636857220130,475517193725107,287515223074369,964724467633378,4.492,1.284,6.347,7.199,17.549,90.911,209.003,262.891
536,Pittsburgh,PA,40.4741349,-79.9089777,7782562718,4,4555,6174,472624563996621,520045439172652,3949738935118407,4569865393027152,18.592,7.509,10.057,20.006,19.653,92.351,181.879,260.013
537,Pittsburgh,PA,40.4741374,-79.9090395,7782562717,3,4555,6174,472624563996621,324763712607884,3949738935118407,4569865393027152,22.335,9.357,10.225,19.833,19.653,98.97,181.879,260.013
538,Pittsburgh,PA,40.4742183,-79.9089379,4575931215,3,4555,6174,472624563996621,324763712607884,2905797413002016,2889006711363667,10.305,3.614,1.646,9.844,19.653,98.97,166.611,287.431
539,Pittsburgh,PA,40.4742396,-79.9084074,4575931208,4,4555,6174,1372238583161450,370000058007391,762056277814032,3018784901687623,5.565,3.516,2.554,2.343,0.0,90.0,183.898,285.388
540,Pittsburgh,PA,40.4742597,-79.9088161,4575931224,3,4555,6174,472624563996621,377600036912308,2905797413002016,2016899791781097,0.981,5.948,11.324,2.829,19.653,68.48,166.611,278.162
541,Pittsburgh,PA,40.474317,-79.9089171,4575931214,3,4555,6174,909048292990268,812880509665057,482241673014032,2889006711363667,5.549,13.252,5.805,1.277,330.479,103.58,182.998,287.431
542,Pittsburgh,PA,40.4743194,-79.9083969,7782562704,3,4555,6174,3758819347562788,370000058007391,339412197518992,3018784901687623,6.17,10.98,2.453,6.605,0.0,90.0,184.038,285.388
543,Pittsburgh,PA,40.4743864,-79.9090183,7782562715,3,4555,6174,4123951237626351,324763712607884,2961438024178182,4569865393027152,11.185,22.883,4.201,8.173,357.961,98.97,184.049,260.013
544,Pittsburgh,PA,40.4743934,-79.9089188,4575931232,4,4555,6174,151440550328019,1611591505713928,2961438024178182,307599787612932,1.172,16.469,5.181,10.585,336.521,81.788,184.049,268.148
545,Pittsburgh,PA,40.4744956,-79.9090633,7782562729,3,4555,6174,585606562828723,186969056618787,2961438024178182,307599787612932,8.698,5.673,12.204,16.442,357.257,136.244,184.049,268.148
546,Pittsburgh,PA,40.4745036,-79.9090085,3706897642,3,4555,6174,585606562828723,186969056618787,2961438024178182,307599787612932,4.096,2.481,11.003,11.993,357.257,136.244,184.049,268.148
547,Pittsburgh,PA,40.4747198,-79.9091586,8192341522,3,4555,6174,931485880998579,1291261214604697,2465950293550864,2148834808585065,5.26,12.142,9.914,10.028,341.495,73.817,170.624,269.787
548,Pittsburgh,PA,40.4748823,-79.9091807,8192341524,3,4555,6174,305786081030472,1291261214604697,1004447993293117,311064257148819,9.598,16.141,21.114,16.397,0.0,73.817,211.053,278.554
549,Pittsburgh,PA,40.4749434,-79.908441,7782562735,3,4555,6174,1131718257338382,294180679024467,270425491476216,481662816378568,5.009,16.339,3.217,4.968,0.0,64.507,184.539,285.523
550,Pittsburgh,PA,40.4758081,-79.89832,104506689,3,4555,6174,134386891982012,850605042474738,189282266389165,823175198580463,3.733,3.484,2.582,15.786,345.588,149.119,167.82,324.356
551,Pittsburgh,PA,40.4760651,-79.89913,106036123,3,4555,6174,890788581768509,927932934661138,515422269639069,844686476259358,20.015,4.731,14.957,5.843,55.073,79.951,190.808,259.475
552,Pittsburgh,PA,40.4781505,-79.8989677,862466353,3,4555,6174,173715357890995,4093578530698726,4093578530698726,173715357890995,6.074,1.102,1.102,6.074,309.039,142.003,142.003,309.039
553,Pittsburgh,PA,40.4783087,-79.8983598,8537904302,3,4555,6174,2905039853150575,790568611601507,320209329462146,1029388420800607,9.871,2.99,11.691,17.773,332.895,62.728,131.777,299.028
554,Pittsburgh,PA,40.4783408,-79.8996297,862466315,3,4555,6174,1004306800311570,942701073213025,269346301583700,562203375214445,7.986,2.676,32.181,5.219,55.833,90.647,150.783,277.461
555,Pittsburgh,PA,40.4784203,-79.8992395,4612996818,3,4555,6174,800995860851139,4195887640434401,269346301583700,175141844516481,17.952,11.355,2.846,12.457,19.886,79.286,150.783,284.879
556,Pittsburgh,PA,40.4786093,-79.8993538,862466301,3,4555,6174,828413424435426,256065142959753,226430105915041,459224185144969,0.876,15.259,1.333,19.528,12.25,116.854,159.043,241.012
557,Pittsburgh,PA,40.4792396,-79.9088989,2634781581,3,4555,6174,280791437081919,492808798830372,813722166207759,1191316701326744,0.745,5.753,4.796,7.904,0.0,98.658,184.272,270.0
558,Pittsburgh,PA,40.4795949,-79.9091687,7487178529,3,4555,6174,1176703322777232,226948708794264,214562860230899,866661927526419,0.848,4.648,7.462,17.985,0.0,87.656,149.457,275.752
559,Pittsburgh,PA,40.4796804,-79.9099195,7487178569,3,4555,6174,163767882352191,1687708641427210,500725934696972,343632887189573,0.611,33.999,27.723,29.157,0.0,90.0,200.062,259.722
560,Pittsburgh,PA,40.4803422,-79.9018211,106035752,3,4555,6174,131092045650340,2013959595408594,946092939557605,170214665023678,5.185,12.897,2.688,12.151,2.848,137.925,182.211,297.202
561,Pittsburgh,PA,40.4481085,-80.0857676,7439793379,3,4547,6175,891187611662389,469528307483536,469528307483536,891187611662389,3.686,11.165,11.165,3.686,317.881,133.608,133.608,317.881
562,Pittsburgh,PA,40.4482819,-80.0824807,105907988,3,4547,6175,311661773928521,1152891055134736,878326429564942,878326429564942,11.56,3.18,5.321,5.321,44.027,99.292,223.93,223.93
563,Pittsburgh,PA,40.4485262,-80.0866817,7439793388,3,4547,6175,529815071346956,992261721515711,992261721515711,529815071346956,24.128,20.815,20.815,24.128,316.194,136.072,136.072,316.194
564,Pittsburgh,PA,40.448671,-80.086481,7439793387,3,4547,6175,529815071346956,992261721515711,992261721515711,529815071346956,2.139,2.737,2.737,2.139,316.194,136.072,136.072,316.194
565,Pittsburgh,PA,40.4490769,-80.0873578,7439793393,3,4547,6175,307356991047288,1067292977094781,1067292977094781,222475012657372,24.05,22.467,22.467,24.563,325.426,138.31,138.31,321.633
566,Pittsburgh,PA,40.4491791,-80.0871138,1771443821,3,4547,6175,222475012657372,3655600617879184,3655600617879184,222475012657372,3.486,4.84,4.84,3.486,321.633,137.884,137.884,321.633
567,Pittsburgh,PA,40.4491965,-80.0875047,7439793394,3,4547,6175,1176778812789255,1067292977094781,1067292977094781,1176778812789255,26.678,27.451,27.451,26.678,329.794,138.31,138.31,329.794
568,Pittsburgh,PA,40.4495649,-80.0875148,104850087,6,4547,6175,153097403378440,809716796351031,317531086736283,468000634313852,11.24,21.524,19.38,9.913,21.82,45.556,239.201,244.603
569,Pittsburgh,PA,40.4497367,-80.0876297,3200992106,3,4547,6175,153097403378440,809716796351031,317531086736283,468000634313852,26.065,28.776,21.257,12.716,21.82,45.556,239.201,244.603
570,Pittsburgh,PA,40.4510914,-80.089068,1771444087,3,4547,6175,187959529854771,534838001014765,1137836193365636,135408448634141,1.199,21.356,6.005,12.171,337.245,137.961,163.132,326.625
571,Pittsburgh,PA,40.4511987,-80.0852605,107663669,3,4547,6175,475029400247862,303513421249584,509505250462940,331636701667920,11.872,16.113,12.783,27.321,357.753,40.245,191.972,317.45
572,Pittsburgh,PA,40.451279,-80.0853624,3793452309,3,4547,6175,475029400247862,311937133725416,176869597668190,331636701667920,3.199,9.074,4.037,14.942,357.753,146.509,168.452,317.45
573,Pittsburgh,PA,40.4513139,-80.085311,3793452311,3,4547,6175,475029400247862,311937133725416,176869597668190,331636701667920,8.911,10.817,9.865,15.71,357.753,146.509,168.452,317.45
574,Pittsburgh,PA,40.453434,-80.0776549,105907891,3,4547,6175,222807665932794,162464762401642,312613130330397,222807665932794,1.425,16.72,5.996,1.425,319.05,140.648,186.35,319.05
575,Pittsburgh,PA,40.4544839,-80.0788617,1771444173,3,4547,6175,3791184541003854,3059746917645105,3059746917645105,3791184541003854,7.665,6.717,6.717,7.665,320.876,141.357,141.357,320.876
576,Pittsburgh,PA,40.458294,-80.0789991,104984942,4,4547,6175,2942497396078437,2942497396078437,811896819754895,811896819754895,1.819,1.819,7.695,7.695,40.945,40.945,219.174,219.174
577,Pittsburgh,PA,40.4593076,-80.0777254,12087641714,4,4547,6175,185535053431385,142047007945455,198010048827007,1163302604138412,3.333,8.691,4.052,7.426,24.11,45.361,184.272,223.943
578,Pittsburgh,PA,40.4593095,-80.0776243,12087641719,4,4547,6175,185535053431385,142047007945455,198010048827007,1163302604138412,11.808,8.717,9.396,14.967,24.11,45.361,184.272,223.943
579,Pittsburgh,PA,40.4593471,-80.0776704,106011658,4,4547,6175,142047007945455,142047007945455,198010048827007,1163302604138412,3.343,3.343,4.687,13.824,45.361,45.361,184.272,223.943
580,Pittsburgh,PA,40.4593834,-80.0776211,12087641718,4,4547,6175,142047007945455,384681342762090,198010048827007,1163302604138412,4.819,4.302,9.869,19.628,45.361,50.257,184.272,223.943
581,Pittsburgh,PA,40.4593893,-80.0777281,12087641720,4,4547,6175,142047007945455,1652506494957275,198010048827007,1163302604138412,4.515,2.237,5.037,15.051,45.361,138.759,184.272,223.943
582,Pittsburgh,PA,40.4615383,-80.083116,7439793142,3,4547,6175,181115940552561,181115940552561,1505255806344744,1505255806344744,3.846,3.846,5.557,5.557,48.829,48.829,236.11,236.11
583,Pittsburgh,PA,40.4621046,-80.0822118,7439793113,3,4547,6175,465925654475504,465925654475504,301335918148384,301335918148384,3.859,3.859,3.14,3.14,41.728,41.728,217.863,217.863
584,Pittsburgh,PA,40.4632855,-80.0811137,7439793099,4,4547,6175,1258318744608456,3778220102307576,285318469993008,595393518086482,2.513,9.318,3.609,3.393,15.557,48.634,206.363,219.963
585,Pittsburgh,PA,40.4556792,-80.0573983,104194691,3,4548,6175,2029623854122185,439937519083146,1039928844344882,845846187664203,15.273,6.166,3.705,23.442,325.947,149.148,153.886,276.402
586,Pittsburgh,PA,40.4634448,-80.0660272,332703753,3,4548,6175,139089004904844,1237272833360080,477173003594148,145187027592252,14.357,9.089,24.238,23.62,9.436,56.891,181.55,286.587
587,Pittsburgh,PA,40.4636015,-80.0660272,105058141,3,4548,6175,469444074117464,497129441530355,477173003594148,145187027592252,4.376,12.175,6.965,9.065,356.137,45.065,181.55,286.587
588,Pittsburgh,PA,40.4505263,-80.0268579,5002172430,3,4549,6175,482542206229836,267208688474701,267208688474701,482542206229836,3.602,25.574,25.574,3.602,318.81,131.237,131.237,318.81
589,Pittsburgh,PA,40.4510581,-80.0268021,105840162,4,4549,6175,298208738621645,140574501443457,198903428610668,473765040575367,9.515,27.709,5.235,3.175,340.356,141.077,159.863,268.431
590,Pittsburgh,PA,40.4510889,-80.0266363,8548072146,3,4549,6175,2868835203379910,1833084580184113,198903428610668,432675714465917,22.18,15.384,19.019,0.924,1.683,140.632,159.863,264.102
591,Pittsburgh,PA,40.4514031,-80.0275054,5002172417,3,4549,6175,297401958697703,200036948611060,200036948611060,216022890069286,11.688,13.487,13.487,10.109,332.419,144.417,144.417,284.085
592,Pittsburgh,PA,40.4514336,-80.0273411,685065674,3,4549,6175,297401958697703,200036948611060,325583158935897,216022890069286,24.755,27.796,27.814,4.962,332.419,144.417,148.221,284.085
593,Pittsburgh,PA,40.4515066,-80.0269479,106100720,3,4549,6175,141029514677499,533734517629410,533734517629410,4174869289236200,1.207,0.754,0.754,7.243,337.897,146.182,146.182,249.136
594,Pittsburgh,PA,40.4515379,-80.0267795,8548072145,3,4549,6175,1184649641987164,1141477189660365,1105932736579581,4174869289236200,16.819,13.808,12.775,21.458,344.805,131.093,145.161,249.136
595,Pittsburgh,PA,40.4527801,-80.0393467,7330283670,3,4549,6175,527243141627633,530997028063385,263616652115779,1459227432388210,9.288,0.167,6.388,4.481,314.118,113.833,133.025,282.0
596,Pittsburgh,PA,40.4528584,-80.0394299,7330283673,4,4549,6175,527243141627633,530997028063385,263616652115779,1598489311270821,8.06,11.061,17.408,3.915,314.118,113.833,133.025,283.0
597,Pittsburgh,PA,40.4563971,-80.0290602,13194547316,3,4549,6175,1641588422706325,475651476845267,579667753006389,881201879103126,4.504,24.92,31.911,34.52,346.109,68.331,208.284,210.223
598,Pittsburgh,PA,40.4565226,-80.0291012,13194547312,3,4549,6175,475190550485804,475651476845267,881201879103126,881201879103126,4.568,25.346,30.623,30.623,345.153,68.331,210.223,210.223
599,Pittsburgh,PA,40.4612077,-80.0310058,7400109300,3,4549,6175,543917883266331,215292673477087,764113974275209,1617658685288755,4.756,13.103,6.976,6.976,0.0,77.039,200.902,286.222
600,Pittsburgh,PA,40.4612185,-80.0316937,13584361534,3,4549,6175,809443253304413,830396020906594,269180634909442,763039897718877,19.036,24.593,4.561,24.972,0.0,105.948,165.378,290.322
601,Pittsburgh,PA,40.461246,-80.0315647,7400109311,3,4549,6175,809443253304413,830396020906594,269180634909442,316675010039190,7.758,16.688,6.921,29.438,0.0,105.948,165.378,266.051
602,Pittsburgh,PA,40.4612964,-80.0309447,7400109314,3,4549,6175,469797477418341,215292673477087,764113974275209,4389926074372808,8.753,24.217,16.761,3.976,0.0,77.039,200.902,316.222
603,Pittsburgh,PA,40.4619498,-80.0324835,1364261883,3,4549,6175,142515917858598,510432220308238,334453508065629,142515917858598,32.41,23.83,24.74,32.41,307.506,134.24,139.488,307.506
604,Pittsburgh,PA,40.4619842,-80.0323432,1364261884,4,4549,6175,203011728151532,334453508065629,334453508065629,142515917858598,22.497,12.286,12.286,23.47,312.446,139.488,139.488,307.506
605,Pittsburgh,PA,40.4620241,-80.0324012,13597493535,4,4549,6175,142515917858598,510432220308238,510432220308238,142515917858598,21.642,13.495,13.495,21.642,307.506,134.24,134.24,307.506
606,Pittsburgh,PA,40.4620634,-80.0320871,10116606880,3,4549,6175,203011728151532,334453508065629,334453508065629,203011728151532,5.618,11.102,11.102,5.618,312.446,139.488,139.488,312.446
607,Pittsburgh,PA,40.4628842,-80.0335093,13597493536,4,4549,6175,213256670344615,1774326749431618,1774326749431618,1472301749788067,16.165,8.935,8.935,16.421,314.865,133.577,133.577,310.082
608,Pittsburgh,PA,40.4471471,-80.0103742,5391523534,4,4550,6175,819515948691557,855863541632435,270019684867281,176021631099540,9.765,17.099,9.559,22.871,332.369,146.247,153.937,326.764
609,Pittsburgh,PA,40.447171,-80.0102417,5716528749,4,4550,6175,138399298332461,855863541632435,5479585635445794,176021631099540,5.228,10.995,1.632,24.465,340.891,146.247,156.688,326.764
610,Pittsburgh,PA,40.447198,-80.0100921,5394946381,4,4550,6175,138399298332461,2894474430809458,178492750831185,176021631099540,7.79,14.54,7.353,31.668,340.891,148.137,151.175,326.764
611,Pittsburgh,PA,40.4473283,-80.0104172,5391552724,4,4550,6175,176021631099540,807880626789853,138416381607845,176021631099540,2.675,6.305,3.662,2.675,326.764,149.315,154.34,326.764
612,Pittsburgh,PA,40.4473518,-80.0103124,5391574616,4,4550,6175,502854284239749,807880626789853,334903414722986,176021631099540,3.337,3.214,5.137,8.053,335.408,149.315,161.285,326.764
613,Pittsburgh,PA,40.4473592,-80.0091311,9094648964,3,4550,6175,2074526559355903,527775234901692,4447711015243143,171387298234290,4.186,9.111,6.181,9.148,29.041,30.232,209.137,210.188
614,Pittsburgh,PA,40.4473704,-80.0101934,5391574615,4,4550,6175,502854284239749,2894474430809458,334903414722986,176021631099540,7.235,11.775,5.593,18.248,335.408,148.137,161.285,326.764
615,Pittsburgh,PA,40.4473835,-80.0089803,5394946388,4,4550,6175,527775234901692,515280286550650,595552845172692,595552845172692,13.85,13.884,1.059,1.059,30.232,30.812,210.753,210.753
616,Pittsburgh,PA,40.4474628,-80.0102529,5391575925,3,4550,6175,819644288986948,892868694948270,334903414722986,176021631099540,4.94,10.239,12.862,18.035,336.413,137.312,161.285,326.764
617,Pittsburgh,PA,40.4475028,-80.0094337,5391575928,3,4550,6175,282877223560832,527775234901692,1089804048207917,1089804048207917,25.232,26.972,11.522,11.522,28.355,30.232,217.162,217.162
618,Pittsburgh,PA,40.4475195,-80.0093274,5391575927,3,4550,6175,282877223560832,527775234901692,215149953494379,1089804048207917,17.177,19.186,11.453,11.172,28.355,30.232,206.584,217.162
619,Pittsburgh,PA,40.4476139,-80.0086708,5391575956,4,4550,6175,718462431285382,718462431285382,504372724082738,504372724082738,20.09,20.09,2.472,2.472,38.946,38.946,216.653,216.653
620,Pittsburgh,PA,40.4476198,-80.0086124,5391575957,4,4550,6175,718462431285382,718462431285382,315032673463796,315032673463796,24.056,24.056,5.835,5.835,38.946,38.946,217.22,217.22
621,Pittsburgh,PA,40.4476429,-80.0111678,4016563397,3,4550,6175,4308520622500059,533661464301866,533661464301866,4308520622500059,28.051,1.251,1.251,28.051,312.795,140.019,140.019,312.795
622,Pittsburgh,PA,40.4477128,-80.0086613,5391575941,3,4550,6175,718462431285382,4129004603788674,379671660038157,379671660038157,17.49,17.467,5.337,5.337,38.946,41.183,218.591,218.591
623,Pittsburgh,PA,40.4478082,-80.0112173,4016563398,4,4550,6175,204503541510611,268749244931639,321458406166178,204503541510611,15.756,19.067,17.689,15.756,308.136,127.604,139.045,308.136
624,Pittsburgh,PA,40.448004,-80.0080231,5391575951,3,4550,6175,3554274381387326,3554274381387326,338374667635699,338374667635699,25.172,25.172,5.605,5.605,52.553,52.553,227.117,227.117
625,Pittsburgh,PA,40.4480202,-80.0087296,5391575947,3,4550,6175,490770232174752,1152333970321237,175736744457827,175736744457827,11.306,12.445,4.728,4.728,42.337,60.044,228.223,228.223
626,Pittsburgh,PA,40.4480517,-80.0089228,4016563406,5,4550,6175,4129004603788674,1152333970321237,1211581635937687,473541480423978,28.286,28.889,20.264,26.519,41.183,60.044,220.052,265.352
627,Pittsburgh,PA,40.4481332,-80.0079328,5391575960,3,4550,6175,725286893938533,1393545582142507,3883344035110381,3883344035110381,18.038,20.17,5.044,5.044,49.411,65.694,227.924,227.924
628,Pittsburgh,PA,40.4481429,-80.0089239,5391575932,4,4550,6175,490770232174752,1152333970321237,175736744457827,473541480423978,31.912,33.647,26.011,16.385,42.337,60.044,228.223,265.352
629,Pittsburgh,PA,40.4481588,-80.009302,5391575931,4,4550,6175,479320589943634,1966765523481588,377690450263448,298041325261597,30.09,27.513,32.435,14.07,59.47,81.471,232.439,269.313
630,Pittsburgh,PA,40.4481672,-80.0104382,5394970221,4,4550,6175,787075728660911,764916627548642,312978283669160,567627250876908,34.186,31.104,25.237,18.692,318.723,120.313,170.15,270.987
631,Pittsburgh,PA,40.4482151,-80.0076196,5353426697,3,4550,6175,595027478141848,312403203861108,570744533921501,570744533921501,28.588,22.522,3.925,3.925,58.99,64.701,229.542,229.542
632,Pittsburgh,PA,40.4482809,-80.0079481,11254722324,3,4550,6175,476446446805156,1393545582142507,853914885480555,853914885480555,3.908,4.418,4.827,4.827,56.792,65.694,232.503,232.503
633,Pittsburgh,PA,40.4483729,-80.0077882,11254722326,3,4550,6175,595027478141848,1146268749182127,137077921743357,137077921743357,12.567,1.747,2.415,2.415,58.99,63.279,234.765,234.765
634,Pittsburgh,PA,40.4484038,-80.0093427,5394969959,3,4550,6175,1158114338021296,2955073374714059,377690450263448,829494864664034,9.635,2.635,12.297,1.637,323.19,71.528,232.439,266.024
635,Pittsburgh,PA,40.4484663,-80.0079078,684996050,4,4550,6175,595027478141848,930014361188180,1209763869459002,1209763869459002,15.562,5.678,6.945,6.945,58.99,83.14,239.388,239.388
636,Pittsburgh,PA,40.4485808,-80.009323,5394969953,4,4550,6175,1158114338021296,854800405112840,377690450263448,139653924814221,12.549,1.331,18.415,7.69,323.19,90.364,232.439,270.516
637,Pittsburgh,PA,40.4487334,-80.0093741,5394969955,4,4550,6175,1158114338021296,854800405112840,858239591702563,178586097477650,30.039,17.526,34.556,9.688,323.19,90.364,236.713,270.801
638,Pittsburgh,PA,40.448915,-80.007946,3830180487,3,4550,6175,611905633540247,766110464052115,1016262528912154,2854168601567549,7.997,3.561,4.474,12.414,50.335,105.044,194.903,240.213
639,Pittsburgh,PA,40.4490246,-80.0077704,5394965520,3,4550,6175,4226261004104254,2275530162577081,178199984208505,316070590012886,10.88,2.083,16.339,9.244,359.201,47.154,167.326,285.925
640,Pittsburgh,PA,40.4493181,-80.0080618,5394965518,3,4550,6175,470186037620090,305732621027710,136732118491003,2870153473272443,6.408,9.765,10.351,12.348,320.021,119.172,195.212,267.245
641,Pittsburgh,PA,40.450788,-80.0115231,6046715288,3,4550,6175,334015394803995,1110954092743899,916658212487182,656855315714936,29.008,16.406,18.448,23.585,309.892,84.553,127.316,271.628
642,Pittsburgh,PA,40.4508436,-80.0106145,6046715235,3,4550,6175,231128868813004,479208493391429,229830002275680,893043008225616,33.457,26.762,27.896,29.588,20.147,75.857,216.192,259.822
643,Pittsburgh,PA,40.4508525,-80.0117302,3583825519,3,4550,6175,143570617753457,547808243292451,795051961433401,1109165572895992,24.187,18.766,23.092,25.154,316.182,109.751,187.619,261.096
644,Pittsburgh,PA,40.4508862,-80.0115588,6046715312,4,4550,6175,334015394803995,547808243292451,916658212487182,909310513197613,17.688,5.436,7.118,13.803,309.892,109.751,127.316,282.834
645,Pittsburgh,PA,40.4509662,-80.0106565,6046715239,3,4550,6175,231128868813004,479208493391429,229830002275680,970277703731011,23.176,12.918,13.808,13.831,20.147,75.857,216.192,249.431
646,Pittsburgh,PA,40.4510379,-80.010822,6046715242,3,4550,6175,231128868813004,156781846402917,229830002275680,893043008225616,30.383,3.344,11.856,1.904,20.147,68.298,216.192,259.822
647,Pittsburgh,PA,40.4510454,-80.0116072,3167104165,5,4550,6175,334015394803995,547808243292451,795051961433401,334015394803995,0.515,14.113,7.114,0.515,309.892,109.751,187.619,309.892
648,Pittsburgh,PA,40.4510611,-80.010689,6046715234,3,4550,6175,231128868813004,464391561532205,229830002275680,970277703731011,18.946,2.706,2.903,6.608,20.147,74.71,216.192,249.431
649,Pittsburgh,PA,40.4510697,-80.0106386,7495494476,4,4550,6175,231128868813004,479208493391429,229830002275680,471533850768529,14.665,1.938,5.3,10.533,20.147,75.857,216.192,250.182
650,Pittsburgh,PA,40.4511422,-80.0106632,7495494475,3,4550,6175,231128868813004,479208493391429,229830002275680,471533850768529,15.366,6.696,6.836,5.645,20.147,75.857,216.192,250.182
651,Pittsburgh,PA,40.4519508,-80.0219949,104801838,3,4550,6175,4250780968289107,4250780968289107,918932105342452,888223298406267,34.475,34.475,8.16,8.636,34.714,34.714,197.217,241.249
652,Pittsburgh,PA,40.446998,-79.9935764,6181788584,3,4551,6175,517027449314730,517027449314730,791017378264791,843758409547766,4.432,4.432,2.954,6.622,33.19,33.19,208.745,211.118
653,Pittsburgh,PA,40.4470275,-79.9939128,6181788448,3,4551,6175,627363681996673,1185241685244963,843758409547766,941491696664958,29.498,29.804,26.586,26.286,36.925,43.964,211.118,216.001
654,Pittsburgh,PA,40.4470477,-79.994611,6181788450,3,4551,6175,2264410337025998,1720492671470663,310654560433728,1498530558066637,27.149,30.285,29.145,29.349,24.909,115.011,122.188,265.811
655,Pittsburgh,PA,40.447143,-79.9911082,6113971785,4,4551,6175,159712759446505,159712759446505,290920329409779,319075873169977,29.234,29.234,7.756,5.624,51.678,51.678,157.663,272.462
656,Pittsburgh,PA,40.4471573,-79.9931316,6182014479,3,4551,6175,1861612840662870,1861612840662870,534679431234686,312434143598699,16.563,16.563,20.894,23.287,39.869,39.869,222.771,282.684
657,Pittsburgh,PA,40.4471626,-79.9833686,13125534973,3,4551,6175,303943147940324,479163429807793,1117928288710903,143842530997519,11.988,3.48,6.403,27.594,339.947,70.497,152.581,329.087
658,Pittsburgh,PA,40.4471737,-79.9931062,6182014472,5,4551,6175,1861612840662870,1861612840662870,534679431234686,312434143598699,16.594,16.594,21.478,22.239,39.869,39.869,222.771,282.684
659,Pittsburgh,PA,40.4472085,-79.9946995,6181788452,3,4551,6175,841085870177431,857354141804484,1117116178797173,795946734358360,14.845,13.891,25.648,25.369,32.368,52.421,233.252,235.638
660,Pittsburgh,PA,40.4472284,-79.9930189,6181961595,4,4551,6175,307350020835857,307350020835857,1339860186415525,312434143598699,17.855,17.855,19.824,21.38,47.166,47.166,224.337,282.684
661,Pittsburgh,PA,40.4472788,-79.9912401,6113971791,3,4551,6175,2647611362202409,191158082871761,200316125264399,190831702889416,11.178,11.207,14.347,17.619,52.149,52.617,154.85,279.575
662,Pittsburgh,PA,40.4472904,-79.9929229,6181961455,4,4551,6175,2921344664853541,2921344664853541,507612030572748,312434143598699,17.951,17.951,19.721,24.983,51.129,51.129,221.376,282.684
663,Pittsburgh,PA,40.4472909,-79.9931083,6182014594,3,4551,6175,307350020835857,307350020835857,1339860186415525,312434143598699,7.678,7.678,10.867,11.108,47.166,47.166,224.337,282.684
664,Pittsburgh,PA,40.4473007,-79.9912065,6113971778,3,4551,6175,155808803219564,155808803219564,200316125264399,190831702889416,11.468,11.468,10.818,15.647,52.382,52.382,154.85,279.575
665,Pittsburgh,PA,40.4473521,-79.993013,6182014592,4,4551,6175,2921344664853541,2921344664853541,507612030572748,312434143598699,8.183,8.183,9.633,16.172,51.129,51.129,221.376,282.684
666,Pittsburgh,PA,40.4473745,-79.9929809,6182014591,4,4551,6175,2921344664853541,2921344664853541,507612030572748,507612030572748,7.67,7.67,9.733,9.733,51.129,51.129,221.376,221.376
667,Pittsburgh,PA,40.4473854,-79.9913019,6113971799,4,4551,6175,155808803219564,155808803219564,784547245529585,2914126095507090,1.097,1.097,13.949,26.605,52.382,52.382,153.344,269.583
668,Pittsburgh,PA,40.4473899,-79.9931657,6181681755,3,4551,6175,307350020835857,307350020835857,1339860186415525,312434143598699,4.773,4.773,3.585,4.686,47.166,47.166,224.337,282.684
669,Pittsburgh,PA,40.4474076,-79.9930307,3171926740,3,4551,6175,2921344664853541,2921344664853541,507612030572748,507612030572748,2.077,2.077,4.213,4.213,51.129,51.129,221.376,221.376
670,Pittsburgh,PA,40.4474503,-79.9930792,6181681754,4,4551,6175,2921344664853541,2921344664853541,507612030572748,206079451174189,4.211,4.211,2.868,2.184,51.129,51.129,221.376,230.951
671,Pittsburgh,PA,40.4474948,-79.9942173,6181788453,4,4551,6175,966067494210722,2957873861135928,303364391436658,946745062748277,23.316,21.9,25.963,25.351,47.451,64.013,226.256,229.483
672,Pittsburgh,PA,40.4475068,-79.9934875,6181788457,3,4551,6175,561300778169894,307350020835857,534679431234686,1197491344010485,4.463,32.844,28.899,9.004,324.758,47.166,222.771,300.013
673,Pittsburgh,PA,40.4475691,-79.9836654,13125534948,3,4551,6175,303297691339193,4058015024256265,465691591387139,877816059564238,11.496,6.206,10.137,11.707,333.616,88.168,154.573,283.191
674,Pittsburgh,PA,40.4475715,-79.9933674,6181681756,3,4551,6175,561300778169894,307350020835857,580912862852940,1197491344010485,8.323,30.456,26.181,10.096,324.758,47.166,226.691,300.013
675,Pittsburgh,PA,40.4475816,-79.9924448,6181961588,3,4551,6175,297784748497178,3915245401916329,1216223028830625,503764450802733,17.688,17.468,32.052,23.591,54.332,55.645,187.139,234.682
676,Pittsburgh,PA,40.44762,-79.9923801,6181961616,4,4551,6175,1156829438064426,3915245401916329,1216223028830625,570380990601443,18.206,18.138,28.099,23.493,46.469,55.645,187.139,233.062
677,Pittsburgh,PA,40.4476247,-79.9943532,6181788439,3,4551,6175,966067494210722,142852627860972,303364391436658,946745062748277,7.164,4.369,8.269,7.652,47.451,63.648,226.256,229.483
678,Pittsburgh,PA,40.4476379,-79.9835632,13125534951,3,4551,6175,474481737117586,4058015024256265,498825154895475,877816059564238,0.764,9.264,3.771,8.344,322.621,88.168,139.38,283.191
679,Pittsburgh,PA,40.4476845,-79.9835966,13125534936,4,4551,6175,474481737117586,4058015024256265,498825154895475,877816059564238,6.183,9.173,7.113,4.663,322.621,88.168,139.38,283.191
680,Pittsburgh,PA,40.4476989,-79.9924753,3995501040,4,4551,6175,1156829438064426,3915245401916329,1216223028830625,570380990601443,6.648,6.947,19.348,11.88,46.469,55.645,187.139,233.062
681,Pittsburgh,PA,40.4477692,-79.9937671,6181788459,3,4551,6175,909608123104959,1172109349922815,812865232674173,909608123104959,8.123,23.324,26.259,8.123,323.352,44.461,222.679,323.352
682,Pittsburgh,PA,40.4477754,-79.9923579,3995501039,3,4551,6175,108837844625872,108837844625872,1216223028830625,1639588772891675,7.496,7.496,12.188,10.79,44.505,44.505,187.139,236.223
683,Pittsburgh,PA,40.4477854,-79.9925591,3995501041,3,4551,6175,1156829438064426,3915245401916329,259678262603567,570380990601443,5.934,7.888,3.033,2.489,46.469,55.645,224.238,233.062
684,Pittsburgh,PA,40.4478732,-79.990523,6113971770,4,4551,6175,2781693685477034,2781693685477034,1498453758658870,1577713425752750,2.859,2.859,34.688,30.801,46.196,46.196,188.0,324.986
685,Pittsburgh,PA,40.4479577,-79.9918378,6181444054,3,4551,6175,2998519993715306,525111248504579,2545907055704202,2545907055704202,21.577,11.067,2.626,2.626,49.664,149.987,230.796,230.796
686,Pittsburgh,PA,40.4479675,-79.9918235,6181444061,3,4551,6175,2998519993715306,525111248504579,2545907055704202,2545907055704202,21.824,9.46,3.356,3.356,49.664,149.987,230.796,230.796
687,Pittsburgh,PA,40.4479813,-79.9906166,6113971768,3,4551,6175,474681760475532,474681760475532,1498453758658870,473863603914090,11.26,11.26,32.344,31.109,45.874,45.874,188.0,322.344
688,Pittsburgh,PA,40.4480543,-79.9919384,6181444063,5,4551,6175,2998519993715306,2998519993715306,500736731273340,176481041054449,8.445,8.445,5.705,2.879,49.664,49.664,224.158,237.34
689,Pittsburgh,PA,40.4481067,-79.9925247,6181681761,3,4551,6175,289958929461007,840696003191450,1216223028830625,464682321488823,29.838,23.104,27.514,22.191,48.63,149.794,187.139,231.467
690,Pittsburgh,PA,40.4481316,-79.99202,6181681745,4,4551,6175,2998519993715306,2998519993715306,184189190240669,184189190240669,5.125,5.125,1.66,1.66,49.664,49.664,232.415,232.415
691,Pittsburgh,PA,40.448203,-79.9911655,6181444057,3,4551,6175,995114474226925,323039052708190,850026941399259,616625852613908,10.51,34.905,18.376,10.5,322.106,141.114,185.0,322.06
692,Pittsburgh,PA,40.448242,-79.9921335,6181163296,5,4551,6175,2998519993715306,1057932728067668,1057932728067668,477558566842110,19.465,10.766,10.766,12.504,49.664,148.765,148.765,255.458
693,Pittsburgh,PA,40.4483274,-79.986874,6076408566,3,4551,6175,389945105502876,389945105502876,513738019810255,513738019810255,4.872,4.872,34.57,34.57,50.279,50.279,231.585,231.585
694,Pittsburgh,PA,40.4483386,-79.9919778,6181163299,3,4551,6175,318684989628477,147053480772142,147053480772142,477558566842110,19.241,1.438,1.438,6.167,45.553,138.928,138.928,255.458
695,Pittsburgh,PA,40.448388,-79.9911627,10821958368,3,4551,6175,158530142946547,755474321775355,850026941399259,1202815260148940,27.973,28.287,25.514,18.472,7.282,55.204,185.0,226.379
696,Pittsburgh,PA,40.448457,-79.991328,6181444048,4,4551,6175,158530142946547,755474321775355,840239786908198,840239786908198,13.029,14.276,3.977,3.977,7.282,55.204,228.921,228.921
697,Pittsburgh,PA,40.4485394,-79.9913942,6181163276,5,4551,6175,158530142946547,468396204263233,802094747392373,802094747392373,12.102,9.333,4.157,4.157,7.282,48.025,232.137,232.137
698,Pittsburgh,PA,40.4486754,-79.9923444,6181163314,3,4551,6175,983410412416274,838747030056148,838747030056148,471746944103968,14.642,1.134,1.134,9.403,354.22,138.807,138.807,281.576
699,Pittsburgh,PA,40.4486897,-79.9916611,6181163304,3,4551,6175,4070371356339696,164279455542620,1623734889070243,469696004306289,12.086,27.029,17.206,12.05,320.419,39.947,185.0,318.497
700,Pittsburgh,PA,40.4487372,-79.9915682,6181163274,3,4551,6175,4070371356339696,468396204263233,1623734889070243,469696004306289,21.533,24.599,26.349,21.349,320.419,48.025,185.0,318.497
701,Pittsburgh,PA,40.4488773,-79.9914158,6181163285,4,4551,6175,528448731864658,528448731864658,1722236697972795,528726211460173,27.452,27.452,32.918,32.841,49.055,49.055,228.084,231.148
702,Pittsburgh,PA,40.4489333,-79.9905494,6181444092,3,4551,6175,353685732844538,353685732844538,136633318509984,136633318509984,13.614,13.614,5.833,5.833,53.521,53.521,228.736,228.736
703,Pittsburgh,PA,40.4490012,-79.9918353,6181163313,3,4551,6175,465527231411017,4138274816255437,1484589919758417,465527231411017,23.347,29.171,26.794,23.347,319.903,59.539,185.0,319.903
704,Pittsburgh,PA,40.4490339,-79.9906602,6181444074,3,4551,6175,353685732844538,353685732844538,521651762197943,521651762197943,2.556,2.556,3.254,3.254,53.521,53.521,227.289,227.289
705,Pittsburgh,PA,40.4491467,-79.9852946,6218575544,4,4551,6175,217691719878934,217691719878934,1584643225073185,1584643225073185,3.82,3.82,13.042,13.042,48.938,48.938,230.485,230.485
706,Pittsburgh,PA,40.4491791,-79.9855025,6076408563,3,4551,6175,930783984427245,930783984427245,1584643225073185,1584643225073185,2.995,2.995,9.387,9.387,49.258,49.258,230.485,230.485
707,Pittsburgh,PA,40.4492422,-79.9854066,6076540197,5,4551,6175,415023206899011,415023206899011,1584643225073185,1584643225073185,2.902,2.902,1.929,1.929,49.205,49.205,230.485,230.485
708,Pittsburgh,PA,40.4492504,-79.9901654,6181443218,3,4551,6175,565466751283665,565466751283665,1685681348298640,2834379690159685,11.073,11.073,7.692,7.533,39.686,39.686,216.112,227.117
709,Pittsburgh,PA,40.4492713,-79.9900777,6181443219,3,4551,6175,1111723689329769,746563465990689,1685681348298640,1685681348298640,19.118,18.907,10.025,10.025,16.055,117.154,216.112,216.112
710,Pittsburgh,PA,40.4493083,-79.9902623,6179227845,3,4551,6175,565466751283665,565466751283665,2834379690159685,2834379690159685,0.669,0.669,2.909,2.909,39.686,39.686,227.117,227.117
711,Pittsburgh,PA,40.4493192,-79.985519,6076540516,3,4551,6175,415023206899011,415023206899011,1584643225073185,1584643225073185,15.275,15.275,13.993,13.993,49.205,49.205,230.485,230.485
712,Pittsburgh,PA,40.4493229,-79.989987,6179264282,3,4551,6175,1111723689329769,746563465990689,1160704764445267,981407322663787,14.032,15.188,13.807,13.556,16.055,117.154,214.865,225.386
713,Pittsburgh,PA,40.449339,-79.9854901,6076540517,3,4551,6175,795709817782353,795709817782353,1584643225073185,1584643225073185,15.4,15.4,14.402,14.402,49.178,49.178,230.485,230.485
714,Pittsburgh,PA,40.4493844,-79.9906041,6181163288,3,4551,6175,224223919121706,1351570648547575,179468804067694,179468804067694,27.114,33.585,28.191,28.191,42.621,110.631,230.044,230.044
715,Pittsburgh,PA,40.4494065,-79.9902337,6179227840,3,4551,6175,2961282004156178,2961282004156178,1340858052951976,1340858052951976,2.903,2.903,8.965,8.965,32.19,32.19,217.803,217.803
716,Pittsburgh,PA,40.4494484,-79.9851115,6076540527,3,4551,6175,396335888094582,396335888094582,334587291420557,334587291420557,3.937,3.937,10.859,10.859,48.968,48.968,230.362,230.362
717,Pittsburgh,PA,40.4494601,-79.9899549,6179264269,3,4551,6175,1111723689329769,520775915609658,489890139101645,489890139101645,7.842,2.005,5.328,5.328,16.055,56.714,220.353,220.353
718,Pittsburgh,PA,40.4494762,-79.9901236,6179227818,4,4551,6175,2260170730784921,746563465990689,496581551542577,981407322663787,1.221,5.565,2.258,7.173,34.007,117.154,140.562,225.386
719,Pittsburgh,PA,40.449519,-79.9900518,6179227823,3,4551,6175,338110407654883,338110407654883,3846763825428328,3846763825428328,2.268,2.268,4.271,4.271,41.089,41.089,215.154,215.154
720,Pittsburgh,PA,40.4495257,-79.9851902,6076540519,4,4551,6175,396335888094582,396335888094582,334587291420557,334587291420557,14.81,14.81,17.559,17.559,48.968,48.968,230.362,230.362
721,Pittsburgh,PA,40.4495268,-79.9881062,7169215408,3,4551,6175,812726152989496,812726152989496,311099550644531,772301886815429,5.713,5.713,32.164,15.101,44.396,44.396,170.703,325.636
722,Pittsburgh,PA,40.4495312,-79.985251,6076540522,3,4551,6175,396335888094582,396335888094582,334587291420557,334587291420557,18.828,18.828,19.025,19.025,48.968,48.968,230.362,230.362
723,Pittsburgh,PA,40.4495664,-79.9881537,13120169336,4,4551,6175,222557432649176,527299075079215,311099550644531,772301886815429,10.055,14.916,27.882,10.657,342.294,105.766,170.703,325.636
724,Pittsburgh,PA,40.449599,-79.9903495,6179227834,3,4551,6175,2260170730784921,1351570648547575,165167308942100,981407322663787,23.112,3.83,13.722,30.556,34.007,110.631,134.328,225.386
725,Pittsburgh,PA,40.4496118,-79.9895021,6179227995,3,4551,6175,512148193483460,1154166811764972,377988020235774,377988020235774,17.624,17.61,20.676,20.676,46.612,47.397,224.928,224.928
726,Pittsburgh,PA,40.4496245,-79.9905544,6181163294,3,4551,6175,2968906700064479,499658714805411,4217741001643763,525038091839310,34.661,7.555,13.251,32.544,31.178,123.313,171.227,214.961
727,Pittsburgh,PA,40.4496993,-79.989619,8335866825,4,4551,6175,1154166811764972,1154166811764972,377988020235774,377988020235774,4.287,4.287,6.856,6.856,47.397,47.397,224.928,224.928
728,Pittsburgh,PA,40.4497145,-79.9893447,8335866832,3,4551,6175,464240751337279,464240751337279,325597935578414,487777418942606,18.453,18.453,22.597,21.229,42.306,42.306,233.012,244.195
729,Pittsburgh,PA,40.4497863,-79.9883976,12175676478,3,4551,6175,137726371631456,483939536250705,311099550644531,504359220693406,14.331,24.15,25.779,13.613,345.134,128.146,170.703,258.74
730,Pittsburgh,PA,40.449794,-79.989736,6179227829,3,4551,6175,456020335464291,456020335464291,2984319785170042,4529906183704606,2.867,2.867,5.668,6.179,51.934,51.934,225.009,227.979
731,Pittsburgh,PA,40.4498122,-79.9902769,6179227696,3,4551,6175,2968906700064479,1351570648547575,4217741001643763,203019194972003,29.522,21.874,25.516,30.844,31.178,110.631,171.227,300.856
732,Pittsburgh,PA,40.4499491,-79.9907203,6179227805,3,4551,6175,1931775296987338,310508893938298,330896131712746,525038091839310,4.815,9.09,2.919,8.431,43.037,103.774,201.512,214.961
733,Pittsburgh,PA,40.4500155,-79.9892754,6179227687,3,4551,6175,1366693670367004,236240391604811,305445904417655,2810024862581599,4.555,2.318,4.447,5.08,49.83,83.214,228.721,262.599
734,Pittsburgh,PA,40.4500269,-79.9892587,7188851232,3,4551,6175,1366693670367004,236240391604811,305445904417655,2810024862581599,3.871,0.733,5.686,3.443,49.83,83.214,228.721,262.599
735,Pittsburgh,PA,40.4500702,-79.9893342,6179167000,5,4551,6175,187307003260988,236240391604811,273844117794501,2810024862581599,10.245,7.43,7.885,10.83,48.173,83.214,237.512,262.599
736,Pittsburgh,PA,40.4501446,-79.9901884,6179227695,3,4551,6175,944323879442711,2944016655921017,928890004561566,928890004561566,21.593,18.252,16.739,16.739,40.202,54.721,228.815,228.815
737,Pittsburgh,PA,40.4502312,-79.9895209,6179224182,3,4551,6175,187307003260988,236240391604811,273844117794501,2810024862581599,29.194,31.113,31.438,34.074,48.173,83.214,237.512,262.599
738,Pittsburgh,PA,40.4503493,-79.9889392,11998167196,4,4551,6175,1420359721646556,475077033915044,533697670958287,169754425075984,13.588,13.666,13.834,13.776,51.652,55.411,227.816,230.171
739,Pittsburgh,PA,40.4508443,-79.9875368,10942329648,3,4551,6175,1143545579487545,465853837823089,1467111683634862,179801107260393,25.559,24.971,31.572,31.523,40.821,53.149,226.779,232.79
740,Pittsburgh,PA,40.4509245,-79.9874093,11925926325,4,4551,6175,143680114406881,965015297587178,490792222040858,370049474448216,27.693,28.002,30.644,31.089,34.913,48.736,226.18,237.226
741,Pittsburgh,PA,40.450954,-79.9873747,10942329652,3,4551,6175,143680114406881,214286363581396,490792222040858,370049474448216,28.222,27.727,29.901,31.128,34.913,52.236,226.18,237.226
742,Pittsburgh,PA,40.4509776,-79.9877717,6179167056,3,4551,6175,465853837823089,465853837823089,1467111683634862,1467111683634862,2.611,2.611,6.835,6.835,53.149,53.149,226.779,226.779
743,Pittsburgh,PA,40.4510131,-79.9877196,10942329650,4,4551,6175,1143545579487545,465853837823089,940622693397461,940622693397461,1.825,3.412,7.162,7.162,40.821,53.149,229.919,229.919
744,Pittsburgh,PA,40.451059,-79.9878683,6179166995,3,4551,6175,517447089289338,465853837823089,1467111683634862,1467111683634862,13.511,11.926,5.38,5.38,38.454,53.149,226.779,226.779
745,Pittsburgh,PA,40.4510697,-79.9876339,11925926324,4,4551,6175,143680114406881,143680114406881,490792222040858,370049474448216,2.795,2.795,9.276,6.603,34.913,34.913,226.18,237.226
746,Pittsburgh,PA,40.4511153,-79.9875629,11537169454,4,4551,6175,965015297587178,965015297587178,490792222040858,490792222040858,3.469,3.469,5.937,5.937,48.736,48.736,226.18,226.18
747,Pittsburgh,PA,40.45115,-79.9877266,11925926322,4,4551,6175,143680114406881,965015297587178,179801107260393,370049474448216,9.276,11.072,6.627,5.801,34.913,48.736,232.79,237.226
748,Pittsburgh,PA,40.4511582,-79.9874957,6179167053,3,4551,6175,214286363581396,214286363581396,926025008162689,926025008162689,2.831,2.831,6.318,6.318,52.236,52.236,227.615,227.615
749,Pittsburgh,PA,40.4512486,-79.9876061,6179166993,3,4551,6175,214286363581396,214286363581396,926025008162689,926025008162689,10.987,10.987,7.576,7.576,52.236,52.236,227.615,227.615
750,Pittsburgh,PA,40.4515961,-79.9864259,10942329653,3,4551,6175,570457261010488,519238186111424,828094114804551,143203807823211,21.758,23.671,27.127,28.932,35.226,68.632,170.528,239.657
751,Pittsburgh,PA,40.4516301,-79.9863756,11925926327,3,4551,6175,570457261010488,519238186111424,828094114804551,143203807823211,23.776,26.729,26.865,30.38,35.226,68.632,170.528,239.657
752,Pittsburgh,PA,40.4516832,-79.9867132,6179167004,3,4551,6175,570457261010488,519238186111424,828094114804551,958546101647750,6.901,2.498,16.196,6.033,35.226,68.632,170.528,232.77
753,Pittsburgh,PA,40.451758,-79.9865995,11537169455,4,4551,6175,158440906232549,519238186111424,828094114804551,143203807823211,3.869,11.849,4.761,7.786,327.947,68.632,170.528,239.657
754,Pittsburgh,PA,40.4517805,-79.9868171,6179167002,3,4551,6175,783603385849872,519238186111424,4084882491557476,958546101647750,8.418,16.198,17.223,8.049,322.623,68.632,182.019,232.77
755,Pittsburgh,PA,40.4518262,-79.9864967,6179166988,3,4551,6175,158440906232549,519238186111424,828094114804551,143203807823211,15.158,23.287,9.208,18.05,327.947,68.632,170.528,239.657
756,Pittsburgh,PA,40.4518527,-79.986712,6564304448,4,4551,6175,783603385849872,519238186111424,4084882491557476,783603385849872,4.683,19.962,6.774,4.683,322.623,68.632,182.019,322.623
757,Pittsburgh,PA,40.4519237,-79.986604,6179166987,3,4551,6175,279969703835274,512728033245731,4084882491557476,143203807823211,17.159,14.3,9.0,19.651,331.338,137.365,182.019,239.657
758,Pittsburgh,PA,40.4537424,-79.9856344,6058535837,3,4551,6175,1122646931564230,2999396646971455,291779699264754,275757047621200,3.205,7.096,0.898,8.441,29.953,38.994,209.99,220.998
759,Pittsburgh,PA,40.453812,-79.985527,6058535838,3,4551,6175,475805177038227,475805177038227,2903512426597157,477824116835596,4.941,4.941,4.695,3.864,49.068,49.068,207.852,217.573
760,Pittsburgh,PA,40.4543022,-79.9940062,684907771,3,4551,6175,493846335381709,218894013071668,1633363903526112,493846335381709,1.235,4.398,22.044,1.235,320.329,118.863,219.116,320.329
761,Pittsburgh,PA,40.4544401,-79.9940843,3830209787,3,4551,6175,611323610265113,218894013071668,1158188538032640,486927715881765,7.92,12.925,6.534,6.843,325.033,118.863,219.764,317.017
762,Pittsburgh,PA,40.4544907,-79.9940578,7465279680,3,4551,6175,200787971884217,200787971884217,3993064324106164,3993064324106164,7.255,7.255,4.482,4.482,45.138,45.138,220.326,220.326
763,Pittsburgh,PA,40.4547065,-79.9946428,684907678,4,4551,6175,465214261416732,2364850383658554,1146056155873900,1146056155873900,19.789,27.795,5.183,5.183,324.843,48.743,234.937,234.937
764,Pittsburgh,PA,40.4547407,-79.9944366,3193364476,4,4551,6175,465214261416732,267831171698333,219802562966757,509731830380408,2.917,19.088,2.502,2.241,324.843,49.543,233.021,234.738
765,Pittsburgh,PA,40.4547759,-79.9943776,3193364478,4,4551,6175,465214261416732,509687870227377,221872256052461,221872256052461,3.939,18.885,1.825,1.825,324.843,49.948,233.456,233.456
766,Pittsburgh,PA,40.4548179,-79.9943087,7465279674,3,4551,6175,465214261416732,753059602052118,470052830889559,470052830889559,11.258,18.463,1.624,1.624,324.843,49.995,234.59,234.59
767,Pittsburgh,PA,40.4548279,-79.9944593,684907588,4,4551,6175,465214261416732,840056766609678,181897313815676,1445832295758799,7.756,27.807,6.615,3.556,324.843,49.861,234.689,299.937
768,Pittsburgh,PA,40.4548873,-79.9838851,6058413374,3,4551,6175,784609155778917,211990160516469,236857864862607,236857864862607,10.851,14.197,14.609,14.609,35.349,81.278,227.1,227.1
769,Pittsburgh,PA,40.4549132,-79.9841053,12288041922,4,4551,6175,784609155778917,211990160516469,911066619671259,911066619671259,9.939,4.763,0.805,0.805,35.349,81.278,230.241,230.241
770,Pittsburgh,PA,40.4549261,-79.9834956,6058413419,3,4551,6175,930452511063905,3962306720504756,1795296103968758,203317601620529,32.986,34.543,31.141,30.597,34.167,42.51,220.56,243.445
771,Pittsburgh,PA,40.4550071,-79.9835919,6058413429,3,4551,6175,294799528953349,930452511063905,1795296103968758,203317601620529,23.025,21.341,20.379,18.589,26.344,34.167,220.56,243.445
772,Pittsburgh,PA,40.455038,-79.9835465,6058413445,3,4551,6175,294799528953349,258880902694473,1795296103968758,3045147869049452,23.331,27.011,17.979,17.146,26.344,49.158,220.56,231.328
773,Pittsburgh,PA,40.4551533,-79.983766,6058413431,4,4551,6175,294799528953349,930452511063905,386600592563386,203317601620529,1.708,7.752,4.497,5.128,26.344,34.167,233.543,243.445
774,Pittsburgh,PA,40.4555108,-79.9831876,6050612574,3,4551,6175,1185787118538860,1185787118538860,504767747344725,3008827792692255,2.801,2.801,4.248,2.469,58.39,58.39,230.792,238.003
775,Pittsburgh,PA,40.4555423,-79.9830259,6050612568,3,4551,6175,953757815392983,314187180227280,810216749928366,1146846399121158,7.923,7.117,7.152,7.534,48.389,54.088,227.378,239.551
776,Pittsburgh,PA,40.4560564,-79.9823822,6050612599,3,4551,6175,119629466839694,119629466839694,801020157203892,974618603347296,5.802,5.802,9.462,5.656,43.924,43.924,233.716,248.813
777,Pittsburgh,PA,40.4568649,-79.9807073,6050511814,3,4551,6175,938666716917508,938666716917508,220084192917756,302845398086472,27.384,27.384,21.705,25.286,39.85,39.85,208.301,228.148
778,Pittsburgh,PA,40.4589252,-79.9858036,3625539715,3,4551,6175,490760875675877,490760875675877,259852109221909,259852109221909,2.044,2.044,3.572,3.572,49.59,49.59,229.663,229.663
779,Pittsburgh,PA,40.4594467,-79.9842509,11461692306,3,4551,6175,306697624255984,306697624255984,513595486342119,513595486342119,30.753,30.753,30.345,30.345,44.784,44.784,225.277,225.277
780,Pittsburgh,PA,40.4603725,-79.9823192,2272930788,3,4551,6175,339725247572848,1184387138658964,1414900438875963,558476558490547,28.914,12.343,5.474,4.205,0.0,109.858,208.305,220.652
781,Pittsburgh,PA,40.4604506,-79.9822495,8061191453,3,4551,6175,318007936516546,1184387138658964,1414900438875963,148211423948226,12.452,8.114,6.348,5.132,302.14,109.858,208.305,259.655
782,Pittsburgh,PA,40.4484895,-79.9585679,13137705102,3,4552,6175,3929502253830246,827795961451639,311394887251131,509523300220534,32.701,33.101,8.469,5.141,48.328,52.03,239.717,242.141
783,Pittsburgh,PA,40.4487022,-79.9649695,13137705134,3,4552,6175,1776434955885270,771371500411541,307392654216637,180402593869515,20.139,22.946,11.305,20.923,350.402,54.738,162.645,261.349
784,Pittsburgh,PA,40.4487138,-79.9649655,13137705136,3,4552,6175,581080896614719,771371500411541,307392654216637,180402593869515,17.147,23.47,11.199,19.624,338.296,54.738,162.645,261.349
785,Pittsburgh,PA,40.4487258,-79.965282,13137705123,3,4552,6175,383449356277736,863907994472722,2596981910603973,329310538718093,14.486,4.619,7.562,4.866,323.361,112.565,189.207,226.326
786,Pittsburgh,PA,40.4487879,-79.9647197,13137705137,3,4552,6175,454337905866370,454337905866370,307392654216637,972061130243838,5.62,5.62,14.706,7.406,34.144,34.144,162.645,271.864
787,Pittsburgh,PA,40.448796,-79.9647368,13137705139,3,4552,6175,454337905866370,454337905866370,513821696318167,972061130243838,6.485,6.485,12.168,6.395,34.144,34.144,154.994,271.864
788,Pittsburgh,PA,40.4489108,-79.9650237,13137705131,4,4552,6175,473017447287383,863907994472722,410455370698746,180402593869515,10.403,34.486,6.797,5.838,340.437,112.565,161.672,261.349
789,Pittsburgh,PA,40.4489456,-79.9647979,13137705141,3,4552,6175,473017447287383,454337905866370,410455370698746,5473938052680164,9.235,18.204,13.27,7.007,340.437,34.144,161.672,269.4
790,Pittsburgh,PA,40.4489569,-79.9648546,13137705148,3,4552,6175,473017447287383,454337905866370,410455370698746,5473938052680164,5.787,22.355,9.695,6.059,340.437,34.144,161.672,269.4
791,Pittsburgh,PA,40.4502848,-79.9663885,13148757843,3,4552,6175,2219976864805147,2219976864805147,312284406937154,1239185906496745,3.837,3.837,11.554,14.289,58.244,58.244,175.944,256.794
792,Pittsburgh,PA,40.4503175,-79.9663033,13148757842,3,4552,6175,2219976864805147,1377062026005952,312284406937154,1239185906496745,10.931,9.313,5.622,10.728,58.244,60.687,175.944,256.794
793,Pittsburgh,PA,40.4503203,-79.9662933,13148757840,3,4552,6175,2219976864805147,1377062026005952,312284406937154,1239185906496745,11.822,8.568,5.423,10.744,58.244,60.687,175.944,256.794
794,Pittsburgh,PA,40.4503935,-79.9664525,13148757839,3,4552,6175,513119086797320,2219976864805147,312284406937154,1239185906496745,9.577,10.722,12.66,9.318,333.389,58.244,175.944,256.794
795,Pittsburgh,PA,40.4504006,-79.9664629,13148757837,3,4552,6175,513119086797320,2219976864805147,312284406937154,298876845056568,8.672,11.678,13.706,4.705,333.389,58.244,175.944,301.568
796,Pittsburgh,PA,40.450444,-79.9663409,13148757836,3,4552,6175,513119086797320,1377062026005952,312284406937154,1239185906496745,11.806,11.019,8.934,3.923,333.389,60.687,175.944,256.794
797,Pittsburgh,PA,40.4504532,-79.9663369,13148757834,3,4552,6175,513119086797320,1377062026005952,312284406937154,1239185906496745,11.846,11.41,9.814,4.975,333.389,60.687,175.944,256.794
798,Pittsburgh,PA,40.4506896,-79.965768,13148757828,4,4552,6175,297837431822347,3960479660705055,141571427958723,932740897557854,3.909,11.881,3.743,5.269,334.003,60.22,173.772,239.021
799,Pittsburgh,PA,40.4510724,-79.9689436,13148757891,3,4552,6175,223633686192030,4070485116323284,315381149953194,823777734897761,23.141,20.901,16.614,15.716,330.715,149.778,156.746,282.68
800,Pittsburgh,PA,40.4510841,-79.9689413,13148757890,3,4552,6175,223633686192030,4070485116323284,315381149953194,823777734897761,21.933,19.653,15.341,14.402,330.715,149.778,156.746,282.68
801,Pittsburgh,PA,40.4511274,-79.9688415,13148757879,4,4552,6175,223633686192030,4070485116323284,315381149953194,823777734897761,21.695,18.841,14.587,11.829,330.715,149.778,156.746,282.68
802,Pittsburgh,PA,40.4511367,-79.9689792,13148757888,4,4552,6175,223633686192030,4070485116323284,315381149953194,823777734897761,15.517,13.481,9.502,9.663,330.715,149.778,156.746,282.68
803,Pittsburgh,PA,40.4511995,-79.9690218,13148757887,3,4552,6175,223633686192030,4070485116323284,315381149953194,823777734897761,8.365,7.256,5.598,8.367,330.715,149.778,156.746,282.68
804,Pittsburgh,PA,40.4512221,-79.968974,13148757884,4,4552,6175,223633686192030,4070485116323284,315381149953194,823777734897761,6.561,4.061,1.015,4.307,330.715,149.778,156.746,282.68
805,Pittsburgh,PA,40.4512459,-79.9689086,13148757883,3,4552,6175,223633686192030,4070485116323284,315381149953194,823777734897761,9.168,6.479,5.296,3.9,330.715,149.778,156.746,282.68
806,Pittsburgh,PA,40.45158,-79.9691911,1252119193,3,4552,6175,445289453561033,2265855156881209,2265855156881209,265381725271185,1.158,2.386,2.386,26.296,336.462,146.186,146.186,329.008
807,Pittsburgh,PA,40.4516032,-79.969272,13148757808,4,4552,6175,759031001428245,2265855156881209,2265855156881209,265381725271185,5.804,6.258,6.258,21.345,337.762,146.186,146.186,329.008
808,Pittsburgh,PA,40.4516257,-79.9692184,104720622,3,4552,6175,759031001428245,2265855156881209,2265855156881209,265381725271185,3.291,3.259,3.259,20.728,337.762,146.186,146.186,329.008
809,Pittsburgh,PA,40.4519163,-79.9694809,13148757807,3,4552,6175,1368320110233824,978905259611073,138636014964326,265381725271185,7.209,8.175,7.375,18.676,7.166,89.739,127.352,329.008
810,Pittsburgh,PA,40.4519392,-79.9694265,13148757804,4,4552,6175,1125137981313506,978905259611073,138636014964326,265381725271185,3.429,8.203,2.147,18.362,4.142,89.739,127.352,329.008
811,Pittsburgh,PA,40.4527717,-79.9649655,13137705389,3,4552,6175,3955414744505999,296645748759020,478124519937685,315802666720611,25.417,10.117,21.758,23.427,58.053,87.896,161.247,280.897
812,Pittsburgh,PA,40.4527758,-79.964931,13137705390,3,4552,6175,3955414744505999,296645748759020,478124519937685,315802666720611,23.029,10.996,24.236,21.965,58.053,87.896,161.247,280.897
813,Pittsburgh,PA,40.4528336,-79.9651769,13137705385,3,4552,6175,1703967999790618,308184480878679,478124519937685,2051538661652585,23.627,10.084,3.174,23.238,313.921,87.113,161.247,296.371
814,Pittsburgh,PA,40.4528456,-79.9651853,13137705384,3,4552,6175,1703967999790618,182073313792950,478124519937685,2051538661652585,22.761,9.773,1.666,22.81,313.921,87.161,161.247,296.371
815,Pittsburgh,PA,40.4528898,-79.9648137,13137705400,3,4552,6175,3955414744505999,2922257651378459,271203511359662,315802666720611,7.12,5.129,9.638,8.913,58.053,79.756,231.299,280.897
816,Pittsburgh,PA,40.4528924,-79.9648013,13137705401,3,4552,6175,3955414744505999,2922257651378459,271203511359662,315802666720611,6.113,5.079,9.373,9.1,58.053,79.756,231.299,280.897
817,Pittsburgh,PA,40.4529685,-79.965211,13137705380,3,4552,6175,551156149213315,182073313792950,478124519937685,1703967999790618,14.799,11.168,12.344,14.503,321.798,87.161,161.247,313.921
818,Pittsburgh,PA,40.4529783,-79.9650162,13137705394,4,4552,6175,1703967999790618,315372096699274,334194891463057,2051538661652585,6.264,5.422,2.534,2.565,313.921,115.257,134.242,296.371
819,Pittsburgh,PA,40.452981,-79.9648876,13137705397,3,4552,6175,1703967999790618,1160967481090496,271203511359662,315802666720611,15.143,5.73,6.584,3.479,313.921,102.308,231.299,280.897
820,Pittsburgh,PA,40.4529973,-79.9651557,13151169834,3,4552,6175,551156149213315,182073313792950,801397654083341,1703967999790618,9.585,16.604,5.916,8.935,321.798,87.161,145.095,313.921
821,Pittsburgh,PA,40.4534496,-79.9641866,13137705229,3,4552,6175,542094790286746,479515479778229,480883379789308,480883379789308,5.675,13.45,2.565,2.565,47.831,94.144,233.076,233.076
822,Pittsburgh,PA,40.4535317,-79.9642668,2584519809,4,4552,6175,542094790286746,479515479778229,226211359315970,480883379789308,16.843,4.423,8.789,13.924,47.831,94.144,142.373,233.076
823,Pittsburgh,PA,40.453705,-79.9638054,2584519815,4,4552,6175,181044637233948,769112603995799,332363828285991,332363828285991,5.552,3.309,12.088,12.088,52.227,110.442,225.139,225.139
824,Pittsburgh,PA,40.4546354,-79.9608064,13137705712,3,4552,6175,348744796682740,307239320925368,1631603037029468,1058555461576567,7.15,9.914,14.714,7.354,312.625,49.589,232.511,240.276
825,Pittsburgh,PA,40.4547003,-79.9608927,13137705716,3,4552,6175,152118073552274,307239320925368,1631603037029468,1058555461576567,10.069,11.811,11.11,2.916,306.925,49.589,232.511,240.276
826,Pittsburgh,PA,40.4547158,-79.9606821,13137705766,3,4552,6175,307239320925368,915163849031933,1631603037029468,152118073552274,6.127,4.539,27.116,8.754,49.589,59.977,232.511,306.925
827,Pittsburgh,PA,40.454791,-79.960766,13137705761,3,4552,6175,307239320925368,915163849031933,1631603037029468,152118073552274,8.469,8.691,25.803,12.073,49.589,59.977,232.511,306.925
828,Pittsburgh,PA,40.4548412,-79.965952,105893753,3,4552,6175,2995668264050301,303878431211848,280928413760782,982847525874694,3.253,30.557,7.335,31.665,2.733,72.608,169.147,255.021
829,Pittsburgh,PA,40.4548608,-79.9619208,13137705409,3,4552,6175,216144723412473,175727594470143,505629757144491,157968536209072,3.515,5.849,3.904,18.035,44.637,57.543,146.273,233.201
830,Pittsburgh,PA,40.4548695,-79.9658747,13168117934,4,4552,6175,2995668264050301,781725606046470,280928413760782,982847525874694,6.595,30.246,14.101,31.586,2.733,66.425,169.147,255.021
831,Pittsburgh,PA,40.4549144,-79.9618277,13137705405,3,4552,6175,473574370536136,473574370536136,505629757144491,157968536209072,2.315,2.315,6.017,13.083,43.659,43.659,146.273,233.201
832,Pittsburgh,PA,40.4549371,-79.9618276,13137662793,3,4552,6175,473574370536136,473574370536136,505629757144491,157968536209072,2.086,2.086,7.921,10.841,43.659,43.659,146.273,233.201
833,Pittsburgh,PA,40.4550019,-79.9618981,13137662789,4,4552,6175,473574370536136,473574370536136,4112212765484518,157968536209072,9.253,9.253,2.405,2.242,43.659,43.659,212.996,233.201
834,Pittsburgh,PA,40.4550673,-79.9660628,13151169829,3,4552,6175,776129156432133,325030589236476,466427451097398,982847525874694,6.169,3.313,1.249,4.936,350.137,62.713,173.927,255.021
835,Pittsburgh,PA,40.4552112,-79.9660813,13168117954,4,4552,6175,257873412784853,781725606046470,785245879027727,982847525874694,16.079,11.686,3.66,11.147,341.606,66.425,209.98,255.021
836,Pittsburgh,PA,40.4552144,-79.965924,13168118090,3,4552,6175,1115599898946933,1115599898946933,227835222044251,481298439859836,4.792,4.792,10.465,6.055,48.316,48.316,219.022,289.009
837,Pittsburgh,PA,40.4553345,-79.9659367,13168118094,3,4552,6175,257873412784853,1854643478031636,491127995466605,491127995466605,4.074,16.053,1.305,1.305,341.606,57.182,236.226,236.226
838,Pittsburgh,PA,40.4554373,-79.9765966,6080501387,4,4552,6175,766500830706783,766500830706783,559287735101437,1699042876970207,27.309,27.309,34.985,34.757,48.744,48.744,200.837,247.281
839,Pittsburgh,PA,40.4556716,-79.9658756,13168118101,3,4552,6175,336119414550396,306790517650294,876926459705866,465416611381675,13.926,6.346,34.902,16.025,4.19,59.162,182.035,248.558
840,Pittsburgh,PA,40.4558971,-79.9657234,13168118106,3,4552,6175,306790517650294,305650001234222,876926459705866,189117036408204,22.169,12.483,9.782,4.639,59.162,67.418,182.035,248.596
841,Pittsburgh,PA,40.4559193,-79.9659212,12880833459,3,4552,6175,301906888072212,947863235756738,876926459705866,465416611381675,24.946,21.426,26.403,11.82,45.562,66.751,182.035,248.558
842,Pittsburgh,PA,40.4559226,-79.9659284,13168118056,3,4552,6175,301906888072212,947863235756738,876926459705866,465416611381675,25.31,22.063,27.027,12.249,45.562,66.751,182.035,248.558
843,Pittsburgh,PA,40.4559377,-79.9657402,13168118098,3,4552,6175,306790517650294,305650001234222,876926459705866,189117036408204,25.511,17.206,11.456,8.838,59.162,67.418,182.035,248.596
844,Pittsburgh,PA,40.4559414,-79.9642072,13168117932,3,4552,6175,1265974423796496,178409007407982,802358050411563,504863477308227,1.304,4.142,21.141,2.891,324.057,61.491,238.23,311.5
845,Pittsburgh,PA,40.4560358,-79.9642561,13168117927,3,4552,6175,504863477308227,178409007407982,802358050411563,187179616598109,8.666,8.855,21.016,3.31,311.5,61.491,238.23,248.341
846,Pittsburgh,PA,40.4561928,-79.9649667,13168118083,4,4552,6175,379935606657788,223916972488183,939368230212380,186366760011054,23.734,15.052,31.386,1.077,57.085,61.616,237.664,242.13
847,Pittsburgh,PA,40.4563449,-79.9646039,13168118082,3,4552,6175,379935606657788,402964087358611,468683567754732,285585116634971,19.552,12.444,28.044,4.889,57.085,61.32,239.531,240.429
848,Pittsburgh,PA,40.4564444,-79.9646966,3643294585,4,4552,6175,379935606657788,402964087358611,468683567754732,285585116634971,29.332,25.996,32.292,13.899,57.085,61.32,239.531,240.429
849,Pittsburgh,PA,40.4571578,-79.9802234,6050511875,3,4552,6175,791668978203742,950261172458434,156967409722686,220472769528481,27.388,28.137,31.271,34.678,45.969,51.433,226.949,244.332
850,Pittsburgh,PA,40.4572777,-79.9800506,6050511890,3,4552,6175,1471412736526569,1235070230243609,4014480911976646,220472769528481,28.413,28.219,30.411,32.096,42.494,97.949,227.363,244.332
851,Pittsburgh,PA,40.4572865,-79.9800378,6050511876,3,4552,6175,1471412736526569,1235070230243609,4014480911976646,220472769528481,28.65,28.142,30.361,32.386,42.494,97.949,227.363,244.332
852,Pittsburgh,PA,40.4573402,-79.9799605,6050511878,3,4552,6175,373896380680979,1235070230243609,310080230616002,779848342655517,28.51,29.234,31.675,30.627,43.317,97.949,212.596,228.95
853,Pittsburgh,PA,40.4573471,-79.9799505,6050511882,3,4552,6175,373896380680979,1235070230243609,310080230616002,779848342655517,28.521,29.569,31.195,30.485,43.317,97.949,212.596,228.95
854,Pittsburgh,PA,40.4573715,-79.9799793,6050511883,3,4552,6175,373896380680979,1235070230243609,310080230616002,779848342655517,24.877,26.134,27.892,26.86,43.317,97.949,212.596,228.95
855,Pittsburgh,PA,40.4573936,-79.9798804,6050511873,3,4552,6175,373896380680979,1235070230243609,310080230616002,779848342655517,29.963,33.01,29.071,30.821,43.317,97.949,212.596,228.95
856,Pittsburgh,PA,40.4574688,-79.9797701,6050511871,3,4552,6175,288112499688394,288112499688394,310080230616002,633344064732736,29.166,29.166,29.785,29.433,46.645,46.645,212.596,227.117
857,Pittsburgh,PA,40.457494,-79.9797996,6050511884,3,4552,6175,288112499688394,288112499688394,310080230616002,633344064732736,25.414,25.414,26.19,25.697,46.645,46.645,212.596,227.117
858,Pittsburgh,PA,40.4578043,-79.9793824,6050511828,4,4552,6175,4086022851444519,524786305344292,156325456446917,165860562209989,27.202,26.948,28.243,23.416,27.495,55.432,179.347,244.874
859,Pittsburgh,PA,40.4578409,-79.9793288,6050501924,3,4552,6175,140005884833404,514376596362693,156325456446917,165860562209989,30.9,26.129,27.569,25.543,5.423,49.809,179.347,244.874
860,Pittsburgh,PA,40.4580683,-79.9796025,7805357714,3,4552,6175,140005884833404,514376596362693,156325456446917,2880541735499109,8.113,9.611,6.728,7.13,5.423,49.809,179.347,217.374
861,Pittsburgh,PA,40.4585557,-79.9786355,9918420994,3,4552,6175,918153092367185,918153092367185,155251316609984,259053362672375,33.211,33.211,34.037,32.224,35.891,35.891,236.248,304.924
862,Pittsburgh,PA,40.4598155,-79.969715,6113377567,4,4552,6175,657156968508494,657156968508494,809598589682258,140484698103831,1.654,1.654,15.665,15.597,48.199,48.199,233.101,235.501
863,Pittsburgh,PA,40.4600671,-79.9719089,6066956276,4,4552,6175,473214140608503,501665607693056,1594148537456381,473214140608503,34.246,17.003,16.432,34.246,317.487,140.036,144.022,317.487
864,Pittsburgh,PA,40.4600896,-79.9719387,6066956129,3,4552,6175,473214140608503,501665607693056,1594148537456381,473214140608503,31.225,20.14,19.889,31.225,317.487,140.036,144.022,317.487
865,Pittsburgh,PA,40.46009,-79.9718756,687149555,3,4552,6175,473214140608503,501665607693056,1594148537456381,473214140608503,32.698,15.224,15.693,32.698,317.487,140.036,144.022,317.487
866,Pittsburgh,PA,40.4601485,-79.9692054,12229994834,4,4552,6175,743305319698906,854431838479876,3995960810486246,309123404059361,7.76,1.703,13.1,16.292,9.115,48.365,169.111,322.232
867,Pittsburgh,PA,40.4602017,-79.9716902,687149558,3,4552,6175,473214140608503,501665607693056,501665607693056,473214140608503,32.862,19.226,19.226,32.862,317.487,140.036,140.036,317.487
868,Pittsburgh,PA,40.4602149,-79.9693962,13168115928,3,4552,6175,966679190744364,137067591790663,3995960810486246,309123404059361,5.574,12.729,5.914,4.692,348.074,48.867,169.111,322.232
869,Pittsburgh,PA,40.4602257,-79.9716567,12230016246,4,4552,6175,473214140608503,501665607693056,501665607693056,473214140608503,33.97,22.322,22.322,33.97,317.487,140.036,140.036,317.487
870,Pittsburgh,PA,40.4603275,-79.9692714,12230016223,3,4552,6175,966679190744364,325418435602999,3995960810486246,309123404059361,11.377,17.41,12.678,11.784,348.074,48.443,169.111,322.232
871,Pittsburgh,PA,40.460681,-79.9699506,12229050500,4,4552,6175,4302542433130942,295960882259166,163635512281905,4302542433130942,8.776,22.927,11.315,8.776,316.406,44.649,228.624,316.406
872,Pittsburgh,PA,40.4607595,-79.9698363,12229050499,4,4552,6175,4302542433130942,295960882259166,311229703986154,4302542433130942,9.482,10.45,11.355,9.482,316.406,44.649,228.593,316.406
873,Pittsburgh,PA,40.4607854,-79.9700718,12229059401,4,4552,6175,4302542433130942,228411855288074,186210353364297,186210353364297,22.644,13.992,4.347,4.347,316.406,141.938,228.635,228.635
874,Pittsburgh,PA,40.4608613,-79.9699578,12229059402,4,4552,6175,295960882259166,295960882259166,311229703986154,311229703986154,14.449,14.449,3.974,3.974,44.649,44.649,228.593,228.593
875,Pittsburgh,PA,40.4613931,-79.9691811,12229059422,4,4552,6175,525448508461673,525448508461673,580240259617666,580240259617666,10.949,10.949,4.448,4.448,48.867,48.867,228.351,228.351
876,Pittsburgh,PA,40.4614988,-79.968772,12229050496,3,4552,6175,472667680681279,472667680681279,495312151717267,495312151717267,3.081,3.081,9.889,9.889,49.48,49.48,228.263,228.263
877,Pittsburgh,PA,40.4615442,-79.9687,8058901423,4,4552,6175,303402134724621,303402134724621,1630019244054866,1630019244054866,3.606,3.606,9.891,9.891,49.106,49.106,228.237,228.237
878,Pittsburgh,PA,40.4615469,-79.9688299,3390005164,3,4552,6175,472667680681279,472667680681279,201064158503572,201064158503572,4.263,4.263,2.949,2.949,49.48,49.48,228.254,228.254
879,Pittsburgh,PA,40.461573,-79.9686542,12229050494,3,4552,6175,593450692045490,593450692045490,883113158935307,883113158935307,3.791,3.791,10.143,10.143,48.861,48.861,228.219,228.219
880,Pittsburgh,PA,40.4615932,-79.9687591,105690270,4,4552,6175,303402134724621,303402134724621,1630019244054866,1630019244054866,3.979,3.979,2.497,2.497,49.106,49.106,228.237,228.237
881,Pittsburgh,PA,40.4615983,-79.9688917,12229050497,4,4552,6175,472667680681279,472667680681279,201064158503572,201064158503572,11.984,11.984,5.32,5.32,49.48,49.48,228.254,228.254
882,Pittsburgh,PA,40.4616401,-79.9688182,6386542885,4,4552,6175,303402134724621,303402134724621,1630019244054866,1630019244054866,11.157,11.157,4.728,4.728,49.106,49.106,228.237,228.237
883,Pittsburgh,PA,40.4616714,-79.9687632,12229050495,3,4552,6175,252094053269998,252094053269998,883113158935307,883113158935307,10.672,10.672,4.224,4.224,48.615,48.615,228.219,228.219
884,Pittsburgh,PA,40.4621639,-79.9680627,6386542891,4,4552,6175,477566386860985,477566386860985,522571855417377,522571855417377,10.985,10.985,3.927,3.927,47.461,47.461,228.177,228.177
885,Pittsburgh,PA,40.4621973,-79.968095,9453097194,3,4552,6175,477566386860985,477566386860985,522571855417377,522571855417377,15.552,15.552,8.5,8.5,47.461,47.461,228.177,228.177
886,Pittsburgh,PA,40.4623337,-79.9677945,6386542893,3,4552,6175,1198671360593344,1198671360593344,978039259609490,978039259609490,8.161,8.161,1.697,1.697,51.328,51.328,228.269,228.269
887,Pittsburgh,PA,40.4623774,-79.9678844,12505443547,3,4552,6175,1198671360593344,1198671360593344,978039259609490,978039259609490,17.145,17.145,10.442,10.442,51.328,51.328,228.269,228.269
888,Pittsburgh,PA,40.4625707,-79.9671972,13256958933,3,4552,6175,299235501755567,309774050657111,940596633372118,309886443972614,8.604,8.043,16.867,16.939,37.427,40.245,224.433,226.003
889,Pittsburgh,PA,40.4625997,-79.9671447,6386542678,4,4552,6175,1370071753370446,299235501755567,217398189927225,940596633372118,9.729,10.163,18.973,18.867,34.833,37.427,221.313,224.433
890,Pittsburgh,PA,40.4626644,-79.9673653,11671594146,3,4552,6175,299235501755567,545323463518510,940596633372118,940596633372118,9.84,10.097,1.659,1.659,37.427,42.555,224.433,224.433
891,Pittsburgh,PA,40.4627231,-79.967307,6386542897,4,4552,6175,249063986992980,1450300488654023,217398189927225,217398189927225,9.553,9.345,0.459,0.459,31.867,33.245,221.313,221.313
892,Pittsburgh,PA,40.4627535,-79.9669287,13256958935,3,4552,6175,1568463946693012,1568463946693012,294568185720477,1697385627136465,21.489,21.489,25.28,24.914,31.108,31.108,209.963,213.218
893,Pittsburgh,PA,40.4627634,-79.9672718,13297251352,3,4552,6175,1568463946693012,1568463946693012,517958052675425,517958052675425,8.446,8.446,2.363,2.363,31.108,31.108,219.74,219.74
894,Pittsburgh,PA,40.4628321,-79.967049,12294501366,4,4552,6175,1568463946693012,1568463946693012,294568185720477,1697385627136465,15.796,15.796,11.88,12.328,31.108,31.108,209.963,213.218
895,Pittsburgh,PA,40.4628791,-79.9671788,13256958938,3,4552,6175,1568463946693012,1568463946693012,1697385627136465,1697385627136465,16.392,16.392,2.987,2.987,31.108,31.108,213.218,213.218
896,Pittsburgh,PA,40.4629972,-79.9778774,13441667572,4,4552,6175,1643196235891338,195497979065272,1148526542240313,263037022174968,10.611,11.594,22.187,22.437,14.919,82.734,120.383,327.724
897,Pittsburgh,PA,40.4630312,-79.9779262,2636009444,3,4552,6175,1643196235891338,195497979065272,1148526542240313,263037022174968,6.197,7.407,17.686,18.029,14.919,82.734,120.383,327.724
898,Pittsburgh,PA,40.463062,-79.9778244,13441667575,4,4552,6175,1643196235891338,195497979065272,1148526542240313,263037022174968,8.596,16.616,26.483,17.635,14.919,82.734,120.383,327.724
899,Pittsburgh,PA,40.4630757,-79.9782705,13441667534,3,4552,6175,1643196235891338,935500933870855,160016159405568,563179287998856,29.623,6.622,2.906,27.68,14.919,125.085,142.175,302.102
900,Pittsburgh,PA,40.4630906,-79.9778753,1253610082,3,4552,6175,1643196235891338,195497979065272,1148526542240313,263037022174968,3.86,14.132,22.882,12.701,14.919,82.734,120.383,327.724
901,Pittsburgh,PA,40.4631119,-79.9783194,13441667561,4,4552,6175,309382360677666,160016159405568,941433296617342,563179287998856,29.433,6.913,8.617,27.858,341.71,142.175,175.874,302.102
902,Pittsburgh,PA,40.463143,-79.97827,1253610107,3,4552,6175,309382360677666,160016159405568,941433296617342,563179287998856,24.554,6.247,5.973,22.436,341.71,142.175,175.874,302.102
903,Pittsburgh,PA,40.4631533,-79.9783551,13441667628,3,4552,6175,309382360677666,160016159405568,941433296617342,1150500225375515,27.117,11.787,5.676,25.308,341.71,142.175,175.874,308.091
904,Pittsburgh,PA,40.4632549,-79.9782747,1253610075,3,4552,6175,309382360677666,935500933870855,221134119465218,1150500225375515,14.069,22.474,1.466,13.373,341.71,125.085,204.325,308.091
905,Pittsburgh,PA,40.4632818,-79.9783244,13441667589,4,4552,6175,309382360677666,160016159405568,311936693706333,1150500225375515,15.582,22.334,5.694,16.627,341.71,142.175,185.679,308.091
906,Pittsburgh,PA,40.4632826,-79.9781144,315286964,3,4552,6175,309382360677666,195497979065272,311936693706333,1150500225375515,8.313,30.74,13.489,2.627,341.71,82.734,185.679,308.091
907,Pittsburgh,PA,40.4632932,-79.9782131,2636009314,3,4552,6175,309382360677666,293716778969410,311936693706333,1150500225375515,7.467,33.076,5.164,7.127,341.71,87.48,185.679,308.091
908,Pittsburgh,PA,40.4633267,-79.9781131,13441667584,4,4552,6175,309382360677666,293716778969410,311936693706333,1150500225375515,4.769,28.749,13.329,2.984,341.71,87.48,185.679,308.091
909,Pittsburgh,PA,40.4633305,-79.9782121,13441667585,4,4552,6175,309382360677666,293716778969410,311936693706333,1150500225375515,4.659,29.004,5.295,7.596,341.71,87.48,185.679,308.091
910,Pittsburgh,PA,40.4635753,-79.9781058,104354758,4,4552,6175,461004851867502,293716778969410,4027186773970773,4027186773970773,4.011,2.7,3.152,3.152,350.024,87.48,236.012,236.012
911,Pittsburgh,PA,40.4635789,-79.9782051,1253610159,3,4552,6175,461004851867502,293716778969410,861162417771669,834258810775500,5.608,5.946,12.032,5.601,350.024,87.48,184.861,296.354
912,Pittsburgh,PA,40.4470028,-79.9473382,9438347579,3,4553,6175,774510193260670,1186269451793326,542545643573279,822692381985814,7.818,7.574,2.373,10.088,340.577,92.154,151.777,322.206
913,Pittsburgh,PA,40.44713,-79.9424656,9323256358,4,4553,6175,1219496326791018,1965740517346563,1933566563937782,26371667952423577,5.068,3.088,0.626,6.165,2.0,129.0,177.0,263.0
914,Pittsburgh,PA,40.4471554,-79.9472238,9438347566,3,4553,6175,1686445235076434,771735113518623,542545643573279,822692381985814,12.16,9.294,17.332,21.359,41.855,71.508,151.777,322.206
915,Pittsburgh,PA,40.4471906,-79.9474932,9438347564,3,4553,6175,774510193260670,212278810488599,542545643573279,822692381985814,30.368,17.573,24.457,33.634,340.577,90.671,151.777,322.206
916,Pittsburgh,PA,40.4473539,-79.9425464,9342273406,3,4553,6175,1759387448361365,1292753281119098,1494046045430557,375936993856488,9.184,6.511,3.666,7.873,1.0,97.844,174.0,264.734
917,Pittsburgh,PA,40.4473544,-79.9423507,9318800830,4,4553,6175,1298370305135278,205600914558241,2834361940233643,901953662260476,7.603,9.926,5.027,7.206,0.0,86.465,182.0,261.0
918,Pittsburgh,PA,40.447403,-79.9539075,8505528037,3,4553,6175,233340999126646,826938888844337,1069479634022644,788627159713475,4.073,5.62,14.027,14.069,40.568,50.729,225.038,243.408
919,Pittsburgh,PA,40.447493,-79.9425627,9323256363,4,4553,6175,2426513411118704,800287143963237,1619000129377427,328277728681879,7.246,8.199,2.204,0.558,355.0,87.475,177.0,261.814
920,Pittsburgh,PA,40.4475138,-79.9423769,9342314162,4,4553,6175,1499159701658675,866738344056591,2025302065536286,1487209669039293,3.358,7.648,9.509,5.851,336.0,83.517,174.0,263.0
921,Pittsburgh,PA,40.447862,-79.9426079,13477132437,3,4553,6175,832708393164610,1240451754900331,1455134586161746,1027855242843290,9.248,4.142,2.726,13.532,354.0,122.0,181.0,260.0
922,Pittsburgh,PA,40.4478815,-79.953519,8505528263,4,4553,6175,669649334666222,794800155686439,3574902276101277,966408341253252,11.94,12.137,3.588,5.101,47.391,51.746,223.816,238.482
923,Pittsburgh,PA,40.4479504,-79.9531798,8505528270,4,4553,6175,1335939050678906,1335939050678906,2446649545540499,256745933810868,2.089,2.089,12.45,14.025,46.689,46.689,214.965,237.678
924,Pittsburgh,PA,40.4482038,-79.9525623,8505528133,4,4553,6175,1328051161463014,136705272766568,1113601522454117,238674329073543,18.473,20.825,28.035,33.867,33.116,59.403,179.25,285.464
925,Pittsburgh,PA,40.4482142,-79.9527746,8505528046,3,4553,6175,981646306405151,293943093189329,1113601522454117,510737083612510,5.078,4.645,19.374,12.137,43.371,52.62,179.25,221.253
926,Pittsburgh,PA,40.4483559,-79.9528633,8505528264,3,4553,6175,1328051161463014,3501963566712924,1113601522454117,815019679994468,12.104,8.53,7.284,12.504,33.116,142.729,179.25,274.846
927,Pittsburgh,PA,40.4483731,-79.9526,8505528134,3,4553,6175,291975153372924,136705272766568,1113601522454117,238674329073543,9.491,1.744,16.025,18.859,6.204,59.403,179.25,285.464
928,Pittsburgh,PA,40.4484416,-79.9528419,8505528265,3,4553,6175,1328051161463014,6337942106273759,1113601522454117,815019679994468,18.308,16.601,7.476,2.825,33.116,90.0,179.25,274.846
929,Pittsburgh,PA,40.4484826,-79.9526737,8505528136,3,4553,6175,291975153372924,1263273234320990,677232444447911,533963134679795,14.116,5.906,3.451,3.124,6.204,124.826,218.638,225.599
930,Pittsburgh,PA,40.4484982,-79.9526812,8505528253,3,4553,6175,291975153372924,1263273234320990,677232444447911,815019679994468,15.436,4.466,2.855,13.203,6.204,124.826,218.638,274.846
931,Pittsburgh,PA,40.4485192,-79.9426896,9342314119,4,4553,6175,2098722394009424,1109217824671978,26104611129219024,750576037339637,7.981,5.363,1.335,10.432,356.0,117.0,181.0,255.0
932,Pittsburgh,PA,40.4485419,-79.9392325,12189071984,3,4553,6175,1716845832605749,982424144194163,1678775193258835,1426733655807631,7.051,1.764,9.077,7.489,337.0,76.0,202.0,264.0
933,Pittsburgh,PA,40.4485797,-79.9523148,9323286851,3,4553,6175,291975153372924,24662140943385406,224964932378832,224964932378832,23.831,18.874,12.839,12.839,6.204,48.78,225.599,225.599
934,Pittsburgh,PA,40.4485929,-79.9394367,12189071983,3,4553,6175,25369398596021502,1620824828998799,1698732901473242,1487407736375508,5.094,3.883,9.734,1.706,12.0,93.0,176.0,279.0
935,Pittsburgh,PA,40.4486443,-79.9392902,12189071982,4,4553,6175,1377379433866875,1335887191917746,1678775193258835,997627752720636,7.717,4.339,3.313,1.022,351.0,88.0,202.0,276.0
936,Pittsburgh,PA,40.4488862,-79.9382361,12189071995,4,4553,6175,1352140449455864,1444964324040284,927319290054232,2244005019341358,6.432,1.198,8.888,6.862,322.0,80.0,188.0,238.0
937,Pittsburgh,PA,40.448974,-79.9425884,9342314165,3,4553,6175,1529339172108965,1078619205340619,1691741705186890,3156499778098735,3.824,2.986,6.158,0.3,359.0,91.0,180.0,251.0
938,Pittsburgh,PA,40.448997,-79.9394989,1334202570,4,4553,6175,1857659421616454,1645109080256909,949298414724251,2798584317162630,4.597,6.131,8.881,5.864,329.0,141.0,171.0,277.0
939,Pittsburgh,PA,40.4490516,-79.9425986,9342314184,3,4553,6175,4146405802355646,1374963917798421,1255798703194263,958908839950450,5.885,0.333,1.963,1.73,354.0,76.0,183.0,266.0
940,Pittsburgh,PA,40.4491354,-79.9374955,12189071994,4,4553,6175,2213746605823519,1354769230030077,1997811304449564,1635052047761320,7.355,4.486,7.246,6.793,323.0,84.0,186.0,235.0
941,Pittsburgh,PA,40.4492687,-79.9398314,9342314180,3,4553,6175,1390301446036343,3968678313439009,639817601846003,1505878857911363,7.211,2.664,1.72,5.262,349.0,93.0,183.0,270.0
942,Pittsburgh,PA,40.4495875,-79.9509184,8505528217,4,4553,6175,216668590962290,2145872759575665,301397674813467,301397674813467,26.075,33.167,7.954,7.954,348.064,74.0,231.176,231.176
943,Pittsburgh,PA,40.4496826,-79.9507649,8505528203,3,4553,6175,825208138917329,2145872759575665,505541657555384,1491071872684442,6.813,16.423,8.102,14.435,332.374,74.0,235.184,267.0
944,Pittsburgh,PA,40.4496851,-79.9507749,8505528204,3,4553,6175,825208138917329,2145872759575665,505541657555384,154814326614370,7.505,16.944,7.37,7.991,332.374,74.0,235.184,239.601
945,Pittsburgh,PA,40.4498284,-79.9508676,8939943967,3,4553,6175,850921509793978,2145872759575665,505541657555384,176501401048777,7.763,22.649,10.54,11.014,339.169,74.0,235.184,244.528
946,Pittsburgh,PA,40.4498857,-79.9506922,8764883707,4,4553,6175,319893692839530,2145872759575665,154814326614370,1097314517424319,7.169,14.414,16.778,8.07,347.714,74.0,239.601,248.353
947,Pittsburgh,PA,40.4505948,-79.9530943,10258068195,3,4553,6175,1017416822835523,588393650155060,973062027263403,226174249980092,20.885,22.311,20.797,21.359,8.593,124.542,189.074,270.991
948,Pittsburgh,PA,40.4506735,-79.9529335,10258068192,3,4553,6175,1017416822835523,956873825595374,973062027263403,226174249980092,8.165,16.194,8.422,11.204,8.593,80.062,189.074,270.991
949,Pittsburgh,PA,40.4507787,-79.9528325,10258069618,3,4553,6175,1017416822835523,956873825595374,643445260878828,226174249980092,16.255,1.995,4.225,19.812,8.593,80.062,176.372,270.991
950,Pittsburgh,PA,40.4507939,-79.9530057,10267977852,3,4553,6175,300321255735561,956873825595374,643445260878828,226174249980092,9.091,14.763,11.645,25.564,50.603,80.062,176.372,270.991
951,Pittsburgh,PA,40.4508121,-79.943089,9342273411,4,4553,6175,2439261656526015,1080632446930766,1256994843232905,25904787469223181,6.038,6.742,1.91,12.467,359.0,70.0,168.0,243.0
952,Pittsburgh,PA,40.4508217,-79.9528148,10258069628,3,4553,6175,300321255735561,956873825595374,643445260878828,226174249980092,9.49,3.118,4.943,24.685,50.603,80.062,176.372,270.991
953,Pittsburgh,PA,40.4508358,-79.9527762,10258069616,3,4553,6175,300321255735561,956873825595374,643445260878828,226174249980092,12.424,6.379,8.563,26.731,50.603,80.062,176.372,270.991
954,Pittsburgh,PA,40.4508374,-79.9429465,9342314134,4,4553,6175,1286659323512259,1316292139917938,1279595380762227,1558872615570164,3.59,6.312,4.782,10.554,356.0,96.0,178.0,253.0
955,Pittsburgh,PA,40.4508395,-79.9528685,10258069622,3,4553,6175,300321255735561,956873825595374,643445260878828,226174249980092,4.616,5.715,3.861,26.651,50.603,80.062,176.372,270.991
956,Pittsburgh,PA,40.4508581,-79.9530442,10267977850,3,4553,6175,300321255735561,300321255735561,643445260878828,226174249980092,10.394,10.394,15.98,33.348,50.603,50.603,176.372,270.991
957,Pittsburgh,PA,40.4508828,-79.9528942,10258069604,3,4553,6175,300321255735561,260605346727524,643445260878828,226174249980092,4.778,3.246,8.937,31.681,50.603,123.307,176.372,270.991
958,Pittsburgh,PA,40.450898,-79.9530681,8505528277,4,4553,6175,300321255735561,300321255735561,643445260878828,826371905797694,13.631,13.631,19.793,32.219,50.603,50.603,176.372,212.154
959,Pittsburgh,PA,40.4509388,-79.9431307,9342314133,4,4553,6175,1470202888014416,1316292139917938,4689333291392500,25904787469223181,13.325,13.071,7.284,8.884,356.0,96.0,181.0,243.0
960,Pittsburgh,PA,40.4509691,-79.9429824,9342314135,4,4553,6175,1470202888014416,1135150668086286,1250958956993611,678539378684543,13.208,4.854,5.597,5.002,356.0,108.0,198.0,250.0
961,Pittsburgh,PA,40.4510276,-79.9426931,9342314153,4,4553,6175,1249726620008064,1530896748071340,1250958956993611,943581214680001,8.589,8.197,25.047,5.293,52.0,93.0,198.0,250.0
962,Pittsburgh,PA,40.4511512,-79.9430467,9342314154,4,4553,6175,1470202888014416,4493088330918191,4689333291392500,1558872615570164,33.152,25.653,28.113,26.414,356.0,106.0,181.0,253.0
963,Pittsburgh,PA,40.4512365,-79.9409785,9342314157,4,4553,6175,298990795392294,1497088562062623,1096148275741894,4217529178299514,14.432,6.046,3.244,15.373,353.459,94.0,194.0,266.158
964,Pittsburgh,PA,40.4512669,-79.9408298,12189071953,4,4553,6175,298990795392294,882086181497116,3094926357326410,4217529178299514,12.07,5.862,6.249,15.165,353.459,86.0,187.0,266.158
965,Pittsburgh,PA,40.4513596,-79.9410492,9342314148,4,4553,6175,166769932312582,1611262643496194,1506313054455690,1259869572338068,7.623,9.498,5.175,1.456,20.935,92.0,188.0,247.0
966,Pittsburgh,PA,40.451397,-79.9409051,12189071951,3,4553,6175,298990795392294,796197429637698,943144048109430,4217529178299514,4.606,9.664,8.378,4.276,353.459,94.0,164.0,266.158
967,Pittsburgh,PA,40.4515849,-79.9399137,12189071962,3,4553,6175,27211620948427997,594343243612159,1167220852044108,329091741965439,4.944,7.214,11.847,10.581,45.0,101.0,240.0,246.495
968,Pittsburgh,PA,40.4516198,-79.9398137,12189071960,3,4553,6175,1490720969372915,1796193327679722,1421937039154933,533831037778616,5.409,6.718,11.245,10.461,46.0,100.0,240.0,246.023
969,Pittsburgh,PA,40.4517943,-79.9520626,8939943979,3,4553,6175,670801148243020,846278349834648,1116299668849420,1086069498544794,12.203,26.646,1.833,8.834,340.471,67.462,154.172,287.726
970,Pittsburgh,PA,40.4518038,-79.9520613,8765677585,3,4553,6175,842772980745975,846278349834648,1116299668849420,1086069498544794,15.229,25.747,1.609,9.746,5.116,67.462,154.172,287.726
971,Pittsburgh,PA,40.4518554,-79.951849,8765677582,4,4553,6175,842772980745975,846278349834648,644786117609810,2335185940022920,6.265,14.476,12.138,14.818,5.116,67.462,176.13,270.0
972,Pittsburgh,PA,40.4519337,-79.9393258,12189071932,3,4553,6175,356645049545713,1797256467535767,798431419956402,495237611679415,5.424,9.388,5.351,3.44,335.104,101.0,239.0,244.847
973,Pittsburgh,PA,40.4519351,-79.9521386,8765677586,3,4553,6175,903579253816274,846278349834648,1381682512208841,4303056209918920,1.307,23.296,2.624,16.842,340.604,67.462,153.725,246.344
974,Pittsburgh,PA,40.4519714,-79.9392128,12189071931,3,4553,6175,1536136123419376,1480024146515110,826202893838273,225170608990023,4.606,8.572,4.267,3.433,335.104,99.0,239.0,245.335
975,Pittsburgh,PA,40.4519732,-79.952068,8765677589,4,4553,6175,903579253816274,846278349834648,1381682512208841,4303056209918920,6.273,16.713,4.705,11.024,340.604,67.462,153.725,246.344
976,Pittsburgh,PA,40.4519806,-79.9519338,8765677583,3,4553,6175,1473767953458071,846278349834648,644786117609810,2335185940022920,4.858,5.328,6.234,6.731,10.35,67.462,176.13,270.0
977,Pittsburgh,PA,40.4519817,-79.938751,12189071961,4,4553,6175,400675831666226,1420982439160550,1282346243710912,317743886548686,11.444,5.912,10.407,8.002,336.168,103.0,240.0,244.991
978,Pittsburgh,PA,40.4519897,-79.9514399,8764883715,4,4553,6175,813986667037033,155780680870409,3553936194852828,1012646576575504,24.439,24.964,10.146,11.681,46.136,97.676,238.266,262.513
979,Pittsburgh,PA,40.4520278,-79.9509234,7847898345,3,4553,6175,1289527225045085,673935977466823,832128904953262,982640743056691,24.947,21.516,22.432,24.697,50.934,82.513,230.602,265.58
980,Pittsburgh,PA,40.4520468,-79.9508582,8764883713,4,4553,6175,1289527225045085,673935977466823,282955400997934,982640743056691,28.492,21.889,24.037,23.103,50.934,82.513,225.415,265.58
981,Pittsburgh,PA,40.4521325,-79.950915,10257970301,3,4553,6175,1289527225045085,673935977466823,293042530034545,982640743056691,20.824,11.315,12.532,13.047,50.934,82.513,232.735,265.58
982,Pittsburgh,PA,40.4521359,-79.9387027,12189071927,3,4553,6175,569730414306874,735560452640643,926821569762596,799710174307206,3.757,8.665,5.894,3.317,336.168,103.0,240.0,245.234
983,Pittsburgh,PA,40.4521378,-79.9509257,8764901729,3,4553,6175,1289527225045085,673935977466823,293042530034545,982640743056691,19.836,10.302,11.495,12.484,50.934,82.513,232.735,265.58
984,Pittsburgh,PA,40.4521674,-79.9386107,12189071926,3,4553,6175,569730414306874,738302925784229,926821569762596,300013134962670,11.185,8.999,13.806,3.668,336.168,102.0,240.0,245.234
985,Pittsburgh,PA,40.452171,-79.9513127,10257970306,4,4553,6175,1289527225045085,155780680870409,321662530203587,107328335787011,13.148,5.015,2.254,6.595,50.934,97.676,152.219,261.211
986,Pittsburgh,PA,40.452182,-79.9507695,10258016210,4,4553,6175,1289527225045085,566830435455402,282955400997934,982640743056691,32.896,9.419,13.158,14.523,50.934,70.923,225.415,265.58
987,Pittsburgh,PA,40.4522492,-79.9510577,10257970305,4,4553,6175,1289527225045085,677521057613595,832128904953262,982640743056691,12.686,4.48,4.962,11.975,50.934,75.274,230.602,265.58
988,Pittsburgh,PA,40.4522856,-79.9509557,10257970291,3,4553,6175,1289527225045085,1323265248296093,282955400997934,982640743056691,21.777,6.883,6.608,5.196,50.934,76.562,225.415,265.58
989,Pittsburgh,PA,40.4522983,-79.9509487,10257970292,3,4553,6175,1289527225045085,1323265248296093,282955400997934,982640743056691,23.13,7.996,6.797,6.051,50.934,76.562,225.415,265.58
990,Pittsburgh,PA,40.4523014,-79.9508908,8765677580,4,4553,6175,1289527225045085,1323265248296093,282955400997934,982640743056691,27.25,8.415,4.41,6.122,50.934,76.562,225.415,265.58
991,Pittsburgh,PA,40.4523048,-79.9377935,12187131258,3,4553,6175,662777914693866,794743202908467,2036778873535906,951326565628411,11.226,6.622,11.618,8.829,335.092,103.0,240.0,246.755
992,Pittsburgh,PA,40.4523409,-79.9380904,12186869231,3,4553,6175,954531205133575,657534864029803,2189875504882003,1450662869746767,6.013,7.584,4.661,3.671,334.071,101.0,240.0,243.0
993,Pittsburgh,PA,40.4523455,-79.9376655,12187131257,3,4553,6175,550780296017737,2135158740351365,2036778873535906,814884579426225,10.739,6.33,12.271,9.194,334.073,104.0,240.0,246.996
994,Pittsburgh,PA,40.4523795,-79.9379938,12186869227,3,4553,6175,419882209655540,1875292319701059,2189875504882003,934828329124121,5.41,8.718,8.451,4.216,335.092,103.0,240.0,245.0
995,Pittsburgh,PA,40.4524134,-79.9511484,8684455994,3,4553,6175,632144982228744,673935977466823,607722681482943,982640743056691,24.464,25.709,23.245,26.775,46.136,82.513,159.58,265.58
996,Pittsburgh,PA,40.452447,-79.9498869,10258016216,4,4553,6175,1221016768586217,657702683078293,226128630400297,1159157932139424,29.025,8.95,17.925,18.493,59.148,83.03,234.974,272.687
997,Pittsburgh,PA,40.4524906,-79.9497592,9991869938,4,4553,6175,1221016768586217,578158179821307,1071344187180876,1159157932139424,17.784,7.31,17.913,17.929,59.148,68.597,230.602,272.687
998,Pittsburgh,PA,40.4525407,-79.9495894,9991869939,4,4553,6175,1221016768586217,3410569925869604,531364572447448,223907680620060,7.976,8.44,21.533,20.702,59.148,73.909,223.228,266.73
999,Pittsburgh,PA,40.4525894,-79.9499766,9991869945,4,4553,6175,1221016768586217,109325132251799,226128630400297,583789763707914,30.422,9.722,4.375,1.958,59.148,90.0,234.974,249.42
1000,Pittsburgh,PA,40.4526131,-79.937295,12186869230,4,4553,6175,4338896512852952,1246279504197826,1109387631397135,2572368583069497,6.674,8.691,4.764,5.037,332.021,104.0,240.0,246.996
1001,Pittsburgh,PA,40.4526218,-79.9495766,9991869941,4,4553,6175,1221016768586217,1542617469601912,622769886500850,151303521327813,3.777,5.417,13.708,14.116,59.148,95.007,227.389,260.671
1002,Pittsburgh,PA,40.452638,-79.9498173,9991869937,3,4553,6175,1221016768586217,1266511497335703,1071344187180876,1159157932139424,17.169,9.52,1.355,7.283,59.148,73.72,230.602,272.687
1003,Pittsburgh,PA,40.4526556,-79.9367588,12186844293,4,4553,6175,928562002867425,897061412958137,614227388429438,1548538342875492,7.997,1.523,3.132,6.172,356.0,75.0,164.0,271.0
1004,Pittsburgh,PA,40.4526673,-79.9497028,12009176845,4,4553,6175,1221016768586217,3410569925869604,531364572447448,223907680620060,9.667,8.623,6.038,3.906,59.148,73.909,223.228,266.73
1005,Pittsburgh,PA,40.4527036,-79.9495611,9991869940,3,4553,6175,1221016768586217,1542617469601912,622769886500850,643750121055541,11.562,8.267,10.34,5.617,59.148,95.007,227.389,246.344
1006,Pittsburgh,PA,40.4527173,-79.9369936,12186869229,4,4553,6175,246110830865108,642624781760959,1411154226982663,1240766127637237,5.23,10.526,4.783,5.219,330.985,101.0,238.0,246.0
1007,Pittsburgh,PA,40.4527237,-79.936625,12186844292,4,4553,6175,925801219943545,897061412958137,788111827024430,1609986630246710,5.123,13.85,11.849,7.525,336.0,75.0,188.0,279.0
1008,Pittsburgh,PA,40.4527686,-79.9490784,104844053,3,4553,6175,2976447629269322,587618333563415,1670297403432442,314823636712851,18.687,1.097,19.201,12.367,336.221,66.916,229.934,281.764
1009,Pittsburgh,PA,40.4527735,-79.9368325,12186844294,4,4553,6175,928562002867425,897061412958137,2238746266653742,915134657807233,8.381,13.044,4.534,6.688,356.0,75.0,226.0,262.0
1010,Pittsburgh,PA,40.4528431,-79.9491138,9993038279,4,4553,6175,2976447629269322,1408742746570561,1670297403432442,314823636712851,10.328,9.741,10.417,7.651,336.221,72.329,229.934,281.764
1011,Pittsburgh,PA,40.4528474,-79.9366767,12186844290,4,4553,6175,227922759256204,897061412958137,2238746266653742,628560398118970,4.371,21.646,11.25,3.725,327.917,75.0,226.0,241.388
1012,Pittsburgh,PA,40.4528526,-79.9487898,1255345514,3,4553,6175,595110056130600,1385379875354945,1715185725591707,379907676669399,23.206,2.124,19.683,13.153,34.501,76.514,205.838,267.764
1013,Pittsburgh,PA,40.4529297,-79.9488261,9993038278,4,4553,6175,2976447629269322,1385379875354945,1715185725591707,203177354829327,23.438,11.075,10.709,2.115,336.221,76.514,205.838,252.316
1014,Pittsburgh,PA,40.4531985,-79.947412,9991869889,3,4553,6175,2653765894806118,220700112864127,3517127401858162,188710290861549,17.173,5.294,14.173,15.138,355.951,68.279,199.702,259.114
1015,Pittsburgh,PA,40.4532171,-79.9475868,1828175058,3,4553,6175,6339453476150210,2021101378226464,123817694113329,188710290861549,5.84,0.904,4.654,1.842,43.945,68.2,233.395,259.114
1016,Pittsburgh,PA,40.4532537,-79.9472124,9991869886,3,4553,6175,2653765894806118,158141406277978,283185734320806,2792203331092733,21.751,5.814,21.874,14.044,355.951,68.373,188.653,249.785
1017,Pittsburgh,PA,40.4532612,-79.9474413,9991869968,4,4553,6175,2653765894806118,220700112864127,3517127401858162,772688850276066,10.11,2.572,6.925,7.524,355.951,68.279,199.702,250.873
1018,Pittsburgh,PA,40.4532856,-79.947619,9993038277,4,4553,6175,2653765894806118,283810877578453,825217968990207,218329009815174,17.255,9.418,8.062,1.806,355.951,75.817,222.924,247.423
1019,Pittsburgh,PA,40.453337,-79.9474806,9991869884,4,4553,6175,2653765894806118,1304715466789324,3517127401858162,772688850276066,4.229,4.931,3.341,5.145,355.951,52.169,199.702,250.873
1020,Pittsburgh,PA,40.4533925,-79.9472901,9991869885,4,4553,6175,2653765894806118,158141406277978,283185734320806,2792203331092733,13.035,11.03,11.098,5.035,355.951,68.373,188.653,249.785
1021,Pittsburgh,PA,40.4534115,-79.9476676,1828175065,3,4553,6175,2653765894806118,246236361557939,1737087770064673,218329009815174,20.791,25.77,20.224,16.394,355.951,91.93,183.35,247.423
1022,Pittsburgh,PA,40.4539273,-79.9531736,12096995859,3,4553,6175,2989247711320125,304870037787194,1369946320050859,492138342215787,4.138,12.296,31.36,8.363,50.315,83.057,122.626,277.458
1023,Pittsburgh,PA,40.4539971,-79.9533431,106051628,3,4553,6175,239241631305556,304870037787194,1155631604862999,152478653514206,24.323,25.369,27.532,13.687,341.609,83.057,124.61,277.322
1024,Pittsburgh,PA,40.4540004,-79.9531749,2610616202,4,4553,6175,2989247711320125,2989247711320125,1369946320050859,490579345567127,6.261,6.261,23.233,7.906,50.315,50.315,122.626,283.095
1025,Pittsburgh,PA,40.4540559,-79.9475127,9991869964,4,4553,6175,1362776894334106,2001603386863162,823469515845045,789790219608873,4.996,8.493,9.364,21.839,349.932,146.344,180.0,329.545
1026,Pittsburgh,PA,40.4540788,-79.9444742,9991869951,4,4553,6175,487497865910777,315238883502355,762677861057440,309634250734286,32.26,23.781,7.451,8.569,25.521,141.854,154.966,248.52
1027,Pittsburgh,PA,40.4540834,-79.9531764,12096995858,3,4553,6175,2989247711320125,1369946320050859,1369946320050859,490579345567127,14.983,14.007,14.007,2.094,50.315,122.626,122.626,283.095
1028,Pittsburgh,PA,40.4541118,-79.9534123,12096995954,4,4553,6175,239241631305556,1345340209172768,944509903045558,479616719818762,10.509,19.29,19.497,3.99,341.609,128.576,130.55,277.322
1029,Pittsburgh,PA,40.4541233,-79.9443338,9993038269,3,4553,6175,487497865910777,315238883502355,762677861057440,294749625614074,33.559,23.915,7.805,8.835,25.521,141.854,154.966,248.487
1030,Pittsburgh,PA,40.4541338,-79.9443373,12010361771,3,4553,6175,487497865910777,315238883502355,908665563249723,294749625614074,32.474,22.825,8.494,7.631,25.521,141.854,158.435,248.487
1031,Pittsburgh,PA,40.454141,-79.9476962,9991869967,4,4553,6175,172480549179763,2364574723739590,604456688401723,789790219608873,9.78,6.808,7.85,12.049,356.774,140.81,175.167,329.545
1032,Pittsburgh,PA,40.4542147,-79.9445612,9991869899,4,4553,6175,487497865910777,315238883502355,908665563249723,173320874706566,15.868,9.468,12.938,8.119,25.521,141.854,158.435,248.587
1033,Pittsburgh,PA,40.4542486,-79.9444129,9993038270,3,4553,6175,487497865910777,315238883502355,908665563249723,295924302080898,18.918,9.54,11.36,6.764,25.521,141.854,158.435,248.487
1034,Pittsburgh,PA,40.4542865,-79.9477363,9991869877,3,4553,6175,1277904313097258,217790153215026,308214984911165,789790219608873,7.82,10.467,6.925,11.285,353.22,92.211,182.904,329.545
1035,Pittsburgh,PA,40.4543015,-79.9477412,12096995867,3,4553,6175,1277904313097258,217790153215026,3552703208381770,789790219608873,8.397,8.814,7.076,12.565,353.22,92.211,176.043,329.545
1036,Pittsburgh,PA,40.454324,-79.9475685,9991869878,4,4553,6175,1277904313097258,3734596206651053,308214984911165,789790219608873,7.605,10.415,8.614,11.031,353.22,80.348,182.904,329.545
1037,Pittsburgh,PA,40.4543587,-79.9477529,9991869883,4,4553,6175,2334395706762663,217790153215026,3552703208381770,789790219608873,8.543,2.867,7.41,17.752,0.0,92.211,176.043,329.545
1038,Pittsburgh,PA,40.4543762,-79.9472929,9991869910,4,4553,6175,254228386453258,3970250503056902,308214984911165,789790219608873,20.291,11.491,32.323,32.07,35.71,79.083,182.904,329.545
1039,Pittsburgh,PA,40.4544329,-79.9477642,9991869876,4,4553,6175,844061073911403,217790153215026,3515365072068302,789790219608873,7.954,6.314,6.708,25.192,356.774,92.211,171.347,329.545
1040,Pittsburgh,PA,40.4544653,-79.9476051,9991869879,3,4553,6175,7012939892063143,535410077843248,844308870564095,789790219608873,5.688,5.939,8.264,25.797,356.372,80.096,180.0,329.545
1041,Pittsburgh,PA,40.4558254,-79.9386305,12011743290,4,4553,6175,1589301805711106,392560878547022,1376827622687967,1675594907198993,13.994,22.927,22.27,14.087,7.0,75.473,154.306,325.0
1042,Pittsburgh,PA,40.4558759,-79.9384487,12011743292,4,4553,6175,1589301805711106,392560878547022,1376827622687967,1675594907198993,2.393,12.641,23.044,7.541,7.0,75.473,154.306,325.0
1043,Pittsburgh,PA,40.4559466,-79.9387483,12011743296,3,4553,6175,1589301805711106,392560878547022,1376827622687967,1675594907198993,24.537,24.397,12.878,28.395,7.0,75.473,154.306,325.0
1044,Pittsburgh,PA,40.455955,-79.9387565,12011743289,3,4553,6175,1589301805711106,392560878547022,1376827622687967,1675594907198993,25.518,24.92,12.8,29.485,7.0,75.473,154.306,325.0
1045,Pittsburgh,PA,40.4560088,-79.9385329,12011907130,3,4553,6175,905160319008305,392560878547022,1376827622687967,1675594907198993,8.834,6.129,9.006,22.91,34.0,75.473,154.306,325.0
1046,Pittsburgh,PA,40.4560183,-79.9385386,12011743294,3,4553,6175,905160319008305,392560878547022,1376827622687967,1675594907198993,9.906,7.008,8.367,24.054,34.0,75.473,154.306,325.0
1047,Pittsburgh,PA,40.456195,-79.9558745,105731769,3,4553,6175,186960933295375,184436476884698,495331484941414,476985566747091,2.293,11.845,8.834,13.076,22.723,85.651,178.093,238.798
1048,Pittsburgh,PA,40.4565504,-79.9389619,13362133705,3,4553,6175,508181157203471,272334984603983,3931653670246345,240300031197573,33.783,30.813,30.216,28.444,335.567,120.579,127.456,284.023
1049,Pittsburgh,PA,40.4565769,-79.9388808,13362133709,3,4553,6175,508181157203471,4075017852541830,325254192271213,240300031197573,31.634,34.392,28.137,27.05,335.567,71.246,235.09,284.023
1050,Pittsburgh,PA,40.4566132,-79.9389412,13362133712,3,4553,6175,508181157203471,4075017852541830,325254192271213,240300031197573,26.871,28.647,24.398,21.766,335.567,71.246,235.09,284.023
1051,Pittsburgh,PA,40.4567305,-79.9390051,13362133717,3,4553,6175,508181157203471,4075017852541830,325254192271213,240300031197573,14.184,14.542,14.467,8.395,335.567,71.246,235.09,284.023
1052,Pittsburgh,PA,40.456842,-79.9386428,12096995887,4,4553,6175,508181157203471,202155808393830,213808320298655,535581230802056,27.231,13.808,16.082,11.88,335.567,69.468,226.553,251.095
1053,Pittsburgh,PA,40.4569823,-79.938668,12096995828,3,4553,6175,508181157203471,911112816287199,213808320298655,535581230802056,28.829,5.008,18.817,5.188,335.567,72.232,226.553,251.095
1054,Pittsburgh,PA,40.4570082,-79.9386134,12096995827,3,4553,6175,508181157203471,911112816287199,213808320298655,535581230802056,34.269,3.969,24.18,6.772,335.567,72.232,226.553,251.095
1055,Pittsburgh,PA,40.4573313,-79.9369739,12096995892,4,4553,6175,185904436723408,476868110233350,320855559502500,296853358603481,32.916,11.249,27.309,14.492,54.978,66.154,239.578,244.58
1056,Pittsburgh,PA,40.4573732,-79.9368101,12096995893,4,4553,6175,185904436723408,3665643526878685,320855559502500,195774309058383,19.952,11.736,15.52,13.977,54.978,76.881,239.578,266.098
1057,Pittsburgh,PA,40.4575252,-79.9368846,12096995821,4,4553,6175,185904436723408,3665643526878685,320855559502500,195774309058383,17.86,7.955,12.196,4.414,54.978,76.881,239.578,266.098
1058,Pittsburgh,PA,40.4575933,-79.9565655,7014018415,4,4553,6175,295123788871162,499046224673859,2784565525188060,1024019494795314,16.503,21.466,7.677,12.427,323.148,135.119,159.769,279.153
1059,Pittsburgh,PA,40.4584382,-79.9473523,1658188187,4,4553,6175,249355361360904,597505609199527,1354416695510330,6394706950624319,16.493,34.318,4.566,1.934,7.132,132.741,181.854,219.694
1060,Pittsburgh,PA,40.4585712,-79.9572667,339255861,3,4553,6175,506653760584585,930922684420544,930922684420544,803518680548127,29.216,3.261,3.261,12.083,344.659,128.689,128.689,294.071
1061,Pittsburgh,PA,40.458717,-79.9470096,9991869956,4,4553,6175,1341472080085273,597505609199527,1476454423119911,298714385980555,0.629,9.238,7.018,12.37,11.046,132.741,164.161,241.579
1062,Pittsburgh,PA,40.4587599,-79.9470868,106088974,3,4553,6175,948685616431038,1272827120263244,639386274817009,298714385980555,4.201,1.791,0.388,9.736,7.132,32.774,204.851,241.579
1063,Pittsburgh,PA,40.4587992,-79.9471568,9991869957,4,4553,6175,948685616431038,1272827120263244,1049648879537463,298714385980555,8.777,6.341,6.64,12.499,7.132,32.774,204.538,241.579
1064,Pittsburgh,PA,40.4588324,-79.9471056,9991869869,3,4553,6175,660544639322527,1272827120263244,1069803567321711,5988930877878532,9.858,8.465,3.685,4.84,11.046,32.774,205.667,217.267
1065,Pittsburgh,PA,40.4604895,-79.9470403,13119907037,3,4553,6175,840078117693281,930013467832223,930013467832223,840078117693281,17.309,4.878,4.878,17.309,305.327,124.694,124.694,305.327
1066,Pittsburgh,PA,40.4605164,-79.9471043,9991869821,4,4553,6175,1360860047844036,2466753766804438,2466753766804438,1360860047844036,17.826,4.929,4.929,17.826,305.327,126.894,126.894,305.327
1067,Pittsburgh,PA,40.4605542,-79.9471836,13119907038,3,4553,6175,6861515347214976,1063258597415868,1063258597415868,324781773314745,24.639,7.152,7.152,18.126,355.649,127.408,127.408,299.408
1068,Pittsburgh,PA,40.46068,-79.9470236,9991830314,4,4553,6175,121526767649595,823898389130759,1446052509542328,121526767649595,0.95,10.306,9.326,0.95,305.327,119.966,155.463,305.327
1069,Pittsburgh,PA,40.4608043,-79.947165,8481315648,3,4553,6175,6861515347214976,1348592262402681,1676667612846942,686847213481238,8.79,4.187,19.4,7.395,355.649,119.966,149.719,297.732
1070,Pittsburgh,PA,40.4608421,-79.9473143,13734502281,4,4553,6175,6861515347214976,182562738161817,2808726506105219,1054379008880968,9.484,7.102,14.34,3.826,355.649,119.966,130.195,287.673
1071,Pittsburgh,PA,40.4608678,-79.9472991,13734502290,3,4553,6175,6861515347214976,182562738161817,2808726506105219,1054379008880968,11.585,4.014,17.203,6.504,355.649,119.966,130.195,287.673
1072,Pittsburgh,PA,40.460931,-79.9472619,13734502286,3,4553,6175,6861515347214976,182562738161817,2808726506105219,1054379008880968,18.072,3.891,24.517,13.919,355.649,119.966,130.195,287.673
1073,Pittsburgh,PA,40.4609513,-79.9475196,13734502282,4,4553,6175,575158778158587,1154070898883828,266331708299349,575158778158587,1.914,5.151,14.359,1.914,306.354,119.966,126.507,306.354
1074,Pittsburgh,PA,40.4609746,-79.947497,13734502289,3,4553,6175,575158778158587,1154070898883828,266331708299349,314483460931559,5.107,1.998,17.43,11.539,306.354,119.966,126.507,274.554
1075,Pittsburgh,PA,40.4610153,-79.9471398,13734502284,4,4553,6175,6861515347214976,304250085317311,1676667612846942,1054379008880968,29.197,17.046,34.501,26.637,355.649,119.966,149.719,287.673
1076,Pittsburgh,PA,40.4610245,-79.9480508,9991869840,4,4553,6175,998729921328653,325189362312906,325189362312906,1245076942822820,16.771,11.296,11.296,16.527,318.039,125.247,125.247,293.659
1077,Pittsburgh,PA,40.4610375,-79.9474359,13734502285,3,4553,6175,575158778158587,1154070898883828,3523984374545421,314483460931559,13.794,6.836,19.676,17.841,306.354,119.966,124.274,274.554
1078,Pittsburgh,PA,40.4610695,-79.948142,13117803592,3,4553,6175,1759836067799920,1103152573512149,1103152573512149,263265969463489,20.283,9.207,9.207,19.177,28.322,124.725,124.725,286.282
1079,Pittsburgh,PA,40.4611868,-79.9479858,13117803595,3,4553,6175,1759836067799920,3020303124768667,805568997843119,1245076942822820,2.077,1.496,5.821,4.021,28.322,99.33,127.477,293.659
1080,Pittsburgh,PA,40.4612629,-79.9480693,9991869842,3,4553,6175,1759836067799920,961347711838595,1382797222578237,263265969463489,9.792,6.082,6.734,6.637,28.322,115.837,125.637,286.282
1081,Pittsburgh,PA,40.4612905,-79.9485448,12416738438,4,4553,6175,574284558015910,929726221456139,477230096936333,835562971270548,19.899,14.39,10.532,19.922,330.841,90.0,125.079,301.905
1082,Pittsburgh,PA,40.461506,-79.9489485,9991869851,4,4553,6175,1602973230201531,154949543250192,642853594465887,268067512522394,19.582,6.616,11.492,20.125,306.608,120.103,153.105,283.058
1083,Pittsburgh,PA,40.4615399,-79.9490319,13117492334,3,4553,6175,292046466708422,299327941921928,642853594465887,268067512522394,19.279,6.98,10.214,17.49,305.863,127.202,153.105,283.058
1084,Pittsburgh,PA,40.461549,-79.9490457,9991869850,3,4553,6175,292046466708422,299327941921928,642853594465887,268067512522394,19.29,7.238,10.331,17.023,305.863,127.202,153.105,283.058
1085,Pittsburgh,PA,40.4616602,-79.9488422,9991869848,4,4553,6175,1215036685834118,222143670370120,642853594465887,1215036685834118,1.655,19.396,10.935,1.655,300.855,90.0,153.105,300.855
1086,Pittsburgh,PA,40.4617091,-79.9489227,13117492339,3,4553,6175,292046466708422,277144468258287,126529590504385,268067512522394,4.809,9.847,8.685,3.889,305.863,142.735,155.064,283.058
1087,Pittsburgh,PA,40.4617161,-79.9489443,9991869849,3,4553,6175,292046466708422,2990090024648591,126529590504385,268067512522394,6.606,12.564,8.143,3.458,305.863,129.543,155.064,283.058
1088,Pittsburgh,PA,40.4633001,-79.9538661,12194936881,4,4553,6175,1067492000441988,171118011682560,189324773042034,790075851914765,13.496,9.369,32.721,18.056,57.862,75.997,148.574,244.486
1089,Pittsburgh,PA,40.4633324,-79.9535828,12194936878,3,4553,6175,1476678416012657,3820530688059862,189324773042034,3010325569187323,15.555,16.027,17.642,24.148,59.878,68.219,148.574,250.599
1090,Pittsburgh,PA,40.4635353,-79.9527927,12194936848,3,4553,6175,522020672264368,941960139886866,2970693736546115,1210297856069413,11.261,6.537,22.467,16.894,340.481,103.052,127.811,320.631
1091,Pittsburgh,PA,40.4635908,-79.9527521,12194936852,4,4553,6175,522020672264368,941960139886866,227410519183854,1210297856069413,13.552,0.687,15.643,17.23,340.481,103.052,127.964,320.631
1092,Pittsburgh,PA,40.4636535,-79.9533649,12194936874,4,4553,6175,482645306278922,503829774372152,189324773042034,503772734143305,29.774,14.223,25.157,3.628,308.786,66.371,148.574,250.578
1093,Pittsburgh,PA,40.4480709,-79.9348736,13328371434,3,4554,6175,958294917133242,323704366049759,910833011568547,535498367449055,34.705,26.691,20.09,16.03,328.0,63.207,193.0,247.976
1094,Pittsburgh,PA,40.4481186,-79.9348986,13328371433,4,4554,6175,958294917133242,323704366049759,910833011568547,535498367449055,32.18,24.975,14.404,10.346,328.0,63.207,193.0,247.976
1095,Pittsburgh,PA,40.448292,-79.9343396,12090977659,3,4554,6175,693190313645608,1205127363254836,818281967636943,178507837509819,21.987,5.326,16.693,10.297,7.0,68.565,181.0,247.906
1096,Pittsburgh,PA,40.4483102,-79.9342824,12090931312,4,4554,6175,693190313645608,905702413308198,1275086201163121,521321025567548,18.033,5.273,13.653,10.554,7.0,68.565,190.0,247.897
1097,Pittsburgh,PA,40.4483596,-79.9341276,12090977661,3,4554,6175,2245149949310175,906256038925340,810126628147127,2150726862395311,9.102,2.184,12.875,12.427,344.0,82.0,192.0,282.0
1098,Pittsburgh,PA,40.4484477,-79.9338513,12090931311,4,4554,6175,772100882512178,1948875562614229,1921814881761689,891826688332139,4.42,1.546,14.165,9.383,327.0,92.0,191.0,247.888
1099,Pittsburgh,PA,40.4484482,-79.9343255,12090977658,4,4554,6175,693190313645608,1246076990968140,818281967636943,797006010124816,10.22,5.353,3.151,1.185,7.0,110.0,181.0,243.0
1100,Pittsburgh,PA,40.4484978,-79.934168,12090904552,4,4554,6175,693190313645608,897922759719473,810126628147127,2150726862395311,5.153,7.323,2.974,3.605,7.0,86.0,192.0,282.0
1101,Pittsburgh,PA,40.4486636,-79.9331653,12090931310,4,4554,6175,1372834514216443,1970303050249116,819636603753912,156009896496433,2.993,0.219,12.614,9.553,327.0,83.0,188.0,247.375
1102,Pittsburgh,PA,40.4487251,-79.9334376,12090931200,4,4554,6175,1121791336490536,927092293244686,1971316836794385,1001682708866144,11.558,9.797,1.405,5.897,328.0,95.0,191.0,270.0
1103,Pittsburgh,PA,40.4489002,-79.9324181,12090931309,4,4554,6175,1551912246128499,1509073526730170,1641009726931334,1539534564020556,6.704,1.718,28.431,4.129,1.0,93.0,188.0,328.0
1104,Pittsburgh,PA,40.4489554,-79.9344489,12187185085,4,4554,6175,1515912966727008,1820726565982383,968633772264297,1515912966727008,4.97,8.354,9.333,4.97,305.0,48.0,181.0,305.0
1105,Pittsburgh,PA,40.4489766,-79.9326405,12187085009,3,4554,6175,1551912246128499,2311041042647376,1641009726931334,1521974196301752,17.143,10.294,10.948,7.078,1.0,100.0,188.0,248.0
1106,Pittsburgh,PA,40.4490095,-79.9325389,12090904554,3,4554,6175,1551912246128499,1299411561581043,1641009726931334,1521974196301752,15.648,10.473,20.252,16.232,1.0,99.0,188.0,248.0
1107,Pittsburgh,PA,40.4490804,-79.9345145,12187185071,3,4554,6175,1480768380140348,843233368326613,1673073510556289,1480768380140348,4.572,10.08,9.672,4.572,304.0,38.0,186.0,304.0
1108,Pittsburgh,PA,40.4491789,-79.9345742,12187185070,3,4554,6175,884057084142357,1210925394361285,1646517453074278,2135886180284547,10.138,11.544,10.664,5.751,34.0,140.0,178.0,304.0
1109,Pittsburgh,PA,40.4495743,-79.9362148,12187131274,4,4554,6175,826866420134154,817563130650435,1528210905974622,1504435737750768,3.85,2.235,9.242,2.993,311.0,80.0,189.0,265.0
1110,Pittsburgh,PA,40.4496163,-79.9360821,12187131273,4,4554,6175,1698654414503215,1517705713369497,936583205585151,1965545214356933,1.153,4.789,8.477,6.102,326.0,85.0,215.0,268.0
1111,Pittsburgh,PA,40.4496737,-79.9362749,12187131275,4,4554,6175,2051508209079145,2426003467842293,1354818309785514,1301839985447505,5.812,2.359,3.901,2.717,47.0,84.0,194.0,264.0
1112,Pittsburgh,PA,40.4497141,-79.9361387,12187131272,4,4554,6175,998929646646191,2229293514541017,936583205585151,1269920401777568,7.877,4.035,5.063,5.158,324.0,89.0,215.0,270.0
1113,Pittsburgh,PA,40.4497538,-79.9349039,12187161148,3,4554,6175,873577185257518,1416108196928239,26768489502788651,931309663097425,10.431,8.661,10.224,3.932,36.0,146.0,176.0,299.0
1114,Pittsburgh,PA,40.4498556,-79.9349609,12187161146,3,4554,6175,1215273147150829,1561614634920347,2224539548357117,2436478500204474,9.96,14.367,8.737,5.94,38.0,101.0,181.0,297.0
1115,Pittsburgh,PA,40.4499252,-79.9351703,12187131281,3,4554,6175,830933023090911,1179492664093475,1935228343792271,806875799110059,2.99,3.886,1.04,6.28,352.0,90.0,178.0,273.0
1116,Pittsburgh,PA,40.4500267,-79.9352256,12187131280,3,4554,6175,918108827866074,955258377014528,1131211855752854,1405429190906083,6.94,5.921,2.817,8.494,353.0,94.0,182.0,246.0
1117,Pittsburgh,PA,40.4502945,-79.935226,12187161147,4,4554,6175,1482684600131980,1966694517287854,759841633308193,1626875745175004,6.881,9.137,7.681,32.685,351.0,144.0,192.0,219.0
1118,Pittsburgh,PA,40.4505699,-79.9355397,12187161140,3,4554,6175,1259641855616666,1318899233626667,1470351280664123,1215620970408599,7.182,9.807,3.528,17.863,7.0,69.0,192.0,281.0
1119,Pittsburgh,PA,40.4506158,-79.9354082,12187161137,4,4554,6175,1259641855616666,1679534336733974,1385996922933912,957529810031757,5.65,6.995,7.781,9.221,7.0,87.0,177.0,256.0
1120,Pittsburgh,PA,40.4506361,-79.9355794,12187131287,4,4554,6175,1259641855616666,1318899233626667,2412006532639518,1215620970408599,12.154,9.106,5.111,13.601,7.0,69.0,178.0,281.0
1121,Pittsburgh,PA,40.450689,-79.9356092,12187161138,3,4554,6175,1981840229408984,1679534336733974,24284927317858181,1981840229408984,2.7,16.192,3.442,2.7,321.0,87.0,192.0,321.0
1122,Pittsburgh,PA,40.4507174,-79.9354639,12187161139,4,4554,6175,1639862627025322,1679534336733974,1385996922933912,1215620970408599,3.421,5.815,6.275,0.288,315.0,87.0,177.0,281.0
1123,Pittsburgh,PA,40.4508205,-79.9351277,12187186503,4,4554,6175,1639862627025322,952772260597251,2391867947942003,829638653312737,33.95,3.438,0.827,3.264,315.0,79.0,230.0,270.0
1124,Pittsburgh,PA,40.4508543,-79.9357021,13442483138,4,4554,6175,1476577207684846,1679534336733974,1114948096910651,1476577207684846,3.71,30.979,2.829,3.71,326.0,87.0,194.0,326.0
1125,Pittsburgh,PA,40.4509008,-79.9355832,12187185094,4,4554,6175,1571189530829873,1679534336733974,1114948096910651,1493748765696532,5.176,28.408,8.807,5.93,331.0,87.0,194.0,329.0
1126,Pittsburgh,PA,40.4510826,-79.9342965,12187161136,4,4554,6175,25137848945837540,1469547211557513,3860488504084414,791982477227720,21.748,7.76,2.582,2.98,332.0,79.0,235.0,269.0
1127,Pittsburgh,PA,40.4511008,-79.933874,12187025473,4,4554,6175,1226639329615946,6127025700647989,613172290341086,424220499629105,6.359,1.128,1.128,0.555,2.0,112.016,183.161,256.203
1128,Pittsburgh,PA,40.4511323,-79.9337731,12187025472,4,4554,6175,741650805695989,6127025700647989,3363344813919472,1319109710080276,3.512,8.814,8.091,7.769,329.0,112.016,175.292,267.0
1129,Pittsburgh,PA,40.4511984,-79.9339296,12187025474,4,4554,6175,1630930401434240,950477620764772,613172290341086,1319109710080276,0.74,13.912,10.825,7.384,331.0,92.0,183.161,267.0
1130,Pittsburgh,PA,40.4512303,-79.9338263,12187025475,4,4554,6175,2307330799841101,6127025700647989,613172290341086,988103980414907,11.746,13.858,13.858,2.414,347.0,112.016,183.161,259.0
1131,Pittsburgh,PA,40.4516214,-79.9322197,12187030875,4,4554,6175,1281878500148466,515192932836170,1274732914173452,2320016955075206,26.76,18.043,8.664,8.972,2.0,77.622,221.0,251.0
1132,Pittsburgh,PA,40.4516614,-79.9320815,12187030874,4,4554,6175,1281878500148466,515192932836170,506209177458505,1480241576900144,15.213,6.97,12.913,11.025,2.0,77.622,155.407,264.0
1133,Pittsburgh,PA,40.4517203,-79.9322761,12187030876,4,4554,6175,300094791707990,300094791707990,506209177458505,2320016955075206,9.886,9.886,7.242,3.025,45.527,45.527,155.407,251.0
1134,Pittsburgh,PA,40.4517658,-79.9321415,12187030872,4,4554,6175,1281878500148466,515192932836170,506209177458505,1743275780170630,14.594,9.352,5.339,3.597,2.0,77.622,155.407,255.0
1135,Pittsburgh,PA,40.4518397,-79.9240054,12090978270,3,4554,6175,857993208115511,494181911833241,317272283253970,272505204573487,19.784,11.233,14.956,10.511,58.657,86.961,155.784,242.069
1136,Pittsburgh,PA,40.4518808,-79.9313989,12187030477,4,4554,6175,304810684515934,466380904643112,489360675825225,283061276846404,11.596,3.829,5.107,5.878,56.107,63.753,228.121,255.845
1137,Pittsburgh,PA,40.4518853,-79.9361504,12187185088,3,4554,6175,1134143098820611,3167057273682552,794618416336012,2041664036403419,6.234,8.681,8.694,6.147,330.0,148.0,193.0,318.0
1138,Pittsburgh,PA,40.4519003,-79.9238548,12090978273,3,4554,6175,857993208115511,494181911833241,317272283253970,318237523284292,33.904,5.519,19.749,10.743,58.657,86.961,155.784,241.618
1139,Pittsburgh,PA,40.451903,-79.9316877,12187030883,4,4554,6175,511814609839368,140223544757992,1136648695027039,1309513083863050,2.443,9.235,3.081,2.828,323.816,63.382,209.0,270.0
1140,Pittsburgh,PA,40.4519422,-79.9361824,12187185090,3,4554,6175,1134143098820611,1276597287869980,782605414185812,2041664036403419,6.302,9.797,9.116,7.08,330.0,147.0,191.0,318.0
1141,Pittsburgh,PA,40.4519729,-79.9240861,12090978269,4,4554,6175,857993208115511,494181911833241,317272283253970,2257167984417331,22.844,15.681,1.503,6.04,58.657,86.961,155.784,241.915
1142,Pittsburgh,PA,40.4519788,-79.9322575,12187030873,4,4554,6175,300094791707990,300094791707990,1297285070673079,1743275780170630,19.964,19.964,17.541,28.417,45.527,45.527,154.499,255.0
1143,Pittsburgh,PA,40.451998,-79.9310096,12186912490,4,4554,6175,846629757872307,616316513099186,1231666538731529,869490856097356,9.655,5.632,10.85,5.408,0.0,67.092,182.0,265.0
1144,Pittsburgh,PA,40.4520461,-79.93087,12186912488,4,4554,6175,846629757872307,534240768008055,3043155695862047,869490856097356,6.768,5.025,18.229,8.235,0.0,67.677,182.0,265.0
1145,Pittsburgh,PA,40.4520881,-79.930903,12186912494,4,4554,6175,522172955817731,534240768008055,3043155695862047,869490856097356,4.988,1.961,13.75,8.075,336.363,67.677,182.0,265.0
1146,Pittsburgh,PA,40.4520962,-79.9310703,12186912491,4,4554,6175,634560414609363,616316513099186,3043155695862047,752083977590849,8.329,7.062,3.642,1.308,336.162,67.092,182.0,240.0
1147,Pittsburgh,PA,40.4521124,-79.9318109,8065696843,3,4554,6175,1908243002660437,1666410696886062,653420367228044,1309513083863050,7.255,34.51,28.805,28.303,340.463,63.645,207.0,270.0
1148,Pittsburgh,PA,40.4521393,-79.9309431,12186912492,4,4554,6175,634560414609363,534240768008055,3043155695862047,869490856097356,3.611,7.598,9.736,11.923,336.162,67.677,182.0,265.0
1149,Pittsburgh,PA,40.4526711,-79.9288436,12186891636,4,4554,6175,1009303252051895,3947219008649169,806150846962316,3893648490931876,9.443,3.733,6.601,12.946,3.0,64.977,143.102,324.0
1150,Pittsburgh,PA,40.4527214,-79.9287109,12186891635,4,4554,6175,1009303252051895,1319274130150610,806150846962316,3893648490931876,11.709,12.037,8.098,10.901,3.0,59.0,143.102,324.0
1151,Pittsburgh,PA,40.4527247,-79.9288757,12186891641,4,4554,6175,1009303252051895,3947219008649169,806150846962316,3893648490931876,4.522,2.939,11.568,8.706,3.0,64.977,143.102,324.0
1152,Pittsburgh,PA,40.452772,-79.9287458,12186891638,4,4554,6175,1009303252051895,1319274130150610,806150846962316,3893648490931876,8.298,8.152,12.343,5.561,3.0,59.0,143.102,324.0
1153,Pittsburgh,PA,40.4527794,-79.9289085,12186891637,4,4554,6175,1009303252051895,1319274130150610,806150846962316,986524210993556,6.23,5.909,17.733,9.691,3.0,59.0,143.102,316.0
1154,Pittsburgh,PA,40.4528158,-79.9207756,12090978275,4,4554,6175,755449281835392,2246709325465777,324799592415326,519435099180163,7.067,1.233,1.233,11.861,0.915,63.924,185.51,257.175
1155,Pittsburgh,PA,40.4528217,-79.9287801,12186891634,4,4554,6175,1009303252051895,1319274130150610,806150846962316,986524210993556,8.968,8.246,17.782,3.058,3.0,59.0,143.102,316.0
1156,Pittsburgh,PA,40.4528377,-79.9206181,12090978278,4,4554,6175,182097707149356,831231100822779,785592025433715,186020746722167,3.197,9.641,8.334,7.762,358.466,78.7,183.219,263.154
1157,Pittsburgh,PA,40.4529525,-79.9208298,12090978276,4,4554,6175,755449281835392,1904151933077747,1026866464751678,1465362243795881,18.266,7.66,4.357,4.701,0.915,80.403,179.948,228.25
1158,Pittsburgh,PA,40.4529788,-79.9206378,12090931173,4,4554,6175,278147980696766,799835644295966,474366196982805,169838588394145,1.701,5.74,11.346,5.315,301.596,80.302,204.946,260.408
1159,Pittsburgh,PA,40.4533485,-79.93181,12186984955,3,4554,6175,2306710939465381,1485719605778978,1994140207789515,743026478527538,8.744,4.699,8.537,14.245,334.689,138.0,168.0,242.0
1160,Pittsburgh,PA,40.4533923,-79.9316782,12186984953,3,4554,6175,2306710939465381,1485719605778978,651007224174421,743026478527538,4.737,8.126,8.476,9.92,334.689,138.0,182.0,242.0
1161,Pittsburgh,PA,40.4534138,-79.9352139,12187107705,3,4554,6175,1484529233107968,1650710585927234,4189472694452287,4189472694452287,2.185,12.989,8.659,8.659,1.0,61.0,237.923,237.923
1162,Pittsburgh,PA,40.4534527,-79.9318644,12186984954,4,4554,6175,521856569125633,891072093955747,27063165439990670,743026478527538,7.595,11.943,8.01,10.32,335.017,145.0,178.0,242.0
1163,Pittsburgh,PA,40.4534605,-79.9351183,12187107704,3,4554,6175,1484529233107968,1650710585927234,377576636932431,377576636932431,7.604,7.869,10.114,10.114,1.0,61.0,237.871,237.871
1164,Pittsburgh,PA,40.4534885,-79.9317405,12186984952,4,4554,6175,521856569125633,891072093955747,27063165439990670,743026478527538,3.626,12.114,3.877,2.487,335.017,145.0,178.0,242.0
1165,Pittsburgh,PA,40.4536188,-79.9319638,12187030865,4,4554,6175,999087704163987,891072093955747,27063165439990670,743026478527538,8.25,31.618,23.887,25.186,335.564,145.0,178.0,242.0
1166,Pittsburgh,PA,40.453619,-79.9347799,12186844283,3,4554,6175,420232789466279,4430816303898602,3920981381272844,3920981381272844,8.97,6.935,10.618,10.618,326.956,54.0,237.971,237.971
1167,Pittsburgh,PA,40.4537169,-79.9348413,12186844282,4,4554,6175,420232789466279,4430816303898602,3920981381272844,3920981381272844,3.106,6.085,1.549,1.549,326.956,54.0,237.971,237.971
1168,Pittsburgh,PA,40.4537557,-79.934766,12186844276,3,4554,6175,242435311278595,2385152045308441,1076596402864206,1076596402864206,4.051,6.836,2.233,2.233,330.262,51.0,238.005,238.005
1169,Pittsburgh,PA,40.4538298,-79.9343418,12186844279,3,4554,6175,1575164626149219,2356131838129829,308263284100913,308263284100913,8.543,6.33,10.177,10.177,327.158,53.0,238.046,238.046
1170,Pittsburgh,PA,40.4538703,-79.9342311,12186844278,4,4554,6175,299527771729998,1597470621534097,1307635316296970,1307635316296970,9.741,6.981,11.677,11.677,326.138,52.0,238.044,238.044
1171,Pittsburgh,PA,40.4539573,-79.9343478,12186844277,4,4554,6175,1575164626149219,2356131838129829,1307635316296970,1307635316296970,6.38,7.876,2.265,2.265,327.158,53.0,238.044,238.044
1172,Pittsburgh,PA,40.453985,-79.934294,12186844274,3,4554,6175,299527771729998,1597470621534097,343296393885972,343296393885972,4.649,6.845,1.958,1.958,326.138,52.0,238.043,238.043
1173,Pittsburgh,PA,40.4540361,-79.9296421,12186891619,4,4554,6175,994329756275472,1733690527996148,1718644205479829,991134490100333,9.064,18.857,7.224,9.127,355.0,37.0,228.0,246.0
1174,Pittsburgh,PA,40.4540854,-79.9295137,12186891618,4,4554,6175,740473185756945,1733690527996148,1045290097803224,978984358010326,2.617,7.703,6.433,12.416,3.0,37.0,238.0,269.0
1175,Pittsburgh,PA,40.4541312,-79.9296995,12186891620,4,4554,6175,740473185756945,1733690527996148,1718644205479829,2418899468588203,14.048,19.121,4.413,3.4,3.0,37.0,228.0,239.0
1176,Pittsburgh,PA,40.4541754,-79.9295671,12186891617,4,4554,6175,740473185756945,1733690527996148,1045290097803224,978984358010326,8.825,8.401,5.322,5.638,3.0,37.0,238.0,269.0
1177,Pittsburgh,PA,40.454184,-79.9335934,12186852932,3,4554,6175,116144230841950,1296762812317049,6263742916972792,6263742916972792,9.196,4.198,10.752,10.752,328.164,52.0,237.746,237.746
1178,Pittsburgh,PA,40.454247,-79.9334715,12186852931,4,4554,6175,297113778662980,2021796868717642,959987681470779,959987681470779,9.347,4.236,10.354,10.354,326.93,54.0,237.641,237.641
1179,Pittsburgh,PA,40.4543283,-79.9335776,12186852930,4,4554,6175,297113778662980,2021796868717642,613768883355715,613768883355715,3.933,9.225,2.498,2.498,326.93,54.0,237.678,237.678
1180,Pittsburgh,PA,40.4543899,-79.9334567,12186852929,3,4554,6175,4428549510562176,1380597137438760,982074712332315,982074712332315,4.046,9.818,2.614,2.614,329.228,52.0,237.63,237.63
1181,Pittsburgh,PA,40.4543909,-79.9331759,12187030849,4,4554,6175,570588504054073,1510692663746032,942030983296891,942030983296891,9.475,4.6,10.124,10.124,329.228,51.0,237.967,237.967
1182,Pittsburgh,PA,40.4546676,-79.9325899,12186852905,4,4554,6175,2381128232311606,1264147401849652,506914767009293,506914767009293,9.066,7.57,10.405,10.405,12.0,56.0,238.686,238.686
1183,Pittsburgh,PA,40.4547138,-79.9279383,12185323316,4,4554,6175,1484444863379250,1484444863379250,2576273566063926,633519762748091,4.955,4.955,14.898,5.53,31.0,31.0,190.0,242.0
1184,Pittsburgh,PA,40.4547231,-79.9277793,12185323314,4,4554,6175,1285632113752172,1484444863379250,2576273566063926,633519762748091,13.876,15.434,20.961,16.76,3.0,31.0,190.0,242.0
1185,Pittsburgh,PA,40.4547249,-79.9324688,12186852904,4,4554,6175,209308637668473,1264147401849652,312933080321550,312933080321550,5.255,18.243,10.183,10.183,337.503,56.0,237.313,237.313
1186,Pittsburgh,PA,40.4547702,-79.9326522,12186852906,4,4554,6175,1925679788079100,1264147401849652,204001184899633,506914767009293,2.692,9.957,2.955,3.017,356.0,56.0,238.173,238.686
1187,Pittsburgh,PA,40.4548132,-79.9279989,12185323317,4,4554,6175,1285632113752172,1304603848366824,2576273566063926,1002187642743828,9.503,8.65,4.524,1.829,3.0,135.0,190.0,237.0
1188,Pittsburgh,PA,40.4548329,-79.932526,12186852903,4,4554,6175,1925679788079100,1264147401849652,180607700609057,180607700609057,10.09,21.037,2.528,2.528,356.0,56.0,236.956,236.956
1189,Pittsburgh,PA,40.4549389,-79.9279031,12185323318,4,4554,6175,1628676644895441,1304603848366824,1506622514264707,1628676644895441,1.601,10.124,10.928,1.601,324.0,135.0,184.0,324.0
1190,Pittsburgh,PA,40.4549821,-79.9327809,12186852925,4,4554,6175,1572514853824034,1264147401849652,204001184899633,863461653386199,8.133,34.431,27.857,12.839,340.0,56.0,238.173,324.0
1191,Pittsburgh,PA,40.4550104,-79.916637,13429684456,4,4554,6175,197735302197962,624681182260296,292160279300073,767880337228358,2.247,2.232,2.051,2.387,11.738,120.912,177.789,280.17
1192,Pittsburgh,PA,40.4551034,-79.9164861,2967149785,3,4554,6175,3856660141104574,783330922319838,227853658679881,2633187863647988,10.309,17.828,4.218,13.712,355.487,88.75,221.538,262.823
1193,Pittsburgh,PA,40.4551309,-79.9165231,13429684458,4,4554,6175,3856660141104574,783330922319838,227853658679881,227853658679881,9.353,14.837,3.698,3.698,355.487,88.75,221.538,221.538
1194,Pittsburgh,PA,40.4553473,-79.9283089,12185334001,3,4554,6175,4354399458154460,2539906226376132,2539906226376132,889628647426067,17.593,4.512,4.512,17.505,327.0,147.0,147.0,323.0
1195,Pittsburgh,PA,40.4554415,-79.9283646,12185313599,3,4554,6175,1017077120641938,803242232374227,1277836427235694,1017077120641938,13.951,6.936,4.243,13.951,321.0,150.0,151.0,321.0
1196,Pittsburgh,PA,40.4556076,-79.9159845,3289533756,4,4554,6175,1416149595402596,1416149595402596,1253352111767979,317898883176948,2.426,2.426,7.381,4.966,43.223,43.223,177.971,217.25
1197,Pittsburgh,PA,40.4556479,-79.9160469,13429684464,3,4554,6175,1416149595402596,598504038023013,1253352111767979,317898883176948,7.707,9.139,11.302,11.699,43.223,121.56,177.971,217.25
1198,Pittsburgh,PA,40.4556802,-79.9159127,2967149788,3,4554,6175,562834481771070,562834481771070,1253352111767979,317898883176948,2.939,2.939,3.803,12.961,45.409,45.409,177.971,217.25
1199,Pittsburgh,PA,40.4562639,-79.928845,12185323303,4,4554,6175,1414122014066414,760547903266269,760547903266269,1414122014066414,6.077,3.988,3.988,6.077,306.0,150.0,150.0,306.0
1200,Pittsburgh,PA,40.4563348,-79.9287346,12185323302,4,4554,6175,367933795119106,760547903266269,2191419271325829,1414122014066414,9.145,8.971,7.693,6.346,348.851,150.0,153.0,306.0
1201,Pittsburgh,PA,40.4563655,-79.9289019,12185323304,4,4554,6175,467805627782440,609871570372034,1201459058454640,820077237420935,10.293,10.871,5.247,6.963,13.188,51.82,158.0,306.0
1202,Pittsburgh,PA,40.456392,-79.9192995,12185229148,4,4554,6175,298107215194488,226864728798412,750085152336915,298107215194488,25.601,33.397,28.152,25.601,305.555,131.579,195.421,305.555
1203,Pittsburgh,PA,40.4564294,-79.9287859,12185289500,4,4554,6175,367933795119106,609871570372034,1201459058454640,969916855927194,2.422,9.113,7.481,5.895,348.851,51.82,158.0,309.0
1204,Pittsburgh,PA,40.456511,-79.9184972,13429684482,4,4554,6175,939063890222082,939063890222082,169501175103140,169501175103140,6.694,6.694,13.399,13.399,36.846,36.846,216.532,216.532
1205,Pittsburgh,PA,40.4565538,-79.9185581,4658246122,3,4554,6175,939063890222082,939063890222082,169501175103140,169501175103140,1.177,1.177,6.44,6.44,36.846,36.846,216.532,216.532
1206,Pittsburgh,PA,40.4565793,-79.9352525,393286612,3,4554,6175,945550558198062,27358558657066651,979697047735289,1253033830235200,17.461,3.907,12.365,25.588,46.0,98.0,155.0,241.0
1207,Pittsburgh,PA,40.4567074,-79.9353126,393224580,3,4554,6175,945550558198062,27358558657066651,852407011155433,1253033830235200,22.968,12.067,1.037,10.489,46.0,98.0,154.0,241.0
1208,Pittsburgh,PA,40.456711,-79.9291128,12185323342,4,4554,6175,1234634491912184,1278890529280819,794618519654114,1234634491912184,6.036,7.124,5.665,6.036,312.0,62.491,157.0,312.0
1209,Pittsburgh,PA,40.4567863,-79.9289973,12185323301,4,4554,6175,1234634491912184,4414573688627885,794618519654114,2327700927755653,6.85,5.935,7.261,7.348,312.0,61.34,157.0,308.0
1210,Pittsburgh,PA,40.4568082,-79.935356,12012570358,4,4554,6175,1697379741639597,964898054277860,1644849633369394,1253033830235200,16.648,6.312,1.076,1.845,54.0,75.411,187.0,241.0
1211,Pittsburgh,PA,40.4568114,-79.935802,12012570353,4,4554,6175,1635812767655843,301021748171393,1462183232115679,4070183653063859,9.892,10.676,34.995,6.684,60.0,73.695,160.0,249.472
1212,Pittsburgh,PA,40.456943,-79.9179315,13429684462,3,4554,6175,1248672072629234,175954624863751,175954624863751,1248672072629234,8.671,1.574,1.574,8.671,322.219,132.253,132.253,322.219
1213,Pittsburgh,PA,40.4569523,-79.9353304,393770145,3,4554,6175,1697379741639597,964898054277860,2007037843502393,436057530864046,27.121,11.551,10.058,6.86,54.0,75.411,210.0,248.759
1214,Pittsburgh,PA,40.4569882,-79.9343684,393224581,3,4554,6175,2166034514165482,930573319386317,968198805734245,25821572127544045,5.133,5.398,5.067,4.082,14.0,90.0,181.0,252.0
1215,Pittsburgh,PA,40.4570066,-79.9353578,393770344,3,4554,6175,1697379741639597,964898054277860,2007037843502393,436057530864046,30.556,17.948,16.084,13.215,54.0,75.411,210.0,248.759
1216,Pittsburgh,PA,40.4570087,-79.9178571,13429684461,3,4554,6175,612733953077037,479224619798844,4136668149687096,612733953077037,1.741,3.646,7.526,1.741,323.178,117.557,135.517,323.178
1217,Pittsburgh,PA,40.4570324,-79.9293062,12185289493,3,4554,6175,301241258206817,293759515708166,1179478687544577,3842705809359701,11.577,9.664,7.086,8.034,10.856,62.365,153.0,301.0
1218,Pittsburgh,PA,40.4570332,-79.9293486,12185289490,3,4554,6175,157194279963114,293759515708166,1498759811551065,170974494946163,12.231,13.151,15.088,6.665,348.887,62.365,173.0,228.209
1219,Pittsburgh,PA,40.4570386,-79.92761,12185313003,4,4554,6175,727634531966022,1012511129536027,1771792423784220,727634531966022,10.764,28.974,3.248,10.764,319.272,89.0,187.0,319.272
1220,Pittsburgh,PA,40.4570683,-79.9179301,2967182913,3,4554,6175,1248672072629234,479224619798844,309260597352160,776370463244685,7.091,5.642,7.524,5.705,322.219,117.557,218.425,236.747
1221,Pittsburgh,PA,40.4570859,-79.9344164,12012570362,4,4554,6175,2166034514165482,1563587880514783,968198805734245,318051933170408,16.723,7.71,16.027,8.847,14.0,69.27,181.0,248.617
1222,Pittsburgh,PA,40.4571302,-79.9148778,2051466326,3,4554,6175,582607547107928,212884484585063,2179726019083326,167115989408801,6.23,7.598,4.207,6.23,0.0,94.059,150.432,319.86
1223,Pittsburgh,PA,40.4571393,-79.9292025,12185289489,4,4554,6175,1710132523346064,404914028020832,1110404791042956,658046460660111,2.502,5.074,9.02,10.362,351.0,59.139,167.0,273.0
1224,Pittsburgh,PA,40.457151,-79.9274527,12185313004,4,4554,6175,430976065064598,1012511129536027,859730526416370,118061630635224,10.716,10.716,10.399,10.079,359.375,89.0,188.0,255.684
1225,Pittsburgh,PA,40.4571533,-79.9293927,12185289491,4,4554,6175,157194279963114,1268300447798723,1498759811551065,3088064548092831,6.85,3.104,3.104,2.895,348.887,147.0,173.0,228.798
1226,Pittsburgh,PA,40.4571822,-79.9340833,12012570344,4,4554,6175,764435499865363,484567842879817,942788574902164,1643719603424186,3.461,2.563,33.334,8.873,340.0,80.687,179.0,259.0
1227,Pittsburgh,PA,40.4572029,-79.9275892,12185313002,4,4554,6175,199707558908071,1012511129536027,1895431704509815,559948361774702,3.329,19.374,4.343,6.421,333.912,89.0,193.0,320.316
1228,Pittsburgh,PA,40.4572444,-79.929265,12185289492,4,4554,6175,1104288811257045,1290748612650576,1110357974390486,658046460660111,4.331,1.771,1.771,2.573,355.0,128.0,167.0,273.0
1229,Pittsburgh,PA,40.4572578,-79.9274364,12185313001,3,4554,6175,430976065064598,1012511129536027,1439123111345959,118061630635224,7.796,7.796,8.344,7.072,359.375,89.0,206.0,255.684
1230,Pittsburgh,PA,40.4572778,-79.92744,12185302799,3,4554,6175,430976065064598,1012511129536027,1439123111345959,118061630635224,9.467,9.467,7.456,8.85,359.375,89.0,206.0,255.684
1231,Pittsburgh,PA,40.4573265,-79.9151456,687084768,3,4554,6175,6228893653827748,215562980971134,215562980971134,6228893653827748,2.345,3.966,3.966,2.345,301.402,138.344,138.344,301.402
1232,Pittsburgh,PA,40.4573957,-79.9175217,4074624323,3,4554,6175,1920257921668848,140990148596988,157508109586030,393626041749689,16.602,15.789,14.886,17.421,0.0,102.474,209.56,275.488
1233,Pittsburgh,PA,40.4574181,-79.9174849,3887048909,4,4554,6175,203278951621112,140990148596988,311888860346128,393626041749689,6.324,12.484,15.016,15.085,327.236,102.474,214.586,275.488
1234,Pittsburgh,PA,40.4574621,-79.9295318,12185334011,3,4554,6175,1490025469011469,1830707631175325,1085167187100919,10007422756030748,11.436,12.556,16.686,28.219,352.0,94.0,165.0,324.0
1235,Pittsburgh,PA,40.4574683,-79.9175523,13429684490,3,4554,6175,1920257921668848,140990148596988,311888860346128,393626041749689,8.449,10.692,7.65,9.934,0.0,102.474,214.586,275.488
1236,Pittsburgh,PA,40.4574803,-79.9174112,105965647,4,4554,6175,3234792993414544,140990148596988,593208836004687,393626041749689,1.936,6.344,13.293,11.686,328.123,102.474,140.087,275.488
1237,Pittsburgh,PA,40.4575293,-79.9173522,13429684493,4,4554,6175,1493016574369967,171817148954390,372275190886017,393626041749689,4.882,2.067,13.903,13.753,34.527,74.406,209.57,275.488
1238,Pittsburgh,PA,40.4576982,-79.9177296,3561829368,3,4554,6175,870292987163435,1377458949495422,1377458949495422,870292987163435,2.591,9.444,9.444,2.591,308.028,131.456,131.456,308.028
1239,Pittsburgh,PA,40.457748,-79.9176712,3561829367,4,4554,6175,870292987163435,1377458949495422,1377458949495422,870292987163435,5.533,12.754,12.754,5.533,308.028,131.456,131.456,308.028
1240,Pittsburgh,PA,40.4578632,-79.9175915,2547807856,3,4554,6175,2927148360888484,1377458949495422,1377458949495422,2927148360888484,18.435,26.096,26.096,18.435,312.883,131.456,131.456,312.883
1241,Pittsburgh,PA,40.4578779,-79.9159128,2051466335,3,4554,6175,760886149080396,1234785460768844,1234785460768844,1335764936994694,4.142,4.917,4.917,6.822,0.0,133.632,133.632,273.815
1242,Pittsburgh,PA,40.4578816,-79.9282485,12186843388,4,4554,6175,1688927395451577,1688927395451577,295063898936613,295063898936613,9.328,9.328,3.023,3.023,33.0,33.0,232.448,232.448
1243,Pittsburgh,PA,40.4580875,-79.9344634,12096995899,4,4554,6175,815838589042850,114950870658199,481443152907272,3983747971664328,19.368,14.436,22.849,13.179,58.002,86.072,235.396,248.373
1244,Pittsburgh,PA,40.458209,-79.927301,12185302791,3,4554,6175,2765708537138986,2254322005372969,3083194245199938,165545002083480,18.213,23.021,10.057,15.712,354.0,68.0,193.0,247.506
1245,Pittsburgh,PA,40.4582188,-79.9340205,12096995900,4,4554,6175,304567091253691,845282939664122,481443152907272,943070156477901,8.946,9.757,25.159,13.875,2.588,68.325,235.396,245.508
1246,Pittsburgh,PA,40.4582204,-79.9345194,12096995813,4,4554,6175,815838589042850,114950870658199,481443152907272,3983747971664328,16.54,9.799,17.94,4.069,58.002,86.072,235.396,248.373
1247,Pittsburgh,PA,40.4582263,-79.9274566,12185302792,3,4554,6175,2765708537138986,2254322005372969,3083194245199938,521483835703496,6.166,19.321,5.433,7.485,354.0,68.0,193.0,244.764
1248,Pittsburgh,PA,40.4582384,-79.9274899,12185302793,3,4554,6175,2765708537138986,2254322005372969,3083194245199938,521483835703496,3.688,18.76,7.484,5.411,354.0,68.0,193.0,244.764
1249,Pittsburgh,PA,40.4582861,-79.9274828,12185302796,4,4554,6175,2765708537138986,2254322005372969,3083194245199938,521483835703496,2.285,13.623,7.555,1.046,354.0,68.0,193.0,244.764
1250,Pittsburgh,PA,40.4583075,-79.9342211,12096995841,4,4554,6175,815838589042850,469474644154575,481443152907272,953666268728639,12.594,6.796,9.526,2.236,58.002,83.941,235.396,253.193
1251,Pittsburgh,PA,40.4583177,-79.9346047,12253462401,4,4554,6175,515274226309991,305467544500832,481443152907272,3983747971664328,30.624,18.203,25.523,15.212,14.285,91.791,235.396,248.373
1252,Pittsburgh,PA,40.4583198,-79.9335064,393385184,3,4554,6175,956997725050074,1200801833688422,188818609762532,197650525511281,25.832,15.42,29.234,20.17,26.323,66.687,183.642,249.452
1253,Pittsburgh,PA,40.4583374,-79.933631,12012861766,3,4554,6175,817028225601474,1200801833688422,188818609762532,541767946819136,15.246,17.539,32.997,14.501,27.599,66.687,183.642,247.125
1254,Pittsburgh,PA,40.4583517,-79.927473,12185302794,3,4554,6175,2683018015402239,2254322005372969,974680175259850,158070692937682,1.286,7.061,9.112,0.647,0.0,68.0,196.0,236.687
1255,Pittsburgh,PA,40.4583533,-79.9272349,12185302788,3,4554,6175,1627435908519955,2254322005372969,1348077370211503,3953067874785967,11.731,15.969,12.606,3.575,8.0,68.0,178.0,251.085
1256,Pittsburgh,PA,40.4583696,-79.9335221,12096995919,4,4554,6175,378384130198045,1200801833688422,188818609762532,197650525511281,21.381,10.076,24.783,14.754,25.369,66.687,183.642,249.452
1257,Pittsburgh,PA,40.4584127,-79.9342675,393013731,4,4554,6175,815838589042850,469474644154575,481443152907272,953666268728639,21.339,18.142,17.597,13.621,58.002,83.941,235.396,253.193
1258,Pittsburgh,PA,40.4584227,-79.9273225,3768364076,3,4554,6175,1627435908519955,2254322005372969,1348077370211503,315958469968089,1.983,8.3,2.053,0.498,8.0,68.0,178.0,251.085
1259,Pittsburgh,PA,40.4585314,-79.9335333,12012861767,3,4554,6175,1138874366618499,1200801833688422,188818609762532,878145039440163,11.442,8.66,13.49,3.317,23.436,66.687,183.642,244.571
1260,Pittsburgh,PA,40.4586225,-79.9278786,394954494,3,4554,6175,977911398461179,343479423786691,475576630382611,1902937283730396,33.169,24.874,23.178,29.604,5.0,110.472,172.14,321.0
1261,Pittsburgh,PA,40.4586258,-79.9332176,12096995811,3,4554,6175,176803651031813,206227181167715,188818609762532,173828481319724,31.618,9.343,15.332,4.482,22.357,66.261,183.642,238.334
1262,Pittsburgh,PA,40.4586356,-79.9337522,12253462425,4,4554,6175,1566853603510317,1200801833688422,188818609762532,197650525511281,9.277,29.179,32.478,20.662,25.169,66.687,183.642,249.452
1263,Pittsburgh,PA,40.4586593,-79.9274513,3768364078,3,4554,6175,4555298828079010,217938803186164,1001157299140078,1763162077998921,2.802,2.375,2.856,2.928,309.0,90.8,169.0,232.0
1264,Pittsburgh,PA,40.4586667,-79.927655,394954477,3,4554,6175,1902937283730396,343479423786691,475576630382611,1902937283730396,10.27,5.393,7.285,10.27,321.0,110.472,172.14,321.0
1265,Pittsburgh,PA,40.4587625,-79.9272156,1400098757,3,4554,6175,1293825494352416,588465882545298,503550584158300,1007636424933253,19.542,9.939,6.856,3.761,30.696,71.559,215.065,249.0
1266,Pittsburgh,PA,40.4587836,-79.9272262,3768364070,3,4554,6175,1293825494352416,588465882545298,503550584158300,1007636424933253,19.819,11.041,8.415,5.679,30.696,71.559,215.065,249.0
1267,Pittsburgh,PA,40.4587957,-79.9334475,12253455741,3,4554,6175,320978929415371,466210691341415,188818609762532,753606775318657,7.783,33.841,26.342,30.835,22.361,66.133,183.642,260.226
1268,Pittsburgh,PA,40.4588768,-79.9279955,394954490,3,4554,6175,977911398461179,284294660046118,264546315359018,1121257408559539,32.58,15.051,24.181,34.368,5.0,67.575,169.718,251.753
1269,Pittsburgh,PA,40.4588789,-79.9276072,10863606185,4,4554,6175,977911398461179,1948444446544374,1118702973502059,1461649271642639,4.133,3.737,4.067,6.13,5.0,107.0,181.0,235.0
1270,Pittsburgh,PA,40.4588874,-79.9266075,1393898161,4,4554,6175,380528986589190,1701046251241195,961344900019149,1435309384409703,6.097,1.777,11.023,5.85,56.219,99.0,142.0,270.0
1271,Pittsburgh,PA,40.4588886,-79.9266957,8483315314,3,4554,6175,293425889070938,1321000136594664,1865092040844924,910976238611733,9.543,5.053,12.041,1.686,35.282,110.0,161.0,256.0
1272,Pittsburgh,PA,40.458901,-79.9267162,3768364109,3,4554,6175,293425889070938,1321000136594664,1865092040844924,910976238611733,7.963,6.027,10.335,2.192,35.282,110.0,161.0,256.0
1273,Pittsburgh,PA,40.4589131,-79.9274864,3768364083,3,4554,6175,977911398461179,965525326231577,1118702973502059,807103821847616,13.322,10.401,10.272,3.216,5.0,94.0,181.0,232.0
1274,Pittsburgh,PA,40.4589355,-79.9277975,394954481,3,4554,6175,977911398461179,965525326231577,1477011732651097,1461649271642639,18.745,16.533,6.081,19.727,5.0,94.0,163.038,235.0
1275,Pittsburgh,PA,40.4589461,-79.9266566,8483315316,4,4554,6175,2171348176703878,1321000136594664,1865092040844924,1435309384409703,4.907,3.491,8.332,4.45,306.0,110.0,161.0,270.0
1276,Pittsburgh,PA,40.4589782,-79.9266349,8483315315,3,4554,6175,2171348176703878,1701046251241195,1865092040844924,1435309384409703,6.157,8.721,8.493,4.964,306.0,99.0,161.0,270.0
1277,Pittsburgh,PA,40.4589788,-79.9266909,3768364080,3,4554,6175,2171348176703878,1477619077709995,1865092040844924,1435309384409703,1.748,4.865,3.926,8.481,306.0,118.0,161.0,270.0
1278,Pittsburgh,PA,40.4590354,-79.9278505,12016063471,4,4554,6175,977911398461179,2916789955309605,379657930031889,1461649271642639,29.423,2.552,5.607,27.175,5.0,73.622,145.548,235.0
1279,Pittsburgh,PA,40.4590647,-79.9277472,12836767644,3,4554,6175,977911398461179,2916789955309605,379657930031889,1461649271642639,27.237,8.656,4.061,22.001,5.0,73.622,145.548,235.0
1280,Pittsburgh,PA,40.4591442,-79.9274888,12012570324,3,4554,6175,1285836383656133,688505192815019,1118702973502059,1092073229262258,19.407,18.238,27.353,21.464,59.0,74.516,181.0,234.0
1281,Pittsburgh,PA,40.4591658,-79.9274189,12012570327,4,4554,6175,1285836383656133,688505192815019,1118702973502059,1718690618804548,21.611,19.009,32.096,22.032,59.0,74.516,181.0,234.0
1282,Pittsburgh,PA,40.4591903,-79.9273507,12014350223,3,4554,6175,1285836383656133,846412263235011,24677500758540783,1815718152674023,25.536,18.364,22.171,21.942,59.0,69.611,232.0,233.0
1283,Pittsburgh,PA,40.4592087,-79.9253659,1393898170,3,4554,6175,1487845949491525,1600674877898978,1291021892662357,1331697562204445,30.718,0.67,3.363,3.126,29.0,91.0,234.0,266.0
1284,Pittsburgh,PA,40.4592139,-79.9268765,4658635222,3,4554,6175,799316907394766,1373014834641328,139859621412677,956006671832697,7.315,13.681,7.936,8.056,337.301,83.0,158.698,285.106
1285,Pittsburgh,PA,40.4592312,-79.9267874,3768364099,3,4554,6175,799316907394766,1373014834641328,139859621412677,956006671832697,12.015,17.587,14.791,15.4,337.301,83.0,158.698,285.106
1286,Pittsburgh,PA,40.4592535,-79.9251639,3768364098,4,4554,6175,1454216596455184,958310813467319,4316862578459359,2705606406477009,9.02,1.558,12.053,3.441,47.0,85.0,197.0,274.0
1287,Pittsburgh,PA,40.4592562,-79.9253898,8483329917,4,4554,6175,1487845949491525,2462498334195930,1291021892662357,1331697562204445,30.602,4.754,2.337,4.23,29.0,89.0,234.0,266.0
1288,Pittsburgh,PA,40.45927,-79.924992,7983116627,4,4554,6175,1487845949491525,3721118304682208,474412770509655,1344489307035847,8.527,8.185,10.801,4.424,29.0,109.758,170.44,257.0
1289,Pittsburgh,PA,40.4592868,-79.9252831,3768364096,3,4554,6175,1487845949491525,1256731440008719,1536479374006249,1317208003655081,20.986,6.117,2.505,4.19,29.0,91.0,235.0,266.0
1290,Pittsburgh,PA,40.459312,-79.9251669,3768364097,4,4554,6175,1487845949491525,958310813467319,4316862578459359,2705606406477009,10.766,6.672,6.395,3.517,29.0,85.0,197.0,274.0
1291,Pittsburgh,PA,40.4593159,-79.924989,7983116623,4,4554,6175,1487845949491525,3721118304682208,4316862578459359,1344489307035847,5.125,10.726,11.855,1.599,29.0,109.758,197.0,257.0
1292,Pittsburgh,PA,40.4593417,-79.9268223,3768364104,3,4554,6175,799316907394766,563690932345657,139859621412677,956006671832697,22.038,16.357,22.605,17.602,337.301,72.235,158.698,285.106
1293,Pittsburgh,PA,40.4594984,-79.9249782,12388620907,3,4554,6175,1269235595390382,958310813467319,1519697709570707,1344489307035847,1.666,30.617,12.485,21.252,23.0,85.0,193.0,257.0
1294,Pittsburgh,PA,40.4595275,-79.9249765,12095105469,4,4554,6175,950269617926585,958310813467319,1519697709570707,1344489307035847,5.372,33.581,12.555,24.485,359.0,85.0,193.0,257.0
1295,Pittsburgh,PA,40.4595784,-79.9249735,12388620905,3,4554,6175,950269617926585,1454216596455184,1538320354392267,1291750459001396,5.188,32.235,12.3,30.358,359.0,47.0,194.0,258.0
1296,Pittsburgh,PA,40.459772,-79.9158211,12836778979,4,4554,6175,1128087121021299,1128087121021299,488920042329491,278894910606404,2.203,2.203,8.11,6.354,36.179,36.179,160.474,263.427
1297,Pittsburgh,PA,40.4598151,-79.9156718,12836778977,4,4554,6175,228135198651575,171919204857892,788586025132479,830731447880873,4.914,6.473,2.482,2.002,5.69,116.591,134.082,290.218
1298,Pittsburgh,PA,40.4598891,-79.9156208,13194862640,3,4554,6175,3787322178033744,788586025132479,789698895266246,136838905148803,9.784,6.823,6.182,12.897,345.219,134.082,153.557,278.16
1299,Pittsburgh,PA,40.4598966,-79.9161603,13194862632,3,4554,6175,1128087121021299,1128087121021299,161496635920441,278894910606404,32.807,32.807,28.696,31.87,36.179,36.179,195.049,263.427
1300,Pittsburgh,PA,40.4599168,-79.9156389,13194862644,3,4554,6175,830149051231022,788586025132479,1141235973017474,136838905148803,6.703,9.336,10.227,14.144,16.723,134.082,185.165,278.16
1301,Pittsburgh,PA,40.4599628,-79.9158229,13194862627,3,4554,6175,611508799801901,171919204857892,1141235973017474,278894910606404,9.236,24.052,9.026,15.426,346.151,116.591,185.165,263.427
1302,Pittsburgh,PA,40.4600295,-79.9155842,12836778982,3,4554,6175,496592864875398,788586025132479,1141235973017474,136838905148803,7.705,22.586,12.533,27.256,13.805,134.082,185.165,278.16
1303,Pittsburgh,PA,40.460234,-79.9270112,394964066,3,4554,6175,809853896307161,4382299985114889,869164643670323,834189587187006,10.117,14.133,5.857,6.345,357.603,104.673,162.769,293.033
1304,Pittsburgh,PA,40.4602978,-79.9270391,12096995927,4,4554,6175,246837697233368,4382299985114889,869164643670323,834189587187006,5.579,21.28,2.915,2.823,345.353,104.673,162.769,293.033
1305,Pittsburgh,PA,40.4603727,-79.9267902,12096995926,4,4554,6175,135897942401138,1014640732825728,869164643670323,857792298845929,4.376,6.018,24.934,5.0,15.56,68.063,162.769,326.28
1306,Pittsburgh,PA,40.4604859,-79.9229827,4599114509,3,4554,6175,3997276167055292,1083459716825341,24022769160739153,1503772304113854,34.595,20.176,15.698,23.23,339.091,142.0,178.0,210.0
1307,Pittsburgh,PA,40.4605006,-79.9225962,4599114524,3,4554,6175,3997276167055292,1083459716825341,1849789718904680,379037626775570,20.568,18.064,10.864,9.859,339.091,142.0,185.0,298.473
1308,Pittsburgh,PA,40.4605015,-79.9229187,7487385926,3,4554,6175,3997276167055292,1083459716825341,24022769160739153,1503772304113854,29.339,16.577,10.057,17.555,339.091,142.0,178.0,210.0
1309,Pittsburgh,PA,40.4605087,-79.9226277,4599114507,3,4554,6175,3997276167055292,1083459716825341,764158549653494,379037626775570,19.123,16.594,11.045,10.228,339.091,142.0,185.0,298.473
1310,Pittsburgh,PA,40.460531,-79.9227544,4599114534,3,4554,6175,3997276167055292,1083459716825341,750976667568072,1503772304113854,18.198,14.038,1.049,4.045,339.091,142.0,185.0,210.0
1311,Pittsburgh,PA,40.4606805,-79.9159518,13194862623,3,4554,6175,470227867395509,1460824094258532,1196651270800051,286943463072292,16.901,8.917,17.298,11.134,347.876,77.691,148.103,252.833
1312,Pittsburgh,PA,40.4607048,-79.9159957,13194862622,3,4554,6175,470227867395509,1460824094258532,1196651270800051,286943463072292,12.43,6.816,21.594,8.015,347.876,77.691,148.103,252.833
1313,Pittsburgh,PA,40.4607191,-79.9225234,7487385922,3,4554,6175,3997276167055292,149782880461135,790363287008695,323108285851560,12.539,28.224,3.981,10.252,339.091,103.366,189.0,271.913
1314,Pittsburgh,PA,40.4607288,-79.9224971,4599114549,3,4554,6175,3997276167055292,149782880461135,790363287008695,323108285851560,15.004,27.118,1.534,11.417,339.091,103.366,189.0,271.913
1315,Pittsburgh,PA,40.4607493,-79.915593,13194862699,4,4554,6175,903028400257731,240239904541047,1543961895810873,183432493654638,14.514,8.268,19.123,10.455,353.7,79.225,205.684,260.677
1316,Pittsburgh,PA,40.4608072,-79.9228108,13195249298,3,4554,6175,3997276167055292,149782880461135,777088218120854,323108285851560,19.054,31.658,9.11,16.949,339.091,103.366,163.0,271.913
1317,Pittsburgh,PA,40.4608388,-79.9250086,12095105439,4,4554,6175,997603345958909,1293001232953855,961180109958790,223519476755999,8.165,29.57,5.832,15.544,2.0,40.0,196.0,211.56
1318,Pittsburgh,PA,40.4608423,-79.9227891,13195249287,3,4554,6175,531133004549141,149782880461135,777088218120854,323108285851560,18.665,27.976,11.625,16.357,331.551,103.366,163.0,271.913
1319,Pittsburgh,PA,40.460843,-79.9156113,13194869545,4,4554,6175,478745280044253,240239904541047,1543961895810873,183432493654638,14.212,4.228,13.907,2.035,347.272,79.225,205.684,260.677
1320,Pittsburgh,PA,40.4608573,-79.9160339,13194895608,3,4554,6175,470227867395509,1460824094258532,1196651270800051,286943463072292,15.145,12.394,33.449,9.755,347.876,77.691,148.103,252.833
1321,Pittsburgh,PA,40.4608931,-79.9160076,13194895619,3,4554,6175,465190571249248,1460824094258532,1196651270800051,286943463072292,17.829,15.266,34.938,13.047,347.477,77.691,148.103,252.833
1322,Pittsburgh,PA,40.4609325,-79.9248058,12253594776,3,4554,6175,3687582264732002,1293001232953855,1141172086594165,1141731236484591,9.16,18.355,1.902,4.619,6.0,40.0,203.662,212.68
1323,Pittsburgh,PA,40.4609384,-79.9237166,13195249292,3,4554,6175,1370431960008959,647024789496798,178561600830350,112116867610006,21.855,27.029,31.055,23.404,326.979,105.075,166.041,284.805
1324,Pittsburgh,PA,40.4609401,-79.9156524,13194895612,4,4554,6175,465190571249248,240239904541047,1543961895810873,183432493654638,13.0,14.909,17.53,11.466,347.477,79.225,205.684,260.677
1325,Pittsburgh,PA,40.4610025,-79.9238574,1410407161,4,4554,6175,1370431960008959,647024789496798,499096668105504,112116867610006,21.382,24.274,18.102,14.619,326.979,105.075,235.125,284.805
1326,Pittsburgh,PA,40.4610121,-79.9209559,1393904409,4,4554,6175,562326948068522,4072257966195608,820545875258850,3026688180906791,33.619,24.669,28.12,30.781,55.456,112.437,133.954,292.331
1327,Pittsburgh,PA,40.4610149,-79.9157012,13194869548,3,4554,6175,114389937382334,1176492399485614,1543961895810873,183432493654638,12.238,23.108,25.064,20.478,348.635,76.015,205.684,260.677
1328,Pittsburgh,PA,40.4610591,-79.9206544,13195249271,3,4554,6175,562326948068522,605695694156176,605695694156176,3026688180906791,22.945,9.799,9.799,14.055,55.456,121.311,121.311,292.331
1329,Pittsburgh,PA,40.461083,-79.9236073,13195249291,3,4554,6175,1370431960008959,647024789496798,178561600830350,1029331604264079,7.603,13.006,14.147,8.985,326.979,105.075,166.041,243.715
1330,Pittsburgh,PA,40.4610922,-79.9223124,13195262110,3,4554,6175,897189027510429,844364549492761,480813626577816,573564896954022,9.78,8.565,19.37,30.268,26.477,105.156,191.694,229.094
1331,Pittsburgh,PA,40.4611093,-79.9235731,13195249296,3,4554,6175,1370431960008959,647024789496798,178561600830350,282230860246848,8.594,12.801,12.031,6.407,326.979,105.075,166.041,296.19
1332,Pittsburgh,PA,40.4611204,-79.9237222,13196306913,3,4554,6175,1370431960008959,647024789496798,499096668105504,499096668105504,4.57,7.187,2.015,2.015,326.979,105.075,235.125,235.125
1333,Pittsburgh,PA,40.4611414,-79.920887,13195249274,4,4554,6175,562326948068522,156880616396399,170982261608868,3026688180906791,18.875,9.859,24.907,18.854,55.456,63.462,178.027,292.331
1334,Pittsburgh,PA,40.4611592,-79.9222282,13195262112,4,4554,6175,470871920651982,844364549492761,480813626577816,573564896954022,12.777,7.725,16.079,23.922,26.505,105.156,191.694,229.094
1335,Pittsburgh,PA,40.4611648,-79.9225009,13195249300,3,4554,6175,897189027510429,303141454790264,961251381367133,573564896954022,8.209,18.219,8.772,27.296,26.477,77.588,206.064,229.094
1336,Pittsburgh,PA,40.4611781,-79.9209908,13195249270,3,4554,6175,562326948068522,4072257966195608,936547323773268,3026688180906791,24.173,7.298,16.412,27.017,55.456,112.437,138.667,292.331
1337,Pittsburgh,PA,40.4612162,-79.9225258,13195262121,3,4554,6175,471584850616905,235073741856033,480813626577816,573564896954022,9.86,13.374,14.828,24.401,0.0,124.331,191.694,229.094
1338,Pittsburgh,PA,40.4612211,-79.9205681,13195249265,3,4554,6175,1441113519570693,810653413216579,170982261608868,3026688180906791,14.158,11.056,22.391,9.639,27.68,58.947,178.027,292.331
1339,Pittsburgh,PA,40.4612595,-79.9222078,13195262116,3,4554,6175,502856850914295,844364549492761,480813626577816,573564896954022,9.603,18.744,12.997,14.678,26.386,105.156,191.694,229.094
1340,Pittsburgh,PA,40.4612674,-79.9206013,13195249266,3,4554,6175,1441113519570693,810653413216579,170982261608868,3026688180906791,9.144,5.518,17.11,10.939,27.68,58.947,178.027,292.331
1341,Pittsburgh,PA,40.4612788,-79.9247477,12095076861,3,4554,6175,954176720830735,2490960071322780,199680219243171,832238356149279,1.884,2.482,2.313,21.471,359.0,53.0,207.201,279.0
1342,Pittsburgh,PA,40.4612978,-79.9224766,13195262125,3,4554,6175,471584850616905,235073741856033,480813626577816,573564896954022,10.804,13.852,10.514,15.691,0.0,124.331,191.694,229.094
1343,Pittsburgh,PA,40.4613064,-79.9247301,12095076860,3,4554,6175,2111346966099643,2490960071322780,199680219243171,832238356149279,0.659,5.891,5.463,18.964,350.0,53.0,207.201,279.0
1344,Pittsburgh,PA,40.4613194,-79.922409,13195262120,3,4554,6175,1156694458091670,235073741856033,480813626577816,573564896954022,8.759,19.7,7.513,9.533,26.425,124.331,191.694,229.094
1345,Pittsburgh,PA,40.4613276,-79.920804,13195249268,3,4554,6175,562326948068522,479575163378250,170982261608868,3026688180906791,10.189,14.764,3.441,19.431,55.456,98.251,178.027,292.331
1346,Pittsburgh,PA,40.4613282,-79.9208988,13195249269,3,4554,6175,562326948068522,479575163378250,170982261608868,3026688180906791,16.615,8.673,10.828,24.974,55.456,98.251,178.027,292.331
1347,Pittsburgh,PA,40.4613587,-79.9249343,13195209477,3,4554,6175,1929861027670532,318266569811701,1472826924855269,1236277651747294,17.858,14.148,5.465,14.771,4.0,99.816,195.0,276.0
1348,Pittsburgh,PA,40.4613909,-79.9249238,12095076886,3,4554,6175,723351507527457,318266569811701,1472826924855269,1236277651747294,14.871,11.252,3.036,11.118,345.0,99.816,195.0,276.0
1349,Pittsburgh,PA,40.4614751,-79.9247267,12095076859,3,4554,6175,948656757801995,887129865478952,1342590627794050,292916559055674,5.356,9.965,15.522,1.916,338.0,51.22,179.0,284.212
1350,Pittsburgh,PA,40.4615045,-79.9233353,13195262131,3,4554,6175,335356387932780,182730097058471,4138063002927379,4138063002927379,14.325,7.067,14.493,14.493,57.034,109.547,219.462,219.462
1351,Pittsburgh,PA,40.4615104,-79.9247123,12095076858,3,4554,6175,1932194366935550,887129865478952,1342590627794050,292916559055674,7.973,9.925,15.841,5.391,26.461,51.22,179.0,284.212
1352,Pittsburgh,PA,40.4615154,-79.923352,13195262133,3,4554,6175,335356387932780,182730097058471,4138063002927379,4138063002927379,12.536,5.368,14.01,14.01,57.034,109.547,219.462,219.462
1353,Pittsburgh,PA,40.4615237,-79.921971,13195262171,3,4554,6175,763961964309348,326685928799474,981340215969452,799223524132652,14.516,7.498,19.411,12.486,26.037,117.16,221.053,293.737
1354,Pittsburgh,PA,40.4615273,-79.9220439,13195262170,3,4554,6175,195798355732776,326685928799474,981340215969452,799223524132652,9.007,10.597,13.25,18.203,26.077,117.16,221.053,293.737
1355,Pittsburgh,PA,40.4615317,-79.9234558,13195262128,3,4554,6175,335356387932780,500566504725806,292828012511216,4138063002927379,4.184,5.182,8.366,10.675,57.034,94.122,138.61,219.462
1356,Pittsburgh,PA,40.4615368,-79.9249035,12095076887,3,4554,6175,4466100057043297,1731572957712877,1342590627794050,1586304942469317,10.969,4.977,1.524,3.86,355.0,102.0,179.0,269.0
1357,Pittsburgh,PA,40.4615809,-79.9248995,13195209491,3,4554,6175,4466100057043297,1731572957712877,1342590627794050,1586304942469317,9.93,8.42,6.373,8.739,355.0,102.0,179.0,269.0
1358,Pittsburgh,PA,40.4616022,-79.9232608,13195262137,3,4554,6175,335356387932780,182730097058471,292828012511216,4138063002927379,19.77,10.744,22.968,26.188,57.034,109.547,138.61,219.462
1359,Pittsburgh,PA,40.4616031,-79.9232465,13195262138,3,4554,6175,335356387932780,182730097058471,292828012511216,4138063002927379,20.97,11.886,24.182,27.135,57.034,109.547,138.61,219.462
1360,Pittsburgh,PA,40.4616036,-79.9222387,13195262166,3,4554,6175,763961964309348,1569834909886880,981340215969452,981340215969452,9.922,8.622,9.468,9.468,26.037,112.05,221.053,221.053
1361,Pittsburgh,PA,40.4616197,-79.9257217,12253594771,3,4554,6175,203180048870832,538144751577363,185662464056347,1148433015582966,1.144,1.144,3.888,21.184,19.457,67.098,120.599,294.351
1362,Pittsburgh,PA,40.4616238,-79.9233959,13195262134,3,4554,6175,335356387932780,500566504725806,292828012511216,4138063002927379,10.508,6.417,12.378,21.935,57.034,94.122,138.61,219.462
1363,Pittsburgh,PA,40.4616373,-79.9222678,13195262164,3,4554,6175,763961964309348,1569834909886880,981340215969452,981340215969452,13.595,8.183,13.869,13.869,26.037,112.05,221.053,221.053
1364,Pittsburgh,PA,40.4616577,-79.9257139,12253594747,3,4554,6175,203180048870832,185662464056347,185662464056347,1148433015582966,3.248,0.391,0.391,17.106,19.457,120.599,120.599,294.351
1365,Pittsburgh,PA,40.4616721,-79.9232201,13195262139,4,4554,6175,951186598755187,500566504725806,292828012511216,4138063002927379,29.272,21.391,28.182,34.224,17.536,94.122,138.61,219.462
1366,Pittsburgh,PA,40.4616789,-79.9218928,13195262174,3,4554,6175,891191214805143,326685928799474,508919803630880,799223524132652,12.735,11.056,19.597,13.195,25.838,117.16,205.777,293.737
1367,Pittsburgh,PA,40.4616807,-79.9258628,12253594752,3,4554,6175,126152013665803,1404436453254697,1404436453254697,1549038608820784,14.508,9.559,9.559,19.838,12.993,120.572,120.572,295.2
1368,Pittsburgh,PA,40.4617052,-79.9258461,12253594731,3,4554,6175,203180048870832,1404436453254697,1404436453254697,1549038608820784,13.254,6.518,6.518,16.815,19.457,120.572,120.572,295.2
1369,Pittsburgh,PA,40.4617298,-79.921923,13195262175,3,4554,6175,180141580686734,326685928799474,508919803630880,799223524132652,8.105,15.814,13.452,19.4,25.798,117.16,205.777,293.737
1370,Pittsburgh,PA,40.4617654,-79.9221879,13195262160,3,4554,6175,931731457647511,1569834909886880,508919803630880,981340215969452,13.939,11.03,16.457,26.91,25.878,112.05,205.777,221.053
1371,Pittsburgh,PA,40.4617902,-79.9221189,13195262179,3,4554,6175,180141580686734,1569834909886880,508919803630880,799223524132652,9.866,14.671,10.002,34.381,25.798,112.05,205.777,293.737
1372,Pittsburgh,PA,40.4617918,-79.925624,12253594746,3,4554,6175,203180048870832,508901440148170,1404436453254697,1148433015582966,19.942,11.007,15.526,0.559,19.457,114.903,120.572,294.351
1373,Pittsburgh,PA,40.4618333,-79.9256072,13195209492,3,4554,6175,203180048870832,508901440148170,1404436453254697,1148433015582966,24.731,15.791,18.638,4.571,19.457,114.903,120.572,294.351
1374,Pittsburgh,PA,40.4618339,-79.9257485,12253594745,3,4554,6175,203180048870832,1404436453254697,1404436453254697,172770804758586,22.794,10.079,10.079,1.188,19.457,120.572,120.572,296.551
1375,Pittsburgh,PA,40.4618665,-79.9257149,13195187989,3,4554,6175,203180048870832,1404436453254697,1404436453254697,172770804758586,26.344,14.611,14.611,4.451,19.457,120.572,120.572,296.551
1376,Pittsburgh,PA,40.4620197,-79.9268009,12253594753,3,4554,6175,138551331623158,301402218151117,819811211970554,938915796948440,22.33,11.681,12.459,21.643,305.269,115.035,122.536,287.615
1377,Pittsburgh,PA,40.4620388,-79.9267861,12253594754,3,4554,6175,138551331623158,301402218151117,819811211970554,938915796948440,20.038,9.452,10.379,19.178,305.269,115.035,122.536,287.615
1378,Pittsburgh,PA,40.4620732,-79.9269785,12507209806,3,4554,6175,138551331623158,315935270043343,819811211970554,477183596896737,24.805,13.327,16.619,23.43,305.269,118.036,122.536,290.125
1379,Pittsburgh,PA,40.4621022,-79.9269671,12253594755,3,4554,6175,138551331623158,315935270043343,819811211970554,477183596896737,22.061,9.962,14.699,20.149,305.269,118.036,122.536,290.125
1380,Pittsburgh,PA,40.4621714,-79.9267058,12253594757,3,4554,6175,138551331623158,301402218151117,819811211970554,938915796948440,6.588,9.943,8.943,3.293,305.269,115.035,122.536,287.615
1381,Pittsburgh,PA,40.4622074,-79.9266847,13195187990,3,4554,6175,138551331623158,301402218151117,819811211970554,938915796948440,6.037,13.87,12.739,2.239,305.269,115.035,122.536,287.615
1382,Pittsburgh,PA,40.4622348,-79.9268868,12253594756,3,4554,6175,138551331623158,315935270043343,819811211970554,477183596896737,11.33,6.655,13.716,4.324,305.269,118.036,122.536,290.125
1383,Pittsburgh,PA,40.4622735,-79.9268681,13195187998,3,4554,6175,138551331623158,315935270043343,819811211970554,477183596896737,11.432,11.08,16.851,2.523,305.269,118.036,122.536,290.125
1384,Pittsburgh,PA,40.4625605,-79.9276908,13195187997,3,4554,6175,186237253243542,850347249167404,1388369334882553,565340064433441,21.46,12.75,24.879,2.971,304.621,107.755,220.274,291.398
1385,Pittsburgh,PA,40.4625825,-79.927678,13195209493,3,4554,6175,186237253243542,850347249167404,1388369334882553,565340064433441,21.439,15.197,22.978,2.742,304.621,107.755,220.274,291.398
1386,Pittsburgh,PA,40.462614,-79.9277576,12882288748,4,4554,6175,186237253243542,850347249167404,1388369334882553,518550395823445,29.029,14.73,17.774,2.394,304.621,107.755,220.274,286.225
1387,Pittsburgh,PA,40.4633286,-79.9298281,13176294785,3,4554,6175,494696051720948,1084628458698822,914838492693654,912900685957071,20.09,16.162,20.598,4.225,300.17,114.888,120.369,296.982
1388,Pittsburgh,PA,40.4634141,-79.9297743,13176294786,3,4554,6175,494696051720948,1084628458698822,914838492693654,912900685957071,22.772,26.702,29.518,12.426,300.17,114.888,120.369,296.982
1389,Pittsburgh,PA,40.4470222,-79.9113017,9111910731,4,4555,6175,189032716521073,174956091313638,505352114075154,505352114075154,8.934,8.904,20.243,20.243,31.945,33.576,210.126,210.126
1390,Pittsburgh,PA,40.4470895,-79.9114351,9111910730,3,4555,6175,189032716521073,174956091313638,505352114075154,505352114075154,7.589,7.369,17.135,17.135,31.945,33.576,210.126,210.126
1391,Pittsburgh,PA,40.447362,-79.8931202,8844367614,3,4555,6175,1695990550584539,1695990550584539,1099848653836591,1123089128169435,3.422,3.422,24.283,18.973,31.308,31.308,226.927,258.141
1392,Pittsburgh,PA,40.4473827,-79.8931812,12195898968,4,4555,6175,1695990550584539,1695990550584539,1099848653836591,1123089128169435,7.025,7.025,24.515,18.272,31.308,31.308,226.927,258.141
1393,Pittsburgh,PA,40.4474844,-79.8931045,12195898952,3,4555,6175,136943468427280,159297229478169,1099848653836591,1123089128169435,6.413,6.267,11.518,5.354,23.778,107.046,226.927,258.141
1394,Pittsburgh,PA,40.4475789,-79.8930285,12195898971,3,4555,6175,810368772916571,159297229478169,1099848653836591,1123089128169435,4.743,6.103,1.332,7.328,29.551,107.046,226.927,258.141
1395,Pittsburgh,PA,40.4476478,-79.8928857,8254513889,3,4555,6175,303349767984907,3960053494110556,504937737355125,221586686037153,3.764,4.323,5.656,11.591,27.56,39.253,216.496,258.641
1396,Pittsburgh,PA,40.4476747,-79.8929544,12196207223,4,4555,6175,303349767984907,3960053494110556,323038845883284,221586686037153,8.708,6.027,5.57,12.97,27.56,39.253,213.762,258.641
1397,Pittsburgh,PA,40.4477332,-79.8927433,12195898985,4,4555,6175,493843311815446,171122174823223,504937737355125,2114961391975150,4.639,9.216,13.383,6.467,27.687,35.01,216.496,274.212
1398,Pittsburgh,PA,40.447754,-79.8928019,6092379761,3,4555,6175,493843311815446,171122174823223,504937737355125,221586686037153,0.835,6.495,10.003,2.687,27.687,35.01,216.496,258.641
1399,Pittsburgh,PA,40.4478908,-79.8926175,12195898984,4,4555,6175,6075365715814766,832099517393242,504937737355125,2114961391975150,6.003,6.281,31.757,19.641,29.992,31.756,216.496,274.212
1400,Pittsburgh,PA,40.4479118,-79.892679,8537148540,3,4555,6175,6075365715814766,832099517393242,504937737355125,2114961391975150,0.809,1.709,29.95,21.496,29.992,31.756,216.496,274.212
1401,Pittsburgh,PA,40.447945,-79.8944986,12196062052,4,4555,6175,479188563202339,4167422036611217,790826731568686,1059202147942236,22.998,6.276,11.277,12.603,305.32,111.439,210.988,289.105
1402,Pittsburgh,PA,40.4479927,-79.8946628,12196062046,4,4555,6175,479188563202339,134785245266023,790826731568686,790826731568686,13.575,6.654,3.91,3.91,305.32,114.49,210.988,210.988
1403,Pittsburgh,PA,40.4480446,-79.8944242,12196062051,4,4555,6175,479188563202339,4167422036611217,790826731568686,1059202147942236,20.958,6.966,17.295,5.773,305.32,111.439,210.988,289.105
1404,Pittsburgh,PA,40.4480672,-79.8948842,13426335538,4,4555,6175,471775143937827,3074914462730342,790826731568686,174785304547992,15.781,8.384,24.133,15.245,305.512,103.79,210.988,298.671
1405,Pittsburgh,PA,40.4480924,-79.8945752,12196062050,4,4555,6175,479188563202339,134785245266023,790826731568686,256285446232767,7.123,6.692,11.686,3.808,305.32,114.49,210.988,294.661
1406,Pittsburgh,PA,40.4488046,-79.8938487,12196207208,4,4555,6175,495615348227121,300196671584202,1650080901848572,495615348227121,6.243,26.106,12.3,6.243,319.883,35.901,169.534,319.883
1407,Pittsburgh,PA,40.4488512,-79.8940073,12196207210,4,4555,6175,791505541797599,300196671584202,1650080901848572,153780293276143,21.011,29.605,21.166,23.431,17.037,35.901,169.534,299.58
1408,Pittsburgh,PA,40.4488543,-79.8938081,12196207214,4,4555,6175,495615348227121,300196671584202,1650080901848572,153780293276143,3.057,19.778,5.826,6.71,319.883,35.901,169.534,299.58
1409,Pittsburgh,PA,40.4489059,-79.8939654,12196207216,4,4555,6175,791505541797599,300196671584202,1650080901848572,153780293276143,15.374,23.064,17.119,20.197,17.037,35.901,169.534,299.58
1410,Pittsburgh,PA,40.448912,-79.8937609,12196207212,3,4555,6175,791505541797599,300196671584202,1650080901848572,153780293276143,4.287,12.659,1.98,5.31,17.037,35.901,169.534,299.58
1411,Pittsburgh,PA,40.4489616,-79.8939227,12196207211,4,4555,6175,791505541797599,300196671584202,1650080901848572,153780293276143,11.371,16.819,15.397,19.13,17.037,35.901,169.534,299.58
1412,Pittsburgh,PA,40.4494769,-79.8991271,12196062027,4,4555,6175,136095305209887,158855489518175,182900107034007,821615845439294,5.865,5.921,11.491,8.32,338.839,124.663,169.606,281.119
1413,Pittsburgh,PA,40.4495085,-79.8992718,12196062024,4,4555,6175,136095305209887,158855489518175,182900107034007,821615845439294,15.835,17.156,14.16,19.879,338.839,124.663,169.606,281.119
1414,Pittsburgh,PA,40.4495771,-79.8990613,12196062026,3,4555,6175,136095305209887,158855489518175,182900107034007,821615845439294,6.78,7.861,6.114,8.101,338.839,124.663,169.606,281.119
1415,Pittsburgh,PA,40.4495936,-79.8991245,12196062029,4,4555,6175,177021037655266,177021037655266,182900107034007,821615845439294,1.207,1.207,1.678,12.184,32.905,32.905,169.606,281.119
1416,Pittsburgh,PA,40.4496124,-79.8991958,12196062025,4,4555,6175,177021037655266,177021037655266,182900107034007,821615845439294,7.341,7.341,6.381,17.863,32.905,32.905,169.606,281.119
1417,Pittsburgh,PA,40.449844,-79.8932395,13467961839,4,4555,6175,1127772877698978,169173771773547,519427142407975,519427142407975,8.985,10.666,29.862,29.862,24.111,34.818,213.807,213.807
1418,Pittsburgh,PA,40.4503521,-79.898683,12196207251,3,4555,6175,515881389762596,302751341332610,503597190688733,276289504229310,6.778,11.522,5.217,11.761,343.737,116.308,193.616,304.336
1419,Pittsburgh,PA,40.450426,-79.8985424,104713666,3,4555,6175,324787372570741,302751341332610,538059657199758,276289504229310,8.148,14.484,9.275,12.833,335.052,116.308,150.52,304.336
1420,Pittsburgh,PA,40.4504503,-79.8986156,12196207253,4,4555,6175,324787372570741,302751341332610,538059657199758,276289504229310,5.315,7.968,5.108,6.199,335.052,116.308,150.52,304.336
1421,Pittsburgh,PA,40.4506334,-79.8984049,279677510,3,4555,6175,324787372570741,302751341332610,538059657199758,276289504229310,32.002,32.622,32.149,30.918,335.052,116.308,150.52,304.336
1422,Pittsburgh,PA,40.4506792,-79.8926278,12272067169,3,4555,6175,177498980901398,2587006584939145,383019269621002,291201682578654,4.527,10.43,16.343,9.458,334.107,39.977,210.998,311.208
1423,Pittsburgh,PA,40.4507523,-79.8925799,12272067118,3,4555,6175,177498980901398,2587006584939145,383019269621002,291201682578654,4.761,15.852,7.444,5.013,334.107,39.977,210.998,311.208
1424,Pittsburgh,PA,40.4508217,-79.9000891,12196207243,4,4555,6175,957650641720430,3928275753928006,1179949405777004,135639435255174,3.566,9.988,15.889,12.633,28.586,113.854,239.014,287.766
1425,Pittsburgh,PA,40.4508482,-79.9001503,12196207249,4,4555,6175,957650641720430,1119853785188172,1179949405777004,2773647349612332,5.282,10.663,20.051,10.235,28.586,113.467,239.014,293.844
1426,Pittsburgh,PA,40.4509158,-79.9000187,12196207247,4,4555,6175,936783880491477,3928275753928006,1179949405777004,135639435255174,2.671,2.851,9.591,4.969,28.495,113.854,239.014,287.766
1427,Pittsburgh,PA,40.4509379,-79.9000868,104764428,4,4555,6175,936783880491477,1119853785188172,1179949405777004,2773647349612332,5.322,6.513,15.851,1.192,28.495,113.467,239.014,293.844
1428,Pittsburgh,PA,40.4509611,-79.9001562,12196207250,4,4555,6175,936783880491477,1119853785188172,1179949405777004,173771757966329,11.447,2.042,22.265,2.898,28.495,113.467,239.014,296.084
1429,Pittsburgh,PA,40.4510272,-79.900024,12196207248,4,4555,6175,501354277668686,1119853785188172,1179949405777004,1165577987200013,4.596,15.021,18.889,11.648,26.203,113.467,239.014,269.324
1430,Pittsburgh,PA,40.4516179,-79.9024438,12195911840,4,4555,6175,959378648164545,147655587341878,321260076028103,305817061007893,11.718,9.1,24.707,13.53,303.723,113.623,139.898,289.91
1431,Pittsburgh,PA,40.4516385,-79.9025046,12195911833,3,4555,6175,959378648164545,4012123068855067,321260076028103,305817061007893,13.345,9.037,25.557,12.379,303.723,113.574,139.898,289.91
1432,Pittsburgh,PA,40.4516787,-79.9023025,12195911838,4,4555,6175,959378648164545,276814627501067,321260076028103,1921327371370110,7.397,2.377,15.427,1.237,303.723,113.758,139.898,297.589
1433,Pittsburgh,PA,40.4517027,-79.9023758,105735535,4,4555,6175,959378648164545,147655587341878,321260076028103,959378648164545,0.96,4.371,13.74,0.96,303.723,113.623,139.898,303.723
1434,Pittsburgh,PA,40.4517866,-79.9023065,12195911839,4,4555,6175,959378648164545,321260076028103,321260076028103,298329771961239,10.402,3.463,3.463,2.064,303.723,139.898,139.898,245.237
1435,Pittsburgh,PA,40.4518078,-79.9023664,12195911837,3,4555,6175,959378648164545,321260076028103,321260076028103,389523785510114,10.815,4.509,4.509,4.746,303.723,139.898,139.898,289.568
1436,Pittsburgh,PA,40.4519781,-79.9021483,7116409014,3,4555,6175,208806224168033,321260076028103,321260076028103,282865486876518,16.592,22.764,22.764,18.163,304.343,139.898,139.898,245.718
1437,Pittsburgh,PA,40.452323,-79.9045436,12195911841,4,4555,6175,152822556806957,298152201961988,898215820723869,1102835616893238,11.871,8.899,20.975,14.645,0.0,114.27,239.029,283.891
1438,Pittsburgh,PA,40.4523637,-79.9046747,12195911842,4,4555,6175,152822556806957,968398190367341,898215820723869,1872867559545660,7.23,8.805,20.729,13.185,0.0,114.642,239.029,298.871
1439,Pittsburgh,PA,40.4524074,-79.9044822,12195911845,4,4555,6175,482694289453141,298152201961988,898215820723869,482694289453141,2.322,3.224,12.077,2.322,300.725,114.27,239.029,300.725
1440,Pittsburgh,PA,40.4524505,-79.9046112,12195911848,4,4555,6175,152822556806957,968398190367341,898215820723869,1872867559545660,17.849,2.635,9.948,4.176,0.0,114.642,239.029,298.871
1441,Pittsburgh,PA,40.4524935,-79.9044196,12195911844,4,4555,6175,1461986764143289,298152201961988,898215820723869,523113862430491,9.096,13.315,9.104,1.081,303.762,114.27,239.029,251.2
1442,Pittsburgh,PA,40.4525357,-79.9045489,12195911843,4,4555,6175,776484526383952,968398190367341,898215820723869,898215820723869,15.022,13.227,3.419,3.419,27.811,114.642,239.029,239.029
1443,Pittsburgh,PA,40.4531168,-79.9069309,12195876978,4,4555,6175,302170551287097,317770986535661,501107617696079,2916572271944954,9.139,10.945,15.396,11.453,350.732,118.506,165.35,255.158
1444,Pittsburgh,PA,40.453154,-79.9070748,12195876979,4,4555,6175,302170551287097,317770986535661,501107617696079,2916572271944954,15.018,21.562,18.069,19.492,350.732,118.506,165.35,255.158
1445,Pittsburgh,PA,40.4532037,-79.9068664,12195876980,4,4555,6175,302170551287097,317770986535661,501107617696079,2916572271944954,3.476,5.521,6.542,1.187,350.732,118.506,165.35,255.158
1446,Pittsburgh,PA,40.4532898,-79.9068024,12195876977,4,4555,6175,302170551287097,217651836789734,501107617696079,2916572271944954,13.578,8.002,9.664,10.763,350.732,43.531,165.35,255.158
1447,Pittsburgh,PA,40.4533476,-79.9069318,12195876975,4,4555,6175,217651836789734,217651836789734,247901053754005,268646661654139,6.227,6.227,5.357,10.412,43.531,43.531,206.453,297.838
1448,Pittsburgh,PA,40.4538591,-79.9124704,12090931244,3,4555,6175,3947225525396814,3222822537944959,526722148509533,1110056192809832,27.299,14.116,27.921,22.216,5.761,72.805,232.873,255.171
1449,Pittsburgh,PA,40.4539142,-79.9124469,12090931243,3,4555,6175,3947225525396814,3222822537944959,526722148509533,1848225138680761,21.978,11.703,21.48,16.629,5.761,72.805,232.873,250.786
1450,Pittsburgh,PA,40.4540119,-79.9062795,12195871462,4,4555,6175,2962534160648485,944061893033741,494718618630051,842227316645776,9.314,7.925,9.055,15.0,30.292,36.639,208.737,250.797
1451,Pittsburgh,PA,40.4540323,-79.9121889,12090931241,4,4555,6175,525106832230697,323248232651963,152523996883304,493654095400688,12.078,11.772,15.817,14.963,45.948,47.747,223.545,237.292
1452,Pittsburgh,PA,40.4540457,-79.9064274,12195871463,4,4555,6175,2962534160648485,2962534160648485,494718618630051,487673029156420,10.273,10.273,9.02,14.589,30.292,30.292,208.737,300.314
1453,Pittsburgh,PA,40.4541194,-79.9059637,12195911877,3,4555,6175,298088295151469,944061893033741,3958104290950740,3958104290950740,20.28,26.08,11.445,11.445,27.428,36.639,227.319,227.319
1454,Pittsburgh,PA,40.4541449,-79.9127898,4573685878,3,4555,6175,3947225525396814,330277625152475,837017633893670,166379835328164,21.816,19.903,32.557,9.656,5.761,80.155,229.006,265.254
1455,Pittsburgh,PA,40.4541513,-79.9123715,12090978283,3,4555,6175,3947225525396814,1188638471569695,469131340842490,804026326873718,15.33,6.8,4.294,3.744,5.761,53.119,222.982,237.658
1456,Pittsburgh,PA,40.4541701,-79.9126245,4573685879,4,4555,6175,531782171172053,4293152957445997,837017633893670,514251626397102,5.627,20.207,18.799,9.733,338.593,73.683,229.006,266.857
1457,Pittsburgh,PA,40.4541869,-79.9125145,8756943866,3,4555,6175,531782171172053,485444529459327,837017633893670,488544939155621,5.188,17.375,10.426,11.096,338.593,63.587,229.006,253.987
1458,Pittsburgh,PA,40.4541915,-79.9061545,12195871461,4,4555,6175,298088295151469,944061893033741,2509037499242292,842227316645776,3.887,15.457,8.739,7.735,27.428,36.639,208.643,250.797
1459,Pittsburgh,PA,40.4542185,-79.9062209,12195871465,4,4555,6175,298088295151469,944061893033741,2509037499242292,842227316645776,5.638,15.626,4.865,9.26,27.428,36.639,208.643,250.797
1460,Pittsburgh,PA,40.4542456,-79.9062875,12195871460,4,4555,6175,298088295151469,944061893033741,2509037499242292,487673029156420,11.405,18.194,7.236,10.602,27.428,36.639,208.643,300.314
1461,Pittsburgh,PA,40.4544275,-79.9118228,4573685870,4,4555,6175,2886882838237522,2886882838237522,287542736356106,1002559820553110,6.787,6.787,10.685,10.929,36.263,36.263,215.64,219.259
1462,Pittsburgh,PA,40.4547988,-79.9057176,12195911874,3,4555,6175,295412178899474,459727868468994,4309429382421305,2819776018352649,12.072,5.889,8.911,21.544,9.299,36.195,208.088,281.839
1463,Pittsburgh,PA,40.4548147,-79.9114163,12195871430,3,4555,6175,4162969300414064,4162969300414064,576598593301714,576598593301714,6.465,6.465,9.396,9.396,39.745,39.745,219.013,219.013
1464,Pittsburgh,PA,40.4548217,-79.9057772,12195911875,4,4555,6175,295412178899474,459727868468994,4309429382421305,2819776018352649,12.343,5.93,4.495,24.739,9.299,36.195,208.088,281.839
1465,Pittsburgh,PA,40.4548487,-79.9058473,12195871456,4,4555,6175,295412178899474,459727868468994,4309429382421305,2819776018352649,15.547,10.842,5.686,29.463,9.299,36.195,208.088,281.839
1466,Pittsburgh,PA,40.4548602,-79.9057489,105098594,3,4555,6175,295412178899474,459727868468994,4309429382421305,2819776018352649,7.663,10.436,9.078,28.551,9.299,36.195,208.088,281.839
1467,Pittsburgh,PA,40.4548868,-79.9058176,12195871459,4,4555,6175,295412178899474,459727868468994,4309429382421305,2819776018352649,11.947,13.658,9.544,32.611,9.299,36.195,208.088,281.839
1468,Pittsburgh,PA,40.4549353,-79.9115029,12090931284,4,4555,6175,1195860704207594,3455329714567865,299386794996922,299386794996922,7.47,6.247,1.842,1.842,35.495,44.484,218.19,218.19
1469,Pittsburgh,PA,40.4549943,-79.9112276,12195871431,3,4555,6175,1117609792067888,226199152192155,1226856314402372,294376565500360,7.841,7.645,9.354,6.356,39.451,40.401,218.619,294.428
1470,Pittsburgh,PA,40.4552569,-79.914199,1253916893,3,4555,6175,550681229669712,2809421749371720,924763158068001,550681229669712,3.826,22.876,23.519,3.826,312.779,72.88,167.316,312.779
1471,Pittsburgh,PA,40.4553071,-79.9111044,12090931283,4,4555,6175,528427165200545,941900316577625,196225589012546,4308060929244956,0.929,5.962,3.541,3.407,25.402,38.445,215.734,221.696
1472,Pittsburgh,PA,40.4554572,-79.8969835,12279145982,4,4555,6175,811333716487807,305432314455746,305432314455746,489059535850234,4.668,9.866,9.866,19.751,6.673,122.87,122.87,285.67
1473,Pittsburgh,PA,40.4554943,-79.8971172,12279145976,4,4555,6175,515545679574338,304638704478805,305432314455746,489059535850234,5.89,13.442,17.705,13.973,14.827,84.751,122.87,285.67
1474,Pittsburgh,PA,40.4555078,-79.9052071,12195911873,4,4555,6175,1477492429254087,302764877978667,313260016918925,4439512502743445,11.309,6.836,7.615,29.143,2.731,37.926,209.472,211.012
1475,Pittsburgh,PA,40.4555588,-79.9051688,12195911872,3,4555,6175,512025793152422,302764877978667,313260016918925,4439512502743445,7.475,10.871,9.075,22.867,26.539,37.926,209.472,211.012
1476,Pittsburgh,PA,40.455572,-79.9051608,12269937286,3,4555,6175,512025793152422,302764877978667,313260016918925,4439512502743445,6.454,12.129,9.97,21.297,26.539,37.926,209.472,211.012
1477,Pittsburgh,PA,40.4555756,-79.8969243,12279145981,3,4555,6175,811333716487807,305432314455746,305432314455746,489059535850234,10.059,5.425,5.425,14.309,6.673,122.87,122.87,285.67
1478,Pittsburgh,PA,40.4555956,-79.8969291,12279145980,3,4555,6175,1742184445942655,304638704478805,305432314455746,489059535850234,7.513,13.723,7.686,13.349,10.941,84.751,122.87,285.67
1479,Pittsburgh,PA,40.4556146,-79.8970758,12279145979,4,4555,6175,1742184445942655,304638704478805,305432314455746,489059535850234,7.04,1.176,16.86,0.78,10.941,84.751,122.87,285.67
1480,Pittsburgh,PA,40.4556256,-79.9105499,12090978286,4,4555,6175,306985910868694,764297010940492,510107006696994,508327347178043,7.194,6.67,10.582,18.568,37.812,40.023,219.033,272.499
1481,Pittsburgh,PA,40.4556852,-79.910719,12090978285,3,4555,6175,1282237692173281,764297010940492,2861392627415959,2861392627415959,9.352,9.141,3.014,3.014,37.961,40.023,214.163,214.163
1482,Pittsburgh,PA,40.4557998,-79.9106016,4574047754,4,4555,6175,310355837127366,310355837127366,878787229372879,508327347178043,8.486,8.486,2.954,14.416,37.616,37.616,217.33,272.499
1483,Pittsburgh,PA,40.4558042,-79.9103769,12090931234,3,4555,6175,3680644682041271,4623172464366827,139568144775535,508327347178043,5.358,4.921,10.442,6.405,348.418,38.761,218.886,272.499
1484,Pittsburgh,PA,40.4559914,-79.8967729,12280115845,4,4555,6175,187700519876869,314653410055463,494927028319095,3829590087139898,6.402,2.805,31.328,25.607,5.779,35.026,180.423,309.979
1485,Pittsburgh,PA,40.4560253,-79.8969137,12280054039,4,4555,6175,187700519876869,314653410055463,494927028319095,3829590087139898,6.141,10.618,32.693,24.431,5.779,35.026,180.423,309.979
1486,Pittsburgh,PA,40.4561105,-79.9138185,4085703226,3,4555,6175,2492554467549494,1221574291899224,3495567807437342,135175342549801,26.442,18.978,31.443,26.397,0.0,92.12,198.295,267.527
1487,Pittsburgh,PA,40.4561736,-79.9139083,7011040387,3,4555,6175,2492554467549494,749723096678832,728886845488609,758416105488760,20.448,12.749,19.384,20.448,0.0,102.539,130.579,275.878
1488,Pittsburgh,PA,40.4561757,-79.9047372,12269956565,3,4555,6175,586052135700830,342002304018458,4027865483957696,295347062140117,5.875,13.027,5.019,14.489,23.824,122.078,189.175,282.117
1489,Pittsburgh,PA,40.4561967,-79.9046791,12269956567,3,4555,6175,903352703562908,342002304018458,4027865483957696,966991247369813,8.766,14.718,8.385,12.566,21.464,122.078,189.175,275.413
1490,Pittsburgh,PA,40.456203,-79.9047153,12269956566,3,4555,6175,903352703562908,342002304018458,4027865483957696,295347062140117,6.405,11.894,5.251,11.198,21.464,122.078,189.175,282.117
1491,Pittsburgh,PA,40.4562228,-79.9048604,12269937291,3,4555,6175,586052135700830,291286916013824,4027865483957696,312322623599590,8.447,8.178,7.23,11.398,23.824,108.986,189.175,280.131
1492,Pittsburgh,PA,40.4562328,-79.9048865,12269956561,3,4555,6175,586052135700830,291286916013824,4027865483957696,312322623599590,10.683,6.949,9.642,10.968,23.824,108.986,189.175,280.131
1493,Pittsburgh,PA,40.4563304,-79.9046622,12269956568,4,4555,6175,924200658124786,342002304018458,4027865483957696,295347062140117,4.318,14.701,16.594,4.51,20.453,122.078,189.175,282.117
1494,Pittsburgh,PA,40.4563688,-79.904804,12269956564,4,4555,6175,924200658124786,291286916013824,4027865483957696,312322623599590,9.235,10.359,17.885,5.703,20.453,108.986,189.175,280.131
1495,Pittsburgh,PA,40.4563701,-79.9138359,10774141796,3,4555,6175,2492554467549494,206459121958057,3495567807437342,465358869015525,2.472,5.182,15.325,2.562,0.0,98.47,198.295,272.11
1496,Pittsburgh,PA,40.4563751,-79.9097857,12195871446,3,4555,6175,243591797567137,243591797567137,957598838115614,314264070370879,7.513,7.513,10.168,9.563,36.878,36.878,218.898,224.782
1497,Pittsburgh,PA,40.4563911,-79.8966131,12280054008,4,4555,6175,1453919224951112,859868744967932,494927028319095,797466381144581,2.288,31.929,15.409,17.8,16.95,42.031,180.423,273.326
1498,Pittsburgh,PA,40.4564231,-79.8967566,12280054007,4,4555,6175,970320276841095,859868744967932,494927028319095,797466381144581,6.853,31.308,18.241,6.769,15.334,42.031,180.423,273.326
1499,Pittsburgh,PA,40.4571516,-79.9090494,12090978287,4,4555,6175,2936955546537685,934201084013431,171271291580920,2976163792632117,9.193,10.52,10.448,12.214,2.045,112.577,207.024,210.881
1500,Pittsburgh,PA,40.4572414,-79.9092017,12090931220,3,4555,6175,2936955546537685,2996634033892016,2976163792632117,2976163792632117,7.297,7.918,4.094,4.094,2.045,116.271,210.881,210.881
1501,Pittsburgh,PA,40.4572611,-79.9087753,12663607349,4,4555,6175,485001549367915,324963845747388,480954803331375,1273337066424838,12.961,10.709,4.826,1.828,316.828,108.621,193.804,296.125
1502,Pittsburgh,PA,40.4573063,-79.9089278,12090931230,4,4555,6175,485001549367915,934201084013431,480954803331375,485001549367915,0.886,9.529,9.44,0.886,316.828,112.577,193.804,316.828
1503,Pittsburgh,PA,40.4573114,-79.9091504,4574047727,4,4555,6175,2684149805210719,2996634033892016,383543462908344,3646868952084291,2.927,4.357,4.623,9.227,338.458,116.271,208.92,294.717
1504,Pittsburgh,PA,40.4573839,-79.9090973,12090931221,3,4555,6175,474205093853486,2996634033892016,1425574657778906,3646868952084291,9.745,11.881,5.382,13.015,29.078,116.271,196.885,294.717
1505,Pittsburgh,PA,40.4575723,-79.9087396,12663607348,4,4555,6175,471446134115781,1126059131231196,307236057643130,319747659533074,7.309,9.66,10.549,12.046,28.829,33.869,209.091,210.727
1506,Pittsburgh,PA,40.45768,-79.9086659,4574047721,4,4555,6175,289949779537026,180992563904096,476929860236434,973046420147343,7.727,10.683,9.893,11.168,29.952,30.37,209.675,210.337
1507,Pittsburgh,PA,40.4577989,-79.9085816,13571535992,4,4555,6175,826615901315074,485113482728999,494081388313762,515931343106992,7.147,8.901,9.549,11.064,30.054,39.357,209.675,210.335
1508,Pittsburgh,PA,40.4578342,-79.9084089,13571535995,3,4555,6175,933946634030287,485113482728999,788815698439763,474865793729170,17.064,19.012,20.498,21.472,30.288,39.357,209.143,210.218
1509,Pittsburgh,PA,40.458017,-79.9086233,12150906991,4,4555,6175,321603342658156,279223650536357,798746867727805,947098239375576,8.958,9.333,3.495,5.995,29.797,31.34,209.759,210.017
1510,Pittsburgh,PA,40.4580549,-79.908393,13684020975,3,4555,6175,225093559312479,183661296959954,2857076467940365,947098239375576,6.106,5.725,9.12,13.951,22.088,32.315,209.646,210.017
1511,Pittsburgh,PA,40.4580925,-79.9112598,107538796,3,4555,6175,824909765099916,866810137272412,306645320841533,495924825059328,25.007,7.915,8.215,4.332,301.964,99.798,127.248,299.719
1512,Pittsburgh,PA,40.4581404,-79.9081872,12269890680,4,4555,6175,811525323112700,200524015224687,478382133223372,2880174658910380,15.18,17.002,19.773,21.008,29.345,33.486,209.413,211.927
1513,Pittsburgh,PA,40.4581791,-79.9083022,12090931227,3,4555,6175,811525323112700,200524015224687,478382133223372,2880174658910380,4.914,7.615,9.146,10.37,29.345,33.486,209.413,211.927
1514,Pittsburgh,PA,40.4582106,-79.9081322,8254330021,3,4555,6175,3902906779778197,949669785806031,510669636799107,2582104442085332,16.108,16.447,19.63,20.521,28.347,30.324,208.519,213.015
1515,Pittsburgh,PA,40.4582533,-79.9116691,105125437,3,4555,6175,268660361636693,138727404944055,330441768449298,268660361636693,2.644,7.204,3.176,2.644,300.214,111.51,214.047,300.214
1516,Pittsburgh,PA,40.4583253,-79.9116534,13684044535,4,4555,6175,268660361636693,3989187524503988,310389550656400,338545984361663,10.667,10.118,1.094,6.96,300.214,116.51,204.737,297.324
1517,Pittsburgh,PA,40.4583526,-79.9117011,13684044538,3,4555,6175,268660361636693,3989187524503988,310389550656400,338545984361663,14.002,10.551,5.738,7.45,300.214,116.51,204.737,297.324
1518,Pittsburgh,PA,40.4583551,-79.9083738,12090931280,4,4555,6175,1136603290184557,470247910866465,209100301025760,2582104442085332,9.317,10.289,4.22,6.084,27.773,33.592,209.283,213.015
1519,Pittsburgh,PA,40.458378,-79.9084648,13684020999,3,4555,6175,1136603290184557,470247910866465,764938790889082,2582104442085332,17.186,16.353,10.592,13.246,27.773,33.592,206.195,213.015
1520,Pittsburgh,PA,40.4583846,-79.9083542,13684020982,3,4555,6175,1136603290184557,135677955264872,1945550742264616,2582104442085332,8.28,9.735,2.259,8.693,27.773,30.6,208.394,213.015
1521,Pittsburgh,PA,40.4584053,-79.9084667,13684020979,4,4555,6175,1136603290184557,470247910866465,1945550742264616,2582104442085332,18.02,18.851,10.832,15.358,27.773,33.592,208.394,213.015
1522,Pittsburgh,PA,40.4584307,-79.9083213,13684020984,4,4555,6175,188880729722027,188880729722027,1945550742264616,2582104442085332,8.566,8.566,3.6,13.8,30.607,30.607,208.394,213.015
1523,Pittsburgh,PA,40.4584478,-79.9084698,13684044501,4,4555,6175,1136603290184557,306264730941434,1945550742264616,164399105615074,20.19,32.096,12.237,25.741,27.773,96.834,208.394,252.291
1524,Pittsburgh,PA,40.4584539,-79.9083834,13684021000,3,4555,6175,1136603290184557,188880729722027,1945550742264616,164399105615074,14.846,14.221,6.972,24.095,27.773,30.607,208.394,252.291
1525,Pittsburgh,PA,40.4584735,-79.9076851,8254291811,3,4555,6175,159581542833529,127130962719065,1628168234060200,185625113421788,31.365,13.333,17.737,16.496,27.957,106.265,206.18,271.101
1526,Pittsburgh,PA,40.4585026,-79.9078805,8254291813,3,4555,6175,159581542833529,916468782535982,1628168234060200,296701752092959,17.29,12.798,19.185,19.298,27.957,101.851,206.18,279.151
1527,Pittsburgh,PA,40.4585245,-79.9076446,12269890668,4,4555,6175,159581542833529,127130962719065,1628168234060200,185625113421788,31.659,6.887,13.634,11.072,27.957,106.265,206.18,271.101
1528,Pittsburgh,PA,40.4585554,-79.9082313,13684020987,4,4555,6175,1965636256920025,306264730941434,334917771299827,469277294134880,7.706,13.746,4.988,20.229,349.864,96.834,208.163,279.513
1529,Pittsburgh,PA,40.4585659,-79.9078548,12269890669,4,4555,6175,159581542833529,916468782535982,1628168234060200,296701752092959,13.715,5.922,12.919,12.098,27.957,101.851,206.18,279.151
1530,Pittsburgh,PA,40.4585951,-79.9083354,13684044505,4,4555,6175,1965636256920025,306264730941434,320608482782947,164399105615074,17.528,12.192,9.774,9.462,349.864,96.834,157.746,252.291
1531,Pittsburgh,PA,40.4585985,-79.90799,12090931226,3,4555,6175,159581542833529,240583521194291,276337624235924,478445530274936,3.93,4.408,11.01,10.86,27.957,104.362,205.563,283.64
1532,Pittsburgh,PA,40.4586071,-79.9079911,13684020991,3,4555,6175,159581542833529,240583521194291,276337624235924,478445530274936,2.974,3.447,10.656,10.195,27.957,104.362,205.563,283.64
1533,Pittsburgh,PA,40.4586245,-79.908428,13684044502,3,4555,6175,540487934024937,836700347229084,320608482782947,164399105615074,11.353,9.229,10.656,6.184,55.754,66.672,157.746,252.291
1534,Pittsburgh,PA,40.4586423,-79.9081798,13684020992,3,4555,6175,1965636256920025,306264730941434,276337624235924,469277294134880,12.622,6.657,5.782,9.642,349.864,96.834,205.563,279.513
1535,Pittsburgh,PA,40.4586473,-79.9081701,12090931223,3,4555,6175,1965636256920025,306264730941434,276337624235924,469277294134880,13.009,7.033,5.172,8.855,349.864,96.834,205.563,279.513
1536,Pittsburgh,PA,40.4586612,-79.9085446,13684044503,3,4555,6175,540487934024937,596875107938773,320608482782947,164399105615074,17.283,7.518,18.478,13.369,55.754,111.641,157.746,252.291
1537,Pittsburgh,PA,40.4586758,-79.9083051,13684020993,4,4555,6175,540487934024937,306264730941434,320608482782947,164399105615074,5.138,5.33,2.093,6.959,55.754,96.834,157.746,252.291
1538,Pittsburgh,PA,40.4587085,-79.9078684,12090931225,3,4555,6175,2976856062525813,916468782535982,300032358463694,296701752092959,5.618,10.122,6.926,4.053,28.737,101.851,200.903,279.151
1539,Pittsburgh,PA,40.4587219,-79.9085238,13684020996,4,4555,6175,540487934024937,596875107938773,320608482782947,530733014607687,14.835,2.054,17.122,10.304,55.754,111.641,157.746,283.343
1540,Pittsburgh,PA,40.4587697,-79.9080795,12090931224,3,4555,6175,209954600643085,2972582629697663,963646024395323,467496261174690,12.645,13.538,2.707,5.178,22.642,104.362,209.279,282.265
1541,Pittsburgh,PA,40.4588276,-79.913121,105809918,4,4555,6175,150428073762646,219054749703231,886842558561168,330221405156263,11.349,8.658,4.789,4.354,26.73,108.598,221.484,292.554
1542,Pittsburgh,PA,40.4588691,-79.9085504,13675747909,3,4555,6175,540487934024937,251665333411116,320608482782947,2884335518476184,24.749,13.852,27.981,3.211,55.754,112.383,157.746,282.966
1543,Pittsburgh,PA,40.458882,-79.9130861,12836778967,4,4555,6175,150428073762646,219054749703231,886842558561168,330221405156263,4.715,12.044,8.302,10.972,26.73,108.598,221.484,292.554
1544,Pittsburgh,PA,40.4589102,-79.9131556,13684044530,3,4555,6175,150428073762646,219054749703231,886842558561168,2560554440920746,6.934,8.994,7.265,9.241,26.73,108.598,221.484,301.602
1545,Pittsburgh,PA,40.4593492,-79.914453,105805825,3,4555,6175,776149393091364,301482178214405,308987214006398,776149393091364,0.795,2.939,3.574,0.795,309.719,117.616,166.849,309.719
1546,Pittsburgh,PA,40.4593849,-79.9143566,13684044526,3,4555,6175,776149393091364,301482178214405,317137453339832,776149393091364,8.851,9.053,2.849,8.851,309.719,117.616,207.336,309.719
1547,Pittsburgh,PA,40.4594274,-79.9144627,13684044512,3,4555,6175,776149393091364,301482178214405,308987214006398,776149393091364,7.94,11.37,10.238,7.94,309.719,117.616,166.849,309.719
1548,Pittsburgh,PA,40.459534,-79.911345,13684044552,4,4555,6175,522415138770783,766460304062563,745813946101084,493952691924097,17.375,12.102,7.514,12.012,312.291,121.607,171.147,276.831
1549,Pittsburgh,PA,40.4595465,-79.9113879,13684044568,4,4555,6175,522415138770783,766460304062563,745813946101084,493952691924097,14.611,8.235,5.211,11.137,312.291,121.607,171.147,276.831
1550,Pittsburgh,PA,40.4595616,-79.9114394,12836704998,4,4555,6175,522415138770783,766460304062563,745813946101084,493952691924097,12.125,3.646,5.656,11.808,312.291,121.607,171.147,276.831
1551,Pittsburgh,PA,40.4596536,-79.9112858,13684044548,3,4555,6175,522415138770783,766460304062563,745813946101084,493952691924097,13.582,19.358,19.905,5.437,312.291,121.607,171.147,276.831
1552,Pittsburgh,PA,40.4596815,-79.9117981,12836769604,4,4555,6175,522415138770783,308731664186499,298641258418611,469671764130818,29.917,5.163,15.198,10.428,312.291,111.998,120.447,294.058
1553,Pittsburgh,PA,40.4596833,-79.911374,13684044553,3,4555,6175,522415138770783,2970253789967750,745813946101084,493952691924097,6.154,19.186,19.668,5.084,312.291,102.183,171.147,276.831
1554,Pittsburgh,PA,40.4598926,-79.9124198,12836769607,4,4555,6175,1296217217440573,137468891736230,517450086121282,152327246849224,6.517,5.295,5.285,10.884,16.837,91.674,149.864,288.27
1555,Pittsburgh,PA,40.4599168,-79.91249,13684044575,4,4555,6175,1296217217440573,137468891736230,517450086121282,152327246849224,8.73,11.78,8.221,8.969,16.837,91.674,149.864,288.27
1556,Pittsburgh,PA,40.4599918,-79.9071944,4574047696,4,4555,6175,500082994445478,2844737455791280,2930122913928833,547159703130428,4.089,12.819,5.499,6.506,3.058,46.753,160.227,210.064
1557,Pittsburgh,PA,40.460036,-79.9124205,13684044571,3,4555,6175,1296217217440573,137468891736230,517450086121282,152327246849224,21.812,19.376,20.794,5.557,16.837,91.674,149.864,288.27
1558,Pittsburgh,PA,40.4603521,-79.9137778,13684044518,3,4555,6175,377367556935301,577077643293150,1109421022895255,438855057470465,19.352,14.12,11.166,14.593,44.412,81.851,197.111,274.641
1559,Pittsburgh,PA,40.4603913,-79.9138845,13200092849,4,4555,6175,377367556935301,577077643293150,1109421022895255,438855057470465,9.343,4.226,6.887,14.511,44.412,81.851,197.111,274.641
1560,Pittsburgh,PA,40.4604432,-79.913822,7487369025,4,4555,6175,377367556935301,577077643293150,1109421022895255,438855057470465,14.208,10.764,14.327,6.706,44.412,81.851,197.111,274.641
1561,Pittsburgh,PA,40.4605692,-79.9141918,12901440736,3,4555,6175,377367556935301,948484762631950,774935266717834,947691242654625,23.836,4.946,12.065,4.752,44.412,118.395,121.062,293.989
1562,Pittsburgh,PA,40.4606439,-79.9138545,12901440731,4,4555,6175,377367556935301,577077643293150,1109421022895255,438855057470465,27.162,28.254,34.989,19.541,44.412,81.851,197.111,274.641
1563,Pittsburgh,PA,40.4606772,-79.9140573,12901440738,3,4555,6175,377367556935301,948484762631950,774935266717834,767764230569973,29.031,21.201,21.998,12.432,44.412,118.395,121.062,292.504
1564,Pittsburgh,PA,40.4607043,-79.9140411,12901440739,3,4555,6175,377367556935301,948484762631950,774935266717834,767764230569973,31.762,24.427,25.226,15.742,44.412,118.395,121.062,292.504
1565,Pittsburgh,PA,40.4614692,-79.9034979,8856109036,3,4555,6175,4155967771127897,319171776448200,888287148396459,1207968662944138,7.054,3.957,6.097,9.55,307.374,135.102,150.84,293.889
1566,Pittsburgh,PA,40.46154,-79.9079722,13200158012,4,4555,6175,977617362975775,486438922691971,500745800970125,1029392050799002,19.052,4.999,8.207,15.785,338.161,101.76,166.163,258.763
1567,Pittsburgh,PA,40.4615727,-79.9078334,13200153000,3,4555,6175,977617362975775,486438922691971,500745800970125,1029392050799002,19.471,9.667,8.002,9.365,338.161,101.76,166.163,258.763
1568,Pittsburgh,PA,40.4615756,-79.9078461,13200158002,3,4555,6175,977617362975775,486438922691971,500745800970125,1029392050799002,18.571,8.571,7.791,8.834,338.161,101.76,166.163,258.763
1569,Pittsburgh,PA,40.4616463,-79.9080196,13200158008,3,4555,6175,977617362975775,4227467993977042,500745800970125,481063936449899,8.196,7.323,18.951,9.345,338.161,75.349,166.163,289.801
1570,Pittsburgh,PA,40.4616649,-79.9080075,13200152986,3,4555,6175,977617362975775,818373032388849,500745800970125,481063936449899,5.89,7.636,20.071,8.365,338.161,68.53,166.163,289.801
1571,Pittsburgh,PA,40.4616842,-79.9078955,13200158004,4,4555,6175,977617362975775,3963733727080863,500745800970125,1029392050799002,7.295,5.946,19.251,4.414,338.161,69.232,166.163,258.763
1572,Pittsburgh,PA,40.4617082,-79.9074045,13200152969,4,4555,6175,155904333159462,488020925842927,974812526663419,160149336071805,14.576,7.63,17.56,7.361,34.869,69.609,122.226,248.182
1573,Pittsburgh,PA,40.4618136,-79.9074445,13200152983,4,4555,6175,155904333159462,488020925842927,974812526663419,564694874503400,13.524,7.565,15.115,5.573,34.869,69.609,122.226,246.981
1574,Pittsburgh,PA,40.4619761,-79.9069623,13200152978,4,4555,6175,498025104734176,301844648111413,521296665915806,489436648772992,19.894,8.135,9.521,6.601,56.527,66.278,236.09,243.306
1575,Pittsburgh,PA,40.4622133,-79.9137337,13200107103,4,4555,6175,938662736894902,487898035739964,487898035739964,938662736894902,29.577,6.015,6.015,29.577,304.516,140.881,140.881,304.516
1576,Pittsburgh,PA,40.4622149,-79.90648,13200152974,4,4555,6175,463297898100725,139595074861471,202433845041975,202433845041975,9.179,9.252,5.623,5.623,54.713,56.511,237.987,237.987
1577,Pittsburgh,PA,40.4622529,-79.9061367,13200152966,3,4555,6175,3070577176559829,380140903281348,469752960947426,517354042960579,0.694,2.379,2.003,5.228,0.0,79.967,180.0,272.499
1578,Pittsburgh,PA,40.462282,-79.9138065,13200107132,4,4555,6175,938662736894902,487898035739964,2554231914871556,938662736894902,19.911,10.564,7.155,19.911,304.516,140.881,150.847,304.516
1579,Pittsburgh,PA,40.4623537,-79.9136966,13200107136,4,4555,6175,938662736894902,487898035739964,2554231914871556,938662736894902,20.726,11.097,7.445,20.726,304.516,140.881,150.847,304.516
1580,Pittsburgh,PA,40.4623633,-79.9139024,13200107147,4,4555,6175,938662736894902,1174951019620342,1174951019620342,938662736894902,8.782,6.421,6.421,8.782,304.516,138.079,138.079,304.516
1581,Pittsburgh,PA,40.4624407,-79.9137941,13194840209,4,4555,6175,938662736894902,1174951019620342,1174951019620342,938662736894902,10.01,6.995,6.995,10.01,304.516,138.079,138.079,304.516
1582,Pittsburgh,PA,40.4625803,-79.9025748,104591898,3,4555,6175,464820664741301,464820664741301,566290027676161,566290027676161,3.832,3.832,1.976,1.976,39.497,39.497,215.686,215.686
1583,Pittsburgh,PA,40.4629149,-79.9022315,104591909,3,4555,6175,536150150880590,254869086424193,288901652883057,1169436886860261,5.623,9.56,5.663,2.631,351.131,136.326,179.216,302.136
1584,Pittsburgh,PA,40.4631912,-79.904499,105969123,3,4555,6175,1389279581459264,4182027438495791,1630345673827086,1630345673827086,8.173,3.668,4.348,4.348,47.448,78.212,236.048,236.048
1585,Pittsburgh,PA,40.4635496,-79.9033178,105847143,4,4555,6175,221433126100856,1469864090072117,735432760486020,809163023341118,10.559,3.367,5.593,4.359,334.725,71.711,131.157,267.769
1586,Pittsburgh,PA,40.4470302,-79.8906675,6092379762,3,4556,6175,491382398966781,785969362042192,258138776089107,1254155378335235,1.983,34.537,3.955,15.056,26.681,30.051,204.182,308.151
1587,Pittsburgh,PA,40.4472159,-79.8905599,105705713,3,4556,6175,1858059061038734,785969362042192,226946835455681,1254155378335235,3.828,12.001,4.153,31.89,21.449,30.051,204.432,308.151
1588,Pittsburgh,PA,40.4477799,-79.890939,12195898996,4,4556,6175,220892372800677,628641948095369,461515058293876,492734101850134,9.513,6.389,10.48,7.869,302.577,111.828,178.355,289.894
1589,Pittsburgh,PA,40.4478189,-79.8909143,8537148538,3,4556,6175,220892372800677,628641948095369,461515058293876,492734101850134,5.596,3.446,13.286,3.416,302.577,111.828,178.355,289.894
1590,Pittsburgh,PA,40.4506567,-79.8924507,12272068636,4,4556,6175,461637735137880,2587006584939145,383019269621002,291201682578654,6.481,9.03,17.026,19.776,24.064,39.977,210.998,311.208
1591,Pittsburgh,PA,40.4510195,-79.8923946,12272067172,3,4556,6175,302096878175385,492606648528480,383019269621002,383019269621002,14.972,15.228,26.513,26.513,26.908,40.388,210.998,210.998
1592,Pittsburgh,PA,40.4510944,-79.8921452,12272068638,3,4556,6175,1041575059709176,171263534920101,233967035169840,212868017075040,4.239,2.457,23.686,21.409,21.41,30.229,208.397,310.842
1593,Pittsburgh,PA,40.4511586,-79.8920825,12272068642,3,4556,6175,901538177087736,171263534920101,233967035169840,212868017075040,3.495,11.339,17.907,14.72,19.066,30.229,208.397,310.842
1594,Pittsburgh,PA,40.4513663,-79.8921448,12272067148,3,4556,6175,328433108628234,171263534920101,233967035169840,370404521081547,14.488,32.072,6.826,4.494,345.424,30.229,208.397,291.558
1595,Pittsburgh,PA,40.4519032,-79.8915814,12272067160,4,4556,6175,238140944734578,484790816167491,213304383677236,213304383677236,15.782,11.264,20.445,20.445,33.708,96.334,213.148,213.148
1596,Pittsburgh,PA,40.4519663,-79.8917343,12272067154,4,4556,6175,238140944734578,484790816167491,213304383677236,213304383677236,19.685,6.539,17.361,17.361,33.708,96.334,213.148,213.148
1597,Pittsburgh,PA,40.4520393,-79.8916782,12272067158,4,4556,6175,238140944734578,484790816167491,457298955461262,457298955461262,13.274,6.268,9.906,9.906,33.708,96.334,211.555,211.555
1598,Pittsburgh,PA,40.4527146,-79.8666589,2853420514,4,4557,6175,837693253670344,837693253670344,177687737564289,177687737564289,9.213,9.213,4.52,4.52,58.717,58.717,235.422,235.422
1599,Pittsburgh,PA,40.4552972,-79.8581212,105994885,3,4557,6175,185594999964653,988824178587378,329097271940121,961102164428604,5.252,23.324,7.563,13.241,11.25,108.369,219.161,267.082
1600,Pittsburgh,PA,40.4556225,-79.8579721,106313224,3,4557,6175,283772556800513,988824178587378,2927162097572943,2927162097572943,2.712,15.592,5.207,5.207,21.425,108.369,217.763,217.763
1601,Pittsburgh,PA,40.4562101,-79.8577022,106313234,3,4557,6175,301919414650352,189985189620439,495512588293982,307405824078573,5.642,11.351,2.703,16.21,357.221,33.628,195.946,283.775
1602,Pittsburgh,PA,40.4413188,-80.0807269,11924650878,4,4547,6176,1111631399318086,1453360958358235,1351631411879288,758439678160050,6.069,15.639,15.026,13.819,345.272,107.936,172.568,309.887
1603,Pittsburgh,PA,40.4432214,-80.0817755,11924650882,4,4547,6176,406829787351974,406829787351974,463844401579056,928269608025799,8.583,8.583,16.78,12.434,52.279,52.279,239.887,241.239
1604,Pittsburgh,PA,40.4434078,-80.0813569,11924650881,4,4547,6176,165841055473168,480463876539008,3906896919427227,479725436574860,29.181,10.451,24.171,13.138,58.95,63.083,222.182,242.675
1605,Pittsburgh,PA,40.4436124,-80.0809039,11924650880,4,4547,6176,165841055473168,483236706216704,833709074188106,215072720178336,18.456,9.123,20.208,10.525,58.95,60.171,239.632,250.669
1606,Pittsburgh,PA,40.4468742,-80.0841766,105908005,4,4547,6176,316455883416869,2609996285962818,212355187150844,2332284020236009,7.158,3.623,9.523,11.064,54.412,69.348,164.257,284.489
1607,Pittsburgh,PA,40.4420122,-80.0638195,105684374,3,4548,6176,1139060153239921,472855317120480,208635217562531,303909468070443,6.753,4.706,4.225,7.977,56.657,68.777,156.714,235.14
1608,Pittsburgh,PA,40.4422989,-80.0632947,104847997,3,4548,6176,291123936037962,297584311899702,1928255823991343,291123936037962,3.118,2.652,7.212,3.118,326.87,68.813,138.3,326.87
1609,Pittsburgh,PA,40.4354308,-80.0280418,7866723945,3,4549,6176,487333832582860,251775850034421,313978596933140,375697293819423,15.919,10.355,3.246,2.997,309.788,114.254,180.0,257.1
1610,Pittsburgh,PA,40.435748,-80.0298296,7866723919,3,4549,6176,135175888647748,309689217395363,2958075801181504,3061965187367819,20.786,5.73,4.3,13.086,358.317,91.922,157.77,266.193
1611,Pittsburgh,PA,40.435968,-80.0337605,104582441,3,4549,6176,960765504693033,469922094090435,480380383205980,466153217791527,32.85,34.477,34.769,32.785,352.662,149.669,159.881,318.303
1612,Pittsburgh,PA,40.4364271,-80.0297588,7866723982,3,4549,6176,2903408513309192,549367319387365,482127486433598,292030085933944,3.516,10.377,3.387,3.831,353.589,75.143,192.315,222.658
1613,Pittsburgh,PA,40.4364703,-80.0297446,7866723913,3,4549,6176,2903408513309192,1164397457398804,254521776426108,292030085933944,8.456,4.674,3.029,8.78,353.589,47.081,208.817,222.658
1614,Pittsburgh,PA,40.4368201,-80.0305567,2322619211,3,4549,6176,142286644590792,1201118336973796,579609250095435,143358314440388,7.655,7.222,9.264,5.516,6.016,66.958,176.253,246.159
1615,Pittsburgh,PA,40.4369773,-80.0302277,2322619194,3,4549,6176,627498488648972,342024264261108,510420806775292,311746073665197,8.452,7.51,5.091,6.8,12.315,58.586,187.616,257.47
1616,Pittsburgh,PA,40.4370431,-80.0291924,7866723920,3,4549,6176,297726565288076,887799032078652,491049708781037,769746500355946,6.993,18.849,6.993,21.016,4.162,86.391,184.991,248.564
1617,Pittsburgh,PA,40.4380904,-80.0304116,2322619182,3,4549,6176,776015986437155,776015986437155,532003731297178,500886444562065,4.614,4.614,5.013,22.89,47.506,47.506,169.763,309.283
1618,Pittsburgh,PA,40.4383262,-80.030562,2322633918,3,4549,6176,500886444562065,814204369195302,492224055232751,500886444562065,6.357,9.815,12.347,6.357,309.283,68.355,147.602,309.283
1619,Pittsburgh,PA,40.4392085,-80.0333889,7129611325,3,4549,6176,156204333131668,475663690355752,498942767918934,398810768364763,4.396,2.267,3.433,10.114,2.516,90.954,193.659,265.666
1620,Pittsburgh,PA,40.4399442,-80.0332499,2993405834,3,4549,6176,2530760550402454,2909810412589328,528450934997767,456234715672679,8.796,19.563,6.083,20.206,8.161,123.106,184.422,321.971
1621,Pittsburgh,PA,40.4404467,-80.0305512,2323714266,3,4549,6176,1167546087047732,1124284911400028,473894657165265,510631790306238,18.777,4.533,10.291,1.967,27.941,90.937,204.942,264.986
1622,Pittsburgh,PA,40.4404828,-80.0306319,1808934882,4,4549,6176,1167546087047732,1124284911400028,473894657165265,510631790306238,24.333,11.135,6.479,6.969,27.941,90.937,204.942,264.986
1623,Pittsburgh,PA,40.441919,-80.0319009,8057594263,4,4549,6176,243781560872968,318508029899784,453809265917994,453809265917994,12.793,9.939,10.661,10.661,57.508,65.894,239.902,239.902
1624,Pittsburgh,PA,40.442578,-80.0306429,12086391343,3,4549,6176,3584648554974010,3584648554974010,470546760892764,290051712828329,7.242,7.242,19.673,19.004,55.215,55.215,185.278,217.108
1625,Pittsburgh,PA,40.4426977,-80.0308239,8057594239,3,4549,6176,3584648554974010,1437956546555628,470546760892764,290051712828329,14.595,16.02,3.197,13.726,55.215,101.585,185.278,217.108
1626,Pittsburgh,PA,40.442982,-80.0291184,8057594250,3,4549,6176,301063432200596,1435850753424534,536737664767812,536737664767812,6.853,1.87,5.687,5.687,44.132,69.1,236.085,236.085
1627,Pittsburgh,PA,40.4430229,-80.029146,5000839255,3,4549,6176,935143267299435,1435850753424534,308206477603786,536737664767812,7.833,4.919,19.804,10.66,38.524,69.1,180.259,236.085
1628,Pittsburgh,PA,40.4441451,-80.0278153,6013504281,4,4549,6176,178961114121344,242331680995010,242331680995010,1476870632655733,21.653,24.825,24.825,13.215,347.348,130.979,130.979,299.099
1629,Pittsburgh,PA,40.4442716,-80.0279854,5000839290,3,4549,6176,1715704978631682,492858462133391,2873588686226914,1265712570510910,6.965,25.734,18.495,18.065,8.329,130.542,214.223,300.56
1630,Pittsburgh,PA,40.4443828,-80.0284876,5000839331,3,4549,6176,332482591626669,1362990424071037,1362990424071037,523895918615307,2.56,8.206,8.206,2.874,301.869,127.744,127.744,296.011
1631,Pittsburgh,PA,40.4444473,-80.0282609,7330283625,3,4549,6176,5495972390478137,583072669266442,301612081516668,528171338199585,21.15,26.45,12.815,13.933,20.57,128.897,205.5,261.397
1632,Pittsburgh,PA,40.444544,-80.028882,5000839327,3,4549,6176,1569747607615203,1026269374866895,1026269374866895,1170395086761951,4.481,2.934,2.934,10.94,344.0,126.11,126.11,277.989
1633,Pittsburgh,PA,40.4445628,-80.0284344,7330283663,4,4549,6176,332482591626669,953105765465001,301612081516668,817661605623622,21.173,28.657,30.832,22.933,301.869,126.438,205.5,286.505
1634,Pittsburgh,PA,40.4445846,-80.0287072,5000839334,4,4549,6176,1344903580738895,1026269374866895,1026269374866895,296116715498076,21.875,16.996,16.996,16.685,358.0,126.11,126.11,269.498
1635,Pittsburgh,PA,40.4447478,-80.028994,5000839335,3,4549,6176,910840028310200,202041405091628,1907456909430456,1577933346815171,13.932,17.486,17.37,0.169,303.0,127.588,129.71,288.0
1636,Pittsburgh,PA,40.4447811,-80.0281935,7330283665,3,4549,6176,924225141745882,386643825911009,152825003476966,468460127742672,29.81,21.657,20.61,24.143,22.912,105.469,206.236,211.356
1637,Pittsburgh,PA,40.4303189,-80.0065512,13597281050,4,4550,6176,316139503419101,583609695907903,1390261844682840,159034059497682,14.26,16.5,9.907,10.676,11.692,96.921,195.209,289.887
1638,Pittsburgh,PA,40.4305823,-80.0026686,7221296732,3,4550,6176,295417525412989,533463864316532,304884377913561,774010630151700,6.642,5.984,9.913,3.387,0.0,72.389,209.057,298.777
1639,Pittsburgh,PA,40.4306427,-80.0026021,4568365578,3,4550,6176,295417525412989,311166163893569,4244080415625091,979053612921392,10.274,6.377,15.043,7.108,0.0,82.388,191.435,261.502
1640,Pittsburgh,PA,40.4317014,-80.0035715,4836768124,4,4550,6176,987705498704008,224036105789143,842177133314042,944316606359020,15.281,22.758,16.273,21.184,24.204,71.884,170.568,270.0
1641,Pittsburgh,PA,40.431799,-80.0034777,4608877853,3,4550,6176,538469623833017,955954111820801,955954111820801,538469623833017,12.038,8.153,8.153,12.038,305.024,124.017,124.017,305.024
1642,Pittsburgh,PA,40.4318153,-80.0034627,6033850405,3,4550,6176,538469623833017,955954111820801,955954111820801,538469623833017,9.911,5.968,5.968,9.911,305.024,124.017,124.017,305.024
1643,Pittsburgh,PA,40.4320163,-80.0035162,7223399851,3,4550,6176,4016795171735855,284712146623777,1147275719103414,282505826912893,19.228,14.744,12.249,12.708,346.297,88.01,188.924,268.416
1644,Pittsburgh,PA,40.4320811,-80.0039986,6033850175,3,4550,6176,315148570124642,152305983527787,208357830925668,315148570124642,10.543,15.346,12.119,10.543,303.371,135.308,186.683,303.371
1645,Pittsburgh,PA,40.4321117,-80.0040761,1460700250,4,4550,6176,315148570124642,201741905122273,208357830925668,315148570124642,10.39,27.801,16.687,10.39,303.371,88.948,186.683,303.371
1646,Pittsburgh,PA,40.4321434,-80.003692,1508795736,4,4550,6176,1760426124161060,3978616998895114,1147275719103414,282505826912893,3.111,4.629,8.816,8.422,7.428,89.331,188.924,268.416
1647,Pittsburgh,PA,40.4321476,-80.0039403,271201214,4,4550,6176,315148570124642,201741905122273,208357830925668,315148570124642,4.979,22.265,4.729,4.979,303.371,88.948,186.683,303.371
1648,Pittsburgh,PA,40.4321691,-80.0035447,539750090,4,4550,6176,1760426124161060,284712146623777,308940584031659,282505826912893,12.412,2.476,4.093,13.157,7.428,88.01,195.374,268.416
1649,Pittsburgh,PA,40.4321737,-80.0041824,6018148356,3,4550,6176,392519235215940,201741905122273,208357830925668,506755317120132,11.549,26.646,25.395,17.66,306.06,88.948,186.683,278.262
1650,Pittsburgh,PA,40.4321793,-80.0034987,7223399855,4,4550,6176,1760426124161060,284712146623777,308940584031659,282505826912893,16.327,5.418,8.136,16.658,7.428,88.01,195.374,268.416
1651,Pittsburgh,PA,40.4321951,-80.003809,1460700252,4,4550,6176,1760426124161060,3978616998895114,208357830925668,1392260394479786,10.304,15.817,8.338,10.028,7.428,89.331,186.683,302.193
1652,Pittsburgh,PA,40.4322045,-80.0033537,6866171819,3,4550,6176,1760426124161060,284712146623777,135942418568497,282505826912893,28.812,17.529,15.588,28.271,7.428,88.01,210.975,268.416
1653,Pittsburgh,PA,40.432223,-80.0038672,1460700255,4,4550,6176,1131510733984779,201741905122273,475684757096090,308746257329107,14.665,16.074,3.066,14.371,10.398,88.948,200.792,266.813
1654,Pittsburgh,PA,40.4322519,-80.0039293,1460700261,4,4550,6176,1131510733984779,201741905122273,142955881188903,308746257329107,8.983,10.991,10.777,8.771,10.398,88.948,171.254,266.813
1655,Pittsburgh,PA,40.4322977,-80.0040544,6033100561,3,4550,6176,1131510733984779,201741905122273,142955881188903,506755317120132,6.795,9.348,10.098,1.503,10.398,88.948,171.254,278.262
1656,Pittsburgh,PA,40.4322979,-80.0040309,6033100559,3,4550,6176,1131510733984779,201741905122273,142955881188903,506755317120132,5.03,7.808,8.481,1.186,10.398,88.948,171.254,278.262
1657,Pittsburgh,PA,40.4323036,-80.0034546,7223399887,3,4550,6176,677894236312897,284712146623777,196983302243478,196983302243478,15.006,19.083,3.318,3.318,25.787,88.01,210.845,210.845
1658,Pittsburgh,PA,40.4323134,-80.0035079,2014368192,4,4550,6176,677894236312897,284712146623777,196983302243478,196983302243478,10.58,18.802,1.324,1.324,25.787,88.01,210.845,210.845
1659,Pittsburgh,PA,40.4323215,-80.0035586,6033825364,3,4550,6176,677894236312897,284712146623777,196983302243478,196983302243478,6.751,19.444,5.706,5.706,25.787,88.01,210.845,210.845
1660,Pittsburgh,PA,40.4323821,-80.003942,6033100555,3,4550,6176,1126346771198825,201741905122273,142955881188903,308746257329107,3.759,4.362,4.041,7.217,349.37,88.948,171.254,266.813
1661,Pittsburgh,PA,40.4324343,-80.0043009,6033100511,3,4550,6176,327737728775879,201741905122273,142955881188903,327737728775879,2.673,30.051,30.912,2.673,307.366,88.948,171.254,307.366
1662,Pittsburgh,PA,40.4325393,-80.0038156,6033100506,3,4550,6176,1126346771198825,5445057238898095,1130870487412340,295468365449190,24.22,13.78,2.93,4.135,349.37,114.097,209.812,210.438
1663,Pittsburgh,PA,40.4326034,-80.0037665,6033100524,4,4550,6176,373279440743742,5445057238898095,815258362418432,220403239562044,17.983,12.252,1.825,7.462,25.91,114.097,207.446,210.316
1664,Pittsburgh,PA,40.4326046,-80.0032419,7223399724,3,4550,6176,824234998472292,3037277389930866,260823055435552,177710247590908,14.679,6.994,1.545,3.154,20.314,119.789,190.815,214.361
1665,Pittsburgh,PA,40.4326083,-80.0036805,1446495580,3,4550,6176,293937445797378,5445057238898095,815258362418432,220403239562044,20.146,19.065,5.475,5.487,21.874,114.097,207.446,210.316
1666,Pittsburgh,PA,40.4326158,-80.003971,6033100507,3,4550,6176,373279440743742,5445057238898095,959668564778754,387830502459117,16.369,6.793,8.568,13.749,25.91,114.097,201.277,213.08
1667,Pittsburgh,PA,40.4326522,-80.0032734,7223399725,4,4550,6176,362782188516068,2171359539832186,802678763695313,767575610788359,10.475,2.765,5.028,10.743,18.994,118.183,186.949,253.537
1668,Pittsburgh,PA,40.4326523,-80.0037317,6033100525,3,4550,6176,373279440743742,5445057238898095,220403239562044,220403239562044,15.692,14.312,2.058,2.058,25.91,114.097,210.316,210.316
1669,Pittsburgh,PA,40.4326639,-80.0040235,6033100499,3,4550,6176,373279440743742,5445057238898095,959668564778754,387830502459117,15.432,10.617,7.369,12.065,25.91,114.097,201.277,213.08
1670,Pittsburgh,PA,40.4326798,-80.0038111,6033100523,3,4550,6176,373279440743742,5445057238898095,959668564778754,220403239562044,8.804,8.499,11.258,9.261,25.91,114.097,201.277,210.316
1671,Pittsburgh,PA,40.4326877,-80.003153,7223399729,4,4550,6176,1253691345089615,309171610776175,802678763695313,767575610788359,2.285,1.31,7.427,3.57,305.331,123.882,186.949,253.537
1672,Pittsburgh,PA,40.432699,-80.0033186,6033825360,4,4550,6176,882783985899616,2171359539832186,802678763695313,4031730156915764,5.23,5.944,6.669,4.71,22.659,118.183,186.949,299.148
1673,Pittsburgh,PA,40.4327034,-80.0038701,1446495591,4,4550,6176,373279440743742,5445057238898095,959668564778754,387830502459117,4.417,6.982,6.385,4.626,25.91,114.097,201.277,213.08
1674,Pittsburgh,PA,40.4327132,-80.0040238,6033100492,3,4550,6176,373279440743742,5445057238898095,959668564778754,387830502459117,13.13,12.896,7.276,9.724,25.91,114.097,201.277,213.08
1675,Pittsburgh,PA,40.4327225,-80.0032224,539750068,3,4550,6176,295223405517850,472465224036188,802678763695313,767575610788359,2.37,0.538,3.937,4.001,313.467,124.751,186.949,253.537
1676,Pittsburgh,PA,40.4327499,-80.0032754,7223399726,4,4550,6176,168125091994716,472465224036188,497983124686413,4031730156915764,6.201,5.408,4.366,2.029,21.493,124.751,194.29,299.148
1677,Pittsburgh,PA,40.4327547,-80.0039849,6033100491,3,4550,6176,373279440743742,5445057238898095,959668564778754,387830502459117,9.5,14.132,8.01,6.777,25.91,114.097,201.277,213.08
1678,Pittsburgh,PA,40.4327592,-80.0031204,7223399755,3,4550,6176,512873203202131,164362978963134,830838597791084,230691215523462,8.631,2.474,5.59,0.715,323.64,101.263,190.642,289.301
1679,Pittsburgh,PA,40.4327655,-80.0033056,6033825352,3,4550,6176,168125091994716,2903546263230309,497983124686413,4031730156915764,3.115,11.327,7.296,3.685,21.493,86.209,194.29,299.148
1680,Pittsburgh,PA,40.432781,-80.0031725,7223399825,3,4550,6176,512873203202131,164362978963134,171748741619169,315400870113382,5.345,7.501,3.091,3.039,323.64,101.263,201.742,295.116
1681,Pittsburgh,PA,40.4328978,-80.003653,6033100494,3,4550,6176,339739744203033,741868486490605,944532119696418,160799365989065,10.033,5.378,1.639,3.943,0.0,42.493,157.827,283.906
1682,Pittsburgh,PA,40.4329315,-80.0037012,4081644949,4,4550,6176,339739744203033,741868486490605,944532119696418,160799365989065,7.458,2.55,5.451,2.654,0.0,42.493,157.827,283.906
1683,Pittsburgh,PA,40.4329536,-80.0030553,7223399826,4,4550,6176,1505875133077120,302720448077074,323137635918727,3840842195971639,13.293,18.43,7.801,17.872,24.697,87.324,193.128,287.58
1684,Pittsburgh,PA,40.4329686,-80.0036708,1446495590,4,4550,6176,339739744203033,741868486490605,944532119696418,160799365989065,2.597,2.859,6.881,4.197,0.0,42.493,157.827,283.906
1685,Pittsburgh,PA,40.4329725,-80.0037578,6033100410,3,4550,6176,339739744203033,377407650262727,944532119696418,160799365989065,8.973,8.334,11.915,8.766,0.0,45.615,157.827,283.906
1686,Pittsburgh,PA,40.4330043,-80.0037262,4081644948,4,4550,6176,339739744203033,477635633497549,1079048515838491,160799365989065,6.392,6.604,15.64,9.457,0.0,142.238,180.0,283.906
1687,Pittsburgh,PA,40.4330227,-80.0038446,6033100404,3,4550,6176,339739744203033,2818681228462553,477635633497549,160799365989065,16.606,7.777,8.057,17.973,0.0,125.419,142.238,283.906
1688,Pittsburgh,PA,40.4330429,-80.0036853,6032741614,3,4550,6176,339739744203033,477635633497549,1079048515838491,503069181005107,6.66,6.612,11.768,6.364,0.0,142.238,180.0,232.714
1689,Pittsburgh,PA,40.4330778,-80.0033864,1460622861,3,4550,6176,140427368072346,302720448077074,742689233066351,467980077619685,15.371,25.616,2.589,23.503,355.63,87.324,208.883,290.646
1690,Pittsburgh,PA,40.4330886,-80.0036467,6032741617,3,4550,6176,140427368072346,477635633497549,1079048515838491,503069181005107,6.708,10.28,10.24,8.723,355.63,142.238,180.0,232.714
1691,Pittsburgh,PA,40.4330992,-80.0037973,6032741625,3,4550,6176,339739744203033,2818681228462553,477635633497549,160799365989065,17.332,2.176,5.566,21.604,0.0,125.419,142.238,283.906
1692,Pittsburgh,PA,40.4331222,-80.0028386,7223399832,3,4550,6176,183277213563598,473775093831603,214241596931597,220431612883312,21.861,20.007,5.275,13.067,359.598,107.287,189.21,255.135
1693,Pittsburgh,PA,40.4331345,-80.0030561,7223399718,4,4550,6176,189315106380813,759546734921651,1391091947939113,220431612883312,5.085,16.761,2.483,24.032,20.06,33.058,202.575,255.135
1694,Pittsburgh,PA,40.4332122,-80.00273,7223399839,3,4550,6176,183277213563598,473775093831603,511955016611004,149433457167641,15.267,6.43,12.55,2.378,359.598,107.287,200.848,283.676
1695,Pittsburgh,PA,40.4332275,-80.0028928,7223399835,3,4550,6176,183277213563598,257508566163950,511955016611004,220431612883312,10.965,12.867,4.179,7.408,359.598,122.087,200.848,255.135
1696,Pittsburgh,PA,40.433305,-80.0032237,1460622865,3,4550,6176,308668777557248,766560301895511,215419826803980,330766386128004,16.364,20.163,3.713,20.368,28.757,98.012,207.586,283.448
1697,Pittsburgh,PA,40.4333056,-80.0032815,7808291248,4,4550,6176,189315106380813,766560301895511,215419826803980,302657509055504,22.363,20.878,1.187,21.442,20.06,98.012,207.586,290.767
1698,Pittsburgh,PA,40.4333877,-80.0033342,1508797969,3,4550,6176,1277211082974261,766560301895511,334045584796905,302657509055504,14.785,14.953,10.649,15.595,301.205,98.012,207.078,290.767
1699,Pittsburgh,PA,40.4334003,-80.0031441,1460700301,3,4550,6176,286621807648319,766560301895511,559364831718266,330766386128004,7.117,11.228,3.84,8.089,307.132,98.012,207.45,283.448
1700,Pittsburgh,PA,40.4334031,-80.0033754,6033825106,4,4550,6176,1277211082974261,766560301895511,334045584796905,1255936555072005,15.556,16.499,14.176,15.257,301.205,98.012,207.078,298.09
1701,Pittsburgh,PA,40.4334141,-80.0032195,1508797987,3,4550,6176,286621807648319,766560301895511,334045584796905,892900962175545,10.71,8.028,2.6,8.397,307.132,98.012,207.078,290.767
1702,Pittsburgh,PA,40.4334198,-80.0034144,1508797983,3,4550,6176,1721599991687540,766560301895511,334045584796905,1255936555072005,15.529,18.507,17.692,15.184,305.029,98.012,207.078,298.09
1703,Pittsburgh,PA,40.4340951,-80.0057978,6033100262,3,4550,6176,1208127899625020,2624078321226357,2624078321226357,2378686372263794,31.187,12.356,12.356,27.833,27.714,129.125,129.125,239.713
1704,Pittsburgh,PA,40.4340957,-80.0065644,6018107679,3,4550,6176,814721092479353,5506675826041447,2539157649721756,533826914452614,29.117,16.362,12.123,18.099,31.617,99.606,203.762,226.435
1705,Pittsburgh,PA,40.4341013,-80.0064186,6033100603,3,4550,6176,814721092479353,5506675826041447,2539157649721756,533826914452614,17.872,4.296,6.993,11.561,31.617,99.606,203.762,226.435
1706,Pittsburgh,PA,40.4341248,-80.0062804,6033100595,3,4550,6176,814721092479353,5506675826041447,2539157649721756,282945966854356,8.115,7.908,14.763,13.792,31.617,99.606,203.762,230.664
1707,Pittsburgh,PA,40.4341343,-80.0065273,6018107681,3,4550,6176,814721092479353,5506675826041447,2539157649721756,533826914452614,24.773,13.125,7.241,12.937,31.617,99.606,203.762,226.435
1708,Pittsburgh,PA,40.4341366,-80.0057923,6033100261,3,4550,6176,1208127899625020,2624078321226357,2624078321226357,2378686372263794,26.815,7.964,7.964,23.771,27.714,129.125,129.125,239.713
1709,Pittsburgh,PA,40.4341515,-80.0065112,6033100602,3,4550,6176,814721092479353,5506675826041447,2539157649721756,533826914452614,23.006,12.198,5.378,10.717,31.617,99.606,203.762,226.435
1710,Pittsburgh,PA,40.4341657,-80.0063514,6033100599,4,4550,6176,814721092479353,5506675826041447,2539157649721756,282945966854356,9.505,5.514,8.254,7.214,31.617,99.606,203.762,230.664
1711,Pittsburgh,PA,40.4341664,-80.0064972,6018107682,3,4550,6176,814721092479353,5506675826041447,2539157649721756,533826914452614,21.561,11.716,4.174,8.843,31.617,99.606,203.762,226.435
1712,Pittsburgh,PA,40.4341698,-80.0057539,4081644943,4,4550,6176,1208127899625020,2624078321226357,2624078321226357,2378686372263794,22.088,6.884,6.884,18.869,27.714,129.125,129.125,239.713
1713,Pittsburgh,PA,40.4341797,-80.0057744,3500353742,3,4550,6176,1208127899625020,2624078321226357,2624078321226357,2378686372263794,21.869,4.831,4.831,19.112,27.714,129.125,129.125,239.713
1714,Pittsburgh,PA,40.4341913,-80.0064734,6018107684,3,4550,6176,814721092479353,5506675826041447,2539157649721756,533826914452614,19.35,11.661,4.073,5.923,31.617,99.606,203.762,226.435
1715,Pittsburgh,PA,40.4341983,-80.0058066,4081644941,4,4550,6176,1208127899625020,2624078321226357,2624078321226357,2378686372263794,21.645,1.417,1.417,19.712,27.714,129.125,129.125,239.713
1716,Pittsburgh,PA,40.434208,-80.0057136,6032741437,3,4550,6176,1208127899625020,2624078321226357,2624078321226357,2378686372263794,16.89,9.096,9.096,13.429,27.714,129.125,129.125,239.713
1717,Pittsburgh,PA,40.4342186,-80.0064431,6033100596,4,4550,6176,814721092479353,5506675826041447,2539157649721756,533826914452614,17.033,12.537,6.545,3.517,31.617,99.606,203.762,226.435
1718,Pittsburgh,PA,40.4342196,-80.0057344,4081644942,4,4550,6176,1208127899625020,2624078321226357,2624078321226357,2378686372263794,16.369,7.511,7.511,13.56,27.714,129.125,129.125,239.713
1719,Pittsburgh,PA,40.4342422,-80.0058105,6016108219,3,4550,6176,1208127899625020,2624078321226357,2624078321226357,2378686372263794,18.292,4.252,4.252,17.461,27.714,129.125,129.125,239.713
1720,Pittsburgh,PA,40.4342465,-80.0064905,6033100584,3,4550,6176,919665565268889,5506675826041447,2539157649721756,533826914452614,25.724,17.286,10.262,8.543,13.653,99.606,203.762,226.435
1721,Pittsburgh,PA,40.43431,-80.0061508,6016108227,4,4550,6176,919665565268889,152952896838597,949654142475637,1478151462559438,4.301,9.403,11.239,13.419,13.653,79.656,178.249,212.381
1722,Pittsburgh,PA,40.4343283,-80.0062212,6033100601,4,4550,6176,919665565268889,152952896838597,949654142475637,1478151462559438,5.302,12.583,5.189,8.931,13.653,79.656,178.249,212.381
1723,Pittsburgh,PA,40.4343551,-80.0063238,4081644939,4,4550,6176,919665565268889,2305747442894274,949654142475637,1478151462559438,13.576,8.382,4.902,8.706,13.653,142.274,178.249,212.381
1724,Pittsburgh,PA,40.434359,-80.0061424,4081644940,4,4550,6176,948711319209903,152952896838597,949654142475637,1478151462559438,0.94,5.091,10.482,16.343,34.493,79.656,178.249,212.381
1725,Pittsburgh,PA,40.4343702,-80.0063917,6016108225,3,4550,6176,919665565268889,2305747442894274,949654142475637,282945966854356,19.361,10.725,10.68,15.793,13.653,142.274,178.249,230.664
1726,Pittsburgh,PA,40.4343831,-80.0062284,5913904311,5,4550,6176,919665565268889,152952896838597,949654142475637,1478151462559438,11.198,11.784,4.108,13.285,13.653,79.656,178.249,212.381
1727,Pittsburgh,PA,40.4344322,-80.0061271,6016108226,3,4550,6176,948711319209903,152952896838597,949654142475637,1478151462559438,9.117,6.594,14.254,22.726,34.493,79.656,178.249,212.381
1728,Pittsburgh,PA,40.4344338,-80.0063653,539281058,4,4550,6176,919665565268889,2305747442894274,949654142475637,1478151462559438,22.038,6.636,11.735,18.057,13.653,142.274,178.249,212.381
1729,Pittsburgh,PA,40.434498,-80.0063005,6016108216,4,4550,6176,919665565268889,2305747442894274,949654142475637,1478151462559438,25.277,8.157,15.62,24.431,13.653,142.274,178.249,212.381
1730,Pittsburgh,PA,40.4345227,-80.0062765,6016108215,3,4550,6176,948711319209903,2305747442894274,949654142475637,1478151462559438,21.886,10.872,18.116,27.274,34.493,142.274,178.249,212.381
1731,Pittsburgh,PA,40.434755,-80.0078306,6018107619,3,4550,6176,2694377917372924,1587788521425547,766540110642455,766540110642455,18.584,10.907,14.792,14.792,50.162,63.034,220.332,220.332
1732,Pittsburgh,PA,40.434796,-80.007789,6018107616,4,4550,6176,2694377917372924,1587788521425547,766540110642455,766540110642455,12.919,5.162,10.184,10.184,50.162,63.034,220.332,220.332
1733,Pittsburgh,PA,40.4348275,-80.0077569,6018107618,3,4550,6176,2694377917372924,1587788521425547,766540110642455,766540110642455,8.642,0.883,7.776,7.776,50.162,63.034,220.332,220.332
1734,Pittsburgh,PA,40.434838,-80.0078838,6018107630,3,4550,6176,2694377917372924,1587788521425547,766540110642455,766540110642455,18.307,11.632,8.536,8.536,50.162,63.034,220.332,220.332
1735,Pittsburgh,PA,40.4348958,-80.0080838,6015823589,3,4550,6176,1218888648555596,1587788521425547,568886717835410,1218888648555596,26.704,29.458,32.197,26.704,300.478,63.034,180.603,300.478
1736,Pittsburgh,PA,40.434961,-80.0082077,6015823603,3,4550,6176,282150460274597,210332280699327,1968463043304442,282150460274597,27.823,33.612,33.962,27.823,301.277,122.569,128.164,301.277
1737,Pittsburgh,PA,40.4349658,-80.0080425,6015823579,4,4550,6176,2694377917372924,493224395229631,568886717835410,766540110642455,33.128,25.782,26.465,21.878,50.162,122.352,180.603,220.332
1738,Pittsburgh,PA,40.434979,-80.0076371,6016060893,4,4550,6176,533727397804665,533727397804665,568886717835410,766540110642455,5.198,5.198,9.203,17.586,40.484,40.484,180.603,220.332
1739,Pittsburgh,PA,40.4349834,-80.0077194,6016060891,4,4550,6176,136970235143255,2694377917372924,568886717835410,766540110642455,11.103,13.202,3.608,13.006,38.716,50.162,180.603,220.332
1740,Pittsburgh,PA,40.4350529,-80.0076111,4081644935,7,4550,6176,817589122208491,645845396286864,568886717835410,766540110642455,9.02,14.942,11.46,24.763,51.902,101.152,180.603,220.332
1741,Pittsburgh,PA,40.4350944,-80.0075695,6015881696,5,4550,6176,817589122208491,645845396286864,568886717835410,766540110642455,9.131,12.959,16.739,30.553,51.902,101.152,180.603,220.332
1742,Pittsburgh,PA,40.4351186,-80.0079107,6015823582,4,4550,6176,136970235143255,493224395229631,568886717835410,766540110642455,33.184,5.8,18.857,27.272,38.716,122.352,180.603,220.332
1743,Pittsburgh,PA,40.4351286,-80.0076551,6016060784,3,4550,6176,817589122208491,645845396286864,568886717835410,766540110642455,16.751,21.14,14.542,29.771,51.902,101.152,180.603,220.332
1744,Pittsburgh,PA,40.4351484,-80.007882,6015823577,3,4550,6176,533727397804665,493224395229631,493224395229631,766540110642455,33.177,2.361,2.361,29.807,40.484,122.352,122.352,220.332
1745,Pittsburgh,PA,40.4352758,-80.0129298,6635707282,4,4550,6176,475852843714705,501622261275137,1927894984025145,1139570206454702,17.174,11.872,21.957,21.556,57.83,100.446,221.935,258.545
1746,Pittsburgh,PA,40.4353441,-80.0127625,6635707278,4,4550,6176,1265493763848553,216335846725015,1927894984025145,476016260373028,9.905,13.658,25.071,28.318,54.888,77.622,221.935,245.176
1747,Pittsburgh,PA,40.4353651,-80.0128997,105733064,3,4550,6176,475852843714705,216335846725015,1927894984025145,476016260373028,7.512,2.868,14.552,16.475,57.83,77.622,221.935,245.176
1748,Pittsburgh,PA,40.4353869,-80.0130678,3235594576,3,4550,6176,475852843714705,493533711960330,1183306292117297,476016260373028,19.7,0.546,3.401,2.177,57.83,100.446,237.841,245.176
1749,Pittsburgh,PA,40.4353874,-80.0130799,6635707286,4,4550,6176,475852843714705,493533711960330,1183306292117297,1139570206454702,20.706,0.552,3.486,4.511,57.83,100.446,237.841,258.545
1750,Pittsburgh,PA,40.4354003,-80.009063,6015823595,3,4550,6176,472721120660410,604150130977433,507941690555996,246652727256500,28.823,20.634,27.42,21.178,311.966,79.592,228.146,255.412
1751,Pittsburgh,PA,40.4354014,-80.0126816,6032131852,3,4550,6176,494264571768568,3713283532131369,1927894984025145,2853497694916728,8.447,9.242,28.994,30.729,54.888,58.296,221.935,230.533
1752,Pittsburgh,PA,40.4354349,-80.0130108,3235594578,4,4550,6176,475852843714705,136327548539506,1927894984025145,2853497694916728,14.848,5.967,3.075,2.619,57.83,100.446,221.935,230.533
1753,Pittsburgh,PA,40.4354382,-80.0130704,6635707277,4,4550,6176,475852843714705,493533711960330,2853497694916728,919866628798313,19.891,5.488,2.446,9.211,57.83,100.446,230.533,270.832
1754,Pittsburgh,PA,40.4354443,-80.0137895,11543839022,4,4550,6176,233298401929892,950036462484687,537465864092924,372365654203304,32.43,12.74,34.578,14.337,300.15,103.649,120.725,291.506
1755,Pittsburgh,PA,40.4355043,-80.0137767,105689005,3,4550,6176,233298401929892,144937094223261,537465864092924,372365654203304,29.132,6.94,32.245,7.853,300.15,104.127,120.725,291.506
1756,Pittsburgh,PA,40.4355243,-80.0138438,11543839023,4,4550,6176,233298401929892,930399027812705,537465864092924,858765598330220,23.184,7.562,26.153,7.367,300.15,104.604,120.725,293.572
1757,Pittsburgh,PA,40.4355836,-80.0138168,11552510027,3,4550,6176,233298401929892,930399027812705,537465864092924,858765598330220,22.216,1.156,26.434,0.708,300.15,104.604,120.725,293.572
1758,Pittsburgh,PA,40.4356039,-80.0076537,3712868707,3,4550,6176,162496542547521,978810819527373,198946522059305,277239900729404,15.891,25.239,20.409,24.232,326.55,68.481,189.927,280.645
1759,Pittsburgh,PA,40.4356388,-80.0080166,6015881598,3,4550,6176,518776522624260,137275731765749,695320931188909,1349826435624121,34.463,31.296,31.881,31.988,0.0,108.615,125.954,290.575
1760,Pittsburgh,PA,40.4356663,-80.0075226,3712868709,3,4550,6176,3058640634425575,2887515614835870,198946522059305,277239900729404,15.815,16.349,12.228,14.557,0.0,113.992,189.927,280.645
1761,Pittsburgh,PA,40.4358047,-80.0146307,11543839017,4,4550,6176,800570697527198,185914933401561,185914933401561,800570697527198,8.806,7.029,7.029,8.806,305.572,124.243,124.243,305.572
1762,Pittsburgh,PA,40.4358167,-80.0145261,11543839014,4,4550,6176,5682634925112246,930753551047101,930753551047101,5682634925112246,2.607,1.159,1.159,2.607,305.713,125.495,125.495,305.713
1763,Pittsburgh,PA,40.4358582,-80.0146189,104919842,3,4550,6176,1253996878390368,185914933401561,185914933401561,1253996878390368,3.581,1.901,1.901,3.581,305.503,124.243,124.243,305.503
1764,Pittsburgh,PA,40.4358734,-80.0145041,11552510025,3,4550,6176,1350445075372936,480338453176438,930753551047101,1350445075372936,3.612,1.968,5.825,3.612,305.643,111.167,125.495,305.643
1765,Pittsburgh,PA,40.4359111,-80.0085945,6015881599,3,4550,6176,648044977313314,480785749856808,116306913850035,1454537948211839,31.904,29.017,8.81,8.357,307.339,120.907,198.204,233.905
1766,Pittsburgh,PA,40.4363934,-80.0156388,517880037,3,4550,6176,166061392198024,1632816670238983,1632816670238983,166061392198024,5.187,1.346,1.346,5.187,304.445,122.176,122.176,304.445
1767,Pittsburgh,PA,40.4364078,-80.0105994,6015692439,3,4550,6176,1407295639629159,303786504720508,303786504720508,1407295639629159,12.885,14.159,14.159,12.885,317.131,136.981,136.981,317.131
1768,Pittsburgh,PA,40.4367081,-80.016194,11552510019,4,4550,6176,851681989028457,789640821686906,789640821686906,851681989028457,1.367,3.689,3.689,1.367,304.905,124.573,124.573,304.905
1769,Pittsburgh,PA,40.4367406,-80.0162513,105125938,3,4550,6176,527909788369432,779719916247232,779719916247232,527909788369432,1.784,3.288,3.288,1.784,304.939,124.692,124.692,304.939
1770,Pittsburgh,PA,40.4367571,-80.0161774,11552510010,3,4550,6176,851681989028457,779719916247232,779719916247232,851681989028457,5.203,8.626,8.626,5.203,304.905,124.692,124.692,304.905
1771,Pittsburgh,PA,40.4370324,-80.0028697,5312909926,4,4550,6176,520070432510855,1406832619674504,315941633266137,1876231125872070,13.869,1.189,14.882,14.689,303.15,115.167,120.194,299.101
1772,Pittsburgh,PA,40.4370757,-80.0168956,11288294359,3,4550,6176,517775959394665,487104085938397,309064867497857,517775959394665,0.467,2.598,2.503,0.467,305.11,124.676,125.248,305.11
1773,Pittsburgh,PA,40.4371295,-80.0168519,11552510006,4,4550,6176,517775959394665,309064867497857,309064867497857,517775959394665,6.838,9.379,9.379,6.838,305.11,125.248,125.248,305.11
1774,Pittsburgh,PA,40.4371306,-80.0028109,3689951134,4,4550,6176,291904539099972,514549043240899,315941633266137,851646155433379,22.927,3.134,26.857,15.493,305.344,118.324,120.194,298.064
1775,Pittsburgh,PA,40.4372245,-80.0171766,11552509996,4,4550,6176,1430666727272276,308103137563157,308103137563157,1430666727272276,0.874,1.622,1.622,0.874,304.952,124.872,124.872,304.952
1776,Pittsburgh,PA,40.4372543,-80.0172328,106108523,3,4550,6176,2902724989971443,1804228426404882,1804228426404882,2902724989971443,0.155,1.142,1.142,0.155,304.911,124.731,124.731,304.911
1777,Pittsburgh,PA,40.4372606,-80.0026992,5312910163,4,4550,6176,291904539099972,337524817728309,807447343519711,3975828209137080,5.686,15.731,34.745,1.767,305.344,116.823,227.758,297.226
1778,Pittsburgh,PA,40.4372813,-80.0118219,6015616184,3,4550,6176,798043434466352,913464336110836,913464336110836,798043434466352,8.702,15.678,15.678,8.702,310.495,127.35,127.35,310.495
1779,Pittsburgh,PA,40.4373893,-80.0177599,8258081121,3,4550,6176,163524402372838,939701520196311,939701520196311,163524402372838,13.369,13.015,13.015,13.369,304.729,124.873,124.873,304.729
1780,Pittsburgh,PA,40.4374119,-80.002544,8484461702,3,4550,6176,291904539099972,337524817728309,157839266350536,314173486852218,15.663,34.356,16.24,9.479,305.344,116.823,219.077,295.568
1781,Pittsburgh,PA,40.4374678,-80.0026844,8484485773,3,4550,6176,293154145831262,1147014755777729,317485619733753,316779680066000,14.403,34.178,10.971,6.209,300.608,117.125,237.781,264.345
1782,Pittsburgh,PA,40.4374901,-80.0041076,5312910013,3,4550,6176,294855878840813,834790700461034,486084912728271,165004028895199,11.11,1.882,26.855,10.958,310.229,114.747,212.892,301.372
1783,Pittsburgh,PA,40.4375035,-80.0177257,105748975,3,4550,6176,163524402372838,166563202077076,166563202077076,163524402372838,7.168,1.535,1.535,7.168,304.729,124.917,124.917,304.729
1784,Pittsburgh,PA,40.4377184,-80.0126073,6015616183,3,4550,6176,2895427470697009,763496851024949,763496851024949,2895427470697009,7.933,12.905,12.905,7.933,308.069,127.529,127.529,308.069
1785,Pittsburgh,PA,40.437815,-80.0125217,6015618992,3,4550,6176,1080132206313387,522631792070501,588108185497849,1080132206313387,14.943,11.515,12.659,14.943,302.511,119.348,121.816,302.511
1786,Pittsburgh,PA,40.4381126,-80.0132753,6015619008,3,4550,6176,217625663215685,487589862576103,458393045460421,458393045460421,5.595,13.661,4.491,4.491,307.713,69.886,238.883,238.883
1787,Pittsburgh,PA,40.4381555,-80.0132389,6015619005,3,4550,6176,217625663215685,2883772701863110,458393045460421,458393045460421,11.075,19.76,2.667,2.667,307.713,80.284,238.883,238.883
1788,Pittsburgh,PA,40.4383085,-80.0059652,3689951126,4,4550,6176,485428262798387,166513288729501,1676112672588575,778806576163533,26.664,0.402,8.861,18.13,350.982,115.85,120.334,297.292
1789,Pittsburgh,PA,40.4383233,-80.0135881,3500353761,3,4550,6176,470653180885622,143997670989335,166551805417868,848672452527005,9.439,2.865,14.663,9.529,316.166,90.25,127.875,315.187
1790,Pittsburgh,PA,40.4383316,-80.0143803,1510780446,3,4550,6176,1199946673788439,184704740196258,193853235807582,169346848446299,8.538,6.681,11.159,6.797,313.576,113.441,127.074,302.639
1791,Pittsburgh,PA,40.4385623,-80.0055952,8484484572,3,4550,6176,743321186325272,1676112672588575,1676112672588575,3003459933112409,19.245,34.528,34.528,1.466,3.601,120.334,120.334,295.341
1792,Pittsburgh,PA,40.438651,-80.0058266,6047279026,4,4550,6176,214865930205701,5531653496908863,512302723127186,4033099153446295,3.303,33.412,27.058,1.341,0.858,118.644,233.517,295.374
1793,Pittsburgh,PA,40.4387404,-80.0143357,3500353760,4,4550,6176,171825748188690,805403246766606,257911816105834,171825748188690,6.051,12.234,13.97,6.051,301.424,116.12,135.896,301.424
1794,Pittsburgh,PA,40.4387998,-80.0143821,6015547705,3,4550,6176,528362878194507,991325441606990,280273450468758,528362878194507,9.47,13.106,11.423,9.47,306.161,122.555,129.885,306.161
1795,Pittsburgh,PA,40.4389051,-80.0146499,3500353759,3,4550,6176,1554389068098920,700834135281494,1018245285247368,1554389068098920,4.301,16.351,14.042,4.301,310.193,124.567,153.16,310.193
1796,Pittsburgh,PA,40.4389642,-80.0146933,6015547701,4,4550,6176,296515512140950,700834135281494,1018245285247368,221998429374501,8.21,11.095,10.611,6.675,347.006,124.567,153.16,317.574
1797,Pittsburgh,PA,40.4389984,-80.0148661,3500317950,3,4550,6176,296515512140950,2989175767969062,1018245285247368,292364433574757,7.381,11.734,8.613,18.741,347.006,145.774,153.16,267.079
1798,Pittsburgh,PA,40.439631,-80.0077474,3833827059,3,4550,6176,520306572319678,3926604550726391,759834621365007,759834621365007,24.214,26.415,21.064,21.064,10.397,35.433,226.475,226.475
1799,Pittsburgh,PA,40.4396458,-80.0071777,6047278999,3,4550,6176,505649797224354,505649797224354,1728517930668181,227176465438933,16.792,16.792,22.259,25.901,33.527,33.527,207.512,211.296
1800,Pittsburgh,PA,40.439671,-80.0085667,7805357701,3,4550,6176,295025442339907,305116901318811,3036550596578306,295025442339907,4.825,3.3,8.065,4.825,319.75,116.223,141.256,319.75
1801,Pittsburgh,PA,40.4396893,-80.0085948,3775960267,3,4550,6176,502022407502983,305116901318811,3036550596578306,502022407502983,5.777,3.026,5.19,5.777,320.186,116.223,141.256,320.186
1802,Pittsburgh,PA,40.4396961,-80.0059487,6047198593,3,4550,6176,223646349528744,315247993556348,1360332897700387,921064845382627,26.364,18.037,21.453,32.937,0.0,109.217,133.269,300.549
1803,Pittsburgh,PA,40.4397631,-80.0071707,6047279004,3,4550,6176,505649797224354,917094729134532,1728517930668181,227176465438933,15.871,25.048,20.3,23.835,33.527,91.354,207.512,211.296
1804,Pittsburgh,PA,40.4397639,-80.0076566,3833827037,3,4550,6176,469888447445073,336482897835366,759834621365007,759834621365007,26.958,21.596,4.735,4.735,23.719,97.456,226.475,226.475
1805,Pittsburgh,PA,40.4397817,-80.0084887,3833826992,3,4550,6176,475487373715876,305116901318811,3036550596578306,933542377436451,3.223,10.966,12.039,22.465,24.426,116.223,141.256,294.419
1806,Pittsburgh,PA,40.4397982,-80.0072642,6047279008,4,4550,6176,505649797224354,917094729134532,1728517930668181,227176465438933,11.244,17.727,13.78,16.773,33.527,91.354,207.512,211.296
1807,Pittsburgh,PA,40.4398919,-80.0076123,9918344391,3,4550,6176,505649797224354,336482897835366,759834621365007,759834621365007,29.239,6.918,11.297,11.297,33.527,97.456,226.475,226.475
1808,Pittsburgh,PA,40.4399156,-80.0083904,3833826997,3,4550,6176,319609206182308,491180952123702,1446801228985739,933542377436451,3.319,15.566,17.87,5.41,20.99,96.874,188.502,294.419
1809,Pittsburgh,PA,40.4399181,-80.0076283,3833827085,3,4550,6176,505649797224354,336482897835366,759834621365007,759834621365007,32.189,4.534,14.272,14.272,33.527,97.456,226.475,226.475
1810,Pittsburgh,PA,40.4399345,-80.0172316,6012656949,3,4550,6176,1216461162129930,487901852534931,787432328572288,271289161343065,5.026,10.994,2.449,4.782,305.653,124.973,183.151,304.288
1811,Pittsburgh,PA,40.440064,-80.0059832,5935829339,4,4550,6176,198178112025567,1126905707814813,373089007477275,921064845382627,14.578,18.659,19.356,11.934,0.0,117.995,139.26,300.549
1812,Pittsburgh,PA,40.4401347,-80.0061741,5935776958,4,4550,6176,3033944680158948,209685824095654,373089007477275,513920716430164,29.078,15.539,19.699,13.25,0.0,116.94,139.26,284.906
1813,Pittsburgh,PA,40.4401557,-80.017518,7330283654,3,4550,6176,954306482060698,1176694489440377,265672685339059,954306482060698,8.855,16.212,6.805,8.855,301.424,124.36,190.199,301.424
1814,Pittsburgh,PA,40.4401609,-80.0089513,5312910506,3,4550,6176,815569472672193,581898019457958,476403730244763,200005848624924,3.313,7.75,3.951,30.542,6.329,91.339,179.553,286.087
1815,Pittsburgh,PA,40.4401835,-80.0068759,6047279003,4,4550,6176,472313317328003,288950679571746,504483353933996,3054842911417825,4.513,5.291,4.529,26.746,10.921,110.853,128.802,308.736
1816,Pittsburgh,PA,40.4401895,-80.0069915,6047278941,3,4550,6176,472313317328003,504483353933996,504483353933996,3054842911417825,6.869,7.456,7.456,23.357,10.921,128.802,128.802,308.736
1817,Pittsburgh,PA,40.4401978,-80.006918,6047278937,3,4550,6176,472313317328003,504483353933996,504483353933996,3054842911417825,1.466,2.021,2.021,23.859,10.921,128.802,128.802,308.736
1818,Pittsburgh,PA,40.4402529,-80.0071646,6049504643,3,4550,6176,469739170795739,397943694599389,397943694599389,3054842911417825,6.499,3.887,3.887,20.447,22.891,147.045,147.045,308.736
1819,Pittsburgh,PA,40.4402675,-80.0060896,5935776931,3,4550,6176,475689183763172,478749413434653,483021103007601,513920716430164,33.99,29.16,33.078,29.624,34.514,103.904,121.473,284.906
1820,Pittsburgh,PA,40.4403488,-80.0067514,5935776959,3,4550,6176,179025514121273,1736337589885019,2686253821498454,3054842911417825,6.209,13.773,15.823,23.171,28.881,112.096,142.898,308.736
1821,Pittsburgh,PA,40.4403889,-80.0067806,5935776962,3,4550,6176,179025514121273,264918852081457,1435199610206182,3054842911417825,1.759,6.974,14.95,20.057,28.881,31.536,203.815,308.736
1822,Pittsburgh,PA,40.4406739,-80.0186264,6012656959,3,4550,6176,292495152468621,763762997672620,309603820626354,172590701507823,2.854,9.494,6.885,2.324,307.397,123.98,212.4,304.053
1823,Pittsburgh,PA,40.4407893,-80.0188311,6013129529,4,4550,6176,241045187792527,915574992562076,915574992562076,4416445148385649,8.291,10.581,10.581,3.719,346.844,123.932,123.932,303.812
1824,Pittsburgh,PA,40.4408022,-80.0067253,1598833798,4,4550,6176,220483912872887,2825805417732252,1198095493956324,1976668182509361,7.34,25.553,7.691,32.511,359.422,99.5,190.68,250.34
1825,Pittsburgh,PA,40.4408073,-80.0065213,5935776981,3,4550,6176,519339382761846,1367614210278137,909823419859813,219316413018793,7.53,32.681,24.587,32.683,356.583,134.068,189.212,278.036
1826,Pittsburgh,PA,40.4408159,-80.0065863,1598833799,4,4550,6176,519339382761846,2825805417732252,909823419859813,219316413018793,2.741,31.915,19.079,32.475,356.583,99.5,189.212,278.036
1827,Pittsburgh,PA,40.4408274,-80.006665,5935675504,3,4550,6176,519339382761846,2825805417732252,909823419859813,247206080508880,5.672,26.246,12.449,32.267,356.583,99.5,189.212,257.536
1828,Pittsburgh,PA,40.4408577,-80.0189538,6013129528,3,4550,6176,334837351315876,4299948973383647,4299948973383647,2227073220763275,18.706,12.623,12.623,7.37,8.518,122.585,122.585,303.399
1829,Pittsburgh,PA,40.4412006,-80.0068819,271192002,3,4550,6176,923036965201697,942819923148596,479866933234587,1111738765972222,8.503,3.444,10.661,14.083,338.477,81.869,163.615,252.43
1830,Pittsburgh,PA,40.4412425,-80.0067563,5538840876,4,4550,6176,1858618454302483,835345733747796,331134181874364,247206080508880,3.22,4.413,22.546,15.195,342.308,87.042,166.95,257.536
1831,Pittsburgh,PA,40.4415532,-80.0054449,5472105437,3,4550,6176,924835725005525,2952220375053112,467178447698297,298487751909032,13.601,2.643,15.336,15.212,29.39,76.01,231.775,261.986
1832,Pittsburgh,PA,40.4416052,-80.0048808,5935775380,3,4550,6176,1249034552157747,229719298921087,2588012064834948,2039570056181308,8.984,24.369,22.334,5.581,0.0,91.977,226.756,270.0
1833,Pittsburgh,PA,40.4416093,-80.0048472,8838943524,3,4550,6176,1249034552157747,229719298921087,2588012064834948,2039570056181308,6.12,23.828,25.212,7.431,0.0,91.977,226.756,270.0
1834,Pittsburgh,PA,40.4416823,-80.0050592,5472105443,3,4550,6176,736817387012291,199615518657218,2588012064834948,802827950349362,4.37,15.805,14.588,8.861,0.0,85.868,226.756,246.974
1835,Pittsburgh,PA,40.4417208,-80.0049566,5472105428,4,4550,6176,736817387012291,775660360008441,2588012064834948,795645367743081,12.854,11.913,23.136,8.279,0.0,90.462,226.756,242.31
1836,Pittsburgh,PA,40.4417715,-80.0048328,5472105440,3,4550,6176,157009406430316,229719298921087,2588012064834948,2815219348727230,15.593,6.09,34.572,8.023,0.0,91.977,226.756,244.836
1837,Pittsburgh,PA,40.4418586,-80.0051382,5472105444,3,4550,6176,298364618492157,199615518657218,2588012064834948,802827950349362,13.195,9.351,32.503,28.998,0.0,85.868,226.756,246.974
1838,Pittsburgh,PA,40.441965,-80.0041945,5935776807,3,4550,6176,833053147593283,1380284105673618,311343963948774,317992286435620,5.491,5.14,19.489,19.86,14.13,40.406,167.8,270.498
1839,Pittsburgh,PA,40.4419915,-80.0041442,5935776798,4,4550,6176,833053147593283,487693778949494,134385288725476,317992286435620,6.545,12.822,14.517,22.961,14.13,107.928,167.956,270.498
1840,Pittsburgh,PA,40.4421431,-80.007167,5538840883,3,4550,6176,467866954480905,223829079159082,983622582381748,4404793599544863,3.026,17.802,10.054,4.582,347.874,131.469,173.813,326.254
1841,Pittsburgh,PA,40.4421569,-80.0039486,6089215024,3,4550,6176,833053147593283,314082703677118,954721681735011,798766641070479,27.895,4.928,6.019,26.689,14.13,68.105,170.066,327.807
1842,Pittsburgh,PA,40.4421936,-80.003962,6089215025,3,4550,6176,481446239673577,314082703677118,502101411204671,798766641070479,17.462,8.923,4.794,27.388,59.906,68.105,169.938,327.807
1843,Pittsburgh,PA,40.4422103,-80.0042437,5472105422,3,4550,6176,798766641070479,573376953639742,236826151531475,798766641070479,15.318,13.39,18.839,15.318,327.807,101.5,170.216,327.807
1844,Pittsburgh,PA,40.4422478,-80.0067594,5538840890,3,4550,6176,3613519775421408,2887752744810227,313333080417564,524532468684703,27.503,21.872,26.848,33.143,348.728,82.827,183.705,295.053
1845,Pittsburgh,PA,40.4422585,-80.0042624,5472105421,3,4550,6176,798766641070479,573376953639742,236826151531475,798766641070479,20.737,18.482,19.307,20.737,327.807,101.5,170.216,327.807
1846,Pittsburgh,PA,40.4423244,-80.0040219,5471059107,4,4550,6176,798766641070479,573376953639742,281106527071526,798766641070479,33.72,23.961,4.881,33.72,327.807,101.5,188.152,327.807
1847,Pittsburgh,PA,40.4423811,-80.0072733,5538840884,4,4550,6176,509526187034995,431684831851760,907377046487987,1173371506474297,2.089,13.188,18.204,20.268,347.509,104.971,185.92,251.207
1848,Pittsburgh,PA,40.4427691,-80.0071591,5472105554,4,4550,6176,307041917602768,183151570240552,1171706296603766,1171706296603766,23.497,3.863,2.645,2.645,5.987,71.414,224.414,224.414
1849,Pittsburgh,PA,40.4429465,-80.0061569,5472055445,3,4550,6176,861182201408033,4699763803409204,300218661764871,911236249697152,10.817,11.776,25.143,16.731,38.721,69.403,203.966,271.723
1850,Pittsburgh,PA,40.4429467,-80.0064412,5472105474,4,4550,6176,954727695278803,257601352816063,381072406499453,946695296120848,23.659,2.159,14.071,10.798,4.047,79.624,217.381,257.694
1851,Pittsburgh,PA,40.4430092,-80.0061827,5472105475,4,4550,6176,861182201408033,4699763803409204,300218661764871,911236249697152,3.913,5.396,18.356,9.486,38.721,69.403,203.966,271.723
1852,Pittsburgh,PA,40.443057,-80.005987,5472105471,3,4550,6176,775800629788191,490399388745050,482922566304600,136691405171083,14.792,4.506,5.387,9.34,35.524,69.732,218.12,276.438
1853,Pittsburgh,PA,40.4432597,-80.0052322,5472105477,4,4550,6176,304925614627130,171133754935201,473272223942103,530965048285181,17.268,10.542,16.622,4.556,333.008,81.818,178.011,263.599
1854,Pittsburgh,PA,40.4433073,-80.0050634,5472091333,4,4550,6176,873221010075448,481997926453105,473272223942103,994395434427800,18.803,7.095,3.64,3.524,325.729,73.592,178.011,262.895
1855,Pittsburgh,PA,40.4433858,-80.0047512,5472091334,3,4550,6176,873221010075448,1335045383556128,279991900496143,331528751722232,9.059,7.196,10.466,8.916,325.729,69.834,167.663,251.881
1856,Pittsburgh,PA,40.4434534,-80.0045257,5471059105,4,4550,6176,873221010075448,4038579782884584,1153542398440779,278933597308175,29.568,3.452,3.536,3.875,325.729,70.727,203.256,227.265
1857,Pittsburgh,PA,40.4435056,-80.0045481,5471115471,4,4550,6176,873221010075448,4038579782884584,917736145462890,278933597308175,30.581,2.749,5.377,9.91,325.729,70.727,153.67,227.265
1858,Pittsburgh,PA,40.4436819,-80.004616,5471115470,4,4550,6176,295320302147843,218724283098232,162847269109873,342356177462391,23.702,11.493,5.308,13.45,328.73,72.843,168.113,250.36
1859,Pittsburgh,PA,40.4438987,-80.0027918,5455256650,4,4550,6176,955238335243066,185716180073904,2869114580028990,4021236987995825,5.16,3.08,27.456,6.68,27.085,72.294,176.086,248.256
1860,Pittsburgh,PA,40.4439475,-80.0026328,8486931518,4,4550,6176,297686128612137,2759083597716124,161219159283695,181919607048017,4.225,2.236,26.368,9.587,346.661,70.683,200.725,246.945
1861,Pittsburgh,PA,40.4439584,-80.0028279,5312909779,4,4550,6176,955238335243066,2854670144847090,2869114580028990,4021236987995825,6.921,2.277,20.182,2.746,27.085,100.088,176.086,248.256
1862,Pittsburgh,PA,40.4439841,-80.0027249,104630296,3,4550,6176,297686128612137,2759083597716124,2869114580028990,181919607048017,4.703,7.445,23.965,2.046,346.661,70.683,176.086,246.945
1863,Pittsburgh,PA,40.4440053,-80.002641,5312909777,4,4550,6176,297686128612137,2759083597716124,161219159283695,181919607048017,4.637,4.274,20.038,9.347,346.661,70.683,200.725,246.945
1864,Pittsburgh,PA,40.4440819,-80.0029038,5312909780,4,4550,6176,2378567392275703,423147808988991,2869114580028990,530722171270621,6.674,7.074,5.347,4.089,331.916,93.917,176.086,284.352
1865,Pittsburgh,PA,40.4441033,-80.0027716,683704708,4,4550,6176,2378567392275703,382252143048962,161219159283695,2856070001388219,4.786,6.265,9.084,3.844,331.916,72.946,200.725,276.074
1866,Pittsburgh,PA,40.4441264,-80.002658,5312909776,4,4550,6176,297686128612137,254594899686274,161219159283695,2856070001388219,17.326,7.206,7.559,13.644,346.661,65.643,200.725,276.074
1867,Pittsburgh,PA,40.4441534,-80.0029477,5451382661,4,4550,6176,1657711554437187,423147808988991,2869114580028990,490604025393953,7.475,1.961,4.408,6.86,336.3,93.917,176.086,272.664
1868,Pittsburgh,PA,40.4441884,-80.0028003,3582442094,4,4550,6176,1657711554437187,382252143048962,161219159283695,2856070001388219,6.862,3.55,6.925,9.305,336.3,72.946,200.725,276.074
1869,Pittsburgh,PA,40.444221,-80.0026713,3582442096,4,4550,6176,825162074755468,254594899686274,1620310098168235,1620310098168235,3.611,4.804,2.14,2.14,47.224,65.643,215.005,215.005
1870,Pittsburgh,PA,40.4443923,-80.0029799,1510787478,3,4550,6176,338455954379045,513081090054484,303536577903856,1206529759802971,25.865,3.284,0.818,0.861,8.396,94.796,174.493,252.56
1871,Pittsburgh,PA,40.4461618,-80.0099432,1598834032,4,4550,6176,842645703315618,301948858312070,302677928165689,316636746516520,6.565,32.023,6.555,29.351,345.08,76.751,182.595,256.299
1872,Pittsburgh,PA,40.446181,-80.0098382,271197325,4,4550,6176,524776148654822,301948858312070,302677928165689,316636746516520,3.242,23.022,3.056,20.367,347.101,76.751,182.595,256.299
1873,Pittsburgh,PA,40.446208,-80.0096964,5394946377,4,4550,6176,1821203571372604,301948858312070,1200087523760843,316636746516520,3.497,11.152,2.121,8.793,6.063,76.751,188.698,256.299
1874,Pittsburgh,PA,40.446244,-80.0099705,5391523466,4,4550,6176,271310001343994,301948858312070,163137865746520,316636746516520,9.604,32.138,7.032,32.266,346.7,76.751,169.173,256.299
1875,Pittsburgh,PA,40.4462709,-80.0098722,5394946376,4,4550,6176,271310001343994,301948858312070,3980510792028812,316636746516520,1.65,23.697,3.441,25.185,346.7,76.751,167.821,256.299
1876,Pittsburgh,PA,40.4463024,-80.009726,5394946375,4,4550,6176,316487540011414,301948858312070,134565882039535,316636746516520,8.772,11.905,8.088,17.103,346.378,76.751,185.317,256.299
1877,Pittsburgh,PA,40.4302257,-79.982006,12527025299,3,4551,6176,471175347322898,473085537129136,474463810302385,477185900234901,11.174,11.522,10.002,14.028,12.688,84.075,188.539,274.481
1878,Pittsburgh,PA,40.4302384,-79.9819954,12527025297,3,4551,6176,471175347322898,473085537129136,474463810302385,477185900234901,10.282,12.567,8.916,15.701,12.688,84.075,188.539,274.481
1879,Pittsburgh,PA,40.4302387,-79.9818974,12081297414,4,4551,6176,471175347322898,473085537129136,474463810302385,1703750426499615,2.106,13.053,0.844,13.435,12.688,84.075,188.539,237.18
1880,Pittsburgh,PA,40.4302412,-80.0005943,13597491076,4,4551,6176,299700425152892,376567533689510,2923282007996075,810548349564118,6.227,4.136,11.458,2.315,8.156,84.615,160.698,237.073
1881,Pittsburgh,PA,40.4302469,-79.9819923,12527025298,3,4551,6176,471175347322898,473085537129136,474463810302385,477185900234901,10.134,13.413,8.637,16.633,12.688,84.075,188.539,274.481
1882,Pittsburgh,PA,40.4302588,-80.0012086,3786972697,3,4551,6176,2948110665506730,820573342169580,2931521880416629,976355982901859,31.712,5.233,30.259,9.241,304.516,118.643,120.399,299.596
1883,Pittsburgh,PA,40.4302918,-80.0007158,13597491082,4,4551,6176,299700425152892,376567533689510,2923282007996075,900648294115086,10.607,7.608,15.121,10.517,8.156,84.615,160.698,269.081
1884,Pittsburgh,PA,40.4303,-79.9819855,12527025290,3,4551,6176,839113993676865,473085537129136,837996173473466,477185900234901,10.343,19.113,10.515,22.066,4.896,84.075,183.008,274.481
1885,Pittsburgh,PA,40.4303368,-79.9818903,105728377,3,4551,6176,394979454919067,473085537129136,837996173473466,477185900234901,3.945,23.663,1.48,29.774,3.204,84.075,183.008,274.481
1886,Pittsburgh,PA,40.4303423,-79.9819816,12527104544,4,4551,6176,394979454919067,473085537129136,837996173473466,477185900234901,10.688,23.748,9.088,26.498,3.204,84.075,183.008,274.481
1887,Pittsburgh,PA,40.4303637,-79.9819795,12527104502,3,4551,6176,394979454919067,473085537129136,837996173473466,477185900234901,10.273,26.102,9.23,28.779,3.204,84.075,183.008,274.481
1888,Pittsburgh,PA,40.4303806,-79.9822477,12527104518,3,4551,6176,394979454919067,2832990500285202,837996173473466,1399363473754377,33.035,26.056,31.9,27.551,3.204,90.478,183.008,273.895
1889,Pittsburgh,PA,40.430455,-79.9989438,7805357686,4,4551,6176,1228708090865385,1166138447232314,1156159364857783,638023728464942,12.173,16.589,23.897,6.323,352.36,74.56,130.683,289.966
1890,Pittsburgh,PA,40.4304796,-79.9988498,7805357688,4,4551,6176,1228708090865385,1166138447232314,2969478719941398,306467775335426,10.836,19.71,29.776,0.898,352.36,74.56,204.234,286.275
1891,Pittsburgh,PA,40.4305022,-79.9989177,104529609,4,4551,6176,1228708090865385,1166138447232314,1156159364857783,638023728464942,6.711,13.697,22.656,0.899,352.36,74.56,130.683,289.966
1892,Pittsburgh,PA,40.4305314,-79.9990064,7805346284,4,4551,6176,1228708090865385,1166138447232314,1156159364857783,329434756266608,8.323,6.645,14.526,0.417,352.36,74.56,130.683,296.586
1893,Pittsburgh,PA,40.4305348,-79.9988217,7805346281,3,4551,6176,1228708090865385,299854408278508,2969478719941398,217466009901489,8.635,15.914,31.131,1.926,352.36,66.433,204.234,281.308
1894,Pittsburgh,PA,40.4305524,-79.9988884,7805346280,4,4551,6176,1228708090865385,299854408278508,1156159364857783,379822083304954,2.67,10.07,22.997,2.642,352.36,66.433,130.683,275.605
1895,Pittsburgh,PA,40.430573,-79.9989813,7805346279,3,4551,6176,1228708090865385,1166138447232314,1156159364857783,2836076969977920,5.566,4.806,14.826,1.147,352.36,74.56,130.683,298.417
1896,Pittsburgh,PA,40.4306328,-79.9815817,8853109149,3,4551,6176,1630290700489877,158885322775694,1377567972619114,301577261516976,24.395,1.741,25.822,1.741,358.124,98.201,187.806,279.954
1897,Pittsburgh,PA,40.4306463,-79.9817973,11594762187,4,4551,6176,1630290700489877,218493203122767,1377567972619114,177129360966839,9.856,1.019,11.88,3.647,358.124,58.39,187.806,284.775
1898,Pittsburgh,PA,40.4306474,-80.0004431,13597491055,4,4551,6176,1180130766036890,204975197961931,793130324673287,597342977883712,34.051,8.951,6.109,3.447,16.352,117.985,203.767,265.954
1899,Pittsburgh,PA,40.4306503,-79.9818612,104728808,3,4551,6176,1630290700489877,218493203122767,1377567972619114,177129360966839,8.853,6.265,10.685,8.582,358.124,58.39,187.806,284.775
1900,Pittsburgh,PA,40.4307058,-80.0013502,13597491058,3,4551,6176,601388177920569,1602756129915455,183027563688899,519898626046341,19.985,11.876,13.587,10.729,306.489,107.798,141.662,277.08
1901,Pittsburgh,PA,40.4307069,-79.9815721,11594762182,4,4551,6176,1630290700489877,158885322775694,1377567972619114,301577261516976,28.556,6.6,30.307,6.6,358.124,98.201,187.806,279.954
1902,Pittsburgh,PA,40.4307112,-79.9817917,11594762183,3,4551,6176,1630290700489877,175705697783396,161986775865629,177129360966839,16.602,12.329,7.349,5.771,358.124,86.163,227.966,284.775
1903,Pittsburgh,PA,40.4307144,-79.9818532,11594762185,4,4551,6176,1630290700489877,218493203122767,161986775865629,177129360966839,15.982,9.913,7.14,9.527,358.124,58.39,227.966,284.775
1904,Pittsburgh,PA,40.4307183,-79.9819194,12527104505,3,4551,6176,1630290700489877,218493203122767,1377567972619114,177129360966839,17.21,14.089,18.721,14.631,358.124,58.39,187.806,284.775
1905,Pittsburgh,PA,40.4307533,-80.0012531,13597491060,3,4551,6176,601388177920569,4099192016809032,183027563688899,916338289208775,21.557,8.01,11.498,10.633,306.489,100.982,141.662,283.553
1906,Pittsburgh,PA,40.4307724,-80.0012086,6635707143,3,4551,6176,601388177920569,4099192016809032,183027563688899,571449300493212,23.334,3.789,13.249,8.847,306.489,100.982,141.662,283.131
1907,Pittsburgh,PA,40.4308734,-80.0003134,3786972704,3,4551,6176,345871544480473,337717558668363,794566414527902,316594216503487,9.95,5.174,2.19,14.765,3.103,73.341,201.693,268.523
1908,Pittsburgh,PA,40.4309331,-80.0001939,7805357689,3,4551,6176,345871544480473,886810791873748,3976656909081684,316594216503487,10.073,13.354,8.618,5.848,3.103,85.917,209.154,268.523
1909,Pittsburgh,PA,40.4309475,-80.0016699,11586800634,4,4551,6176,772423346801779,528452588336952,845106972880574,772423346801779,15.316,9.124,3.101,15.316,315.909,92.665,179.888,315.909
1910,Pittsburgh,PA,40.4309569,-80.0002644,105158163,3,4551,6176,345871544480473,4091014177661355,3976656909081684,316594216503487,3.611,10.682,3.988,5.087,3.103,89.194,209.154,268.523
1911,Pittsburgh,PA,40.4309785,-80.0001684,7805346277,3,4551,6176,306891422285229,886810791873748,3976656909081684,316594216503487,11.764,8.271,12.042,3.992,3.103,85.917,209.154,268.523
1912,Pittsburgh,PA,40.4309895,-80.0017612,11586800628,3,4551,6176,763651544335292,528452588336952,845106972880574,763651544335292,11.034,7.369,8.42,11.034,315.401,92.665,179.888,315.401
1913,Pittsburgh,PA,40.4310043,-80.0002336,7805357690,4,4551,6176,306891422285229,4091014177661355,1515969059154750,316594216503487,6.326,5.604,7.449,2.823,3.103,89.194,216.718,268.523
1914,Pittsburgh,PA,40.4310337,-79.9953958,1460623747,3,4551,6176,823153111650420,342359307227393,244155847508734,1424567964561085,5.824,7.186,7.55,4.964,357.936,56.803,187.86,252.508
1915,Pittsburgh,PA,40.431041,-79.989972,1808375808,3,4551,6176,486707602749554,1837945656407763,1100256173800950,2976693859317229,6.283,6.344,6.136,6.755,0.0,85.842,213.768,267.583
1916,Pittsburgh,PA,40.4310919,-80.001579,7223399864,4,4551,6176,507594033702840,2989936064665695,469577400962704,506279960573460,7.899,6.558,4.122,18.275,34.442,76.197,200.965,299.552
1917,Pittsburgh,PA,40.4311103,-80.0016824,7223399858,3,4551,6176,308677834207782,528452588336952,469577400962704,506279960573460,19.035,9.17,4.871,26.197,22.243,92.665,200.965,299.552
1918,Pittsburgh,PA,40.4311295,-80.001654,7223399859,3,4551,6176,308677834207782,528452588336952,469577400962704,292156789024183,16.452,11.693,3.907,19.644,22.243,92.665,200.965,219.785
1919,Pittsburgh,PA,40.4311587,-80.0015407,3786972708,3,4551,6176,308677834207782,880297525884502,740012036639837,292156789024183,7.375,10.906,4.507,12.851,22.243,63.391,194.885,219.785
1920,Pittsburgh,PA,40.4311974,-79.9969151,3786972674,3,4551,6176,305755300992478,309713963874926,931189551047371,221861732730379,24.844,30.008,28.693,24.844,355.277,101.029,173.165,274.986
1921,Pittsburgh,PA,40.4312656,-79.9953688,3599800602,3,4551,6176,233034955254760,219160496679152,157205742949468,2926547300950765,13.408,11.622,2.92,10.908,10.259,68.345,179.361,281.106
1922,Pittsburgh,PA,40.4312928,-80.0015206,3786972716,3,4551,6176,127464496021724,458761818532433,292156789024183,292156789024183,12.311,17.048,2.201,2.201,20.911,112.368,219.785,219.785
1923,Pittsburgh,PA,40.4313773,-80.0013646,7223399694,4,4551,6176,240739611178246,497591838030770,1272432879819992,1272432879819992,6.01,3.284,3.972,3.972,35.218,117.432,217.82,217.82
1924,Pittsburgh,PA,40.4313782,-80.0015985,539750125,4,4551,6176,127464496021724,517026806138306,478246633430818,292156789024183,23.848,9.709,12.872,13.501,20.911,115.029,216.718,219.785
1925,Pittsburgh,PA,40.4314538,-80.0015392,7223399866,4,4551,6176,240739611178246,517026806138306,2027492877393295,1272432879819992,21.93,2.056,7.335,13.909,35.218,115.029,127.281,217.82
1926,Pittsburgh,PA,40.4315283,-80.0012458,12061361402,4,4551,6176,1930310603776280,351617546295119,314031050201139,1061590410916414,6.319,7.628,2.898,14.618,33.476,104.922,194.182,216.235
1927,Pittsburgh,PA,40.4315845,-80.001201,7223399698,3,4551,6176,1930310603776280,351617546295119,933690500737054,2226021404198083,11.027,2.627,5.689,22.147,33.476,104.922,173.405,269.378
1928,Pittsburgh,PA,40.4317225,-80.0012242,7223381983,3,4551,6176,1132273317278204,303072308099132,571783813785636,2226021404198083,21.083,10.78,5.115,6.846,4.616,123.198,180.746,269.378
1929,Pittsburgh,PA,40.4317441,-80.0010482,7223399706,3,4551,6176,1132273317278204,547035930015986,571783813785636,498229978287050,9.29,16.392,15.8,8.344,4.616,68.546,180.746,272.174
1930,Pittsburgh,PA,40.4317577,-80.0012977,12061361399,4,4551,6176,598430174463836,1143754176144341,571783813785636,2226021404198083,11.796,3.869,11.462,7.724,309.198,123.838,180.746,269.378
1931,Pittsburgh,PA,40.4317944,-80.0010049,12061361405,4,4551,6176,852334265697666,547035930015986,183688226960153,1509973302718456,7.614,21.651,6.059,6.287,0.501,68.546,209.128,288.764
1932,Pittsburgh,PA,40.4318269,-80.0010672,12061361403,3,4551,6176,852334265697666,303072308099132,183688226960153,1509973302718456,11.324,19.317,5.487,1.31,0.501,123.198,209.128,288.764
1933,Pittsburgh,PA,40.4319428,-80.0008852,7808291269,3,4551,6176,330480325125544,1121128351722669,758424821513772,758424821513772,3.691,3.432,4.786,4.786,20.641,30.773,216.086,216.086
1934,Pittsburgh,PA,40.4320685,-80.001946,7223399760,4,4551,6176,306701737789700,480700196533199,219130669695148,785823152308647,3.059,4.126,4.432,4.792,307.771,94.178,123.603,278.942
1935,Pittsburgh,PA,40.4322129,-80.0022325,7223381982,4,4551,6176,1354329864936651,317509526453643,317509526453643,744673949527639,6.262,3.96,3.96,7.642,310.727,123.396,123.396,292.813
1936,Pittsburgh,PA,40.43229,-80.0021748,7223399763,3,4551,6176,1354329864936651,492769758593452,3758943087547707,744673949527639,3.774,5.581,12.47,4.946,310.727,117.135,123.025,292.813
1937,Pittsburgh,PA,40.4343874,-79.9896652,7838493088,3,4551,6176,475960906961748,260705359167960,528478758558317,1438745506502673,14.699,10.4,19.052,3.809,329.826,108.758,180.778,259.57
1938,Pittsburgh,PA,40.4343952,-79.9897847,7838493089,4,4551,6176,537221403935891,503783400748054,528478758558317,244861380768307,14.347,7.778,10.613,0.646,42.261,106.487,180.778,257.687
1939,Pittsburgh,PA,40.4344028,-79.9898945,7838493087,3,4551,6176,537221403935891,503783400748054,528478758558317,2981812188810847,7.341,8.393,8.064,0.899,42.261,106.487,180.778,257.897
1940,Pittsburgh,PA,40.4344232,-79.9899697,4081682611,3,4551,6176,537221403935891,479020436643326,528478758558317,517645469276277,8.708,9.805,12.828,1.427,42.261,92.457,180.778,259.458
1941,Pittsburgh,PA,40.4344607,-79.9951909,686446460,3,4551,6176,511195400019336,847339267069682,2432991393788616,4155772027819547,19.023,16.652,31.771,15.671,33.28,101.126,209.0,283.074
1942,Pittsburgh,PA,40.4344691,-79.9896636,3401272871,4,4551,6176,475960906961748,2640409129593510,528478758558317,504698520718202,6.287,12.408,23.74,1.866,329.826,65.405,180.778,268.612
1943,Pittsburgh,PA,40.4344804,-79.9898235,686448336,4,4551,6176,298619968429081,2645950639036290,528478758558317,468963797692333,12.316,5.044,17.198,3.54,45.591,82.114,180.778,257.826
1944,Pittsburgh,PA,40.4345579,-79.9896606,7838493092,3,4551,6176,475960906961748,298619968429081,528478758558317,566458271034601,5.846,5.233,31.189,2.067,329.826,45.591,180.778,272.594
1945,Pittsburgh,PA,40.4345664,-79.9898438,7838493094,4,4551,6176,298619968429081,2645950639036290,528478758558317,1081144262293977,10.302,5.903,26.292,2.11,45.591,82.114,180.778,273.368
1946,Pittsburgh,PA,40.4345707,-79.9899222,684791925,4,4551,6176,298619968429081,479020436643326,528478758558317,1138190090030858,16.954,8.236,26.873,0.439,45.591,92.457,180.778,271.192
1947,Pittsburgh,PA,40.4345742,-79.9899861,7838493095,3,4551,6176,298619968429081,479020436643326,528478758558317,907297456784591,22.376,7.043,28.51,2.794,45.591,92.457,180.778,273.788
1948,Pittsburgh,PA,40.4345748,-79.9951276,3519988896,3,4551,6176,2138304519645092,1338450396529304,684765314663752,209110414183462,17.339,17.296,29.172,28.818,32.483,32.706,212.0,282.876
1949,Pittsburgh,PA,40.4345959,-79.9955512,3688751957,3,4551,6176,322572492566833,1978796102274132,472542977183313,312258330412804,5.528,11.077,2.467,13.304,28.058,32.307,207.709,210.029
1950,Pittsburgh,PA,40.43462,-79.9955352,3688751956,3,4551,6176,804856500448846,1978796102274132,961969781239912,312258330412804,5.522,12.581,2.244,16.251,28.105,32.307,207.726,210.029
1951,Pittsburgh,PA,40.4350232,-79.9952675,11098531748,3,4551,6176,519508992409424,316298076617947,475688283709936,247577230478702,7.072,15.294,0.725,2.064,28.828,30.061,208.847,210.075
1952,Pittsburgh,PA,40.4350961,-79.9951362,7231384769,3,4551,6176,1214533305647237,316298076617947,4134242666619020,1804223736844329,1.652,13.694,6.261,9.252,28.828,30.061,208.732,226.0
1953,Pittsburgh,PA,40.43512,-79.9952033,7231384770,4,4551,6176,603943391008954,316298076617947,1063086597552928,2438803059598275,7.341,18.295,1.304,2.399,28.828,30.061,208.259,214.346
1954,Pittsburgh,PA,40.4351365,-79.9951074,7231384768,4,4551,6176,377163036997829,1124748027991136,4134242666619020,1148933805607394,0.659,14.461,6.882,6.898,28.828,30.035,208.732,213.176
1955,Pittsburgh,PA,40.4351608,-79.9951762,684692476,3,4551,6176,377163036997829,1124748027991136,404176514700197,1148933805607394,7.0,20.56,1.178,3.769,28.828,30.035,208.006,213.176
1956,Pittsburgh,PA,40.4352269,-79.9950468,7231384767,3,4551,6176,307441787641325,1124748027991136,1204150240042257,1662799641766328,2.017,21.127,5.185,8.914,27.908,30.035,206.82,227.0
1957,Pittsburgh,PA,40.4352834,-79.9952144,13597561638,3,4551,6176,307441787641325,521091515933984,1409074076121964,1148933805607394,16.587,31.191,7.974,11.799,27.908,30.022,206.933,213.176
1958,Pittsburgh,PA,40.4355801,-79.9947354,7231384817,3,4551,6176,2786802831571379,167528308663622,916798789163096,964641827688289,3.892,7.182,11.317,6.74,26.924,113.569,204.478,291.479
1959,Pittsburgh,PA,40.4356717,-79.9949758,7231384775,3,4551,6176,292887592477465,3600669296703658,292959142477215,292887592477465,7.699,18.316,7.09,7.699,300.011,114.971,179.484,300.011
1960,Pittsburgh,PA,40.4358136,-79.9953302,7231384773,4,4551,6176,295900108833877,153595733408524,801848187128748,223074905912793,11.149,16.579,26.859,6.133,309.069,108.075,162.133,290.482
1961,Pittsburgh,PA,40.4359538,-79.9956806,7231384840,3,4551,6176,301590238219270,311382450357566,801848187128748,1618273885037453,5.036,2.692,6.798,4.395,315.204,88.315,162.133,290.843
1962,Pittsburgh,PA,40.4360332,-79.9958808,7231384844,3,4551,6176,472185060523478,482678136394345,147471694025525,308914444040244,1.812,9.387,17.505,6.733,308.378,117.656,140.329,277.556
1963,Pittsburgh,PA,40.4360986,-79.9956565,7231384847,4,4551,6176,301590238219270,750227052328297,147471694025525,261599768983548,20.288,5.033,12.368,15.22,315.204,111.548,140.329,285.612
1964,Pittsburgh,PA,40.436099,-79.9960448,7231384814,4,4551,6176,1106881039794378,298425055354574,4119992251425130,620110102723874,11.575,8.368,17.114,4.931,301.164,110.835,224.392,292.081
1965,Pittsburgh,PA,40.436128,-79.9957343,7231384842,4,4551,6176,472185060523478,750227052328297,147471694025525,308914444040244,17.637,2.324,16.06,21.516,308.378,111.548,140.329,277.556
1966,Pittsburgh,PA,40.4361513,-79.9957988,7231384833,3,4551,6176,472185060523478,338210471208350,147471694025525,308914444040244,15.704,7.005,20.556,21.18,308.378,114.228,140.329,277.556
1967,Pittsburgh,PA,40.4362234,-79.9963562,3298481749,4,4551,6176,1429388867406679,333233838158028,4119992251425130,1429388867406679,2.605,6.214,22.215,2.605,305.464,115.516,224.392,305.464
1968,Pittsburgh,PA,40.4362635,-79.9964431,7231384811,3,4551,6176,169927485060797,333233838158028,4119992251425130,169927485060797,8.529,6.952,29.905,8.529,314.53,115.516,224.392,314.53
1969,Pittsburgh,PA,40.4363806,-79.9971741,6751282175,3,4551,6176,1083598702130537,1081226899029490,334251398126950,499294588158917,13.725,21.482,28.945,31.315,0.0,117.653,140.447,269.539
1970,Pittsburgh,PA,40.4364005,-80.0011514,6391968409,4,4551,6176,870080246878904,2896211273980988,758530374862529,954137058655414,21.219,3.501,4.254,16.16,307.947,119.25,201.337,293.206
1971,Pittsburgh,PA,40.4364191,-79.9971516,6751282174,3,4551,6176,1083598702130537,1081226899029490,334251398126950,499294588158917,9.046,16.804,24.964,26.741,0.0,117.653,140.447,269.539
1972,Pittsburgh,PA,40.4364429,-79.9973272,6751282176,4,4551,6176,480096093216972,186735386646000,178755537485985,2972931959618531,8.536,21.298,33.576,32.979,0.0,116.76,133.168,316.227
1973,Pittsburgh,PA,40.4364954,-79.9970762,7231384757,3,4551,6176,796652994607769,1081226899029490,334251398126950,499294588158917,2.217,7.283,15.591,16.126,0.0,117.653,140.447,269.539
1974,Pittsburgh,PA,40.4364965,-79.9973706,3830138630,3,4551,6176,480096093216972,186735386646000,178755537485985,946348479459536,11.819,17.91,34.071,32.194,0.0,116.76,133.168,300.572
1975,Pittsburgh,PA,40.4365067,-79.9951095,3305302881,3,4551,6176,1653948184803053,844645756138955,325935442257420,473284223902444,7.622,22.701,14.929,16.713,348.564,100.155,172.325,324.283
1976,Pittsburgh,PA,40.4365104,-79.9970434,6751282153,3,4551,6176,379350573374712,368381548063959,334251398126950,499294588158917,0.367,6.774,12.475,13.155,0.0,116.167,140.447,269.539
1977,Pittsburgh,PA,40.4365247,-79.9967484,7231384846,4,4551,6176,534516154210201,140931351354736,609239316724013,534516154210201,4.184,6.459,9.08,4.184,318.296,115.467,139.987,318.296
1978,Pittsburgh,PA,40.4365253,-80.0010147,665550144,3,4551,6176,384176599511238,295135365489194,496222954835903,384176599511238,2.847,9.573,7.4,2.847,301.237,111.921,202.719,301.237
1979,Pittsburgh,PA,40.4365425,-79.9985693,3519988903,5,4551,6176,353309666299984,458342441899642,504518330858173,471136037295282,9.158,11.321,32.736,11.866,29.367,74.603,215.959,293.821
1980,Pittsburgh,PA,40.4365655,-79.9972505,7231371184,3,4551,6176,1083598702130537,186735386646000,178755537485985,499294588158917,13.898,6.37,22.05,25.158,0.0,116.76,133.168,269.539
1981,Pittsburgh,PA,40.4366228,-79.9969957,7231384758,3,4551,6176,378500013459798,954294618667172,178755537485985,499294588158917,2.368,5.424,1.455,3.431,0.0,116.49,133.168,269.539
1982,Pittsburgh,PA,40.4366388,-79.9988139,7231384709,3,4551,6176,353309666299984,458342441899642,272951347887404,302587558034193,14.15,18.52,15.589,15.107,29.367,74.603,222.544,279.934
1983,Pittsburgh,PA,40.4366732,-79.9969627,7231384759,3,4551,6176,378500013459798,954294618667172,178755537485985,499294588158917,7.336,11.669,7.616,7.065,0.0,116.49,133.168,269.539
1984,Pittsburgh,PA,40.4367183,-79.9970228,7231384761,4,4551,6176,3695356727240623,954294618667172,178755537485985,499294588158917,9.087,15.71,12.276,13.226,0.0,116.49,133.168,269.539
1985,Pittsburgh,PA,40.4367334,-80.0007489,11575797917,3,4551,6176,537056834366365,225417682683155,305101741203584,338166274596589,14.717,34.535,21.365,7.399,300.285,111.705,230.039,292.554
1986,Pittsburgh,PA,40.4367658,-79.9971271,7231384794,3,4551,6176,3695356727240623,501116261007120,178755537485985,946348479459536,15.795,14.654,20.574,4.166,0.0,117.1,133.168,300.572
1987,Pittsburgh,PA,40.4368465,-79.9983665,11521391071,3,4551,6176,1180514022411068,767846820767358,2262965830500139,2262965830500139,8.646,15.487,23.929,23.929,23.858,59.518,226.269,226.269
1988,Pittsburgh,PA,40.4368533,-79.9983606,2014391299,4,4551,6176,1180514022411068,767846820767358,2262965830500139,2262965830500139,9.015,14.782,23.905,23.905,23.858,59.518,226.269,226.269
1989,Pittsburgh,PA,40.4369347,-79.9985945,11521391070,3,4551,6176,479755290116975,804281337127535,2262965830500139,2262965830500139,14.558,19.362,4.272,4.272,16.866,115.044,226.269,226.269
1990,Pittsburgh,PA,40.43708,-79.9985987,6751282168,3,4551,6176,479755290116975,4313182372033912,1218908208523571,317244679970204,20.818,6.007,15.787,9.253,16.866,117.803,188.536,224.246
1991,Pittsburgh,PA,40.4371384,-79.9981829,6751282169,4,4551,6176,2020481678092469,823069901645235,1015109162230696,2020481678092469,0.23,12.769,15.899,0.23,309.835,115.83,211.997,309.835
1992,Pittsburgh,PA,40.4372172,-79.9984152,6751282170,4,4551,6176,472257867412350,959239194834766,764628040906112,764628040906112,18.213,11.781,6.201,6.201,24.299,117.271,215.655,215.655
1993,Pittsburgh,PA,40.4374483,-79.9979757,8312135921,4,4551,6176,227561545396498,1909311505890552,898851694030765,898851694030765,4.638,5.444,12.709,12.709,43.736,52.701,210.687,210.687
1994,Pittsburgh,PA,40.43753,-79.9982005,8312135923,4,4551,6176,249610200268566,1909311505890552,898851694030765,898851694030765,26.084,20.555,8.379,8.379,22.133,52.701,210.687,210.687
1995,Pittsburgh,PA,40.437732,-79.9923318,13122154494,3,4551,6176,4211796135550970,2567638803532776,534948150865981,247576293825135,32.786,34.702,20.489,27.869,357.617,104.704,172.518,267.711
1996,Pittsburgh,PA,40.4379056,-79.9917776,13122844512,3,4551,6176,461342054927750,2567638803532776,592821018346740,140882531361120,16.376,26.031,17.421,18.143,353.226,104.704,179.245,326.707
1997,Pittsburgh,PA,40.4379341,-79.9922909,4074629402,3,4551,6176,4211796135550970,169401145100659,534948150865981,1383299262026581,17.427,19.684,2.571,6.313,357.617,97.092,172.518,269.518
1998,Pittsburgh,PA,40.4379707,-79.9976242,8484007450,4,4551,6176,178184517430414,482378903047637,2598419090459278,1071823089892403,26.03,23.002,7.633,32.538,18.418,46.362,204.834,266.434
1999,Pittsburgh,PA,40.4379768,-79.9945214,3724219502,3,4551,6176,486625729452549,2544223379204793,142794351105211,142794351105211,23.938,28.734,0.903,0.903,16.967,30.815,211.253,211.253
2000,Pittsburgh,PA,40.4380265,-79.9918115,12109281932,4,4551,6176,461342054927750,2567638803532776,807817093484184,848113355779531,22.805,22.821,19.586,25.571,353.226,104.704,153.036,289.171
2001,Pittsburgh,PA,40.4380473,-79.9945219,8484285008,4,4551,6176,486625729452549,2544223379204793,304836731224492,142794351105211,26.712,34.55,3.081,7.346,16.967,30.815,209.033,211.253
2002,Pittsburgh,PA,40.4380693,-79.997558,8484067044,4,4551,6176,482378903047637,482378903047637,259372795784622,457558208643136,15.396,15.396,8.362,18.889,46.362,46.362,206.663,212.176
2003,Pittsburgh,PA,40.4381233,-79.9977984,8484284956,4,4551,6176,482378903047637,482378903047637,2598419090459278,457558208643136,11.633,11.633,15.007,25.093,46.362,46.362,204.834,212.176
2004,Pittsburgh,PA,40.4397495,-79.9910823,5760233161,3,4551,6176,863154734236387,813770586012696,3893626157380995,1240268406411079,18.263,16.535,8.849,19.102,45.586,90.437,191.398,272.21
2005,Pittsburgh,PA,40.4397751,-79.9909995,11245028730,4,4551,6176,296550512180391,813770586012696,3893626157380995,1240268406411079,24.892,21.415,16.11,23.262,43.409,90.437,191.398,272.21
2006,Pittsburgh,PA,40.4397936,-79.9909439,11245028815,3,4551,6176,182793837064190,813770586012696,3893626157380995,1240268406411079,29.842,25.561,21.139,26.857,41.235,90.437,191.398,272.21
2007,Pittsburgh,PA,40.4398076,-79.990902,11245028817,3,4551,6176,6200858526606469,813770586012696,3893626157380995,1240268406411079,33.849,28.901,24.959,29.863,38.192,90.437,191.398,272.21
2008,Pittsburgh,PA,40.4398928,-79.9914398,13601986889,4,4551,6176,476020620141481,279770657177034,1127132297787803,1240268406411079,15.484,9.077,18.346,16.645,339.304,68.856,157.018,272.21
2009,Pittsburgh,PA,40.4399293,-79.9913483,3121991237,3,4551,6176,476020620141481,279770657177034,1127132297787803,1240268406411079,7.186,17.363,20.456,11.036,339.304,68.856,157.018,272.21
2010,Pittsburgh,PA,40.4399909,-79.9940679,736437290,4,4551,6176,820224382033874,1186860318425746,1171518479976293,473431083863350,13.146,16.247,14.439,32.727,342.658,130.084,137.526,233.697
2011,Pittsburgh,PA,40.440003,-79.9943629,8484284997,3,4551,6176,820224382033874,1017304098803860,1432901160376340,526240125039534,11.975,14.77,12.589,21.753,342.658,145.536,153.353,325.711
2012,Pittsburgh,PA,40.4400198,-79.9918686,3118503598,3,4551,6176,239994064548320,141258404603893,472746317363258,1142523462838100,22.297,3.171,28.58,12.86,334.904,92.02,159.409,292.266
2013,Pittsburgh,PA,40.4400229,-79.9915873,3264957230,3,4551,6176,156896973059875,497466011605762,927375294769388,374686740586471,21.39,12.127,16.048,10.812,339.452,84.502,152.25,231.665
2014,Pittsburgh,PA,40.4400237,-79.991513,13601986890,4,4551,6176,3868407869944017,191721716136045,927375294769388,374686740586471,15.403,15.851,13.718,7.747,339.507,79.293,152.25,231.665
2015,Pittsburgh,PA,40.440025,-79.9913969,3118503599,3,4551,6176,397814814596076,326175539025110,927375294769388,374686740586471,6.314,23.055,15.428,11.376,339.447,76.682,152.25,231.665
2016,Pittsburgh,PA,40.440056,-79.9938848,11918391133,3,4551,6176,820224382033874,245828600666692,519864959045151,473431083863350,29.663,11.324,11.825,17.84,342.658,122.668,125.644,233.697
2017,Pittsburgh,PA,40.4401003,-79.9941452,3995501098,4,4551,6176,820224382033874,1171518479976293,1171518479976293,526240125039534,14.291,2.106,2.106,21.01,342.658,137.526,137.526,325.711
2018,Pittsburgh,PA,40.4401505,-79.9912833,7011218500,3,4551,6176,315911099981669,1160374671108281,776327209737640,374686740586471,7.419,31.726,19.401,19.283,339.402,132.42,162.094,231.665
2019,Pittsburgh,PA,40.4402115,-79.9934516,3277882120,4,4551,6176,220282692893836,499866914493864,151199993638604,176038294426924,28.736,3.781,9.099,9.889,22.363,89.694,190.748,246.281
2020,Pittsburgh,PA,40.4402259,-79.9959929,2013805630,3,4551,6176,502045364545375,290663306041686,782666279104621,472329530736121,9.355,5.839,18.053,32.75,35.164,87.164,202.762,257.835
2021,Pittsburgh,PA,40.4402425,-79.9933597,736437289,4,4551,6176,829604067993678,491743995363479,175346614493437,1454695291534270,22.456,3.319,5.047,7.195,22.211,84.338,193.645,248.097
2022,Pittsburgh,PA,40.4402604,-79.9960905,2760047568,3,4551,6176,134363908738497,290663306041686,782666279104621,472329530736121,21.306,12.066,9.5,31.447,18.105,87.164,202.762,257.835
2023,Pittsburgh,PA,40.4402796,-79.991666,3724219476,4,4551,6176,298656721721949,895170637717293,1124730718004164,603464114374778,17.997,10.384,14.57,31.467,339.105,112.436,162.094,271.015
2024,Pittsburgh,PA,40.4402893,-79.991534,3277882124,4,4551,6176,298656721721949,1160374671108281,1124730718004164,374686740586471,7.157,5.5,8.812,22.102,339.105,132.42,162.094,231.665
2025,Pittsburgh,PA,40.4403046,-79.9928667,4073914106,3,4551,6176,1222049258219386,589950918639390,830772711177588,480224623187823,7.427,15.032,29.591,8.933,22.124,69.747,197.887,254.857
2026,Pittsburgh,PA,40.4403093,-79.9913674,3277882125,4,4551,6176,2918592608385921,1160374671108281,1124730718004164,374686740586471,6.914,18.362,16.896,26.527,339.155,132.42,162.094,231.665
2027,Pittsburgh,PA,40.4403147,-79.9955365,2013805631,3,4551,6176,1106828643172680,1411026069249635,3895623850558403,511964810161655,17.31,18.662,34.987,33.399,39.615,57.378,189.981,288.702
2028,Pittsburgh,PA,40.4403219,-79.9912488,11245028697,4,4551,6176,346541890380661,1160374671108281,1124730718004164,374686740586471,16.918,28.353,26.022,33.103,339.197,132.42,162.094,231.665
2029,Pittsburgh,PA,40.4403263,-79.995648,2013805642,3,4551,6176,1106828643172680,1411026069249635,3895623850558403,472329530736121,10.568,9.998,33.111,32.205,39.615,57.378,189.981,257.835
2030,Pittsburgh,PA,40.4403614,-79.9955125,2013805635,3,4551,6176,1106828643172680,1411026069249635,3895623850558403,511964810161655,16.393,19.108,30.445,27.848,39.615,57.378,189.981,288.702
2031,Pittsburgh,PA,40.4403693,-79.9913983,736437563,3,4551,6176,298656721721949,1160374671108281,1124730718004164,374686740586471,7.512,16.592,20.387,31.922,339.105,132.42,162.094,231.665
2032,Pittsburgh,PA,40.4403802,-79.9933341,4073914119,3,4551,6176,805168985741517,165779402065920,127616046009358,817034212552520,27.465,12.592,2.521,7.293,18.974,81.67,178.428,249.315
2033,Pittsburgh,PA,40.440401,-79.9917437,11245028685,3,4551,6176,521130975575623,3716587111800160,1160374671108281,603464114374778,19.219,6.925,16.189,16.772,338.877,95.211,132.42,271.015
2034,Pittsburgh,PA,40.4404026,-79.9932102,11236785983,3,4551,6176,1923649024864757,1154088008433649,138024281705595,312870833536236,19.148,11.802,3.609,10.052,18.577,70.97,199.47,252.062
2035,Pittsburgh,PA,40.4404042,-79.9956244,2013805626,3,4551,6176,1106828643172680,1411026069249635,3895623850558403,477270210015662,5.925,9.64,24.357,26.357,39.615,57.378,189.981,289.335
2036,Pittsburgh,PA,40.4404171,-79.993362,4073914122,3,4551,6176,805168985741517,165779402065920,127616046009358,817034212552520,31.179,16.594,7.245,11.935,18.974,81.67,178.428,249.315
2037,Pittsburgh,PA,40.4404251,-79.9932252,12128445588,4,4551,6176,1923649024864757,1154088008433649,286518853124171,312870833536236,20.569,14.406,1.234,12.667,18.577,70.97,199.156,252.062
2038,Pittsburgh,PA,40.4404314,-79.9933861,4073914123,3,4551,6176,805168985741517,165779402065920,127616046009358,586659878977796,33.7,18.372,9.716,13.898,18.974,81.67,178.428,248.678
2039,Pittsburgh,PA,40.4404455,-79.991439,684842507,4,4551,6176,165439558851310,895170637717293,1160374671108281,800804957205344,6.672,23.349,18.484,27.919,338.932,112.436,132.42,271.602
2040,Pittsburgh,PA,40.4404458,-79.9916058,684842468,4,4551,6176,521130975575623,895170637717293,1160374671108281,800804957205344,6.588,11.394,13.994,16.524,338.877,112.436,132.42,271.602
2041,Pittsburgh,PA,40.4404459,-79.9917562,11245028681,4,4551,6176,769820980588781,3716587111800160,1160374671108281,603464114374778,18.64,9.255,20.137,11.675,338.821,95.211,132.42,271.015
2042,Pittsburgh,PA,40.4404465,-79.993077,12128445584,3,4551,6176,1923649024864757,589950918639390,478832786674061,935451260586912,9.259,12.145,10.893,10.736,18.577,69.747,198.977,253.343
2043,Pittsburgh,PA,40.4404474,-79.991318,736437378,4,4551,6176,799400884081774,1160374671108281,1124730718004164,3483849118382986,16.169,26.522,31.347,34.295,338.975,132.42,162.094,261.601
2044,Pittsburgh,PA,40.4404788,-79.9930946,12128445585,3,4551,6176,1923649024864757,589950918639390,478832786674061,294883918974104,12.62,16.014,7.411,14.411,18.577,69.747,198.977,252.579
2045,Pittsburgh,PA,40.4405167,-79.9927957,11236785981,3,4551,6176,479837183238989,589950918639390,478832786674061,1213978530950514,4.234,28.26,31.366,9.246,21.793,69.747,198.977,243.0
2046,Pittsburgh,PA,40.4405308,-79.9917884,11245028682,4,4551,6176,966712604160822,3716587111800160,1160374671108281,603464114374778,18.1,17.174,29.045,2.314,338.685,95.211,132.42,271.015
2047,Pittsburgh,PA,40.4405327,-79.9916495,684842467,4,4551,6176,178307727527272,3716587111800160,1160374671108281,800804957205344,7.067,22.426,24.18,7.681,338.741,95.211,132.42,271.602
2048,Pittsburgh,PA,40.4405332,-79.9933332,12128445589,3,4551,6176,1923649024864757,165779402065920,222093592700852,331442881842634,32.926,29.543,8.827,24.121,18.577,81.67,201.878,249.848
2049,Pittsburgh,PA,40.4405346,-79.9914796,736437264,4,4551,6176,769820980588781,895170637717293,1160374671108281,800804957205344,7.048,25.916,25.33,21.687,338.821,112.436,132.42,271.602
2050,Pittsburgh,PA,40.4405368,-79.9913571,3277882130,4,4551,6176,769820980588781,895170637717293,1160374671108281,800804957205344,16.621,34.186,30.718,31.985,338.821,112.436,132.42,271.602
2051,Pittsburgh,PA,40.4405435,-79.9929376,12128445996,4,4551,6176,1791281484856906,589950918639390,478832786674061,1213978530950514,4.308,24.005,19.579,8.452,336.961,69.747,198.977,243.0
2052,Pittsburgh,PA,40.4405737,-79.9930962,12128445564,3,4551,6176,1791281484856906,589950918639390,811557822834993,1213978530950514,15.598,26.294,6.155,20.445,336.961,69.747,204.001,243.0
2053,Pittsburgh,PA,40.440575,-79.9933228,12128445587,3,4551,6176,1923649024864757,165779402065920,814298676178013,331442881842634,34.487,34.241,9.016,28.542,18.577,81.67,199.755,249.848
2054,Pittsburgh,PA,40.440577,-79.9928561,12128445582,4,4551,6176,506681997332550,589950918639390,686029252149482,1213978530950514,3.201,30.36,23.923,1.053,21.699,69.747,199.079,243.0
2055,Pittsburgh,PA,40.4405909,-79.9948981,8484318433,4,4551,6176,968360390684251,537713497235847,220163939583846,840517756673445,19.109,33.29,6.325,5.583,300.353,61.785,231.211,244.267
2056,Pittsburgh,PA,40.440594,-79.9929422,12128445583,3,4551,6176,321799262628732,589950918639390,811557822834993,1213978530950514,8.464,29.216,16.12,7.411,23.347,69.747,204.001,243.0
2057,Pittsburgh,PA,40.4406014,-79.991684,3277882132,4,4551,6176,4146454002059825,3716587111800160,1160374671108281,800804957205344,7.146,27.35,32.304,6.431,338.586,95.211,132.42,271.602
2058,Pittsburgh,PA,40.4406049,-79.9915132,3277882131,4,4551,6176,966712604160822,895170637717293,1160374671108281,800804957205344,6.67,30.372,32.122,19.406,338.685,112.436,132.42,271.602
2059,Pittsburgh,PA,40.4406311,-79.9949261,8484318428,3,4551,6176,968360390684251,537713497235847,220163939583846,840517756673445,23.69,28.884,3.306,2.615,300.353,61.785,231.211,244.267
2060,Pittsburgh,PA,40.4406468,-79.9958246,2760047528,5,4551,6176,549790229355463,1411026069249635,143964764379584,477361390005448,16.199,29.914,12.531,15.433,1.376,57.378,200.329,287.041
2061,Pittsburgh,PA,40.4410353,-79.9929475,12128445833,3,4551,6176,906459806599552,140402208106727,478455959928726,1446710003830683,22.927,32.032,1.239,24.947,19.447,88.523,199.195,242.0
2062,Pittsburgh,PA,40.4411254,-79.9928091,12128445638,4,4551,6176,885853615305825,118150226990509,308995864150840,153155930113152,18.056,23.694,5.437,6.014,22.221,87.262,200.66,210.258
2063,Pittsburgh,PA,40.4411315,-79.9926846,12128445637,4,4551,6176,309283114091206,526089011891633,188793236431806,2649126825466536,8.526,19.75,11.355,9.306,22.26,74.316,200.065,242.0
2064,Pittsburgh,PA,40.441212,-79.9928729,12128445632,4,4551,6176,1359837377735021,118150226990509,846201152658354,153155930113152,19.914,14.361,3.24,5.635,344.858,87.262,200.658,210.258
2065,Pittsburgh,PA,40.4412221,-79.9926621,12128445630,3,4551,6176,303406737826918,1199911183790720,5953153324709985,2649126825466536,8.0,8.776,14.097,11.172,21.699,71.235,184.587,242.0
2066,Pittsburgh,PA,40.4412674,-79.992654,12128445614,3,4551,6176,303406737826918,1199911183790720,5953153324709985,2649126825466536,11.403,3.734,10.955,15.04,21.699,71.235,184.587,242.0
2067,Pittsburgh,PA,40.4414286,-79.9900826,13601986899,3,4551,6176,155069739914409,505948787200741,463441164761040,440646520241193,8.641,30.007,4.6,14.815,341.161,62.064,150.752,329.741
2068,Pittsburgh,PA,40.441472,-79.9899792,13602055404,4,4551,6176,1436782896795444,505948787200741,463441164761040,440646520241193,1.937,21.135,6.47,5.407,340.871,62.064,150.752,329.741
2069,Pittsburgh,PA,40.4414893,-79.9955419,8484443869,4,4551,6176,177924437558887,305285584566276,749727082384232,749727082384232,3.793,32.801,4.634,4.634,23.077,30.08,226.884,226.884
2070,Pittsburgh,PA,40.4415178,-79.9898702,13601986898,3,4551,6176,309916857311118,505948787200741,463441164761040,440646520241193,7.475,13.582,16.732,6.706,336.432,62.064,150.752,329.741
2071,Pittsburgh,PA,40.4415412,-79.9900284,5664138670,3,4551,6176,283059983525843,505948787200741,1109573082873105,440646520241193,1.802,17.856,7.307,12.53,340.291,62.064,156.803,329.741
2072,Pittsburgh,PA,40.4415498,-79.9901679,13602055401,3,4551,6176,474632810430210,378424863485405,1109573082873105,440646520241193,9.074,12.569,4.564,23.203,339.712,149.478,156.803,329.741
2073,Pittsburgh,PA,40.4415841,-79.9899205,13602055403,4,4551,6176,1406645476372600,505948787200741,1109573082873105,440646520241193,3.267,7.936,16.807,12.882,19.183,62.064,156.803,329.741
2074,Pittsburgh,PA,40.4415939,-79.9900659,13602055402,4,4551,6176,322090082795144,505948787200741,1109573082873105,440646520241193,1.685,18.006,6.358,18.896,339.385,62.064,156.803,329.741
2075,Pittsburgh,PA,40.4416221,-79.9902188,13455305154,3,4551,6176,4118421214889566,378424863485405,183847430286271,440646520241193,9.475,4.531,5.067,30.843,338.806,149.478,160.152,329.741
2076,Pittsburgh,PA,40.4416389,-79.9899619,13601986900,3,4551,6176,1406645476372600,505948787200741,1109573082873105,440646520241193,6.718,8.468,16.23,19.371,19.183,62.064,156.803,329.741
2077,Pittsburgh,PA,40.4418212,-79.9943431,4491753309,4,4551,6176,802986643985195,294119772251967,2916885181903592,519399729234487,15.15,2.81,0.385,6.829,307.667,112.294,157.039,285.063
2078,Pittsburgh,PA,40.4419524,-79.9889949,4469460368,4,4551,6176,191264379516001,320691792837993,185085686816621,2902333336557887,14.629,5.875,15.498,20.263,350.843,100.34,150.941,329.093
2079,Pittsburgh,PA,40.4419659,-79.9941202,4491753320,4,4551,6176,1209534977904435,827733901493000,814140302840198,1212840984236245,8.691,7.582,7.415,5.714,309.658,124.608,206.056,256.297
2080,Pittsburgh,PA,40.4420305,-79.9949094,4073914132,4,4551,6176,520883048929203,520883048929203,594017844910770,146316390807941,2.375,2.375,15.62,5.577,43.581,43.581,171.136,244.884
2081,Pittsburgh,PA,40.4421144,-79.9951202,8484443867,4,4551,6176,1479868396448882,3901755376604487,236390871590254,287192939781869,11.724,12.671,5.578,13.137,327.809,127.171,156.22,239.724
2082,Pittsburgh,PA,40.4422099,-79.9947922,6221328063,4,4551,6176,140465818107342,3234571526769369,495763888433102,496288128469025,1.877,7.793,4.127,13.078,31.034,94.449,123.119,289.24
2083,Pittsburgh,PA,40.4422823,-79.9950103,6227359464,4,4551,6176,149007567130538,1395092457513043,272732971209234,1006243053240146,6.24,6.981,1.938,8.577,356.766,94.015,197.948,301.735
2084,Pittsburgh,PA,40.4426023,-79.9891349,871721769,4,4551,6176,464253394856920,1112732315804262,182211217106482,293255295849157,22.129,27.434,30.663,24.065,14.736,138.202,160.319,319.131
2085,Pittsburgh,PA,40.4426777,-79.9908222,12044117782,4,4551,6176,825683988367492,494238051992353,948114249274807,320370509485120,0.455,6.024,6.973,16.8,333.015,97.659,152.712,317.963
2086,Pittsburgh,PA,40.4427194,-79.9907464,12044117781,3,4551,6176,825683988367492,494238051992353,948114249274807,320370509485120,8.337,12.761,12.79,18.642,333.015,97.659,152.712,317.963
2087,Pittsburgh,PA,40.442746,-79.9908677,684842393,4,4551,6176,475243677067173,494238051992353,948114249274807,320370509485120,1.81,6.656,15.271,8.52,333.015,97.659,152.712,317.963
2088,Pittsburgh,PA,40.4427972,-79.990792,12044117778,4,4551,6176,291030412570519,494238051992353,948114249274807,320370509485120,9.306,14.698,20.266,12.535,333.015,97.659,152.712,317.963
2089,Pittsburgh,PA,40.4428457,-79.9946446,6227325475,3,4551,6176,1861386841122031,1483953776050525,137472981745296,137472981745296,8.859,4.798,2.907,2.907,7.506,70.472,216.652,216.652
2090,Pittsburgh,PA,40.4428911,-79.994613,6227325465,3,4551,6176,1199439338731889,4317037548533339,137472981745296,1364953773948536,13.387,11.388,5.536,5.483,357.139,94.244,216.652,218.577
2091,Pittsburgh,PA,40.442925,-79.9947081,6227325481,3,4551,6176,1861386841122031,1483953776050525,137472981745296,137472981745296,19.086,15.021,7.513,7.513,7.506,70.472,216.652,216.652
2092,Pittsburgh,PA,40.442927,-79.9945881,6227325451,4,4551,6176,1199439338731889,4317037548533339,1364953773948536,1364953773948536,14.248,10.915,1.305,1.305,357.139,94.244,218.577,218.577
2093,Pittsburgh,PA,40.4429441,-79.9947585,6227325474,3,4551,6176,1861386841122031,1483953776050525,137472981745296,137472981745296,23.047,19.369,11.678,11.678,7.506,70.472,216.652,216.652
2094,Pittsburgh,PA,40.4429473,-79.9908485,12044117779,4,4551,6176,801049520515385,494238051992353,1058617501332045,1058617501332045,19.395,28.952,3.793,3.793,331.718,97.659,238.022,238.022
2095,Pittsburgh,PA,40.4430621,-79.9945037,6227325450,4,4551,6176,1007674663367506,1469637130788325,295865382245834,295865382245834,15.282,20.542,4.724,4.724,24.394,91.234,220.578,220.578
2096,Pittsburgh,PA,40.4435354,-79.9936661,6221328038,3,4551,6176,1325653975427995,1325653975427995,2912577012404154,318411362994004,6.707,6.707,27.938,29.694,48.043,48.043,217.38,226.659
2097,Pittsburgh,PA,40.4435384,-79.9939051,6221328049,3,4551,6176,4147973181930634,1335089308345557,137566338312745,137566338312745,13.628,24.128,11.077,11.077,28.166,54.758,212.382,212.382
2098,Pittsburgh,PA,40.4435868,-79.9938723,6221328048,4,4551,6176,4147973181930634,476097256942210,137566338312745,2912577012404154,13.728,15.246,11.615,11.502,28.166,31.225,212.382,217.38
2099,Pittsburgh,PA,40.4436107,-79.9934588,684842634,3,4551,6176,2059621774574123,2059621774574123,498998634635609,498998634635609,4.934,4.934,34.612,34.612,45.345,45.345,229.472,229.472
2100,Pittsburgh,PA,40.4436282,-79.9938452,6221328047,3,4551,6176,476097256942210,476097256942210,2912577012404154,2912577012404154,13.407,13.407,9.602,9.602,31.225,31.225,217.38,217.38
2101,Pittsburgh,PA,40.4436678,-79.994101,6227287779,3,4551,6176,4147973181930634,476097256942210,137566338312745,137566338312745,8.341,11.623,10.909,10.909,28.166,31.225,212.382,212.382
2102,Pittsburgh,PA,40.4436869,-79.9937966,2634770624,4,4551,6176,476097256942210,3007902876167901,2912577012404154,318411362994004,14.847,13.205,12.084,9.797,31.225,38.039,217.38,226.659
2103,Pittsburgh,PA,40.4436957,-79.9935463,6221241442,3,4551,6176,2059621774574123,2059621774574123,751005645582817,498998634635609,13.694,13.694,26.208,22.659,45.345,45.345,204.393,229.472
2104,Pittsburgh,PA,40.4437251,-79.9941621,6227287887,3,4551,6176,4147973181930634,476097256942210,137566338312745,2912577012404154,16.515,16.384,19.081,19.638,28.166,31.225,212.382,217.38
2105,Pittsburgh,PA,40.4437389,-79.9940646,3995501062,4,4551,6176,476097256942210,476097256942210,2912577012404154,2912577012404154,8.947,8.947,12.676,12.676,31.225,31.225,217.38,217.38
2106,Pittsburgh,PA,40.4437551,-79.9942076,6227287783,3,4551,6176,4147973181930634,476097256942210,137566338312745,2912577012404154,21.585,20.891,24.153,24.348,28.166,31.225,212.382,217.38
2107,Pittsburgh,PA,40.4438478,-79.993655,3724219430,4,4551,6176,320454192986190,167700682022903,751005645582817,498998634635609,15.151,11.376,8.453,6.817,11.782,42.139,204.393,229.472
2108,Pittsburgh,PA,40.4438989,-79.9881728,13125535469,3,4551,6176,4243270612374049,904476220401937,334925574656243,1646324258910681,13.53,23.338,26.433,13.723,4.369,38.273,239.4,317.804
2109,Pittsburgh,PA,40.4439766,-79.9952825,6219305787,4,4551,6176,136760138491474,217737136515000,467054484367084,143928251085190,22.88,27.152,26.613,12.353,355.42,146.534,157.208,261.273
2110,Pittsburgh,PA,40.4439823,-79.9880047,13125535462,3,4551,6176,4243270612374049,904476220401937,334925574656243,1646324258910681,6.167,9.649,17.239,10.355,4.369,38.273,239.4,317.804
2111,Pittsburgh,PA,40.4439885,-79.9938857,11521800704,3,4551,6176,320454192986190,1213797669091444,751005645582817,498998634635609,15.515,19.267,22.626,20.839,11.782,66.85,204.393,229.472
2112,Pittsburgh,PA,40.4439895,-79.9952303,6219305785,3,4551,6176,136760138491474,217737136515000,467054484367084,297784955165811,23.437,31.775,31.133,11.57,355.42,146.534,157.208,260.284
2113,Pittsburgh,PA,40.4440212,-79.9938654,3995501061,3,4551,6176,320454192986190,1213797669091444,375143413881112,498998634635609,14.536,16.317,23.42,22.944,11.782,66.85,195.82,229.472
2114,Pittsburgh,PA,40.444025,-79.9879944,13125535470,3,4551,6176,4243270612374049,904476220401937,334925574656243,334925574656243,7.609,5.086,13.412,13.412,4.369,38.273,239.4,239.4
2115,Pittsburgh,PA,40.4440426,-79.9955436,6227466537,4,4551,6176,136760138491474,912413972947405,912413972947405,143928251085190,20.419,11.374,11.374,16.314,355.42,148.245,148.245,261.273
2116,Pittsburgh,PA,40.4440468,-79.9882488,13125535466,4,4551,6176,4243270612374049,904476220401937,334925574656243,224414629058938,15.738,20.263,16.724,5.357,4.369,38.273,239.4,245.584
2117,Pittsburgh,PA,40.4441345,-79.9936892,6219305797,3,4551,6176,486813819198208,1213797669091444,964831980996101,498998634635609,17.298,7.773,13.98,32.941,356.19,66.85,178.087,229.472
2118,Pittsburgh,PA,40.4441718,-79.9881203,13125534809,3,4551,6176,4243270612374049,904476220401937,334925574656243,334925574656243,19.973,14.703,6.081,6.081,4.369,38.273,239.4,239.4
2119,Pittsburgh,PA,40.4442,-79.9880467,7794886078,3,4551,6176,764097987624262,1118475168660377,792806994997744,334925574656243,12.034,12.507,8.127,8.712,37.65,42.269,233.862,239.4
2120,Pittsburgh,PA,40.4442049,-79.9880351,13125534815,3,4551,6176,764097987624262,1118475168660377,792806994997744,792806994997744,11.998,11.826,7.289,7.289,37.65,42.269,233.862,233.862
2121,Pittsburgh,PA,40.4442058,-79.9871132,13125535267,3,4551,6176,517001829321569,517001829321569,199577682011263,199577682011263,32.07,32.07,34.386,34.386,54.508,54.508,239.535,239.535
2122,Pittsburgh,PA,40.4443949,-79.987258,13125535263,3,4551,6176,506455720721430,506455720721430,199577682011263,199577682011263,8.48,8.48,10.351,10.351,54.647,54.647,239.535,239.535
2123,Pittsburgh,PA,40.4444329,-79.9871543,13125535261,3,4551,6176,1115654445585576,1115654445585576,3010268742542591,199577682011263,10.445,10.445,12.646,12.648,57.521,57.521,238.011,239.535
2124,Pittsburgh,PA,40.4444989,-79.9873403,7794899269,3,4551,6176,506455720721430,506455720721430,199577682011263,199577682011263,5.979,5.979,4.761,4.761,54.647,54.647,239.535,239.535
2125,Pittsburgh,PA,40.4445342,-80.0009508,5312909774,4,4551,6176,823613461908095,330967115044946,913573939214690,179242547444497,31.82,7.675,34.981,29.013,28.81,73.104,212.624,248.836
2126,Pittsburgh,PA,40.444649,-80.0009985,5312909775,4,4551,6176,823613461908095,502657397548479,740789953257251,187278126581145,18.478,16.08,22.516,22.777,28.81,68.15,180.0,270.0
2127,Pittsburgh,PA,40.444659,-79.9866379,7794945513,4,4551,6176,473835653889200,218221593150252,850014192593457,850014192593457,15.561,9.52,11.987,11.987,59.401,61.576,239.591,239.591
2128,Pittsburgh,PA,40.4446821,-80.0008919,683704687,4,4551,6176,823613461908095,313744053489802,740789953257251,179242547444497,19.191,15.153,27.149,13.259,28.81,68.08,180.0,248.836
2129,Pittsburgh,PA,40.4447135,-80.0010256,6285564537,3,4551,6176,823613461908095,502657397548479,740789953257251,187278126581145,11.028,8.688,15.817,16.663,28.81,68.15,180.0,270.0
2130,Pittsburgh,PA,40.4447147,-80.0007828,5312909771,4,4551,6176,4010380395712086,895866277937588,778000149572365,179242547444497,26.403,14.809,31.124,4.638,347.612,67.799,177.57,248.836
2131,Pittsburgh,PA,40.4447467,-80.0009167,683704688,4,4551,6176,4010380395712086,313744053489802,778000149572365,178805790794676,16.169,7.759,19.982,12.302,347.612,68.08,177.57,250.649
2132,Pittsburgh,PA,40.4447808,-80.0007971,11525429605,3,4551,6176,4010380395712086,895866277937588,778000149572365,178805790794676,21.253,7.386,26.627,1.641,347.612,67.799,177.57,250.649
2133,Pittsburgh,PA,40.4447954,-80.0010471,6285564536,3,4551,6176,823613461908095,502657397548479,778000149572365,260676892507881,1.905,1.464,8.949,9.227,28.81,68.15,177.57,261.023
2134,Pittsburgh,PA,40.444806,-79.9862791,13125535232,3,4551,6176,187800263197401,152502103513812,850014192593457,314713306835155,10.876,11.034,33.874,12.546,53.576,58.818,239.591,241.567
2135,Pittsburgh,PA,40.4448138,-79.9939816,6219141652,4,4551,6176,725225763270842,485811372630858,220617109519915,154763546661664,15.256,26.066,14.818,13.875,348.958,105.945,167.686,249.74
2136,Pittsburgh,PA,40.4448762,-80.0008384,6285564713,3,4551,6176,4010380395712086,895866277937588,778000149572365,469849584096588,15.374,3.797,21.27,2.267,347.612,67.799,177.57,254.728
2137,Pittsburgh,PA,40.4448868,-79.9936978,6219360535,4,4551,6176,831436634133475,485811372630858,1605058113816104,2237353516738637,8.111,26.226,9.692,9.504,337.271,105.945,190.739,303.556
2138,Pittsburgh,PA,40.4449165,-79.9863593,7794917669,3,4551,6176,187800263197401,187800263197401,850014192593457,314713306835155,4.859,4.859,31.732,1.514,53.576,53.576,239.591,241.567
2139,Pittsburgh,PA,40.4449393,-80.001089,3551814632,3,4551,6176,4010380395712086,2897066410538598,814141799483728,494864015048143,9.756,1.413,2.544,6.824,347.612,90.0,178.097,254.944
2140,Pittsburgh,PA,40.4449624,-79.9940182,6216528784,4,4551,6176,298050838713910,485811372630858,796932784274878,154763546661664,13.794,11.909,9.628,3.74,5.136,105.945,164.458,249.74
2141,Pittsburgh,PA,40.4450058,-80.0009156,3551814636,3,4551,6176,4010380395712086,2897066410538598,814141799483728,307339330983540,17.574,17.739,18.423,3.619,347.612,90.0,178.097,263.1
2142,Pittsburgh,PA,40.4450633,-79.9937304,6182141273,4,4551,6176,308412677424228,485811372630858,1122104366371635,825618945007109,15.047,16.856,13.272,1.173,338.211,105.945,166.874,241.552
2143,Pittsburgh,PA,40.4451405,-79.9854695,13125535245,3,4551,6176,3880423275344534,521057178915355,945129949639731,2960948024142718,12.612,10.708,13.051,12.549,48.671,57.721,239.547,241.672
2144,Pittsburgh,PA,40.4452017,-79.985335,13125535238,3,4551,6176,3880423275344534,277669180750743,1233682763739800,825100198390461,14.285,11.877,17.115,11.423,48.671,63.446,238.293,253.309
2145,Pittsburgh,PA,40.4452084,-79.9991596,5312909768,4,4551,6176,1016962888835726,1313181089076746,216402060010108,199602602006801,9.31,1.736,21.616,29.045,55.605,66.183,138.962,265.89
2146,Pittsburgh,PA,40.4452423,-79.9990528,683704692,4,4551,6176,1016962888835726,265615201966558,216402060010108,199602602006801,18.891,4.204,20.181,28.651,55.605,67.447,138.962,265.89
2147,Pittsburgh,PA,40.4452818,-79.9989383,5312909767,4,4551,6176,1016962888835726,805694693404417,216402060010108,199602602006801,29.484,5.502,23.925,31.545,55.605,68.847,138.962,265.89
2148,Pittsburgh,PA,40.4452873,-79.9991945,6285564717,3,4551,6176,1016962888835726,573102683660359,970763443779786,199602602006801,15.314,8.0,22.948,19.92,55.605,66.969,237.808,265.89
2149,Pittsburgh,PA,40.4453295,-79.999087,3582442107,4,4551,6176,1016962888835726,186271846686912,227308752063933,199602602006801,23.537,7.478,19.625,18.96,55.605,66.35,229.833,265.89
2150,Pittsburgh,PA,40.4453353,-79.9992155,6285564715,3,4551,6176,1016962888835726,573102683660359,970763443779786,199602602006801,20.208,2.625,18.58,14.451,55.605,66.969,237.808,265.89
2151,Pittsburgh,PA,40.4453507,-79.9938839,6182141266,4,4551,6176,321218772857587,302762314759214,302762314759214,825618945007109,12.157,12.546,12.546,34.281,338.754,149.4,149.4,241.552
2152,Pittsburgh,PA,40.4453791,-79.9989595,6281357810,3,4551,6176,4074940692561271,524142848950834,227308752063933,3973227616064467,25.339,7.379,17.571,17.331,332.518,65.366,229.833,244.626
2153,Pittsburgh,PA,40.4454478,-79.9850912,13125534961,3,4551,6176,503164397697503,2793737130956353,483005026271387,469761610952066,7.822,2.467,9.506,3.159,350.81,44.159,239.339,242.195
2154,Pittsburgh,PA,40.4455012,-79.9849666,13125534960,3,4551,6176,503164397697503,2793737130956353,483005026271387,483005026271387,6.169,11.067,4.609,4.609,350.81,44.159,239.339,239.339
2155,Pittsburgh,PA,40.445518,-79.9982439,6216631634,3,4551,6176,5746646085360579,921801221929202,1908696835965392,1178443224253032,7.064,11.514,12.115,29.438,49.451,86.793,120.656,250.398
2156,Pittsburgh,PA,40.4455283,-79.999299,1510806470,3,4551,6176,4074940692561271,1470843106602165,970763443779786,199602602006801,26.008,3.403,16.002,9.536,332.518,77.181,237.808,265.89
2157,Pittsburgh,PA,40.4455592,-79.9982161,6216631633,4,4551,6176,5746646085360579,921801221929202,1908696835965392,1178443224253032,6.342,6.372,7.649,26.374,49.451,86.793,120.656,250.398
2158,Pittsburgh,PA,40.4455874,-79.9982872,683704679,3,4551,6176,5746646085360579,921801221929202,1908696835965392,1178443224253032,1.801,9.629,12.983,20.914,49.451,86.793,120.656,250.398
2159,Pittsburgh,PA,40.4455905,-79.9981926,6216631620,3,4551,6176,194092339248610,921801221929202,1908696835965392,1361578292170881,12.448,2.369,4.988,24.232,31.603,86.793,120.656,250.398
2160,Pittsburgh,PA,40.445794,-79.998268,683704630,4,4551,6176,372851757466101,2957341314499723,353006416247355,839439643315518,17.995,4.556,8.241,2.927,27.875,64.65,239.398,243.336
2161,Pittsburgh,PA,40.4462806,-79.9967061,6216631632,3,4551,6176,484394449466035,4783189415028744,4075078845848514,2521099098269886,15.646,3.791,13.604,6.152,23.806,63.785,164.013,244.623
2162,Pittsburgh,PA,40.4463385,-79.9942676,6181961879,3,4551,6176,881692409081911,744562272851331,4207208752657075,185432086781763,10.588,19.648,13.958,12.15,352.211,62.217,160.885,232.562
2163,Pittsburgh,PA,40.4464603,-79.9962277,8313645751,4,4551,6176,4010287842381462,957447191461835,905680570279222,1180546570670900,16.338,12.801,12.52,12.211,59.202,78.399,230.862,239.872
2164,Pittsburgh,PA,40.4464634,-79.994322,6181788574,3,4551,6176,766844047338005,744562272851331,185432086781763,185432086781763,8.382,8.66,3.046,3.046,356.23,62.217,232.562,232.562
2165,Pittsburgh,PA,40.4466461,-79.9963142,6216483894,3,4551,6176,4010287842381462,360055259057803,783375759235296,471893547238897,8.332,4.393,7.996,4.806,59.202,70.37,214.315,255.23
2166,Pittsburgh,PA,40.446662,-79.9935463,6182014480,3,4551,6176,1185241685244963,1185241685244963,746805169320954,746805169320954,21.325,21.325,23.346,23.346,43.964,43.964,220.387,220.387
2167,Pittsburgh,PA,40.4467421,-79.9934191,6182014463,5,4551,6176,627363681996673,627363681996673,941491696664958,941491696664958,23.463,23.463,26.471,26.471,36.925,36.925,216.001,216.001
2168,Pittsburgh,PA,40.4467491,-79.9943819,6181788447,3,4551,6176,2264410337025998,744562272851331,931633840714259,3892414547723723,25.556,28.575,29.207,27.121,24.909,62.217,156.748,313.293
2169,Pittsburgh,PA,40.4468175,-79.9933099,6182014467,3,4551,6176,517027449314730,627363681996673,843758409547766,843758409547766,26.316,26.907,29.708,29.708,33.19,36.925,211.118,211.118
2170,Pittsburgh,PA,40.4468458,-79.9935197,6182014457,3,4551,6176,627363681996673,627363681996673,843758409547766,941491696664958,9.442,9.442,13.946,14.297,36.925,36.925,211.118,216.001
2171,Pittsburgh,PA,40.4468545,-79.9935285,6182014602,4,4551,6176,627363681996673,627363681996673,843758409547766,941491696664958,8.288,8.288,12.725,13.44,36.925,36.925,211.118,216.001
2172,Pittsburgh,PA,40.4468933,-79.9945121,6181788449,3,4551,6176,2264410337025998,307356437612531,307356437612531,167011265357633,16.628,21.422,21.422,22.173,24.909,120.249,120.249,290.128
2173,Pittsburgh,PA,40.4469003,-79.9936646,6181788582,3,4551,6176,627363681996673,627363681996673,941491696664958,941491696664958,4.542,4.542,4.306,4.306,36.925,36.925,216.001,216.001
2174,Pittsburgh,PA,40.4469366,-79.9936279,6181788583,4,4551,6176,627363681996673,627363681996673,843758409547766,843758409547766,4.935,4.935,1.488,1.488,36.925,36.925,211.118,211.118
2175,Pittsburgh,PA,40.4469451,-79.9914222,6113971784,3,4551,6176,147025654003927,330484975318639,1921035894712204,2942430479324561,28.965,29.084,6.997,30.81,51.205,51.955,163.425,261.946
2176,Pittsburgh,PA,40.4302704,-79.9743688,11591319256,3,4552,6176,1200920113754542,170335161676111,1103975600110545,290433529422200,3.861,9.404,4.624,7.261,3.95,89.21,196.612,270.222
2177,Pittsburgh,PA,40.4302823,-79.9745324,11591319268,3,4552,6176,1200920113754542,854088265204373,838495383406497,1692887201099497,10.165,10.736,12.662,6.98,3.95,74.779,180.0,275.213
2178,Pittsburgh,PA,40.4302824,-79.9743547,11591319258,3,4552,6176,1200920113754542,498180164860615,838495383406497,290433529422200,4.88,10.183,8.981,8.894,3.95,93.444,180.0,270.222
2179,Pittsburgh,PA,40.4302895,-79.9745317,11591344524,3,4552,6176,1200920113754542,2677196492570492,838495383406497,1692887201099497,10.15,13.61,12.152,7.779,3.95,83.12,180.0,275.213
2180,Pittsburgh,PA,40.4303762,-79.9599206,3218387763,4,4552,6176,4396396027066564,585123635782836,454323399000772,804947143459790,30.921,29.744,31.263,32.915,342.334,79.617,125.079,312.831
2181,Pittsburgh,PA,40.43039,-79.9790456,12524613493,3,4552,6176,308365520695089,466299574453915,171631624767469,2636023696690891,21.461,7.25,17.525,9.105,304.392,100.628,180.684,264.327
2182,Pittsburgh,PA,40.4303949,-79.9789543,11594762198,4,4552,6176,308365520695089,487369062469686,171631624767469,274235677716978,14.522,5.959,15.475,12.726,304.392,94.158,180.684,278.273
2183,Pittsburgh,PA,40.4303991,-79.978877,12524613488,3,4552,6176,308365520695089,829328354323076,171631624767469,854315638493790,9.655,5.372,16.61,12.71,304.392,91.897,180.684,277.555
2184,Pittsburgh,PA,40.4304135,-79.978853,12524613487,3,4552,6176,308365520695089,829328354323076,171631624767469,854315638493790,7.273,3.064,16.234,10.204,304.392,91.897,180.684,277.555
2185,Pittsburgh,PA,40.4304293,-79.9790578,12524613494,3,4552,6176,308365520695089,466299574453915,171631624767469,2636023696690891,20.986,4.073,14.216,4.779,304.392,100.628,180.684,264.327
2186,Pittsburgh,PA,40.43048,-79.960089,7259063232,3,4552,6176,4396396027066564,585123635782836,454323399000772,305890074329909,22.749,27.483,22.886,27.65,342.334,79.617,125.079,277.503
2187,Pittsburgh,PA,40.430481,-79.978859,11594762200,4,4552,6176,308365520695089,829328354323076,171631624767469,308365520695089,3.712,4.742,10.476,3.712,304.392,91.897,180.684,304.392
2188,Pittsburgh,PA,40.430483,-79.9597644,7349217934,3,4552,6176,3805589872899795,585123635782836,454323399000772,295392005601196,22.961,18.1,24.869,29.84,46.73,79.617,125.079,243.24
2189,Pittsburgh,PA,40.4304877,-79.9789464,104728823,4,4552,6176,308365520695089,487369062469686,171631624767469,274235677716978,11.12,4.569,5.298,4.448,304.392,94.158,180.684,278.273
2190,Pittsburgh,PA,40.4304952,-79.9790431,11594762195,4,4552,6176,308365520695089,466299574453915,171631624767469,274235677716978,19.341,5.144,8.153,4.345,304.392,100.628,180.684,278.273
2191,Pittsburgh,PA,40.4304967,-79.9738303,5317313603,3,4552,6176,1465196547206076,784834748843486,2925205461081583,517137439456354,31.912,34.394,28.537,28.454,340.845,86.647,167.8,257.696
2192,Pittsburgh,PA,40.4305381,-79.978862,12524613476,3,4552,6176,308365520695089,829328354323076,171631624767469,274235677716978,8.227,11.016,8.421,11.712,304.392,91.897,180.684,278.273
2193,Pittsburgh,PA,40.4305424,-79.9789418,11594762176,4,4552,6176,308365520695089,487369062469686,171631624767469,274235677716978,13.134,10.602,1.902,6.009,304.392,94.158,180.684,278.273
2194,Pittsburgh,PA,40.4305475,-79.9790336,12524613489,3,4552,6176,308365520695089,217882263184124,171631624767469,274235677716978,20.169,11.83,6.298,5.782,304.392,91.112,180.684,278.273
2195,Pittsburgh,PA,40.4305513,-79.9788459,12524613483,3,4552,6176,308365520695089,829328354323076,171631624767469,274235677716978,9.085,12.372,9.96,13.499,304.392,91.897,180.684,278.273
2196,Pittsburgh,PA,40.4305613,-79.9790308,12524613477,3,4552,6176,308365520695089,217882263184124,171631624767469,274235677716978,20.64,13.109,6.617,6.972,304.392,91.112,180.684,278.273
2197,Pittsburgh,PA,40.4306213,-79.9597989,1687149886,3,4552,6176,3805589872899795,585123635782836,454323399000772,295392005601196,10.434,3.633,13.362,14.359,46.73,79.617,125.079,243.24
2198,Pittsburgh,PA,40.43065,-79.9727845,7838485249,3,4552,6176,925385448308769,219535826310603,850455922222583,1186403311783653,5.249,1.125,2.188,11.165,18.306,86.353,185.516,266.744
2199,Pittsburgh,PA,40.4307107,-79.9597075,7349218059,3,4552,6176,3805589872899795,3805589872899795,125254782918319,295392005601196,2.853,2.853,9.597,8.569,46.73,46.73,219.304,243.24
2200,Pittsburgh,PA,40.4307257,-79.9727603,1025864082,3,4552,6176,798758924397527,219535826310603,850455922222583,1186403311783653,1.954,9.682,7.698,3.281,338.483,86.353,185.516,266.744
2201,Pittsburgh,PA,40.4307939,-79.9727785,7838485241,3,4552,6176,798758924397527,1197113024085022,532880541211772,1186403311783653,6.854,5.653,10.336,4.845,338.483,68.477,202.45,266.744
2202,Pittsburgh,PA,40.4308244,-79.9596398,7014034761,3,4552,6176,1462902587379318,1462902587379318,857342801793674,857342801793674,7.278,7.278,4.365,4.365,43.599,43.599,219.676,219.676
2203,Pittsburgh,PA,40.4308307,-79.9727083,7838485248,3,4552,6176,798758924397527,1197113024085022,978701572866054,1186403311783653,10.727,4.4,9.843,10.871,338.483,68.477,215.383,266.744
2204,Pittsburgh,PA,40.4308578,-79.9596919,7349218057,4,4552,6176,1462902587379318,1462902587379318,857342801793674,857342801793674,12.936,12.936,1.998,1.998,43.599,43.599,219.676,219.676
2205,Pittsburgh,PA,40.4308891,-79.9596568,7349218054,3,4552,6176,264515458694708,563080838009018,517370786102071,517370786102071,14.815,13.318,1.985,1.985,35.421,45.54,216.985,216.985
2206,Pittsburgh,PA,40.4309192,-79.9786274,2142263437,3,4552,6176,3785958618199972,263201608920450,153568873398608,475628800358053,26.832,31.137,27.792,4.255,5.217,97.114,201.344,265.589
2207,Pittsburgh,PA,40.4309341,-79.9789077,104528763,4,4552,6176,521583722213966,263201608920450,153568873398608,338148147732129,4.311,7.392,13.685,12.589,22.217,97.114,201.344,261.751
2208,Pittsburgh,PA,40.4309365,-79.9602044,5320858213,3,4552,6176,546427576359079,1046386372562042,1046386372562042,519397836108672,6.142,10.179,10.179,6.099,311.935,130.716,130.716,305.847
2209,Pittsburgh,PA,40.4309485,-79.9590911,7259063201,3,4552,6176,1001489803718739,2929844430563540,460445281714348,321165332967764,9.204,9.018,4.839,10.698,312.462,90.9,128.389,305.93
2210,Pittsburgh,PA,40.4309886,-79.9591904,7259063219,3,4552,6176,261006035710563,2929844430563540,460445281714348,781021736107917,12.761,4.531,9.28,12.862,34.461,90.9,128.389,272.169
2211,Pittsburgh,PA,40.4309927,-79.9601421,7349218058,4,4552,6176,546427576359079,1046386372562042,1046386372562042,519397836108672,5.665,18.33,18.33,5.524,311.935,130.716,130.716,305.847
2212,Pittsburgh,PA,40.43105,-79.9593362,7349218064,3,4552,6176,261006035710563,163590955710027,1160232984454052,138847258232719,1.697,7.981,6.433,4.828,34.461,85.324,231.029,253.173
2213,Pittsburgh,PA,40.4310643,-79.9593211,5320858460,4,4552,6176,261006035710563,163590955710027,1160232984454052,138847258232719,3.17,9.946,7.377,3.547,34.461,85.324,231.029,253.173
2214,Pittsburgh,PA,40.431109,-79.9606195,5320858219,3,4552,6176,828990887710097,502320407468017,156902286391803,2594827937489382,30.348,14.142,7.552,3.383,301.837,107.356,135.916,281.5
2215,Pittsburgh,PA,40.4311236,-79.9594272,7259063224,3,4552,6176,261006035710563,319454369574833,1160232984454052,138847258232719,12.865,15.363,6.296,8.24,34.461,97.402,231.029,253.173
2216,Pittsburgh,PA,40.4311284,-79.9604703,7349218042,3,4552,6176,828990887710097,502320407468017,521184035745417,834463014089017,19.798,15.334,17.253,4.3,301.837,107.356,128.728,289.186
2217,Pittsburgh,PA,40.43114,-79.9590088,7259063220,3,4552,6176,5479333308806382,2929844430563540,804247274780880,2495713637390635,3.815,18.294,15.624,2.466,318.392,90.9,135.868,312.176
2218,Pittsburgh,PA,40.4311518,-79.9605877,7349218040,4,4552,6176,828990887710097,2831597597090544,156902286391803,2594827937489382,29.674,17.408,12.389,4.984,301.837,106.099,135.916,281.5
2219,Pittsburgh,PA,40.4311565,-79.9610668,5320858210,4,4552,6176,175210891182132,1383218032046337,156902286391803,373061730795041,8.966,9.857,32.086,6.44,301.813,117.497,135.916,293.259
2220,Pittsburgh,PA,40.431174,-79.9592354,5320858435,3,4552,6176,620271468856284,319454369574833,1160232984454052,781021736107917,4.459,10.099,18.712,8.527,27.138,97.402,231.029,272.169
2221,Pittsburgh,PA,40.4311755,-79.9611641,7349217944,3,4552,6176,175210891182132,1383218032046337,308560580841850,175210891182132,8.145,6.337,33.74,8.145,301.813,117.497,127.71,301.813
2222,Pittsburgh,PA,40.431197,-79.9610275,5320858423,3,4552,6176,175210891182132,1383218032046337,156902286391803,373061730795041,7.509,9.766,30.501,2.169,301.813,117.497,135.916,293.259
2223,Pittsburgh,PA,40.4312387,-79.9595067,7259063209,3,4552,6176,933076184152256,592599438384652,498879998231090,138847258232719,17.537,8.872,11.072,21.546,310.171,113.019,153.004,253.173
2224,Pittsburgh,PA,40.4312442,-79.9590716,7259063214,3,4552,6176,967287640732061,976858492853287,347522994466423,804588267125235,5.17,7.006,10.181,7.851,355.638,74.264,131.112,307.395
2225,Pittsburgh,PA,40.4312502,-79.9605148,7014034752,3,4552,6176,828990887710097,2831597597090544,156902286391803,189646436378143,31.859,26.778,24.524,15.385,301.837,106.099,135.916,285.174
2226,Pittsburgh,PA,40.4312657,-79.9611871,5320858427,3,4552,6176,1917502271750836,1383218032046337,308560580841850,1201717710283674,3.295,6.05,26.717,3.176,307.767,117.497,127.71,303.774
2227,Pittsburgh,PA,40.4313001,-79.9611535,7349218035,4,4552,6176,1917502271750836,1383218032046337,308560580841850,1201717710283674,4.968,8.147,28.074,4.827,307.767,117.497,127.71,303.774
2228,Pittsburgh,PA,40.4313001,-79.9594295,5320858437,4,4552,6176,933076184152256,592599438384652,498879998231090,529649708415329,8.853,6.165,11.4,13.868,310.171,113.019,153.004,288.731
2229,Pittsburgh,PA,40.4313116,-79.9591657,5320858461,4,4552,6176,2915058315418134,976858492853287,655333456695149,332576591824003,7.222,4.624,10.102,10.079,352.314,74.264,130.427,263.43
2230,Pittsburgh,PA,40.4313862,-79.9593292,7259063210,3,4552,6176,933076184152256,319454369574833,333276295749958,529649708415329,7.588,16.678,12.41,2.095,310.171,97.402,130.638,288.731
2231,Pittsburgh,PA,40.4313882,-79.9592677,7259063221,3,4552,6176,2915058315418134,1356039375336549,1356039375336549,332576591824003,18.672,8.874,8.874,3.106,352.314,130.11,130.11,263.43
2232,Pittsburgh,PA,40.4314272,-79.9618619,7349217897,3,4552,6176,1419858365030444,794823501165597,2141496932653874,320427246334856,19.218,22.638,15.535,19.29,9.298,99.342,211.603,267.137
2233,Pittsburgh,PA,40.4314684,-79.9618188,7349217899,3,4552,6176,1419858365030444,960740404672211,2141496932653874,320427246334856,13.393,9.493,10.179,13.556,9.298,131.902,211.603,267.137
2234,Pittsburgh,PA,40.4315023,-79.9615816,3490292674,3,4552,6176,459064445355479,325329489027567,1173049529789605,459064445355479,0.992,7.425,7.091,0.992,306.311,127.234,130.405,306.311
2235,Pittsburgh,PA,40.4315145,-79.9591233,11182034864,3,4552,6176,936959320393573,1356039375336549,1356039375336549,936959320393573,2.838,9.786,9.786,2.838,308.158,130.11,130.11,308.158
2236,Pittsburgh,PA,40.4315173,-79.9617675,5320858209,4,4552,6176,1419858365030444,960740404672211,2141496932653874,320427246334856,6.546,2.628,5.405,7.013,9.298,131.902,211.603,267.137
2237,Pittsburgh,PA,40.431541,-79.9615474,7349218033,4,4552,6176,459064445355479,325329489027567,1173049529789605,459064445355479,4.765,11.824,12.099,4.765,306.311,127.234,130.405,306.311
2238,Pittsburgh,PA,40.4315765,-79.9617054,3490292667,3,4552,6176,1419858365030444,960740404672211,2141496932653874,320427246334856,2.674,5.98,8.29,3.981,9.298,131.902,211.603,267.137
2239,Pittsburgh,PA,40.4317453,-79.9586935,5320858482,4,4552,6176,851179012103583,4376393029039590,166837832109841,959137558263421,1.751,11.54,5.984,10.008,24.632,103.511,208.378,312.854
2240,Pittsburgh,PA,40.4317471,-79.9619898,3490292670,3,4552,6176,497653977947415,794823501165597,459153231852454,501788580944174,6.935,14.591,4.87,5.397,320.511,99.342,169.982,260.374
2241,Pittsburgh,PA,40.4317515,-79.9736059,1805073479,3,4552,6176,206777587754600,873750783179777,343642040521850,508793603777921,16.456,17.123,17.773,12.48,304.355,101.249,195.495,243.206
2242,Pittsburgh,PA,40.4317758,-79.9588066,3704985454,4,4552,6176,309508627441572,395951501464400,166837832109841,309508627441572,5.995,11.289,4.957,5.995,312.384,99.342,208.378,312.384
2243,Pittsburgh,PA,40.4317866,-79.9619539,7349218031,4,4552,6176,497653977947415,794823501165597,459153231852454,2243027452494015,5.903,18.176,9.067,0.732,320.511,99.342,169.982,295.467
2244,Pittsburgh,PA,40.4326214,-79.9622455,7259063200,3,4552,6176,918248542299641,153965540016019,278245285122543,918248542299641,22.574,9.816,29.887,22.574,300.044,117.367,121.862,300.044
2245,Pittsburgh,PA,40.4326311,-79.9622509,13111259587,3,4552,6176,918248542299641,153965540016019,278245285122543,918248542299641,21.937,8.935,29.231,21.937,300.044,117.367,121.862,300.044
2246,Pittsburgh,PA,40.4326539,-79.9623098,5320858456,4,4552,6176,918248542299641,153965540016019,1323585355190152,918248542299641,23.415,10.009,29.762,23.415,300.044,117.367,121.694,300.044
2247,Pittsburgh,PA,40.4326824,-79.9623836,5320858457,4,4552,6176,218982943043740,305016771235303,6439585866138760,218982943043740,23.668,10.845,30.167,23.668,302.763,118.419,120.79,302.763
2248,Pittsburgh,PA,40.4327057,-79.9624578,7259063199,3,4552,6176,218982943043740,305016771235303,6439585866138760,218982943043740,24.732,10.007,31.068,24.732,302.763,118.419,120.79,302.763
2249,Pittsburgh,PA,40.4327058,-79.9624441,13111259586,3,4552,6176,218982943043740,305016771235303,6439585866138760,218982943043740,24.006,9.388,30.387,24.006,302.763,118.419,120.79,302.763
2250,Pittsburgh,PA,40.4327262,-79.962173,5320858454,4,4552,6176,918248542299641,153965540016019,278245285122543,918248542299641,9.525,4.091,16.783,9.525,300.044,117.367,121.862,300.044
2251,Pittsburgh,PA,40.4327678,-79.9622707,5320858455,4,4552,6176,218982943043740,153965540016019,2643109232512730,218982943043740,12.23,8.374,17.159,12.23,302.763,117.367,120.181,302.763
2252,Pittsburgh,PA,40.4328031,-79.9621108,7259063198,3,4552,6176,918248542299641,278245285122543,278245285122543,918248542299641,1.485,6.796,6.796,1.485,300.044,121.862,121.862,300.044
2253,Pittsburgh,PA,40.4328111,-79.9623716,5320858451,4,4552,6176,218982943043740,305016771235303,6439585866138760,218982943043740,11.186,3.838,17.336,11.186,302.763,118.419,120.79,302.763
2254,Pittsburgh,PA,40.4328916,-79.9623156,7259063197,4,4552,6176,218982943043740,343309858087760,6439585866138760,497149561425645,3.947,7.22,7.714,3.003,302.763,116.709,120.79,298.675
2255,Pittsburgh,PA,40.4329518,-79.9624512,7259063196,3,4552,6176,903910873792729,229382856793010,229382856793010,136329718534972,3.446,6.95,6.95,3.546,301.625,121.803,121.803,297.377
2256,Pittsburgh,PA,40.432959,-79.9624224,5320858447,3,4552,6176,903910873792729,229382856793010,229382856793010,903910873792729,1.97,5.214,5.214,1.97,301.625,121.803,121.803,301.625
2257,Pittsburgh,PA,40.4348439,-79.966884,13092702287,3,4552,6176,489020359010959,165531179943309,291333345807360,2246589645478333,6.82,7.905,30.78,1.65,300.791,117.37,120.404,298.578
2258,Pittsburgh,PA,40.4355936,-79.9613318,13130386585,3,4552,6176,526262285049632,2033852480095451,219452509689555,4121691034560681,30.832,19.677,30.268,28.998,304.993,86.912,121.05,270.74
2259,Pittsburgh,PA,40.4356435,-79.9611734,13130386496,4,4552,6176,526262285049632,933029024117455,219452509689555,1415723532127259,29.124,15.056,31.418,24.504,304.993,87.383,121.05,270.557
2260,Pittsburgh,PA,40.43565,-79.9611133,12949163924,3,4552,6176,526262285049632,1402414376780536,219452509689555,5629995613708332,31.393,15.833,34.444,24.087,304.993,90.269,121.05,270.422
2261,Pittsburgh,PA,40.4356658,-79.9614106,13130386591,3,4552,6176,526262285049632,2033852480095451,508406503837584,515020006349308,23.459,12.04,21.706,20.517,304.993,86.912,122.373,270.873
2262,Pittsburgh,PA,40.4356698,-79.9611342,12949163925,3,4552,6176,526262285049632,1402414376780536,219452509689555,5629995613708332,28.568,13.218,31.657,21.953,304.993,90.269,121.05,270.422
2263,Pittsburgh,PA,40.435671,-79.9622059,7259660620,3,4552,6176,532914657716698,841756169881934,176551401046704,803022390652264,24.254,7.514,33.308,14.78,57.995,86.659,143.549,272.1
2264,Pittsburgh,PA,40.4356986,-79.9614437,7259660715,3,4552,6176,526262285049632,509313033604433,508406503837584,2973761556176942,20.895,7.615,17.789,16.906,304.993,93.238,122.373,270.934
2265,Pittsburgh,PA,40.4357116,-79.961363,5317313078,4,4552,6176,526262285049632,2033852480095451,219452509689555,528844578122658,17.76,6.347,16.898,15.918,304.993,86.912,121.05,270.812
2266,Pittsburgh,PA,40.4357246,-79.961269,13130386495,3,4552,6176,526262285049632,964173694414839,219452509689555,799257274052646,17.461,5.825,19.309,14.95,304.993,92.416,121.05,270.678
2267,Pittsburgh,PA,40.4357276,-79.9611334,12949163931,3,4552,6176,526262285049632,1402414376780536,219452509689555,5629995613708332,23.931,7.203,27.876,15.546,304.993,90.269,121.05,270.422
2268,Pittsburgh,PA,40.4357448,-79.9615198,7259660588,3,4552,6176,526262285049632,817018545601502,2854857158112828,320841102890923,20.393,4.258,16.139,10.928,304.993,89.116,142.616,271.057
2269,Pittsburgh,PA,40.4357535,-79.961133,12949163929,4,4552,6176,526262285049632,1402414376780536,219452509689555,5629995613708332,22.149,4.865,26.517,12.682,304.993,90.269,121.05,270.422
2270,Pittsburgh,PA,40.4358235,-79.9726554,686444577,4,4552,6176,180103557321158,466694984597176,900594493851678,4720203571339556,34.223,2.129,18.707,8.855,12.768,89.751,224.166,273.445
2271,Pittsburgh,PA,40.4359074,-79.9622473,7259660602,3,4552,6176,532914657716698,942388176303763,176551401046704,1397766367249580,15.91,9.729,32.495,7.874,57.995,79.528,143.549,259.117
2272,Pittsburgh,PA,40.4359272,-79.961758,7259660587,3,4552,6176,556171739103683,149444170488149,314734916933728,322950345909609,26.522,8.71,7.573,3.887,344.011,86.831,138.054,268.717
2273,Pittsburgh,PA,40.4359341,-79.9620181,7259660595,3,4552,6176,532914657716698,224150689104071,176551401046704,384835872765202,9.04,7.136,16.41,6.249,57.995,110.47,143.549,261.25
2274,Pittsburgh,PA,40.4359404,-79.9617536,11596379931,3,4552,6176,556171739103683,149444170488149,314734916933728,322950345909609,25.475,9.977,6.708,4.632,344.011,86.831,138.054,268.717
2275,Pittsburgh,PA,40.4359424,-79.972649,5317313784,3,4552,6176,180103557321158,519660332381270,507410173729662,4720203571339556,22.632,6.828,11.164,6.205,12.768,92.999,208.556,273.445
2276,Pittsburgh,PA,40.4359435,-79.9615612,7259652884,3,4552,6176,526262285049632,1160679427693736,861774228019914,511601806541207,20.039,9.461,4.016,4.525,304.993,88.634,127.758,269.054
2277,Pittsburgh,PA,40.4359438,-79.9616576,5317313079,4,4552,6176,556171739103683,1057419478332114,314734916933728,322950345909609,30.429,10.138,2.174,6.658,344.011,87.427,138.054,268.717
2278,Pittsburgh,PA,40.4359542,-79.9646087,6177940902,3,4552,6176,298950571824303,189270113055673,748468069176932,622631418662240,6.888,2.041,29.943,8.737,13.171,70.222,229.577,287.579
2279,Pittsburgh,PA,40.4359905,-79.9586727,10046316436,3,4552,6176,183732590187459,381124963184467,2282539035213252,1138877536613739,27.018,11.373,14.872,4.644,33.567,91.743,158.574,270.429
2280,Pittsburgh,PA,40.4360684,-79.9619136,7259660593,3,4552,6176,556171739103683,1981015372065015,226110922652505,181809860487071,7.087,6.718,6.951,19.794,344.011,136.098,138.172,263.259
2281,Pittsburgh,PA,40.4360814,-79.9646805,7259660652,4,4552,6176,327483518899627,4243980095646386,748468069176932,306260707606206,0.862,2.544,17.348,10.983,30.298,51.763,229.577,265.54
2282,Pittsburgh,PA,40.4361727,-79.9654052,3639923515,3,4552,6176,3019019151655088,946108706138514,301289891635431,4047317915381461,3.464,19.908,1.93,5.815,333.975,101.39,214.596,270.831
2283,Pittsburgh,PA,40.4361874,-79.9620633,7259660601,3,4552,6176,556171739103683,1120733071760051,4010078225743884,384835872765202,13.708,8.606,7.531,34.667,344.011,130.116,138.724,261.25
2284,Pittsburgh,PA,40.4362071,-79.9585389,10046316427,3,4552,6176,183732590187459,4041420272600707,2282539035213252,1070935910096766,31.856,9.112,15.639,27.051,33.567,129.6,158.574,277.583
2285,Pittsburgh,PA,40.4369986,-79.9631447,7259660660,3,4552,6176,533948394644494,810608196550413,1153025655203471,1136025766923060,4.193,1.213,17.702,33.759,44.451,77.107,148.525,309.147
2286,Pittsburgh,PA,40.4370587,-79.9629414,7259660665,3,4552,6176,497515568256978,1366136700426634,1153025655203471,1136025766923060,18.025,8.633,4.08,34.355,357.312,99.455,148.525,309.147
2287,Pittsburgh,PA,40.4370774,-79.9733016,6789536996,3,4552,6176,377049710298034,308557127315779,2973072642960690,913499309439046,12.88,2.478,19.929,6.166,37.303,72.439,173.359,272.545
2288,Pittsburgh,PA,40.4370878,-79.9736098,6789536997,3,4552,6176,183730393626240,769012144003440,479122663369025,1152447268551981,16.311,8.577,6.933,6.163,11.673,94.217,159.269,266.372
2289,Pittsburgh,PA,40.4370895,-79.9735069,5317312700,4,4552,6176,183730393626240,4237868342904483,479122663369025,757203141609917,13.024,10.202,3.311,4.77,11.673,94.202,159.269,269.773
2290,Pittsburgh,PA,40.437106,-79.9632781,7259660656,3,4552,6176,497515568256978,1806550692852788,397834307914250,933947384096570,14.762,7.871,23.989,24.951,357.312,46.96,134.901,290.158
2291,Pittsburgh,PA,40.4371216,-79.9629659,7259660667,3,4552,6176,497515568256978,1151036548655028,397834307914250,1136025766923060,13.074,7.134,5.386,27.739,357.312,74.572,134.901,309.147
2292,Pittsburgh,PA,40.4371445,-79.9632625,7259660658,3,4552,6176,497515568256978,299406125051136,397834307914250,933947384096570,12.529,11.183,23.624,20.544,357.312,49.09,134.901,290.158
2293,Pittsburgh,PA,40.4372309,-79.9735909,6789536998,3,4552,6176,183730393626240,162666789124938,479122663369025,757203141609917,29.918,6.259,18.879,21.723,11.673,93.232,159.269,269.773
2294,Pittsburgh,PA,40.4372353,-79.9631045,7259660669,3,4552,6176,913754089170078,475893163515779,397834307914250,1136025766923060,3.063,9.292,19.597,10.509,342.263,52.645,134.901,309.147
2295,Pittsburgh,PA,40.4381292,-79.9607362,9641485292,4,4552,6176,473784293906775,470195044088881,277152394104447,473784293906775,3.855,17.724,15.946,3.855,318.333,120.142,141.751,318.333
2296,Pittsburgh,PA,40.4383544,-79.9612796,9641485244,3,4552,6176,786760628896742,529267688481134,529267688481134,459959511731625,5.991,2.143,2.143,26.522,46.269,135.286,135.286,318.757
2297,Pittsburgh,PA,40.4383779,-79.961242,9641485247,3,4552,6176,786760628896742,786760628896742,529267688481134,459959511731625,6.54,6.54,6.238,24.24,46.269,46.269,135.286,318.757
2298,Pittsburgh,PA,40.4384519,-79.961126,9641486859,3,4552,6176,307122947654483,307122947654483,494927628605801,459959511731625,7.414,7.414,21.313,21.202,45.803,45.803,144.832,318.757
2299,Pittsburgh,PA,40.4384736,-79.9611216,9641486857,3,4552,6176,307122947654483,307122947654483,494927628605801,459959511731625,6.803,6.803,22.504,22.966,45.803,45.803,144.832,318.757
2300,Pittsburgh,PA,40.4390319,-79.9603202,9641486854,3,4552,6176,1157355834778142,1108381066353915,349551770680778,349551770680778,12.758,12.892,13.391,13.391,40.538,43.274,232.055,232.055
2301,Pittsburgh,PA,40.4390881,-79.9601984,9641486906,3,4552,6176,1392897324543265,826595904974998,349551770680778,433395945360135,14.609,13.856,5.836,8.686,34.886,63.407,232.055,247.087
2302,Pittsburgh,PA,40.4391196,-79.958734,9641486945,4,4552,6176,2859166237671189,623471085528610,198260972116722,2859166237671189,10.777,2.035,3.86,10.777,316.586,125.021,135.63,316.586
2303,Pittsburgh,PA,40.4391811,-79.9601448,9641486907,4,4552,6176,1392897324543265,826595904974998,5242270155828904,433395945360135,10.364,7.827,3.608,3.879,34.886,63.407,224.135,247.087
2304,Pittsburgh,PA,40.4393059,-79.9587286,9641486925,4,4552,6176,147377200698152,1437559573382988,839368733664443,147377200698152,4.4,11.24,10.285,4.4,313.62,117.564,135.056,313.62
2305,Pittsburgh,PA,40.4393515,-79.9590215,9641486926,4,4552,6176,144512021027481,844748106494821,313101123760259,144512021027481,10.334,8.736,5.468,10.334,312.603,119.891,139.492,312.603
2306,Pittsburgh,PA,40.4396461,-79.9597539,10282732545,4,4552,6176,536564074416386,536564074416386,575988717247373,1093404278264864,5.039,5.039,14.732,17.357,54.587,54.587,219.161,255.262
2307,Pittsburgh,PA,40.4396806,-79.9594523,9641486927,3,4552,6176,1993887017666490,2188271221322190,782019776302259,193837296310309,10.432,1.958,0.411,2.032,0.0,95.088,167.021,220.044
2308,Pittsburgh,PA,40.4396826,-79.9594409,9641486934,3,4552,6176,1993887017666490,2188271221322190,782019776302259,193837296310309,10.16,2.921,0.869,1.535,0.0,95.088,167.021,220.044
2309,Pittsburgh,PA,40.4397594,-79.9595727,9641486910,3,4552,6176,1993887017666490,164386815533265,782019776302259,883055605885900,11.327,12.121,13.273,10.361,0.0,88.899,167.021,316.703
2310,Pittsburgh,PA,40.439776,-79.9595707,9641486922,3,4552,6176,1993887017666490,164386815533265,476866043400890,883055605885900,11.044,12.054,4.945,8.978,0.0,88.899,131.194,316.703
2311,Pittsburgh,PA,40.439777,-79.9593075,9641486939,3,4552,6176,468374847573801,164386815533265,180501394370648,221740452743230,9.715,10.464,6.769,6.584,4.634,88.899,220.22,311.83
2312,Pittsburgh,PA,40.4398623,-79.9594137,9641486954,3,4552,6176,468374847573801,164386815533265,910371893076772,322426539334004,7.111,11.263,11.059,4.576,4.634,88.899,132.274,322.71
2313,Pittsburgh,PA,40.4398787,-79.9596898,10282732473,4,4552,6176,512789933236616,2063602727112861,228012185361614,828176198081383,9.79,4.3,7.179,15.063,323.401,129.491,142.937,254.054
2314,Pittsburgh,PA,40.4398789,-79.9594105,8099223710,3,4552,6176,468374847573801,164386815533265,910371893076772,322426539334004,8.971,13.128,12.788,5.441,4.634,88.899,132.274,322.71
2315,Pittsburgh,PA,40.4399359,-79.9595023,8099223715,4,4552,6176,334770231407511,164386815533265,476866043400890,334770231407511,3.901,20.324,13.882,3.901,315.775,88.899,131.194,315.775
2316,Pittsburgh,PA,40.4400671,-79.9599188,10282732472,4,4552,6176,813389589554560,223980945817674,2105420236264510,189518276363926,12.355,4.413,6.903,11.418,30.705,136.721,150.371,266.341
2317,Pittsburgh,PA,40.440164,-79.9597855,8099223718,4,4552,6176,144158897730185,223980945817674,2105420236264510,300222338474426,6.145,11.306,11.836,9.115,326.074,136.721,150.371,313.819
2318,Pittsburgh,PA,40.4403416,-79.9602606,10282715464,3,4552,6176,1601271430067579,485074059366861,308519374211856,504747357558949,10.05,20.926,10.935,2.743,324.132,134.972,166.959,288.896
2319,Pittsburgh,PA,40.4404304,-79.9601203,8099223719,3,4552,6176,1363974223968713,315669410076539,1423022938054709,1196095574168867,10.856,17.004,3.182,9.492,346.238,143.723,185.287,268.959
2320,Pittsburgh,PA,40.4405334,-79.9600238,9641486898,3,4552,6176,466172691120399,315669410076539,1423022938054709,1196095574168867,17.809,15.622,14.855,21.058,353.187,143.723,185.287,268.959
2321,Pittsburgh,PA,40.4405553,-79.9603319,9641486886,3,4552,6176,466172691120399,377819986945299,303070601415945,303070601415945,8.506,11.611,3.4,3.4,353.187,66.286,227.849,227.849
2322,Pittsburgh,PA,40.440689,-79.9601862,9641486892,4,4552,6176,753485658666624,969431110493615,184953350167668,184953350167668,12.024,9.975,5.836,5.836,349.318,124.12,227.811,227.811
2323,Pittsburgh,PA,40.4408651,-79.960598,10282732489,4,4552,6176,236024728190673,126988696077455,126988696077455,2877160085855223,2.263,17.129,17.129,4.5,314.236,130.651,130.651,285.333
2324,Pittsburgh,PA,40.4408704,-79.97412,10277275111,3,4552,6176,508175593877107,1091605114663507,774370193220106,470232270740847,15.957,26.575,12.387,17.961,321.065,145.795,154.409,262.989
2325,Pittsburgh,PA,40.4409137,-79.9606921,10282732490,4,4552,6176,4084814534890170,126988696077455,786313908923053,2877160085855223,4.453,16.275,15.342,5.304,304.06,130.651,136.641,285.333
2326,Pittsburgh,PA,40.4409331,-79.9610076,10282732546,4,4552,6176,499981847870696,1123078504837109,1123078504837109,499981847870696,5.78,4.128,4.128,5.78,300.408,136.927,136.927,300.408
2327,Pittsburgh,PA,40.4409443,-79.9607513,10282732491,4,4552,6176,217760409880622,475123143570201,475123143570201,4084814534890170,6.234,13.898,13.898,2.643,319.245,138.955,138.955,304.06
2328,Pittsburgh,PA,40.4411978,-79.9612427,10282732492,4,4552,6176,512906730080278,307162237543044,317995639721069,174098797966514,10.857,7.067,7.661,3.631,314.627,123.411,126.315,250.279
2329,Pittsburgh,PA,40.4413244,-79.9617473,10282732548,4,4552,6176,1236542016802202,503240394195141,1143688366042756,497848441558552,5.022,3.313,12.257,5.859,310.89,118.512,127.997,304.233
2330,Pittsburgh,PA,40.4413424,-79.9615231,10282732493,4,4552,6176,745218439488122,469947727595089,301900851652539,135815655168038,12.56,8.657,10.893,8.325,328.812,113.168,124.974,301.736
2331,Pittsburgh,PA,40.4413679,-79.9618294,10282732549,4,4552,6176,216059836995914,1143688366042756,1143688366042756,497848441558552,6.493,4.235,4.235,8.825,318.158,127.997,127.997,304.233
2332,Pittsburgh,PA,40.4413736,-79.9615836,10282732494,4,4552,6176,170009395124350,469947727595089,301900851652539,170009395124350,6.736,8.019,16.095,6.736,308.101,113.168,124.974,308.101
2333,Pittsburgh,PA,40.4415335,-79.9621424,10282732547,4,4552,6176,2919740704906858,2893997137529337,2893997137529337,1087270285099221,9.163,7.352,7.352,11.232,308.089,129.228,129.228,287.237
2334,Pittsburgh,PA,40.441675,-79.9624099,10282732550,4,4552,6176,1370677266636821,3000449763556332,258889662590034,258889662590034,8.979,8.835,4.614,4.614,0.0,57.82,225.906,225.906
2335,Pittsburgh,PA,40.4426995,-79.9658168,13136003645,3,4552,6176,1386588105052713,879481055964626,324013702475269,837823950191862,9.459,26.412,20.553,27.602,1.886,67.301,143.814,241.441
2336,Pittsburgh,PA,40.4427054,-79.9658152,13136003644,3,4552,6176,1386588105052713,879481055964626,324013702475269,837823950191862,9.429,25.784,19.883,26.935,1.886,67.301,143.814,241.441
2337,Pittsburgh,PA,40.4428046,-79.9656703,13136003633,4,4552,6176,2874566349527607,879481055964626,324013702475269,837823950191862,8.155,10.863,11.98,18.323,357.553,67.301,143.814,241.441
2338,Pittsburgh,PA,40.4428437,-79.9658279,13136003643,3,4552,6176,2874566349527607,324013702475269,324013702475269,837823950191862,8.27,6.397,6.397,12.072,357.553,143.814,143.814,241.441
2339,Pittsburgh,PA,40.4428447,-79.9658386,13136003641,3,4552,6176,2874566349527607,324013702475269,324013702475269,837823950191862,9.133,7.048,7.048,12.298,357.553,143.814,143.814,241.441
2340,Pittsburgh,PA,40.4429413,-79.9657117,13136003635,3,4552,6176,2874566349527607,879481055964626,324013702475269,837823950191862,9.159,6.715,8.345,5.888,357.553,67.301,143.814,241.441
2341,Pittsburgh,PA,40.4429736,-79.9657076,3002278223,4,4552,6176,825260955088731,879481055964626,302004084900148,837823950191862,5.757,9.303,10.572,6.915,339.926,67.301,153.763,241.441
2342,Pittsburgh,PA,40.4430237,-79.9657002,13136003636,3,4552,6176,825260955088731,879481055964626,302004084900148,837823950191862,8.383,14.201,11.371,10.997,339.926,67.301,153.763,241.441
2343,Pittsburgh,PA,40.4434456,-79.9662252,13136003418,3,4552,6176,1416644518709611,4683713161655559,830897071175656,3484339014999017,13.533,21.648,9.203,19.555,333.269,149.816,153.213,328.308
2344,Pittsburgh,PA,40.4439819,-79.9665534,13135984596,4,4552,6176,474523330481529,3721369077975188,3916527531920547,750788975615931,12.388,30.282,9.086,15.16,350.448,37.564,162.183,218.133
2345,Pittsburgh,PA,40.4440692,-79.9663528,6186565440,3,4552,6176,1136332346857067,3721369077975188,1100843687065405,1144242699381414,4.269,12.835,9.89,10.658,15.976,37.564,167.983,220.692
2346,Pittsburgh,PA,40.4441275,-79.9665461,13135984567,3,4552,6176,1136332346857067,3721369077975188,1100843687065405,750788975615931,13.731,21.059,10.652,7.239,15.976,37.564,167.983,218.133
2347,Pittsburgh,PA,40.4443343,-79.9662848,13406051181,3,4552,6176,1916788508486954,1916788508486954,139374141551574,2974607912859086,11.569,11.569,9.121,9.01,47.085,47.085,231.943,232.715
2348,Pittsburgh,PA,40.4447497,-79.9653112,13135984559,3,4552,6176,237026888223366,237026888223366,487240635950441,1917529031737463,3.439,3.439,8.286,7.21,52.996,52.996,227.311,236.597
2349,Pittsburgh,PA,40.4448623,-79.9654352,13135984562,3,4552,6176,313587943668930,237026888223366,487240635950441,1917529031737463,15.316,14.274,11.497,9.787,45.629,52.996,227.311,236.597
2350,Pittsburgh,PA,40.4449948,-79.9650853,6186565447,4,4552,6176,523999685289268,784474282172244,465729751197628,291369146039902,3.889,9.193,4.085,12.028,20.523,32.192,196.265,211.409
2351,Pittsburgh,PA,40.4451028,-79.9740032,13129961181,3,4552,6176,1434671423557065,526145665067580,927861588033450,216983359965948,9.151,31.756,16.08,14.601,322.898,59.68,234.936,270.104
2352,Pittsburgh,PA,40.4451185,-79.9740341,13129961171,3,4552,6176,1434671423557065,526145665067580,927861588033450,216983359965948,10.141,29.921,15.506,11.684,322.898,59.68,234.936,270.104
2353,Pittsburgh,PA,40.4451509,-79.9738703,13129961177,4,4552,6176,470740600663333,526145665067580,927861588033450,470740600663333,3.321,29.641,11.838,3.321,317.435,59.68,234.936,317.435
2354,Pittsburgh,PA,40.4452447,-79.974078,12008940980,3,4552,6176,5446022075468992,526145665067580,927861588033450,216983359965948,8.243,16.369,11.212,4.747,348.093,59.68,234.936,270.104
2355,Pittsburgh,PA,40.44525,-79.9740509,13151169741,3,4552,6176,5446022075468992,526145665067580,927861588033450,216983359965948,6.34,15.387,8.97,6.636,348.093,59.68,234.936,270.104
2356,Pittsburgh,PA,40.4452688,-79.9739482,13129961173,4,4552,6176,5446022075468992,526145665067580,927861588033450,194753142380977,6.141,14.969,3.142,3.067,348.093,59.68,234.936,235.832
2357,Pittsburgh,PA,40.4303714,-79.9511197,7243775960,3,4553,6176,261712449027208,271469401355821,326984858945775,767447784131943,1.44,30.124,29.313,23.496,0.0,137.621,149.215,327.575
2358,Pittsburgh,PA,40.4306889,-79.9446704,303204105,3,4553,6176,294202385519737,222789799264827,522858255390452,206337304481761,2.804,2.807,29.819,17.596,50.063,50.781,170.845,276.632
2359,Pittsburgh,PA,40.430717,-79.9385795,7300780810,3,4553,6176,492206142202610,763928790944894,159073659500396,4089374457821865,1.041,1.583,3.485,0.947,0.0,99.519,181.73,293.384
2360,Pittsburgh,PA,40.4307904,-79.9387257,7300780818,3,4553,6176,1201340563648106,763928790944894,570321517288471,4089374457821865,0.258,13.249,12.052,13.877,0.0,99.519,182.028,293.384
2361,Pittsburgh,PA,40.4310105,-79.9384829,7300780808,3,4553,6176,280209487120009,1110482072766454,877075896483955,818005345481992,1.095,3.028,1.989,1.051,305.701,108.116,175.222,253.785
2362,Pittsburgh,PA,40.4311208,-79.9387828,7543082297,3,4553,6176,1164114684009475,248783867045117,1075675702839540,482107393068430,26.085,30.154,26.026,26.951,0.0,85.756,176.345,285.333
2363,Pittsburgh,PA,40.4311211,-79.9391307,7300780822,3,4553,6176,375458487178547,325748918937661,209675154109747,933430127510685,2.224,4.617,5.022,3.21,0.0,46.338,184.396,251.181
2364,Pittsburgh,PA,40.4313717,-79.9368645,104213848,4,4553,6176,488811105894416,278202487356567,135795735262872,974587373302273,14.665,12.644,15.561,1.906,5.834,90.0,173.687,259.963
2365,Pittsburgh,PA,40.4316101,-79.9529016,13085610305,3,4553,6176,662218949271589,513644003142590,483703236193773,452466525870835,8.25,17.48,14.185,10.966,1.677,99.362,187.615,275.127
2366,Pittsburgh,PA,40.4316104,-79.9380946,7300780825,4,4553,6176,549319279410786,503884190761311,487305132472409,477070190052457,1.527,3.694,4.91,1.618,0.0,94.343,180.0,259.792
2367,Pittsburgh,PA,40.4316194,-79.9527621,13085610318,3,4553,6176,662218949271589,513644003142590,483703236193773,354682979724966,3.603,5.683,11.118,8.441,1.677,99.362,187.615,274.288
2368,Pittsburgh,PA,40.4316277,-79.9518715,5320857891,3,4553,6176,500190377792810,1110852312800863,492685988642161,817261125867683,15.674,2.821,23.823,1.883,310.976,106.184,168.575,281.803
2369,Pittsburgh,PA,40.4316355,-79.9529172,13085610308,3,4553,6176,662218949271589,513644003142590,483703236193773,452466525870835,9.785,18.627,12.937,7.857,1.677,99.362,187.615,275.127
2370,Pittsburgh,PA,40.4316464,-79.9369331,7300780832,3,4553,6176,461247281803107,250548233491128,288662512977852,2877409959199604,3.526,4.643,3.932,7.475,5.594,77.241,180.657,297.485
2371,Pittsburgh,PA,40.4316607,-79.9527528,13085610321,4,4553,6176,220204954337251,513644003142590,483703236193773,354682979724966,5.379,5.665,7.369,4.03,3.485,99.362,187.615,274.288
2372,Pittsburgh,PA,40.431698,-79.9527443,13085610315,3,4553,6176,220204954337251,513644003142590,483703236193773,354682979724966,4.183,8.316,5.395,1.96,3.485,99.362,187.615,274.288
2373,Pittsburgh,PA,40.4317213,-79.9528994,13085610311,3,4553,6176,220204954337251,513644003142590,483703236193773,452466525870835,9.321,19.768,8.077,4.746,3.485,99.362,187.615,275.127
2374,Pittsburgh,PA,40.4317429,-79.952874,13085610313,3,4553,6176,220204954337251,513644003142590,483703236193773,452466525870835,8.451,19.366,6.704,7.842,3.485,99.362,187.615,275.127
2375,Pittsburgh,PA,40.4321449,-79.938908,7543082254,4,4553,6176,1179488439178805,1179488439178805,969375553873824,828703341377079,0.727,0.727,3.911,0.709,56.297,56.297,165.881,232.004
2376,Pittsburgh,PA,40.4327213,-79.936566,7543082303,3,4553,6176,810784623177064,136395258526913,1151377625363579,199600751983568,7.69,2.021,2.75,17.377,0.0,118.26,145.443,267.095
2377,Pittsburgh,PA,40.4327799,-79.937738,5320855585,4,4553,6176,175099814525495,111141247719955,500606877857925,582670396045386,19.239,10.3,18.574,7.28,59.958,67.049,175.63,244.819
2378,Pittsburgh,PA,40.43284,-79.9375053,2173707989,4,4553,6176,211873920523938,1440995479588824,500606877857925,144843844289882,1.552,8.247,2.478,3.545,52.888,97.928,175.63,244.749
2379,Pittsburgh,PA,40.4329175,-79.9367634,7543082236,3,4553,6176,2861166157458152,1230863777368344,1991362067688152,2880003505662516,13.147,8.538,1.593,1.111,323.899,89.189,150.646,274.752
2380,Pittsburgh,PA,40.432973,-79.9365565,7543082219,3,4553,6176,477537960019902,527419038641987,234120395176769,503181177532150,2.918,15.13,4.37,9.789,326.107,91.313,138.579,272.745
2381,Pittsburgh,PA,40.4329795,-79.9365628,7543082230,3,4553,6176,745446202817729,527419038641987,234120395176769,503181177532150,4.097,15.534,4.798,10.088,327.532,91.313,138.579,272.745
2382,Pittsburgh,PA,40.4330133,-79.9453969,2713700334,3,4553,6176,149202303853424,4019543988111732,3927562254018442,298750241916977,13.245,3.24,8.267,25.492,26.525,110.606,120.805,299.713
2383,Pittsburgh,PA,40.4330964,-79.946153,2755750376,3,4553,6176,492280551823840,217403556584957,217403556584957,940897033335460,33.399,2.492,2.492,32.069,301.51,140.296,140.296,277.032
2384,Pittsburgh,PA,40.4332825,-79.9457685,2713700331,3,4553,6176,1354480161601419,797334597641779,322488792809412,108865541284335,26.972,2.254,3.085,5.966,304.091,96.224,147.777,265.177
2385,Pittsburgh,PA,40.4333692,-79.9465117,2713700339,3,4553,6176,5862038537147223,764314140933442,145372617507966,1092968357776497,17.69,9.641,1.863,15.686,326.388,88.091,136.816,278.028
2386,Pittsburgh,PA,40.4334539,-79.9464243,2713700329,3,4553,6176,5862038537147223,537803814296885,227433338719163,1092968357776497,9.623,2.784,14.592,4.499,326.388,113.875,149.191,278.028
2387,Pittsburgh,PA,40.4334943,-79.9467012,303203588,3,4553,6176,412845269698367,932449390880767,1614645155402269,164724075496661,8.164,3.63,5.215,6.615,46.074,83.823,199.936,216.894
2388,Pittsburgh,PA,40.4335391,-79.9385404,2173707912,3,4553,6176,217955399838232,194420379196513,506169070621459,153397473416975,15.68,0.903,27.422,31.222,55.737,84.31,120.753,280.09
2389,Pittsburgh,PA,40.433576,-79.9465499,303203586,3,4553,6176,476720616886718,189450729696746,181409640526244,314419003588496,2.792,1.002,1.904,4.298,339.311,53.88,231.678,281.915
2390,Pittsburgh,PA,40.4341477,-79.9521711,6582668657,3,4553,6176,800552911781046,281525853678390,526361361704218,923465544881092,0.937,2.038,12.488,14.712,31.913,97.099,182.648,278.137
2391,Pittsburgh,PA,40.4341706,-79.9523265,10046316347,3,4553,6176,206277198763366,510701180084629,820893398537867,520683595970075,11.661,2.313,5.377,13.219,28.248,98.91,157.698,279.72
2392,Pittsburgh,PA,40.4342278,-79.9450454,270932720,3,4553,6176,960019134808798,285745823194698,306258484446067,484740066067613,8.444,20.611,2.971,3.023,332.122,148.454,175.799,244.608
2393,Pittsburgh,PA,40.4343441,-79.9520827,6582668636,3,4553,6176,254612457344023,5584348784969589,820893398537867,463879908046754,4.08,12.017,26.524,4.866,0.0,98.042,157.698,291.35
2394,Pittsburgh,PA,40.4344617,-79.9545585,10046281803,3,4553,6176,224975885686874,598547628206820,2281951275331166,4235718173126385,7.954,2.924,9.722,14.113,0.0,101.827,183.351,282.848
2395,Pittsburgh,PA,40.4344721,-79.9545454,10046281802,3,4553,6176,224975885686874,598547628206820,2281951275331166,4235718173126385,6.42,1.347,10.675,13.005,0.0,101.827,183.351,282.848
2396,Pittsburgh,PA,40.4345067,-79.9546998,10046281747,4,4553,6176,224975885686874,4262531720426274,2433334050163282,4235718173126385,18.781,2.869,2.869,15.026,0.0,107.617,185.993,282.848
2397,Pittsburgh,PA,40.4346405,-79.9543942,8104080863,4,4553,6176,224975885686874,208928647521518,294755242264640,199354038678382,17.285,11.268,16.219,6.733,0.0,101.376,177.817,279.197
2398,Pittsburgh,PA,40.43469,-79.9546436,9641486875,3,4553,6176,1011420146943753,980848339399319,936189144112612,2948083278759831,4.839,10.269,1.624,8.852,0.0,105.864,191.474,285.738
2399,Pittsburgh,PA,40.4346976,-79.9546496,10046281759,3,4553,6176,1011420146943753,264522289655112,936189144112612,2948083278759831,4.612,7.155,1.804,9.837,0.0,119.382,191.474,285.738
2400,Pittsburgh,PA,40.4346993,-79.9484479,2713700321,3,4553,6176,305733521108899,216942726622691,3072245413007974,964075081021269,6.442,6.887,15.414,6.417,22.698,86.747,151.099,255.798
2401,Pittsburgh,PA,40.4347355,-79.9561019,3652068894,3,4553,6176,500542264317890,182007763703027,2704478749843028,971777803569239,33.299,21.093,22.283,33.678,35.099,110.852,123.199,286.422
2402,Pittsburgh,PA,40.4347565,-79.9486732,3704985105,3,4553,6176,305733521108899,484162819676904,197630375514728,856887455173514,20.376,10.842,12.015,15.255,22.698,89.183,162.46,260.15
2403,Pittsburgh,PA,40.4347997,-79.955648,10046281744,4,4553,6176,801190281467481,288333909653699,881682122410084,815960619304986,27.207,4.944,17.035,12.541,358.323,102.348,129.749,291.356
2404,Pittsburgh,PA,40.434856,-79.9558493,10046281739,3,4553,6176,801190281467481,141135181280682,2704478749843028,836175930323271,33.352,3.876,13.282,12.524,358.323,97.752,123.199,291.96
2405,Pittsburgh,PA,40.4348578,-79.9544743,8104080864,4,4553,6176,1011420146943753,264522289655112,162383970199406,338831787657512,18.692,16.802,6.092,15.306,0.0,119.382,182.076,213.514
2406,Pittsburgh,PA,40.4348943,-79.9465552,2861423383,3,4553,6176,501859104193894,771948596845935,771948596845935,1458859241129186,22.608,1.702,1.702,20.056,321.336,128.956,128.956,309.081
2407,Pittsburgh,PA,40.4349132,-79.9560833,7259652837,3,4553,6176,3652276728335618,953204255492768,2704478749843028,573936120235927,15.887,4.088,8.277,15.671,312.224,109.757,123.199,285.503
2408,Pittsburgh,PA,40.4349358,-79.9554644,10046281763,3,4553,6176,801190281467481,504701860671619,881682122410084,267185495095511,11.186,10.33,10.489,5.526,358.323,104.261,129.749,291.511
2409,Pittsburgh,PA,40.434969,-79.9563872,7259652833,3,4553,6176,242949074255644,504459944333005,143514871038236,461640848240658,2.214,5.843,9.258,21.801,40.659,116.409,121.743,284.343
2410,Pittsburgh,PA,40.4349864,-79.9449379,529749295,3,4553,6176,479597679929730,536503444008383,536503444008383,479313853304070,8.69,1.58,1.58,8.401,311.746,124.986,124.986,308.996
2411,Pittsburgh,PA,40.4349876,-79.9556091,10046281791,3,4553,6176,801190281467481,987971548675889,881682122410084,182465490318930,8.33,10.659,20.838,6.387,358.323,112.949,129.749,292.317
2412,Pittsburgh,PA,40.4349896,-79.9563374,7259652830,3,4553,6176,242949074255644,2311959895607290,143514871038236,461640848240658,3.097,4.683,5.816,20.361,40.659,64.735,121.743,284.343
2413,Pittsburgh,PA,40.4349909,-79.9564742,7259652818,4,4553,6176,242949074255644,297554402001752,965381774247996,461640848240658,9.899,7.946,9.959,20.051,40.659,117.156,120.293,284.343
2414,Pittsburgh,PA,40.435011,-79.9565556,11596379927,3,4553,6176,462827185020609,297554402001752,222744089284075,461640848240658,15.008,8.628,11.006,21.07,3.017,117.156,120.844,284.343
2415,Pittsburgh,PA,40.4350637,-79.9565773,7259652816,3,4553,6176,462827185020609,222744089284075,222744089284075,461640848240658,8.953,4.895,4.895,18.092,3.017,120.844,120.844,284.343
2416,Pittsburgh,PA,40.4351031,-79.9472514,104670336,3,4553,6176,1981459452014976,1981459452014976,203224171628820,462497941515848,0.95,0.95,4.71,1.049,57.434,57.434,230.408,243.756
2417,Pittsburgh,PA,40.4351822,-79.9562748,13113311052,3,4553,6176,300079698276506,191925159446789,966171437557467,949335212549267,8.267,9.515,18.138,1.987,6.837,109.917,195.72,289.877
2418,Pittsburgh,PA,40.4352488,-79.9564434,7259652825,3,4553,6176,300079698276506,2860971517503224,804003740509658,2924099297878913,8.87,8.43,4.118,1.825,6.837,116.739,210.482,249.793
2419,Pittsburgh,PA,40.4354175,-79.9568896,7259652843,3,4553,6176,298046741876587,236798128214154,320071256398769,569688260668347,6.621,8.978,8.704,1.443,301.483,108.741,121.815,297.961
2420,Pittsburgh,PA,40.4356544,-79.9484581,1454927262,3,4553,6176,944177576317395,325253562362437,915588722563355,915588722563355,5.84,4.091,7.519,7.519,39.353,50.992,223.727,223.727
2421,Pittsburgh,PA,40.4356556,-79.9574565,3704985109,3,4553,6176,278906277249209,315038463475685,772083770160395,464334014859784,3.436,8.158,10.662,5.165,304.468,118.14,123.475,291.574
2422,Pittsburgh,PA,40.4357366,-79.9485905,302982933,4,4553,6176,3873251059418926,325253562362437,915588722563355,915588722563355,16.229,12.622,6.953,6.953,21.634,50.992,223.727,223.727
2423,Pittsburgh,PA,40.4357487,-79.958215,7259652861,4,4553,6176,183732590187459,904595153605954,513121613046437,1805938566232800,26.025,3.309,7.421,4.609,33.567,101.587,139.904,291.233
2424,Pittsburgh,PA,40.4357572,-79.9562642,7259652852,3,4553,6176,481232913210499,818143739134286,495099844870721,294228812412060,10.677,22.77,2.196,6.901,19.953,86.256,192.014,254.485
2425,Pittsburgh,PA,40.4357691,-79.9582979,7259652860,3,4553,6176,183732590187459,253341236578536,479476633300964,1805938566232800,21.417,1.415,15.313,4.314,33.567,106.629,169.185,291.233
2426,Pittsburgh,PA,40.4358459,-79.95742,3704985108,3,4553,6176,1302575046838932,1842346165925091,542162066777222,202597745034968,24.353,11.529,28.958,18.982,3.019,83.901,121.598,301.55
2427,Pittsburgh,PA,40.4359163,-79.9560548,7259660694,3,4553,6176,528597091821011,1243291566085280,237897998091773,264202328825967,3.116,4.936,11.224,15.78,10.743,89.186,200.103,244.928
2428,Pittsburgh,PA,40.4359999,-79.9583501,11596379929,3,4553,6176,183732590187459,337127017830570,321314722939497,5460301504043340,4.863,14.556,8.482,7.123,33.567,95.935,127.195,285.866
2429,Pittsburgh,PA,40.4360089,-79.9581346,9641485269,3,4553,6176,183732590187459,292177765903124,495462411700545,1108146046373187,19.675,19.924,16.86,13.43,33.567,93.109,141.512,290.516
2430,Pittsburgh,PA,40.4360118,-79.9583304,11596379930,3,4553,6176,183732590187459,337127017830570,2282539035213252,5460301504043340,6.543,16.447,17.825,8.712,33.567,95.935,158.574,285.866
2431,Pittsburgh,PA,40.4360124,-79.9468219,7543082364,3,4553,6176,1463756540627195,763257694333897,1389507934742528,274050664463932,34.294,1.718,9.486,2.609,13.436,78.287,217.796,260.871
2432,Pittsburgh,PA,40.4360478,-79.9564207,7259660675,3,4553,6176,528597091821011,971796253561538,237897998091773,264202328825967,32.455,8.892,23.07,21.08,10.743,87.03,200.103,244.928
2433,Pittsburgh,PA,40.4360486,-79.9464172,2766492986,3,4553,6176,2575553276072310,4047336688685507,2865397953708577,291104396003142,4.472,8.958,8.431,4.541,25.315,116.113,174.296,257.182
2434,Pittsburgh,PA,40.43605,-79.9466243,8495028494,3,4553,6176,1463756540627195,539973200337856,910925973021455,141712111280900,19.452,0.972,1.465,2.797,13.436,88.911,212.963,267.74
2435,Pittsburgh,PA,40.4360593,-79.9465483,104670293,5,4553,6176,1463756540627195,539973200337856,2865397953708577,471596714108957,14.763,5.738,8.454,0.669,13.436,88.911,174.296,261.101
2436,Pittsburgh,PA,40.4360749,-79.9561639,7259652856,3,4553,6176,619317949001207,818143739134286,318678579827805,501893230853245,12.816,13.973,5.007,2.913,21.975,86.256,221.896,244.518
2437,Pittsburgh,PA,40.4360915,-79.9561246,7259652857,3,4553,6176,619317949001207,1243291566085280,211699314100242,4557494277597996,11.633,15.875,4.505,1.851,21.975,89.186,219.871,244.108
2438,Pittsburgh,PA,40.4361464,-79.9465966,6582544505,3,4553,6176,466237444663798,539973200337856,291241032473528,490005312337913,20.056,11.229,5.539,8.448,330.695,88.911,174.738,262.273
2439,Pittsburgh,PA,40.4361951,-79.9462843,6582544528,4,4553,6176,138415734978616,539973200337856,499274211257349,770761233808412,3.34,32.435,15.058,14.747,334.042,88.911,189.01,284.515
2440,Pittsburgh,PA,40.4363414,-79.9541403,8104080853,3,4553,6176,200444979668144,226112469921151,946033999570088,304672127780633,8.543,3.636,2.824,14.053,29.72,85.306,203.392,276.983
2441,Pittsburgh,PA,40.4363963,-79.9489056,303191336,3,4553,6176,464331021321543,508681723540060,584226799134685,311383043792262,8.488,4.678,11.895,10.964,56.465,72.934,150.753,242.21
2442,Pittsburgh,PA,40.4364252,-79.9538126,13113482848,3,4553,6176,270934082235785,300361532662641,3961826713899101,1461216854647005,5.001,6.593,22.283,4.152,25.441,40.857,195.618,270.0
2443,Pittsburgh,PA,40.4364466,-79.9539249,13113482821,3,4553,6176,9751144361593786,253363864151049,3961826713899101,302811354712049,5.563,4.803,12.904,4.535,30.881,40.446,195.618,274.964
2444,Pittsburgh,PA,40.4364557,-79.9542567,8099223870,3,4553,6176,200444979668144,226112469921151,3961826713899101,2418290801675220,20.241,19.662,15.572,14.006,29.72,85.306,195.618,244.052
2445,Pittsburgh,PA,40.4364671,-79.9540846,8104080871,3,4553,6176,969479187456345,307112405038975,3961826713899101,304672127780633,7.304,15.966,4.183,6.061,310.497,88.119,195.618,276.983
2446,Pittsburgh,PA,40.4365059,-79.9554882,9508164075,3,4553,6176,822158445380073,347861056676621,1915358305299034,300811738206457,1.59,3.279,8.714,11.726,40.232,110.261,184.61,235.228
2447,Pittsburgh,PA,40.4365108,-79.9554883,13113482806,3,4553,6176,822158445380073,347861056676621,1915358305299034,300811738206457,1.06,2.809,8.335,11.402,40.232,110.261,184.61,235.228
2448,Pittsburgh,PA,40.436565,-79.955432,8104080878,3,4553,6176,171760584863841,347861056676621,1915358305299034,922975158481426,12.073,4.898,10.992,11.142,341.458,110.261,184.61,234.238
2449,Pittsburgh,PA,40.4365773,-79.9555962,9508164084,3,4553,6176,171760584863841,347861056676621,1915358305299034,300811738206457,13.922,11.759,3.448,0.97,341.458,110.261,184.61,235.228
2450,Pittsburgh,PA,40.4365984,-79.9515102,13103043317,3,4553,6176,1743385122528653,1422300391836027,832943061791918,1203570400317919,2.097,20.873,32.626,17.373,13.999,38.409,130.185,277.874
2451,Pittsburgh,PA,40.4366102,-79.9556135,9508167718,3,4553,6176,171760584863841,389477022210344,1915358305299034,829808797965524,12.843,5.373,7.031,3.942,341.458,141.519,184.61,234.731
2452,Pittsburgh,PA,40.436688,-79.955505,13113482805,3,4553,6176,171760584863841,389477022210344,371302040991808,216950276640901,3.088,7.987,8.308,2.117,341.458,141.519,161.695,233.334
2453,Pittsburgh,PA,40.4366927,-79.9554895,8099223824,3,4553,6176,171760584863841,389477022210344,371302040991808,216950276640901,2.953,9.393,9.568,1.976,341.458,141.519,161.695,233.334
2454,Pittsburgh,PA,40.4368845,-79.9513956,13103043323,3,4553,6176,464263331346231,1352309752055659,832943061791918,1001069744645587,3.919,2.926,11.194,24.131,14.481,103.435,130.185,272.034
2455,Pittsburgh,PA,40.4369034,-79.9559837,9508164095,4,4553,6176,377279743667870,961654081316302,960759538076656,505586183909394,19.503,6.355,8.074,18.094,333.667,136.082,146.218,305.297
2456,Pittsburgh,PA,40.4369058,-79.9514964,9634705279,3,4553,6176,464263331346231,754189996716636,265082329615477,1001069744645587,5.249,2.301,5.379,27.509,14.481,96.811,122.238,272.034
2457,Pittsburgh,PA,40.4369537,-79.9525962,13113482846,3,4553,6176,154292611019717,779099304009021,385804005962479,1477042796457002,11.221,34.972,9.367,9.832,322.725,136.048,180.925,270.0
2458,Pittsburgh,PA,40.4370695,-79.9525369,8104080822,3,4553,6176,154292611019717,1763370964095408,507838390664443,1477042796457002,8.38,23.911,5.073,4.102,322.725,129.899,185.968,270.0
2459,Pittsburgh,PA,40.437114,-79.9523304,8104080837,3,4553,6176,154292611019717,1763370964095408,296958356277516,1477042796457002,26.542,6.467,6.443,21.407,322.725,129.899,193.29,270.0
2460,Pittsburgh,PA,40.4371653,-79.9512783,13103043327,3,4553,6176,832877971739080,126991922737965,192606786049179,332346111591962,10.135,25.944,6.523,3.079,312.605,73.521,205.897,286.305
2461,Pittsburgh,PA,40.4371906,-79.9513798,13103043338,3,4553,6176,284294837522572,126991922737965,192606786049179,2926337687652213,8.375,27.362,2.53,5.46,305.627,73.521,205.897,271.271
2462,Pittsburgh,PA,40.4373999,-79.9522296,13103043339,3,4553,6176,4092085144168270,236287155467363,3158709481091959,185888113420353,7.14,22.175,7.884,1.604,5.0,138.71,193.688,271.999
2463,Pittsburgh,PA,40.4375688,-79.9476764,3682881945,3,4553,6176,513345126511656,138147311670331,930184954381921,288653289642459,3.324,2.86,6.378,2.276,27.905,77.878,221.218,247.405
2464,Pittsburgh,PA,40.4377018,-79.9521038,8099223877,4,4553,6176,499153224836884,1045864019274030,286381804077207,241618855504203,4.404,2.703,10.12,17.154,32.986,80.051,183.958,213.41
2465,Pittsburgh,PA,40.4377335,-79.9520898,8104080829,4,4553,6176,499153224836884,1045864019274030,213335451682583,241618855504203,7.536,2.691,11.116,20.373,32.986,80.051,182.294,213.41
2466,Pittsburgh,PA,40.4377418,-79.9484735,104206768,3,4553,6176,1918163631665007,3983511248408168,212693860456245,4010636452330257,5.91,2.226,15.043,16.157,12.399,93.96,124.237,293.684
2467,Pittsburgh,PA,40.4377643,-79.952221,8104080824,3,4553,6176,499153224836884,1542050296203698,213335451682583,241618855504203,10.805,1.021,0.571,17.955,32.986,140.929,182.294,213.41
2468,Pittsburgh,PA,40.4377938,-79.9522246,8104080825,3,4553,6176,499153224836884,1542050296203698,213335451682583,844717647265939,13.79,3.443,3.296,21.146,32.986,140.929,182.294,234.98
2469,Pittsburgh,PA,40.4378991,-79.9521722,8099223859,3,4553,6176,499153224836884,645122330892763,660502886137488,844717647265939,24.042,2.472,3.379,8.642,32.986,119.383,197.218,234.98
2470,Pittsburgh,PA,40.4379713,-79.9486048,7929777787,4,4553,6176,477691690227802,1653819101479259,1955302797959153,3679829448788859,5.833,24.314,23.238,3.889,303.811,95.283,169.386,295.348
2471,Pittsburgh,PA,40.4380082,-79.9573485,9508164096,4,4553,6176,471400754153879,287511529709293,219787462988914,471400754153879,15.793,6.376,5.94,15.793,317.663,133.565,137.511,317.663
2472,Pittsburgh,PA,40.4380259,-79.9474033,3955654752,3,4553,6176,189406739703791,1168024586943819,1879849592184850,506001743921177,25.08,28.359,19.573,32.584,356.298,138.663,183.501,212.095
2473,Pittsburgh,PA,40.438046,-79.947193,6582544516,4,4553,6176,189406739703791,1168024586943819,4074020515988892,506001743921177,7.286,19.29,3.073,18.219,356.298,138.663,202.347,212.095
2474,Pittsburgh,PA,40.4380591,-79.9474427,6582544520,3,4553,6176,189406739703791,1168024586943819,1879849592184850,506001743921177,28.464,33.227,23.99,33.725,356.298,138.663,183.501,212.095
2475,Pittsburgh,PA,40.4381702,-79.9489519,104206817,3,4553,6176,292923372373577,932669607557619,968174967317895,171521711445614,1.976,1.281,3.661,3.597,323.927,144.496,155.508,314.041
2476,Pittsburgh,PA,40.4381733,-79.9474058,3401237452,3,4553,6176,189406739703791,369481444503653,4074020515988892,506001743921177,29.35,34.405,24.29,27.556,356.298,33.009,202.347,212.095
2477,Pittsburgh,PA,40.4381815,-79.9473943,12643620014,3,4553,6176,189406739703791,369481444503653,482647866181508,506001743921177,29.006,33.507,27.018,26.552,356.298,33.009,190.063,212.095
2478,Pittsburgh,PA,40.4383037,-79.9500708,105251212,3,4553,6176,297661252094681,781672011474498,268626638027744,467166087691832,1.46,4.852,3.759,8.778,357.895,115.0,169.082,311.105
2479,Pittsburgh,PA,40.4383084,-79.9577242,9508164091,3,4553,6176,356602823110947,315165956731159,1252098345537988,3540217096204182,14.582,4.135,8.769,15.72,43.674,137.803,199.753,308.728
2480,Pittsburgh,PA,40.4383783,-79.9575781,9508164099,3,4553,6176,3540217096204182,470513794038730,2724639877667923,3540217096204182,2.909,9.434,6.201,2.909,308.728,133.649,201.801,308.728
2481,Pittsburgh,PA,40.4383946,-79.9578331,9508164116,4,4553,6176,356602823110947,322886460044259,2042464045957738,860992348094195,4.599,2.457,3.572,12.204,43.674,77.899,141.266,306.721
2482,Pittsburgh,PA,40.4384046,-79.9575979,8099223819,3,4553,6176,3540217096204182,172159545287852,1252098345537988,3540217096204182,6.188,7.883,7.883,6.188,308.728,135.209,199.753,308.728
2483,Pittsburgh,PA,40.438421,-79.9470572,3955654756,3,4553,6176,374052577340523,982220305856876,141449611333318,141449611333318,16.042,15.822,14.211,14.211,37.107,42.763,219.764,219.764
2484,Pittsburgh,PA,40.4384867,-79.9576948,9508164108,3,4553,6176,719783432646265,752777252836925,1252098345537988,860992348094195,1.964,2.48,11.696,3.821,57.217,59.881,199.753,306.721
2485,Pittsburgh,PA,40.438529,-79.9464766,6582544547,3,4553,6176,951566675579047,3595568900548094,476530753610555,3741282385997178,5.305,6.432,12.716,10.585,43.881,57.16,212.332,223.125
2486,Pittsburgh,PA,40.4385774,-79.9578213,9641486936,4,4553,6176,971672036965785,752777252836925,781870773177684,971672036965785,4.733,12.677,13.444,4.733,312.107,59.881,153.359,312.107
2487,Pittsburgh,PA,40.438581,-79.9463664,6582544546,3,4553,6176,615189386103935,1420183848335577,348174010042326,476530753610555,16.15,7.557,20.052,15.353,22.784,73.616,190.066,212.332
2488,Pittsburgh,PA,40.4386236,-79.9467745,12643613584,3,4553,6176,814760589461535,906231483286060,539259093743884,318729426493991,13.056,13.393,13.251,13.503,44.313,51.859,218.717,223.856
2489,Pittsburgh,PA,40.4386289,-79.9466346,6582544554,3,4553,6176,876901529531579,876901529531579,137023365111292,539259093743884,5.281,5.281,6.045,5.706,46.59,46.59,211.538,218.717
2490,Pittsburgh,PA,40.4386765,-79.9467007,3955655557,3,4553,6176,876901529531579,876901529531579,348174010042326,539259093743884,12.978,12.978,15.707,12.51,46.59,46.59,190.066,218.717
2491,Pittsburgh,PA,40.4387346,-79.9466215,2173649290,4,4553,6176,615189386103935,812525279393479,348174010042326,137023365111292,14.921,13.5,8.599,11.227,22.784,47.623,190.066,211.538
2492,Pittsburgh,PA,40.4388536,-79.9584038,9641486946,4,4553,6176,496515058137947,1113140582929305,1113140582929305,496515058137947,11.629,1.68,1.68,11.629,323.022,140.843,140.843,323.022
2493,Pittsburgh,PA,40.4389133,-79.9582391,9641486937,4,4553,6176,496515058137947,320222576350615,320222576350615,496515058137947,4.587,9.406,9.406,4.587,323.022,135.459,135.459,323.022
2494,Pittsburgh,PA,40.4390522,-79.9436488,3527071113,3,4553,6176,466109571289263,211227827274062,801106794146961,1026774341063831,32.624,34.027,10.112,11.112,30.075,35.787,209.622,212.778
2495,Pittsburgh,PA,40.4391186,-79.956606,8099223773,4,4553,6176,188355720900306,311485298046224,236278402136846,1429391964529080,3.176,3.054,8.409,13.955,30.88,54.147,180.0,231.043
2496,Pittsburgh,PA,40.4391788,-79.956723,8099223775,3,4553,6176,188355720900306,1001104730915830,236278402136846,1429391964529080,8.802,16.486,9.897,13.602,30.88,101.259,180.0,231.043
2497,Pittsburgh,PA,40.4391852,-79.9564886,8099223769,4,4553,6176,1334617823802533,1001104730915830,236278402136846,135442859564561,5.096,4.678,10.139,11.941,38.567,101.259,180.0,259.842
2498,Pittsburgh,PA,40.4392006,-79.9567149,8099223745,3,4553,6176,188355720900306,1001104730915830,236278402136846,1429391964529080,9.801,15.458,9.09,11.865,30.88,101.259,180.0,231.043
2499,Pittsburgh,PA,40.4392142,-79.94388,12643662861,4,4553,6176,466109571289263,466109571289263,219922726277159,219922726277159,6.793,6.793,9.481,9.481,30.075,30.075,217.287,217.287
2500,Pittsburgh,PA,40.4392756,-79.9565967,8099223771,3,4553,6176,1334617823802533,1001104730915830,236278402136846,135442859564561,10.751,9.036,9.099,8.345,38.567,101.259,180.0,259.842
2501,Pittsburgh,PA,40.4392875,-79.950641,8492166843,4,4553,6176,395800864812210,1067303178901271,260413085822379,176888667678478,10.878,4.476,6.298,25.038,336.642,96.0,154.025,329.151
2502,Pittsburgh,PA,40.4394088,-79.9562051,8099223835,4,4553,6176,1342275049832128,3521935848076568,1399070267338374,1221382938654607,4.803,6.392,7.843,7.625,43.572,60.616,224.201,228.221
2503,Pittsburgh,PA,40.439484,-79.9562982,8099223832,4,4553,6176,1342275049832128,3521935848076568,1399070267338374,1221382938654607,6.989,8.297,4.647,4.005,43.572,60.616,224.201,228.221
2504,Pittsburgh,PA,40.4394944,-79.9433993,12189134380,3,4553,6176,797679324514763,125157069597530,482451449490770,224050605793161,24.802,14.064,6.144,24.358,56.091,103.472,163.559,218.159
2505,Pittsburgh,PA,40.4395326,-79.9433389,302450468,4,4553,6176,797679324514763,475780966839184,2583940748579100,221879869385901,29.768,6.731,2.217,25.847,56.091,133.059,151.745,215.803
2506,Pittsburgh,PA,40.4395644,-79.9432887,12189134378,3,4553,6176,797679324514763,475780966839184,482451449490770,225887435965041,34.331,10.407,10.466,27.353,56.091,133.059,163.559,214.883
2507,Pittsburgh,PA,40.4395668,-79.9486457,2173674204,3,4553,6176,921768925276904,484593146123827,220423676213692,793585391571803,7.249,30.012,10.43,29.194,8.958,148.991,183.136,212.535
2508,Pittsburgh,PA,40.4396139,-79.9558982,8099223754,4,4553,6176,246920754945823,1165629747717700,121940884274307,844393683355183,5.621,21.013,15.208,0.59,337.08,46.501,217.274,290.051
2509,Pittsburgh,PA,40.4396649,-79.9557525,8099223534,4,4553,6176,246920754945823,1165629747717700,121940884274307,1323551131701120,12.786,34.556,28.419,12.286,337.08,46.501,217.274,267.966
2510,Pittsburgh,PA,40.4396997,-79.9557962,8099223756,3,4553,6176,298323982855469,1165629747717700,121940884274307,672698508037562,16.24,33.47,26.278,15.022,350.737,46.501,217.274,272.687
2511,Pittsburgh,PA,40.4396999,-79.9560088,8099223753,3,4553,6176,848211816720458,1165629747717700,121940884274307,980352253066112,1.062,21.821,12.665,8.602,349.227,46.501,217.274,260.673
2512,Pittsburgh,PA,40.4398815,-79.9466686,302452148,3,4553,6176,1101779890332379,870784270167495,2896460674005020,114798087337914,10.745,30.575,30.364,29.724,349.372,136.685,162.187,329.587
2513,Pittsburgh,PA,40.4399206,-79.9576155,8099223572,3,4553,6176,588886582754201,762710344858605,1452848796574651,951527467456030,18.793,17.456,16.927,13.835,356.822,74.533,225.0,277.0
2514,Pittsburgh,PA,40.4399539,-79.9576578,8099223729,4,4553,6176,588886582754201,762710344858605,1452848796574651,951527467456030,13.668,13.028,14.172,11.512,356.822,74.533,225.0,277.0
2515,Pittsburgh,PA,40.4399725,-79.9574667,8099223544,3,4553,6176,588886582754201,762710344858605,2619485905111759,951527467456030,25.999,29.007,17.606,13.047,356.822,74.533,214.0,277.0
2516,Pittsburgh,PA,40.4399842,-79.9576963,8099223728,3,4553,6176,588886582754201,762710344858605,1452848796574651,951527467456030,9.029,9.642,13.001,11.183,356.822,74.533,225.0,277.0
2517,Pittsburgh,PA,40.4400396,-79.9486281,3955655605,3,4553,6176,345942943530680,547227706730770,276876477489508,2926732030930156,6.294,19.526,7.125,18.186,358.306,112.602,184.035,210.279
2518,Pittsburgh,PA,40.440064,-79.9575785,8099223554,3,4553,6176,588886582754201,762710344858605,1452848796574651,951527467456030,15.068,21.957,1.647,2.469,356.822,74.533,225.0,277.0
2519,Pittsburgh,PA,40.4400668,-79.9577937,6531827171,3,4553,6176,588886582754201,1107951370073046,1452848796574651,127833496608747,3.625,8.604,16.837,4.685,356.822,71.393,225.0,308.308
2520,Pittsburgh,PA,40.4401174,-79.9501849,8492166823,3,4553,6176,2067024823438413,201104651835751,1307044760770427,372571317511398,23.3,22.843,22.283,26.816,44.25,49.541,177.0,230.936
2521,Pittsburgh,PA,40.4401353,-79.9483752,3955655628,4,4553,6176,198962025279874,520659049300514,276876477489508,1216263288803943,27.098,32.465,29.103,32.084,354.12,48.894,184.035,212.659
2522,Pittsburgh,PA,40.4401418,-79.9578867,8099223736,4,4553,6176,3227561464181535,1107951370073046,2619485905111759,3302834899960300,2.13,18.064,28.464,11.459,323.998,71.393,214.0,276.654
2523,Pittsburgh,PA,40.4401574,-79.9483145,12643620171,3,4553,6176,198962025279874,520659049300514,276876477489508,536855640655430,32.379,33.745,34.729,34.838,354.12,48.894,184.035,214.756
2524,Pittsburgh,PA,40.4402371,-79.9578091,8099223566,4,4553,6176,1817421395607906,1107951370073046,2619485905111759,1432902501153150,6.625,27.436,25.537,2.182,326.0,71.393,214.0,305.0
2525,Pittsburgh,PA,40.440244,-79.9487652,104206938,3,4553,6176,520218509014896,547227706730770,482068289729099,1216263288803943,2.315,11.104,2.738,3.744,16.296,112.602,187.673,212.659
2526,Pittsburgh,PA,40.4402768,-79.9500361,8492166841,3,4553,6176,507065063982005,487578872493777,1324707042620018,141457851343928,24.442,17.121,19.082,24.776,16.994,80.89,186.0,254.035
2527,Pittsburgh,PA,40.4402845,-79.9578666,8099223567,4,4553,6176,1817421395607906,1107951370073046,2619485905111759,452503802978896,0.559,33.063,32.5,7.866,326.0,71.393,214.0,278.867
2528,Pittsburgh,PA,40.4402858,-79.9481822,12643620161,3,4553,6176,508430413840436,1155874581589188,501597434415487,246209920632535,32.339,31.233,30.902,34.815,32.032,131.132,133.593,220.233
2529,Pittsburgh,PA,40.4403494,-79.9502456,7929727159,4,4553,6176,519135049466641,378343430164925,1324707042620018,296256422173329,2.891,9.334,0.453,6.527,43.159,87.415,186.0,235.057
2530,Pittsburgh,PA,40.4403522,-79.9569679,12321294532,3,4553,6176,243069278607679,1240483266631547,915353477976037,866141973145628,18.459,27.324,11.719,22.576,3.484,40.855,211.0,278.0
2531,Pittsburgh,PA,40.4403797,-79.9502899,7929727162,3,4553,6176,519135049466641,298358831939695,1324707042620018,296256422173329,5.366,9.76,5.369,3.843,43.159,86.54,186.0,235.057
2532,Pittsburgh,PA,40.4404017,-79.9501656,104832924,3,4553,6176,507752113711372,378343430164925,1385382299228118,141457851343928,3.379,1.103,0.505,10.169,51.811,87.415,196.0,254.035
2533,Pittsburgh,PA,40.4404108,-79.9510271,8492166820,4,4553,6176,134584805290081,1580998142094088,817883569159987,821429145391675,28.301,4.793,5.159,33.439,0.0,85.507,122.265,286.383
2534,Pittsburgh,PA,40.4404819,-79.9567714,8099223527,4,4553,6176,243069278607679,1240483266631547,907225595413968,866141973145628,3.74,7.088,12.564,12.063,3.484,40.855,213.0,278.0
2535,Pittsburgh,PA,40.4404855,-79.9569787,8099223537,4,4553,6176,2933554986842782,1240483266631547,5138738443018468,2238699073604487,8.516,18.983,1.847,10.681,352.0,40.855,216.0,265.0
2536,Pittsburgh,PA,40.4404963,-79.950671,5828524300,4,4553,6176,509859956707366,935682200564114,298199111785481,1129695544210115,1.807,2.125,32.579,5.146,0.0,107.531,211.789,291.961
2537,Pittsburgh,PA,40.4405653,-79.9568727,8099223499,4,4553,6176,4159619937681958,1240483266631547,2369023843576321,910043028561803,6.639,9.065,0.631,1.62,10.0,40.855,219.0,273.0
2538,Pittsburgh,PA,40.4405698,-79.9483328,8140432312,3,4553,6176,1458951587780562,1458951587780562,1218226935267104,173230511388970,1.539,1.539,5.537,7.92,33.52,33.52,215.389,225.285
2539,Pittsburgh,PA,40.4405842,-79.958438,8099223695,4,4553,6176,2157463771082397,5450385814982861,424765362908028,543855510806987,0.798,7.693,9.337,10.313,349.661,126.273,179.456,311.661
2540,Pittsburgh,PA,40.4406649,-79.9583261,8099223693,4,4553,6176,787220090739035,5450385814982861,424765362908028,948654026535221,12.386,6.118,12.38,10.345,355.0,126.273,179.456,311.849
2541,Pittsburgh,PA,40.4406941,-79.9483142,3955655569,4,4553,6176,515545989619455,1720791918906510,784066482499909,784066482499909,5.296,2.495,1.59,1.59,0.0,101.0,216.084,216.084
2542,Pittsburgh,PA,40.4407824,-79.9478392,303189382,3,4553,6176,2375867313067470,950527130948573,1831286034225802,738646650161129,8.607,6.54,24.073,12.147,355.0,71.0,231.0,269.511
2543,Pittsburgh,PA,40.4407905,-79.9565593,8099223501,4,4553,6176,614117230875563,177852101974696,1590791555531168,2720188308342356,6.529,6.681,1.342,2.644,47.056,53.33,213.0,257.0
2544,Pittsburgh,PA,40.440795,-79.9563439,8099223536,4,4553,6176,295374919814939,1304679600139021,943081911403051,1618833492706706,6.566,10.078,10.131,12.889,24.215,90.0,212.0,260.0
2545,Pittsburgh,PA,40.4407978,-79.9434351,9426522869,3,4553,6176,3131731880370218,1431768081563741,1679795266380977,977975338249591,3.866,1.653,5.074,5.258,0.0,103.0,201.0,276.0
2546,Pittsburgh,PA,40.4408402,-79.9561685,8099223875,4,4553,6176,1284360495803628,1304679600139021,293936336522160,4610847532476807,10.367,11.143,11.818,22.183,37.274,90.0,149.892,263.0
2547,Pittsburgh,PA,40.4408832,-79.9562235,8099223484,4,4553,6176,1284360495803628,1304679600139021,812533913663665,2229657764232299,3.96,5.79,13.687,13.171,37.274,90.0,171.879,252.0
2548,Pittsburgh,PA,40.4409412,-79.9481794,6582704731,3,4553,6176,2112980505909468,1211033831055299,1831286034225802,936025212451751,3.182,18.366,15.532,3.277,10.0,96.0,231.0,273.0
2549,Pittsburgh,PA,40.4409578,-79.9561175,8099223456,4,4553,6176,3099004043735685,299166409336799,812533913663665,2156801781522172,5.396,5.074,6.245,12.962,29.718,53.654,171.879,262.0
2550,Pittsburgh,PA,40.4410007,-79.9576191,8099223560,4,4553,6176,940235495326342,510447293484108,1635247500842910,2018399682444413,9.77,6.813,5.218,4.49,351.0,47.887,199.0,268.0
2551,Pittsburgh,PA,40.4410079,-79.9443118,9426522874,4,4553,6176,1651948899351324,4426223554289306,4337308159848072,1079998987680534,2.392,4.593,4.808,1.517,8.0,83.0,169.0,268.0
2552,Pittsburgh,PA,40.4410391,-79.9562203,8099223486,4,4553,6176,3099004043735685,299166409336799,1989367938603726,4610847532476807,7.818,7.7,1.42,2.103,29.718,53.654,192.0,263.0
2553,Pittsburgh,PA,40.4410839,-79.9575097,8099223496,4,4553,6176,2092326558227627,309614797278991,1635247500842910,948393977532569,3.763,5.198,17.291,4.656,13.0,48.656,199.0,288.0
2554,Pittsburgh,PA,40.4410861,-79.9433366,13507938233,3,4553,6176,26185819621088759,1510080064128507,990733223367630,984835237461511,26.292,15.685,3.724,12.289,1.0,106.0,207.0,233.0
2555,Pittsburgh,PA,40.441092,-79.9564821,8099223500,4,4553,6176,295374919814939,1304679600139021,1989367938603726,4610847532476807,30.87,28.911,22.757,21.322,24.215,90.0,192.0,263.0
2556,Pittsburgh,PA,40.4411646,-79.9464364,302450054,3,4553,6176,2486557635080745,2356539591531339,978689321414201,1255988979382005,14.872,17.978,26.965,25.857,40.0,87.0,178.0,274.0
2557,Pittsburgh,PA,40.4411714,-79.9464616,13364301398,3,4553,6176,2486557635080745,2356539591531339,978689321414201,1255988979382005,14.614,17.128,26.329,25.867,40.0,87.0,178.0,274.0
2558,Pittsburgh,PA,40.4411812,-79.9576349,8099223659,4,4553,6176,1314842817364874,624137581879966,3003190956536462,4338202009801796,11.066,9.912,14.279,12.949,30.0,48.4,205.0,259.0
2559,Pittsburgh,PA,40.4411993,-79.9441767,302759459,3,4553,6176,2369987943510563,26724972080462823,1425547605978054,865038563252322,1.535,3.779,1.891,4.247,17.0,41.0,198.0,232.0
2560,Pittsburgh,PA,40.4412495,-79.9469768,302450052,3,4553,6176,4488859408010191,2230565071091905,3431125523716011,939754532088401,24.0,17.198,23.52,27.312,19.0,106.0,120.0,261.0
2561,Pittsburgh,PA,40.4412577,-79.9557113,8099223517,3,4553,6176,1206505143353902,1536332783565322,1205303141423899,896266636571041,5.736,3.788,8.61,12.093,39.701,55.568,212.0,255.0
2562,Pittsburgh,PA,40.4413086,-79.9437804,9252324308,3,4553,6176,1686317462375277,1555130839566828,1223672996576612,1634364907840212,22.795,7.157,17.949,34.35,25.0,119.0,190.0,221.0
2563,Pittsburgh,PA,40.4413135,-79.9441359,1705345497,3,4553,6176,4254879108175714,2051117569133968,1896875728367909,908714135259570,2.49,9.063,1.652,7.067,21.0,116.0,188.0,242.0
2564,Pittsburgh,PA,40.4413219,-79.9554097,8099223526,3,4553,6176,677432517083018,811022823838006,907841988810797,25975585545431954,20.433,15.76,20.152,16.909,14.235,71.815,169.0,270.0
2565,Pittsburgh,PA,40.4413387,-79.9558052,8099223505,4,4553,6176,1206505143353902,300990032424302,1323703329587982,896266636571041,8.133,8.351,2.649,1.977,39.701,58.485,210.0,255.0
2566,Pittsburgh,PA,40.4413763,-79.9441143,302756754,3,4553,6176,2028650684699194,1457038249526512,3588401141315797,908714135259570,3.397,1.664,1.673,13.801,16.0,136.0,192.0,242.0
2567,Pittsburgh,PA,40.4413817,-79.9555316,8483966746,3,4553,6176,829682785115350,811022823838006,907841988810797,1451476299142482,2.479,3.603,12.148,10.396,51.749,71.815,169.0,263.0
2568,Pittsburgh,PA,40.4414096,-79.9558952,5240338572,3,4553,6176,1206505143353902,300990032424302,1323703329587982,896266636571041,18.749,18.909,13.436,11.305,39.701,58.485,210.0,255.0
2569,Pittsburgh,PA,40.4414487,-79.9556567,7960282965,3,4553,6176,975756440366128,811022823838006,889347673912327,1481819283648695,9.977,9.609,8.209,1.458,50.1,71.815,190.0,262.0
2570,Pittsburgh,PA,40.4414754,-79.9554655,8483966748,3,4553,6176,677432517083018,263614786383662,907841988810797,213634714641421,7.183,1.243,3.483,1.501,14.235,60.108,169.0,270.0
2571,Pittsburgh,PA,40.4415387,-79.9550612,2396478145,3,4553,6176,1353474738573061,1275797867820962,4373707229573184,675726194416247,15.11,15.238,13.215,12.363,38.321,125.0,214.0,245.003
2572,Pittsburgh,PA,40.4415487,-79.9469812,8751945091,3,4553,6176,1424920778666014,236142834981747,26510007511950955,936503235412812,1.778,4.404,17.225,2.24,339.0,95.859,210.0,279.0
2573,Pittsburgh,PA,40.4415682,-79.9472162,12189726226,3,4553,6176,1236764751945223,831242634144329,1409212933827818,804978128679706,5.845,9.06,2.054,2.028,0.0,82.641,208.0,281.0
2574,Pittsburgh,PA,40.441603,-79.9548723,2396448084,4,4553,6176,3561178594100661,561957682636164,638603871571510,1002754180874269,22.955,22.899,12.05,15.638,42.743,91.141,231.195,247.03
2575,Pittsburgh,PA,40.4416798,-79.9416887,11067846982,3,4553,6176,1914766119175527,947326571000469,2503655003400186,1274867344395680,8.551,5.098,11.71,14.987,48.0,72.0,173.0,214.631
2576,Pittsburgh,PA,40.4416944,-79.9526098,6582704727,4,4553,6176,321509872823537,2034512500214689,1267062320626851,383500826275471,3.423,23.187,18.362,25.943,0.0,141.301,181.321,262.968
2577,Pittsburgh,PA,40.4417628,-79.9420008,302757189,3,4553,6176,1914766119175527,2309348092842051,2038600280190955,1512677136874165,31.408,7.264,5.838,30.184,48.0,100.54,159.0,285.0
2578,Pittsburgh,PA,40.4417677,-79.9446108,302756523,4,4553,6176,1547502050274073,950774224504275,1311461523654390,1013048401185592,24.797,1.675,3.574,2.914,12.0,89.0,181.0,281.0
2579,Pittsburgh,PA,40.4417926,-79.9414601,11067846981,3,4553,6176,1914766119175527,1284453663875894,928020553440757,1274867344395680,28.958,7.763,9.08,24.424,48.0,118.0,138.0,214.631
2580,Pittsburgh,PA,40.441822,-79.9419801,9426522880,3,4553,6176,1914766119175527,2309348092842051,2038600280190955,1512677136874165,34.293,1.028,10.984,28.478,48.0,100.54,159.0,285.0
2581,Pittsburgh,PA,40.4418312,-79.9545264,8099075056,3,4553,6176,770794401455665,147398831712393,833117188487191,780338740494990,11.47,5.269,9.027,14.136,49.813,91.93,182.294,263.798
2582,Pittsburgh,PA,40.4418559,-79.9524849,8483966734,4,4553,6176,4344310775580520,2034512500214689,623006575291391,383500826275471,1.978,31.957,19.197,21.52,0.0,141.301,199.119,262.968
2583,Pittsburgh,PA,40.4418643,-79.945058,302756497,5,4553,6176,3901000346817666,1531481085058538,1064560505738433,2158579044931618,2.916,5.67,1.629,5.162,5.0,93.0,180.0,275.0
2584,Pittsburgh,PA,40.4418693,-79.9369611,11769573604,4,4553,6176,905021053680711,194493389164785,1440996291097413,1550513286487372,14.564,6.221,2.383,12.576,327.185,145.119,181.0,293.0
2585,Pittsburgh,PA,40.4418795,-79.9367683,12189164614,3,4553,6176,517519899426544,3766024900162101,1013833811327424,1550513286487372,4.089,7.869,11.258,4.877,328.936,148.327,166.0,293.0
2586,Pittsburgh,PA,40.4418903,-79.9532244,2396448067,4,4553,6176,1438375469833103,1313472122919610,808834680968780,1439829093030473,27.525,19.366,16.53,26.056,335.717,119.893,155.2,302.587
2587,Pittsburgh,PA,40.4419203,-79.9531194,2396448086,5,4553,6176,487023835848505,1313472122919610,808834680968780,1439829093030473,15.309,10.34,7.844,16.571,318.836,119.893,155.2,302.587
2588,Pittsburgh,PA,40.4419312,-79.9439144,302756479,3,4553,6176,866037199743003,902615902077915,1425210845563512,2120249941878633,2.12,5.149,0.582,1.837,3.0,67.0,191.0,261.0
2589,Pittsburgh,PA,40.4419351,-79.9527017,3382338932,3,4553,6176,147961034012595,174211959006837,267342954875355,383500826275471,16.29,19.784,0.717,3.707,0.0,134.96,210.379,262.968
2590,Pittsburgh,PA,40.4419434,-79.9368264,12189164615,3,4553,6176,905021053680711,194493389164785,1440996291097413,1550513286487372,2.395,9.087,15.378,4.754,327.185,145.119,181.0,293.0
2591,Pittsburgh,PA,40.4419483,-79.9565513,8483966699,3,4553,6176,243513574200640,243513574200640,1441312050946135,944438561303651,15.32,15.32,11.224,14.7,53.287,53.287,176.0,223.0
2592,Pittsburgh,PA,40.4419541,-79.9454947,302756732,3,4553,6176,1279243134168350,818627977921220,730285996704499,772182615611628,25.729,18.633,34.968,24.347,339.0,60.0,169.0,297.0
2593,Pittsburgh,PA,40.4419545,-79.9562833,8483966689,3,4553,6176,1363243090729610,1363243090729610,1441312050946135,1255133336067403,2.804,2.804,11.802,0.542,54.923,54.923,176.0,237.0
2594,Pittsburgh,PA,40.4419564,-79.9562996,8483966691,3,4553,6176,1363243090729610,1363243090729610,1441312050946135,1255133336067403,3.896,3.896,10.501,1.353,54.923,54.923,176.0,237.0
2595,Pittsburgh,PA,40.441961,-79.9527126,7835808663,4,4553,6176,147961034012595,174211959006837,267342954875355,383500826275471,18.663,20.83,3.723,5.927,0.0,134.96,210.379,262.968
2596,Pittsburgh,PA,40.4419658,-79.9430416,302757135,3,4553,6176,1520687802471967,1530792534659826,1499630424877181,1453825065689828,18.37,11.851,2.585,17.072,1.0,89.0,166.0,270.0
2597,Pittsburgh,PA,40.4419962,-79.9566392,7804459606,3,4553,6176,221321876120716,221321876120716,1441312050946135,944438561303651,23.875,23.875,19.803,20.829,52.989,52.989,176.0,223.0
2598,Pittsburgh,PA,40.4420285,-79.9564371,6715675228,4,4553,6176,3100550813506121,3100550813506121,1441312050946135,944438561303651,17.018,17.018,10.636,4.661,54.291,54.291,176.0,223.0
2599,Pittsburgh,PA,40.4420537,-79.9537274,2396448068,3,4553,6176,821756522791024,674853064662499,641579791370899,1759634971146877,5.682,3.677,14.146,3.751,41.778,69.12,122.658,258.127
2600,Pittsburgh,PA,40.4420634,-79.9443293,9251992084,3,4553,6176,1178004621044836,1696540901314485,824212720147063,1318179133536799,1.353,2.786,6.98,1.969,21.0,91.0,138.0,273.0
2601,Pittsburgh,PA,40.4421025,-79.9429893,6218570632,3,4553,6176,1520687802471967,1530792534659826,1504298677982478,804214132314625,3.695,4.81,3.084,0.815,1.0,89.0,153.0,280.0
2602,Pittsburgh,PA,40.4421076,-79.9533119,2396448078,3,4553,6176,3194596220833103,125399467288633,1026359261866235,1344247589777064,7.352,7.934,14.134,15.921,16.487,53.4,163.235,253.723
2603,Pittsburgh,PA,40.4421248,-79.9526958,2173732922,3,4553,6176,147961034012595,1313472122919610,131576922263178,383500826275471,32.369,34.715,10.146,24.137,0.0,119.893,208.588,262.968
2604,Pittsburgh,PA,40.4421301,-79.9504555,9634673615,3,4553,6176,1302831221748707,2951313288594107,1495233898774840,1588353168902637,6.553,21.859,14.096,6.262,12.0,109.0,232.0,273.0
2605,Pittsburgh,PA,40.4421351,-79.9431126,302755916,3,4553,6176,981020131097840,1754453559049952,939619858696548,940452371695715,1.44,0.824,10.186,0.966,345.0,94.0,168.0,272.0
2606,Pittsburgh,PA,40.4421445,-79.9449504,302756552,3,4553,6176,1340103107842373,1299780434835499,2833350296997720,897957442696719,4.744,1.153,9.961,4.749,10.0,113.0,158.0,302.0
2607,Pittsburgh,PA,40.4421659,-79.9450547,302756566,3,4553,6176,1539110920626309,4090195337897366,2833350296997720,897957442696719,9.698,9.232,18.85,9.698,349.0,86.0,158.0,302.0
2608,Pittsburgh,PA,40.4421799,-79.9442607,9251992086,3,4553,6176,994074673378139,1316113453263715,1265929188453419,890838087334095,11.392,8.917,9.865,9.966,19.0,79.0,235.0,268.0
2609,Pittsburgh,PA,40.4421877,-79.9429407,302757192,3,4553,6176,2933019710227575,1502057140950747,794976243261105,2053404988942365,2.417,10.299,2.299,6.236,359.0,88.0,186.0,270.0
2610,Pittsburgh,PA,40.4421903,-79.9444135,9251992093,3,4553,6176,971042029137099,1096835859219389,1304502687804232,1457441569157011,14.339,9.245,17.267,10.484,336.0,82.0,196.0,258.0
2611,Pittsburgh,PA,40.4421927,-79.9438219,302756599,3,4553,6176,26554941107432611,1301604384878848,1055838660941190,2851075638557740,3.438,1.987,1.352,2.856,358.0,88.0,176.0,270.0
2612,Pittsburgh,PA,40.442202,-79.9444574,9251992092,3,4553,6176,1874218369943347,1096835859219389,1304502687804232,27251980771071980,15.783,12.455,16.963,14.402,336.0,82.0,196.0,267.0
2613,Pittsburgh,PA,40.4422599,-79.9516108,8483966736,3,4553,6176,884656855423407,825635643930076,26348572404838818,472570227139967,16.885,10.897,20.957,12.773,357.322,93.0,182.0,287.063
2614,Pittsburgh,PA,40.4422741,-79.9437949,9252324617,4,4553,6176,979462947782779,1562945401480472,1300352718687857,1213443904203932,3.54,1.375,1.563,0.661,4.0,94.0,190.0,277.0
2615,Pittsburgh,PA,40.4422791,-79.9508823,6582704744,3,4553,6176,1637945057389928,2132339310924349,906403448957977,885554217811757,7.234,9.678,4.181,4.367,353.0,120.0,173.0,277.0
2616,Pittsburgh,PA,40.4423337,-79.9510956,6582704743,3,4553,6176,1291076689600246,909797201946930,1630496784652630,1461628692376528,7.253,2.514,11.359,2.085,350.0,125.0,172.0,272.0
2617,Pittsburgh,PA,40.4423428,-79.9557625,7134742019,3,4553,6176,486782985861879,807054693538565,514364189717578,297954625146795,1.174,10.188,17.42,25.125,0.0,62.028,137.914,264.685
2618,Pittsburgh,PA,40.4424039,-79.9556836,7134742021,3,4553,6176,483653609621165,849379009264364,514364189717578,297954625146795,6.992,11.196,14.173,22.289,0.0,62.705,137.914,264.685
2619,Pittsburgh,PA,40.442408,-79.9530992,7835808662,4,4553,6176,5806997009402650,2002797050308011,613100524284363,1360305522794513,11.014,1.373,14.205,2.195,2.723,103.0,182.905,239.0
2620,Pittsburgh,PA,40.4424086,-79.9523967,2173733049,3,4553,6176,945044398212040,933556059223440,1824834974867714,25713200791685842,11.879,15.504,20.163,13.896,327.0,94.0,171.0,265.0
2621,Pittsburgh,PA,40.4424357,-79.9515302,8483966739,3,4553,6176,1837088680286198,825635643930076,26348572404838818,4315238598741870,5.648,9.851,14.317,1.606,358.0,93.0,182.0,283.0
2622,Pittsburgh,PA,40.4424813,-79.9515787,7835808632,3,4553,6176,1837088680286198,1322999989687595,26348572404838818,1465134831755139,0.989,13.651,11.392,2.427,358.0,94.0,182.0,267.0
2623,Pittsburgh,PA,40.4424897,-79.9517867,2173733027,3,4553,6176,907035005472076,1607885867118070,26348572404838818,1452119019845796,5.988,0.497,9.508,2.327,9.0,90.0,182.0,280.0
2624,Pittsburgh,PA,40.4425008,-79.9518183,7835808681,4,4553,6176,1250801339968463,1607885867118070,1839411656624546,1510555500546420,4.545,2.5,0.958,4.243,24.0,90.0,145.0,281.0
2625,Pittsburgh,PA,40.442505,-79.9558061,7134742029,3,4553,6176,543602033714869,1469417753405264,514364189717578,297954625146795,1.458,8.729,1.122,7.068,0.0,90.871,137.914,264.685
2626,Pittsburgh,PA,40.4425131,-79.9523557,2173732872,3,4553,6176,945044398212040,933556059223440,1824834974867714,1568417304261491,1.205,4.058,10.86,1.598,327.0,94.0,171.0,279.0
2627,Pittsburgh,PA,40.4425299,-79.9435995,302755594,3,4553,6176,1285871906281410,1293297618813534,800569656033051,775494564953851,9.392,10.371,8.478,8.401,54.566,63.091,224.0,237.419
2628,Pittsburgh,PA,40.4425451,-79.9557495,7172930391,4,4553,6176,543602033714869,1469417753405264,514364189717578,297954625146795,6.871,12.737,6.719,8.752,0.0,90.871,137.914,264.685
2629,Pittsburgh,PA,40.4425736,-79.9554433,6715675226,3,4553,6176,483653609621165,284262686760557,514364189717578,297954625146795,32.065,13.05,31.181,34.58,0.0,64.526,137.914,264.685
2630,Pittsburgh,PA,40.4425829,-79.9376195,11769573606,5,4553,6176,4392574360961358,1520645009637316,4556338837983015,1281898283930209,13.065,4.394,2.675,13.935,4.0,117.0,182.0,294.0
2631,Pittsburgh,PA,40.4426011,-79.9525919,2173733004,3,4553,6176,1600462391516723,3793512004277428,3366720960150910,962548919457559,15.881,4.786,2.637,4.55,313.0,94.0,196.0,257.0
2632,Pittsburgh,PA,40.4426394,-79.9376717,11769573605,4,4553,6176,4392574360961358,2129175627928170,1878759309452953,1722636729176914,6.573,7.322,7.052,13.901,4.0,106.0,177.0,294.0
2633,Pittsburgh,PA,40.4426449,-79.9436638,1705902934,3,4553,6176,1243892197490400,1293297618813534,800569656033051,1577446816681972,24.674,24.216,21.621,21.869,43.988,63.091,224.0,240.0
2634,Pittsburgh,PA,40.4426461,-79.9374839,11769573607,3,4553,6176,189534946363772,304677954561141,1878759309452953,1281898283930209,4.87,6.243,9.396,1.147,323.294,147.628,177.0,294.0
2635,Pittsburgh,PA,40.4426822,-79.9560482,7804359816,3,4553,6176,148102790629274,504717180675687,2851090455143972,962621344486422,10.297,5.145,5.788,4.738,0.0,65.396,121.173,268.367
2636,Pittsburgh,PA,40.4426858,-79.9377145,9246408620,4,4553,6176,4392574360961358,2129175627928170,532643114777560,1533362351769625,5.165,10.623,4.115,14.796,4.0,106.0,156.206,293.0
2637,Pittsburgh,PA,40.4427191,-79.9561203,7835439553,3,4553,6176,148102790629274,504717180675687,2851090455143972,962621344486422,16.94,10.998,12.757,11.713,0.0,65.396,121.173,268.367
2638,Pittsburgh,PA,40.442733,-79.9558809,7804359815,3,4553,6176,148102790629274,2851090455143972,2851090455143972,962621344486422,6.966,10.473,10.473,15.572,0.0,121.173,121.173,268.367
2639,Pittsburgh,PA,40.4427414,-79.9435146,1705902930,3,4553,6176,1243892197490400,1275734903556956,1289981982531401,4637498359810798,24.674,23.553,21.859,21.534,43.988,62.037,226.0,237.0
2640,Pittsburgh,PA,40.442892,-79.9426988,1707758890,3,4553,6176,3179059752265468,1279011324190076,1244719477845114,1640349263535010,5.066,4.683,3.154,3.065,3.0,88.0,185.0,262.0
2641,Pittsburgh,PA,40.4429501,-79.9426864,6224820788,4,4553,6176,1429004125361140,1279011324190076,1541387784268802,916216941165637,5.872,2.29,1.654,2.54,0.0,88.0,177.0,275.0
2642,Pittsburgh,PA,40.4430463,-79.9426561,2919123584,3,4553,6176,1486442189716812,741425313865632,1223246146587862,916216941165637,3.955,12.036,2.98,8.895,355.0,95.413,183.0,275.0
2643,Pittsburgh,PA,40.4430591,-79.9536646,6715675191,3,4553,6176,832981458225032,139302344888498,1458083519179794,246034241678790,15.85,12.763,7.072,17.133,349.228,73.136,175.0,290.577
2644,Pittsburgh,PA,40.4430594,-79.9427148,9255060571,3,4553,6176,3150708018436962,1258167618581752,945583654521288,4326326127610666,1.02,1.332,1.293,0.9,359.953,40.0,181.0,304.0
2645,Pittsburgh,PA,40.4431873,-79.9544059,3000270805,3,4553,6176,905119532439239,1361919219034344,1469970924651344,706803295788435,13.594,11.464,12.612,13.626,358.0,76.0,174.0,247.0
2646,Pittsburgh,PA,40.4432118,-79.9537997,3000270816,4,4553,6176,260147473581992,498185034563034,4260498000856219,1236482895305126,10.965,8.705,1.148,7.854,24.543,78.118,173.0,272.0
2647,Pittsburgh,PA,40.4432364,-79.952111,7835808655,3,4553,6176,4435842029994194,1448277090294205,1273001401637967,1466041411784699,4.303,12.083,8.824,1.35,352.0,30.0,204.0,303.0
2648,Pittsburgh,PA,40.4432436,-79.9544875,9575858690,3,4553,6176,905119532439239,1709574996691625,1469970924651344,706803295788435,20.705,8.734,18.541,19.422,358.0,94.0,174.0,247.0
2649,Pittsburgh,PA,40.4432544,-79.9485406,5521619722,3,4553,6176,733045216533910,1261001022901196,1356601266281065,988000390596257,12.582,16.708,8.916,13.742,333.0,142.0,168.0,271.0
2650,Pittsburgh,PA,40.4432682,-79.9537148,7835808650,3,4553,6176,260147473581992,488098789310289,819594243005246,824907957302732,2.897,11.051,1.513,1.564,24.543,71.539,153.098,267.0
2651,Pittsburgh,PA,40.4432742,-79.9519442,7804247689,4,4553,6176,974222788620843,298932075099482,1273001401637967,1460694772388813,4.677,26.609,21.955,4.88,359.0,75.662,204.0,330.0
2652,Pittsburgh,PA,40.4432904,-79.9484261,3955654710,3,4553,6176,733045216533910,975063891784874,930080929854938,988000390596257,6.648,21.097,7.009,10.283,333.0,145.0,195.0,271.0
2653,Pittsburgh,PA,40.4432915,-79.954194,3000270820,3,4553,6176,905119532439239,2013635825918171,1469970924651344,933562452869971,10.377,4.05,9.163,3.828,358.0,91.0,174.0,238.0
2654,Pittsburgh,PA,40.4433059,-79.9534576,6715675188,4,4553,6176,829910358844986,310708130527962,311743363785635,4029429634014794,6.174,1.942,0.119,1.473,354.982,71.541,181.936,274.0
2655,Pittsburgh,PA,40.4433384,-79.9540303,3000270806,3,4553,6176,905119532439239,880029715074736,1889395662449900,1246432347142989,23.443,11.804,14.842,4.815,358.0,100.0,175.0,266.0
2656,Pittsburgh,PA,40.4434272,-79.9522307,7835808677,3,4553,6176,1605161780742200,297908305225747,1273001401637967,2155321485294427,2.959,3.725,17.317,12.91,350.0,86.364,204.0,261.0
2657,Pittsburgh,PA,40.4434356,-79.9518123,7804247685,3,4553,6176,952602574114090,317898779985793,1126689787814987,3553957658091546,18.039,13.346,20.715,16.756,350.0,69.28,210.296,316.0
2658,Pittsburgh,PA,40.4434492,-79.9517621,7804246481,3,4553,6176,952602574114090,317898779985793,1126689787814987,303355487938862,22.511,13.179,24.077,25.401,350.0,69.28,210.296,254.545
2659,Pittsburgh,PA,40.4434739,-79.952031,7804246484,4,4553,6176,944774784562817,298932075099482,1126689787814987,2013098246304891,3.798,3.22,4.881,1.769,359.0,75.662,210.296,325.0
2660,Pittsburgh,PA,40.4435288,-79.9534725,3000270821,4,4553,6176,825141515580138,1216383528820685,2836287163368318,467398644323683,11.287,22.488,7.854,4.55,343.898,72.661,175.513,294.183
2661,Pittsburgh,PA,40.443575,-79.9524113,7859290567,3,4553,6176,1296001809066217,813302959615063,771070432465372,1613465156533082,13.742,5.385,5.806,1.917,319.0,69.908,230.0,265.0
2662,Pittsburgh,PA,40.4435854,-79.9523722,5716549291,4,4553,6176,1296001809066217,813302959615063,771070432465372,1613465156533082,12.406,5.252,9.285,2.631,319.0,69.908,230.0,265.0
2663,Pittsburgh,PA,40.4435983,-79.952323,7835808645,3,4553,6176,1296001809066217,954589081991264,771070432465372,1594510445163990,12.016,8.715,13.674,2.146,319.0,78.046,230.0,270.0
2664,Pittsburgh,PA,40.443599,-79.9450353,1704820009,4,4553,6176,856540130784941,1942925199661381,4348207298762611,2022069598383629,31.988,24.446,33.767,26.616,5.0,83.0,194.0,268.0
2665,Pittsburgh,PA,40.4436048,-79.952298,7835808654,3,4553,6176,1296001809066217,297523531925816,771070432465372,1594510445163990,12.42,5.475,15.905,3.495,319.0,67.315,230.0,270.0
2666,Pittsburgh,PA,40.443607,-79.9449993,9098995330,3,4553,6176,1506630504219031,1942925199661381,1400529391830489,2022069598383629,30.072,25.732,33.728,26.628,32.0,83.0,222.0,268.0
2667,Pittsburgh,PA,40.4436537,-79.9448713,1715713071,3,4553,6176,927131216629122,1250638573326178,956121330673497,2194873701052182,28.47,24.966,34.057,24.919,19.0,76.0,208.0,276.0
2668,Pittsburgh,PA,40.4436565,-79.9534802,1356044131,3,4553,6176,6882397361823089,132005073283013,2836287163368318,467398644323683,16.28,32.056,21.947,18.689,333.603,140.0,175.513,294.183
2669,Pittsburgh,PA,40.4436644,-79.9473367,3192430439,3,4553,6176,1362431057476236,389936268882664,951802762300599,585430389023770,2.676,14.416,12.344,14.943,16.146,32.583,207.012,216.084
2670,Pittsburgh,PA,40.4436912,-79.9453118,1704819998,3,4553,6176,812631704605815,872251242511079,4348207298762611,2081859306044792,4.69,4.336,9.199,7.569,28.0,60.0,194.0,279.0
2671,Pittsburgh,PA,40.4437015,-79.9524217,6535932532,3,4553,6176,1455566049249143,813302959615063,771070432465372,1594510445163990,28.157,18.679,17.324,16.036,334.0,69.908,230.0,270.0
2672,Pittsburgh,PA,40.4437192,-79.9455098,1704819980,3,4553,6176,942094688206129,784464064730481,836361546185350,989529693788152,11.406,5.623,7.64,6.013,26.0,91.0,192.0,261.0
2673,Pittsburgh,PA,40.4437271,-79.951838,1669430307,3,4553,6176,1455566049249143,783059162404177,1126689787814987,941290665052915,24.69,2.894,28.48,3.187,334.0,68.781,210.296,266.0
2674,Pittsburgh,PA,40.4437402,-79.942457,9255060572,4,4553,6176,918411630938311,767203736263784,942194325440159,917376681340806,1.23,3.67,1.557,6.826,1.0,69.0,179.0,272.0
2675,Pittsburgh,PA,40.4437508,-79.9523891,7835808610,4,4553,6176,1455566049249143,297523531925816,771070432465372,1594510445163990,27.671,22.976,23.353,19.935,334.0,67.315,230.0,270.0
2676,Pittsburgh,PA,40.4437509,-79.9537621,3737604656,3,4553,6176,1203020053850316,645465213977596,663877295635882,645134250885414,5.951,20.178,21.418,4.276,326.34,131.49,153.679,287.372
2677,Pittsburgh,PA,40.4437512,-79.9456459,1704820004,3,4553,6176,942094688206129,1661956681606505,858593889908616,969247239428535,6.263,14.982,1.655,4.536,26.0,84.0,208.0,210.0
2678,Pittsburgh,PA,40.4437561,-79.9423902,302755949,3,4553,6176,1607655497682533,767203736263784,1268262138172920,1341488010507168,2.769,8.366,3.945,4.842,352.0,69.0,181.0,254.0
2679,Pittsburgh,PA,40.4437727,-79.9388042,9246408619,3,4553,6176,2816711165355723,1142947022838062,2925663537711733,745910758549216,16.344,0.713,9.158,18.649,332.0,118.89,134.0,276.0
2680,Pittsburgh,PA,40.4437967,-79.9453497,1704819979,3,4553,6176,1506630504219031,1942925199661381,2226761294797597,1509887190524223,7.946,12.196,0.68,0.68,32.0,83.0,195.0,225.0
2681,Pittsburgh,PA,40.443801,-79.9424326,9255060573,4,4553,6176,975528415091627,767203736263784,1252994466905684,917376681340806,1.684,6.373,0.68,3.841,357.0,69.0,180.0,272.0
2682,Pittsburgh,PA,40.443801,-79.9388813,9246408617,3,4553,6176,2816711165355723,345149800538354,317434810035842,745910758549216,19.444,3.25,8.088,19.339,332.0,112.0,122.24,276.0
2683,Pittsburgh,PA,40.4438137,-79.9447613,1715713090,4,4553,6176,927131216629122,1281259310609320,956121330673497,1021527300199721,14.42,20.251,20.351,19.179,19.0,66.0,208.0,257.0
2684,Pittsburgh,PA,40.4438296,-79.9456525,1704796699,4,4553,6176,942094688206129,784464064730481,858593889908616,989529693788152,5.846,22.587,8.62,22.182,26.0,91.0,208.0,261.0
2685,Pittsburgh,PA,40.4438389,-79.9451723,1704796697,3,4553,6176,1506630504219031,877206875316713,2226761294797597,2022069598383629,17.138,2.55,15.058,5.618,32.0,93.0,195.0,268.0
2686,Pittsburgh,PA,40.4438421,-79.9506484,8505524646,3,4553,6176,1328332362459195,2188370841973347,155747396516364,959290840371227,7.482,3.101,15.398,18.999,59.0,61.0,236.112,268.0
2687,Pittsburgh,PA,40.4438452,-79.9390122,9246408618,4,4553,6176,824475481823427,749655142389749,317434810035842,4033961833317736,20.019,0.604,18.682,17.305,346.91,103.11,122.24,283.078
2688,Pittsburgh,PA,40.4438802,-79.9447735,1715713076,3,4553,6176,1675009003674726,1281259310609320,27948172784773328,1021527300199721,10.9,18.83,18.366,17.37,356.0,66.0,190.0,257.0
2689,Pittsburgh,PA,40.4438998,-79.9386103,9246408621,4,4553,6176,304128141282224,800201293946883,800201293946883,1684141019701426,2.075,8.878,8.878,4.679,337.722,128.809,128.809,288.0
2690,Pittsburgh,PA,40.4438999,-79.9504315,8505524636,4,4553,6176,972550212017806,779053135279225,155747396516364,458530118578825,7.457,2.006,22.392,16.775,59.0,63.0,236.112,266.424
2691,Pittsburgh,PA,40.4439778,-79.9509101,8505524641,3,4553,6176,1193103767826515,456243182136358,1590308845571987,1640773277497780,11.098,0.5,17.601,1.217,0.0,62.313,238.0,267.0
2692,Pittsburgh,PA,40.4439989,-79.954071,8274805032,3,4553,6176,2385756048260970,299534635993908,273519982047260,1339051723316288,10.141,12.388,13.112,7.211,349.729,134.813,142.727,304.344
2693,Pittsburgh,PA,40.4440234,-79.9387105,8752052419,3,4553,6176,2816711165355723,489544525721418,800201293946883,1609185786847746,15.581,15.076,19.523,8.727,332.0,119.961,128.809,273.0
2694,Pittsburgh,PA,40.4440485,-79.9506704,8505524651,3,4553,6176,3049810465237863,181681180525632,1590308845571987,959290840371227,18.166,9.24,5.123,4.1,350.547,100.956,238.0,268.0
2695,Pittsburgh,PA,40.4440547,-79.9506929,8505524652,3,4553,6176,3049810465237863,181681180525632,1590308845571987,959290840371227,16.21,9.768,4.919,5.013,350.547,100.956,238.0,268.0
2696,Pittsburgh,PA,40.4441208,-79.9431038,302755629,4,4553,6176,1643160606819558,2519700821725010,2471859879900269,4141080926221733,22.518,23.14,14.256,26.332,1.0,70.0,151.0,266.0
2697,Pittsburgh,PA,40.4441265,-79.9503313,8505524649,3,4553,6176,394755024954321,205976418022332,155747396516364,1972126473682513,19.703,11.833,33.368,2.066,49.181,76.758,236.112,247.0
2698,Pittsburgh,PA,40.4441347,-79.9423092,6896322330,4,4553,6176,1307018617765672,1067343768878088,788361117659670,1987320761993059,23.816,19.731,28.315,24.795,20.848,91.619,175.0,303.0
2699,Pittsburgh,PA,40.444238,-79.9428476,9098996612,4,4553,6176,1643160606819558,1386472856331024,2033891114146355,4141080926221733,2.782,3.478,1.603,6.681,1.0,84.0,182.0,266.0
2700,Pittsburgh,PA,40.4442499,-79.9428233,4961818961,3,4553,6176,899976796397813,1386472856331024,1571516217602059,4141080926221733,1.093,1.691,0.869,7.125,355.0,84.0,180.0,266.0
2701,Pittsburgh,PA,40.4442696,-79.9547751,8483931989,3,4553,6176,809456837227778,271046312327254,300407392382017,670818674966453,17.406,2.572,3.169,18.8,352.771,139.431,142.728,281.429
2702,Pittsburgh,PA,40.4442709,-79.9430493,1707742510,3,4553,6176,3418670858284662,1041544801299399,1919346595347163,4141080926221733,11.241,16.648,15.493,22.653,352.0,77.0,177.0,266.0
2703,Pittsburgh,PA,40.4443211,-79.9487687,8505524632,3,4553,6176,4501551506787526,312086270583648,1280620000948876,1103184810203386,7.556,4.684,3.539,12.157,24.0,63.698,172.0,245.658
2704,Pittsburgh,PA,40.4443279,-79.9487845,8505524631,3,4553,6176,4501551506787526,312086270583648,1280620000948876,1103184810203386,7.265,3.959,4.036,10.864,24.0,63.698,172.0,245.658
2705,Pittsburgh,PA,40.4443474,-79.9486419,12100111878,4,4553,6176,2149119205840323,1146651705800451,1006030565123772,904773069016339,11.261,5.806,4.986,15.661,16.0,69.67,172.0,273.0
2706,Pittsburgh,PA,40.4443832,-79.9430095,9246425520,3,4553,6176,1466800264785636,1465752428579618,782682454909367,923696367046735,10.494,10.939,17.369,15.566,358.0,94.0,173.0,260.0
2707,Pittsburgh,PA,40.4444147,-79.9422138,9246405694,3,4553,6176,1307036307951967,4185684928148996,1836137760385789,146374067409170,31.467,0.811,30.305,13.558,1.0,105.16,178.0,281.419
2708,Pittsburgh,PA,40.4444207,-79.9545591,8483931992,3,4553,6176,809456837227778,293058296641416,3550549485163246,670818674966453,7.561,14.413,8.347,6.211,352.771,148.853,178.91,281.429
2709,Pittsburgh,PA,40.4444561,-79.9549806,8051080725,3,4553,6176,903124100264099,6419530674801183,858267919151904,491005221951956,13.408,5.405,6.34,12.005,318.178,137.259,161.095,287.409
2710,Pittsburgh,PA,40.4444745,-79.946241,9099043226,4,4553,6176,205157468105475,905331140029909,780436109308333,1350263126973218,32.429,2.945,20.617,12.7,1.216,89.665,182.045,250.0
2711,Pittsburgh,PA,40.4444756,-79.9461785,11844997307,3,4553,6176,205157468105475,265326652011557,780436109308333,1350263126973218,33.5,1.994,22.545,12.065,1.216,91.743,182.045,250.0
2712,Pittsburgh,PA,40.4445031,-79.9436353,1778789599,3,4553,6176,1978199353091995,198387005438030,1661134475236678,1492102322514897,32.652,1.714,33.59,21.399,300.0,91.313,200.0,269.0
2713,Pittsburgh,PA,40.4445104,-79.9429638,9246425525,3,4553,6176,2685784258471355,1617995379249596,2062057755193324,883870687480696,2.717,1.558,9.816,5.97,359.0,85.0,164.0,277.0
2714,Pittsburgh,PA,40.4445133,-79.9487659,11844998212,4,4553,6176,1294031262585405,158866299584185,909429112133059,1872690980099699,7.14,6.232,6.91,4.497,3.0,72.937,177.0,273.0
2715,Pittsburgh,PA,40.4445186,-79.9431435,9252767334,3,4553,6176,1466800264785636,1376686591143835,25778955255138403,1439091544638849,13.123,3.871,10.376,13.553,358.0,87.0,180.0,275.0
2716,Pittsburgh,PA,40.4445192,-79.9447501,9099043219,5,4553,6176,1601872247741569,225117382710439,3563500517135466,1046670644683503,1.806,2.407,3.135,3.155,357.0,95.987,233.0,247.0
2717,Pittsburgh,PA,40.4445241,-79.9435705,1778789600,3,4553,6176,1978199353091995,349613340064421,1661134475236678,1492102322514897,27.023,4.399,27.818,18.39,300.0,86.224,200.0,269.0
2718,Pittsburgh,PA,40.4445258,-79.9444788,9099043217,3,4553,6176,1601872247741569,126224622827428,1015711041021260,2543156292771515,23.631,3.222,8.367,5.035,357.0,91.769,238.0,255.0
2719,Pittsburgh,PA,40.4445459,-79.9486093,11769625400,3,4553,6176,1633010996893771,1249546096643357,909429112133059,870720969338853,4.253,9.702,7.75,1.358,7.088,74.0,177.0,272.0
2720,Pittsburgh,PA,40.4445772,-79.9547507,8483931997,3,4553,6176,1201852090510956,6419530674801183,620663465557868,760913931291152,11.497,18.335,5.408,0.686,315.623,137.259,203.551,228.378
2721,Pittsburgh,PA,40.4445781,-79.94655,6784124205,3,4553,6176,185265896793422,475582040392855,3989689237795897,135317301975563,7.776,9.947,15.852,3.269,21.35,84.562,180.299,271.963
2722,Pittsburgh,PA,40.4446104,-79.9463658,11844997305,3,4553,6176,205157468105475,2084344975679593,780436109308333,1163065067493476,17.924,13.009,6.78,2.947,1.216,88.0,182.045,263.635
2723,Pittsburgh,PA,40.4446145,-79.9463056,6784050082,3,4553,6176,205157468105475,1370222778241604,780436109308333,294219319015731,16.523,13.332,4.257,3.109,1.216,91.0,182.045,264.77
2724,Pittsburgh,PA,40.4446338,-79.9424485,8751862985,4,4553,6176,2965573597046065,312430727014063,1836137760385789,1519295563083992,13.44,3.802,22.984,2.897,338.427,110.27,178.0,278.0
2725,Pittsburgh,PA,40.4446391,-79.9462714,8751945093,4,4553,6176,205157468105475,1370222778241604,780436109308333,294219319015731,13.948,15.734,3.459,1.754,1.216,91.0,182.045,264.77
2726,Pittsburgh,PA,40.4446441,-79.9461185,11844997309,3,4553,6176,205157468105475,1481057710199093,780436109308333,223372755889325,20.097,14.342,16.076,1.6,1.216,90.0,182.045,259.259
2727,Pittsburgh,PA,40.4446788,-79.9466485,6784124218,3,4553,6176,137613751695223,775494726447509,141194857938536,650066615856361,8.37,15.444,1.213,7.353,2.588,79.157,171.412,265.993
2728,Pittsburgh,PA,40.444714,-79.9447223,8925235300,3,4553,6176,27394950863438718,509554906908899,330873178409975,2152245625575702,6.403,5.911,10.316,5.26,351.0,107.254,189.788,265.0
2729,Pittsburgh,PA,40.4447195,-79.9428355,8751862983,3,4553,6176,968141459031449,1436901787578035,506885594002803,1249245613952394,5.582,12.67,9.719,1.769,356.0,81.0,185.846,279.0
2730,Pittsburgh,PA,40.4447349,-79.9431293,7418362717,4,4553,6176,1429744351697919,4466311636923484,26492380153719282,2103880256846933,15.68,2.798,2.991,3.246,1.0,109.0,177.0,267.0
2731,Pittsburgh,PA,40.4447541,-79.9428588,9252767336,3,4553,6176,1243771930890859,793413606699232,1896618557711395,1249245613952394,3.318,4.878,8.746,5.752,0.0,66.0,177.0,279.0
2732,Pittsburgh,PA,40.4447551,-79.9432501,303453504,3,4553,6176,3126118627589725,1432745205199014,1966365737327552,375296430686705,6.983,5.935,5.045,2.348,304.0,96.0,176.0,277.166
2733,Pittsburgh,PA,40.444758,-79.943701,303453521,4,4553,6176,461889398244772,914897824457470,2970882483130209,1698019361228031,28.111,19.465,10.549,4.465,54.72,89.0,216.329,263.0
2734,Pittsburgh,PA,40.4447802,-79.9430234,8751862968,3,4553,6176,1429744351697919,1436901787578035,1245393447575705,952959520577443,7.638,4.88,1.761,3.034,1.0,81.0,192.0,261.0
2735,Pittsburgh,PA,40.4448196,-79.9465529,6784124207,4,4553,6176,227774078686618,1592294270965654,158819809536725,521967032293720,3.843,2.85,10.884,21.733,18.053,40.615,189.498,265.813
2736,Pittsburgh,PA,40.4448896,-79.9436137,8751945082,4,4553,6176,461889398244772,543867943665070,4570778109616815,523393115488793,18.84,3.505,4.687,4.597,54.72,104.216,212.812,276.247
2737,Pittsburgh,PA,40.444926,-79.9435884,303453454,3,4553,6176,461889398244772,543867943665070,4570778109616815,523393115488793,18.062,4.28,7.702,1.443,54.72,104.216,212.812,276.247
2738,Pittsburgh,PA,40.4450562,-79.942863,8751862967,3,4553,6176,905974638709939,1907403359831674,1034861363040303,3143511559165859,8.688,7.684,0.998,1.824,4.0,82.0,192.0,233.0
2739,Pittsburgh,PA,40.4450641,-79.9557343,8026959621,3,4553,6176,658126116196840,1431463594093630,1535866963486414,1012058069975928,12.109,7.858,6.678,12.926,335.145,134.87,140.583,313.185
2740,Pittsburgh,PA,40.445074,-79.946455,6784050060,3,4553,6176,520101449172404,993596234712513,390049632226714,308854194166171,4.923,10.011,14.844,28.35,0.992,114.97,192.145,272.645
2741,Pittsburgh,PA,40.4451074,-79.9430041,303453605,3,4553,6176,740300699108012,1907403359831674,1034861363040303,3143511559165859,21.063,20.838,13.123,13.597,7.0,82.0,192.0,233.0
2742,Pittsburgh,PA,40.4451254,-79.943096,9548472901,3,4553,6176,740300699108012,1907403359831674,1034861363040303,3143511559165859,28.872,28.677,20.974,21.359,7.0,82.0,192.0,233.0
2743,Pittsburgh,PA,40.4451537,-79.9426485,8751862977,4,4553,6176,1597823914616534,4195463424022633,257831169468799,2035836747254160,0.593,4.793,2.581,3.328,1.0,82.0,207.661,296.0
2744,Pittsburgh,PA,40.445173,-79.9447916,7418362719,3,4553,6176,2065785917683509,204619541335867,316705359867774,4000168133400937,2.019,30.927,29.271,26.048,3.0,86.764,204.248,275.408
2745,Pittsburgh,PA,40.4452012,-79.9443937,8751945080,4,4553,6176,263750485497429,292186099306739,805160150114127,2567463213562991,2.154,4.565,0.534,8.866,357.01,128.441,206.861,273.122
2746,Pittsburgh,PA,40.4452419,-79.948699,11769625401,4,4553,6176,948429061339391,1293325405678328,26363118433388604,2110829089699128,0.843,7.58,9.221,7.646,11.0,86.0,187.0,278.0
2747,Pittsburgh,PA,40.4452504,-79.9562163,8051091093,3,4553,6176,2002133700140334,143509148781964,785044173357828,295879609596892,30.06,25.557,26.874,30.789,324.21,121.731,150.835,316.051
2748,Pittsburgh,PA,40.4452942,-79.9562703,8051091092,3,4553,6176,2002133700140334,143509148781964,785044173357828,1359326628274468,30.754,25.161,25.671,30.558,324.21,121.731,150.835,314.075
2749,Pittsburgh,PA,40.4453203,-79.9488721,9124394411,4,4553,6176,467544677637968,1293325405678328,26363118433388604,2110829089699128,11.543,15.005,10.391,13.647,356.734,86.0,187.0,278.0
2750,Pittsburgh,PA,40.4453251,-79.9427067,9318800837,3,4553,6176,1518146609645424,1535920774235978,1228200582488215,968087392447460,9.826,9.502,2.356,2.877,4.0,80.0,188.0,232.0
2751,Pittsburgh,PA,40.4453336,-79.948706,11845004706,4,4553,6176,308717847365441,1293325405678328,1299635528267240,2110829089699128,3.2,2.775,6.285,2.662,351.575,86.0,194.0,278.0
2752,Pittsburgh,PA,40.4453625,-79.9446628,8925235263,3,4553,6176,1387968149766883,292186099306739,805160150114127,2567463213562991,1.73,28.742,29.485,20.13,15.0,128.441,206.861,273.122
2753,Pittsburgh,PA,40.4453708,-79.9426787,8751862966,4,4553,6176,1518146609645424,1577968603177364,1488443356222417,968087392447460,8.946,9.517,1.555,3.04,4.0,80.0,189.0,232.0
2754,Pittsburgh,PA,40.4453811,-79.9421521,303450588,3,4553,6176,2349577632221776,30844369288543169,163125995815701,1494192398314586,27.401,30.698,33.022,27.876,3.0,78.0,197.894,297.0
2755,Pittsburgh,PA,40.4454488,-79.9427374,1703822568,3,4553,6176,978518171777741,1577968603177364,4450090551983896,1510599583760295,17.021,18.445,7.218,6.942,5.0,80.0,192.0,233.0
2756,Pittsburgh,PA,40.4454676,-79.9445914,8925235261,3,4553,6176,1431744551276484,1243353934628132,3027913670760712,2567463213562991,2.451,18.55,29.755,25.878,15.0,45.0,209.538,273.122
2757,Pittsburgh,PA,40.4454966,-79.9559576,8051091115,4,4553,6176,4157813684309791,143509148781964,785044173357828,295879609596892,3.288,9.603,9.574,4.389,323.236,121.731,150.835,316.051
2758,Pittsburgh,PA,40.4455635,-79.9445263,8925235259,3,4553,6176,914592328237628,1243353934628132,317969216514944,2567463213562991,2.733,6.819,27.713,34.829,6.0,45.0,158.55,273.122
2759,Pittsburgh,PA,40.4456092,-79.9563975,8026959669,3,4553,6176,102848496241607,296814546265746,294069366634825,1378134889232117,14.958,10.829,12.491,15.264,357.277,130.29,180.0,313.437
2760,Pittsburgh,PA,40.4456385,-79.9426264,1703822566,3,4553,6176,26640781488946909,1450785828596204,1410046954196077,1320302756678067,17.154,17.656,7.697,6.546,2.0,102.824,191.0,234.0
2761,Pittsburgh,PA,40.4456776,-79.942491,9318800838,4,4553,6176,1527326252305487,1145066900775480,2180063862800796,1471505001035891,8.376,10.105,1.629,3.285,2.0,79.0,190.0,234.0
2762,Pittsburgh,PA,40.4457263,-79.9562417,8026959668,3,4553,6176,102848496241607,1028511131853406,294069366634825,1378134889232117,3.752,8.74,8.842,3.326,357.277,62.788,180.0,313.437
2763,Pittsburgh,PA,40.4457461,-79.9424491,9318800834,3,4553,6176,2185020608704497,962934045962879,1734042874697182,2204999543642729,8.339,9.451,2.657,4.0,2.0,76.0,188.0,231.0
2764,Pittsburgh,PA,40.4458101,-79.9563926,8942919397,4,4553,6176,3869545446460736,922333758324423,191956137198710,1279258126314183,6.765,12.679,8.729,11.855,355.223,52.506,181.981,251.814
2765,Pittsburgh,PA,40.4458546,-79.9563145,8942919362,4,4553,6176,3869545446460736,922333758324423,191956137198710,1279258126314183,8.386,5.142,12.617,6.139,355.223,52.506,181.981,251.814
2766,Pittsburgh,PA,40.4459164,-79.9423767,9318800842,4,4553,6176,1583651499583007,1267203671574513,1560461158346571,863286472876275,3.875,3.112,0.219,10.501,5.0,71.0,184.0,280.0
2767,Pittsburgh,PA,40.4459431,-79.9556451,8051601096,3,4553,6176,958324512059659,24517416811190538,187683780969105,1669140436893488,21.89,22.973,29.848,33.481,37.272,57.965,207.619,247.867
2768,Pittsburgh,PA,40.4459695,-79.942369,303453730,4,4553,6176,34893415560242687,828782550239417,1317611736866405,1458430685841961,5.431,8.948,1.014,12.118,348.0,103.0,183.0,268.0
2769,Pittsburgh,PA,40.4460022,-79.9421608,9318800833,4,4553,6176,1418411409477659,4112712728942968,3426009210888845,1202713664523065,4.439,5.037,13.982,5.621,356.0,60.0,176.0,265.0
2770,Pittsburgh,PA,40.4460571,-79.9437444,303454267,3,4553,6176,468265877567112,1505516978250818,497357441455879,1919012491589365,2.883,2.541,5.922,16.951,15.526,84.0,159.005,272.311
2771,Pittsburgh,PA,40.4461158,-79.9437511,6784055282,3,4553,6176,980532239454861,1505516978250818,937263030424506,1919012491589365,4.096,8.43,4.378,23.205,355.574,84.0,172.856,272.311
2772,Pittsburgh,PA,40.4462388,-79.9555263,8483932004,4,4553,6176,162971493474500,808993070630983,181397158281728,803757661437605,8.187,4.62,13.511,12.233,34.503,50.397,227.515,251.38
2773,Pittsburgh,PA,40.4463417,-79.9556488,8942919376,4,4553,6176,4087168784729076,3987784301256969,1207902097277975,803757661437605,7.478,7.353,4.201,3.226,44.695,46.849,234.144,251.38
2774,Pittsburgh,PA,40.4463712,-79.9488179,12172299445,4,4553,6176,485307959354581,1435872330078529,775105076728102,775105076728102,5.06,7.514,13.617,13.617,348.605,86.218,237.307,237.307
2775,Pittsburgh,PA,40.4463804,-79.9486215,6531934802,3,4553,6176,1737019949816291,765706690810866,191112409529747,775105076728102,17.44,3.641,1.685,3.869,354.984,83.3,224.889,237.307
2776,Pittsburgh,PA,40.4464198,-79.9555499,8942919408,3,4553,6176,4087168784729076,4087168784729076,1433093343924514,968347740950699,6.01,6.01,4.07,4.969,44.695,44.695,228.095,242.696
2777,Pittsburgh,PA,40.4465739,-79.952013,8505528028,3,4553,6176,510455410333927,1280462045921045,316843013352103,338863047673433,19.135,30.778,9.969,13.563,337.391,118.045,229.371,253.102
2778,Pittsburgh,PA,40.4467047,-79.9518246,8505528123,3,4553,6176,333934768962660,1280462045921045,1491779164961478,1067050591370915,13.763,16.552,13.869,11.869,321.139,118.045,195.928,253.91
2779,Pittsburgh,PA,40.44689,-79.9548954,8942919624,3,4553,6176,138207628331332,138207628331332,1755627788199658,228000016877471,3.533,3.533,3.012,5.958,50.003,50.003,221.014,239.246
2780,Pittsburgh,PA,40.4468948,-79.9548845,8942919631,3,4553,6176,138207628331332,138207628331332,1755627788199658,228000016877471,2.666,2.666,3.285,4.948,50.003,50.003,221.014,239.246
2781,Pittsburgh,PA,40.4302706,-79.9330885,3257696368,4,4554,6176,468210984485606,1098919933949498,554048572250658,241691920975911,11.987,0.384,14.655,16.113,58.518,84.638,238.947,266.111
2782,Pittsburgh,PA,40.4303198,-79.9343037,7300249547,3,4554,6176,214842686877921,383750156214561,325979155604078,295429838895704,11.89,11.89,33.339,15.357,322.221,79.699,203.995,264.891
2783,Pittsburgh,PA,40.4305212,-79.9232997,12091151611,4,4554,6176,234628511768577,1908635735952990,1661317700722112,527288578271268,5.808,12.696,5.229,31.281,10.588,57.153,181.711,270.0
2784,Pittsburgh,PA,40.4305532,-79.9195838,12092540324,3,4554,6176,374852140583671,1389158098106195,4409452809067835,4409452809067835,5.538,5.908,7.274,7.274,36.609,40.981,218.955,218.955
2785,Pittsburgh,PA,40.4306508,-79.9194957,12095975169,3,4554,6176,2864768550450925,937281613790456,318765779632136,318765779632136,5.358,4.455,5.372,5.372,33.529,42.333,220.48,220.48
2786,Pittsburgh,PA,40.4306864,-79.9297612,12148001412,3,4554,6176,1401085340268360,110448107789045,290613152609406,1826756797499224,5.468,28.257,25.765,14.243,23.003,133.25,177.743,324.326
2787,Pittsburgh,PA,40.4307967,-79.9298625,12143076772,3,4554,6176,1826756797499224,110448107789045,290613152609406,1826756797499224,5.851,15.892,14.92,5.851,324.326,133.25,177.743,324.326
2788,Pittsburgh,PA,40.4310685,-79.9192438,12095975214,3,4554,6176,1758765730961003,1758765730961003,4448322781881243,584339019138261,4.463,4.463,9.293,9.5,40.758,40.758,219.035,220.433
2789,Pittsburgh,PA,40.4311534,-79.9191479,12117542797,3,4554,6176,1210647389385761,1210647389385761,811508026464166,811508026464166,5.038,5.038,7.475,7.475,40.894,40.894,221.455,221.455
2790,Pittsburgh,PA,40.4317299,-79.9180048,12117551223,3,4554,6176,458705365202769,458705365202769,1171959633253058,493493681896905,23.771,23.771,28.74,28.402,36.808,36.808,194.75,215.01
2791,Pittsburgh,PA,40.4317829,-79.9181919,12095975167,3,4554,6176,458705365202769,458705365202769,1171959633253058,493493681896905,6.99,6.99,14.121,11.515,36.808,36.808,194.75,215.01
2792,Pittsburgh,PA,40.431858,-79.9180508,12095975166,3,4554,6176,458705365202769,458705365202769,1171959633253058,493493681896905,20.257,20.257,18.494,22.807,36.808,36.808,194.75,215.01
2793,Pittsburgh,PA,40.4325321,-79.9276723,12143076691,4,4554,6176,199184215360947,2311267825673525,3014980198722312,966087914148018,9.567,3.055,7.434,10.2,352.112,81.54,175.179,265.712
2794,Pittsburgh,PA,40.4325384,-79.9152738,12093279813,4,4554,6176,4285388344805682,155232499896534,177677254248280,4096179073797765,16.136,29.362,19.198,10.277,0.0,96.421,150.183,311.103
2795,Pittsburgh,PA,40.4325405,-79.9274588,12143076684,4,4554,6176,199184215360947,787026408611830,3014980198722312,966087914148018,8.661,3.945,11.068,22.607,352.112,81.943,175.179,265.712
2796,Pittsburgh,PA,40.4325757,-79.9150115,12093279814,3,4554,6176,4285388344805682,155232499896534,177677254248280,1429784617358945,27.661,7.399,30.329,13.765,0.0,96.421,150.183,267.4
2797,Pittsburgh,PA,40.432604,-79.9150051,12093279766,3,4554,6176,4285388344805682,155232499896534,177677254248280,1429784617358945,30.362,5.486,33.122,11.355,0.0,96.421,150.183,267.4
2798,Pittsburgh,PA,40.4326806,-79.9276551,12143076692,4,4554,6176,184038570252860,180115130673898,173319914714257,966087914148018,15.502,14.67,5.823,7.872,342.174,86.484,176.312,265.712
2799,Pittsburgh,PA,40.4327138,-79.9274637,12143076693,4,4554,6176,184038570252860,787026408611830,173319914714257,966087914148018,19.196,15.396,10.972,22.855,342.174,81.943,176.312,265.712
2800,Pittsburgh,PA,40.4327567,-79.9362175,2755750352,4,4554,6176,4734986353185181,942081689924102,495379364909855,4646668288682708,9.786,4.247,10.697,12.844,4.291,42.55,136.743,264.02
2801,Pittsburgh,PA,40.4327687,-79.9362814,7543082308,3,4554,6176,2974861266110908,2798734077056244,495379364909855,1645266852324461,9.332,13.065,6.883,5.267,3.093,83.404,136.743,292.864
2802,Pittsburgh,PA,40.4329194,-79.9364271,7543082222,3,4554,6176,814816636124353,179181227326656,324139862537416,606142690787775,6.989,6.187,8.145,4.258,319.32,84.369,136.357,272.848
2803,Pittsburgh,PA,40.4331184,-79.9352352,3662408049,4,4554,6176,520823289068257,1729616830574528,275478047611958,482837386105274,30.894,5.848,16.835,6.247,59.29,73.256,239.586,252.012
2804,Pittsburgh,PA,40.4332866,-79.9336239,3662408041,3,4554,6176,2544610135848170,2544610135848170,942326196598381,475472656845986,8.623,8.623,7.839,6.605,40.128,40.128,222.898,229.416
2805,Pittsburgh,PA,40.4332871,-79.9334416,302981519,3,4554,6176,1397401543967639,1397401543967639,760736527940890,806010316703306,0.688,0.688,4.888,3.94,54.098,54.098,226.107,232.665
2806,Pittsburgh,PA,40.4340053,-79.9276949,12143076811,4,4554,6176,1407656452945517,363445665319481,522835842067811,472776260695797,13.479,33.034,6.971,28.91,359.543,90.0,175.521,262.909
2807,Pittsburgh,PA,40.4340887,-79.933942,3957587015,3,4554,6176,1928036797349123,3776987869076251,496355108343727,290931569376505,7.186,16.054,4.578,6.07,16.171,38.544,192.292,218.68
2808,Pittsburgh,PA,40.4341416,-79.933789,3527046162,3,4554,6176,1038537566674129,3776987869076251,263746308744107,3895442343844403,5.574,2.65,2.491,11.46,355.41,38.544,205.503,224.226
2809,Pittsburgh,PA,40.434185,-79.9339379,3704985068,3,4554,6176,1038537566674129,309593334202496,362136591998598,290931569376505,8.306,13.798,5.642,10.13,355.41,128.429,189.586,218.68
2810,Pittsburgh,PA,40.4342131,-79.9277477,12143076816,4,4554,6176,966005360877721,363445665319481,524132355253111,472776260695797,11.59,18.104,8.981,23.533,0.0,90.0,173.633,262.909
2811,Pittsburgh,PA,40.4346552,-79.922934,12091187080,4,4554,6176,161700062567315,513880933078722,1823199581187709,889271414953465,16.526,34.45,6.269,12.442,4.162,62.514,182.775,241.72
2812,Pittsburgh,PA,40.4346883,-79.9227348,12091187074,4,4554,6176,161700062567315,513880933078722,3891195670961508,1963361570482418,10.142,30.145,8.858,9.861,4.162,62.514,181.607,258.14
2813,Pittsburgh,PA,40.4347122,-79.9225908,12138867126,4,4554,6176,472212520519815,513880933078722,3891195670961508,1241441916308724,16.369,32.844,19.745,10.4,346.626,62.514,181.607,263.958
2814,Pittsburgh,PA,40.4348392,-79.9229147,12053282579,4,4554,6176,161700062567315,513880933078722,291773989211496,930883487474464,12.718,15.008,6.329,8.309,4.162,62.514,181.386,252.635
2815,Pittsburgh,PA,40.4348674,-79.9227344,12053257340,4,4554,6176,472212520519815,513880933078722,1441563542867204,469335147476351,6.033,11.739,7.096,1.523,346.626,62.514,182.769,247.941
2816,Pittsburgh,PA,40.4349833,-79.921924,12053257354,4,4554,6176,1076484852879714,814345162817360,186262930056599,4695673927125866,15.373,13.121,2.582,6.142,50.346,85.618,188.211,262.551
2817,Pittsburgh,PA,40.4350581,-79.9221641,2766543243,3,4554,6176,1076484852879714,301846558321222,327026905607122,527422815296049,6.59,4.718,6.271,17.026,50.346,94.479,158.141,255.509
2818,Pittsburgh,PA,40.4350888,-79.9219489,2766543245,3,4554,6176,1076484852879714,814345162817360,467932461157105,4695673927125866,13.661,7.635,9.414,17.344,50.346,85.618,170.675,262.551
2819,Pittsburgh,PA,40.4376411,-79.9329727,12091765897,3,4554,6176,183535000315526,1483139133300431,1948552246023033,4224813701101633,34.016,5.038,10.321,20.289,0.0,96.0,148.0,270.0
2820,Pittsburgh,PA,40.4378204,-79.9333674,12987132659,4,4554,6176,489561155794816,1811540893148607,820738347758332,1686812852737724,19.917,18.019,11.5,23.44,334.769,98.0,179.0,295.0
2821,Pittsburgh,PA,40.4378346,-79.9334035,12143137937,3,4554,6176,489561155794816,1310374467702563,820738347758332,1686812852737724,21.927,20.198,12.01,25.163,334.769,97.0,179.0,295.0
2822,Pittsburgh,PA,40.4379658,-79.9340709,3643294766,3,4554,6176,218547446425084,911008109749162,981148865960817,475437120199106,24.925,2.172,30.518,27.716,10.827,99.578,176.394,288.416
2823,Pittsburgh,PA,40.4379707,-79.9209152,11991022489,3,4554,6176,1639287857337649,2057762328489405,1498748518420285,1679627753078519,25.735,27.063,27.533,31.513,8.0,87.0,147.0,271.0
2824,Pittsburgh,PA,40.4379719,-79.9279078,12091765894,3,4554,6176,476965313540693,480016539884565,163863545741547,285282419919389,18.894,2.895,7.244,13.455,7.281,99.155,171.079,276.691
2825,Pittsburgh,PA,40.4379719,-79.9212365,12053257353,4,4554,6176,1639287857337649,2057762328489405,1498748518420285,1679627753078519,2.228,0.64,1.123,6.145,8.0,87.0,147.0,271.0
2826,Pittsburgh,PA,40.437978,-79.9228692,12053257330,4,4554,6176,1869218147057374,1512432110385227,1259730399170268,1350508216944716,16.525,3.408,2.008,16.335,354.0,94.0,131.0,251.0
2827,Pittsburgh,PA,40.4379808,-79.9230597,12053282573,4,4554,6176,1289205420066358,917723984423523,1461019615243922,3472280432947834,4.375,2.645,2.448,11.872,3.0,94.0,177.0,267.0
2828,Pittsburgh,PA,40.4379894,-79.9276036,12053282569,4,4554,6176,773481823534784,1449283846519156,535010061218412,2437703090025123,4.523,5.047,10.714,11.799,1.991,102.0,186.658,237.0
2829,Pittsburgh,PA,40.4379962,-79.923491,12053282591,4,4554,6176,1289205420066358,1511327250469446,1647873489819537,1571544427909854,33.747,2.928,6.412,12.48,3.0,105.0,165.0,247.0
2830,Pittsburgh,PA,40.4381081,-79.9277793,12091765889,3,4554,6176,344904703643249,1308039447963186,535010061218412,285282419919389,10.43,8.177,10.35,9.27,359.603,97.0,186.658,276.691
2831,Pittsburgh,PA,40.4381119,-79.9345451,3643294731,3,4554,6176,3751822188280232,516554246156317,141242744654063,546815632977644,21.187,21.067,14.176,17.118,25.527,91.175,177.808,228.089
2832,Pittsburgh,PA,40.4381201,-79.9276025,12049684904,4,4554,6176,344904703643249,1402199391668923,145595490917953,1667384791265466,4.723,8.15,10.66,4.464,359.603,97.0,174.928,238.0
2833,Pittsburgh,PA,40.4381329,-79.9230681,12049684906,4,4554,6176,1289205420066358,917723984423523,1459160371783821,1507032627549457,20.144,16.934,15.343,3.742,3.0,94.0,172.0,248.0
2834,Pittsburgh,PA,40.4381329,-79.9228849,12049717895,4,4554,6176,1289205420066358,1512432110385227,1461019615243922,1350508216944716,26.836,14.956,24.913,2.705,3.0,94.0,177.0,251.0
2835,Pittsburgh,PA,40.4381334,-79.9215,12051822577,4,4554,6176,1305147694341854,931409676559139,1313114034248252,977220101760773,20.099,14.692,19.999,6.894,37.0,92.0,213.0,269.0
2836,Pittsburgh,PA,40.4381335,-79.9212354,12051822574,4,4554,6176,1639287857337649,2126728224561375,1313114034248252,1679627753078519,19.665,14.683,13.466,13.86,8.0,93.0,213.0,271.0
2837,Pittsburgh,PA,40.4381336,-79.9209122,3897683360,4,4554,6176,1639287857337649,2057762328489405,1498748518420285,1679627753078519,32.531,32.355,32.5,34.081,8.0,87.0,147.0,271.0
2838,Pittsburgh,PA,40.4381342,-79.9194347,12049717896,3,4554,6176,740870379920979,465896367973074,2984308048455177,1704086169779816,32.555,32.064,6.448,34.958,351.931,36.167,180.259,267.442
2839,Pittsburgh,PA,40.4381427,-79.9342266,3643294765,3,4554,6176,3751822188280232,516554246156317,283504886754176,283504886754176,25.28,13.309,5.687,5.687,25.527,91.175,230.125,230.125
2840,Pittsburgh,PA,40.4382758,-79.9334335,12091765878,3,4554,6176,1675001377021565,4092735940783199,5246168598942664,1675001377021565,2.341,7.783,15.242,2.341,301.0,143.848,182.0,301.0
2841,Pittsburgh,PA,40.4383357,-79.9340708,3643294758,3,4554,6176,945876009563510,305591417676400,1174069746348253,176082947745769,23.918,27.735,9.069,7.291,311.653,146.853,237.396,256.283
2842,Pittsburgh,PA,40.438378,-79.9335311,12143204743,3,4554,6176,1706484716225308,884583982099351,1261890828991982,1251914970067500,9.431,7.714,15.062,4.686,318.299,135.622,184.0,299.0
2843,Pittsburgh,PA,40.4388109,-79.9341331,12091765901,4,4554,6176,317962996377783,759379281413965,1831262010890357,3539967232808867,8.918,3.064,2.165,14.382,327.706,144.002,185.0,299.0
2844,Pittsburgh,PA,40.4388667,-79.9341879,12091765907,4,4554,6176,317962996377783,507537707044336,1696518001346232,317962996377783,7.478,5.105,2.197,7.478,327.706,144.401,179.0,327.706
2845,Pittsburgh,PA,40.4388673,-79.9339905,12091765877,4,4554,6176,485893769320142,839632650014907,1831262010890357,3539967232808867,8.909,7.096,13.664,1.012,323.921,143.713,185.0,299.0
2846,Pittsburgh,PA,40.4389209,-79.934241,11769573602,3,4554,6176,317962996377783,1538447560955611,938766998909674,841620899006363,12.151,1.242,1.478,14.88,327.706,150.0,181.0,299.0
2847,Pittsburgh,PA,40.4389742,-79.934077,10151452174,4,4554,6176,317962996377783,1128012520996929,938766998909674,841620899006363,9.855,9.835,14.465,0.506,327.706,145.691,181.0,299.0
2848,Pittsburgh,PA,40.4396915,-79.9347211,10151452177,3,4554,6176,306989474339641,540292533658447,1276233590613944,1501721071396165,14.919,11.341,16.306,4.563,326.786,143.7,185.0,298.0
2849,Pittsburgh,PA,40.4398286,-79.9348508,10151452175,3,4554,6176,304839181365310,807216683559624,2020219625596880,2047399649542546,26.559,9.213,16.11,5.231,324.541,144.638,184.0,297.0
2850,Pittsburgh,PA,40.4403573,-79.9355663,11769573603,4,4554,6176,812799289651205,338372121048932,2201897080569658,1303758291871503,11.199,1.516,0.574,10.959,326.875,144.492,184.0,295.0
2851,Pittsburgh,PA,40.4404735,-79.935675,13364301395,3,4554,6176,582148452719347,606247953666386,2455948828159927,1530055388721403,11.474,3.071,1.127,11.259,327.053,133.269,188.0,295.0
2852,Pittsburgh,PA,40.4405367,-79.9355204,10131010841,4,4554,6176,582148452719347,1383212955387004,1246869200849939,1530055388721403,5.232,8.711,15.457,3.787,327.053,144.688,186.0,295.0
2853,Pittsburgh,PA,40.4405604,-79.9357523,13364301393,3,4554,6176,1028085360931585,298107008594989,2206649216535765,826084377230952,11.276,1.651,1.711,10.943,324.915,142.764,182.0,295.0
2854,Pittsburgh,PA,40.4406217,-79.9356072,9246408629,4,4554,6176,1028085360931585,963200257829509,2206649216535765,826084377230952,4.555,7.803,15.481,3.107,324.915,145.299,182.0,295.0
2855,Pittsburgh,PA,40.4415278,-79.9364506,9246408630,4,4554,6176,1490511264673999,1032721677262329,984116100651807,2029906757882689,2.997,8.371,10.445,2.762,329.813,144.023,162.0,293.0
2856,Pittsburgh,PA,40.4417436,-79.9199763,12049717902,4,4554,6176,908243773065481,324195315728554,474387963788714,142151904604855,4.337,30.222,5.177,29.768,346.554,109.287,166.913,212.485
2857,Pittsburgh,PA,40.4417675,-79.9197992,12095975139,4,4554,6176,1213609165723950,324195315728554,966631487428754,142151904604855,8.788,31.291,9.61,30.892,348.347,109.287,166.078,212.485
2858,Pittsburgh,PA,40.4418764,-79.9200005,12049731833,4,4554,6176,464897687943398,324195315728554,2908491899477823,142151904604855,5.138,15.614,3.587,15.165,347.663,109.287,165.989,212.485
2859,Pittsburgh,PA,40.4418994,-79.9198346,12095975138,4,4554,6176,298536985252398,324195315728554,495940105173324,142151904604855,8.639,17.491,9.546,17.159,348.904,109.287,167.715,212.485
2860,Pittsburgh,PA,40.4438014,-79.9205806,12049731834,4,4554,6176,273214424530275,481603209619712,336211041255755,378058623547221,2.777,3.533,3.376,8.215,352.731,117.426,166.091,272.472
2861,Pittsburgh,PA,40.4438085,-79.9204077,12090914248,4,4554,6176,168717151848524,481603209619712,469883080943984,378058623547221,8.98,15.743,8.57,22.093,346.895,117.426,168.119,272.472
2862,Pittsburgh,PA,40.4438101,-79.9208246,12049731837,4,4554,6176,172015528063816,302267884735879,2549649012011357,183173953681605,22.356,6.994,21.821,3.926,352.145,89.727,166.341,272.321
2863,Pittsburgh,PA,40.4439155,-79.9237901,12049731835,3,4554,6176,860399194881757,1943407899157143,179980224011556,2967493540136085,4.542,7.527,7.676,3.038,345.998,90.871,211.434,272.632
2864,Pittsburgh,PA,40.4439174,-79.9206271,12090914216,4,4554,6176,552845389051009,2914734708799339,2549649012011357,378058623547221,3.953,7.965,4.05,9.614,347.932,97.707,166.341,272.472
2865,Pittsburgh,PA,40.4439198,-79.9239429,12049677517,4,4554,6176,226386812589501,469661070807394,179980224011556,1157799434645322,10.399,7.098,7.605,6.987,359.369,93.203,211.434,274.128
2866,Pittsburgh,PA,40.4439339,-79.9204413,12090914218,3,4554,6176,470320700747828,2914734708799339,304002454465921,378058623547221,9.003,21.713,8.139,21.914,342.365,97.707,170.384,272.472
2867,Pittsburgh,PA,40.4439494,-79.920451,12090914217,3,4554,6176,1090133071480199,2914734708799339,304002454465921,378058623547221,10.072,21.725,7.51,22.137,348.647,97.707,170.384,272.472
2868,Pittsburgh,PA,40.4439722,-79.925912,12049677518,4,4554,6176,463968808039994,534349594396737,815654542389534,1193456434430852,10.104,10.47,16.571,5.77,341.87,94.161,232.91,273.848
2869,Pittsburgh,PA,40.4439767,-79.9260602,12049677503,4,4554,6176,234119548473018,284979606695269,619752925602359,315560333342097,10.956,6.041,20.384,7.045,339.457,105.892,121.929,272.669
2870,Pittsburgh,PA,40.4440163,-79.923942,12090914256,3,4554,6176,860399194881757,469661070807394,179980224011556,803990733873688,13.13,3.756,16.257,2.398,345.998,93.203,211.434,280.354
2871,Pittsburgh,PA,40.4440242,-79.9242042,1831370637,4,4554,6176,226386812589501,146843024022202,179980224011556,470266160907615,34.835,3.388,32.539,3.541,359.369,91.459,211.434,272.65
2872,Pittsburgh,PA,40.4440323,-79.927838,8988536126,4,4554,6176,764158907793857,809798843248760,158077169525222,799176564049526,3.193,7.818,16.135,4.293,356.702,107.411,176.145,267.722
2873,Pittsburgh,PA,40.4440604,-79.925364,12090914224,4,4554,6176,139321811567573,319234779829525,815654542389534,277166904157649,34.036,1.326,30.836,1.902,303.782,91.018,232.91,271.801
2874,Pittsburgh,PA,40.4440622,-79.9254493,12090914212,3,4554,6176,463968808039994,2900886790153633,815654542389534,144306590950600,30.381,2.499,23.904,2.955,341.87,92.574,232.91,271.978
2875,Pittsburgh,PA,40.4440785,-79.9259069,12090914211,4,4554,6176,463968808039994,534349594396737,815654542389534,769052893794796,12.297,2.755,18.127,2.896,341.87,94.161,232.91,276.373
2876,Pittsburgh,PA,40.4440849,-79.9279828,8988536127,4,4554,6176,764158907793857,321064162922897,753073438696515,799176564049526,12.951,8.172,10.193,10.193,356.702,122.528,205.213,267.722
2877,Pittsburgh,PA,40.4440881,-79.9261191,12049638364,4,4554,6176,166572155308944,485859342628447,467585727653184,315560333342097,3.777,1.671,26.572,6.416,352.847,92.939,151.456,272.669
2878,Pittsburgh,PA,40.4441543,-79.9278078,8988536129,3,4554,6176,528690991830313,809798843248760,321064162922897,799176564049526,6.667,5.989,8.631,11.071,355.758,107.411,122.528,267.722
2879,Pittsburgh,PA,40.4441756,-79.9278622,12049678377,3,4554,6176,528690991830313,809798843248760,321064162922897,799176564049526,9.026,8.893,6.49,12.317,355.758,107.411,122.528,267.722
2880,Pittsburgh,PA,40.4442251,-79.9279884,8988536128,4,4554,6176,493132015470943,473266150608201,473266150608201,493132015470943,2.609,6.47,6.47,2.609,303.779,120.669,120.669,303.779
2881,Pittsburgh,PA,40.4445996,-79.9290759,12138920735,3,4554,6176,4421072687904741,212470470461847,212470470461847,4421072687904741,11.169,6.964,6.964,11.169,301.405,120.573,120.573,301.405
2882,Pittsburgh,PA,40.4446765,-79.9292366,12138920730,3,4554,6176,3929555953824526,377135590296156,377135590296156,198783272079314,12.475,6.296,6.296,10.73,301.564,121.502,121.502,297.869
2883,Pittsburgh,PA,40.4451238,-79.9303319,12049658898,3,4554,6176,446287146792584,1771435966361699,752355845437923,777191849667360,19.55,13.468,20.115,18.203,302.605,117.017,120.262,297.747
2884,Pittsburgh,PA,40.4451436,-79.9302559,12049658922,4,4554,6176,446287146792584,552469162406988,752355845437923,446287146792584,12.901,7.514,13.482,12.901,302.605,117.876,120.262,302.605
2885,Pittsburgh,PA,40.4451914,-79.9300715,12049658899,4,4554,6176,446287146792584,752355845437923,752355845437923,313442040225800,5.206,4.999,4.999,5.207,302.605,120.262,120.262,301.232
2886,Pittsburgh,PA,40.4452197,-79.9304684,10131001899,3,4554,6176,371821100927192,733407074005494,315674063500574,2082608088543670,17.324,8.44,26.62,13.955,306.217,119.767,122.596,297.747
2887,Pittsburgh,PA,40.445282,-79.9301477,12049658900,3,4554,6176,446287146792584,552469162406988,752355845437923,446287146792584,8.384,10.769,15.21,8.384,302.605,117.876,120.262,302.605
2888,Pittsburgh,PA,40.445569,-79.9312066,10131001900,3,4554,6176,313080320193765,497392677972513,974888779949187,989935911815138,19.652,9.18,8.063,12.411,301.564,118.866,124.254,299.888
2889,Pittsburgh,PA,40.4456848,-79.9314536,12090914236,3,4554,6176,1991753880980428,303486147988448,2892178094375822,1991753880980428,12.464,8.467,8.275,12.464,301.253,123.349,124.535,301.253
2890,Pittsburgh,PA,40.4457032,-79.9314653,12090914235,3,4554,6176,1991753880980428,2892178094375822,2892178094375822,1991753880980428,11.115,6.234,6.234,11.115,301.253,124.535,124.535,301.253
2891,Pittsburgh,PA,40.4457789,-79.9314043,12090914253,3,4554,6176,1991753880980428,2892178094375822,2892178094375822,1991753880980428,1.249,5.159,5.159,1.249,301.253,124.535,124.535,301.253
2892,Pittsburgh,PA,40.4465837,-79.9332071,12049658903,3,4554,6176,1153450488493540,996709321069397,996709321069397,3003288266585036,18.835,5.832,5.832,5.773,300.553,121.013,121.013,298.091
2893,Pittsburgh,PA,40.4468147,-79.9340552,12090914239,4,4554,6176,3021897068042107,519375149100705,1522332181296438,852126225375417,12.79,8.767,33.383,10.675,300.805,111.973,123.923,297.112
2894,Pittsburgh,PA,40.4302376,-79.8933736,12164192689,4,4555,6176,192654392703113,2768328750124624,622340002499786,1652413698289267,4.845,2.039,7.849,11.499,0.0,79.768,151.728,327.611
2895,Pittsburgh,PA,40.430286,-79.8935897,12164192691,4,4555,6176,793196768029942,818491015539734,831090200874842,266905148198488,8.504,4.519,8.133,14.877,0.0,111.764,156.196,325.725
2896,Pittsburgh,PA,40.4303472,-79.8934513,12164192688,4,4555,6176,793196768029942,158496252841839,477320620217689,266905148198488,5.063,5.809,8.332,13.634,0.0,59.362,200.911,325.725
2897,Pittsburgh,PA,40.4305413,-79.8926129,12164192700,4,4555,6176,163296389062521,499117014689592,2047483685409402,195402802432481,4.253,9.065,5.358,29.196,0.0,129.085,162.949,320.425
2898,Pittsburgh,PA,40.4306171,-79.9053724,3428121831,3,4555,6176,824598074849282,489884488920191,225083372343622,2629841157316282,18.375,12.335,34.906,10.638,46.62,78.933,211.56,246.483
2899,Pittsburgh,PA,40.4306696,-79.8926659,12164192698,3,4555,6176,138574641653035,1139216713220998,558485868754722,195402802432481,6.403,6.032,4.872,15.164,0.0,130.268,163.179,320.425
2900,Pittsburgh,PA,40.4308549,-79.8952656,12164163757,4,4555,6176,221562919413652,500122654764357,244354130785703,324844339197038,5.357,9.101,9.138,6.983,0.0,64.391,160.693,314.781
2901,Pittsburgh,PA,40.4308555,-79.9049848,529131713,3,4555,6176,1406535813072575,1178056495950049,485535875866445,398103397885324,5.228,9.185,5.629,14.062,50.383,78.757,206.996,251.884
2902,Pittsburgh,PA,40.4309002,-79.9071489,3428121795,4,4555,6176,273995644436451,295223562150851,774977450054489,583787595929818,25.818,5.616,23.063,19.229,37.017,90.266,229.949,261.996
2903,Pittsburgh,PA,40.4309077,-79.8951356,12164163756,4,4555,6176,168222601797269,1358820391166403,244354130785703,324844339197038,4.777,8.581,5.154,5.518,0.0,64.633,160.693,314.781
2904,Pittsburgh,PA,40.430953,-79.8953364,12164163758,4,4555,6176,496820128410393,500122654764357,900890997424326,947046959460283,5.845,4.265,11.45,6.8,0.0,64.391,160.446,327.567
2905,Pittsburgh,PA,40.4310079,-79.8952011,12164163759,4,4555,6176,179461830632231,804348670457164,900890997424326,1374307682947771,5.941,4.57,5.478,9.395,0.0,63.828,160.446,325.668
2906,Pittsburgh,PA,40.4310898,-79.8947138,12164163766,4,4555,6176,485205125866677,328932825247265,918153862085992,474039540533770,4.4,8.11,23.808,14.48,0.0,67.325,233.185,282.784
2907,Pittsburgh,PA,40.4311167,-79.8979986,12164421923,3,4555,6176,517077642749725,292481929247120,959617014624636,951892178975499,3.065,7.975,4.226,16.886,0.0,129.647,148.595,252.86
2908,Pittsburgh,PA,40.4311693,-79.8978688,12164421922,4,4555,6176,160440766030632,959617014624636,959617014624636,951892178975499,4.017,12.002,12.002,9.191,0.0,148.595,148.595,252.86
2909,Pittsburgh,PA,40.4311854,-79.8947832,12164163769,4,4555,6176,1197343997448856,328932825247265,918153862085992,474039540533770,6.307,4.116,20.634,6.689,0.0,67.325,233.185,282.784
2910,Pittsburgh,PA,40.4312639,-79.8942804,12164192668,4,4555,6176,507015607096629,1041434359717279,503125857496433,479089483401049,6.488,4.858,10.456,17.978,0.0,126.827,173.584,258.814
2911,Pittsburgh,PA,40.4313203,-79.8941623,12164192667,4,4555,6176,463467314954702,172034154728762,503125857496433,479089483401049,3.033,9.323,2.808,7.983,0.0,61.717,173.584,258.814
2912,Pittsburgh,PA,40.4313673,-79.894363,12164192669,4,4555,6176,456971798911520,273524547808785,503125857496433,479089483401049,6.766,4.88,14.983,18.236,0.0,61.351,173.584,258.814
2913,Pittsburgh,PA,40.4314171,-79.8942358,12164192666,4,4555,6176,270124934846909,172034154728762,503125857496433,479089483401049,3.297,6.294,10.323,7.809,0.0,61.717,173.584,258.814
2914,Pittsburgh,PA,40.4315028,-79.8937369,12164192687,4,4555,6176,530821974752031,321211572801094,196687665649326,196687665649326,6.076,4.967,6.705,6.705,0.0,60.872,235.474,235.474
2915,Pittsburgh,PA,40.4315972,-79.8938052,12164192678,4,4555,6176,530821974752031,321211572801094,196687665649326,196687665649326,6.021,7.02,6.551,6.551,0.0,60.872,235.474,235.474
2916,Pittsburgh,PA,40.4316825,-79.8933086,12164192681,3,4555,6176,4049282608491238,179293087410518,1372065899844709,354398892769577,5.149,6.402,7.292,7.193,0.0,72.822,153.26,235.829
2917,Pittsburgh,PA,40.4317497,-79.8931724,12164192680,3,4555,6176,536767620691342,179293087410518,800546760890072,354398892769577,4.225,15.235,6.658,18.243,0.0,72.822,151.941,235.829
2918,Pittsburgh,PA,40.4317583,-79.8964784,12164281536,4,4555,6176,305005694458998,456763542291889,456763542291889,175711331222081,5.374,5.086,5.086,10.22,0.0,149.765,149.765,236.326
2919,Pittsburgh,PA,40.431795,-79.8933885,12164192677,4,4555,6176,476424173473464,179293087410518,525562625117174,354398892769577,5.956,7.869,4.644,9.014,0.0,72.822,196.131,235.829
2920,Pittsburgh,PA,40.4318051,-79.8985279,3659575799,3,4555,6176,959457934829753,803984517158511,222013422785093,312651907078337,11.318,13.418,1.013,3.043,323.667,95.204,153.325,283.791
2921,Pittsburgh,PA,40.4318541,-79.8932462,12164192679,4,4555,6176,1453668358304210,826293118014900,826293118014900,5882789581731458,5.161,4.562,4.562,11.29,0.0,148.623,148.623,329.155
2922,Pittsburgh,PA,40.4318609,-79.8993934,104502997,3,4555,6176,538365347323982,380081920047667,836898090575233,339593927510706,22.928,3.992,27.41,8.265,311.677,87.315,196.99,278.064
2923,Pittsburgh,PA,40.4318705,-79.8965592,12164281539,4,4555,6176,305005694458998,456763542291889,1249284585526705,175711331222081,8.966,9.798,2.45,5.598,0.0,149.765,218.742,236.326
2924,Pittsburgh,PA,40.4319354,-79.8960509,12164163771,4,4555,6176,4068653893157202,513063579880940,168312068453214,1364996607209875,5.526,5.016,2.571,17.87,0.0,146.1,172.642,269.365
2925,Pittsburgh,PA,40.4319843,-79.8959199,12164163770,4,4555,6176,806443040295655,511818120176261,168312068453214,1364996607209875,4.942,8.724,9.807,11.414,0.0,146.845,172.642,269.365
2926,Pittsburgh,PA,40.4320222,-79.8994145,738914299,3,4555,6176,800170640886348,380081920047667,210832284034151,339593927510706,34.614,21.176,27.32,10.17,0.0,87.315,212.922,278.064
2927,Pittsburgh,PA,40.432054,-79.8961345,12164163772,4,4555,6176,1692996490883475,579752826339373,579752826339373,471731120558144,7.038,7.246,7.246,4.676,0.0,145.32,145.32,234.129
2928,Pittsburgh,PA,40.4321081,-79.8960063,12164163773,4,4555,6176,4651448844870584,579752826339373,920940291802795,1364996607209875,5.372,7.113,5.517,4.702,0.0,145.32,217.385,269.365
2929,Pittsburgh,PA,40.4327634,-79.8941037,10048483991,4,4555,6176,301332481711481,535715027600732,535715027600732,137596358402870,4.095,10.871,10.871,10.807,0.0,146.769,146.769,240.118
2930,Pittsburgh,PA,40.4327891,-79.9037594,3458513881,4,4555,6176,341800573942289,178393594195442,852922295567803,306545031116580,10.564,10.758,10.002,17.27,340.864,141.42,150.113,324.171
2931,Pittsburgh,PA,40.4328277,-79.8939385,10048483990,4,4555,6176,297646581827222,1212511969209779,818608049036489,301004841564835,5.132,6.346,0.294,10.844,0.0,147.635,153.137,243.74
2932,Pittsburgh,PA,40.4328752,-79.8941841,10048483992,4,4555,6176,2821343601510360,535715027600732,535715027600732,137596358402870,6.102,4.289,4.289,5.298,0.0,146.769,146.769,240.118
2933,Pittsburgh,PA,40.4329472,-79.894015,10048483989,4,4555,6176,139948378153943,551625149576706,551625149576706,301004841564835,5.137,1.692,1.692,4.856,0.0,141.567,141.567,243.74
2934,Pittsburgh,PA,40.432986,-79.8939174,13285281259,4,4555,6176,319963733181959,551625149576706,508075433565156,1121052225368451,5.05,10.271,10.274,5.675,0.0,141.567,149.864,247.675
2935,Pittsburgh,PA,40.433017,-79.8935276,12167236705,4,4555,6176,944281039752053,526837394981700,490561072188070,196062508906633,2.753,28.404,7.675,7.348,0.0,38.664,239.374,242.838
2936,Pittsburgh,PA,40.4330206,-79.8939381,13285281250,3,4555,6176,186136299937522,551625149576706,847251652533068,1121052225368451,9.161,10.753,11.71,9.185,0.0,141.567,145.899,247.675
2937,Pittsburgh,PA,40.4330759,-79.8936908,13285281260,4,4555,6176,2932468133658373,551625149576706,241193241096439,149629653732768,4.484,31.828,14.539,4.766,0.0,141.567,234.022,279.29
2938,Pittsburgh,PA,40.4330954,-79.8939887,13285281247,4,4555,6176,316010300090236,847251652533068,262516542330491,1121052225368451,16.535,12.474,11.462,18.173,0.0,145.899,154.304,247.675
2939,Pittsburgh,PA,40.4330991,-79.8974516,12164281545,4,4555,6176,296217942057642,297532188540696,297532188540696,834429303833482,7.521,2.037,2.037,12.418,0.0,140.641,140.641,241.972
2940,Pittsburgh,PA,40.4331131,-79.8937184,13285281256,3,4555,6176,2932468133658373,551625149576706,241193241096439,149629653732768,9.105,31.806,16.09,9.509,0.0,141.567,234.022,279.29
2941,Pittsburgh,PA,40.4331168,-79.8937095,13285281249,3,4555,6176,2932468133658373,551625149576706,241193241096439,149629653732768,8.994,32.661,16.852,9.569,0.0,141.567,234.022,279.29
2942,Pittsburgh,PA,40.4331171,-79.8936013,12167232566,4,4555,6176,147697230669211,526837394981700,490561072188070,276722750760087,4.537,34.272,7.129,2.834,0.0,38.664,239.374,249.499
2943,Pittsburgh,PA,40.4331777,-79.8941943,13285281261,4,4555,6176,1372662306450618,528923528141389,216511053410207,3900041156739786,6.236,5.247,4.524,5.814,0.0,148.405,158.049,324.803
2944,Pittsburgh,PA,40.433187,-79.8937648,13285281248,3,4555,6176,2932468133658373,847251652533068,241193241096439,149629653732768,18.091,33.179,22.218,18.614,0.0,145.899,234.022,279.29
2945,Pittsburgh,PA,40.4331889,-79.8931012,12167236704,4,4555,6176,1525304201195140,196964065585923,1407142022976490,481402339642709,5.937,5.325,11.282,7.713,0.0,44.742,153.819,243.784
2946,Pittsburgh,PA,40.4331928,-79.8941609,13285281252,3,4555,6176,1372662306450618,528923528141389,216511053410207,3900041156739786,9.17,5.864,5.534,8.916,0.0,148.405,158.049,324.803
2947,Pittsburgh,PA,40.4331935,-79.8975211,12164281550,4,4555,6176,296217942057642,264426765372118,466535804452809,834429303833482,4.816,2.353,3.906,8.536,0.0,59.763,192.137,241.972
2948,Pittsburgh,PA,40.4332459,-79.8929754,12167236708,4,4555,6176,2918989265089125,755184078482681,1407142022976490,2728934320730539,5.105,3.522,12.349,6.426,0.0,51.039,153.819,243.413
2949,Pittsburgh,PA,40.433277,-79.8970212,12164184039,4,4555,6176,321045616207327,2132612480474976,141844247889689,218114916486279,6.328,11.899,10.982,6.454,0.0,69.124,149.568,310.642
2950,Pittsburgh,PA,40.433297,-79.8931813,12167236706,4,4555,6176,169532085172025,205973591369887,1407142022976490,481402339642709,5.73,5.376,6.149,7.154,0.0,144.462,153.819,243.784
2951,Pittsburgh,PA,40.4333365,-79.8969022,12164184038,4,4555,6176,817528725568922,141844247889689,141844247889689,218114916486279,4.343,1.069,1.069,6.864,0.0,149.568,149.568,310.642
2952,Pittsburgh,PA,40.4333523,-79.8930536,12167236707,4,4555,6176,4137704816294977,205973591369887,1407142022976490,2728934320730539,6.683,9.301,8.358,7.167,0.0,144.462,153.819,243.413
2953,Pittsburgh,PA,40.4333763,-79.8971024,12164184040,4,4555,6176,1212465052524015,2132612480474976,398470554587644,1111774095997212,2.82,3.841,12.186,5.357,0.0,69.124,148.434,241.822
2954,Pittsburgh,PA,40.4334339,-79.8969605,12164184041,4,4555,6176,324350522415839,902770280282665,398470554587644,1811198625719198,3.896,10.301,4.176,4.511,0.0,67.799,148.434,242.345
2955,Pittsburgh,PA,40.433512,-79.8964703,12164184048,4,4555,6176,1844604739039415,4597068513643551,1185782425192534,482094913008561,7.397,8.736,28.603,7.427,0.0,61.496,237.85,279.781
2956,Pittsburgh,PA,40.4336112,-79.8965429,12164184051,4,4555,6176,813210956286814,4597068513643551,1185782425192534,482094913008561,3.317,4.396,26.693,7.557,0.0,61.496,237.85,279.781
2957,Pittsburgh,PA,40.4336878,-79.8960474,12164159175,4,4555,6176,934641270654417,165525488850598,4094948513907448,2848209488824131,6.81,10.191,12.889,18.513,0.0,73.938,147.588,325.424
2958,Pittsburgh,PA,40.4337478,-79.8959259,12164159173,4,4555,6176,199227312022289,229526581907200,4094948513907448,2848209488824131,4.903,6.032,18.745,17.271,0.0,54.019,147.588,325.424
2959,Pittsburgh,PA,40.4337884,-79.8961245,12164159176,4,4555,6176,1094304691091113,165525488850598,4094948513907448,153333043440012,3.22,7.327,25.827,23.601,0.0,73.938,147.588,324.351
2960,Pittsburgh,PA,40.433844,-79.8959912,12164159177,4,4555,6176,845071106108112,229526581907200,4094948513907448,153333043440012,5.357,8.439,28.91,20.731,0.0,54.019,147.588,324.351
2961,Pittsburgh,PA,40.4341103,-79.8950718,12164159163,4,4555,6176,502709637591779,252598636658018,2955530468104075,153255496812044,5.827,7.914,7.354,14.7,0.0,90.414,142.93,329.649
2962,Pittsburgh,PA,40.4341693,-79.8949198,12164159166,4,4555,6176,4228756567191877,252598636658018,312294887064573,153255496812044,5.716,21.277,6.69,13.714,0.0,90.414,161.609,329.649
2963,Pittsburgh,PA,40.4342029,-79.895138,12164159164,4,4555,6176,502709637591779,252598636658018,312294887064573,153255496812044,6.059,9.133,15.207,8.517,0.0,90.414,161.609,329.649
2964,Pittsburgh,PA,40.4342678,-79.8949913,12164159165,4,4555,6176,510232016690767,252598636658018,312294887064573,153255496812044,5.105,21.721,5.828,5.844,0.0,90.414,161.609,329.649
2965,Pittsburgh,PA,40.4345344,-79.8940722,12167232570,4,4555,6176,227957508671416,189844936322168,170688554993841,3999212006840520,5.155,18.349,10.001,25.181,0.0,91.385,150.04,276.964
2966,Pittsburgh,PA,40.4345826,-79.8939457,12167232574,4,4555,6176,468448264379786,189844936322168,170688554993841,3999212006840520,5.832,14.014,7.561,18.52,0.0,91.385,150.04,276.964
2967,Pittsburgh,PA,40.4346239,-79.8941469,12167232572,4,4555,6176,913970459452076,189844936322168,461450851619920,3999212006840520,6.828,13.243,7.986,20.173,0.0,91.385,148.082,276.964
2968,Pittsburgh,PA,40.434674,-79.8940261,12167232573,4,4555,6176,234745308410148,189844936322168,461450851619920,3999212006840520,4.187,2.348,5.054,9.367,0.0,91.385,148.082,276.964
2969,Pittsburgh,PA,40.4347616,-79.8935231,12167274055,4,4555,6176,314247853650388,486201199368908,467381907667776,467381907667776,6.371,9.824,18.302,18.302,0.0,53.452,236.32,236.32
2970,Pittsburgh,PA,40.4348608,-79.8935949,12170730873,4,4555,6176,314247853650388,259846855877785,467381907667776,467381907667776,6.274,7.082,5.714,5.714,0.0,57.917,236.32,236.32
2971,Pittsburgh,PA,40.4349467,-79.8931,12167274054,4,4555,6176,337653241314473,382199936487854,377452910275843,1314433675617856,4.548,2.614,2.914,14.372,0.0,141.799,149.427,253.437
2972,Pittsburgh,PA,40.435,-79.8929749,12167274058,4,4555,6176,300532328223281,138479511546703,377452910275843,1314433675617856,3.785,7.189,9.396,5.29,0.0,57.723,149.427,253.437
2973,Pittsburgh,PA,40.4350388,-79.8931658,12167274056,4,4555,6176,337270704484405,1135629046956581,648150833252165,505892530594848,5.39,3.878,4.271,5.686,0.0,98.624,144.625,298.869
2974,Pittsburgh,PA,40.4350952,-79.8930389,12167274057,4,4555,6176,199682298663761,138479511546703,540094950709903,1314433675617856,4.593,5.098,11.265,6.806,0.0,57.723,150.215,253.437
2975,Pittsburgh,PA,40.4351031,-79.9126022,12093279697,3,4555,6176,318146653029177,332069808265906,506446270493435,506446270493435,26.781,33.973,30.365,30.365,0.0,41.111,215.299,215.299
2976,Pittsburgh,PA,40.4352392,-79.9123127,12093279811,3,4555,6176,485644072772942,332069808265906,746578466010252,197452435556266,3.068,8.028,22.208,32.535,0.0,41.111,205.209,262.518
2977,Pittsburgh,PA,40.4352645,-79.8980109,12164184053,3,4555,6176,3979407562167239,2685172651773315,519133406118601,967001154075030,2.399,8.171,7.142,8.282,0.0,58.499,162.386,260.654
2978,Pittsburgh,PA,40.4352741,-79.8926129,12170730889,4,4555,6176,481817489538357,4283688931643709,3824507590998634,142737667798260,12.246,4.187,8.147,14.167,58.667,61.062,231.573,263.407
2979,Pittsburgh,PA,40.4353213,-79.9125519,12093279812,4,4555,6176,318146653029177,332069808265906,506446270493435,506446270493435,2.162,20.634,5.994,5.994,0.0,41.111,215.299,215.299
2980,Pittsburgh,PA,40.4354908,-79.8970907,12164185041,3,4555,6176,774217820154183,821024495501909,327034852277062,507686020414896,2.817,7.774,10.473,14.086,0.0,68.606,238.702,258.435
2981,Pittsburgh,PA,40.4355108,-79.8983027,3577377086,3,4555,6176,811689313091976,2685172651773315,519133406118601,967001154075030,33.674,29.231,30.051,29.602,0.0,58.499,162.386,260.654
2982,Pittsburgh,PA,40.4355283,-79.8969549,12164185038,4,4555,6176,202850294862140,1209530636132176,327034852277062,507686020414896,3.229,4.813,15.704,9.318,0.0,65.986,238.702,258.435
2983,Pittsburgh,PA,40.4356318,-79.8970056,12164185040,4,4555,6176,2977656725843262,391244472008563,327034852277062,507686020414896,5.27,4.761,11.746,3.413,0.0,68.788,238.702,258.435
2984,Pittsburgh,PA,40.4357348,-79.9091463,738169920,3,4555,6176,496805751471328,1984857248338258,216092153392644,377007747005179,19.77,7.072,2.279,15.01,48.66,108.678,137.045,271.004
2985,Pittsburgh,PA,40.4357518,-79.8960438,12164185027,4,4555,6176,382433479697170,1014420908962749,309168067474319,1827326877427575,4.353,4.616,16.389,17.225,0.0,70.269,166.514,246.731
2986,Pittsburgh,PA,40.4357883,-79.9092355,6581017336,4,4555,6176,496805751471328,153882836633255,829943320945972,377007747005179,11.278,6.47,2.061,5.569,48.66,88.627,136.674,271.004
2987,Pittsburgh,PA,40.435797,-79.8958624,12164185030,4,4555,6176,474560797158972,913393056183914,309168067474319,599527248106204,5.721,5.051,5.966,10.09,0.0,68.299,166.514,244.365
2988,Pittsburgh,PA,40.4358718,-79.896095,12164185028,4,4555,6176,934162660484763,195349859073083,1085293891963847,1288097994978194,7.742,5.711,10.424,3.676,0.0,70.518,178.727,233.136
2989,Pittsburgh,PA,40.4359131,-79.8959181,12164185029,4,4555,6176,1708261479364599,130720049020840,326191435784038,599527248106204,6.325,5.624,8.071,4.512,0.0,69.333,166.119,244.365
2990,Pittsburgh,PA,40.4360331,-79.894944,12170730844,4,4555,6176,327569692071179,502535910947140,1186615288448522,749825112380792,3.368,10.367,5.218,12.767,0.0,89.416,163.22,243.968
2991,Pittsburgh,PA,40.4360706,-79.8948099,12170730849,4,4555,6176,464553861505326,974255313347511,1186615288448522,749825112380792,7.097,9.93,6.894,11.56,0.0,63.031,163.22,243.968
2992,Pittsburgh,PA,40.4361395,-79.8949925,12170730847,4,4555,6176,1663635030693173,777105476507149,294931955594852,749825112380792,1.397,4.008,6.755,7.316,342.016,64.783,159.858,243.968
2993,Pittsburgh,PA,40.4361752,-79.8948604,12170730848,4,4555,6176,537612560590410,974255313347511,294931955594852,749825112380792,4.793,2.601,7.807,5.187,0.0,63.031,159.858,243.968
2994,Pittsburgh,PA,40.436302,-79.8938967,12170730861,4,4555,6176,520158132450336,424511418716999,338827364535092,822770122005516,4.572,9.904,6.014,19.048,0.0,76.213,164.342,250.213
2995,Pittsburgh,PA,40.4363402,-79.8937565,12170730865,4,4555,6176,497458421443443,853173572075855,338827364535092,822770122005516,4.41,11.814,8.826,8.573,0.0,88.55,164.342,250.213
2996,Pittsburgh,PA,40.4364081,-79.8939384,12170730863,4,4555,6176,498638784800460,424511418716999,338827364535092,822770122005516,5.936,4.623,9.371,17.978,0.0,76.213,164.342,250.213
2997,Pittsburgh,PA,40.4364426,-79.8938039,12170730864,4,4555,6176,811437869430914,853173572075855,338827364535092,822770122005516,4.065,4.334,11.506,7.324,340.538,88.55,164.342,250.213
2998,Pittsburgh,PA,40.4365697,-79.9078783,5941448312,3,4555,6176,1018542728681075,319753859742580,2869765519945755,1143473902792560,24.934,20.937,24.658,24.643,9.163,103.869,197.136,284.375
2999,Pittsburgh,PA,40.4367428,-79.9081008,6581017322,3,4555,6176,1018542728681075,307051040993201,800582923902181,215889326734653,2.027,11.173,3.345,10.629,9.163,95.529,187.184,277.787
3000,Pittsburgh,PA,40.4368074,-79.8964933,12164185054,4,4555,6176,3025826444331164,2852944858254621,824466418471294,154471426686679,3.899,19.841,10.36,20.77,0.0,67.985,163.785,329.934
3001,Pittsburgh,PA,40.4368448,-79.8963255,12164185057,4,4555,6176,936936017080002,162493202475925,1206266086495288,154471426686679,5.174,11.894,4.639,20.705,0.0,72.574,166.478,329.934
3002,Pittsburgh,PA,40.4368601,-79.8965155,12164185061,4,4555,6176,841745466437148,968081194020411,824466418471294,154471426686679,1.054,15.297,7.242,15.273,0.0,145.909,163.785,329.934
3003,Pittsburgh,PA,40.4369129,-79.9080437,5941448329,3,4555,6176,1018542728681075,307051040993201,161163529285947,491985585568676,20.341,13.605,10.355,7.561,9.163,95.529,202.193,259.422
3004,Pittsburgh,PA,40.4369165,-79.8965391,12164185055,3,4555,6176,233275638560335,968081194020411,824466418471294,154471426686679,4.726,9.344,8.797,10.245,0.0,145.909,163.785,329.934
3005,Pittsburgh,PA,40.4369531,-79.8963747,12164185056,4,4555,6176,188333746494598,162493202475925,991255145036569,154471426686679,6.575,13.683,5.139,9.433,344.614,72.574,159.394,329.934
3006,Pittsburgh,PA,40.4369911,-79.8941914,12170733990,4,4555,6176,289975096139595,300519811614427,524628548730312,166790785272029,2.428,31.243,4.479,29.479,339.887,146.503,167.121,328.622
3007,Pittsburgh,PA,40.4370249,-79.8940584,12170733996,4,4555,6176,315134400403846,300519811614427,524628548730312,166790785272029,4.179,31.058,7.479,31.188,343.861,146.503,167.121,328.622
3008,Pittsburgh,PA,40.437182,-79.8954521,12170733974,4,4555,6176,2921311518184676,837252113558778,230174252243230,1665177863687122,30.593,6.43,3.531,33.711,53.391,71.139,178.528,229.388
3009,Pittsburgh,PA,40.4373492,-79.8943404,12170733980,4,4555,6176,222090419317488,315314083559170,833610417543797,166790785272029,2.323,18.519,11.764,12.359,346.938,57.383,154.888,328.622
3010,Pittsburgh,PA,40.4373857,-79.8942068,12170733983,4,4555,6176,547101026360965,315314083559170,833610417543797,166790785272029,3.81,30.426,15.016,16.783,337.171,57.383,154.888,328.622
3011,Pittsburgh,PA,40.4374473,-79.894383,12170733981,4,4555,6176,379376196687945,315314083559170,833610417543797,166790785272029,3.108,23.621,23.1,23.83,347.867,57.383,154.888,328.622
3012,Pittsburgh,PA,40.4374825,-79.9137428,12138876218,3,4555,6176,1815414458636895,108413267994936,281998420303844,509501446902945,6.512,19.267,7.762,7.137,4.341,55.972,189.215,217.942
3013,Pittsburgh,PA,40.4374851,-79.8942572,12170733982,4,4555,6176,536888910907552,315314083559170,833610417543797,166790785272029,4.089,33.522,25.166,26.609,337.845,57.383,154.888,328.622
3014,Pittsburgh,PA,40.4375213,-79.913574,12138876220,3,4555,6176,1815414458636895,108413267994936,281998420303844,808627940069134,8.725,11.022,13.613,3.364,4.341,55.972,189.215,246.202
3015,Pittsburgh,PA,40.4377814,-79.9132045,12093279797,3,4555,6176,839642686987396,271404701339455,300486888394065,997590244379256,6.952,7.738,4.648,1.615,359.402,67.541,173.381,219.655
3016,Pittsburgh,PA,40.4379746,-79.9130246,12091765914,3,4555,6176,1424710927881887,316738763154978,527641938240564,4486094704751955,10.17,8.298,9.313,3.568,7.456,90.588,184.747,262.06
3017,Pittsburgh,PA,40.4379756,-79.9131855,12091765913,4,4555,6176,1424710927881887,316738763154978,527641938240564,4486094704751955,4.864,17.554,4.315,13.373,7.456,90.588,184.747,262.06
3018,Pittsburgh,PA,40.438098,-79.9131673,12091768984,3,4555,6176,1424710927881887,316738763154978,796960034528948,4486094704751955,16.736,15.219,4.428,15.306,7.456,90.588,184.987,262.06
3019,Pittsburgh,PA,40.4381101,-79.9130026,12091765915,4,4555,6176,135143688655067,316738763154978,1185829118554333,801626270479999,13.51,7.027,9.246,12.891,36.662,90.588,185.029,270.625
3020,Pittsburgh,PA,40.4381149,-79.9131424,12091768982,3,4555,6176,135143688655067,316738763154978,1185829118554333,4486094704751955,10.577,14.192,3.536,15.253,36.662,90.588,185.029,262.06
3021,Pittsburgh,PA,40.4394895,-79.9017237,6165068093,3,4555,6176,173932127969943,520786365619237,185262873470116,1109069303096944,13.102,10.685,26.692,5.454,0.0,73.091,223.072,263.136
3022,Pittsburgh,PA,40.4411556,-79.8944426,12173980390,4,4555,6176,3722136607911761,937206313711185,832319134034456,832319134034456,6.81,10.301,6.254,6.254,17.021,49.906,219.697,219.697
3023,Pittsburgh,PA,40.441177,-79.8942735,12173980389,4,4555,6176,345236710362687,210846497311713,832319134034456,832319134034456,6.99,6.217,8.862,8.862,19.823,65.598,219.697,219.697
3024,Pittsburgh,PA,40.4412442,-79.8944255,12173980391,4,4555,6176,614541983278205,937206313711185,832319134034456,832319134034456,6.992,9.614,11.915,11.915,9.245,49.906,219.697,219.697
3025,Pittsburgh,PA,40.4412952,-79.8942619,12173980388,4,4555,6176,174370884575397,222073189351771,832319134034456,832319134034456,6.611,8.564,18.961,18.961,14.544,80.498,219.697,219.697
3026,Pittsburgh,PA,40.4457141,-79.8942989,12170998460,4,4555,6176,287937879677365,987291408750504,2938838033026349,159684222766866,19.212,21.227,10.045,5.871,43.681,100.862,202.291,244.945
3027,Pittsburgh,PA,40.4457628,-79.8944397,12170998459,4,4555,6176,287937879677365,987291408750504,2938838033026349,159684222766866,11.087,11.851,9.878,14.083,43.681,100.862,202.291,244.945
3028,Pittsburgh,PA,40.44584,-79.8942616,12170998461,4,4555,6176,287937879677365,987291408750504,2938838033026349,159684222766866,13.452,15.853,21.885,8.601,43.681,100.862,202.291,244.945
3029,Pittsburgh,PA,40.4458895,-79.8943963,12170998458,4,4555,6176,287937879677365,987291408750504,2938838033026349,159684222766866,3.654,4.689,23.599,17.485,43.681,100.862,202.291,244.945
3030,Pittsburgh,PA,40.4461059,-79.8954941,12170998457,3,4555,6176,1013631262776159,370531564387120,370531564387120,285429429943730,14.549,6.563,6.563,22.58,0.0,123.34,123.34,300.279
3031,Pittsburgh,PA,40.4462204,-79.8956247,4572562667,4,4555,6176,1013631262776159,370531564387120,370531564387120,1171430449987461,11.458,11.428,11.428,34.998,0.0,123.34,123.34,227.405
3032,Pittsburgh,PA,40.4462302,-79.8954428,12170998455,3,4555,6176,1013631262776159,370531564387120,370531564387120,285429429943730,4.143,9.496,9.496,21.762,0.0,123.34,123.34,300.279
3033,Pittsburgh,PA,40.4305815,-79.892438,12164198701,3,4556,6176,252562366649614,1139216713220998,267797201702144,195402802432481,8.77,19.053,2.02,29.634,0.0,130.268,161.481,320.425
3034,Pittsburgh,PA,40.4320632,-79.8893771,12195830057,4,4556,6176,920857348487510,532008604490013,1321787044859869,4273484849336859,3.252,6.154,7.352,20.2,24.855,41.188,176.048,221.386
3035,Pittsburgh,PA,40.4320923,-79.8892053,10048498696,4,4556,6176,145506424264867,856738845198329,246370953814951,4273484849336859,7.013,7.694,7.29,12.036,25.548,42.793,203.309,221.386
3036,Pittsburgh,PA,40.4321103,-79.8923271,12167204268,4,4556,6176,455377269092984,1462903710710780,149542010407499,149542010407499,5.092,28.603,7.091,7.091,0.0,87.574,229.476,229.476
3037,Pittsburgh,PA,40.4321395,-79.8898313,104738147,3,4556,6176,475696900384593,1925886327582374,587383889204988,111313098037526,31.136,5.231,5.239,4.662,44.786,101.834,216.314,263.504
3038,Pittsburgh,PA,40.4321693,-79.8921842,12167204272,4,4556,6176,3923680824415038,1462903710710780,276279964233458,276279964233458,6.118,24.661,8.675,8.675,0.0,87.574,236.151,236.151
3039,Pittsburgh,PA,40.4321991,-79.8923843,12167204270,4,4556,6176,4133572583371020,1462903710710780,149542010407499,241123641103961,2.459,19.602,5.887,5.001,0.0,87.574,229.476,234.182
3040,Pittsburgh,PA,40.4322513,-79.8902541,9747061925,3,4556,6176,290025449699858,1015720828995504,930610447890705,406583474277918,1.83,1.202,1.364,1.364,4.131,104.629,161.946,273.634
3041,Pittsburgh,PA,40.4322529,-79.8922497,12167204271,4,4556,6176,2605579493085036,1462903710710780,276279964233458,276279964233458,2.32,13.886,2.71,2.71,0.0,87.574,236.151,236.151
3042,Pittsburgh,PA,40.4322608,-79.8903231,104738158,3,4556,6176,416466430194609,244118591045045,930610447890705,406583474277918,1.529,3.053,6.644,6.644,25.646,102.364,161.946,273.634
3043,Pittsburgh,PA,40.4322684,-79.8903703,9747061926,3,4556,6176,877272443160694,433296151535110,428190635376164,406583474277918,5.09,6.152,9.891,10.669,18.096,93.675,185.955,273.634
3044,Pittsburgh,PA,40.4323485,-79.8917598,12167204282,4,4556,6176,4039833496098499,139973948089646,840414649894398,840414649894398,6.185,15.468,9.123,9.123,0.0,78.349,239.049,239.049
3045,Pittsburgh,PA,40.4324302,-79.8918194,12167236701,4,4556,6176,264881925376374,139973948089646,840414649894398,840414649894398,4.137,6.317,1.736,1.736,0.0,78.349,239.049,239.049
3046,Pittsburgh,PA,40.4325236,-79.8913436,12167204281,3,4556,6176,495155151623277,473150607124347,690486404978956,2974286342818117,4.804,11.778,13.787,11.227,0.0,72.964,186.154,245.312
3047,Pittsburgh,PA,40.4326098,-79.891404,12167204284,3,4556,6176,473602390521404,473150607124347,690486404978956,2974286342818117,4.75,6.868,4.557,7.785,0.0,72.964,186.154,245.312
3048,Pittsburgh,PA,40.4327387,-79.8727363,7243949909,3,4556,6176,161592242765063,161592242765063,373046127417168,3829832367115392,2.13,2.13,9.115,11.185,31.522,31.522,204.227,212.9
3049,Pittsburgh,PA,40.432805,-79.891377,12167204288,3,4556,6176,382424633030645,473150607124347,910520922850408,806061443663783,3.664,27.071,7.948,20.349,0.0,72.964,150.441,325.697
3050,Pittsburgh,PA,40.4330829,-79.8801837,104645412,3,4556,6176,292979395710550,1865563486961015,2629988753962686,408892643980526,3.686,15.143,2.199,3.686,0.0,126.39,178.963,222.951
3051,Pittsburgh,PA,40.4331455,-79.8847633,3557123486,3,4556,6176,473694483903844,213048966940405,267962791736914,172813094731518,2.529,3.958,7.188,18.876,1.436,30.034,177.536,269.015
3052,Pittsburgh,PA,40.43321,-79.8884186,9256725808,3,4556,6176,286448603174108,2936784056535580,1135522173580793,2024300504395618,11.754,8.041,17.961,16.679,0.0,73.103,203.271,210.968
3053,Pittsburgh,PA,40.4332467,-79.8882767,9256725806,3,4556,6176,2969029246701291,2902265943394143,855436401989118,203259664962871,8.467,7.564,29.342,24.865,0.0,73.413,179.71,211.557
3054,Pittsburgh,PA,40.4332583,-79.8881942,9256725789,3,4556,6176,2136400473164224,507283640398651,855436401989118,508033853717749,8.599,8.372,33.123,30.176,0.0,73.721,179.71,211.762
3055,Pittsburgh,PA,40.4332647,-79.8851718,4696522263,3,4556,6176,916333899149896,293157415869888,349865923481740,1302268956834571,9.037,21.384,10.393,34.284,351.474,121.592,175.684,224.066
3056,Pittsburgh,PA,40.4332772,-79.8918864,12167188771,4,4556,6176,396114724770209,377930650221524,162183435851914,1077143432694620,6.985,33.708,5.984,7.848,0.0,147.805,150.957,329.994
3057,Pittsburgh,PA,40.4332939,-79.8885821,9256725809,3,4556,6176,1124577441378398,168277981777238,2024300504395618,2024300504395618,5.794,7.612,0.056,0.056,0.0,97.303,210.968,210.968
3058,Pittsburgh,PA,40.4333251,-79.8883002,9256725810,3,4556,6176,2969029246701291,459976355076882,855436401989118,508033853717749,2.075,2.13,21.491,18.764,0.0,80.394,179.71,211.762
3059,Pittsburgh,PA,40.4333272,-79.8917621,12167232553,4,4556,6176,2123874961084706,377930650221524,162183435851914,1077143432694620,4.353,34.438,7.867,7.383,0.0,147.805,150.957,329.994
3060,Pittsburgh,PA,40.4333422,-79.8883556,9256725813,3,4556,6176,862874120965901,134555281996898,855436401989118,508033853717749,2.913,3.696,16.873,13.713,0.0,90.728,179.71,211.762
3061,Pittsburgh,PA,40.4334743,-79.884395,7624514020,3,4556,6176,167552885294543,800836827496056,979986899499167,979986899499167,2.417,0.817,5.271,5.271,0.0,43.664,223.618,223.618
3062,Pittsburgh,PA,40.4336053,-79.8921323,12167188768,4,4556,6176,267198481814854,823936391554134,307022424355499,1520435048303451,3.19,8.182,4.671,9.708,0.0,60.497,146.575,257.587
3063,Pittsburgh,PA,40.4336629,-79.8919963,12167188774,4,4556,6176,263037492172360,2887691018150927,307022424355499,597677718070266,4.15,9.269,8.69,11.714,0.0,57.297,146.575,270.527
3064,Pittsburgh,PA,40.4336995,-79.8858382,10048498705,4,4556,6176,2907961952806824,1325960084449926,170808784947552,488442029167865,5.557,8.451,12.204,7.612,0.0,81.799,176.704,260.415
3065,Pittsburgh,PA,40.4337153,-79.8922064,12167188772,4,4556,6176,478853476895922,3304000143160021,2813398375871695,174425821241951,5.6,3.594,3.162,2.149,0.0,77.779,148.424,279.112
3066,Pittsburgh,PA,40.4337626,-79.8855073,10048498699,3,4556,6176,820752155225106,320444842825269,2868472760057724,471232490611717,2.406,5.759,6.846,12.738,0.0,76.661,172.602,261.348
3067,Pittsburgh,PA,40.4337685,-79.8920768,12167188773,4,4556,6176,264595068684568,3089323534623120,2813398375871695,597677718070266,4.845,6.165,9.402,5.229,0.0,54.399,148.424,270.527
3068,Pittsburgh,PA,40.4338035,-79.8787281,105956592,3,4556,6176,417839546427053,480224433050842,110715791372306,787149702003602,5.926,0.498,5.124,5.926,0.0,114.3,208.252,255.655
3069,Pittsburgh,PA,40.4338555,-79.8855042,12174084543,3,4556,6176,152817376737109,4296097220422453,298171032014318,392291315643489,5.173,2.223,7.151,12.869,0.0,76.15,181.23,277.151
3070,Pittsburgh,PA,40.4339406,-79.8847128,7624514007,3,4556,6176,2919771031675232,294317925747160,4635714856453149,166598145615579,2.501,1.125,22.522,5.133,0.0,70.289,233.57,258.142
3071,Pittsburgh,PA,40.433966,-79.8838316,3406284294,4,4556,6176,1022807191590123,475033687085487,2903212129960003,493208605127395,2.242,2.579,7.027,4.305,0.0,78.381,184.757,223.079
3072,Pittsburgh,PA,40.4339764,-79.8791628,104645416,3,4556,6176,6300124666725329,466455151325566,432130141621645,104285062023641,2.22,0.728,4.991,2.22,0.0,124.782,154.617,266.185
3073,Pittsburgh,PA,40.4340203,-79.8911557,12167232554,4,4556,6176,879523825936160,483404722723203,277991333787856,811602539481641,5.716,6.278,9.725,4.652,0.0,59.089,238.915,241.237
3074,Pittsburgh,PA,40.4340631,-79.8840014,104399620,3,4556,6176,536659527499719,491037775495579,966397864178059,804499653513722,2.32,3.699,5.496,3.989,0.0,100.962,162.571,258.892
3075,Pittsburgh,PA,40.434072,-79.8910211,12167232557,3,4556,6176,955062391913677,798190540898147,171987834731226,224674999035907,5.953,8.044,5.38,4.508,0.0,55.861,234.414,275.157
3076,Pittsburgh,PA,40.4341255,-79.8912272,12167232555,4,4556,6176,1130816794059245,844619233078718,277991333787856,277991333787856,7.031,4.326,3.776,3.776,0.0,79.272,238.915,238.915
3077,Pittsburgh,PA,40.4341781,-79.891098,12167232556,4,4556,6176,233867801875265,830238174276942,2995148317471682,224674999035907,5.692,1.177,3.096,9.691,0.0,73.355,234.569,275.157
3078,Pittsburgh,PA,40.434356,-79.8906852,12170597559,4,4556,6176,1933929873450357,216678786664888,1515376532146030,1515376532146030,6.349,4.121,4.341,4.341,0.0,60.19,238.909,238.909
3079,Pittsburgh,PA,40.4343583,-79.8833761,105760351,3,4556,6176,183145510371630,252222193255846,1362224334158346,209587927663476,4.954,5.373,7.006,7.096,36.317,41.538,218.074,218.616
3080,Pittsburgh,PA,40.4345379,-79.8902579,12170597554,3,4556,6176,6261639990528144,170246348337526,813229796297919,932316057320141,6.653,9.89,9.497,3.191,0.0,89.355,177.669,240.687
3081,Pittsburgh,PA,40.4345921,-79.8901234,12170597555,3,4556,6176,2863110230613928,170246348337526,813229796297919,616660146406441,5.936,3.378,13.823,4.935,0.0,89.355,177.669,239.953
3082,Pittsburgh,PA,40.4347197,-79.8895036,12167253408,3,4556,6176,942023343266461,227713568785306,157513616380115,325083049137057,4.244,0.97,4.812,8.243,0.0,62.691,179.205,247.689
3083,Pittsburgh,PA,40.4347695,-79.8828804,104503069,3,4556,6176,207025437730607,207025437730607,262381712335419,472888293812199,3.854,3.854,5.322,5.904,41.922,41.922,223.102,302.5
3084,Pittsburgh,PA,40.4348005,-79.8893418,12174084528,3,4556,6176,2799572140294808,484226749517903,157513616380115,1181387192332245,5.66,7.498,15.86,7.269,0.0,63.494,179.205,247.298
3085,Pittsburgh,PA,40.4351806,-79.8925426,12167274072,4,4556,6176,481817489538357,4283688931643709,3824507590998634,3824507590998634,14.096,7.985,5.747,5.747,58.667,61.062,231.573,231.573
3086,Pittsburgh,PA,40.4353562,-79.8921235,12167274071,4,4556,6176,1407668736258600,1411620422533984,838533990067766,311991250563628,7.162,13.281,19.833,0.965,321.988,63.734,234.488,287.325
3087,Pittsburgh,PA,40.4354113,-79.8919996,12167274075,4,4556,6176,1407668736258600,1411620422533984,217812190152927,2652175675085980,12.957,14.077,24.262,8.108,321.988,63.734,143.327,277.982
3088,Pittsburgh,PA,40.435453,-79.8921996,12167274073,4,4556,6176,781924136051740,1411620422533984,217812190152927,143412334467887,1.01,5.315,13.802,8.738,43.488,63.734,143.327,257.998
3089,Pittsburgh,PA,40.4355059,-79.892071,12167274074,4,4556,6176,284218226679336,801747667213442,217812190152927,2652175675085980,8.074,8.231,12.555,4.023,58.516,73.195,143.327,277.982
3090,Pittsburgh,PA,40.4355633,-79.8857521,12174084531,3,4556,6176,209047164180754,2865746420420345,625331385531676,166472908649341,3.493,5.072,2.371,5.583,0.0,114.769,154.108,275.086
3091,Pittsburgh,PA,40.435585,-79.8715556,4572563499,4,4556,6176,263057029090617,753943845292382,903409230392150,903409230392150,0.855,4.186,0.055,0.055,24.682,125.513,232.893,232.893
3092,Pittsburgh,PA,40.4356169,-79.8818833,105751915,4,4556,6176,293759699118156,275243534330980,966617804141280,966617804141280,6.37,4.306,4.769,4.769,55.146,81.699,219.117,219.117
3093,Pittsburgh,PA,40.4356248,-79.8731493,105773475,3,4556,6176,397503231898892,1842713409229157,108108771635100,470401424000946,3.311,5.542,2.655,5.678,0.0,140.67,193.823,212.645
3094,Pittsburgh,PA,40.4356477,-79.8857796,12170729214,3,4556,6176,375491750864721,2865746420420345,755738441767719,166472908649341,4.528,13.157,7.963,4.355,0.0,114.769,177.266,275.086
3095,Pittsburgh,PA,40.435708,-79.8714441,4572563500,4,4556,6176,554901419127999,554901419127999,903409230392150,196180005682371,2.626,2.626,16.596,10.103,31.863,31.863,232.893,281.61
3096,Pittsburgh,PA,40.4357733,-79.8911486,12170597552,3,4556,6176,314085660083904,480717499928409,1450145682004290,1384465925256258,8.11,5.452,10.817,17.189,36.173,69.932,154.965,317.676
3097,Pittsburgh,PA,40.4358411,-79.8717662,10902464918,3,4556,6176,231189389059602,2839118799682971,2839118799682971,903409230392150,29.929,18.333,18.333,33.634,28.202,121.555,121.555,232.893
3098,Pittsburgh,PA,40.4358684,-79.8912162,12170733958,3,4556,6176,314085660083904,480717499928409,1450145682004290,1384465925256258,6.447,7.974,11.006,8.899,36.173,69.932,154.965,317.676
3099,Pittsburgh,PA,40.4359382,-79.8829003,8536935140,3,4556,6176,309540597371424,841817816731320,436645811126664,858210831705851,14.497,24.955,29.031,30.842,25.275,118.028,186.143,303.965
3100,Pittsburgh,PA,40.4359611,-79.8827239,105086409,3,4556,6176,1161056247689768,841817816731320,436645811126664,858210831705851,2.743,19.714,19.216,30.286,26.074,118.028,186.143,303.965
3101,Pittsburgh,PA,40.4360857,-79.8826524,105086423,4,4556,6176,399989754393918,841817816731320,436645811126664,858210831705851,3.12,10.782,4.81,22.466,17.283,118.028,186.143,303.965
3102,Pittsburgh,PA,40.4361628,-79.8827855,8536935142,3,4556,6176,935625830363634,841817816731320,803538290293007,858210831705851,10.702,3.61,6.636,8.334,0.0,118.028,201.32,303.965
3103,Pittsburgh,PA,40.4368345,-79.8735077,1776711417,3,4556,6176,4080147352053688,800229560888997,166753895283710,4080147352053688,23.435,5.767,19.797,23.435,329.423,91.615,126.084,329.423
3104,Pittsburgh,PA,40.4368574,-79.8737426,12564660356,3,4556,6176,283313000300027,277997870688507,581323689777160,4080147352053688,22.199,8.639,22.199,32.716,0.0,96.224,161.127,329.423
3105,Pittsburgh,PA,40.4369035,-79.873362,4572563479,3,4556,6176,4080147352053688,290707722721762,166753895283710,4080147352053688,16.321,14.673,18.681,16.321,329.423,95.119,126.084,329.423
3106,Pittsburgh,PA,40.4370352,-79.8738016,12564660365,3,4556,6176,2082256548580600,515346729636564,581323689777160,478323213391745,26.319,27.078,32.228,27.163,0.0,97.023,161.127,326.234
3107,Pittsburgh,PA,40.437044,-79.8737554,12564660357,3,4556,6176,2082256548580600,277997870688507,1045851672818424,478323213391745,22.584,28.481,32.227,23.146,0.0,96.224,138.723,326.234
3108,Pittsburgh,PA,40.4371101,-79.8860681,12170967783,3,4556,6176,301500968362658,330080338647773,247697410476606,517789362565643,2.998,4.884,4.787,22.08,338.922,102.039,151.92,329.603
3109,Pittsburgh,PA,40.4372019,-79.8860846,12170967784,3,4556,6176,924452491725499,330080338647773,247697410476606,517789362565643,4.106,5.469,11.352,16.251,357.059,102.039,151.92,329.603
3110,Pittsburgh,PA,40.437594,-79.8777833,105038318,4,4556,6176,3297578167135448,590420969071329,6047879795281911,585525669163927,5.89,7.233,2.239,2.849,0.0,89.0,182.777,267.328
3111,Pittsburgh,PA,40.4404453,-79.872079,104618059,3,4556,6176,271756971495905,271756971495905,249819600417566,908236493441161,4.796,4.796,30.533,22.748,46.547,46.547,179.256,270.0
3112,Pittsburgh,PA,40.440665,-79.8717675,105965910,4,4556,6176,1049050499239154,1623629304450668,592021278621940,908236493441161,19.943,12.067,4.388,29.744,0.0,43.997,169.564,270.0
3113,Pittsburgh,PA,40.4410895,-79.872013,11250603039,4,4556,6176,2839139859682380,560514971948756,282720360381178,349020540339545,6.006,2.23,22.736,16.712,12.369,69.567,168.438,268.26
3114,Pittsburgh,PA,40.4411145,-79.872268,11250524735,3,4556,6176,1647859812070615,560514971948756,248500223839311,349020540339545,4.694,23.872,4.694,5.069,0.0,69.567,219.939,268.26
3115,Pittsburgh,PA,40.4433111,-79.8923424,12173949812,4,4556,6176,190308279616847,339579584251556,314836476979542,946728876145897,14.063,12.472,3.609,26.547,2.139,72.883,184.148,298.706
3116,Pittsburgh,PA,40.443357,-79.8924629,12173949811,4,4556,6176,1479267019124652,339579584251556,231085075452928,946728876145897,2.535,7.812,7.128,16.495,352.426,72.883,187.489,298.706
3117,Pittsburgh,PA,40.4434169,-79.8922866,12173949813,4,4556,6176,1479267019124652,339579584251556,149767730458946,946728876145897,16.151,22.116,7.768,23.8,352.426,72.883,194.437,298.706
3118,Pittsburgh,PA,40.4434666,-79.8924279,12173949809,4,4556,6176,1479267019124652,339579584251556,149767730458946,946728876145897,10.398,20.352,5.937,10.741,352.426,72.883,194.437,298.706
3119,Pittsburgh,PA,40.4441496,-79.8920301,12171009734,4,4556,6176,300595138199826,516599039349636,812284136317420,773461336691891,20.172,18.756,8.235,16.178,16.498,81.438,191.411,316.921
3120,Pittsburgh,PA,40.444203,-79.8921767,12171009736,4,4556,6176,773461336691891,516599039349636,812284136317420,773461336691891,5.608,5.558,5.526,5.608,316.921,81.438,191.411,316.921
3121,Pittsburgh,PA,40.4442616,-79.891996,12171009738,4,4556,6176,300595138199826,516599039349636,1947515852082927,773461336691891,9.0,18.491,8.464,14.341,16.498,81.438,190.39,316.921
3122,Pittsburgh,PA,40.44431,-79.8921384,12171009737,4,4556,6176,300595138199826,516599039349636,1947515852082927,773461336691891,7.616,9.659,7.345,6.765,16.498,81.438,190.39,316.921
3123,Pittsburgh,PA,40.4457813,-79.8912536,12171018317,4,4556,6176,4205748032820248,783095475684080,493388531784262,1408634839507440,9.577,15.619,12.394,16.12,13.112,105.769,201.946,296.932
3124,Pittsburgh,PA,40.445837,-79.8914355,12171018313,4,4556,6176,4205748032820248,783095475684080,493388531784262,106223504895249,12.104,16.241,6.163,16.977,13.112,105.769,201.946,292.896
3125,Pittsburgh,PA,40.4458446,-79.8912382,4572562685,4,4556,6176,4205748032820248,1691726044353053,493388531784262,1408634839507440,5.228,8.633,10.835,9.717,13.112,33.664,201.946,296.932
3126,Pittsburgh,PA,40.4459197,-79.89122,12171018316,4,4556,6176,3115955895394036,4750544684973453,153540310070860,316352633232284,4.483,8.075,9.188,5.519,20.212,35.855,203.28,291.539
3127,Pittsburgh,PA,40.445939,-79.8912859,4572562684,4,4556,6176,3115955895394036,4750544684973453,153540310070860,316352633232284,1.494,7.451,3.843,1.298,20.212,35.855,203.28,291.539
3128,Pittsburgh,PA,40.4459637,-79.89137,12171018315,4,4556,6176,3115955895394036,4750544684973453,153540310070860,106223504895249,9.121,12.116,5.445,3.882,20.212,35.855,203.28,292.896
3129,Pittsburgh,PA,40.4460321,-79.8912328,8701354405,3,4556,6176,2453437261466854,4750544684973453,323060492580222,316352633232284,5.8,4.484,5.065,10.114,29.665,35.855,204.379,291.539
3130,Pittsburgh,PA,40.4460524,-79.8912933,12196097815,4,4556,6176,4750544684973453,4750544684973453,323060492580222,316352633232284,8.523,8.523,5.496,11.84,35.855,35.855,204.379,291.539
3131,Pittsburgh,PA,40.4321508,-79.8646534,4572563796,3,4557,6176,156651189805450,187225819933227,165525788757817,3714620011981000,2.798,5.276,11.285,2.463,324.499,43.401,147.171,285.179
3132,Pittsburgh,PA,40.4321836,-79.8649364,4572563780,5,4557,6176,777854043094815,125054142952237,125054142952237,3714620011981000,14.888,7.212,7.212,22.451,325.94,141.736,141.736,285.179
3133,Pittsburgh,PA,40.4323019,-79.8646292,12069979509,3,4557,6176,163774149087243,187225819933227,154327319922668,653254098968751,9.954,17.97,14.661,14.695,322.629,43.401,221.074,248.862
3134,Pittsburgh,PA,40.4323069,-79.8648044,4572563797,4,4557,6176,459672915133366,125054142952237,125054142952237,459672915133366,1.869,11.186,11.186,1.869,322.286,141.736,141.736,322.286
3135,Pittsburgh,PA,40.4323199,-79.8646673,4572563751,4,4557,6176,459672915133366,187225819933227,154327319922668,653254098968751,10.817,20.7,12.619,11.851,322.286,43.401,221.074,248.862
3136,Pittsburgh,PA,40.4323365,-79.8650909,4572563763,4,4557,6176,275400964292781,892221118032650,892221118032650,118085293665915,16.049,6.735,6.735,17.348,323.77,141.306,141.306,245.581
3137,Pittsburgh,PA,40.4323554,-79.8647644,12069979506,3,4557,6176,513883393093879,125054142952237,154327319922668,472711463843680,2.876,17.312,12.887,9.065,321.23,141.736,221.074,248.266
3138,Pittsburgh,PA,40.4324069,-79.8645702,4572563748,4,4557,6176,513883393093879,187225819933227,154327319922668,653254098968751,20.121,29.425,7.414,10.65,321.23,43.401,221.074,248.862
3139,Pittsburgh,PA,40.4324117,-79.8649114,4572563760,4,4557,6176,401511760831251,126394779470170,126394779470170,963079824512616,0.215,11.52,11.52,5.744,321.357,142.542,142.542,247.073
3140,Pittsburgh,PA,40.432418,-79.8648078,4572563762,4,4557,6176,1512049656711583,126394779470170,154327319922668,317957663282739,6.109,18.397,13.375,3.672,320.614,142.542,221.074,247.67
3141,Pittsburgh,PA,40.4404286,-79.8692518,105849770,3,4557,6176,591649435323940,896591051256844,572627267501683,454798472443603,8.7,8.7,4.136,6.369,0.0,134.848,168.816,213.308
3142,Pittsburgh,PA,40.4408026,-79.856348,12057822957,3,4557,6176,862177574365864,1170999990009392,1170999990009392,1432710527087007,26.132,8.668,8.668,20.638,313.331,140.908,140.908,246.623
3143,Pittsburgh,PA,40.4408356,-79.8562551,5323172995,4,4557,6176,862177574365864,5495807117156476,5495807117156476,1432710527087007,26.82,7.921,7.921,16.564,313.331,138.866,138.866,246.623
3144,Pittsburgh,PA,40.4408654,-79.8564168,5323172997,4,4557,6176,862177574365864,1170999990009392,1170999990009392,1156563284770102,17.839,6.589,6.589,14.409,313.331,140.908,140.908,293.57
3145,Pittsburgh,PA,40.4408673,-79.8561657,12057822960,3,4557,6176,862177574365864,5495807117156476,5495807117156476,1432710527087007,29.945,11.676,11.676,16.457,313.331,138.866,138.866,246.623
3146,Pittsburgh,PA,40.4409166,-79.8563395,104845304,3,4557,6176,862177574365864,1170999990009392,1170999990009392,1432710527087007,15.325,4.029,4.029,8.53,313.331,140.908,140.908,246.623
3147,Pittsburgh,PA,40.4409273,-79.8564832,12057822958,3,4557,6176,862177574365864,1111687635990590,1111687635990590,1156563284770102,10.954,7.033,7.033,9.952,313.331,141.294,141.294,293.57
3148,Pittsburgh,PA,40.440981,-79.8564149,5323172996,4,4557,6176,862177574365864,1111687635990590,1111687635990590,1156563284770102,5.757,3.377,3.377,1.706,313.331,141.294,141.294,293.57
3149,Pittsburgh,PA,40.4410332,-79.8563479,12057822959,3,4557,6176,862177574365864,1111687635990590,1111687635990590,1156563284770102,9.058,10.379,10.379,6.509,313.331,141.294,141.294,293.57
3150,Pittsburgh,PA,40.4421796,-79.8576911,5323173149,3,4557,6176,2143891679085715,327893632059646,327893632059646,192438016084415,14.902,7.495,7.495,8.929,345.118,142.213,142.213,320.306
3151,Pittsburgh,PA,40.4135317,-80.0801722,7128217944,3,4547,6177,4120699147973810,489290398850854,489290398850854,475866653482570,5.07,7.054,7.054,5.075,305.532,121.876,121.876,305.276
3152,Pittsburgh,PA,40.4148982,-80.0828298,4481133761,4,4547,6177,1073148656421996,309205403915253,309205403915253,1073148656421996,17.419,9.367,9.367,17.419,304.688,128.016,128.016,304.688
3153,Pittsburgh,PA,40.4149205,-80.0841003,4481133738,3,4547,6177,497293461325491,226514429276887,226514429276887,497293461325491,32.991,30.061,30.061,32.991,312.539,130.096,130.096,312.539
3154,Pittsburgh,PA,40.4149836,-80.0841722,4481133751,3,4547,6177,247175047177398,551579292897286,551579292897286,247175047177398,31.985,29.1,29.1,31.985,312.539,130.071,130.071,312.539
3155,Pittsburgh,PA,40.41499,-80.0841068,5233562907,4,4547,6177,160707152726381,226514429276887,226514429276887,160707152726381,27.886,25.45,25.45,27.886,312.539,130.096,130.096,312.539
3156,Pittsburgh,PA,40.4150152,-80.0827558,3167545301,4,4547,6177,303721861217300,805340190187174,805340190187174,1073148656421996,31.705,12.337,12.337,31.682,304.787,122.727,122.727,304.688
3157,Pittsburgh,PA,40.4150265,-80.0842013,687163237,3,4547,6177,1010337856165739,551579292897286,551579292897286,1010337856165739,30.333,27.122,27.122,30.333,312.539,130.071,130.071,312.539
3158,Pittsburgh,PA,40.4150358,-80.0841111,4481133737,3,4547,6177,247175047177398,551579292897286,551579292897286,247175047177398,24.211,21.376,21.376,24.211,312.539,130.071,130.071,312.539
3159,Pittsburgh,PA,40.4150955,-80.082919,11968259061,3,4547,6177,1220621858370780,145330967515395,145330967515395,1220621858370780,29.486,12.529,12.529,29.486,305.22,122.872,122.872,305.22
3160,Pittsburgh,PA,40.415163,-80.0829323,3167545303,3,4547,6177,489706842370828,915919462533103,915919462533103,468093400938391,34.603,7.214,7.214,34.585,305.38,122.958,122.958,305.3
3161,Pittsburgh,PA,40.4151754,-80.0829576,4481133768,3,4547,6177,1193240937782665,915919462533103,915919462533103,489706842370828,34.32,7.126,7.126,34.312,305.487,122.958,122.958,305.38
3162,Pittsburgh,PA,40.4152677,-80.0834353,4481133767,3,4547,6177,791410108417965,303550377971073,303550377971073,791410108417965,15.82,15.283,15.283,15.82,306.34,129.548,129.548,306.34
3163,Pittsburgh,PA,40.4153381,-80.0833677,4481133766,4,4547,6177,791410108417965,1024756908351867,1024756908351867,791410108417965,25.514,13.265,13.265,25.514,306.34,123.372,123.372,306.34
3164,Pittsburgh,PA,40.4153917,-80.0834394,104198622,4,4547,6177,485431222732684,304561027801635,304561027801635,485431222732684,26.264,11.197,11.197,26.264,306.583,123.53,123.53,306.583
3165,Pittsburgh,PA,40.4136926,-80.0647043,6084770727,3,4548,6177,2968355026716598,1268617653536502,334287488419352,334287488419352,26.157,26.436,17.217,17.217,56.923,58.792,238.442,238.442
3166,Pittsburgh,PA,40.4139487,-80.0641662,7846204568,3,4548,6177,169286231782564,169286231782564,764238370942697,764238370942697,24.468,24.468,17.78,17.78,58.096,58.096,238.426,238.426
3167,Pittsburgh,PA,40.4141663,-80.0637292,7846204566,3,4548,6177,470576420889676,470576420889676,580187747070546,766156820757222,27.352,27.352,19.17,18.649,59.101,59.101,231.188,238.413
3168,Pittsburgh,PA,40.4149785,-80.0621519,8256665084,3,4548,6177,297187398793203,297187398793203,205986347867141,205986347867141,30.324,30.324,24.828,24.828,57.896,57.896,237.934,237.934
3169,Pittsburgh,PA,40.4150428,-80.062027,8256665087,3,4548,6177,307998477451930,307998477451930,205986347867141,205986347867141,30.782,30.782,24.258,24.258,57.661,57.661,237.934,237.934
3170,Pittsburgh,PA,40.4135588,-80.0096083,12181006379,3,4550,6177,1234196766996195,177179727538394,758684761474961,913785568171714,13.675,21.319,23.807,33.653,14.146,55.848,195.19,289.0
3171,Pittsburgh,PA,40.4140167,-80.0212131,6854511956,3,4550,6177,216503916687631,483897182811442,1774075426098266,306050217776273,1.25,34.077,4.78,1.964,347.059,134.488,163.196,261.67
3172,Pittsburgh,PA,40.4140211,-80.0211489,104571062,3,4550,6177,216503916687631,483897182811442,1774075426098266,2548817858758813,6.667,34.653,3.813,1.977,347.059,134.488,163.196,264.771
3173,Pittsburgh,PA,40.4140376,-80.0212134,7483511225,3,4550,6177,216503916687631,483897182811442,1422568711440960,306050217776273,2.407,31.766,2.975,3.218,347.059,134.488,151.402,261.67
3174,Pittsburgh,PA,40.4141255,-80.0093564,12181006383,4,4550,6177,233594705232652,934925282207570,840122072378833,2602278846732014,7.329,4.845,9.098,7.21,314.574,115.0,132.0,312.007
3175,Pittsburgh,PA,40.4143346,-80.0215191,7483511223,3,4550,6177,469385114139575,477390350040527,316534729834606,316534729834606,17.198,9.297,10.811,10.811,350.978,73.789,213.546,213.546
3176,Pittsburgh,PA,40.4143399,-80.0214143,7483511235,4,4550,6177,469385114139575,477390350040527,922721285192966,922721285192966,8.792,1.677,4.345,4.345,350.978,73.789,215.825,215.825
3177,Pittsburgh,PA,40.4143925,-80.0097796,12181006385,3,4550,6177,937311480146406,1021942811673258,837968600466565,1447612735586058,27.36,24.315,13.303,23.123,351.125,126.391,198.812,306.57
3178,Pittsburgh,PA,40.4146114,-80.0186773,6854511979,3,4550,6177,1176288486149890,966478787489955,307029977711317,1176288486149890,3.056,11.848,20.69,3.056,316.453,53.154,160.981,316.453
3179,Pittsburgh,PA,40.4146906,-80.0187255,6854513116,3,4550,6177,301644121554923,966478787489955,307029977711317,750907548917826,7.334,2.157,11.757,1.962,348.695,53.154,160.981,322.944
3180,Pittsburgh,PA,40.4148344,-80.018865,6854513112,4,4550,6177,191749316106203,1575368125985097,1575368125985097,804142286893704,10.327,2.977,2.977,12.816,5.97,147.593,147.593,328.182
3181,Pittsburgh,PA,40.4148564,-80.019028,6854513092,3,4550,6177,844323382910395,903121270249915,903121270249915,493224761885015,25.203,8.506,8.506,21.917,1.466,148.859,148.859,302.251
3182,Pittsburgh,PA,40.4148605,-80.0187088,6854513109,4,4550,6177,181204583780908,966478787489955,307029977711317,804142286893704,1.17,16.96,16.592,7.668,339.435,53.154,160.981,328.182
3183,Pittsburgh,PA,40.4148793,-80.0190509,6854513093,3,4550,6177,844323382910395,903121270249915,303810451421908,466608614427208,26.656,9.701,9.197,21.288,1.466,148.859,150.475,297.31
3184,Pittsburgh,PA,40.4151336,-80.0191143,6854513114,3,4550,6177,1861478130694101,169733865078102,784868859065691,311693513732193,14.635,7.168,1.404,8.199,1.751,95.097,147.819,272.881
3185,Pittsburgh,PA,40.4151412,-80.0181918,7490828931,3,4550,6177,316623306510376,1249954608795159,1013945835804469,1873299336166467,2.664,1.362,1.773,5.89,1.152,91.338,164.531,280.324
3186,Pittsburgh,PA,40.4151431,-80.0180896,7490828917,3,4550,6177,2191016611030512,2825466107782229,475571336835813,5478652628875057,6.295,3.285,4.179,1.383,3.241,94.675,172.972,260.567
3187,Pittsburgh,PA,40.4151978,-80.0188007,6854513108,3,4550,6177,2974223909504130,218902106406680,810862713164503,321474582775336,6.412,4.255,19.274,11.577,348.148,103.893,196.929,267.899
3188,Pittsburgh,PA,40.4152478,-80.0204183,2272874757,3,4550,6177,1122322444938815,321544752823198,791277904832911,481370526504466,2.368,4.154,10.717,26.835,358.357,104.296,145.967,281.06
3189,Pittsburgh,PA,40.4154264,-80.0205502,2272874753,3,4550,6177,567585867545289,375676760476248,528920131459916,481370526504466,4.91,7.129,3.943,4.085,318.459,126.886,166.806,281.06
3190,Pittsburgh,PA,40.4154879,-80.0112933,12181009014,3,4550,6177,189642913023710,4959747867443550,479341853379894,1135668660286364,32.899,16.039,5.889,11.209,26.888,100.405,197.832,212.944
3191,Pittsburgh,PA,40.4155511,-80.010974,5161996433,4,4550,6177,189642913023710,488166735664150,985546568850783,1135668660286364,16.179,13.368,22.295,32.566,26.888,73.282,161.174,212.944
3192,Pittsburgh,PA,40.4156699,-80.0112077,12181009021,3,4550,6177,1479726999044893,4959747867443550,920014858551165,1135668660286364,20.529,6.542,6.452,32.259,7.625,100.405,121.74,212.944
3193,Pittsburgh,PA,40.4158231,-80.0132393,13586163136,3,4550,6177,4446859248768593,2220674074731386,810697973158510,1195000700932357,17.263,8.07,4.72,13.533,22.961,105.466,145.812,295.575
3194,Pittsburgh,PA,40.4158756,-80.013176,3712997037,4,4550,6177,4446859248768593,2220674074731386,207315384366491,1195000700932357,10.221,0.56,6.303,21.253,22.961,105.466,188.811,295.575
3195,Pittsburgh,PA,40.4161081,-80.0099536,3712997150,3,4550,6177,756999988319674,767452654132488,1471131996564645,1737325623113395,3.646,3.281,3.281,1.211,0.0,74.339,156.406,259.769
3196,Pittsburgh,PA,40.4161085,-80.0098391,1025850491,3,4550,6177,274009351078675,767452654132488,2875899435989942,1737325623113395,12.613,12.428,7.01,10.887,0.0,74.339,195.707,259.769
3197,Pittsburgh,PA,40.4161683,-80.011863,3712995314,3,4550,6177,821047578516604,1996448200512629,853850018809106,750747542289713,3.406,11.591,9.243,9.243,0.0,133.24,182.863,290.953
3198,Pittsburgh,PA,40.4161784,-80.0117956,3712995315,4,4550,6177,789313265121174,1996448200512629,853850018809106,750747542289713,0.662,6.35,3.908,3.908,0.0,133.24,182.863,290.953
3199,Pittsburgh,PA,40.4161871,-80.0117355,3712995316,3,4550,6177,210525237562654,1996448200512629,853850018809106,750747542289713,3.386,3.645,3.095,3.095,0.0,133.24,182.863,290.953
3200,Pittsburgh,PA,40.4163892,-80.0101667,3712997143,3,4550,6177,916067722299092,311048340399690,494529305107190,1359421981080240,20.082,25.357,16.891,20.517,347.821,61.721,160.079,308.062
3201,Pittsburgh,PA,40.4168947,-80.010153,106099629,3,4550,6177,892910577951637,4320525014633902,506009677105341,796723764286474,1.222,9.489,2.342,1.328,10.77,148.926,188.007,289.72
3202,Pittsburgh,PA,40.4169112,-80.0113799,7152622884,4,4550,6177,935202310570840,486747245910460,529248768091927,281892866970811,14.2,30.708,34.538,30.866,353.116,55.084,228.152,280.484
3203,Pittsburgh,PA,40.4169194,-80.0114952,7152666990,4,4550,6177,291064349353576,486747245910460,262883765525251,281892866970811,23.566,20.937,28.009,21.13,353.116,55.084,178.709,280.484
3204,Pittsburgh,PA,40.4169287,-80.0116269,7152666987,4,4550,6177,212371213815917,486747245910460,262883765525251,281892866970811,12.581,9.86,17.666,10.17,35.701,55.084,178.709,280.484
3205,Pittsburgh,PA,40.4169683,-80.0113788,7152666985,3,4550,6177,291064349353576,486747245910460,529248768091927,281892866970811,13.204,30.438,34.644,30.409,353.116,55.084,228.152,280.484
3206,Pittsburgh,PA,40.4169724,-80.0114933,3712997035,3,4550,6177,291064349353576,486747245910460,262883765525251,281892866970811,22.907,20.797,29.976,20.734,353.116,55.084,178.709,280.484
3207,Pittsburgh,PA,40.4169732,-80.0115085,7152666991,3,4550,6177,291064349353576,486747245910460,262883765525251,281892866970811,24.197,19.524,28.836,19.453,353.116,55.084,178.709,280.484
3208,Pittsburgh,PA,40.4169781,-80.0116006,5105402849,3,4550,6177,212371213815917,486747245910460,262883765525251,281892866970811,15.865,11.897,22.283,11.738,35.701,55.084,178.709,280.484
3209,Pittsburgh,PA,40.4169801,-80.0116393,7152666986,3,4550,6177,212371213815917,486747245910460,262883765525251,281892866970811,12.961,8.79,19.8,8.55,35.701,55.084,178.709,280.484
3210,Pittsburgh,PA,40.4169915,-80.0118559,271203168,3,4550,6177,212371213815917,2550992568540621,262883765525251,281892866970811,9.9,10.491,14.356,10.457,35.701,65.616,178.709,280.484
3211,Pittsburgh,PA,40.4170138,-80.0146065,5164216712,3,4550,6177,1347722578931471,975626076541207,1004119673689920,478483293237173,4.508,15.476,3.323,7.832,331.304,144.935,167.0,302.746
3212,Pittsburgh,PA,40.4170495,-80.0190139,104376228,3,4550,6177,1450332085350852,1464649677213328,1130437500789488,305410431133950,6.965,14.487,13.024,1.406,4.299,92.872,185.537,279.01
3213,Pittsburgh,PA,40.4170761,-80.0218195,104894044,3,4550,6177,522705312309413,179065827339865,306783074223992,882952855767680,6.567,1.378,10.721,0.258,0.0,89.761,186.42,269.565
3214,Pittsburgh,PA,40.4170858,-80.0188667,7280804214,3,4550,6177,1450332085350852,1464649677213328,1130437500789488,319185712909400,11.289,2.211,12.921,6.454,4.299,92.872,185.537,273.095
3215,Pittsburgh,PA,40.4170885,-80.0146295,1027012264,3,4550,6177,167913485156220,1032207727310049,1004119673689920,478483293237173,8.02,14.361,11.742,0.717,345.762,146.391,167.0,302.746
3216,Pittsburgh,PA,40.4171036,-80.0189889,3261056794,3,4550,6177,1450332085350852,1464649677213328,1130437500789488,217208779935766,0.987,12.557,6.73,3.589,4.299,92.872,185.537,262.784
3217,Pittsburgh,PA,40.4174696,-80.0115795,3712997034,3,4550,6177,160421732704018,788615298459419,903768490199767,318456006383949,24.598,28.718,24.199,23.414,352.432,100.832,197.363,259.616
3218,Pittsburgh,PA,40.4178218,-80.0216448,1027025692,3,4550,6177,530356381677507,254025289840867,462007258208284,181035960466475,5.196,5.88,5.073,6.857,7.849,108.227,189.915,278.504
3219,Pittsburgh,PA,40.4192635,-80.0088065,106099613,3,4550,6177,962953087793789,398867804837581,208870370860918,324812969027855,3.112,21.552,21.552,18.106,0.0,102.868,170.305,263.348
3220,Pittsburgh,PA,40.4203423,-80.0178359,7280804262,3,4550,6177,303659247925473,4069149673128631,2951961718426525,314704370026157,31.53,27.883,28.55,31.53,20.914,92.341,178.176,270.0
3221,Pittsburgh,PA,40.4203491,-80.0176033,2930304167,3,4550,6177,303659247925473,2553832764924055,2951961718426525,314704370026157,24.093,24.093,21.43,24.093,20.914,91.388,178.176,270.0
3222,Pittsburgh,PA,40.4203955,-80.0210251,7490845610,3,4550,6177,294774142195279,516933119481303,1947318392087732,528700098138058,2.322,9.198,6.019,7.477,352.741,90.0,182.854,270.0
3223,Pittsburgh,PA,40.4204856,-80.0175614,13740829504,3,4550,6177,303659247925473,2553832764924055,2951961718426525,314704370026157,9.7,9.7,8.077,9.7,20.914,91.388,178.176,270.0
3224,Pittsburgh,PA,40.4206422,-80.0210249,7280804215,3,4550,6177,4003164653103902,315153516786722,508759680268225,331030771891973,0.683,9.347,9.934,15.567,0.0,74.338,171.409,270.0
3225,Pittsburgh,PA,40.4206861,-80.0209153,3833267967,3,4550,6177,1032784013917537,198033928824770,508759680268225,166317175327790,9.572,1.854,12.25,4.256,358.069,80.256,171.409,225.984
3226,Pittsburgh,PA,40.420715,-80.0196029,7490845616,3,4550,6177,759396971424664,1034268046980575,339806444143246,486626989244483,4.947,2.345,2.345,2.341,0.0,96.223,194.293,267.266
3227,Pittsburgh,PA,40.420785,-80.0192604,7280804247,3,4550,6177,220173456247346,479283549847514,1462830574070849,937275210395338,3.659,3.875,3.659,0.337,351.309,88.405,172.741,286.801
3228,Pittsburgh,PA,40.4208229,-80.0194126,3833267969,3,4550,6177,518985725793617,481780269910264,162916849171311,814028162882706,5.44,8.192,1.149,7.167,0.0,92.972,185.355,265.784
3229,Pittsburgh,PA,40.4209851,-80.0062798,12745978721,3,4550,6177,3301636773272508,992221001314625,1141242499682987,1141242499682987,16.839,19.888,34.371,34.371,0.0,81.993,233.521,233.521
3230,Pittsburgh,PA,40.421086,-80.0063807,12745978753,3,4550,6177,137312331776647,992221001314625,1141242499682987,1141242499682987,6.365,5.867,23.554,23.554,0.0,81.993,233.521,233.521
3231,Pittsburgh,PA,40.4210919,-80.0062562,1313122866,3,4550,6177,2961996464069205,992221001314625,1141242499682987,1141242499682987,5.142,13.9,22.969,22.969,0.0,81.993,233.521,233.521
3232,Pittsburgh,PA,40.4213615,-80.0066552,4601198185,3,4550,6177,770955330164584,297446815432142,1141242499682987,1141242499682987,0.569,29.698,29.398,29.398,0.0,72.743,233.521,233.521
3233,Pittsburgh,PA,40.4213856,-80.0067045,4601198187,4,4550,6177,311063077230257,297446815432142,1141242499682987,1141242499682987,3.551,34.103,34.158,34.158,0.0,72.743,233.521,233.521
3234,Pittsburgh,PA,40.4214404,-80.0184496,7490845619,3,4550,6177,533450704315794,167652371951524,898629820929535,194741299140957,10.399,1.288,12.26,3.179,0.0,109.081,175.63,267.889
3235,Pittsburgh,PA,40.4219322,-80.0234538,7280804223,3,4550,6177,1439129659754376,543101536677215,287363546384395,1419186448415812,9.23,12.06,22.987,32.507,0.0,85.813,202.051,316.309
3236,Pittsburgh,PA,40.4222093,-80.004933,104635892,3,4550,6177,1427254214295477,162757682454812,227357398743940,1785617208286505,1.148,9.907,3.857,8.768,28.74,95.242,186.333,265.166
3237,Pittsburgh,PA,40.4222103,-80.0240903,7165208238,3,4550,6177,908702109949793,529563788046493,492989592016418,2432053830272680,10.613,11.113,26.324,7.764,48.957,79.262,129.141,261.229
3238,Pittsburgh,PA,40.4222135,-80.0047196,7152622869,3,4550,6177,920473522098799,866897803888965,227357398743940,1174794183036507,20.619,3.145,20.855,7.494,5.067,87.089,186.333,268.596
3239,Pittsburgh,PA,40.4223016,-80.0239988,7165208237,3,4550,6177,908702109949793,431618824582841,492989592016418,2432053830272680,7.011,3.37,18.547,12.537,48.957,96.913,129.141,261.229
3240,Pittsburgh,PA,40.4224347,-80.0049522,104689616,3,4550,6177,1427254214295477,162757682454812,227357398743940,1785617208286505,24.962,24.231,28.003,21.62,28.74,95.242,186.333,265.166
3241,Pittsburgh,PA,40.4235615,-80.0203695,3833267974,3,4550,6177,251551083394763,2469238546556374,381961623576228,315367720114186,4.818,24.282,28.717,27.645,0.0,73.787,178.761,263.952
3242,Pittsburgh,PA,40.4235818,-80.0211367,6994150694,3,4550,6177,142831967863589,3966180080141520,416402719766283,136330101876965,1.807,0.958,0.963,2.843,21.307,96.354,209.183,270.0
3243,Pittsburgh,PA,40.4238101,-80.0204182,12152753101,3,4550,6177,548573386548319,308427300944621,256356079603747,228196225310548,5.736,3.185,11.465,4.027,337.073,62.039,194.342,269.575
3244,Pittsburgh,PA,40.4238354,-80.0209367,2277400396,3,4550,6177,972903733447993,158060216199900,221246596129143,172016094845391,9.816,0.633,0.633,6.523,0.0,83.465,169.951,306.212
3245,Pittsburgh,PA,40.4240605,-80.0201178,12152473751,3,4550,6177,278762190609688,261414272334882,318534573154652,484132579335074,2.54,5.654,5.111,7.002,0.0,103.044,129.971,243.915
3246,Pittsburgh,PA,40.4241492,-80.0205809,6994150721,3,4550,6177,1147304319106315,461568485142048,312971863778609,476538016958369,3.338,3.05,8.225,6.131,0.0,63.892,197.231,270.0
3247,Pittsburgh,PA,40.4242587,-80.0212567,2277400398,4,4550,6177,2934037353519116,1051926345335541,486356395965210,741861256488516,3.963,5.69,3.675,6.234,11.917,71.216,195.477,286.064
3248,Pittsburgh,PA,40.4247727,-80.0211488,6994150726,3,4550,6177,540843407294982,490235572183143,325050215703238,2984301431819734,4.228,5.331,5.331,5.21,0.0,82.496,182.065,270.715
3249,Pittsburgh,PA,40.4249536,-80.0211126,6994150727,3,4550,6177,533195404725014,1416030758776168,471721767483140,206073374689007,1.584,12.969,1.766,12.321,0.0,67.937,197.583,275.892
3250,Pittsburgh,PA,40.4258405,-80.0199103,5164216512,5,4550,6177,1760500647451978,490448008933034,748561112488399,945832241301412,8.143,1.778,20.258,6.723,352.805,81.993,154.235,296.0
3251,Pittsburgh,PA,40.4258532,-80.0205323,6994189543,3,4550,6177,529731708187467,766677714013684,219308726623068,1423022631393065,1.899,4.103,3.506,6.658,0.0,100.804,169.295,272.035
3252,Pittsburgh,PA,40.4259294,-80.0204719,2277400323,3,4550,6177,1353261075057077,549976886002698,1531623380378722,1423022631393065,6.875,0.747,7.802,3.464,0.755,124.199,172.461,272.035
3253,Pittsburgh,PA,40.4262056,-80.0210393,6994189540,3,4550,6177,504775857466321,1146912335784444,800818920796057,789116491976736,6.384,5.15,5.745,12.12,15.1,69.078,130.508,300.049
3254,Pittsburgh,PA,40.4262489,-80.0209955,6994189538,3,4550,6177,504775857466321,1146912335784444,802999703984499,1311330524165341,11.662,8.014,4.49,12.307,15.1,69.078,129.552,283.0
3255,Pittsburgh,PA,40.426451,-80.0175027,5164216453,3,4550,6177,190372132935040,171747978095567,1264813853950295,1264813853950295,26.733,19.319,33.328,33.328,0.0,47.691,237.901,237.901
3256,Pittsburgh,PA,40.4268914,-80.0059399,13586157974,4,4550,6177,569153044069959,160936432645931,813282506054821,1168783856966014,16.04,3.219,25.15,10.834,25.981,68.849,169.337,261.976
3257,Pittsburgh,PA,40.4269313,-80.0063206,13586157964,3,4550,6177,478861000233586,296980991964717,307173437642379,918432578989750,14.352,14.022,1.411,3.553,359.032,104.164,173.27,251.33
3258,Pittsburgh,PA,40.4269558,-80.0062139,13586157966,3,4550,6177,478861000233586,296980991964717,813282506054821,164976628894372,12.049,9.976,1.765,3.445,359.032,104.164,169.337,276.073
3259,Pittsburgh,PA,40.4269582,-80.0051709,13571729386,4,4550,6177,317946613043859,167491982044314,838651797048496,300371701547766,2.62,28.512,32.24,8.948,351.143,61.871,207.31,297.034
3260,Pittsburgh,PA,40.4269624,-80.0052544,13571729338,3,4550,6177,3959928404113994,870207586893588,838651797048496,485769166207279,8.621,24.17,26.217,12.099,10.561,58.589,207.31,283.152
3261,Pittsburgh,PA,40.4270295,-80.0052488,13571729385,4,4550,6177,3959928404113994,870207586893588,838651797048496,485769166207279,8.423,17.884,22.675,4.646,10.561,58.589,207.31,283.152
3262,Pittsburgh,PA,40.4270689,-80.0054926,104689564,3,4550,6177,524019215287559,524019215287559,838651797048496,313380566817378,2.102,2.102,4.797,3.053,46.418,46.418,207.31,264.87
3263,Pittsburgh,PA,40.4270977,-80.0052402,13571729383,3,4550,6177,3959928404113994,167491982044314,838651797048496,485769166207279,13.369,12.128,21.522,3.122,10.561,61.871,207.31,283.152
3264,Pittsburgh,PA,40.4271503,-80.0054703,12770873357,4,4550,6177,301833361569879,301833361569879,838651797048496,536619170666981,4.143,4.143,4.696,3.532,45.314,45.314,207.31,271.013
3265,Pittsburgh,PA,40.4271546,-80.0053068,13586157971,4,4550,6177,870207586893588,870207586893588,838651797048496,1444533679217296,5.429,5.429,16.518,2.113,58.589,58.589,207.31,241.244
3266,Pittsburgh,PA,40.4275274,-80.0044768,12771264292,3,4550,6177,215173406828814,215173406828814,397782814584049,397782814584049,2.984,2.984,0.66,0.66,57.543,57.543,231.954,231.954
3267,Pittsburgh,PA,40.4281285,-80.003139,10131846512,3,4550,6177,2859386604321489,858058171468293,508961026927175,835699850371435,6.71,11.41,7.542,8.856,0.0,91.595,233.313,245.309
3268,Pittsburgh,PA,40.4282282,-80.0030207,12678484336,3,4550,6177,2796074954036637,524418358595451,2949438018658995,2949438018658995,10.899,4.159,3.599,3.599,0.0,32.389,225.847,225.847
3269,Pittsburgh,PA,40.4287102,-80.0046753,690564183,3,4550,6177,851693085422012,159829456099722,469661787655523,219216303033769,8.465,4.478,6.397,5.075,19.152,89.766,198.062,230.871
3270,Pittsburgh,PA,40.4143365,-79.9878412,8062278343,3,4551,6177,765731877470592,778802772839291,778802772839291,1838374223010484,5.375,19.428,19.428,15.512,356.113,148.892,148.892,301.267
3271,Pittsburgh,PA,40.4149769,-79.9950452,105231701,4,4551,6177,829473544353109,852085145379452,850585395841993,546720006319417,4.317,2.692,7.333,3.642,0.0,97.896,186.214,278.256
3272,Pittsburgh,PA,40.4275638,-79.9898485,11586781338,4,4551,6177,519715165823238,1154047451684679,494123175335334,269793111501993,12.638,7.986,14.092,8.472,350.038,108.651,184.865,224.917
3273,Pittsburgh,PA,40.4275657,-79.9897684,104844226,3,4551,6177,519715165823238,1154047451684679,494123175335334,269793111501993,8.0,1.51,10.385,4.504,350.038,108.651,184.865,224.917
3274,Pittsburgh,PA,40.4275873,-79.9897687,4605832347,3,4551,6177,519715165823238,1154047451684679,494123175335334,269793111501993,5.937,3.561,8.123,2.115,350.038,108.651,184.865,224.917
3275,Pittsburgh,PA,40.4275882,-79.9897006,8562197868,4,4551,6177,519715165823238,1154047451684679,494123175335334,269793111501993,5.249,5.726,7.936,5.827,350.038,108.651,184.865,224.917
3276,Pittsburgh,PA,40.4285731,-79.9922483,11586781350,4,4551,6177,840702400159658,482172869529516,1170536693408342,525543911956791,7.821,7.426,5.811,12.611,358.515,66.538,184.37,267.287
3277,Pittsburgh,PA,40.4285751,-79.9921727,11586781352,4,4551,6177,840702400159658,2929655373922055,1170536693408342,525543911956791,9.678,8.2,8.838,7.647,358.515,55.405,184.37,267.287
3278,Pittsburgh,PA,40.4286208,-79.9922503,104811323,4,4551,6177,840702400159658,2929655373922055,1170536693408342,525543911956791,2.57,0.755,11.115,11.066,358.515,55.405,184.37,267.287
3279,Pittsburgh,PA,40.4286246,-79.9921708,11586781342,4,4551,6177,840702400159658,2929655373922055,1170536693408342,525543911956791,6.509,7.158,13.301,4.338,358.515,55.405,184.37,267.287
3280,Pittsburgh,PA,40.428685,-79.9922487,11586781345,4,4551,6177,893120364570333,2929655373922055,1170536693408342,525543911956791,2.18,7.824,18.253,12.414,356.516,55.405,184.37,267.287
3281,Pittsburgh,PA,40.4286865,-79.9921712,11586781364,3,4551,6177,1396110700775160,2929655373922055,1170536693408342,525543911956791,4.374,10.639,19.562,7.519,3.258,55.405,184.37,267.287
3282,Pittsburgh,PA,40.428886,-80.0011579,105237098,3,4551,6177,3598638660239952,3017321738487459,764799544231902,327202188772506,5.103,10.491,6.03,8.348,0.0,138.559,213.578,282.152
3283,Pittsburgh,PA,40.4289855,-79.9982403,271200287,3,4551,6177,159542916117320,223180279234753,156923403060214,1104122590077379,16.399,34.638,26.152,6.907,0.0,94.12,227.929,284.241
3284,Pittsburgh,PA,40.4290139,-79.9985438,13597491064,3,4551,6177,159542916117320,223180279234753,156923403060214,156923403060214,33.982,14.124,0.282,0.282,0.0,94.12,227.929,227.929
3285,Pittsburgh,PA,40.4290502,-79.9982048,6635707240,4,4551,6177,159542916117320,223180279234753,485656285824314,1104122590077379,23.458,34.745,23.735,3.083,0.0,94.12,239.456,284.241
3286,Pittsburgh,PA,40.429112,-79.9983053,6635707241,4,4551,6177,159542916117320,223180279234753,485656285824314,297967495134797,31.281,25.098,13.263,6.098,0.0,94.12,239.456,272.4
3287,Pittsburgh,PA,40.4291511,-79.9983468,6635707158,3,4551,6177,1166244017227883,223180279234753,276551227551410,297967495134797,30.776,21.563,13.302,9.238,300.089,94.12,222.432,272.4
3288,Pittsburgh,PA,40.4292946,-79.9966629,12017360452,3,4551,6177,206644047773923,2905217199744628,164232702307408,226507122161326,6.191,2.146,34.614,6.751,301.486,113.777,120.29,296.939
3289,Pittsburgh,PA,40.4293416,-79.9994592,6206978632,3,4551,6177,5530897076981846,134740485374719,630345058366260,259720702602559,2.293,10.678,17.097,9.291,0.0,115.155,219.248,295.988
3290,Pittsburgh,PA,40.4293473,-79.9966329,12017360457,4,4551,6177,206644047773923,4082034548523446,164232702307408,206644047773923,1.74,2.471,34.336,1.74,301.486,113.567,120.29,301.486
3291,Pittsburgh,PA,40.4293759,-79.9883977,7838485278,3,4551,6177,976600223112720,539121523748110,802351084036943,1006088910197501,7.098,4.643,16.949,5.255,356.288,107.203,182.925,291.095
3292,Pittsburgh,PA,40.4293963,-79.9969466,12017360455,3,4551,6177,977814942961927,900720637171323,1290822544645322,166938935362856,22.654,5.889,16.554,5.281,10.456,101.575,183.084,284.847
3293,Pittsburgh,PA,40.4294271,-79.9886161,104534356,4,4551,6177,976600223112720,973217186775075,140285481479774,547245223329523,18.114,5.867,2.169,17.226,356.288,141.534,183.486,270.0
3294,Pittsburgh,PA,40.4294446,-79.9969153,12017360456,4,4551,6177,977814942961927,900720637171323,1290822544645322,166938935362856,17.885,3.88,13.788,2.336,10.456,101.575,183.084,284.847
3295,Pittsburgh,PA,40.4295619,-79.98861,7838485282,3,4551,6177,1008465599958697,816335888780725,302319314800701,547245223329523,18.933,12.969,2.413,9.413,1.611,149.734,169.688,270.0
3296,Pittsburgh,PA,40.4297736,-79.9966554,7805346228,3,4551,6177,307029701004615,891950094716336,1127971231057615,251045363377791,15.22,15.074,15.22,1.749,357.812,110.5,184.853,290.993
3297,Pittsburgh,PA,40.4298361,-79.9968414,7805357720,3,4551,6177,307029701004615,891950094716336,1127971231057615,468541220891935,2.327,2.704,2.327,5.569,357.812,110.5,184.853,269.579
3298,Pittsburgh,PA,40.4298921,-79.996042,105854820,3,4551,6177,849309925663430,3020375121619116,2811575009156960,1456578141350801,9.446,22.674,2.009,7.362,352.16,38.211,183.738,290.779
3299,Pittsburgh,PA,40.4300752,-79.9820165,12529371411,3,4551,6177,965642640931530,473085537129136,4571649132864211,477185900234901,16.038,8.007,16.526,8.715,27.074,84.075,197.773,274.481
3300,Pittsburgh,PA,40.4300809,-79.9819278,12081297420,4,4551,6177,965642640931530,473085537129136,4571649132864211,1703750426499615,11.767,5.886,12.893,7.166,27.074,84.075,197.773,237.18
3301,Pittsburgh,PA,40.4300866,-79.9820027,12081297416,3,4551,6177,965642640931530,473085537129136,4571649132864211,477185900234901,14.314,6.285,14.814,9.071,27.074,84.075,197.773,274.481
3302,Pittsburgh,PA,40.4300992,-80.000301,13597491074,4,4551,6177,131475238948331,470747797483503,470747797483503,810548349564118,27.398,7.115,7.115,31.736,27.707,134.243,134.243,237.073
3303,Pittsburgh,PA,40.4301174,-79.9990706,13597491048,4,4551,6177,497707998048298,930822884372733,311956397040161,515474679583733,34.167,2.177,27.595,27.494,28.16,112.714,206.672,211.57
3304,Pittsburgh,PA,40.4301515,-79.9819207,104774864,3,4551,6177,965642640931530,473085537129136,4571649132864211,1703750426499615,4.327,3.761,5.12,5.089,27.074,84.075,197.773,237.18
3305,Pittsburgh,PA,40.4301523,-79.9819952,12081297417,4,4551,6177,965642640931530,473085537129136,4571649132864211,477185900234901,9.503,4.25,9.279,9.47,27.074,84.075,197.773,274.481
3306,Pittsburgh,PA,40.4301594,-79.9823018,1025863944,3,4551,6177,965642640931530,2832990500285202,4571649132864211,1399363473754377,34.925,1.039,34.151,3.559,27.074,90.478,197.773,273.895
3307,Pittsburgh,PA,40.4302056,-79.9818996,1025863952,3,4551,6177,471175347322898,473085537129136,4571649132864211,1703750426499615,3.619,9.641,1.179,10.282,12.688,84.075,197.773,237.18
3308,Pittsburgh,PA,40.4264305,-79.9613158,13235988678,3,4552,6177,754331891919759,718696690133312,718696690133312,3933278336766713,23.673,27.813,27.813,28.769,322.506,132.679,132.679,285.883
3309,Pittsburgh,PA,40.4264657,-79.9613963,13235988685,3,4552,6177,754331891919759,718696690133312,718696690133312,3933278336766713,25.555,31.856,31.856,26.703,322.506,132.679,132.679,285.883
3310,Pittsburgh,PA,40.4265688,-79.9612589,13205466129,3,4552,6177,754331891919759,718696690133312,718696690133312,3933278336766713,9.562,17.744,17.744,13.25,322.506,132.679,132.679,285.883
3311,Pittsburgh,PA,40.4270844,-79.9624396,13201351326,3,4552,6177,286759663113948,816566582604585,187800919860366,2131497773816465,10.919,12.164,5.624,6.245,52.154,67.239,197.238,256.294
3312,Pittsburgh,PA,40.4270961,-79.9624391,13201351325,3,4552,6177,286759663113948,816566582604585,187800919860366,2131497773816465,9.793,10.863,4.513,5.15,52.154,67.239,197.238,256.294
3313,Pittsburgh,PA,40.4271243,-79.9623809,1437170665,4,4552,6177,286759663113948,286759663113948,187800919860366,2131497773816465,5.021,5.021,2.235,1.957,52.154,52.154,197.238,256.294
3314,Pittsburgh,PA,40.4271598,-79.9623054,13201351322,3,4552,6177,286759663113948,286759663113948,187800919860366,817016785583254,5.947,5.947,9.264,4.701,52.154,52.154,197.238,288.963
3315,Pittsburgh,PA,40.4276874,-79.9639522,13205460676,3,4552,6177,792207984741382,250442903501167,250442903501167,264930671997785,28.987,25.756,25.756,29.308,309.734,133.697,133.697,306.965
3316,Pittsburgh,PA,40.4278176,-79.9641457,13205460681,3,4552,6177,335382194806618,2936834163307996,227289602081857,335382194806618,28.491,25.372,27.275,28.491,310.559,125.903,136.612,310.559
3317,Pittsburgh,PA,40.4282328,-79.967925,13236133194,3,4552,6177,4124186827663220,373586794046599,2936889646600670,135854398584343,30.34,22.739,27.844,19.239,35.776,101.795,190.023,276.146
3318,Pittsburgh,PA,40.4282388,-79.9679295,13236133196,3,4552,6177,4124186827663220,373586794046599,2936889646600670,135854398584343,29.829,22.0,27.292,18.491,35.776,101.795,190.023,276.146
3319,Pittsburgh,PA,40.4282414,-79.9647766,13205460661,3,4552,6177,1579532338908190,259814669267919,162749915793391,4071238449633589,29.801,26.122,25.571,31.893,315.085,129.54,132.421,305.414
3320,Pittsburgh,PA,40.4282875,-79.9680873,13236133163,3,4552,6177,889872164911535,373586794046599,771230486876375,3024245624566429,21.239,17.914,21.89,14.526,309.815,101.795,218.775,276.576
3321,Pittsburgh,PA,40.4283261,-79.9680661,13236133193,3,4552,6177,889872164911535,373586794046599,2936889646600670,3024245624566429,18.276,13.28,24.975,9.963,309.815,101.795,190.023,276.576
3322,Pittsburgh,PA,40.4283698,-79.9678735,13236133199,3,4552,6177,4124186827663220,583515292622070,2936889646600670,3915042281878616,14.516,8.179,12.024,6.276,35.776,65.069,190.023,257.179
3323,Pittsburgh,PA,40.4283752,-79.9678576,13236133197,3,4552,6177,4124186827663220,583515292622070,2936889646600670,3915042281878616,13.528,7.771,11.241,7.234,35.776,65.069,190.023,257.179
3324,Pittsburgh,PA,40.4283816,-79.9684301,13236133160,4,4552,6177,572627323716733,4184796128232143,810340313209719,812954816319849,17.13,13.348,17.688,16.237,328.337,117.957,159.088,284.304
3325,Pittsburgh,PA,40.4284093,-79.968031,13236133200,3,4552,6177,889872164911535,373586794046599,2936889646600670,3024245624566429,14.31,4.15,17.302,3.166,309.815,101.795,190.023,276.576
3326,Pittsburgh,PA,40.4284596,-79.9680139,13236133190,3,4552,6177,4124186827663220,373586794046599,2936889646600670,3024245624566429,17.298,3.718,14.304,6.969,35.776,101.795,190.023,276.576
3327,Pittsburgh,PA,40.4285467,-79.9683485,13236133187,4,4552,6177,528135748188510,751713722172353,4043619925728156,812954816319849,0.415,4.764,3.446,4.509,23.415,59.655,196.14,284.304
3328,Pittsburgh,PA,40.4285512,-79.9650795,13206247281,3,4552,6177,327699362023386,3966846206683855,4529962477048578,327699362023386,21.339,16.399,16.736,21.339,313.932,130.401,133.863,313.932
3329,Pittsburgh,PA,40.4286352,-79.9693563,13236133156,3,4552,6177,288326132844993,140959858063067,463499688072899,1100604300350105,10.504,9.806,13.637,11.721,40.473,87.356,200.25,258.397
3330,Pittsburgh,PA,40.4286607,-79.9694251,13236133172,4,4552,6177,288326132844993,140959858063067,463499688072899,1100604300350105,8.932,4.493,11.946,7.159,40.473,87.356,200.25,258.397
3331,Pittsburgh,PA,40.4286634,-79.969343,13236133171,3,4552,6177,288326132844993,140959858063067,463499688072899,1100604300350105,7.649,8.749,10.64,9.983,40.473,87.356,200.25,258.397
3332,Pittsburgh,PA,40.4286813,-79.9654521,13206247280,3,4552,6177,236124101621834,813787532874315,3907360412692917,141546771294255,34.069,27.418,27.775,32.989,318.216,121.844,137.908,306.874
3333,Pittsburgh,PA,40.4286955,-79.9654347,13206247278,3,4552,6177,236124101621834,813787532874315,3907360412692917,141546771294255,31.963,25.276,25.692,30.886,318.216,121.844,137.908,306.874
3334,Pittsburgh,PA,40.4287162,-79.9682721,3250543268,3,4552,6177,138377158282730,464200021549841,216831813302481,190628876246688,0.291,10.526,1.844,14.676,34.283,104.207,198.693,286.086
3335,Pittsburgh,PA,40.4287183,-79.9693982,104934266,3,4552,6177,288326132844993,140959858063067,463499688072899,1100604300350105,2.69,3.628,5.231,2.694,40.473,87.356,200.25,258.397
3336,Pittsburgh,PA,40.4287271,-79.9694883,13236133178,4,4552,6177,288326132844993,931551051010116,463499688072899,1100604300350105,10.035,2.956,11.025,5.043,40.473,97.254,200.25,258.397
3337,Pittsburgh,PA,40.4287462,-79.9693055,13236133184,3,4552,6177,1559010304304308,233355985224743,463499688072899,1203527280082384,3.832,3.294,5.147,4.564,23.968,101.825,200.25,279.334
3338,Pittsburgh,PA,40.4287642,-79.9693755,4020926809,4,4552,6177,1559010304304308,2522920821164941,463499688072899,1036676870197373,3.823,4.384,1.186,1.344,23.968,101.248,200.25,280.691
3339,Pittsburgh,PA,40.4287896,-79.9653204,13206247266,3,4552,6177,236124101621834,813787532874315,3907360412692917,921297852045006,18.397,11.272,12.64,16.813,318.216,121.844,137.908,308.202
3340,Pittsburgh,PA,40.4287903,-79.9692333,4020926811,3,4552,6177,529752414865461,233355985224743,1192594821202394,1203527280082384,12.316,10.473,11.79,4.796,6.009,101.825,177.214,279.334
3341,Pittsburgh,PA,40.4287965,-79.9653772,4020926848,4,4552,6177,141546771294255,813787532874315,488005869213051,141546771294255,18.758,13.563,13.402,18.758,306.874,121.844,127.713,306.874
3342,Pittsburgh,PA,40.428807,-79.9655011,13206247277,3,4552,6177,788672535122625,2993841334234705,488005869213051,788672535122625,24.108,17.841,19.079,24.108,303.977,122.411,127.713,303.977
3343,Pittsburgh,PA,40.4288678,-79.9657487,13206247273,3,4552,6177,464838557937376,320278286152548,167720871846963,940011120090209,29.608,22.859,22.152,29.776,302.297,116.047,120.833,299.883
3344,Pittsburgh,PA,40.4289342,-79.9702529,4020926927,3,4552,6177,180208630652166,142356217878075,306180557878940,273360161193269,10.634,3.994,11.227,5.009,6.343,113.355,180.569,286.297
3345,Pittsburgh,PA,40.4290322,-79.9687477,7838485217,3,4552,6177,376966050338248,690203605031533,156830276404165,301787478156185,0.557,20.102,10.59,4.595,339.34,104.493,197.461,276.635
3346,Pittsburgh,PA,40.4290734,-79.966184,13235988658,3,4552,6177,299765758289585,772802260105901,205120071451865,299765758289585,29.76,23.049,24.211,29.76,301.18,119.986,123.562,301.18
3347,Pittsburgh,PA,40.4290926,-79.9662441,4020843914,4,4552,6177,299765758289585,772802260105901,205120071451865,953700085404370,31.257,23.986,27.347,30.726,301.18,119.986,123.562,298.612
3348,Pittsburgh,PA,40.4291143,-79.9701675,7838485222,4,4552,6177,2069213149902446,1205758663218075,3024499467778491,518017925895590,3.923,3.503,4.664,3.653,31.82,66.909,200.726,261.746
3349,Pittsburgh,PA,40.4291195,-79.9663006,4020843913,3,4552,6177,299765758289585,858810514723291,507946153961270,953700085404370,32.842,23.69,26.12,30.621,301.18,119.948,120.226,298.612
3350,Pittsburgh,PA,40.4291296,-79.9663023,13235988662,3,4552,6177,299765758289585,858810514723291,507946153961270,426794992003384,32.298,22.766,25.01,29.716,301.18,119.948,120.226,298.567
3351,Pittsburgh,PA,40.4291544,-79.9680542,13257051302,4,4552,6177,134063152013963,1807059126141302,198587638764031,2932085050345004,33.138,4.86,1.781,30.988,16.692,138.647,169.35,286.086
3352,Pittsburgh,PA,40.4291922,-79.968672,13257025694,4,4552,6177,1552389245092083,1552389245092083,156830276404165,301787478156185,1.356,1.356,27.512,20.199,33.718,33.718,197.461,276.635
3353,Pittsburgh,PA,40.4292054,-79.9687254,4020926815,3,4552,6177,214324630250310,1552389245092083,156830276404165,301787478156185,7.587,5.97,26.484,19.535,25.025,33.718,197.461,276.635
3354,Pittsburgh,PA,40.4292374,-79.9729513,104934244,4,4552,6177,4160642143957256,505436433972419,277254017425591,2913318195549129,10.815,10.265,3.656,10.931,349.8,112.75,184.171,290.794
3355,Pittsburgh,PA,40.4292564,-79.9592167,3218380632,3,4552,6177,800729429295510,800729429295510,2249848715451436,779862253909947,2.191,2.191,3.466,1.772,59.0,59.0,193.0,234.042
3356,Pittsburgh,PA,40.4292673,-79.9689673,4020926814,3,4552,6177,214324630250310,1552389245092083,156830276404165,301787478156185,27.042,27.536,32.093,28.978,25.025,33.718,197.461,276.635
3357,Pittsburgh,PA,40.4293046,-79.9700772,7838485228,4,4552,6177,2069213149902446,1205758663218075,3024499467778491,518017925895590,26.412,21.71,27.148,19.261,31.82,66.909,200.726,261.746
3358,Pittsburgh,PA,40.4293409,-79.97006,4020926926,3,4552,6177,2069213149902446,1205758663218075,3024499467778491,511811063307204,30.702,25.958,31.439,22.673,31.82,66.909,200.726,280.992
3359,Pittsburgh,PA,40.4293566,-79.9670959,12115719781,3,4552,6177,288461719654471,468702064400763,520588725632059,1629341780582498,16.461,12.598,11.076,13.24,51.156,91.748,218.121,275.447
3360,Pittsburgh,PA,40.4293849,-79.9675657,4020926823,3,4552,6177,557569938563234,150495503706126,333143911500885,219260079682652,11.015,23.332,13.183,13.485,24.047,79.481,201.605,230.167
3361,Pittsburgh,PA,40.4293955,-79.9672088,12115719782,3,4552,6177,1068554600220682,468702064400763,337033574510828,1629341780582498,18.114,5.004,18.372,5.386,28.906,91.748,199.359,275.447
3362,Pittsburgh,PA,40.4294361,-79.9671817,13235988644,4,4552,6177,288461719654471,468702064400763,337033574510828,1629341780582498,13.106,1.368,13.873,1.957,51.156,91.748,199.359,275.447
3363,Pittsburgh,PA,40.4294371,-79.9670449,13235988649,3,4552,6177,288461719654471,468702064400763,520588725632059,1629341780582498,7.119,12.892,1.968,13.364,51.156,91.748,218.121,275.447
3364,Pittsburgh,PA,40.4294371,-79.9670283,13235988650,3,4552,6177,288461719654471,468702064400763,337033574510828,520588725632059,7.377,14.297,7.18,2.982,51.156,91.748,199.359,218.121
3365,Pittsburgh,PA,40.4294763,-79.9671558,13235988648,3,4552,6177,288461719654471,468702064400763,337033574510828,1629341780582498,9.173,5.376,10.044,5.366,51.156,91.748,199.359,275.447
3366,Pittsburgh,PA,40.4294864,-79.9671582,13235988646,3,4552,6177,288461719654471,468702064400763,337033574510828,1629341780582498,9.104,6.16,9.999,6.052,51.156,91.748,199.359,275.447
3367,Pittsburgh,PA,40.4296747,-79.9729139,104774642,3,4552,6177,400494994264173,735346273800628,947565509404947,888456688662445,5.304,21.19,2.422,22.908,11.799,142.614,179.896,248.807
3368,Pittsburgh,PA,40.4300267,-79.9584996,6295662793,3,4552,6177,506613670529370,1509816960372197,1138466558157729,996095731616684,32.191,33.877,33.229,33.855,50.117,62.0,194.0,230.144
3369,Pittsburgh,PA,40.4301078,-79.9738213,4020926916,3,4552,6177,154830916529113,373184654100313,335955248001709,3011965712351737,2.105,4.484,1.619,5.989,2.188,77.696,171.127,247.919
3370,Pittsburgh,PA,40.4301122,-79.9731014,7838485234,3,4552,6177,298364508544940,375472623850087,1000278880376027,1173797803047837,21.181,6.054,17.569,1.053,8.963,90.384,176.815,283.254
3371,Pittsburgh,PA,40.4301209,-79.9728687,104728851,4,4552,6177,981023419300428,941913609935721,475659140362272,605403673753870,2.164,12.687,1.01,8.163,7.493,89.219,177.469,282.837
3372,Pittsburgh,PA,40.4301405,-79.9743708,11591319254,4,4552,6177,163866629021915,170335161676111,1103975600110545,290433529422200,8.475,6.392,16.979,7.62,4.797,89.21,196.612,270.222
3373,Pittsburgh,PA,40.4301624,-79.9745469,13712975048,4,4552,6177,163866629021915,854088265204373,1103975600110545,2926546437675663,12.556,2.754,17.824,6.491,4.797,74.779,196.612,265.778
3374,Pittsburgh,PA,40.413697,-79.9431407,7048047750,3,4553,6177,834188597196374,1189883718126160,475422927069001,921225268661244,11.266,2.332,15.657,30.337,54.815,81.35,185.018,325.23
3375,Pittsburgh,PA,40.4151718,-79.9441648,3637886781,3,4553,6177,526359581705784,178492707495473,1933203073501837,560171298288117,12.581,11.2,0.774,1.257,320.227,91.549,187.305,244.509
3376,Pittsburgh,PA,40.4155258,-79.9392802,12154515785,3,4553,6177,465119478052617,2622310188073945,499945847989413,477815549958488,10.106,15.329,6.668,6.882,18.719,34.091,195.533,212.614
3377,Pittsburgh,PA,40.4155788,-79.9392002,12154515787,3,4553,6177,465119478052617,2622310188073945,477815549958488,134122968671860,10.66,7.764,3.184,4.263,18.719,34.091,212.614,227.124
3378,Pittsburgh,PA,40.4156363,-79.9416286,106073598,3,4553,6177,139025154884155,1601065453421001,4226575424029976,1823558411154682,3.596,7.347,6.367,3.319,342.266,121.191,163.229,251.266
3379,Pittsburgh,PA,40.4156614,-79.9416443,3637886785,3,4553,6177,533416260999297,379425433469103,320854026076321,1823558411154682,1.479,7.551,3.694,4.589,342.087,65.768,196.12,251.266
3380,Pittsburgh,PA,40.41575,-79.9424211,104574590,3,4553,6177,473192640605593,240252607840331,176925320996043,316320306540001,5.104,16.726,6.338,4.437,0.0,41.464,233.286,256.251
3381,Pittsburgh,PA,40.4158579,-79.9381348,12144996510,3,4553,6177,819629578956821,1125001444673367,860567318136353,375958423789729,5.015,10.607,6.544,1.207,14.177,43.836,208.765,304.471
3382,Pittsburgh,PA,40.4158677,-79.9385924,12144996513,3,4553,6177,137506738410117,137506738410117,524920898519421,1136125686892081,4.688,4.688,8.664,13.04,40.805,40.805,212.609,282.669
3383,Pittsburgh,PA,40.4159921,-79.9385018,12144996509,3,4553,6177,331043731701601,331043731701601,531332261606001,1136125686892081,4.416,4.416,6.728,5.627,30.348,30.348,211.274,282.669
3384,Pittsburgh,PA,40.4173345,-79.9450009,7048047738,3,4553,6177,133314848849657,379171480102588,462189528408196,528088775293032,7.749,4.779,5.161,9.891,320.412,91.828,174.591,270.365
3385,Pittsburgh,PA,40.4178849,-79.9495342,13362939511,3,4553,6177,4298480610205104,277842850710042,192401219406675,137956748370605,21.173,3.567,14.613,2.013,56.633,71.789,237.786,250.436
3386,Pittsburgh,PA,40.4179437,-79.9495632,13362939528,3,4553,6177,4298480610205104,277842850710042,192401219406675,137956748370605,23.551,10.144,16.461,8.26,56.633,71.789,237.786,250.436
3387,Pittsburgh,PA,40.4179967,-79.9369427,12150618986,3,4553,6177,768631707183326,309479030805384,572608053722611,761999537782746,6.443,6.065,5.151,5.138,46.933,96.316,225.393,227.275
3388,Pittsburgh,PA,40.4180994,-79.9488258,13362927380,4,4553,6177,394036498339727,1608330519362003,246364020569359,2972554126397833,21.498,9.597,33.187,4.989,58.756,74.12,234.587,251.201
3389,Pittsburgh,PA,40.4183037,-79.9506054,13362939539,3,4553,6177,4315327945167192,621137935951618,487133552622239,578511903128727,3.793,30.317,21.746,30.82,352.122,124.523,171.142,309.225
3390,Pittsburgh,PA,40.4190246,-79.9417352,104646245,3,4553,6177,278555037301658,1179757925771621,486746082553928,278555037301658,25.724,2.554,4.526,25.724,302.583,100.106,161.448,302.583
3391,Pittsburgh,PA,40.4191575,-79.9417554,12150626305,4,4553,6177,3854006624655291,1179757925771621,486746082553928,3854006624655291,14.281,14.179,19.367,14.281,302.868,100.106,161.448,302.868
3392,Pittsburgh,PA,40.419513,-79.9459473,10611471601,3,4553,6177,4301341023288264,386786512536055,625950371621476,759984504704876,6.989,6.57,1.947,0.816,357.475,71.085,182.387,236.535
3393,Pittsburgh,PA,40.419652,-79.9454881,7047989182,3,4553,6177,343729667172911,869537597314826,332566504961139,176577277708244,3.591,1.022,4.871,2.214,1.636,58.668,163.722,238.873
3394,Pittsburgh,PA,40.4196959,-79.9455124,104937001,3,4553,6177,343729667172911,180463917296940,539374993733080,2982014748742456,4.335,3.51,2.39,5.029,1.636,67.406,217.133,246.48
3395,Pittsburgh,PA,40.4198212,-79.9451174,12200377623,4,4553,6177,343729667172911,1746201258898728,312466050339321,337182434489702,33.446,9.503,3.964,3.699,1.636,147.895,193.906,252.32
3396,Pittsburgh,PA,40.4203816,-79.9443023,12150626315,4,4553,6177,183711263518839,398865371153435,762320037777054,937880486974871,14.6,12.206,28.372,13.552,0.59,96.069,123.125,291.204
3397,Pittsburgh,PA,40.4204287,-79.9441767,12150626313,4,4553,6177,183711263518839,398865371153435,762320037777054,937880486974871,14.815,17.027,34.891,2.22,0.59,96.069,123.125,291.204
3398,Pittsburgh,PA,40.4204845,-79.9454685,104981956,4,4553,6177,924435038123698,500382107772318,137367691779410,1421563124869718,33.957,0.241,13.193,8.283,11.986,120.574,183.355,262.287
3399,Pittsburgh,PA,40.4205269,-79.9443677,12150626314,4,4553,6177,183711263518839,398865371153435,762320037777054,315853313387551,4.928,5.217,16.352,1.242,0.59,96.069,123.125,299.747
3400,Pittsburgh,PA,40.4205464,-79.9455048,10807763877,4,4553,6177,924435038123698,2431993816945627,137367691779410,1421563124869718,26.81,6.523,5.947,1.93,11.986,97.286,183.355,262.287
3401,Pittsburgh,PA,40.4205529,-79.9455727,12154515798,3,4553,6177,924435038123698,2431993816945627,137367691779410,600541577573305,22.516,4.493,3.504,1.085,11.986,97.286,183.355,265.397
3402,Pittsburgh,PA,40.4206235,-79.945023,462040218,3,4553,6177,321388046363947,957748298304197,832999330661374,321388046363947,20.651,15.38,14.794,20.651,306.258,121.139,124.144,306.258
3403,Pittsburgh,PA,40.4206683,-79.9448825,12154515750,3,4553,6177,321388046363947,957748298304197,957748298304197,321388046363947,10.222,4.077,4.077,10.222,306.258,121.139,121.139,306.258
3404,Pittsburgh,PA,40.4208157,-79.945689,7047989155,3,4553,6177,4601160213250226,182038737138113,4161727367204240,1181092962342159,5.697,9.269,2.853,7.766,337.274,92.085,155.095,301.431
3405,Pittsburgh,PA,40.4209173,-79.9481676,11838297066,3,4553,6177,196481055535812,3989150144532586,1857524904431083,300447294878188,1.077,8.576,4.509,8.604,0.0,84.024,162.751,272.961
3406,Pittsburgh,PA,40.421163,-79.9458908,12154515800,3,4553,6177,134261378756218,794369747867729,2823625634618839,522803658749389,19.619,1.758,5.308,19.982,349.268,134.933,162.041,273.875
3407,Pittsburgh,PA,40.4211972,-79.9458603,104867338,3,4553,6177,134261378756218,1527073217639817,2823625634618839,1112574232570882,17.481,1.607,8.979,13.119,349.268,122.521,162.041,240.397
3408,Pittsburgh,PA,40.4212292,-79.9458318,12154548881,3,4553,6177,134261378756218,1527073217639817,2823625634618839,1112574232570882,16.422,3.481,12.959,11.959,349.268,122.521,162.041,240.397
3409,Pittsburgh,PA,40.4212455,-79.9460657,7047989158,3,4553,6177,503834080957474,430560761356984,3973704546057576,522803658749389,3.839,6.34,9.374,2.824,28.722,97.475,120.755,273.875
3410,Pittsburgh,PA,40.421939,-79.9489869,7237780266,3,4553,6177,2806794139570700,293129202516767,284511906750119,329340951951925,5.862,4.9,2.713,7.418,1.527,90.0,195.096,242.373
3411,Pittsburgh,PA,40.4228331,-79.948626,104245028,4,4553,6177,272834111060335,937327400335608,187119326604605,533232021364407,7.088,16.052,6.29,7.915,314.076,80.104,193.168,245.367
3412,Pittsburgh,PA,40.4228712,-79.9486494,12154516023,3,4553,6177,272834111060335,937327400335608,187119326604605,272834111060335,2.603,16.75,3.201,2.603,314.076,80.104,193.168,314.076
3413,Pittsburgh,PA,40.4228816,-79.9574153,6967870124,3,4553,6177,181414913860215,674476847967848,674476847967848,509072066912619,28.293,29.083,29.083,31.132,344.275,144.672,144.672,311.717
3414,Pittsburgh,PA,40.4229025,-79.9574372,6967870106,3,4553,6177,181414913860215,674476847967848,674476847967848,1892339857595009,29.252,29.053,29.053,28.699,344.275,144.672,144.672,323.654
3415,Pittsburgh,PA,40.4229964,-79.9572402,6967870126,3,4553,6177,181414913860215,674476847967848,674476847967848,1892339857595009,11.458,9.539,9.539,9.056,344.275,144.672,144.672,323.654
3416,Pittsburgh,PA,40.4230487,-79.9572892,6967870122,3,4553,6177,778512222800019,674476847967848,674476847967848,778512222800019,7.19,10.945,10.945,7.19,329.203,144.672,144.672,329.203
3417,Pittsburgh,PA,40.4236233,-79.9457353,12150854990,4,4553,6177,1459543434427151,946447852792616,1202668070191360,490262522172661,3.809,6.868,5.482,3.597,337.032,62.091,237.48,240.482
3418,Pittsburgh,PA,40.4236867,-79.9456165,12150854986,4,4553,6177,241005487797446,299412258421560,528423238154227,528423238154227,7.3,4.814,2.813,2.813,1.285,60.907,237.049,237.049
3419,Pittsburgh,PA,40.4237478,-79.945693,12150854989,3,4553,6177,241005487797446,471603350734150,528423238154227,528423238154227,2.089,5.083,6.584,6.584,1.285,67.697,237.049,237.049
3420,Pittsburgh,PA,40.4237633,-79.9456614,2712094934,4,4553,6177,241005487797446,299412258421560,528423238154227,528423238154227,3.372,4.661,6.656,6.656,1.285,60.907,237.049,237.049
3421,Pittsburgh,PA,40.4237774,-79.9456325,12150854988,3,4553,6177,241005487797446,299412258421560,859836601607605,859836601607605,5.952,6.24,7.851,7.851,1.285,60.907,237.137,237.137
3422,Pittsburgh,PA,40.4240069,-79.9450196,12150873010,4,4553,6177,754229811908031,754229811908031,139837354803591,323766279287418,5.463,5.463,6.207,5.094,46.175,46.175,221.899,227.33
3423,Pittsburgh,PA,40.4243684,-79.9376115,12150423616,3,4553,6177,937038673506155,4000262843392825,4000262843392825,937038673506155,15.486,2.648,2.648,15.486,328.632,135.724,135.724,328.632
3424,Pittsburgh,PA,40.4244701,-79.9377182,12271282283,3,4553,6177,937038673506155,868770707007522,868770707007522,937038673506155,4.718,4.818,4.818,4.718,328.632,142.368,142.368,328.632
3425,Pittsburgh,PA,40.4244704,-79.9445471,12150855000,3,4553,6177,2505821049564240,2505821049564240,177311957611933,177311957611933,5.417,5.417,5.492,5.492,37.392,37.392,215.455,215.455
3426,Pittsburgh,PA,40.4245383,-79.9376059,12271282282,3,4553,6177,937038673506155,868770707007522,868770707007522,937038673506155,7.456,11.724,11.724,7.456,328.632,142.368,142.368,328.632
3427,Pittsburgh,PA,40.4245391,-79.9444881,12150873011,3,4553,6177,337432674464812,337432674464812,845446436052390,845446436052390,4.406,4.406,6.114,6.114,36.497,36.497,213.422,213.422
3428,Pittsburgh,PA,40.424592,-79.9376702,12152123687,3,4553,6177,440677540670831,4108427499214429,4108427499214429,440677540670831,5.981,10.003,10.003,5.981,328.767,142.502,142.502,328.767
3429,Pittsburgh,PA,40.4246005,-79.9376778,12152123700,4,4553,6177,440677540670831,4108427499214429,4108427499214429,440677540670831,5.843,10.231,10.231,5.843,328.767,142.502,142.502,328.767
3430,Pittsburgh,PA,40.4246037,-79.9376545,12152123699,3,4553,6177,440677540670831,4108427499214429,4108427499214429,440677540670831,7.732,11.862,11.862,7.732,328.767,142.502,142.502,328.767
3431,Pittsburgh,PA,40.4246094,-79.9376647,3682859872,3,4553,6177,440677540670831,4108427499214429,4108427499214429,440677540670831,7.315,11.707,11.707,7.315,328.767,142.502,142.502,328.767
3432,Pittsburgh,PA,40.4247908,-79.9528998,13597669302,4,4553,6177,243430730868907,473332840410186,508796633637577,1312297075837965,21.921,11.396,21.252,13.892,308.757,99.203,132.679,269.635
3433,Pittsburgh,PA,40.4248101,-79.9520071,3878742394,4,4553,6177,852697598653951,909556679827747,211983103857334,2924084634527923,8.25,12.003,5.13,16.684,356.792,84.282,161.028,261.882
3434,Pittsburgh,PA,40.4248373,-79.9518803,12083958832,3,4553,6177,852697598653951,817957869114119,211983103857334,2082806038523952,4.002,13.133,12.519,15.913,356.792,99.214,161.028,256.666
3435,Pittsburgh,PA,40.4248538,-79.9377643,3682859873,3,4553,6177,211473120575468,848689632658278,471733200775478,211473120575468,14.521,20.725,19.366,14.521,328.026,89.26,153.982,328.026
3436,Pittsburgh,PA,40.4249181,-79.9376047,3682859885,3,4553,6177,1136256806859243,848689632658278,997597640776919,376584433726826,25.691,14.003,20.475,28.362,22.368,89.26,131.099,271.086
3437,Pittsburgh,PA,40.4249969,-79.9372815,3682859883,3,4553,6177,285856613260655,915425692590910,1123069271492546,376584433726826,8.72,8.249,20.599,8.249,26.998,79.412,180.0,271.086
3438,Pittsburgh,PA,40.4250148,-79.9377866,3682859870,3,4553,6177,1136256806859243,2893441314212855,997597640776919,1850778345101347,7.163,7.745,2.991,17.099,22.368,93.652,131.099,256.617
3439,Pittsburgh,PA,40.425019,-79.9519474,12083958831,3,4553,6177,578629006486726,1656441761207623,143742174402922,833076277332966,7.751,5.264,8.527,3.794,14.803,85.306,194.763,264.092
3440,Pittsburgh,PA,40.4250366,-79.9378095,3682859875,3,4553,6177,1136256806859243,2893441314212855,997597640776919,1850778345101347,4.061,4.653,2.224,13.997,22.368,93.652,131.099,256.617
3441,Pittsburgh,PA,40.4251061,-79.9373222,3682859864,3,4553,6177,495859618434863,915425692590910,1123069271492546,517027116147663,3.226,4.924,16.077,2.795,333.754,79.412,180.0,278.272
3442,Pittsburgh,PA,40.4252663,-79.94376,12150873044,4,4553,6177,331332445024499,3965242886905967,153772790044966,283635880080479,8.739,4.185,9.918,6.317,39.452,90.211,231.717,273.272
3443,Pittsburgh,PA,40.4252723,-79.9439097,12150817745,4,4553,6177,331332445024499,837766613494643,2876488822590757,292913855809767,4.525,4.517,3.679,7.348,39.452,95.067,218.515,278.039
3444,Pittsburgh,PA,40.4253668,-79.9437507,12150817747,3,4553,6177,331332445024499,177095910981807,153772790044966,157604779652121,15.687,3.65,13.348,2.855,39.452,96.867,231.717,270.948
3445,Pittsburgh,PA,40.4253791,-79.9438957,12150817746,3,4553,6177,331332445024499,1412300589149540,153772790044966,1492769934411476,14.202,2.581,10.017,3.966,39.452,93.835,231.717,278.124
3446,Pittsburgh,PA,40.4254437,-79.9369911,3682859856,3,4553,6177,1132867023892822,534250604411643,3975142212533619,2613130588993077,2.299,5.753,7.364,34.82,2.574,100.892,182.084,270.0
3447,Pittsburgh,PA,40.4254689,-79.9424978,12150817753,4,4553,6177,1147038619041687,220618042858668,497502057954435,304700401280610,17.326,0.613,16.212,7.535,354.843,73.061,181.894,263.07
3448,Pittsburgh,PA,40.4254824,-79.9429069,12152240721,4,4553,6177,1596473310555640,892480027966987,497502057954435,3019308111731356,23.161,5.261,28.033,1.017,43.908,83.707,181.894,261.273
3449,Pittsburgh,PA,40.4255021,-79.9423531,12150817757,4,4553,6177,1147038619041687,964143411032349,497502057954435,1519987978333639,15.903,1.784,23.533,5.888,354.843,68.48,181.894,259.691
3450,Pittsburgh,PA,40.4255133,-79.948913,12154556707,3,4553,6177,542922470047018,826206861317520,271997998006512,291882119308219,31.603,5.352,15.002,10.091,302.216,103.468,121.468,275.346
3451,Pittsburgh,PA,40.4255747,-79.9425428,12150817755,4,4553,6177,1147038619041687,895574187956686,497502057954435,304700401280610,8.971,5.758,5.632,6.642,354.843,65.808,181.894,263.07
3452,Pittsburgh,PA,40.4256027,-79.9424047,12150817756,4,4553,6177,1147038619041687,836356790292248,497502057954435,3055320131362927,4.857,6.347,17.167,2.806,354.843,74.574,181.894,253.881
3453,Pittsburgh,PA,40.4256233,-79.9488763,12154556710,3,4553,6177,542922470047018,1483769815308125,271997998006512,291882119308219,31.279,3.425,12.617,3.028,302.216,103.075,121.468,275.346
3454,Pittsburgh,PA,40.4257238,-79.949953,12154556713,3,4553,6177,185942063396176,957523558414087,326274168913576,461350768289770,5.501,2.112,7.329,4.567,347.163,86.506,155.865,257.532
3455,Pittsburgh,PA,40.4257289,-79.9496957,12154556705,3,4553,6177,185942063396176,1222298698226671,462448394852823,902598950594125,16.625,3.036,14.839,3.321,347.163,83.545,144.858,273.182
3456,Pittsburgh,PA,40.4257346,-79.9497987,12152240727,3,4553,6177,185942063396176,478121760068003,462448394852823,4282952701725684,7.883,3.388,6.409,4.084,347.163,94.34,144.858,264.41
3457,Pittsburgh,PA,40.4259764,-79.9371451,11507268463,3,4553,6177,137208785063125,506006247113371,185712043406830,301197758205144,2.897,15.422,10.853,6.286,11.371,87.119,206.998,249.408
3458,Pittsburgh,PA,40.4260127,-79.936885,11507268462,3,4553,6177,816731378970515,294178068859754,301402961484156,310659374057011,5.047,7.395,0.204,3.449,311.1,88.126,165.165,254.337
3459,Pittsburgh,PA,40.426057,-79.9384155,12152123691,3,4553,6177,1349162002121939,3974657069266270,2967340763592165,508796580166497,6.743,2.236,4.751,4.079,343.706,98.272,168.131,265.598
3460,Pittsburgh,PA,40.4260616,-79.9383232,3682859869,3,4553,6177,1349162002121939,168552451767212,403552067278980,305412614379667,13.834,2.665,4.652,4.415,343.706,114.607,185.692,271.034
3461,Pittsburgh,PA,40.4260864,-79.9377612,3682859887,3,4553,6177,506987423822233,313839493645905,1186671178445007,307576564161568,2.471,3.401,2.905,2.41,357.265,68.186,155.521,266.544
3462,Pittsburgh,PA,40.4260882,-79.9384278,12152138808,3,4553,6177,1197767317342741,3974657069266270,2967340763592165,508796580166497,5.932,1.49,1.846,0.559,345.132,98.272,168.131,265.598
3463,Pittsburgh,PA,40.4261101,-79.9398669,12150368993,4,4553,6177,146333490746576,1792038217624106,498340041312428,1156814301501188,5.17,5.167,23.785,4.574,55.58,73.388,235.37,254.195
3464,Pittsburgh,PA,40.4261453,-79.9397193,12150368989,4,4553,6177,588657562060724,1722688914589877,498340041312428,782376625984688,7.782,6.345,11.394,8.918,29.559,79.409,235.37,267.569
3465,Pittsburgh,PA,40.4262196,-79.9378071,3116112103,3,4553,6177,506987423822233,1418963568480268,463446374756246,307576564161568,13.316,2.987,8.427,13.518,357.265,86.257,151.989,266.544
3466,Pittsburgh,PA,40.426229,-79.9398631,12150368994,4,4553,6177,2950358108575130,743298650412940,498340041312428,497257541617014,10.985,7.192,20.272,2.177,353.821,70.656,235.37,251.472
3467,Pittsburgh,PA,40.4262304,-79.9428139,12152138896,4,4553,6177,851639005701384,818518405441462,256342559510723,498432167870508,7.823,12.162,6.78,17.227,349.577,70.922,193.848,240.828
3468,Pittsburgh,PA,40.4262537,-79.9426834,12152138894,4,4553,6177,851639005701384,818518405441462,256342559510723,980307209461007,8.039,1.649,7.236,12.871,349.577,70.922,193.848,260.276
3469,Pittsburgh,PA,40.4262676,-79.9397098,12150368995,4,4553,6177,2950358108575130,475559927108484,498340041312428,1561634037364957,4.636,7.141,9.133,3.083,353.821,76.215,235.37,262.099
3470,Pittsburgh,PA,40.4262877,-79.9385063,12152123692,3,4553,6177,268769151601123,1728307367354518,1974320772720928,873438903514949,5.355,2.007,7.895,8.461,354.024,105.973,180.967,239.775
3471,Pittsburgh,PA,40.4262884,-79.9387811,12152138811,3,4553,6177,268769151601123,1597990963919639,4464865173571806,473238740625696,18.161,7.912,13.252,4.057,354.024,79.124,185.699,267.96
3472,Pittsburgh,PA,40.4263067,-79.9428438,12152138897,4,4553,6177,851639005701384,818518405441462,256342559510723,498432167870508,15.6,16.285,14.238,15.784,349.577,70.922,193.848,240.828
3473,Pittsburgh,PA,40.4263201,-79.9382366,8548244475,3,4553,6177,509788867047261,459838371774661,1108290342986159,457492762015257,24.363,25.334,23.021,24.234,345.293,102.471,174.019,272.996
3474,Pittsburgh,PA,40.4263382,-79.9427128,12152138898,4,4553,6177,851639005701384,818518405441462,322179212800481,498432167870508,16.234,11.241,5.285,4.493,349.577,70.922,205.246,240.828
3475,Pittsburgh,PA,40.4263793,-79.9378383,3116112104,3,4553,6177,591641525137802,1418963568480268,463446374756246,307576564161568,14.905,14.969,26.268,31.471,53.984,86.257,151.989,266.544
3476,Pittsburgh,PA,40.4267264,-79.9501481,12154556731,3,4553,6177,971201670287094,139956091451890,334408894780353,380938283226216,26.16,6.342,32.037,5.907,333.525,69.405,151.919,255.07
3477,Pittsburgh,PA,40.4267607,-79.9384678,11113214480,3,4553,6177,221714776066002,499167338180946,486477482624257,1102812226872144,8.079,13.824,10.731,27.738,10.516,56.346,187.667,272.426
3478,Pittsburgh,PA,40.4268347,-79.9384744,8703692469,3,4553,6177,910685499724418,504009874183674,380025413311699,1102812226872144,6.046,14.076,9.478,19.495,9.369,83.527,187.404,272.426
3479,Pittsburgh,PA,40.4268371,-79.9385422,12152138801,4,4553,6177,910685499724418,504009874183674,380025413311699,1102812226872144,0.433,14.546,4.5,19.895,9.369,83.527,187.404,272.426
3480,Pittsburgh,PA,40.4268619,-79.9495336,12154556735,4,4553,6177,180738917294201,1369674253388562,630387946782868,1380054345690695,12.642,5.83,17.393,13.142,333.979,83.419,195.0,246.224
3481,Pittsburgh,PA,40.4268733,-79.949457,12154556740,4,4553,6177,180738917294201,514559309729515,630387946782868,1380054345690695,16.624,6.812,21.404,18.778,333.979,77.845,195.0,246.224
3482,Pittsburgh,PA,40.4268745,-79.9375414,12150370560,4,4553,6177,245613154007685,531299088345753,802197547090867,300264761686790,11.827,7.298,7.68,3.645,52.207,69.665,239.681,260.364
3483,Pittsburgh,PA,40.426886,-79.9493721,12154556737,4,4553,6177,180738917294201,514559309729515,630387946782868,1380054345690695,22.526,7.446,27.063,25.572,333.979,77.845,195.0,246.224
3484,Pittsburgh,PA,40.4269289,-79.9384579,7543082293,4,4553,6177,797123024505173,504009874183674,286215193188719,1102812226872144,5.934,4.322,11.601,9.229,6.143,83.527,174.867,272.426
3485,Pittsburgh,PA,40.4269613,-79.9496744,12154556739,4,4553,6177,180738917294201,372316367534188,630387946782868,1380054345690695,4.424,6.401,2.334,5.04,333.979,90.529,195.0,246.224
3486,Pittsburgh,PA,40.426977,-79.9496127,12154556743,4,4553,6177,180738917294201,372316367534188,630387946782868,486778109304039,2.841,9.794,4.56,1.258,333.979,90.529,195.0,221.643
3487,Pittsburgh,PA,40.4269904,-79.9386283,7543082294,4,4553,6177,528566264816931,504009874183674,1149008218857836,471429250583636,5.721,12.416,1.045,10.39,2.284,83.527,172.865,260.012
3488,Pittsburgh,PA,40.4269914,-79.9495556,12154556738,4,4553,6177,180738917294201,1369674253388562,630387946782868,486778109304039,7.165,9.883,9.433,6.247,333.979,83.419,195.0,221.643
3489,Pittsburgh,PA,40.4270174,-79.9382296,12150370562,4,4553,6177,2974474936170980,294228786201634,2566761516963963,210496810685589,5.442,10.278,27.239,6.228,309.91,114.774,193.388,282.386
3490,Pittsburgh,PA,40.427093,-79.9384579,7543082292,4,4553,6177,963293597760144,1669148206614853,169889851620116,144041287643682,4.33,9.74,12.671,7.446,351.701,76.597,175.397,271.198
3491,Pittsburgh,PA,40.4271596,-79.9386823,7543082291,3,4553,6177,186146503266530,768541913805246,1348521988880739,186146503266530,0.718,6.975,3.802,0.718,329.298,68.767,186.221,329.298
3492,Pittsburgh,PA,40.4271962,-79.9550681,7808570271,3,4553,6177,4299923886725161,1180556222396367,841529263107836,4299923886725161,8.647,10.09,10.911,8.647,324.999,84.927,153.207,324.999
3493,Pittsburgh,PA,40.4273834,-79.9386876,7543082287,3,4553,6177,471893617414935,1159076697850720,338327887714454,762444571136250,13.0,9.73,3.83,3.937,14.823,59.531,194.956,218.903
3494,Pittsburgh,PA,40.4274751,-79.9553407,7808570270,3,4553,6177,512281323141359,212477387144561,212477387144561,1449693135369387,11.474,7.5,7.5,8.727,357.316,144.33,144.33,324.793
3495,Pittsburgh,PA,40.4276269,-79.9383331,12150392166,3,4553,6177,4541616882567887,219166679683885,502775831137264,323530362508456,4.042,4.799,5.534,26.835,8.489,35.657,201.718,223.559
3496,Pittsburgh,PA,40.4276603,-79.9490046,12154577820,3,4553,6177,184189576933818,298911198564664,173448161364809,471524867267310,6.616,14.696,14.946,15.686,349.411,74.441,194.335,275.174
3497,Pittsburgh,PA,40.4277163,-79.9489968,12154577823,4,4553,6177,401588060832708,298911198564664,173448161364809,471524867267310,7.731,8.917,12.915,16.874,345.504,74.441,194.335,275.174
3498,Pittsburgh,PA,40.427734,-79.9491015,104198851,4,4553,6177,377709576923506,4330194630325602,173448161364809,471524867267310,4.645,6.025,3.837,9.842,347.494,71.474,194.335,275.174
3499,Pittsburgh,PA,40.4277606,-79.9491098,12154569886,4,4553,6177,377709576923506,4330194630325602,173448161364809,471524867267310,1.642,3.184,3.761,11.583,347.494,71.474,194.335,275.174
3500,Pittsburgh,PA,40.4277661,-79.9489899,12154569885,3,4553,6177,377709576923506,298911198564664,173448161364809,471524867267310,10.967,4.9,13.5,19.618,347.494,74.441,194.335,275.174
3501,Pittsburgh,PA,40.4282209,-79.9492515,104198857,3,4553,6177,177146524308795,134768192036776,3121159194863381,817211502525795,2.361,12.026,2.046,21.993,342.637,91.272,175.567,262.442
3502,Pittsburgh,PA,40.4285444,-79.9526656,13093360532,4,4553,6177,830743818221105,966237897763019,107193349135464,623754793180320,14.314,14.825,18.032,17.355,352.12,101.718,144.059,322.721
3503,Pittsburgh,PA,40.428892,-79.9567547,13597662996,4,4553,6177,339713637497470,919398178627566,919398178627566,339713637497470,7.496,4.803,4.803,7.496,321.762,142.362,142.362,321.762
3504,Pittsburgh,PA,40.4289919,-79.9494961,7243776625,3,4553,6177,894120044477458,3824107251049246,472549897339728,520629365618384,5.677,8.752,0.65,4.992,334.417,143.882,154.78,314.765
3505,Pittsburgh,PA,40.4290887,-79.9534003,13093360525,3,4553,6177,1249079935751099,225723163305808,843589437143862,1069394544467170,5.423,2.641,3.667,3.178,9.396,133.79,140.06,274.845
3506,Pittsburgh,PA,40.4290945,-79.9495871,3040786501,4,4553,6177,182021130481539,3824107251049246,1223084772826343,793978711484135,1.864,5.065,7.485,0.891,318.474,143.882,156.0,305.765
3507,Pittsburgh,PA,40.4291201,-79.9534421,13093360526,4,4553,6177,1249079935751099,1408401306667385,1484258122319860,299937092562035,0.527,2.853,3.766,0.41,9.396,135.617,142.721,261.988
3508,Pittsburgh,PA,40.4291425,-79.9372473,5320855594,3,4553,6177,983851965691123,1080340719042220,135177348551656,1640871509447577,20.936,0.111,2.571,1.831,1.274,91.695,134.62,282.702
3509,Pittsburgh,PA,40.4292656,-79.9497442,7243776624,3,4553,6177,307849670840179,474190510483863,1341468530729137,474374110558656,5.418,2.038,3.792,2.643,324.579,130.748,153.0,311.768
3510,Pittsburgh,PA,40.4292723,-79.9539693,13093155054,3,4553,6177,191321743934030,307371165077135,726404939209126,1704925279920862,26.44,21.846,21.229,27.376,351.75,134.008,137.944,299.734
3511,Pittsburgh,PA,40.429361,-79.9540311,3704985113,3,4553,6177,191321743934030,586570170335543,1634578193721295,2398146627012811,26.33,17.987,18.463,28.519,351.75,128.246,138.104,308.246
3512,Pittsburgh,PA,40.4293818,-79.953805,13085605700,4,4553,6177,191321743934030,307371165077135,726404939209126,2398146627012811,7.959,3.903,3.021,9.324,351.75,134.008,137.944,308.246
3513,Pittsburgh,PA,40.4294598,-79.9537018,13085610301,3,4553,6177,961108028494576,1326746637913746,726404939209126,2398146627012811,2.743,5.032,9.601,9.073,5.926,41.607,137.944,308.246
3514,Pittsburgh,PA,40.4294609,-79.9537073,13085605698,3,4553,6177,961108028494576,1326746637913746,726404939209126,2398146627012811,2.357,4.901,9.315,9.236,5.926,41.607,137.944,308.246
3515,Pittsburgh,PA,40.429526,-79.9577856,6295662795,3,4553,6177,806974963271086,1113070025858093,373539150748754,820485161902611,33.13,31.923,18.556,19.269,335.46,141.447,205.207,219.805
3516,Pittsburgh,PA,40.4295399,-79.9538065,13085605696,3,4553,6177,961108028494576,586570170335543,1634578193721295,2398146627012811,11.621,9.709,10.752,20.292,5.926,128.246,138.104,308.246
3517,Pittsburgh,PA,40.4296111,-79.950053,2715023284,3,4553,6177,269514458247027,333273481464883,1433997833639477,310528453991146,2.273,3.703,5.217,2.067,349.843,118.19,168.096,291.521
3518,Pittsburgh,PA,40.4297951,-79.9578373,7259063239,3,4553,6177,215992103398856,746352099373055,544274233645215,544274233645215,13.123,6.443,1.612,1.612,54.2,141.1,226.639,226.639
3519,Pittsburgh,PA,40.4299225,-79.9365407,7300290390,3,4553,6177,495497594902663,178034864111028,485431732786080,814041666207182,1.282,33.46,29.723,29.202,0.0,148.751,162.795,250.8
3520,Pittsburgh,PA,40.4299716,-79.9372189,7300249565,4,4553,6177,875196146396183,159753646093277,4712028215479663,816699982599712,0.318,31.595,23.772,25.014,0.0,90.882,190.477,229.343
3521,Pittsburgh,PA,40.430016,-79.9504142,7243775958,3,4553,6177,4300726003284774,879916059239365,454709095822648,472176834017548,7.215,6.294,1.888,3.63,0.0,116.277,174.548,246.106
3522,Pittsburgh,PA,40.4302064,-79.9505855,2715023280,3,4553,6177,494192285037290,839398933592634,538866887105338,496820468134014,4.289,10.027,3.571,13.735,0.0,138.728,165.677,282.372
3523,Pittsburgh,PA,40.4135321,-79.9207409,2726581404,3,4554,6177,800112324227807,263334392158102,470197910721650,501223461067103,3.579,30.601,27.484,13.816,333.208,106.772,156.594,329.781
3524,Pittsburgh,PA,40.4137849,-79.9224678,6150673721,3,4554,6177,232789661943688,840813736526460,468804977716847,254636709779182,9.218,15.155,18.833,7.028,354.688,70.704,177.426,302.103
3525,Pittsburgh,PA,40.4138261,-79.9229309,6150673717,3,4554,6177,924198664818515,769739647028346,769739647028346,3869572166430826,7.823,1.537,1.537,10.34,309.634,133.394,133.394,287.63
3526,Pittsburgh,PA,40.4139552,-79.9227173,6150673719,3,4554,6177,1178919709302015,333335151696753,179317837427898,978510266254372,7.552,7.003,9.902,2.027,312.101,98.271,191.451,255.786
3527,Pittsburgh,PA,40.4139569,-79.9227713,6150673718,3,4554,6177,521072365554058,469034504421653,179317837427898,978510266254372,5.542,6.356,9.525,4.807,309.905,104.812,191.451,255.786
3528,Pittsburgh,PA,40.4139903,-79.9216747,2726581383,3,4554,6177,522230968789889,140137161383285,905109630050241,585606029082552,18.303,14.25,16.13,24.452,354.103,93.881,162.592,269.93
3529,Pittsburgh,PA,40.4140165,-79.9215074,2726581379,4,4554,6177,500308231118781,3745046145621117,905109630050241,473794617183639,4.364,17.677,17.445,2.733,334.733,87.302,162.592,317.564
3530,Pittsburgh,PA,40.4140375,-79.9220092,2728240485,3,4554,6177,3010783999194913,833581387250781,143820964435906,1212138395878394,5.389,2.957,24.219,3.431,17.81,46.444,189.717,252.112
3531,Pittsburgh,PA,40.4141163,-79.9218138,12143246956,4,4554,6177,522230968789889,204873254808470,826929911574463,379532140020733,24.505,2.199,2.342,13.228,354.103,70.668,219.562,275.56
3532,Pittsburgh,PA,40.4141297,-79.9217806,105188937,3,4554,6177,522230968789889,140137161383285,826929911574463,379532140020733,21.805,4.218,4.225,10.335,354.103,93.881,219.562,275.56
3533,Pittsburgh,PA,40.4141551,-79.9230831,11065470858,4,4554,6177,493366671707681,4300096940030079,475503737021020,316107553365781,1.996,8.265,6.044,3.288,13.293,115.804,133.598,312.532
3534,Pittsburgh,PA,40.4141874,-79.9215161,104356483,3,4554,6177,522230968789889,3745046145621117,216622476663320,489987305386949,8.779,2.198,18.268,3.701,354.103,87.302,131.566,264.101
3535,Pittsburgh,PA,40.4142023,-79.923157,11065470859,4,4554,6177,493366671707681,936688727148345,936688727148345,915066455953579,6.272,5.813,5.813,2.134,13.293,132.713,132.713,316.553
3536,Pittsburgh,PA,40.4142108,-79.921373,12706337094,3,4554,6177,522230968789889,751721432185266,216622476663320,530550828109064,17.13,2.491,29.616,1.58,354.103,80.681,131.566,256.797
3537,Pittsburgh,PA,40.4142483,-79.9220669,12139045824,3,4554,6177,374236344023612,933258694074949,282555676939791,812229806376602,9.563,4.007,10.122,8.649,19.605,74.937,223.182,279.192
3538,Pittsburgh,PA,40.4142617,-79.9230206,7735347959,3,4554,6177,482581229830345,482581229830345,475503737021020,316107553365781,1.084,1.084,18.742,16.261,44.349,44.349,133.598,312.532
3539,Pittsburgh,PA,40.4143499,-79.9229195,5851040147,3,4554,6177,236216214928501,526307695032122,475503737021020,1047890152285676,3.189,7.822,31.634,12.531,343.362,40.279,133.598,311.176
3540,Pittsburgh,PA,40.4143839,-79.921201,12706337099,3,4554,6177,1439357746422926,2834845086777169,515538956141911,306659581026586,32.793,7.802,34.799,10.192,56.718,71.292,143.816,251.136
3541,Pittsburgh,PA,40.4144293,-79.9201607,104356514,3,4554,6177,217606589871718,217606589871718,311632807080102,2345355378933107,27.982,27.982,30.042,29.886,44.394,44.394,219.792,226.109
3542,Pittsburgh,PA,40.4147849,-79.922388,8510621439,3,4554,6177,320979889594230,1369620436746775,499848598029947,1143754356135560,24.042,22.17,12.14,27.005,50.38,90.88,135.438,224.289
3543,Pittsburgh,PA,40.4148355,-79.9238079,8510621445,3,4554,6177,282260583582136,736779266991380,736779266991380,282260583582136,18.896,23.422,23.422,18.896,312.854,133.409,133.409,312.854
3544,Pittsburgh,PA,40.4149521,-79.922361,12076149052,3,4554,6177,1838635552967912,1369620436746775,486358222699529,1143754356135560,16.837,9.451,2.436,8.394,54.546,90.88,129.836,224.289
3545,Pittsburgh,PA,40.4149604,-79.9225736,8510621437,3,4554,6177,1838635552967912,1369620436746775,486358222699529,1143754356135560,1.634,9.023,16.344,21.853,54.546,90.88,129.836,224.289
3546,Pittsburgh,PA,40.4150279,-79.9159856,10925381473,3,4554,6177,770675466971093,1105963599895758,291033062741915,544282589901866,3.392,5.429,5.802,6.813,353.529,74.226,178.53,284.131
3547,Pittsburgh,PA,40.4150462,-79.9159928,104939760,3,4554,6177,770675466971093,1105963599895758,291033062741915,544282589901866,4.501,3.489,3.687,4.701,353.529,74.226,178.53,284.131
3548,Pittsburgh,PA,40.4150662,-79.9159372,8001720163,3,4554,6177,770675466971093,1105963599895758,291033062741915,310483387348465,4.341,4.056,6.265,3.627,353.529,74.226,178.53,243.867
3549,Pittsburgh,PA,40.4152454,-79.9248333,11065470870,4,4554,6177,289430662849235,296272295315704,296272295315704,246686617230698,16.398,3.588,3.588,14.117,350.038,146.681,146.681,329.461
3550,Pittsburgh,PA,40.4152519,-79.9155544,104681268,3,4554,6177,482021963012398,216802567154188,836037403779485,279867520505069,3.032,3.557,3.263,3.514,49.993,97.15,161.684,278.331
3551,Pittsburgh,PA,40.4152832,-79.9155832,12648614108,3,4554,6177,202134835071710,216802567154188,2822865497966775,279867520505069,0.698,0.739,4.342,6.025,304.498,97.15,182.687,278.331
3552,Pittsburgh,PA,40.4153263,-79.9249078,11065470874,4,4554,6177,1194241427686395,821211671827033,1163268667508042,532441367924315,20.292,11.227,3.075,12.668,3.425,104.159,146.999,222.457
3553,Pittsburgh,PA,40.4153296,-79.9152923,4361058867,3,4554,6177,927279354727724,137844901619638,836037403779485,3204347919793735,16.958,1.921,22.361,1.855,7.175,76.701,161.684,261.032
3554,Pittsburgh,PA,40.415344,-79.9246286,11065470871,3,4554,6177,1188590204936643,322662499571592,914973519072645,1662439754144038,2.491,12.909,14.762,4.129,336.315,75.793,176.879,323.342
3555,Pittsburgh,PA,40.4154011,-79.9249767,11065470867,4,4554,6177,1194241427686395,821211671827033,249327686941733,532441367924315,22.382,12.524,2.573,7.527,3.425,104.159,206.94,222.457
3556,Pittsburgh,PA,40.4154115,-79.9168827,12648609058,3,4554,6177,181347620429834,2991441237802616,972079136866432,530540924635067,10.97,1.681,9.967,2.149,6.46,88.548,180.0,284.122
3557,Pittsburgh,PA,40.415436,-79.9243995,8510621444,3,4554,6177,1194241427686395,975182739918887,914973519072645,156900089723900,26.825,15.206,34.23,24.058,3.425,53.858,176.879,235.276
3558,Pittsburgh,PA,40.4154544,-79.9246839,11065470850,3,4554,6177,1194241427686395,4294421250590565,165107365457496,2980223338881414,3.418,6.036,9.774,8.167,3.425,95.477,191.364,231.598
3559,Pittsburgh,PA,40.4154829,-79.9172603,3725545364,3,4554,6177,326420758920492,269830964888646,227631892062669,543492503305495,12.742,0.78,0.553,2.417,1.903,102.719,194.463,284.692
3560,Pittsburgh,PA,40.415483,-79.9247105,11065470872,4,4554,6177,1194241427686395,4294421250590565,165107365457496,2980223338881414,5.238,4.201,8.977,4.795,3.425,95.477,191.364,231.598
3561,Pittsburgh,PA,40.4154984,-79.9173567,12648609051,3,4554,6177,326420758920492,266467951835689,227631892062669,301214601576110,16.055,1.477,8.782,4.881,1.903,91.092,194.463,284.646
3562,Pittsburgh,PA,40.4155793,-79.9247999,11065470869,3,4554,6177,4218944038164842,492688608714106,816450278969645,558384118462750,5.157,8.204,15.571,4.666,330.399,92.347,174.05,258.149
3563,Pittsburgh,PA,40.4155871,-79.9248258,11065470868,3,4554,6177,309173877450545,492688608714106,816450278969645,297769111816164,6.001,9.287,14.775,1.823,330.348,92.347,174.05,293.612
3564,Pittsburgh,PA,40.4157443,-79.9157914,8001720164,3,4554,6177,311475030512243,310320750713559,489411418842626,907695166677121,1.605,4.427,1.499,4.781,1.706,55.343,180.122,311.096
3565,Pittsburgh,PA,40.4157503,-79.9209769,12139045806,3,4554,6177,872700156788296,1230715157343651,502260647781981,316236166697932,2.43,12.331,31.938,16.107,25.883,60.561,121.089,292.148
3566,Pittsburgh,PA,40.4157572,-79.9242345,1256617231,4,4554,6177,303623034725298,578809870177159,871344233466795,1079757095880431,3.675,4.333,14.954,3.086,58.848,86.14,229.477,259.021
3567,Pittsburgh,PA,40.4157665,-79.9158327,12147880351,3,4554,6177,4187243154690145,310320750713559,317493976607073,311053337403569,3.673,2.407,2.756,5.798,358.717,55.343,176.992,239.02
3568,Pittsburgh,PA,40.4158041,-79.9211326,12139021737,3,4554,6177,305270671064486,2882366318678668,502260647781981,316236166697932,5.297,6.382,17.971,5.693,27.948,118.301,121.089,292.148
3569,Pittsburgh,PA,40.4158083,-79.9209441,12139045811,4,4554,6177,1179784352492537,180673733930807,502260647781981,316236166697932,2.957,1.332,31.188,15.005,25.429,38.819,121.089,292.148
3570,Pittsburgh,PA,40.4158501,-79.9240695,1256617350,3,4554,6177,342444020633888,578809870177159,871344233466795,815267526069099,12.875,15.124,31.088,6.998,300.323,86.14,229.477,288.598
3571,Pittsburgh,PA,40.4158599,-79.9211015,12139021739,4,4554,6177,305270671064486,2882366318678668,502260647781981,316236166697932,9.17,3.57,16.681,1.163,27.948,118.301,121.089,292.148
3572,Pittsburgh,PA,40.4159145,-79.9243911,8510621427,3,4554,6177,2524695891009664,578809870177159,871344233466795,869533043642097,23.372,25.545,18.752,15.969,315.849,86.14,229.477,265.556
3573,Pittsburgh,PA,40.4160423,-79.91578,1437003736,3,4554,6177,344499337041543,490142498979686,962043814563620,871116396771599,2.11,9.324,2.11,4.832,356.899,79.138,179.368,237.847
3574,Pittsburgh,PA,40.4161102,-79.9155519,7050198014,3,4554,6177,481902636409087,534765564224084,488971722446557,311197537251559,4.442,10.468,16.828,7.506,346.471,73.29,180.577,315.126
3575,Pittsburgh,PA,40.4161427,-79.9253288,11065470846,4,4554,6177,2567939240174068,791876331719664,791876331719664,806435880269190,3.011,6.37,6.37,1.085,346.04,148.045,148.045,309.024
3576,Pittsburgh,PA,40.4161828,-79.9252457,8117699235,3,4554,6177,2567939240174068,791876331719664,791876331719664,806435880269190,8.5,14.605,14.605,7.795,346.04,148.045,148.045,309.024
3577,Pittsburgh,PA,40.4162052,-79.9252651,8117699234,3,4554,6177,2567939240174068,238479904741789,791876331719664,806435880269190,7.904,15.22,15.142,8.618,346.04,146.657,148.045,309.024
3578,Pittsburgh,PA,40.4162398,-79.9157512,104463258,4,4554,6177,325571612284923,800688144206008,2247555378710760,1135776476903771,3.934,2.504,2.688,6.58,0.626,136.306,178.378,268.81
3579,Pittsburgh,PA,40.4163165,-79.9253711,8117699232,3,4554,6177,1743039415878837,2802135523386594,2802135523386594,1743039415878837,7.414,13.403,13.403,7.414,323.826,146.865,146.865,323.826
3580,Pittsburgh,PA,40.4163511,-79.9254386,8510621424,3,4554,6177,924545434781071,343696357179384,343696357179384,924545434781071,5.04,10.979,10.979,5.04,329.377,145.459,145.459,329.377
3581,Pittsburgh,PA,40.4163725,-79.9253921,8510621421,3,4554,6177,924545434781071,343696357179384,343696357179384,924545434781071,8.662,15.578,15.578,8.662,329.377,145.459,145.459,329.377
3582,Pittsburgh,PA,40.4163779,-79.9145868,104652752,3,4554,6177,327357752065790,755561335112646,755561335112646,4433651219998944,3.126,0.643,0.643,6.293,6.15,132.684,132.684,312.931
3583,Pittsburgh,PA,40.4164621,-79.9251978,8510621419,3,4554,6177,924545434781071,343696357179384,343696357179384,924545434781071,27.216,34.808,34.808,27.216,329.377,145.459,145.459,329.377
3584,Pittsburgh,PA,40.4165214,-79.9154901,104939777,3,4554,6177,2996932693920210,176813167685424,272097434599542,502084097648513,2.633,2.13,1.775,1.345,25.355,101.363,214.091,219.421
3585,Pittsburgh,PA,40.4166611,-79.9255359,8510621420,3,4554,6177,557169491932107,288109493032466,178112994213254,166399755324298,12.266,34.421,22.427,20.199,338.328,109.189,176.129,322.922
3586,Pittsburgh,PA,40.4167078,-79.9203634,12139033398,3,4554,6177,222439329644325,141010241296141,2545444099097876,1177651132666693,1.9,5.281,16.192,34.562,31.307,77.843,148.046,253.339
3587,Pittsburgh,PA,40.4167078,-79.9202184,12139033387,3,4554,6177,553720098947881,1184452922000966,2545444099097876,751757602172562,8.392,3.635,24.419,34.355,25.301,94.825,148.046,267.436
3588,Pittsburgh,PA,40.4168009,-79.920612,12139021734,3,4554,6177,316496626663590,171251174937533,1733395676832406,1177651132666693,16.132,17.667,15.678,29.529,23.57,123.86,176.553,253.339
3589,Pittsburgh,PA,40.4168131,-79.9201543,3688284508,3,4554,6177,824228395186185,134903088683708,1733395676832406,751757602172562,2.698,8.865,30.191,23.447,8.124,100.915,176.553,267.436
3590,Pittsburgh,PA,40.4172924,-79.9183796,13479426949,4,4554,6177,232583338669033,263941952143374,181799060479423,839173340016622,14.577,6.156,21.276,17.112,59.521,71.224,239.532,243.046
3591,Pittsburgh,PA,40.4173351,-79.9184568,13479426952,3,4554,6177,3914115565351008,168492458612317,181799060479423,839173340016622,13.191,0.44,18.749,10.544,57.441,69.944,239.532,243.046
3592,Pittsburgh,PA,40.4173629,-79.9179652,13479426907,3,4554,6177,812844629332268,144926927617942,216127986721311,323040755932774,19.925,17.28,28.43,32.389,0.857,56.006,236.064,255.417
3593,Pittsburgh,PA,40.4175599,-79.9179759,13597106133,4,4554,6177,464273457997146,527645648410220,935087807325460,323040755932774,4.809,7.056,10.12,10.467,52.0,90.0,236.595,255.417
3594,Pittsburgh,PA,40.4175834,-79.9179404,3688284522,3,4554,6177,464273457997146,527645648410220,935087807325460,323040755932774,2.395,7.618,11.074,8.658,52.0,90.0,236.595,255.417
3595,Pittsburgh,PA,40.4176258,-79.9179815,12143246840,3,4554,6177,322492745980317,527645648410220,935087807325460,323040755932774,5.334,3.678,6.571,3.124,319.721,90.0,236.595,255.417
3596,Pittsburgh,PA,40.4176556,-79.9178154,3688284524,4,4554,6177,475660327052555,475660327052555,935087807325460,4220130811371775,3.052,3.052,20.906,4.134,46.85,46.85,236.595,314.871
3597,Pittsburgh,PA,40.4176762,-79.9180303,12143246837,4,4554,6177,302727501313670,527645648410220,935087807325460,323040755932774,7.598,7.068,6.169,4.642,324.904,90.0,236.595,255.417
3598,Pittsburgh,PA,40.4177509,-79.9179017,12139033350,4,4554,6177,302727501313670,396560128080083,935087807325460,323040755932774,9.726,6.945,19.308,12.847,324.904,56.875,236.595,255.417
3599,Pittsburgh,PA,40.4178043,-79.9234516,12093279978,4,4554,6177,1930835067074050,470391720947335,771188770261973,3149066335338992,24.059,5.614,17.763,2.228,58.118,82.618,223.357,276.788
3600,Pittsburgh,PA,40.4178162,-79.9233581,12093279917,3,4554,6177,1930835067074050,470391720947335,771188770261973,745704979439717,17.036,8.078,11.026,2.17,58.118,82.618,223.357,241.88
3601,Pittsburgh,PA,40.4180704,-79.9242352,12147237802,3,4554,6177,801564924120072,823268314957160,823268314957160,801564924120072,6.839,8.823,8.823,6.839,305.311,123.6,123.6,305.311
3602,Pittsburgh,PA,40.418091,-79.9161021,7914463982,3,4554,6177,474436410312455,2243987869066514,169138088458017,297051598584232,1.901,31.941,34.503,30.38,0.0,31.089,184.44,210.058
3603,Pittsburgh,PA,40.418114,-79.9160797,12209265787,3,4554,6177,474436410312455,371998294216957,297051598584232,297051598584232,2.576,31.358,29.841,29.841,0.0,32.878,210.058,210.058
3604,Pittsburgh,PA,40.4181372,-79.9243728,12147237801,3,4554,6177,763803744283683,143332441109639,143332441109639,763803744283683,6.672,9.038,9.038,6.672,304.846,121.864,121.864,304.846
3605,Pittsburgh,PA,40.4181983,-79.9241446,12093279882,4,4554,6177,952662502176123,823268314957160,823268314957160,952662502176123,7.684,7.449,7.449,7.684,300.416,123.6,123.6,300.416
3606,Pittsburgh,PA,40.4182557,-79.9242822,12147224395,4,4554,6177,310126270522935,143332441109639,143332441109639,310126270522935,7.972,6.52,6.52,7.972,303.054,121.864,121.864,303.054
3607,Pittsburgh,PA,40.4184776,-79.9363062,12150618989,4,4554,6177,1868106470018400,1868106470018400,304380147805746,304380147805746,4.052,4.052,3.249,3.249,49.771,49.771,225.901,225.901
3608,Pittsburgh,PA,40.4189125,-79.9259697,12093279911,3,4554,6177,326203088931665,491372491984839,491372491984839,891338295056959,9.396,7.649,7.649,9.456,301.651,122.507,122.507,300.243
3609,Pittsburgh,PA,40.4189482,-79.9260421,12093279979,4,4554,6177,891338295056959,491372491984839,6214495088576460,891338295056959,8.442,10.757,10.623,8.442,300.243,122.507,125.152,300.243
3610,Pittsburgh,PA,40.4190646,-79.9270345,12144992472,4,4554,6177,2936445966683550,4519982281349853,569141090719532,2936445966683550,7.078,5.556,2.56,7.078,327.856,149.929,156.137,327.856
3611,Pittsburgh,PA,40.4190741,-79.925973,12093279987,3,4554,6177,227260622080356,6214495088576460,6214495088576460,300896244867573,7.232,8.38,8.38,5.336,301.8,125.152,125.152,297.669
3612,Pittsburgh,PA,40.4190749,-79.9271597,5845066092,3,4554,6177,2936445966683550,897673297459938,4272020336143635,2936445966683550,17.116,14.04,8.556,17.116,327.856,144.874,155.033,327.856
3613,Pittsburgh,PA,40.4190908,-79.9260082,12147224369,3,4554,6177,227260622080356,6214495088576460,6214495088576460,300896244867573,7.141,7.093,7.093,4.443,301.8,125.152,125.152,297.669
3614,Pittsburgh,PA,40.4191469,-79.9261231,12093279885,3,4554,6177,780229652696922,692318181729684,692318181729684,855884151673932,7.232,7.537,7.537,5.326,301.678,121.05,121.05,298.351
3615,Pittsburgh,PA,40.4193953,-79.9272811,5845066090,3,4554,6177,257598956121319,257808939462810,488886405497486,541478150177824,13.735,23.412,7.693,24.547,350.996,106.232,167.307,259.755
3616,Pittsburgh,PA,40.4194006,-79.9272161,12144992473,4,4554,6177,3098380240383135,226711005490532,937189983713348,541478150177824,5.646,13.049,2.287,19.382,333.585,139.31,163.815,259.755
3617,Pittsburgh,PA,40.4195101,-79.9268324,12093279886,4,4554,6177,859553391298661,792523561450441,4184355864918653,660790648077746,9.901,17.491,27.2,10.538,306.387,42.635,175.805,279.781
3618,Pittsburgh,PA,40.4195174,-79.9339152,12144996505,4,4554,6177,323949939120949,490549688923273,950883129057766,383988832826778,1.768,6.232,2.271,7.821,356.044,63.779,178.568,240.204
3619,Pittsburgh,PA,40.4195312,-79.9338794,12144996502,3,4554,6177,323949939120949,490549688923273,950883129057766,383988832826778,3.583,5.395,4.952,7.812,356.044,63.779,178.568,240.204
3620,Pittsburgh,PA,40.4195316,-79.927312,12093279891,3,4554,6177,152068396886786,257808939462810,398111411187459,541478150177824,10.758,8.044,4.48,25.391,345.993,106.232,168.231,259.755
3621,Pittsburgh,PA,40.4195451,-79.9281072,8894172785,3,4554,6177,144193327700061,1188818061564917,216630733326909,476171483718236,22.496,11.595,20.876,31.827,25.799,90.0,158.032,244.673
3622,Pittsburgh,PA,40.4195743,-79.9339156,1769033493,3,4554,6177,323949939120949,490549688923273,950883129057766,383988832826778,4.676,0.406,5.436,2.26,356.044,63.779,178.568,240.204
3623,Pittsburgh,PA,40.4196211,-79.9339549,12150618984,3,4554,6177,323949939120949,308062850879225,2931121010502932,383988832826778,10.244,6.177,1.929,4.205,356.044,88.788,207.059,240.204
3624,Pittsburgh,PA,40.4196236,-79.9280569,12144918755,3,4554,6177,144193327700061,1188818061564917,216630733326909,338278997945784,17.028,2.087,19.208,33.995,25.799,90.0,158.032,267.357
3625,Pittsburgh,PA,40.419627,-79.9280995,12144992483,4,4554,6177,144193327700061,2847772485472152,216630733326909,338278997945784,14.519,1.735,15.75,30.572,25.799,98.123,158.032,267.357
3626,Pittsburgh,PA,40.4196602,-79.9285522,12144992482,4,4554,6177,144193327700061,527679118594341,302118644703879,195904568926640,31.617,4.893,20.694,3.545,25.799,94.678,204.208,265.378
3627,Pittsburgh,PA,40.4196617,-79.9339763,12150618980,3,4554,6177,323949939120949,308062850879225,2931121010502932,5524938327579030,15.091,1.62,6.092,6.546,356.044,88.788,207.059,260.892
3628,Pittsburgh,PA,40.4196814,-79.9270195,12093279887,4,4554,6177,470624520716584,139454498203091,380449979941758,541478150177824,10.113,17.14,14.381,21.552,343.561,60.23,175.172,259.755
3629,Pittsburgh,PA,40.4196922,-79.9290088,12144992481,3,4554,6177,278784130592626,378934023452495,2925696227654407,306278054366807,15.396,5.046,23.812,5.841,350.555,95.455,189.757,272.92
3630,Pittsburgh,PA,40.4196956,-79.929088,12144992489,4,4554,6177,377422886977933,521467245701201,2925696227654407,306278054366807,6.97,7.776,18.766,5.82,17.43,96.155,189.757,272.92
3631,Pittsburgh,PA,40.4196979,-79.9273198,12093279889,4,4554,6177,561292304855028,1096879674139966,2775018176095639,541478150177824,8.321,7.543,1.077,34.655,354.441,91.681,171.39,259.755
3632,Pittsburgh,PA,40.4197002,-79.9291941,12144992488,4,4554,6177,377422886977933,521467245701201,2925696227654407,316843943294306,2.825,6.712,14.338,5.118,17.43,96.155,189.757,275.507
3633,Pittsburgh,PA,40.4197394,-79.9339988,12150618990,3,4554,6177,323949939120949,308062850879225,803064293673984,5524938327579030,23.913,7.518,11.971,3.23,356.044,88.788,144.303,260.892
3634,Pittsburgh,PA,40.4197462,-79.9280346,12144918750,4,4554,6177,144193327700061,276962994122764,244228607479758,338278997945784,13.408,8.576,23.683,32.895,25.799,93.486,174.35,267.357
3635,Pittsburgh,PA,40.4197613,-79.9176005,2173928909,3,4554,6177,736916967004727,320823162735559,2784956851721613,477139526699669,1.513,6.239,1.783,6.722,8.691,43.285,189.685,245.086
3636,Pittsburgh,PA,40.4197746,-79.9283884,12144918754,3,4554,6177,327966215422497,294885645599999,520895848912329,338278997945784,16.609,6.796,7.091,4.097,333.32,93.32,171.666,267.357
3637,Pittsburgh,PA,40.4197965,-79.9290285,12150007881,3,4554,6177,1477186095957678,1151637765336602,2925696227654407,306278054366807,1.309,4.972,17.202,6.801,305.373,91.272,189.757,272.92
3638,Pittsburgh,PA,40.419837,-79.9293151,12150007885,3,4554,6177,377422886977933,2052696308239752,524766621857181,957740694988445,21.077,6.945,8.324,1.296,17.43,95.258,175.582,268.594
3639,Pittsburgh,PA,40.4198653,-79.9291586,12150007882,3,4554,6177,377422886977933,168281781890839,524766621857181,789754148568462,20.221,10.248,5.901,6.198,17.43,93.674,175.582,274.971
3640,Pittsburgh,PA,40.4201515,-79.9163544,12139021671,3,4554,6177,1209723236199273,252319500188067,564027917993571,393227642454314,12.732,3.284,8.774,15.689,0.0,144.724,177.123,227.858
3641,Pittsburgh,PA,40.4201832,-79.9163885,12139021669,3,4554,6177,1209723236199273,577563013356342,564027917993571,393227642454314,8.938,10.774,4.854,12.221,0.0,111.96,177.123,227.858
3642,Pittsburgh,PA,40.4202493,-79.9162583,12139028743,3,4554,6177,1209723236199273,577563013356342,564027917993571,393227642454314,10.876,10.853,11.048,10.536,0.0,111.96,177.123,227.858
3643,Pittsburgh,PA,40.420432,-79.9227227,12093279900,4,4554,6177,3992226110858976,938257633606697,3038122576465109,3038122576465109,8.868,14.119,10.469,10.469,20.286,31.816,210.333,210.333
3644,Pittsburgh,PA,40.4210027,-79.9250013,7221425758,3,4554,6177,2983071558680775,826388021305648,227478382054020,780535865938026,1.664,17.257,4.506,1.036,0.0,87.4,192.001,312.874
3645,Pittsburgh,PA,40.4210273,-79.9261002,12147224372,4,4554,6177,175515081144899,1013612329042755,475156710259242,1107788219710048,25.455,27.745,26.514,26.514,351.657,105.695,190.74,281.381
3646,Pittsburgh,PA,40.4210414,-79.9150376,12139028736,3,4554,6177,579849306568271,613195066369512,648375969849262,648375969849262,12.673,19.294,10.065,10.065,0.0,42.22,239.148,239.148
3647,Pittsburgh,PA,40.4210945,-79.9148939,12139028715,4,4554,6177,579849306568271,613195066369512,648375969849262,577902110146152,5.644,9.822,15.056,10.187,0.0,42.22,239.148,249.361
3648,Pittsburgh,PA,40.4211537,-79.9250128,105085078,3,4554,6177,120154826784095,826388021305648,227478382054020,178864580787165,13.368,22.389,20.489,21.66,0.0,87.4,192.001,288.113
3649,Pittsburgh,PA,40.4211845,-79.9149794,12139021654,3,4554,6177,579849306568271,613195066369512,648375969849262,577902110146152,6.887,6.316,9.543,3.207,0.0,42.22,239.148,249.361
3650,Pittsburgh,PA,40.4219828,-79.9289358,12144918730,4,4554,6177,473428610628525,321751882683641,1390058334699798,360680815389411,9.171,27.527,5.345,10.063,353.935,120.579,181.964,259.737
3651,Pittsburgh,PA,40.4220121,-79.9287575,12144918722,4,4554,6177,473428610628525,321751882683641,1632658910278376,360680815389411,6.287,24.161,9.032,23.509,353.935,120.579,180.684,259.737
3652,Pittsburgh,PA,40.4221076,-79.9290192,3151986871,3,4554,6177,2964665590510334,321751882683641,162678102380941,360680815389411,15.863,19.533,10.459,22.574,354.926,120.579,176.823,259.737
3653,Pittsburgh,PA,40.4221087,-79.9289449,12150007860,4,4554,6177,2964665590510334,321751882683641,485372832668863,360680815389411,9.859,15.131,3.751,23.047,354.926,120.579,173.994,259.737
3654,Pittsburgh,PA,40.4229818,-79.9276908,12141199244,4,4554,6177,3990741467682452,3174229476138047,828334984556916,218402306428274,6.605,8.502,5.701,20.679,13.195,89.546,191.727,237.045
3655,Pittsburgh,PA,40.423052,-79.9280679,12144918738,4,4554,6177,897784150781938,521282028877992,185261270130496,218402306428274,13.726,5.355,8.48,12.279,0.0,102.048,172.303,237.045
3656,Pittsburgh,PA,40.4230911,-79.9276564,12141199245,4,4554,6177,949375919160003,3174229476138047,2968924190055244,218402306428274,6.393,4.027,5.408,23.474,12.424,89.546,193.457,237.045
3657,Pittsburgh,PA,40.4231476,-79.9285816,12141199260,4,4554,6177,310265133840436,290807256098044,180657340503418,924333211695519,5.974,8.153,8.116,11.988,23.922,87.164,195.889,257.375
3658,Pittsburgh,PA,40.4231786,-79.9287629,12141199261,4,4554,6177,310265133840436,290807256098044,163990595668485,818929845377806,11.068,21.578,5.174,4.674,23.922,87.164,193.926,268.13
3659,Pittsburgh,PA,40.4231892,-79.9281966,12141199259,4,4554,6177,897784150781938,193556182503952,185261270130496,218402306428274,31.838,7.503,12.371,28.63,0.0,110.423,172.303,237.045
3660,Pittsburgh,PA,40.4232526,-79.9285458,12141199256,4,4554,6177,767856047170299,290807256098044,134674648706163,924333211695519,10.591,7.045,8.259,11.286,40.369,87.164,194.379,257.375
3661,Pittsburgh,PA,40.4232872,-79.9287229,12141199262,4,4554,6177,310265133840436,290807256098044,314044050290244,818929845377806,18.535,20.765,4.332,7.944,23.922,87.164,191.171,268.13
3662,Pittsburgh,PA,40.423313,-79.9283975,10596135072,3,4554,6177,463671544738609,2064301153712936,504496543922616,924333211695519,29.623,14.201,16.909,25.325,353.224,97.693,176.687,257.375
3663,Pittsburgh,PA,40.4233357,-79.9285196,12141199268,4,4554,6177,463671544738609,1420609128289080,504496543922616,924333211695519,26.409,2.078,6.293,17.774,353.224,130.765,176.687,257.375
3664,Pittsburgh,PA,40.4233463,-79.9295435,12150007850,4,4554,6177,294889452270557,374337497304585,834167207213860,2214599262008520,25.534,18.733,24.165,5.352,10.957,105.098,130.139,287.579
3665,Pittsburgh,PA,40.4234018,-79.9296705,12150007838,4,4554,6177,764647374209604,374337497304585,834167207213860,2251812498283682,8.896,9.335,13.842,3.89,305.937,105.098,130.139,297.904
3666,Pittsburgh,PA,40.4234617,-79.9295222,12147146099,4,4554,6177,294889452270557,374337497304585,834167207213860,2214599262008520,13.069,12.604,17.323,7.773,10.957,105.098,130.139,287.579
3667,Pittsburgh,PA,40.4235105,-79.9284645,12141199271,4,4554,6177,463671544738609,1420609128289080,509390070418563,3007571186196765,6.945,20.663,4.768,16.103,353.224,130.765,192.711,216.82
3668,Pittsburgh,PA,40.4235153,-79.929639,12150007832,4,4554,6177,294889452270557,374337497304585,834167207213860,2251812498283682,9.442,4.089,6.116,9.647,10.957,105.098,130.139,297.904
3669,Pittsburgh,PA,40.4240795,-79.9312631,12150007837,3,4554,6177,166828895279196,4278054735560310,800409097256513,524672588704064,6.278,6.808,15.744,5.56,305.86,119.739,122.083,295.781
3670,Pittsburgh,PA,40.4241146,-79.931357,12150007836,3,4554,6177,166828895279196,800409097256513,800409097256513,524672588704064,15.054,9.135,9.135,4.522,305.86,122.083,122.083,295.781
3671,Pittsburgh,PA,40.4242522,-79.9324366,12150007843,4,4554,6177,382273573038246,307997407619445,1095578644185604,116305413848738,33.91,32.903,34.632,34.578,303.326,111.365,153.377,289.315
3672,Pittsburgh,PA,40.4243019,-79.9325592,12150392198,4,4554,6177,382273573038246,307997407619445,1095578644185604,382273573038246,34.24,33.251,33.562,34.24,303.326,111.365,153.377,303.326
3673,Pittsburgh,PA,40.4245108,-79.9322748,12150007835,4,4554,6177,382273573038246,307997407619445,1095578644185604,116305413848738,3.903,3.544,7.73,6.871,303.326,111.365,153.377,289.315
3674,Pittsburgh,PA,40.4245657,-79.9324009,12150392179,4,4554,6177,214712050203648,307997407619445,1095578644185604,214712050203648,2.98,8.827,4.898,2.98,310.213,111.365,153.377,310.213
3675,Pittsburgh,PA,40.4246115,-79.9322156,12150007834,3,4554,6177,382273573038246,307997407619445,119629906838061,116305413848738,10.837,11.818,7.28,12.244,303.326,111.365,221.783,289.315
3676,Pittsburgh,PA,40.4246319,-79.9322673,12150392182,4,4554,6177,214712050203648,307997407619445,119629906838061,119629906838061,11.918,11.694,2.502,2.502,310.213,111.365,221.783,221.783
3677,Pittsburgh,PA,40.4246617,-79.9323429,12150392178,3,4554,6177,214712050203648,307997407619445,119629906838061,119629906838061,9.014,14.829,5.038,5.038,310.213,111.365,221.783,221.783
3678,Pittsburgh,PA,40.4252307,-79.9318233,12150007831,3,4554,6177,776164849709525,913801869418548,935324983972697,776164849709525,5.937,15.578,7.532,5.937,304.003,142.403,197.318,304.003
3679,Pittsburgh,PA,40.4252541,-79.9318773,12150008720,4,4554,6177,776164849709525,913801869418548,935324983972697,1636806576519465,7.711,11.353,2.92,7.253,304.003,142.403,197.318,300.509
3680,Pittsburgh,PA,40.4252668,-79.9238136,8007927911,4,4554,6177,309849570758829,1346775172363763,4039567366139522,346123506873309,3.783,12.166,24.607,17.526,0.061,84.44,212.658,287.219
3681,Pittsburgh,PA,40.4252754,-79.9239645,8007927909,4,4554,6177,309849570758829,1346775172363763,4039567366139522,4039567366139522,9.029,3.328,11.953,11.953,0.061,84.44,212.658,212.658
3682,Pittsburgh,PA,40.4252807,-79.9319386,12150008711,3,4554,6177,1636806576519465,471995944131971,864550134192095,1636806576519465,6.7,12.2,4.746,6.7,300.509,122.346,170.186,300.509
3683,Pittsburgh,PA,40.4253325,-79.9317682,12150007825,3,4554,6177,776164849709525,913801869418548,864550134192095,258852399323976,6.336,12.647,11.349,5.739,304.003,142.403,170.186,300.5
3684,Pittsburgh,PA,40.4253519,-79.9318145,12150008719,4,4554,6177,258852399323976,471995944131971,864550134192095,258852399323976,3.61,13.276,8.489,3.61,300.5,122.346,170.186,300.5
3685,Pittsburgh,PA,40.42538,-79.9318817,12150008712,3,4554,6177,1636806576519465,471995944131971,864550134192095,957863635031872,6.755,7.007,7.799,4.565,300.509,122.346,170.186,298.293
3686,Pittsburgh,PA,40.4253931,-79.9237555,8007927913,3,4554,6177,469651990976618,326368712215048,4039567366139522,346123506873309,7.318,10.589,30.645,7.886,8.053,78.013,212.658,287.219
3687,Pittsburgh,PA,40.4254017,-79.9239429,8007927917,4,4554,6177,469651990976618,878926712654921,4039567366139522,346123506873309,8.602,3.982,16.921,23.696,8.053,80.933,212.658,287.219
3688,Pittsburgh,PA,40.4254069,-79.9237686,8007927915,3,4554,6177,469651990976618,186150330091359,4039567366139522,346123506873309,6.403,3.605,30.125,9.404,8.053,56.203,212.658,287.219
3689,Pittsburgh,PA,40.4256685,-79.9357026,12147267716,3,4554,6177,523166002043598,1363635897370234,1222736094811307,456563982303990,19.258,9.38,8.332,7.391,345.04,97.711,174.063,267.99
3690,Pittsburgh,PA,40.4257786,-79.9357362,12147267713,3,4554,6177,523166002043598,824244154964207,326956135510239,456563982303990,9.447,2.939,6.338,7.294,345.04,112.885,148.163,267.99
3691,Pittsburgh,PA,40.4258233,-79.9357426,12147267712,3,4554,6177,523166002043598,824244154964207,347852200027492,456563982303990,8.662,7.934,7.675,11.64,345.04,112.885,168.148,267.99
3692,Pittsburgh,PA,40.4258637,-79.9196787,12093279834,3,4554,6177,794471941196052,1374962366209392,296535348608008,306992574332900,9.918,34.281,9.619,20.172,20.286,73.786,198.255,214.297
3693,Pittsburgh,PA,40.4262595,-79.9277474,8008089278,3,4554,6177,204957001462858,1016023818931231,201555191786126,1246253669122909,10.723,33.28,4.992,7.324,27.95,40.544,203.313,255.409
3694,Pittsburgh,PA,40.4262729,-79.9363869,12150398163,4,4554,6177,1996345190504957,1996345190504957,3050304925256442,3050304925256442,5.592,5.592,7.755,7.755,57.204,57.204,238.976,238.976
3695,Pittsburgh,PA,40.4262795,-79.9275155,12216862103,3,4554,6177,204957001462858,1016023818931231,790899584877617,1246253669122909,10.261,19.312,9.979,14.951,27.95,40.544,211.517,255.409
3696,Pittsburgh,PA,40.4263511,-79.927677,6165027345,4,4554,6177,204957001462858,1016023818931231,198605618646911,1246253669122909,13.341,22.774,4.76,4.934,27.95,40.544,208.981,255.409
3697,Pittsburgh,PA,40.4264981,-79.9272782,6165027338,3,4554,6177,1427922114252615,1427922114252615,378938630097504,378938630097504,8.785,8.785,7.314,7.314,42.627,42.627,221.365,221.365
3698,Pittsburgh,PA,40.4265765,-79.9285305,12147244204,3,4554,6177,969556230530819,221312312781323,319074279838588,456762458956270,9.233,15.094,4.703,8.182,303.274,126.748,184.163,299.284
3699,Pittsburgh,PA,40.4266055,-79.9193738,12093279832,3,4554,6177,327862065441581,956816008470083,322542546105139,1127293801108959,19.048,34.516,6.525,26.622,22.443,56.192,192.836,290.809
3700,Pittsburgh,PA,40.4266448,-79.9286478,12147244219,3,4554,6177,969556230530819,891743388040153,319074279838588,388384702339130,17.833,7.967,7.864,6.214,303.274,117.982,184.163,290.79
3701,Pittsburgh,PA,40.4266554,-79.9270624,7221425781,3,4554,6177,261171739087108,181883420380285,181883420380285,291594922595828,7.547,5.25,5.25,9.823,43.229,133.394,133.394,220.984
3702,Pittsburgh,PA,40.4266861,-79.9191335,12093279830,4,4554,6177,531741514490095,376086733757798,506516767208684,1127293801108959,3.542,34.876,10.283,8.036,343.11,71.628,203.712,290.809
3703,Pittsburgh,PA,40.4273052,-79.9263471,6165027348,3,4554,6177,944062936355237,944062936355237,820102505553815,945593832842348,7.581,7.581,9.145,8.002,41.548,41.548,218.773,224.455
3704,Pittsburgh,PA,40.4274031,-79.9262416,6165027347,4,4554,6177,944062936355237,944062936355237,323393615803951,323393615803951,9.525,9.525,6.869,6.869,41.548,41.548,222.221,222.221
3705,Pittsburgh,PA,40.4275145,-79.9263642,12215306869,3,4554,6177,495920301748286,944062936355237,1112295142601694,508668443497574,14.161,15.758,2.295,2.389,33.527,41.548,219.908,223.552
3706,Pittsburgh,PA,40.4276921,-79.9272937,4229296699,3,4554,6177,308680964132112,800889704198586,750081618998386,554376965548806,13.508,10.696,20.633,20.141,57.934,61.651,238.618,241.951
3707,Pittsburgh,PA,40.4277943,-79.9273865,8008060218,4,4554,6177,308680964132112,308680964132112,2904313036475786,554376965548806,1.318,1.318,7.379,6.519,57.934,57.934,238.637,241.951
3708,Pittsburgh,PA,40.4278298,-79.9160414,12093279745,3,4554,6177,1094154914328864,703293030416983,925734328240892,123214896472347,12.56,10.999,7.035,12.774,312.827,99.985,201.557,271.423
3709,Pittsburgh,PA,40.4278548,-79.9253994,8008059276,3,4554,6177,1118663961935736,485743329144632,488074668924905,1431741563837302,19.104,9.76,27.798,8.101,46.378,100.163,201.058,249.572
3710,Pittsburgh,PA,40.4278564,-79.9160116,12093279747,3,4554,6177,1094154914328864,703293030416983,925734328240892,123214896472347,9.411,7.613,6.357,8.919,312.827,99.985,201.557,271.423
3711,Pittsburgh,PA,40.4278739,-79.9162377,12093279734,4,4554,6177,2915001662112790,916231725898561,1376895676002385,967865990653727,23.191,8.826,13.737,11.507,350.507,95.174,194.698,222.125
3712,Pittsburgh,PA,40.4279167,-79.924727,12099603701,3,4554,6177,1891242587702152,1067607676978342,1622219661322656,4835439749812993,33.183,25.031,24.171,5.764,45.092,100.727,220.258,288.619
3713,Pittsburgh,PA,40.4279391,-79.9145808,12139021577,4,4554,6177,166459241982010,1218659571904645,956684808496393,610466697015569,8.447,5.163,26.519,12.164,305.44,86.963,192.957,273.061
3714,Pittsburgh,PA,40.4279524,-79.9248564,12099603704,3,4554,6177,469256277715084,1067607676978342,1622219661322656,465438534521098,24.118,25.822,15.298,4.927,340.55,100.727,220.258,289.74
3715,Pittsburgh,PA,40.4279687,-79.915978,10172475876,4,4554,6177,2915001662112790,703293030416983,925734328240892,123214896472347,10.326,5.388,12.13,5.232,350.507,99.985,201.557,271.423
3716,Pittsburgh,PA,40.4280055,-79.9161882,12540865794,4,4554,6177,2915001662112790,916231725898561,925734328240892,123214896472347,11.046,7.309,16.247,21.593,350.507,95.174,201.557,271.423
3717,Pittsburgh,PA,40.4280311,-79.9250324,8008059277,4,4554,6177,469256277715084,294083122397549,917295699113076,1240439913020546,8.417,10.493,5.54,6.963,340.55,61.829,234.269,251.454
3718,Pittsburgh,PA,40.4280672,-79.9146626,12139021524,3,4554,6177,166459241982010,1974690429353944,571792557133443,180894923920348,21.12,6.687,14.512,3.286,305.44,86.304,190.992,268.126
3719,Pittsburgh,PA,40.4281206,-79.9341221,8007927975,4,4554,6177,549095423131626,797573781187809,138081671593883,913768979445910,25.191,6.686,22.138,0.96,40.686,69.963,217.387,260.255
3720,Pittsburgh,PA,40.4281281,-79.9251509,8008060196,3,4554,6177,303886731276634,294083122397549,846116356335852,503223110871538,7.043,11.279,2.796,3.534,37.558,61.829,235.709,242.809
3721,Pittsburgh,PA,40.428482,-79.9257403,8008060211,4,4554,6177,338511100947135,4213897615357904,310638730590810,310638730590810,9.479,7.269,7.403,7.403,48.198,62.8,239.94,239.94
3722,Pittsburgh,PA,40.4285975,-79.9239762,12150423602,3,4554,6177,1292823324448961,1292823324448961,196395342208285,196395342208285,24.609,24.609,25.817,25.817,45.409,45.409,222.007,222.007
3723,Pittsburgh,PA,40.4290944,-79.9211633,12095975174,4,4554,6177,2853704691613064,281187727044452,139552554831133,993447298060034,5.021,5.021,12.942,13.011,41.785,70.382,213.058,255.433
3724,Pittsburgh,PA,40.4291268,-79.9243583,8008060207,4,4554,6177,488011282636825,187861093207109,585827209050556,814432535831162,12.404,5.301,9.611,6.896,0.0,66.728,238.255,240.886
3725,Pittsburgh,PA,40.4291439,-79.9213435,12095975210,4,4554,6177,904294130137032,503330574138298,139552554831133,278256457241424,5.117,7.304,13.825,7.273,34.306,101.484,213.058,282.516
3726,Pittsburgh,PA,40.4292112,-79.9210288,12092540300,4,4554,6177,225906555592336,214447360231280,3053056145014334,287376316426942,5.944,6.869,11.932,14.874,32.793,102.146,209.426,245.479
3727,Pittsburgh,PA,40.4292458,-79.9275443,12143076743,3,4554,6177,514784466375273,580439476270039,1418579238494265,813759099516658,18.11,18.104,13.85,22.401,350.623,104.969,176.964,274.853
3728,Pittsburgh,PA,40.4292558,-79.9212245,12092540299,4,4554,6177,459656818434034,214713830206631,472519160664923,760670214632975,4.336,7.93,3.919,5.887,42.791,84.868,211.998,267.966
3729,Pittsburgh,PA,40.4293467,-79.9273417,12143076661,3,4554,6177,514784466375273,580439476270039,1418579238494265,813759099516658,7.507,7.856,10.293,6.313,350.623,104.969,176.964,274.853
3730,Pittsburgh,PA,40.4293511,-79.9215874,12115816943,3,4554,6177,134597768621757,377089073740428,791459005067439,504639367557063,14.525,7.513,31.515,5.649,301.429,107.267,233.396,295.39
3731,Pittsburgh,PA,40.4293758,-79.9275269,12143076744,4,4554,6177,514784466375273,580439476270039,1418579238494265,2274379856029769,9.051,19.711,5.938,14.468,350.623,104.969,176.964,297.513
3732,Pittsburgh,PA,40.4294074,-79.9215949,12115816944,3,4554,6177,134597768621757,296001288776822,791459005067439,504639367557063,17.082,12.814,34.606,11.939,301.429,109.68,233.396,295.39
3733,Pittsburgh,PA,40.4294491,-79.9236856,7983068476,3,4554,6177,138913591559701,918870398962983,137448105090467,181864110482911,2.517,9.857,4.953,3.962,5.801,60.548,188.817,243.313
3734,Pittsburgh,PA,40.4295452,-79.9206826,12095975281,3,4554,6177,2936331189989983,289970693304871,382572499668286,485030982736151,6.407,13.516,10.055,6.945,37.761,74.213,214.087,229.097
3735,Pittsburgh,PA,40.4295515,-79.9209057,12117542780,3,4554,6177,966043120804054,817910748829665,159807289425693,159807289425693,6.54,5.775,4.977,4.977,37.355,42.672,224.523,224.523
3736,Pittsburgh,PA,40.4295871,-79.9234322,7983068477,3,4554,6177,3859753160808997,475306637020044,2296703373796957,876877906376253,11.068,12.882,3.3,15.84,0.0,95.138,187.94,268.261
3737,Pittsburgh,PA,40.429618,-79.9233772,7983068478,3,4554,6177,3859753160808997,475306637020044,2296703373796957,876877906376253,15.276,8.34,7.204,13.31,0.0,95.138,187.94,268.261
3738,Pittsburgh,PA,40.4296354,-79.9208152,12095975280,4,4554,6177,1098606120662123,1098606120662123,305638614470979,485030982736151,5.587,5.587,6.471,8.286,43.062,43.062,221.332,229.097
3739,Pittsburgh,PA,40.4296427,-79.9237424,7983087986,3,4554,6177,3859753160808997,3998836453571638,460772578546307,377414596928429,15.934,11.003,1.707,4.028,0.0,79.785,201.046,238.311
3740,Pittsburgh,PA,40.4297735,-79.9233599,4957732454,3,4554,6177,334864434720607,475306637020044,287020816480289,202341115050058,19.287,9.014,6.728,2.136,0.0,95.138,186.574,275.602
3741,Pittsburgh,PA,40.4297861,-79.9200115,6276858183,3,4554,6177,463808051371921,463808051371921,184550696770252,184550696770252,32.606,32.606,33.79,33.79,40.582,40.582,219.356,219.356
3742,Pittsburgh,PA,40.4298014,-79.9232563,12092540292,4,4554,6177,402743430699537,475306637020044,160425752690865,512220129808720,23.032,15.436,3.921,5.181,0.0,95.138,191.002,280.2
3743,Pittsburgh,PA,40.4298253,-79.9233546,7983068479,3,4554,6177,119803113484989,475306637020044,287020816480289,202341115050058,13.985,14.791,7.543,4.956,4.639,95.138,186.574,275.602
3744,Pittsburgh,PA,40.4298414,-79.920236,12138867129,3,4554,6177,463808051371921,463808051371921,958987538264480,184550696770252,13.765,13.765,15.969,14.708,40.582,40.582,203.663,219.356
3745,Pittsburgh,PA,40.4298452,-79.9235837,7983068482,4,4554,6177,119803113484989,491640715380927,186789963299343,4442096032470053,13.403,13.784,2.673,7.599,4.639,112.144,179.076,270.0
3746,Pittsburgh,PA,40.4298493,-79.9233817,7983068481,3,4554,6177,119803113484989,475306637020044,585650009000552,619044422346608,10.466,17.431,6.672,4.109,4.639,95.138,185.255,281.795
3747,Pittsburgh,PA,40.429863,-79.9203362,12138867127,3,4554,6177,301407318092528,301407318092528,958987538264480,4311320758918536,6.089,6.089,8.067,8.543,41.385,41.385,203.663,224.019
3748,Pittsburgh,PA,40.4298892,-79.9232458,2791788710,4,4554,6177,402743430699537,222135452683167,585650009000552,202341115050058,19.006,19.597,12.072,14.175,0.0,91.051,185.255,275.602
3749,Pittsburgh,PA,40.4298994,-79.9202965,12095975279,3,4554,6177,463808051371921,463808051371921,958987538264480,184550696770252,5.565,5.565,8.499,6.622,40.582,40.582,203.663,219.356
3750,Pittsburgh,PA,40.4299185,-79.9233814,12091123946,4,4554,6177,402743430699537,222135452683167,585650009000552,495260431623706,7.077,10.996,1.103,4.878,0.0,91.051,185.255,261.145
3751,Pittsburgh,PA,40.429993,-79.9204296,12095975278,4,4554,6177,142674511224340,142674511224340,958987538264480,159781039491504,4.342,4.342,8.548,7.219,39.583,39.583,203.663,222.213
3752,Pittsburgh,PA,40.4300764,-79.9203397,12117542789,3,4554,6177,2801626433484643,2801626433484643,496805591634423,3017061071867403,4.791,4.791,7.518,6.662,40.615,40.615,220.337,224.332
3753,Pittsburgh,PA,40.4301082,-79.9232236,4083307895,3,4554,6177,402743430699537,222135452683167,2877855862478796,282359870258193,27.623,18.672,15.561,20.278,0.0,91.051,179.534,288.894
3754,Pittsburgh,PA,40.4301222,-79.9233536,12091123949,4,4554,6177,402743430699537,222135452683167,2877855862478796,282359870258193,22.432,12.722,4.777,10.594,0.0,91.051,179.534,288.894
3755,Pittsburgh,PA,40.4301982,-79.9233404,12091123952,4,4554,6177,141790787968527,222135452683167,304086234498256,282359870258193,19.692,21.105,6.346,7.952,0.0,91.051,185.649,288.894
3756,Pittsburgh,PA,40.419172,-79.900817,12161268738,3,4555,6177,242410171011935,532417017775125,4143378545745167,179721480723912,6.482,1.241,30.209,10.415,0.0,114.509,208.815,275.093
3757,Pittsburgh,PA,40.4192297,-79.9009311,12161268737,3,4555,6177,242410171011935,771126846921972,4143378545745167,179721480723912,9.586,6.833,31.783,2.516,0.0,118.953,208.815,275.093
3758,Pittsburgh,PA,40.4195196,-79.8935776,13135094181,3,4555,6177,1048451899274982,1048451899274982,256587389489790,256587389489790,20.942,20.942,33.634,33.634,45.285,45.285,226.065,226.065
3759,Pittsburgh,PA,40.4195599,-79.8934335,13135094164,3,4555,6177,1048451899274982,1048451899274982,256587389489790,256587389489790,25.355,25.355,34.515,34.515,45.285,45.285,226.065,226.065
3760,Pittsburgh,PA,40.419576,-79.8942751,3637805520,3,4555,6177,2967145780233423,324485306016684,2872576533070767,893235344559802,15.612,8.33,11.765,19.442,7.911,93.273,227.075,260.948
3761,Pittsburgh,PA,40.4195911,-79.8934197,13135094161,3,4555,6177,367668678113476,1048451899274982,256587389489790,256587389489790,32.284,24.553,32.475,32.475,352.779,45.285,226.065,226.065
3762,Pittsburgh,PA,40.4196066,-79.9139986,104970081,3,4555,6177,834187400560607,152918843468347,222621172630167,3018511865099337,4.26,4.246,8.224,3.616,58.575,73.733,229.461,249.46
3763,Pittsburgh,PA,40.419624,-79.9140166,3460637262,3,4555,6177,834187400560607,152918843468347,222621172630167,3018511865099337,2.612,4.159,9.304,6.078,58.575,73.733,229.461,249.46
3764,Pittsburgh,PA,40.4196246,-79.9123798,4423065012,3,4555,6177,1297669873962148,466917581258371,3567336206825460,176414224285496,34.558,7.766,31.639,4.897,303.837,78.646,121.715,288.232
3765,Pittsburgh,PA,40.4196268,-79.9017828,12161268717,4,4555,6177,320932789474368,167161648691377,167161648691377,3497288757040005,19.758,0.71,0.71,9.583,0.0,148.158,148.158,294.222
3766,Pittsburgh,PA,40.419634,-79.9137233,7914414472,3,4555,6177,1252875425167043,540853633707621,222621172630167,810522229670029,6.434,5.665,29.534,3.748,19.605,78.012,229.461,268.885
3767,Pittsburgh,PA,40.419741,-79.8935241,13135094180,4,4555,6177,367668678113476,1048451899274982,256587389489790,256587389489790,19.796,14.118,14.594,14.594,352.779,45.285,226.065,226.065
3768,Pittsburgh,PA,40.41981,-79.893605,13135094160,3,4555,6177,367668678113476,1048451899274982,256587389489790,256587389489790,20.764,14.519,5.279,5.279,352.779,45.285,226.065,226.065
3769,Pittsburgh,PA,40.4198503,-79.8975719,12158760630,4,4555,6177,157502143047879,3924937344210523,219599419731389,214543597147034,32.26,12.084,4.585,15.636,306.673,116.512,205.884,260.981
3770,Pittsburgh,PA,40.4199101,-79.8977025,12158760629,4,4555,6177,157502143047879,3924937344210523,219599419731389,214543597147034,20.324,7.417,8.535,12.781,306.673,116.512,205.884,260.981
3771,Pittsburgh,PA,40.4199546,-79.8974928,12158760631,4,4555,6177,157502143047879,3924937344210523,160779922648693,214543597147034,30.761,11.75,7.438,9.413,306.673,116.512,227.404,260.981
3772,Pittsburgh,PA,40.420015,-79.8976211,12158760628,4,4555,6177,157502143047879,3924937344210523,160779922648693,214543597147034,18.184,7.382,8.673,3.619,306.673,116.512,227.404,260.981
3773,Pittsburgh,PA,40.4201306,-79.9112131,3952906634,3,4555,6177,500559007654957,500559007654957,395800014838671,395800014838671,7.191,7.191,0.22,0.22,37.248,37.248,220.114,220.114
3774,Pittsburgh,PA,40.4201634,-79.9110111,3952906633,3,4555,6177,128091652631141,881967245685696,490351952208699,220010329599704,18.575,17.794,11.911,12.055,38.419,41.866,199.1,211.572
3775,Pittsburgh,PA,40.4202002,-79.8935773,3685000737,3,4555,6177,163465425787621,4360748000602937,228531678683737,779418616055464,11.47,34.657,14.093,30.04,5.698,54.411,175.72,232.726
3776,Pittsburgh,PA,40.420209,-79.8936332,3685000736,4,4555,6177,163465425787621,4360748000602937,228531678683737,779418616055464,8.563,31.779,15.79,28.053,5.698,54.411,175.72,232.726
3777,Pittsburgh,PA,40.4202743,-79.9110895,3952906636,3,4555,6177,901355870596683,881967245685696,1645798742277241,1645798742277241,6.097,6.468,1.32,1.32,32.71,41.866,213.567,213.567
3778,Pittsburgh,PA,40.4203072,-79.89856,12158760608,4,4555,6177,387085229233536,159460912811939,159460912811939,924963865020576,9.041,8.664,8.664,10.393,47.704,122.261,122.261,302.004
3779,Pittsburgh,PA,40.4203556,-79.9013788,12158667192,3,4555,6177,961713281326503,167552558660262,308943807524501,225202885741454,30.206,8.387,2.524,33.818,30.982,102.379,202.673,214.534
3780,Pittsburgh,PA,40.420361,-79.8986844,12158760606,3,4555,6177,387085229233536,159460912811939,159460912811939,126348729469669,6.47,6.202,6.202,10.735,47.704,122.261,122.261,302.253
3781,Pittsburgh,PA,40.420407,-79.8984748,12158760607,4,4555,6177,924963865020576,159460912811939,159460912811939,924963865020576,4.99,12.275,12.275,4.99,302.004,122.261,122.261,302.004
3782,Pittsburgh,PA,40.4204765,-79.898607,12158760605,4,4555,6177,126348729469669,159460912811939,159460912811939,126348729469669,3.943,11.43,11.43,3.943,302.253,122.261,122.261,302.253
3783,Pittsburgh,PA,40.4207642,-79.899543,12158760572,4,4555,6177,1565103540547830,502636320782625,760065931346842,1565103540547830,11.608,15.531,16.201,11.608,302.352,117.574,212.157,302.352
3784,Pittsburgh,PA,40.4208188,-79.8996646,12158760573,4,4555,6177,1565103540547830,502636320782625,760065931346842,2848948028700519,20.939,27.16,15.833,10.313,302.352,117.574,212.157,298.294
3785,Pittsburgh,PA,40.4208695,-79.8994563,12158760571,4,4555,6177,1565103540547830,502636320782625,760065931346842,1565103540547830,7.706,17.047,6.921,7.706,302.352,117.574,212.157,302.352
3786,Pittsburgh,PA,40.420925,-79.8995773,12158760570,4,4555,6177,1565103540547830,502636320782625,760065931346842,2848948028700519,18.852,27.938,5.199,4.99,302.352,117.574,212.157,298.294
3787,Pittsburgh,PA,40.4211195,-79.9000072,12158760578,4,4555,6177,824324318197760,825262831731813,825262831731813,824324318197760,3.153,8.312,8.312,3.153,304.746,123.017,123.017,304.746
3788,Pittsburgh,PA,40.4212209,-79.9005305,12158760551,4,4555,6177,338772057675638,338772057675638,205380398072370,176106111102966,6.541,6.541,7.08,8.128,55.587,55.587,214.003,266.461
3789,Pittsburgh,PA,40.4212901,-79.9006423,12158760550,4,4555,6177,338772057675638,316085599917147,205380398072370,176106111102966,5.67,7.651,9.226,9.366,55.587,100.804,214.003,266.461
3790,Pittsburgh,PA,40.421325,-79.9004394,12158760552,4,4555,6177,948453252598471,818214712234798,205380398072370,318079639697550,11.951,6.547,9.153,7.981,28.864,72.169,214.003,299.962
3791,Pittsburgh,PA,40.4213825,-79.9005609,12158760549,4,4555,6177,948453252598471,316085599917147,205380398072370,507976950394085,13.046,5.14,11.137,6.595,28.864,100.804,214.003,304.344
3792,Pittsburgh,PA,40.4214977,-79.9010817,12158667189,4,4555,6177,1480676578945435,1842886129212093,1842886129212093,1480676578945435,9.061,6.438,6.438,9.061,308.819,126.415,126.415,308.819
3793,Pittsburgh,PA,40.4215276,-79.9135455,12139028721,4,4555,6177,1041574133343288,430425265156129,631226131617652,284622490183907,14.227,9.816,18.006,10.884,0.0,64.074,236.268,246.802
3794,Pittsburgh,PA,40.4222338,-79.8955754,12161295419,4,4555,6177,1481566632181371,798795790826233,394964101700404,319063349712990,31.758,15.567,5.72,25.069,328.059,106.563,155.928,293.176
3795,Pittsburgh,PA,40.4224274,-79.8957751,12161295416,4,4555,6177,1481566632181371,770336910513767,2563780187262876,1481566632181371,16.92,15.059,8.234,16.92,328.059,117.056,184.63,328.059
3796,Pittsburgh,PA,40.4224576,-79.8957807,12161295413,3,4555,6177,227529262225334,902158047182567,2563780187262876,1481566632181371,20.233,8.512,6.113,15.592,349.438,145.383,184.63,328.059
3797,Pittsburgh,PA,40.4224653,-79.8957031,104365092,3,4555,6177,1481566632181371,770336910513767,2563780187262876,1481566632181371,9.516,11.774,3.095,9.516,328.059,117.056,184.63,328.059
3798,Pittsburgh,PA,40.4224731,-79.8956239,12161295414,4,4555,6177,1481566632181371,770336910513767,2563780187262876,319063349712990,5.042,9.26,8.47,13.451,328.059,117.056,184.63,293.176
3799,Pittsburgh,PA,40.422833,-79.9120979,12143246937,3,4555,6177,374552607733463,200688735221844,1052271382215019,1054390631987421,6.037,13.238,34.032,18.616,0.0,57.739,216.74,301.917
3800,Pittsburgh,PA,40.4229849,-79.9118272,12143246930,3,4555,6177,960831858014514,503114207505815,1067822887319701,442824897461932,7.852,6.806,7.638,5.76,6.505,59.291,174.78,258.782
3801,Pittsburgh,PA,40.4230183,-79.9113983,12139021798,3,4555,6177,960831858014514,1013438289387250,944972459384496,566880667902467,28.719,8.985,9.565,32.675,6.505,144.109,178.407,262.169
3802,Pittsburgh,PA,40.4230299,-79.9116624,12139021796,3,4555,6177,960831858014514,503114207505815,1067822887319701,566880667902467,7.995,16.641,10.319,10.319,6.505,59.291,174.78,262.169
3803,Pittsburgh,PA,40.4231052,-79.899004,12158683387,4,4555,6177,1463425500672285,1463425500672285,270510988157045,220003529677612,3.342,3.342,14.028,17.848,32.344,32.344,205.451,242.335
3804,Pittsburgh,PA,40.423205,-79.8989116,12158683390,4,4555,6177,2830133340633004,1447646918939255,1137708226739541,2830133340633004,1.825,4.887,14.4,1.825,323.73,42.258,204.293,323.73
3805,Pittsburgh,PA,40.4232125,-79.8991263,12158683388,4,4555,6177,374828507268626,374828507268626,1137708226739541,220003529677612,12.283,12.283,4.151,10.682,33.384,33.384,204.293,242.335
3806,Pittsburgh,PA,40.4232959,-79.8989858,12158683389,4,4555,6177,1447646918939255,1447646918939255,1137708226739541,167584821989898,8.4,8.4,11.251,5.776,42.258,42.258,204.293,256.251
3807,Pittsburgh,PA,40.4237134,-79.9063419,3670359157,3,4555,6177,1570667779808196,1570667779808196,371677170947197,789741008394237,7.08,7.08,2.674,3.535,47.427,47.427,233.463,238.741
3808,Pittsburgh,PA,40.4239717,-79.9061246,10925381481,3,4555,6177,1995054060670427,3939839462780340,524063922307499,184215856905155,4.474,5.21,2.744,2.707,21.056,32.384,204.557,223.99
3809,Pittsburgh,PA,40.4240314,-79.9102997,12143246915,3,4555,6177,898930337457444,1015623715952691,1015623715952691,407350677537477,13.735,4.765,4.765,16.068,354.874,125.053,125.053,311.572
3810,Pittsburgh,PA,40.4240856,-79.9104521,12139021784,4,4555,6177,898930337457444,1015623715952691,1015623715952691,314168650083514,10.654,9.882,9.882,13.365,354.874,125.053,125.053,323.637
3811,Pittsburgh,PA,40.4240857,-79.8972473,12158683395,4,4555,6177,287771089720936,3950100908358489,480963529892245,1625485167647810,4.019,6.901,11.543,12.774,58.195,94.712,140.454,228.28
3812,Pittsburgh,PA,40.4241173,-79.9102279,3688284566,3,4555,6177,898930337457444,1042601879871139,1042601879871139,407350677537477,11.329,5.012,5.012,8.743,354.874,123.905,123.905,311.572
3813,Pittsburgh,PA,40.4241414,-79.8971252,12158683398,4,4555,6177,274014734423265,3950100908358489,480963529892245,798670617508375,23.46,5.733,5.826,14.123,0.0,94.712,140.454,237.22
3814,Pittsburgh,PA,40.4241728,-79.8973215,12158683396,4,4555,6177,287771089720936,3950100908358489,1625485167647810,1625485167647810,7.599,11.945,3.851,3.851,58.195,94.712,228.28,228.28
3815,Pittsburgh,PA,40.4241907,-79.910363,12139021775,4,4555,6177,898930337457444,1042601879871139,1042601879871139,407350677537477,4.864,10.291,10.291,5.841,354.874,123.905,123.905,311.572
3816,Pittsburgh,PA,40.4242397,-79.8972042,12158683397,4,4555,6177,287771089720936,3950100908358489,798670617508375,798670617508375,14.454,12.139,4.775,4.775,58.195,94.712,237.22,237.22
3817,Pittsburgh,PA,40.4242529,-79.9050452,12631498928,3,4555,6177,202774204871641,1133081253840416,203576698268905,330038572081074,12.619,10.67,24.884,23.577,29.324,67.289,162.02,309.083
3818,Pittsburgh,PA,40.4243024,-79.9050352,3670355170,3,4555,6177,202774204871641,1133081253840416,818954319023335,330038572081074,7.692,9.11,22.613,18.389,29.324,67.289,159.425,309.083
3819,Pittsburgh,PA,40.4243283,-79.9054192,2295158482,3,4555,6177,315313199970470,221875806059757,502231857889141,1123120398210328,32.052,2.199,31.796,29.679,354.307,116.863,200.182,301.442
3820,Pittsburgh,PA,40.4243394,-79.9048275,12158667188,3,4555,6177,842108419740013,1133081253840416,203576698268905,330038572081074,3.061,26.729,8.197,26.294,351.688,67.289,162.02,309.083
3821,Pittsburgh,PA,40.4243958,-79.9050889,2295158483,3,4555,6177,315313199970470,1133081253840416,818954319023335,330038572081074,4.567,10.058,23.356,7.342,354.307,67.289,159.425,309.083
3822,Pittsburgh,PA,40.4244148,-79.9058254,2295158480,3,4555,6177,3895810377139181,1213151805771878,3118000431817052,328936988602971,10.285,6.021,2.595,4.235,29.197,92.072,196.664,211.391
3823,Pittsburgh,PA,40.4244566,-79.9101266,12139021783,4,4555,6177,406872147723994,299110908492730,299110908492730,406872147723994,7.431,8.572,8.572,7.431,303.282,122.901,122.901,303.282
3824,Pittsburgh,PA,40.4245443,-79.9098503,3688284569,3,4555,6177,630715187941696,413702210131363,413702210131363,880432539327735,20.389,5.959,5.959,7.367,358.72,130.964,130.964,283.984
3825,Pittsburgh,PA,40.4245987,-79.9100042,3688284578,3,4555,6177,630715187941696,2337027849767305,413702210131363,880432539327735,18.378,8.504,8.464,7.029,358.72,127.143,130.964,283.984
3826,Pittsburgh,PA,40.4246652,-79.9097424,3688284570,3,4555,6177,630715187941696,1623740084628672,934863787103215,203175171951520,12.645,5.664,5.667,16.116,358.72,91.902,120.679,286.391
3827,Pittsburgh,PA,40.4253832,-79.9073118,7914463828,3,4555,6177,148660103901672,524457835244947,901437517079672,981296132464255,12.763,5.73,13.558,15.679,0.0,86.008,186.017,268.612
3828,Pittsburgh,PA,40.4260829,-79.9061089,735984046,4,4555,6177,570236220614489,197443185436656,178307144202323,326018962246867,2.192,18.236,8.932,5.246,0.164,147.791,180.737,328.389
3829,Pittsburgh,PA,40.4263096,-79.9059423,736447933,3,4555,6177,117123503766996,974272146445319,826778754888179,956058425131148,5.373,3.126,6.559,2.392,54.884,78.479,181.931,274.125
3830,Pittsburgh,PA,40.4263639,-79.912688,3460641420,4,4555,6177,171182068258789,583902492572824,583902492572824,1367232906987598,2.204,5.94,5.94,26.522,357.633,133.998,133.998,281.204
3831,Pittsburgh,PA,40.4263861,-79.9061909,7914463838,3,4555,6177,624743548921684,974272146445319,182931113708796,956737635128297,2.922,22.759,4.1,9.203,342.833,78.479,179.81,250.939
3832,Pittsburgh,PA,40.4264292,-79.9056139,10925381487,3,4555,6177,1468200613524966,136618471834613,826778754888179,2737795726512064,7.622,8.46,32.776,2.628,52.008,86.777,181.931,266.927
3833,Pittsburgh,PA,40.4265641,-79.9126875,3460641423,4,4555,6177,1401142356933109,2875084336065068,2875084336065068,1637117379810498,14.83,4.789,4.789,12.2,346.78,134.001,134.001,312.466
3834,Pittsburgh,PA,40.4268945,-79.9030832,3577371253,3,4555,6177,4346707308695912,487891245882791,848463252680619,507577760425306,27.52,3.851,3.401,3.72,59.326,63.204,233.0,244.126
3835,Pittsburgh,PA,40.4276727,-79.9015372,12631499053,3,4555,6177,276160500859516,189072983074561,467890044288035,513263166698890,4.146,20.887,1.412,22.952,23.272,40.545,185.285,216.824
3836,Pittsburgh,PA,40.4276766,-79.9014322,12631499050,3,4555,6177,529964175039754,189072983074561,467890044288035,513263166698890,13.237,26.905,8.074,27.301,10.51,40.545,185.285,216.824
3837,Pittsburgh,PA,40.4277947,-79.9061975,7260263699,3,4555,6177,495967684783705,582840399771920,163408869051643,839183650357318,22.597,5.436,34.846,19.175,339.892,98.698,145.941,262.484
3838,Pittsburgh,PA,40.4279581,-79.8968117,12164512917,3,4555,6177,108591367980520,201310018386633,309587910669857,945949952850157,2.072,17.473,23.463,6.721,0.0,42.965,236.717,268.634
3839,Pittsburgh,PA,40.4279864,-79.9056572,3021680499,3,4555,6177,495967684783705,520878475710779,163408869051643,573733406923344,28.03,31.527,34.687,30.503,339.892,118.484,145.941,300.802
3840,Pittsburgh,PA,40.4283223,-79.9010064,3577367741,3,4555,6177,2920863014897424,181804550502581,2916940301910499,815370925766633,6.943,2.223,20.203,23.386,0.0,90.162,205.416,259.411
3841,Pittsburgh,PA,40.428328,-79.8959764,12164288344,3,4555,6177,4104508279606700,528524128508695,542439866752264,542439866752264,5.366,9.547,6.803,6.803,0.0,90.209,235.847,235.847
3842,Pittsburgh,PA,40.4283789,-79.8958485,12164288342,3,4555,6177,459806881787831,528524128508695,384369386217103,759563744734486,4.198,6.605,9.833,15.346,0.0,90.209,208.84,235.451
3843,Pittsburgh,PA,40.428383,-79.9118525,3472291584,3,4555,6177,251975906722564,1387566324934115,2928134204133984,124661849658106,6.987,1.548,19.364,8.814,308.178,117.552,124.82,289.398
3844,Pittsburgh,PA,40.4285611,-79.8954271,12164288343,4,4555,6177,1246560692429309,133235525539792,154337066597332,154337066597332,4.513,3.087,6.735,6.735,0.0,69.526,233.097,233.097
3845,Pittsburgh,PA,40.42863,-79.8949292,12164229067,4,4555,6177,1927707824066948,253287049892656,938093223697647,181818300510086,5.459,21.921,34.279,10.055,0.0,78.453,237.764,240.614
3846,Pittsburgh,PA,40.4286376,-79.9005857,3577351490,4,4555,6177,4038495086238691,480946886446015,137285068338967,3018200275132519,18.472,34.664,25.68,25.906,0.0,31.521,203.414,214.881
3847,Pittsburgh,PA,40.4287269,-79.9126906,3902361841,3,4555,6177,773567463333362,503123157774237,529891728020277,2997694027220736,15.091,1.702,5.3,7.588,8.555,120.961,192.556,302.988
3848,Pittsburgh,PA,40.4287414,-79.8950126,12164229068,4,4555,6177,199415242008081,253287049892656,938093223697647,181818300510086,3.209,17.207,31.937,6.439,0.0,78.453,237.764,240.614
3849,Pittsburgh,PA,40.4289357,-79.9123931,3669107285,3,4555,6177,293409699122363,247294033835680,529891728020277,259911585877884,12.678,17.678,31.595,21.344,33.695,59.384,192.556,235.139
3850,Pittsburgh,PA,40.4290515,-79.8939575,12164170367,4,4555,6177,1168554450238679,936124007120529,840046813597571,483836859560193,3.65,23.452,19.079,3.889,0.0,110.802,230.779,250.833
3851,Pittsburgh,PA,40.4291105,-79.8938301,12164170366,4,4555,6177,313594353698681,163600052440091,840046813597571,460066948421448,3.195,16.165,6.478,1.256,0.0,72.964,230.779,326.882
3852,Pittsburgh,PA,40.429151,-79.8940282,12164170368,4,4555,6177,188971573097691,936124007120529,206577321291360,483836859560193,4.839,12.353,15.958,8.723,0.0,110.802,129.09,250.833
3853,Pittsburgh,PA,40.4292068,-79.8939008,12164170369,4,4555,6177,295987995529650,163600052440091,840046813597571,495187015247860,4.696,10.995,13.065,4.589,0.0,72.964,230.779,320.734
3854,Pittsburgh,PA,40.4292781,-79.9139744,3652064483,3,4555,6177,2886069598272237,504772807378275,306981784246349,515771349781887,9.715,5.823,6.778,11.273,55.691,81.165,202.675,264.906
3855,Pittsburgh,PA,40.4293051,-79.9134383,3652064488,3,4555,6177,467895870968948,307840104281456,795688424707835,346164070186270,11.091,9.737,5.994,10.64,33.006,70.223,212.162,268.42
3856,Pittsburgh,PA,40.4293867,-79.8934762,12164170388,4,4555,6177,241136231118335,1405218953168350,221448676184739,3020779354915266,8.939,2.764,11.388,10.575,0.0,67.431,237.901,242.425
3857,Pittsburgh,PA,40.4294531,-79.9144259,2173928990,3,4555,6177,254249833057521,475798680370458,898323207566934,471861740761590,8.879,5.246,4.309,24.588,28.695,79.208,159.161,295.685
3858,Pittsburgh,PA,40.4297728,-79.8944811,12164170375,4,4555,6177,318567422987310,305542017902476,380865936556623,199342732015887,5.043,3.768,4.449,11.26,0.0,138.537,149.745,323.368
3859,Pittsburgh,PA,40.4298269,-79.8943572,12164170374,4,4555,6177,238799651336806,307530724377557,773617226848503,199342732015887,5.291,12.8,6.535,12.234,0.0,65.417,153.003,323.368
3860,Pittsburgh,PA,40.4298735,-79.8945494,12164170376,4,4555,6177,200651138566430,3821708587940950,375629833878202,1269865773443681,5.269,6.118,6.089,3.675,0.0,47.969,149.99,224.811
3861,Pittsburgh,PA,40.4299234,-79.8944196,12164170377,4,4555,6177,220997273163760,307530724377557,375629833878202,313545016875986,6.206,5.098,8.051,5.781,0.0,65.417,149.99,328.404
3862,Pittsburgh,PA,40.4300292,-79.8972132,12164288362,4,4555,6177,1299053497162501,532747914430612,2655038571458789,2249624891838252,5.884,14.495,5.292,2.277,0.0,94.126,150.05,261.603
3863,Pittsburgh,PA,40.4300822,-79.8970896,12164288361,4,4555,6177,304544434593731,532747914430612,2655038571458789,2249624891838252,6.166,10.224,10.915,11.97,0.0,94.126,150.05,261.603
3864,Pittsburgh,PA,40.4301271,-79.8972859,12164288363,4,4555,6177,4102136703201224,791925878133375,2655038571458789,2249624891838252,5.677,4.849,8.012,10.246,0.0,103.048,150.05,261.603
3865,Pittsburgh,PA,40.4301852,-79.8971591,12164288364,4,4555,6177,987784751966132,532747914430612,2655038571458789,2249624891838252,6.599,3.478,13.072,16.201,0.0,94.126,150.05,261.603
3866,Pittsburgh,PA,40.4301878,-79.8935039,12164192690,4,4555,6177,806129433640318,2768328750124624,622340002499786,1652413698289267,3.698,12.136,4.93,9.721,0.0,79.768,151.728,327.611
3867,Pittsburgh,PA,40.4139995,-79.8878127,3637624405,3,4556,6177,958943868201275,157941292964077,679505026151818,916110429229736,16.212,2.967,4.15,12.598,300.102,95.192,150.632,248.572
3868,Pittsburgh,PA,40.4150233,-79.8856375,105919536,3,4556,6177,521102718920381,155341679826771,205890851349789,312145980540640,17.492,17.146,18.671,17.75,28.171,123.394,196.651,279.989
3869,Pittsburgh,PA,40.4150456,-79.885713,105132920,3,4556,6177,521102718920381,155341679826771,205890851349789,312145980540640,15.277,11.863,17.103,12.91,28.171,123.394,196.651,279.989
3870,Pittsburgh,PA,40.4153881,-79.8855636,105016210,4,4556,6177,923632285100809,158148732947878,328030315398883,850921522449770,3.749,33.35,3.351,16.281,18.532,115.928,202.74,213.799
3871,Pittsburgh,PA,40.4154719,-79.882951,104831624,3,4556,6177,812160276379558,588982452019041,313793270382803,3067958470188871,6.084,1.497,3.721,27.615,10.003,129.697,187.62,211.62
3872,Pittsburgh,PA,40.4155274,-79.8767242,13041805470,3,4556,6177,466409354452551,477127703593885,379203096808864,2659126924377444,3.563,19.181,10.439,30.254,345.968,145.57,173.454,328.635
3873,Pittsburgh,PA,40.4155371,-79.8768919,13041805476,3,4556,6177,1519231451616332,477127703593885,379203096808864,2659126924377444,4.32,8.323,8.592,25.121,337.199,145.57,173.454,328.635
3874,Pittsburgh,PA,40.4156205,-79.8767954,13041825414,4,4556,6177,517776899256519,477127703593885,980487996047151,2659126924377444,2.792,11.044,8.258,18.275,337.123,145.57,155.0,328.635
3875,Pittsburgh,PA,40.4157438,-79.8768799,13041805468,4,4556,6177,2659126924377444,477127703593885,489143505664287,2659126924377444,2.9,15.609,9.999,2.9,328.635,145.57,154.963,328.635
3876,Pittsburgh,PA,40.4158606,-79.8771039,13041805480,4,4556,6177,325911488928440,300792504836709,300792504836709,453690929032348,10.182,1.985,1.985,9.579,330.022,148.015,148.015,327.543
3877,Pittsburgh,PA,40.4159613,-79.8848597,104507956,4,4556,6177,291832712626353,2962853317281514,2210602562403799,347458026712950,33.014,5.498,11.54,10.092,0.0,97.405,239.302,257.334
3878,Pittsburgh,PA,40.4160099,-79.8770701,13041805465,4,4556,6177,332861314927244,769852063714818,769852063714818,332861314927244,4.102,10.92,10.92,4.102,323.676,144.562,144.562,323.676
3879,Pittsburgh,PA,40.4161256,-79.8792739,105856948,4,4556,6177,217154199998414,804377687184079,182094343831264,4449193681780474,2.227,25.828,19.155,10.023,7.795,37.924,203.025,248.131
3880,Pittsburgh,PA,40.4162811,-79.8863187,105774516,3,4556,6177,158049612955141,486107392638004,968752443955380,822164658684831,26.1,6.009,34.902,11.464,306.327,111.679,127.19,291.249
3881,Pittsburgh,PA,40.4168412,-79.8783109,13041805483,4,4556,6177,952053162231236,744880196201034,744880196201034,130635645690617,7.813,4.083,4.083,7.874,312.333,126.96,126.96,311.524
3882,Pittsburgh,PA,40.4170115,-79.8786011,13041741786,3,4556,6177,396160121435507,148930033914469,148930033914469,813393182935080,9.973,2.816,2.816,10.86,310.804,126.852,126.852,306.406
3883,Pittsburgh,PA,40.4170424,-79.8786591,13041741789,4,4556,6177,813393182935080,319899966156518,148930033914469,813393182935080,10.282,6.747,7.11,10.282,306.406,103.381,126.852,306.406
3884,Pittsburgh,PA,40.4170862,-79.8785252,13041741785,3,4556,6177,396160121435507,148930033914469,148930033914469,396160121435507,2.738,7.729,7.729,2.738,310.804,126.852,126.852,310.804
3885,Pittsburgh,PA,40.4173271,-79.8791467,13041741790,4,4556,6177,472195687345910,597344744557821,135955658570268,472195687345910,9.825,5.596,5.541,9.825,305.514,128.155,129.483,305.514
3886,Pittsburgh,PA,40.4176342,-79.8794508,13041886545,3,4556,6177,677315997262195,1016431542094769,161011713306120,539973301383371,8.033,8.821,4.408,7.033,328.843,126.91,211.169,266.056
3887,Pittsburgh,PA,40.4177447,-79.8879303,12162044658,3,4556,6177,337717684438267,779129969439358,301526301519029,1896315280535954,16.725,33.059,6.294,26.964,337.289,148.556,154.03,282.747
3888,Pittsburgh,PA,40.417915,-79.8880294,12162044648,3,4556,6177,2915836838697349,965568837527982,380025366668014,1896315280535954,14.691,17.566,6.444,14.524,341.618,135.731,171.976,282.747
3889,Pittsburgh,PA,40.4179239,-79.8801616,13041741783,4,4556,6177,2988941821425515,471269174099593,471269174099593,4251351728260528,14.081,4.543,4.543,12.634,318.448,124.23,124.23,304.323
3890,Pittsburgh,PA,40.4183758,-79.8809107,13041741775,3,4556,6177,3999754730103067,4030682133719659,4030682133719659,1097610707397295,14.449,2.985,2.985,12.664,0.0,128.919,128.919,306.997
3891,Pittsburgh,PA,40.4184137,-79.8809934,13041741774,4,4556,6177,3999754730103067,469139874171986,469139874171986,1097610707397295,22.62,5.014,5.014,12.701,0.0,128.105,128.105,306.997
3892,Pittsburgh,PA,40.4184529,-79.8808316,13041741776,3,4556,6177,3999754730103067,4030682133719659,4030682133719659,1097610707397295,17.126,7.983,7.983,5.479,0.0,128.919,128.919,306.997
3893,Pittsburgh,PA,40.4188844,-79.8817882,13041741762,3,4556,6177,1166088607195681,310498997303861,310498997303861,1166088607195681,11.504,4.273,4.273,11.504,304.305,127.29,127.29,304.305
3894,Pittsburgh,PA,40.4189471,-79.881899,13041741760,3,4556,6177,599216681473219,938088300345972,938088300345972,599216681473219,11.657,1.622,1.622,11.657,308.787,123.692,123.692,308.787
3895,Pittsburgh,PA,40.4191281,-79.882211,13041741757,3,4556,6177,381909079842371,916420802524730,916420802524730,861081211284534,22.795,4.383,4.383,12.517,0.0,129.056,129.056,301.833
3896,Pittsburgh,PA,40.4192196,-79.8821342,13041741756,3,4556,6177,308475184101039,916420802524730,916420802524730,861081211284534,5.032,7.835,7.835,4.687,307.673,129.056,129.056,301.833
3897,Pittsburgh,PA,40.4192329,-79.8821572,13039886987,3,4556,6177,308475184101039,916420802524730,916420802524730,308475184101039,2.588,8.129,8.129,2.588,307.673,129.056,129.056,307.673
3898,Pittsburgh,PA,40.419258,-79.886332,3547492214,4,4556,6177,971484586976607,2860824760847576,328222161999083,1419256961774149,27.842,26.643,18.923,34.642,0.0,146.771,151.946,212.595
3899,Pittsburgh,PA,40.4192871,-79.8822482,13039886988,3,4556,6177,381909079842371,1397635560604615,304251774702292,4136066236453631,11.189,10.964,6.266,8.01,0.0,125.714,216.865,269.019
3900,Pittsburgh,PA,40.4193176,-79.8861949,3557123482,3,4556,6177,971484586976607,2860824760847576,282451430073679,1419256961774149,15.478,13.872,6.362,27.313,0.0,146.771,151.966,212.595
3901,Pittsburgh,PA,40.4193881,-79.882645,13041741759,3,4556,6177,167149588691616,945177999594728,945177999594728,2545099205636582,16.167,2.892,2.892,13.011,0.0,126.5,126.5,307.995
3902,Pittsburgh,PA,40.4194375,-79.8862813,12339969144,3,4556,6177,971484586976607,560047621649282,164647868925592,1419256961774149,26.491,12.239,6.491,14.237,0.0,143.299,152.608,212.595
3903,Pittsburgh,PA,40.4194531,-79.8827548,13041741764,3,4556,6177,306822324305413,325164215674301,325164215674301,306822324305413,6.649,3.548,3.548,6.649,305.273,129.786,129.786,305.273
3904,Pittsburgh,PA,40.4194598,-79.8862393,12339969145,4,4556,6177,971484586976607,560047621649282,164647868925592,1419256961774149,25.01,8.33,4.361,11.265,0.0,143.299,152.608,212.595
3905,Pittsburgh,PA,40.4194739,-79.8862128,4000188553,3,4556,6177,971484586976607,560047621649282,164647868925592,1419256961774149,24.429,6.161,4.879,9.917,0.0,143.299,152.608,212.595
3906,Pittsburgh,PA,40.4194979,-79.8850875,13043528913,4,4556,6177,1762163447298749,146458994160997,224123615885492,242385700978441,7.272,8.362,13.769,14.141,338.76,30.319,187.178,300.117
3907,Pittsburgh,PA,40.419524,-79.8862801,104825457,3,4556,6177,971484586976607,560047621649282,311165520557804,1419256961774149,32.395,6.813,2.868,5.486,0.0,143.299,151.548,212.595
3908,Pittsburgh,PA,40.4195427,-79.8850523,13043528916,4,4556,6177,1762163447298749,146458994160997,224123615885492,494275894981572,4.201,12.109,13.293,6.823,338.76,30.319,187.178,318.111
3909,Pittsburgh,PA,40.419559,-79.8852132,13043528874,3,4556,6177,317343376616169,146458994160997,224123615885492,494275894981572,5.526,6.544,3.687,12.769,27.738,30.319,187.178,318.111
3910,Pittsburgh,PA,40.4196011,-79.8850063,13043528915,3,4556,6177,1967069783487266,146458994160997,224123615885492,494275894981572,6.001,18.657,16.167,5.673,8.666,30.319,187.178,318.111
3911,Pittsburgh,PA,40.4196357,-79.8890893,12162044628,3,4556,6177,142535897821224,477688233488730,751731555522654,803663443587661,20.271,12.793,12.324,18.498,339.576,148.091,182.854,310.676
3912,Pittsburgh,PA,40.4196513,-79.8889259,12162436699,4,4556,6177,142535897821224,392217181966634,392217181966634,803663443587661,6.7,0.619,0.619,7.599,339.576,147.365,147.365,310.676
3913,Pittsburgh,PA,40.4197405,-79.8886966,104192806,3,4556,6177,142535897821224,392217181966634,751731555522654,803663443587661,17.52,22.358,24.529,17.272,339.576,147.365,182.854,310.676
3914,Pittsburgh,PA,40.419778,-79.889178,12162044623,3,4556,6177,554442345925887,477688233488730,770392523662441,1460281267648256,11.976,16.036,10.427,19.8,338.45,148.091,161.414,314.174
3915,Pittsburgh,PA,40.4197863,-79.8885676,104192815,3,4556,6177,142535897821224,392217181966634,392217181966634,803663443587661,29.248,34.398,34.398,29.044,339.576,147.365,147.365,310.676
3916,Pittsburgh,PA,40.4198453,-79.8892184,12162058878,4,4556,6177,554442345925887,477688233488730,280482003772526,4129928057046784,9.135,22.588,13.332,25.92,338.45,148.091,166.074,265.204
3917,Pittsburgh,PA,40.419893,-79.8831824,13039890101,4,4556,6177,795367484436558,1160346627815144,1160346627815144,795367484436558,5.073,8.275,8.275,5.073,316.369,140.196,140.196,316.369
3918,Pittsburgh,PA,40.4199082,-79.8848075,13043528919,4,4556,6177,192250262769955,1152249938592492,4491005520914410,506659673792302,6.319,6.67,13.071,22.776,27.96,30.294,207.316,210.971
3919,Pittsburgh,PA,40.4199316,-79.8892714,12162436680,3,4556,6177,531379451218383,477688233488730,280482003772526,4129928057046784,10.881,32.209,11.331,18.108,339.547,148.091,166.074,265.204
3920,Pittsburgh,PA,40.4199801,-79.8891279,12162436681,4,4556,6177,531379451218383,477688233488730,280482003772526,4129928057046784,4.619,29.993,3.587,11.257,339.547,148.091,166.074,265.204
3921,Pittsburgh,PA,40.4200435,-79.8835149,13040227945,3,4556,6177,466659177975213,209992480952042,184956586854141,466659177975213,12.68,5.119,5.244,12.68,321.017,140.057,143.206,321.017
3922,Pittsburgh,PA,40.4201425,-79.8836061,13040227944,3,4556,6177,138007581654713,386841576117183,386841576117183,138007581654713,11.857,3.483,3.483,11.857,322.637,141.052,141.052,322.637
3923,Pittsburgh,PA,40.4201633,-79.8846426,13043345213,3,4556,6177,966160650809601,202705098343436,1605342542990840,209455224345328,5.741,11.172,15.81,13.983,25.652,42.723,201.999,213.087
3924,Pittsburgh,PA,40.4202174,-79.8847741,13043345214,4,4556,6177,478980223324824,767559817132497,1605342542990840,209455224345328,2.47,5.739,6.656,4.371,354.132,32.319,201.999,213.087
3925,Pittsburgh,PA,40.420276,-79.8845697,13043345210,3,4556,6177,965159937610638,481299249608883,4174820692568786,1460672094279058,8.277,18.162,18.725,21.138,331.404,37.767,185.108,284.778
3926,Pittsburgh,PA,40.4202874,-79.8847307,13043345216,4,4556,6177,478980223324824,767559817132497,1605342542990840,4196985363696223,6.216,14.341,2.559,5.483,354.132,32.319,201.999,303.653
3927,Pittsburgh,PA,40.420334,-79.8847019,13040227947,4,4556,6177,965159937610638,481299249608883,4174820692568786,1460672094279058,4.64,15.608,9.506,9.299,331.404,37.767,185.108,284.778
3928,Pittsburgh,PA,40.4203738,-79.8851651,13086527462,3,4556,6177,875171443064421,879600262586881,879600262586881,291745282643712,14.136,14.47,14.47,13.205,0.0,122.856,122.856,302.454
3929,Pittsburgh,PA,40.4204134,-79.8851382,13043528873,4,4556,6177,875171443064421,879600262586881,879600262586881,291745282643712,9.22,10.762,10.762,8.566,0.0,122.856,122.856,302.454
3930,Pittsburgh,PA,40.4204149,-79.8852703,13086527465,3,4556,6177,875171443064421,879600262586881,1062455234285382,137380935049361,18.18,21.787,24.385,14.02,0.0,122.856,213.142,304.789
3931,Pittsburgh,PA,40.4204191,-79.8893971,12162436679,4,4556,6177,1214448998975202,854431671825650,222080079381745,517721616025104,7.217,5.525,8.524,25.716,336.922,139.538,165.229,325.992
3932,Pittsburgh,PA,40.4204589,-79.8851072,104363969,4,4556,6177,875171443064421,879600262586881,879600262586881,291745282643712,3.706,8.299,8.299,4.232,0.0,122.856,122.856,302.454
3933,Pittsburgh,PA,40.420463,-79.8852362,13086527470,4,4556,6177,875171443064421,879600262586881,1363505134011951,137380935049361,13.919,19.04,25.221,8.366,0.0,122.856,211.305,304.789
3934,Pittsburgh,PA,40.4205066,-79.8850674,13043345219,4,4556,6177,875171443064421,879600262586881,879600262586881,291745282643712,3.0,9.136,9.136,5.3,0.0,122.856,122.856,302.454
3935,Pittsburgh,PA,40.4205156,-79.8851988,13086527466,3,4556,6177,875171443064421,879600262586881,879600262586881,137380935049361,11.337,18.004,18.004,4.007,0.0,122.856,122.856,304.789
3936,Pittsburgh,PA,40.4205361,-79.8845618,13040227948,4,4556,6177,771751143511877,771751143511877,215039100434832,1460672094279058,3.562,3.562,6.338,20.933,30.14,30.14,206.697,284.778
3937,Pittsburgh,PA,40.4205371,-79.8853827,13086527469,4,4556,6177,1118886061912401,879600262586881,1363505134011951,1118886061912401,8.741,33.186,10.334,8.741,309.54,122.856,211.305,309.54
3938,Pittsburgh,PA,40.4205706,-79.8896665,12162018225,3,4556,6177,522118009197272,156736109671915,319761626171066,517721616025104,9.972,16.515,6.395,20.582,334.64,149.266,153.438,325.992
3939,Pittsburgh,PA,40.4206016,-79.885331,13086527468,3,4556,6177,1118886061912401,879600262586881,528986071813395,1118886061912401,0.482,32.583,12.566,0.482,309.54,122.856,213.485,309.54
3940,Pittsburgh,PA,40.4206686,-79.8790897,13039886963,3,4556,6177,2171232553029205,226598858821626,4298272460224648,958610698240303,7.385,7.385,26.028,7.531,20.421,104.047,205.035,290.346
3941,Pittsburgh,PA,40.4207034,-79.8842107,13021220975,4,4556,6177,3025010094385680,3929233330494257,3929233330494257,1098560324000497,11.764,6.995,6.995,12.327,33.094,143.209,143.209,322.815
3942,Pittsburgh,PA,40.420727,-79.8897598,12162018224,3,4556,6177,898927927336701,489501159048207,1075801542948034,317465263363914,13.357,33.863,7.099,17.751,0.0,144.618,155.192,250.646
3943,Pittsburgh,PA,40.4207635,-79.8896028,12162018220,3,4556,6177,526988968313431,156736109671915,1075801542948034,317465263363914,7.566,33.527,6.827,9.491,0.0,149.266,155.192,250.646
3944,Pittsburgh,PA,40.4207937,-79.8841098,13021220974,4,4556,6177,1098560324000497,3941984049190718,3929233330494257,394163288378194,5.085,12.482,9.858,4.753,322.815,55.441,143.209,320.445
3945,Pittsburgh,PA,40.4208043,-79.8898104,12162018221,3,4556,6177,737616373578276,489501159048207,179926754028945,317465263363914,9.522,24.602,7.473,16.631,0.0,144.618,154.746,250.646
3946,Pittsburgh,PA,40.4208459,-79.884347,13021220972,4,4556,6177,3025010094385680,583288215921181,583288215921181,1722022244650671,10.329,3.225,3.225,11.715,33.094,141.507,141.507,321.869
3947,Pittsburgh,PA,40.4208605,-79.8896651,12162018217,4,4556,6177,781743152473203,489501159048207,179926754028945,317465263363914,3.377,24.086,6.812,3.896,0.0,144.618,154.746,250.646
3948,Pittsburgh,PA,40.4209087,-79.8842199,13021220970,4,4556,6177,1722022244650671,3941984049190718,583288215921181,1722022244650671,2.259,4.529,9.779,2.259,321.869,55.441,141.507,321.869
3949,Pittsburgh,PA,40.4209761,-79.8899228,12162018211,3,4556,6177,808659913413298,489501159048207,489501159048207,488188085827465,8.641,7.893,7.893,17.577,0.0,144.618,144.618,329.242
3950,Pittsburgh,PA,40.4210414,-79.8858266,104244427,3,4556,6177,485968139390330,315674830138029,315674830138029,485968139390330,1.18,34.91,34.91,1.18,323.969,126.46,126.46,323.969
3951,Pittsburgh,PA,40.421073,-79.8899783,12162018210,3,4556,6177,475694236993346,489501159048207,974814696596514,753355895358350,8.272,11.967,6.565,15.969,0.0,144.618,157.526,327.689
3952,Pittsburgh,PA,40.4211546,-79.8898534,12162018218,4,4556,6177,475694236993346,489501159048207,974814696596514,753355895358350,5.86,14.615,7.73,2.334,0.0,144.618,157.526,327.689
3953,Pittsburgh,PA,40.4212368,-79.8861178,12339969127,4,4556,6177,160211146064415,315674830138029,159589802846467,5478358052236642,9.033,14.902,9.595,7.386,325.265,126.46,225.45,258.668
3954,Pittsburgh,PA,40.421239,-79.8886299,12162259185,4,4556,6177,179764940714342,1189496008162320,3926224267498584,488668412558568,4.616,26.262,30.07,5.657,0.0,65.156,122.543,245.058
3955,Pittsburgh,PA,40.4212621,-79.8845896,13007007290,3,4556,6177,4561574713856133,1180533469053391,765433630787500,474738143812171,12.886,12.303,10.373,2.271,0.0,68.403,145.706,317.141
3956,Pittsburgh,PA,40.4212729,-79.8861581,12339969132,4,4556,6177,160211146064415,315674830138029,159589802846467,5478358052236642,12.673,15.51,5.576,3.437,325.265,126.46,225.45,258.668
3957,Pittsburgh,PA,40.4212729,-79.8860411,13043528865,4,4556,6177,160211146064415,315674830138029,315674830138029,471676077226052,3.72,7.603,7.603,2.662,325.265,126.46,126.46,284.053
3958,Pittsburgh,PA,40.4213039,-79.8859752,13043528863,3,4556,6177,162483342421626,315674830138029,315674830138029,471676077226052,4.947,3.127,3.127,5.45,319.026,126.46,126.46,284.053
3959,Pittsburgh,PA,40.4213211,-79.8860857,104519315,3,4556,6177,789232595056181,315674830138029,159589802846467,5478358052236642,4.201,8.102,4.666,5.18,305.243,126.46,225.45,258.668
3960,Pittsburgh,PA,40.4213248,-79.8886801,8537342584,3,4556,6177,179764940714342,1189496008162320,3926224267498584,488668412558568,15.045,21.056,21.252,15.304,0.0,65.156,122.543,245.058
3961,Pittsburgh,PA,40.421326,-79.8862174,12339969102,4,4556,6177,2709207766036637,315674830138029,159589802846467,5478358052236642,9.973,19.201,6.504,7.059,317.525,126.46,225.45,258.668
3962,Pittsburgh,PA,40.4213666,-79.8848739,13021220971,4,4556,6177,145201694289884,508220983636180,536425087519792,308591790649941,4.402,13.545,3.287,2.182,0.0,98.534,143.162,254.998
3963,Pittsburgh,PA,40.4213703,-79.8861376,13043528864,4,4556,6177,2709207766036637,315674830138029,159589802846467,5478358052236642,3.983,13.245,5.457,7.725,317.525,126.46,225.45,258.668
3964,Pittsburgh,PA,40.4214019,-79.8881834,12162259184,4,4556,6177,295735325475999,152910880130531,5966082056738928,768006473868276,0.367,4.33,4.889,4.471,0.0,136.661,217.779,223.204
3965,Pittsburgh,PA,40.4214043,-79.8860763,13043528862,3,4556,6177,2709207766036637,315674830138029,159589802846467,5478358052236642,6.826,11.039,10.726,12.732,317.525,126.46,225.45,258.668
3966,Pittsburgh,PA,40.4214056,-79.8847356,13007007289,4,4556,6177,307495404332957,508220983636180,316416366741324,186586469993598,6.034,4.75,2.958,1.749,0.0,98.534,237.12,291.24
3967,Pittsburgh,PA,40.4214397,-79.8849498,13040256506,4,4556,6177,940571670076992,494131818400232,494131818400232,308591790649941,3.653,5.91,5.91,10.631,0.0,143.572,143.572,254.998
3968,Pittsburgh,PA,40.42144,-79.8880775,12162259183,3,4556,6177,295735325475999,152910880130531,768006473868276,768006473868276,9.551,6.819,5.827,5.827,0.0,136.661,223.204,223.204
3969,Pittsburgh,PA,40.421467,-79.8882151,8537342585,3,4556,6177,481480166297661,4382850621748650,152910880130531,768006473868276,1.226,3.478,5.971,9.752,0.0,114.756,136.661,223.204
3970,Pittsburgh,PA,40.4214754,-79.8887707,11029039291,3,4556,6177,423687895607664,321812429323457,321812429323457,488668412558568,10.458,10.781,10.781,33.523,0.0,124.316,124.316,245.058
3971,Pittsburgh,PA,40.4215196,-79.886295,3276530507,3,4556,6177,3456604921107857,315674830138029,159589802846467,3456604921107857,4.907,33.331,25.624,4.907,325.571,126.46,225.45,325.571
3972,Pittsburgh,PA,40.4215406,-79.8882225,6102095264,3,4556,6177,216816516920849,4382850621748650,152910880130531,768006473868276,8.214,5.48,12.891,16.748,0.0,114.756,136.661,223.204
3973,Pittsburgh,PA,40.4215566,-79.8862297,13043528859,4,4556,6177,3456604921107857,315674830138029,159589802846467,3456604921107857,7.918,32.366,27.226,7.918,325.571,126.46,225.45,325.571
3974,Pittsburgh,PA,40.4215881,-79.8884449,11029039292,3,4556,6177,494887524986777,808280970106195,3926224267498584,3826344667478193,14.975,14.744,16.779,33.955,0.0,78.952,122.543,249.357
3975,Pittsburgh,PA,40.4215891,-79.8901198,12162018219,4,4556,6177,3831400853576442,180006420673553,1057705141421200,308725687580974,5.367,32.497,7.843,14.057,0.0,147.995,153.08,322.611
3976,Pittsburgh,PA,40.42161,-79.8773405,13039625898,3,4556,6177,2306644549467542,2977388385860813,1185953628491090,820390961914993,12.746,11.532,16.302,14.481,13.267,61.401,191.009,274.985
3977,Pittsburgh,PA,40.42178,-79.8901012,8537342589,3,4556,6177,1140457099806881,862528404346949,541589470561105,308725687580974,15.981,27.779,17.883,10.967,0.0,78.963,153.357,322.611
3978,Pittsburgh,PA,40.4217996,-79.8853024,13040256508,4,4556,6177,2472901832856402,467161581236448,467161581236448,311340880436114,3.088,5.802,5.802,8.814,0.0,143.585,143.585,322.611
3979,Pittsburgh,PA,40.4218136,-79.8868596,3276530508,4,4556,6177,158171829538834,4329473067064105,867868703816394,3028617500713859,21.029,26.483,3.838,8.61,355.933,85.469,189.608,221.773
3980,Pittsburgh,PA,40.4218158,-79.886895,12339969112,3,4556,6177,158171829538834,4329473067064105,474024373822417,3028617500713859,23.168,28.457,4.018,10.471,355.933,85.469,196.345,221.773
3981,Pittsburgh,PA,40.4218422,-79.8904519,12161979650,4,4556,6177,1235497893572915,494255938550082,892965234618067,182675630313420,8.299,13.669,9.314,13.696,0.0,56.735,155.415,314.772
3982,Pittsburgh,PA,40.4218523,-79.8867177,12339969110,3,4556,6177,158171829538834,4329473067064105,867868703816394,306205314316531,10.549,16.187,10.242,7.666,355.933,85.469,189.608,230.958
3983,Pittsburgh,PA,40.4218614,-79.8842093,13007007293,4,4556,6177,241352997751324,168153252484235,743049089703829,460862085137683,4.248,7.281,8.028,11.369,0.0,124.959,190.374,211.585
3984,Pittsburgh,PA,40.4218756,-79.8866704,13043528856,4,4556,6177,158171829538834,4329473067064105,867868703816394,318596229650018,7.411,12.567,14.632,8.079,355.933,85.469,189.608,233.7
3985,Pittsburgh,PA,40.4218866,-79.8901586,6102095256,3,4556,6177,288203152964132,862528404346949,892965234618067,182675630313420,15.944,15.329,18.589,11.839,0.0,78.963,155.415,314.772
3986,Pittsburgh,PA,40.4218944,-79.8903036,12161979649,4,4556,6177,1235497893572915,862528404346949,892965234618067,182675630313420,5.657,10.984,10.515,1.581,0.0,78.963,155.415,314.772
3987,Pittsburgh,PA,40.4219148,-79.8867117,104825439,3,4556,6177,158171829538834,4329473067064105,779450632598546,306205314316531,4.204,9.808,6.197,3.004,355.933,85.469,217.74,230.958
3988,Pittsburgh,PA,40.4219193,-79.8865818,13043528853,3,4556,6177,158171829538834,4329473067064105,902772313616221,902772313616221,8.468,9.236,8.12,8.12,355.933,85.469,232.399,232.399
3989,Pittsburgh,PA,40.4219423,-79.8905152,12161979647,4,4556,6177,489737435587328,494255938550082,3802431796545593,182675630313420,6.777,1.357,7.813,19.598,3.273,56.735,150.746,314.772
3990,Pittsburgh,PA,40.4219439,-79.8901906,12161979670,4,4556,6177,764523357571160,862528404346949,892965234618067,182675630313420,11.438,8.984,20.426,11.502,11.324,78.963,155.415,314.772
3991,Pittsburgh,PA,40.4219538,-79.8842719,13007007283,3,4556,6177,571815370450391,168153252484235,536780907726685,865712430822291,3.536,15.718,3.026,7.51,0.0,124.959,207.92,329.453
3992,Pittsburgh,PA,40.421972,-79.8772858,13039636902,4,4556,6177,482675733052189,1379380695779971,2815259278803986,1846843842159154,3.466,27.012,3.466,33.562,8.126,49.583,192.135,226.033
3993,Pittsburgh,PA,40.4219846,-79.8854844,13040256510,4,4556,6177,918988962275298,950351989151720,950351989151720,156995229765419,1.786,3.051,3.051,8.542,0.0,137.988,137.988,320.353
3994,Pittsburgh,PA,40.4219941,-79.8903749,12161979648,4,4556,6177,2931631717082873,862528404346949,3802431796545593,182675630313420,5.932,8.312,9.187,14.173,0.0,78.963,150.746,314.772
3995,Pittsburgh,PA,40.4220378,-79.8857427,12100446614,3,4556,6177,143903784386348,571632170489185,571632170489185,176072984404172,15.059,15.097,15.097,21.091,0.0,140.841,140.841,323.129
3996,Pittsburgh,PA,40.4220953,-79.8856442,12100446628,3,4556,6177,143903784386348,571632170489185,571632170489185,176072984404172,4.561,5.684,5.684,10.637,0.0,140.841,140.841,323.129
3997,Pittsburgh,PA,40.4221093,-79.8856223,13040256512,4,4556,6177,143903784386348,571632170489185,571632170489185,176072984404172,2.178,4.406,4.406,8.271,0.0,140.841,140.841,323.129
3998,Pittsburgh,PA,40.4221304,-79.8854492,13038174783,4,4556,6177,911245546089859,227880128764582,227880128764582,899600553918613,10.835,4.977,4.977,2.095,0.0,138.252,138.252,320.829
3999,Pittsburgh,PA,40.4221512,-79.8861901,13043528855,4,4556,6177,298804868525448,298804868525448,144165451032405,345898807132210,4.412,4.412,8.48,8.084,54.246,54.246,155.449,235.638
4000,Pittsburgh,PA,40.4221863,-79.8862238,12100446612,3,4556,6177,298804868525448,298804868525448,144165451032405,774398963232328,0.425,0.425,7.549,4.997,54.246,54.246,155.449,240.563
4001,Pittsburgh,PA,40.4222117,-79.8859111,12100446624,4,4556,6177,488021022652898,323968952466121,524801848894940,301661601515574,13.545,25.19,14.66,14.716,0.0,90.0,144.568,235.281
4002,Pittsburgh,PA,40.4222318,-79.8850388,2649082367,3,4556,6177,777535216291959,469072554169193,469072554169193,165675318822658,34.535,34.169,34.169,34.482,320.214,141.872,141.872,319.647
4003,Pittsburgh,PA,40.4222348,-79.885552,13038174784,4,4556,6177,505209093861352,822705635349761,822705635349761,296874008584823,11.833,1.294,1.294,2.643,0.0,140.894,140.894,317.875
4004,Pittsburgh,PA,40.4222598,-79.8818663,13039625873,3,4556,6177,499363044832319,471294580612354,244276110786275,303696228020056,1.94,7.633,14.058,7.276,21.705,109.59,124.153,294.864
4005,Pittsburgh,PA,40.4222604,-79.8858229,12100446627,3,4556,6177,488021022652898,337664271318758,524801848894940,1973992332741754,4.866,8.088,6.497,10.951,0.0,136.141,144.568,319.717
4006,Pittsburgh,PA,40.422276,-79.8859794,13043528854,4,4556,6177,164221585673550,323968952466121,542227523802628,301661601515574,4.669,17.358,8.294,5.776,24.579,90.0,219.353,235.281
4007,Pittsburgh,PA,40.4222947,-79.8819969,11807673827,3,4556,6177,499363044832319,147843640715947,244276110786275,525437805486909,10.861,6.069,5.937,6.079,21.705,104.697,124.153,291.133
4008,Pittsburgh,PA,40.4223053,-79.8860105,12100446623,3,4556,6177,164221585673550,323968952466121,542227523802628,301661601515574,2.547,14.336,4.143,2.442,24.579,90.0,219.353,235.281
4009,Pittsburgh,PA,40.4223068,-79.877232,13032159928,4,4556,6177,191527579508798,3971144976294446,793433187975199,500685221245656,6.36,9.04,3.872,7.373,0.078,84.784,167.534,270.0
4010,Pittsburgh,PA,40.4223129,-79.8773486,13032159927,3,4556,6177,191527579508798,3971144976294446,793433187975199,166870198607599,7.867,1.061,8.09,8.435,0.078,84.784,167.534,282.847
4011,Pittsburgh,PA,40.4223407,-79.8859504,13038174789,4,4556,6177,308965237353579,323968952466121,494237015032486,468581871088481,5.581,10.466,6.115,2.574,0.0,90.0,202.137,222.341
4012,Pittsburgh,PA,40.4223692,-79.8856843,13038174785,4,4556,6177,488021022652898,487053202608632,487053202608632,519518559227976,12.551,2.428,2.428,3.76,0.0,139.54,139.54,320.828
4013,Pittsburgh,PA,40.4223749,-79.8860548,12339969108,3,4556,6177,909396916293094,323968952466121,215571526784749,301661601515574,8.074,8.982,13.537,8.281,0.0,90.0,180.973,235.281
4014,Pittsburgh,PA,40.4223962,-79.8772139,13032159925,3,4556,6177,191527579508798,3971144976294446,793433187975199,500685221245656,6.848,13.642,13.46,5.862,0.078,84.784,167.534,270.0
4015,Pittsburgh,PA,40.4224023,-79.8773426,13032159926,4,4556,6177,191527579508798,3971144976294446,919249105528418,166870198607599,7.907,9.41,7.646,6.904,0.078,84.784,143.125,282.847
4016,Pittsburgh,PA,40.4224075,-79.885722,13038174786,3,4556,6177,488021022652898,340079994201022,487053202608632,197285708907743,13.638,6.212,5.06,4.77,0.0,130.106,139.54,313.01
4017,Pittsburgh,PA,40.4224124,-79.8858261,104825430,4,4556,6177,308965237353579,340079994201022,215571526784749,2256463284483897,7.671,3.148,9.984,2.318,0.0,130.106,180.973,307.859
4018,Pittsburgh,PA,40.4224333,-79.885577,10638184128,3,4556,6177,488021022652898,487053202608632,487053202608632,519518559227976,24.096,13.843,13.843,15.297,0.0,139.54,139.54,320.828
4019,Pittsburgh,PA,40.4224543,-79.8857702,13038174782,4,4556,6177,308965237353579,340079994201022,215571526784749,2256463284483897,14.307,3.853,13.665,6.019,0.0,130.106,180.973,307.859
4020,Pittsburgh,PA,40.4225209,-79.8856813,7437732623,3,4556,6177,308965237353579,340079994201022,215571526784749,2256463284483897,24.862,14.293,22.512,16.337,0.0,130.106,180.973,307.859
4021,Pittsburgh,PA,40.4225551,-79.8831964,13007007296,4,4556,6177,468112044304803,163183355817949,939163966884893,892870397925982,18.79,3.211,34.553,20.574,14.067,98.03,178.437,297.357
4022,Pittsburgh,PA,40.4225765,-79.8829464,11807673828,3,4556,6177,921232215105958,144769107684668,939163966884893,892870397925982,4.8,9.076,15.16,4.303,334.681,98.927,178.437,297.357
4023,Pittsburgh,PA,40.4226082,-79.8830551,11807673819,3,4556,6177,468112044304803,144769107684668,939163966884893,892870397925982,5.67,11.656,24.916,11.54,14.067,98.927,178.437,297.357
4024,Pittsburgh,PA,40.4226325,-79.8838248,11807673846,3,4556,6177,1203928163398998,157881562905869,487575926005513,1261124734669271,6.666,17.211,3.244,8.05,5.876,116.364,209.408,278.616
4025,Pittsburgh,PA,40.4226701,-79.8863352,13271755043,4,4556,6177,817260829212320,270049101528364,480466409900835,1334485160286090,7.066,7.828,9.916,17.414,0.0,144.525,162.566,278.553
4026,Pittsburgh,PA,40.4226784,-79.8797157,13039625848,3,4556,6177,510732633297076,214661030470767,515988672906284,1174089409692814,15.561,10.02,12.217,5.227,24.318,56.978,189.639,276.993
4027,Pittsburgh,PA,40.4226897,-79.883662,11807673843,4,4556,6177,1203928163398998,157881562905869,1138873489920839,1261124734669271,12.96,4.493,3.144,11.469,5.876,116.364,193.905,278.616
4028,Pittsburgh,PA,40.422705,-79.8863684,3557123466,3,4556,6177,257836312750010,270049101528364,480466409900835,447097693300436,6.515,9.29,7.102,10.669,0.0,144.525,162.566,322.294
4029,Pittsburgh,PA,40.4227098,-79.8862731,13271755040,3,4556,6177,817260829212320,270049101528364,270049101528364,447097693300436,1.094,1.207,1.207,2.908,0.0,144.525,144.525,322.294
4030,Pittsburgh,PA,40.4227151,-79.8837665,11807673836,4,4556,6177,1203928163398998,532993734776472,219022463128500,1261124734669271,12.865,6.467,2.234,2.953,5.876,37.825,206.76,278.616
4031,Pittsburgh,PA,40.4227279,-79.8866508,3557123451,3,4556,6177,4083526341734302,953331575478234,1142774476219407,910503149742648,24.23,24.12,29.943,27.114,0.0,133.525,171.723,324.233
4032,Pittsburgh,PA,40.422734,-79.8861297,686200868,3,4556,6177,531301074714979,1630884110455686,1630884110455686,531301074714979,0.421,0.643,0.643,0.421,326.578,145.302,145.302,326.578
4033,Pittsburgh,PA,40.4227521,-79.8860617,13038174778,3,4556,6177,1763879260466264,1630884110455686,1630884110455686,819516172276094,12.155,6.701,6.701,14.237,0.0,145.302,145.302,275.867
4034,Pittsburgh,PA,40.4227564,-79.8796792,11796144982,3,4556,6177,510732633297076,214661030470767,515988672906284,1174089409692814,6.63,8.418,6.148,3.988,24.318,56.978,189.639,276.993
4035,Pittsburgh,PA,40.4227695,-79.8836009,11807673818,3,4556,6177,224598152481475,157881562905869,460734245220948,1261124734669271,7.207,12.257,0.671,18.202,9.457,116.364,197.121,278.616
4036,Pittsburgh,PA,40.422799,-79.8861064,13038174779,4,4556,6177,1763879260466264,1381718132200856,490849488665927,819516172276094,5.712,6.775,7.854,8.046,0.0,144.462,151.537,275.867
4037,Pittsburgh,PA,40.4228119,-79.8864831,3557123456,4,4556,6177,4083526341734302,953331575478234,480466409900835,4508364242510299,7.245,9.571,14.766,11.918,0.0,133.525,162.566,321.979
4038,Pittsburgh,PA,40.4228442,-79.8864064,3060512490,3,4556,6177,4083526341734302,953331575478234,1785500694944853,4508364242510299,0.228,8.217,7.474,4.715,0.0,133.525,147.556,321.979
4039,Pittsburgh,PA,40.4228481,-79.8910787,12161354077,4,4556,6177,3626047000832577,2852534408321613,4072258572819802,389085815704307,9.574,17.881,8.395,6.093,0.0,36.615,161.655,264.932
4040,Pittsburgh,PA,40.4228831,-79.8851168,6989351446,4,4556,6177,187875239858202,489369232251774,3466184733481707,803828250834098,1.58,19.519,17.063,5.62,0.0,86.158,229.76,285.646
4041,Pittsburgh,PA,40.4228924,-79.8801281,11796144991,4,4556,6177,5644127708999223,493825922045428,765673570787320,483755539503942,13.929,9.656,7.675,7.277,23.355,112.359,122.785,291.439
4042,Pittsburgh,PA,40.4229053,-79.8909397,12161354087,4,4556,6177,3626047000832577,2852534408321613,4072258572819802,389085815704307,3.802,6.875,7.144,8.468,0.0,36.615,161.655,264.932
4043,Pittsburgh,PA,40.4229294,-79.8858722,7437732629,3,4556,6177,541933527045054,303149354609511,967608280660183,1104217186879535,17.023,6.461,14.657,13.301,0.0,106.129,239.927,281.877
4044,Pittsburgh,PA,40.4229468,-79.8911315,12161354085,4,4556,6177,946599142774030,818590409055740,844091919548272,4011267528957783,8.904,13.021,5.876,1.103,0.0,149.321,206.136,234.839
4045,Pittsburgh,PA,40.4229568,-79.8859914,13040227935,4,4556,6177,541933527045054,303149354609511,204053851402854,1120980818312416,6.545,10.62,23.147,9.119,0.0,106.129,146.341,251.486
4046,Pittsburgh,PA,40.4229692,-79.8860454,7437732630,3,4556,6177,541933527045054,303149354609511,204053851402854,1120980818312416,2.026,14.768,20.667,9.823,0.0,106.129,146.341,251.486
4047,Pittsburgh,PA,40.4230061,-79.8909997,12161354086,4,4556,6177,946599142774030,2852534408321613,282307320202512,389085815704307,4.449,6.88,7.321,12.937,0.0,36.615,157.644,264.932
4048,Pittsburgh,PA,40.4230165,-79.8855143,13040227928,3,4556,6177,2011430022339295,798255511116000,967608280660183,521751399794087,2.455,3.815,18.548,3.244,0.0,75.973,239.927,297.884
4049,Pittsburgh,PA,40.4230384,-79.8856196,13040227922,3,4556,6177,297497568737605,798255511116000,967608280660183,1630743130654318,2.028,6.773,10.19,4.055,0.0,75.973,239.927,286.249
4050,Pittsburgh,PA,40.4231186,-79.8859923,104639911,3,4556,6177,757823024900871,303149354609511,181498703872243,1547624335681956,2.138,17.753,34.793,8.806,0.0,106.129,159.35,277.355
4051,Pittsburgh,PA,40.4231789,-79.8813948,11807673829,3,4556,6177,203289331642449,342378180839897,464288304646979,531106031249049,2.639,5.644,14.689,15.726,347.445,91.412,213.772,275.962
4052,Pittsburgh,PA,40.4232156,-79.8815155,11807673823,4,4556,6177,386198592654006,342378180839897,464288304646979,531106031249049,9.389,5.367,13.534,7.787,6.906,91.412,213.772,275.962
4053,Pittsburgh,PA,40.42326,-79.8867908,12162259103,3,4556,6177,139795951472741,458395035462034,475938010151416,845364976055300,3.27,7.865,8.268,9.013,0.0,98.261,153.323,288.658
4054,Pittsburgh,PA,40.4232632,-79.881344,11796144984,4,4556,6177,203289331642449,489857818997102,464288304646979,303831901342233,8.959,6.449,7.944,6.15,347.445,110.732,213.772,249.87
4055,Pittsburgh,PA,40.4233047,-79.8814686,11796144975,4,4556,6177,306910274376090,489857818997102,464288304646979,531106031249049,12.298,6.01,4.596,4.591,13.303,110.732,213.772,275.962
4056,Pittsburgh,PA,40.4233502,-79.8869039,12162259102,3,4556,6177,3307710859332327,388983849028052,137347695095809,845364976055300,7.462,6.138,11.057,10.375,0.0,57.68,150.854,288.658
4057,Pittsburgh,PA,40.4233661,-79.8871194,13041903202,3,4556,6177,290995102740538,833323840606681,1196426450807794,845364976055300,22.791,18.741,25.483,22.379,0.0,71.509,146.955,288.658
4058,Pittsburgh,PA,40.4233843,-79.8833241,11807673835,4,4556,6177,160401602724886,184733930762070,1042251386302671,514448132927904,9.787,9.68,4.419,7.459,29.841,115.273,207.916,210.154
4059,Pittsburgh,PA,40.4233998,-79.8871057,13041875100,3,4556,6177,290995102740538,833323840606681,1196426450807794,845364976055300,19.607,21.135,22.389,23.738,0.0,71.509,146.955,288.658
4060,Pittsburgh,PA,40.4234222,-79.8869017,12162246492,3,4556,6177,530612358310634,458395035462034,137347695095809,513469283346411,3.731,17.167,7.649,8.187,0.0,98.261,150.854,320.07
4061,Pittsburgh,PA,40.4235087,-79.8824623,11807673820,3,4556,6177,1778453172342998,5778251502215022,198351488801849,243479500887829,2.943,10.748,27.085,7.246,353.416,100.001,121.97,284.106
4062,Pittsburgh,PA,40.4235576,-79.8915038,12161354092,4,4556,6177,180886067250716,901076717136554,2749877805303091,1374312176303357,11.407,4.724,14.467,17.972,0.0,82.123,170.583,246.202
4063,Pittsburgh,PA,40.4235623,-79.8870403,13041875099,3,4556,6177,200398878579226,624315745632626,624315745632626,497063315065333,6.672,7.644,7.644,7.644,0.0,144.708,144.708,322.687
4064,Pittsburgh,PA,40.423606,-79.8913562,12161354095,4,4556,6177,832381614326659,901076717136554,2749877805303091,1494186877607130,1.044,12.633,2.142,10.715,0.0,82.123,170.583,224.965
4065,Pittsburgh,PA,40.4236557,-79.8830316,11807673815,3,4556,6177,887401215383837,381323959906762,476841926866675,207475504541171,11.124,9.748,3.228,10.602,340.821,92.053,204.471,288.05
4066,Pittsburgh,PA,40.4236662,-79.8915433,12161354093,4,4556,6177,377603490284558,901076717136554,2749877805303091,1374312176303357,13.064,8.028,19.17,7.695,351.399,82.123,170.583,246.202
4067,Pittsburgh,PA,40.4236684,-79.8830095,11807673811,3,4556,6177,887401215383837,381323959906762,476841926866675,207475504541171,9.69,9.982,4.452,8.358,340.821,92.053,204.471,288.05
4068,Pittsburgh,PA,40.4236792,-79.8831355,11807673813,4,4556,6177,2864480930441490,940652496773354,1206888699768880,1114510145707246,5.27,5.043,1.643,9.347,30.9,88.123,205.627,289.501
4069,Pittsburgh,PA,40.4237011,-79.8914254,12161354094,4,4556,6177,377603490284558,901076717136554,384998132826728,1374312176303357,7.246,13.11,10.325,5.308,351.399,82.123,203.613,246.202
4070,Pittsburgh,PA,40.4237477,-79.8829599,11796144976,4,4556,6177,887401215383837,237311808187528,465522061405464,207475504541171,5.05,9.903,5.007,1.942,340.821,80.565,200.913,288.05
4071,Pittsburgh,PA,40.4237734,-79.8830709,11807673806,4,4556,6177,332402364897080,381323959906762,829718630977749,2577366682408830,1.994,5.722,1.647,2.826,29.6,92.053,204.484,257.489
4072,Pittsburgh,PA,40.4238032,-79.8872785,12162246491,3,4556,6177,1791752490992984,811388929792940,811388929792940,212877560420363,5.387,7.548,7.548,8.606,0.0,141.85,141.85,321.481
4073,Pittsburgh,PA,40.423818,-79.8908315,12162075607,3,4556,6177,932898644174673,216781499993439,3025127044477731,188125326413706,4.442,9.712,14.802,13.697,0.0,60.394,238.702,270.658
4074,Pittsburgh,PA,40.4238487,-79.8873195,12162246490,3,4556,6177,1438870899778690,1188002491644056,1164832390651997,212877560420363,4.989,8.775,10.065,6.62,0.0,142.217,149.235,321.481
4075,Pittsburgh,PA,40.4238644,-79.8910423,12162075605,3,4556,6177,825870918337836,269762577929346,3025127044477731,321255082856204,9.134,4.73,6.133,2.212,0.0,61.823,238.702,242.822
4076,Pittsburgh,PA,40.4239073,-79.8872015,12162246489,4,4556,6177,226982472520083,1164832390651997,1164832390651997,212877560420363,6.327,2.182,2.182,5.341,0.0,149.235,149.235,321.481
4077,Pittsburgh,PA,40.4239102,-79.8908916,12162075606,4,4556,6177,932898644174673,216781499993439,499970997877292,188125326413706,7.006,4.121,15.544,13.025,0.0,60.394,164.855,270.658
4078,Pittsburgh,PA,40.4239665,-79.8841949,13016005002,4,4556,6177,483432899593741,234317288025912,157295059703506,2213467792158441,13.952,5.949,18.957,9.529,331.855,119.332,122.863,293.174
4079,Pittsburgh,PA,40.4240095,-79.8873033,12162246487,3,4556,6177,915023635738889,296866971781093,296866971781093,4227023594014916,6.341,1.034,1.034,3.811,0.0,147.413,147.413,323.285
4080,Pittsburgh,PA,40.4240233,-79.8809539,11796144978,4,4556,6177,875747763152933,1094572754354614,475966513460181,321627139534395,8.082,3.401,4.969,8.175,4.829,109.624,198.192,318.805
4081,Pittsburgh,PA,40.4240601,-79.8810824,11796144974,4,4556,6177,875747763152933,4424269257584385,475966513460181,504377644346844,9.859,3.339,8.892,8.331,4.829,123.195,198.192,288.75
4082,Pittsburgh,PA,40.4240694,-79.884152,11807673805,4,4556,6177,483432899593741,398525454612990,157295059703506,1382827765408212,2.62,6.796,16.843,3.747,331.855,114.218,122.863,297.627
4083,Pittsburgh,PA,40.4240821,-79.8767446,106016245,3,4556,6177,1337664373435612,782592255779921,803487974274483,336095224597754,5.916,5.021,5.916,6.592,0.0,86.729,138.207,257.312
4084,Pittsburgh,PA,40.4241026,-79.8842737,13015989300,3,4556,6177,483432899593741,4037214146372363,157295059703506,1977752682372648,9.162,4.66,6.532,4.072,331.855,110.916,122.863,290.021
4085,Pittsburgh,PA,40.4241072,-79.8809129,11796133162,4,4556,6177,331075511712153,1094572754354614,1098734357286915,321627139534395,2.087,7.382,6.601,4.462,17.951,109.624,190.339,318.805
4086,Pittsburgh,PA,40.424147,-79.8810376,11796144970,4,4556,6177,875747763152933,179712740718676,1098734357286915,504377644346844,7.914,10.124,5.325,6.738,4.829,108.725,190.339,288.75
4087,Pittsburgh,PA,40.4241782,-79.8876474,12162075613,3,4556,6177,236520724940889,753192208679824,992937554802495,377195123626776,5.259,8.772,7.472,6.445,0.0,82.848,141.622,324.774
4088,Pittsburgh,PA,40.4241848,-79.8901804,12162075624,3,4556,6177,578808039766892,3987807374633201,3015026568734059,143242627844968,3.298,3.944,25.014,8.842,0.0,57.986,235.528,251.639
4089,Pittsburgh,PA,40.424219,-79.8900806,12162075623,3,4556,6177,319137752898237,919255748873828,3015026568734059,822676018664760,5.746,5.382,34.109,7.119,0.0,32.099,235.528,244.376
4090,Pittsburgh,PA,40.4242191,-79.8851089,13016005005,3,4556,6177,160186259448263,532515017759236,783965289154497,208504950913039,13.31,12.124,14.055,7.408,0.0,110.295,179.765,290.511
4091,Pittsburgh,PA,40.4242296,-79.8852193,13016005006,3,4556,6177,160186259448263,271284278013539,783965289154497,823712961886717,12.199,11.286,11.63,9.589,0.0,103.514,179.765,289.628
4092,Pittsburgh,PA,40.4242358,-79.8761926,106016221,4,4556,6177,1046927055945898,115639567975588,809025686705061,1658561481007217,13.539,5.643,6.454,2.294,0.0,70.743,201.894,244.597
4093,Pittsburgh,PA,40.4242685,-79.887731,12162075611,4,4556,6177,3000895170194668,753192208679824,301834051408505,140180524804876,3.831,3.568,7.573,6.533,0.0,82.848,141.724,327.446
4094,Pittsburgh,PA,40.4243114,-79.8788715,11796133158,3,4556,6177,226187732296595,285818033271337,506378444062373,833287054254072,7.425,3.284,14.897,8.254,31.121,53.592,194.616,251.489
4095,Pittsburgh,PA,40.4243317,-79.8876165,12162075612,3,4556,6177,855901028615254,753192208679824,1354874534912646,561556015020335,7.984,12.021,7.548,3.995,0.0,82.848,141.728,329.728
4096,Pittsburgh,PA,40.4243531,-79.8855839,13016005011,4,4556,6177,919209332267481,2600384433590743,783965289154497,253944933174041,10.641,5.736,33.774,7.64,3.292,105.973,179.765,300.602
4097,Pittsburgh,PA,40.4243653,-79.8852091,13016005013,4,4556,6177,160186259448263,271284278013539,783965289154497,823712961886717,5.361,7.098,4.281,6.539,0.0,103.514,179.765,289.628
4098,Pittsburgh,PA,40.4243707,-79.8762601,3637830761,3,4556,6177,1046927055945898,115639567975588,471677560728103,115119897296266,17.7,18.055,14.673,6.283,0.0,70.743,202.512,243.824
4099,Pittsburgh,PA,40.4243938,-79.8788304,11796133152,3,4556,6177,513658519819596,512280503234119,506378444062373,313246543503528,8.756,13.149,5.927,1.44,347.78,87.994,194.616,285.832
4100,Pittsburgh,PA,40.4244062,-79.8818917,11796144972,4,4556,6177,172190031412375,754554448570494,302952321290064,499017044885395,3.026,10.472,1.884,4.023,310.342,121.737,184.29,270.646
4101,Pittsburgh,PA,40.424449,-79.8859426,13016005010,4,4556,6177,5479614578776456,3008351792728853,227117815451802,510284720109787,6.324,5.867,7.381,17.277,0.0,114.828,193.55,214.094
4102,Pittsburgh,PA,40.4244495,-79.8793312,11796133163,4,4556,6177,175356145150846,1109954599490006,955245278621382,1105892906586704,2.061,6.615,9.083,6.664,13.886,120.749,142.414,289.792
4103,Pittsburgh,PA,40.4244506,-79.8860104,13040203796,4,4556,6177,2117713261702042,3008351792728853,227117815451802,510284720109787,0.83,10.884,1.949,16.227,0.0,114.828,193.55,214.094
4104,Pittsburgh,PA,40.4244523,-79.8860855,13040203795,3,4556,6177,1447578308907939,525684571891665,136941508428058,510284720109787,5.497,12.808,4.404,17.367,0.0,127.548,192.786,214.094
4105,Pittsburgh,PA,40.4244536,-79.8855272,13016005014,4,4556,6177,919209332267481,2600384433590743,783965289154497,253944933174041,2.191,7.514,31.938,5.951,3.292,105.973,179.765,300.602
4106,Pittsburgh,PA,40.4244787,-79.8824744,11796144973,4,4556,6177,312840157132525,578070339826416,300352678224041,308730017381227,7.962,6.742,2.149,3.119,17.005,63.141,192.747,262.0
4107,Pittsburgh,PA,40.4244809,-79.8759187,106016210,3,4556,6177,430494502527969,325156352311876,370484134401360,462002405091493,5.183,14.594,2.631,9.5,0.0,32.789,200.675,223.47
4108,Pittsburgh,PA,40.4245022,-79.8808532,11796144971,4,4556,6177,1829949127178652,153743530055801,792115218081619,183332863660848,6.901,16.222,4.764,3.388,18.443,115.319,197.883,295.31
4109,Pittsburgh,PA,40.4245137,-79.8825829,11807673798,4,4556,6177,258670629280632,215153753477559,209362587480638,308730017381227,5.832,5.105,3.112,9.457,29.401,40.479,203.17,262.0
4110,Pittsburgh,PA,40.4245316,-79.8792891,11796133154,4,4556,6177,532393041653340,1109954599490006,955245278621382,531005175008370,2.736,4.755,3.748,4.149,20.036,120.749,142.414,291.966
4111,Pittsburgh,PA,40.4245416,-79.8892563,12162075622,3,4556,6177,223615979181559,520516479187179,319470126433855,288217872988325,2.6,12.261,6.281,9.529,0.0,84.502,160.176,243.132
4112,Pittsburgh,PA,40.4245609,-79.8859072,13016005012,3,4556,6177,527875775263327,1348879108827260,372908324125478,510284720109787,6.089,2.406,8.253,9.308,0.0,122.182,186.805,214.094
4113,Pittsburgh,PA,40.4245657,-79.8824174,11704290072,4,4556,6177,848340062458907,884153432444820,3801250486650344,1449472028722754,7.288,7.595,2.19,3.524,359.837,54.056,188.621,288.009
4114,Pittsburgh,PA,40.4245794,-79.8877676,12162202791,3,4556,6177,535916164447986,685360348903622,685360348903622,185751863410132,14.216,13.124,13.124,6.575,0.0,143.313,143.313,327.136
4115,Pittsburgh,PA,40.4245796,-79.8891551,12162075621,3,4556,6177,977706046369017,520516479187179,319470126433855,377654806991052,4.044,6.854,5.132,8.885,0.0,84.502,160.176,243.469
4116,Pittsburgh,PA,40.4245955,-79.8825257,11807673776,4,4556,6177,158506992904926,884153432444820,513302199691461,474073670532073,0.753,2.24,2.231,2.381,342.508,54.056,199.716,263.422
4117,Pittsburgh,PA,40.4246128,-79.8877939,12162208901,4,4556,6177,877939023064240,327553448797926,327553448797926,877939023064240,6.351,13.35,13.35,6.351,328.53,144.294,144.294,328.53
4118,Pittsburgh,PA,40.4246709,-79.8800676,11796133165,4,4556,6177,462783575026405,291198855977509,219648159726706,323979365779621,9.775,7.946,29.922,4.962,300.861,90.726,121.879,294.554
4119,Pittsburgh,PA,40.4247319,-79.8878873,12162202792,3,4556,6177,910036599563487,332520794911714,332520794911714,327385655402560,5.744,14.023,14.023,9.208,330.409,146.213,146.213,327.324
4120,Pittsburgh,PA,40.4247526,-79.8800249,11796133156,4,4556,6177,462783575026405,291198855977509,219648159726706,167011751931653,9.179,12.479,30.25,3.374,300.861,90.726,121.879,292.448
4121,Pittsburgh,PA,40.4247976,-79.8882934,12162075610,3,4556,6177,962655327878712,291200095978128,381792053212617,312501920521039,4.018,2.81,14.401,13.086,0.0,63.934,190.925,225.997
4122,Pittsburgh,PA,40.4248143,-79.8805445,11796133157,4,4556,6177,306009691061163,480166109872574,473044813980551,522527069127719,5.109,9.19,6.536,3.778,1.123,112.63,198.934,277.922
4123,Pittsburgh,PA,40.4248532,-79.8806709,11691953917,4,4556,6177,306009691061163,333631241699515,473044813980551,748313409165470,6.895,11.18,5.008,2.08,1.123,59.445,198.934,296.148
4124,Pittsburgh,PA,40.4248658,-79.888013,12162202800,4,4556,6177,955384745211282,910361512859686,910361512859686,955384745211282,6.184,13.781,13.781,6.184,328.368,147.066,147.066,328.368
4125,Pittsburgh,PA,40.4248947,-79.888362,12162075618,3,4556,6177,282998393228186,568122737538560,381792053212617,312501920521039,5.073,10.947,3.914,13.857,0.0,66.121,190.925,225.997
4126,Pittsburgh,PA,40.4248963,-79.8805031,11796133142,4,4556,6177,306009691061163,480166109872574,497291505035195,492623585386869,12.318,12.362,7.249,3.07,1.123,112.63,198.175,291.478
4127,Pittsburgh,PA,40.4249379,-79.8806296,11691953907,4,4556,6177,306009691061163,322518422611605,497291505035195,2931571983751851,13.604,13.169,5.286,3.122,1.123,137.549,198.175,292.717
4128,Pittsburgh,PA,40.4250032,-79.8783909,13032119980,4,4556,6177,3979664812113321,272396514669125,212719203647564,171762581552062,4.447,13.328,0.813,5.117,7.55,85.364,147.639,321.038
4129,Pittsburgh,PA,40.4250131,-79.8808771,13031748196,3,4556,6177,306009691061163,1175737636225273,478202156765205,467638544466576,31.731,6.002,8.315,3.006,1.123,119.536,147.286,290.055
4130,Pittsburgh,PA,40.4250492,-79.8807137,13031748200,3,4556,6177,898175394245953,1175737636225273,949429419204099,313962660176307,17.523,20.38,16.24,11.039,22.297,119.536,197.72,291.827
4131,Pittsburgh,PA,40.4250938,-79.8783113,13032119975,4,4556,6177,887530111843620,505777191409419,316336293335098,1091746467982816,7.699,5.103,4.677,9.64,8.39,92.136,157.713,270.882
4132,Pittsburgh,PA,40.4251021,-79.8784614,11796133151,5,4556,6177,162862049753101,272396514669125,856870371708591,1091746467982816,4.887,0.887,5.032,15.584,0.0,85.364,198.02,270.882
4133,Pittsburgh,PA,40.4251074,-79.8821906,11807673772,3,4556,6177,182615573724540,1101993560297309,1481751925495332,3909534052448872,3.948,17.181,6.433,5.179,1.917,35.171,202.365,286.011
4134,Pittsburgh,PA,40.4251099,-79.8815196,11691953916,4,4556,6177,885300595364073,1313791469014782,375604170710275,526329225045506,19.073,10.982,2.803,3.417,304.236,108.285,194.5,282.95
4135,Pittsburgh,PA,40.4251258,-79.8807668,13031781205,3,4556,6177,898175394245953,1175737636225273,1905143666315652,467638544466576,25.067,21.0,22.794,17.268,22.297,119.536,202.527,290.055
4136,Pittsburgh,PA,40.4251491,-79.8821639,11807673773,4,4556,6177,182615573724540,1101993560297309,507430363590620,3909534052448872,5.399,12.034,6.447,3.805,1.917,35.171,200.98,286.011
4137,Pittsburgh,PA,40.4251645,-79.8783424,13032119970,3,4556,6177,162862049753101,1174632046332457,2163320717131400,1091746467982816,8.814,2.255,4.128,3.355,0.0,83.857,221.54,270.882
4138,Pittsburgh,PA,40.425188,-79.882139,11691863421,3,4556,6177,525810015251750,1101993560297309,296668861971121,3909534052448872,0.696,7.249,5.6,7.137,11.922,35.171,203.962,286.011
4139,Pittsburgh,PA,40.4251939,-79.8814753,11691953910,4,4556,6177,885300595364073,1313791469014782,988284151917655,4003890676370150,22.52,1.458,3.215,2.404,304.236,108.285,176.659,292.585
4140,Pittsburgh,PA,40.4252039,-79.8784723,13032119971,3,4556,6177,308431014226586,483660836196780,1079773032513300,496064658315782,2.643,1.601,8.221,3.721,356.469,106.377,133.407,294.583
4141,Pittsburgh,PA,40.4252199,-79.884578,11807673780,3,4556,6177,3969171323190513,184842243509460,2950584395185425,140169431382045,2.24,10.168,26.877,5.121,320.911,61.222,206.998,266.572
4142,Pittsburgh,PA,40.4252287,-79.8881767,2676342041,3,4556,6177,306280820955278,854571448494369,854571448494369,306280820955278,14.383,32.289,32.289,14.383,322.525,139.335,139.335,322.525
4143,Pittsburgh,PA,40.4252396,-79.8846423,11807673788,4,4556,6177,846290486099437,184842243509460,2950584395185425,171812981529468,4.053,5.542,32.519,3.286,26.806,61.222,206.998,291.76
4144,Pittsburgh,PA,40.4252418,-79.8789257,11796133153,4,4556,6177,123507707192662,607331447751058,2990510467851046,1164149387385341,1.63,5.464,25.24,8.719,32.705,115.358,132.105,288.917
4145,Pittsburgh,PA,40.4252485,-79.8789479,13032119989,3,4556,6177,123507707192662,607331447751058,2990510467851046,1164149387385341,1.148,6.626,27.211,9.88,32.705,115.358,132.105,288.917
4146,Pittsburgh,PA,40.4253271,-79.8819154,11691953904,3,4556,6177,3962293817187499,2874694612795446,818948055408549,904281193745181,1.758,7.093,7.336,3.077,359.886,33.477,192.754,290.286
4147,Pittsburgh,PA,40.425334,-79.8756875,104363029,4,4556,6177,268880181630692,1224634897967780,294566488890056,483470156231427,3.682,6.33,4.3,9.724,22.21,30.83,203.952,212.291
4148,Pittsburgh,PA,40.4253884,-79.8827971,11691863420,3,4556,6177,492806512032758,202637658366301,772821456733117,303473084762157,5.266,12.343,2.79,5.109,0.0,32.683,184.823,293.676
4149,Pittsburgh,PA,40.4253934,-79.8810501,13031781208,3,4556,6177,808348276473580,315470633403187,973943776680294,808348276473580,27.286,34.814,27.082,27.286,304.139,126.128,195.747,304.139
4150,Pittsburgh,PA,40.4254216,-79.8829138,7387630503,3,4556,6177,1229110690937177,202637658366301,772821456733117,380011329951780,2.569,5.648,7.808,4.693,0.0,32.683,184.823,283.518
4151,Pittsburgh,PA,40.4254592,-79.8889532,12162202785,3,4556,6177,902699433906308,848711005757596,848711005757596,826650211273964,6.15,3.393,3.393,11.564,0.0,141.757,141.757,320.563
4152,Pittsburgh,PA,40.4255009,-79.8834839,11807673774,3,4556,6177,539857587178870,300305618239366,310084680562427,808885603379450,2.068,25.631,9.853,4.931,18.287,60.784,236.027,299.218
4153,Pittsburgh,PA,40.4255143,-79.8886325,12162259131,4,4556,6177,1989749621163573,535152667619917,848711005757596,847365209191815,7.745,24.855,24.437,8.061,322.05,137.68,141.757,320.639
4154,Pittsburgh,PA,40.4255288,-79.8904238,12162202732,3,4556,6177,467805207631308,253242603255238,524618752247350,141336614647253,4.801,2.859,8.938,5.62,0.0,63.53,160.348,219.335
4155,Pittsburgh,PA,40.4255482,-79.8834673,11807673796,4,4556,6177,495331754854174,940042380097122,310084680562427,808885603379450,2.121,30.786,11.453,2.148,0.0,72.049,236.027,299.218
4156,Pittsburgh,PA,40.4255665,-79.8903209,12162202742,3,4556,6177,1586501775074524,968611380580807,524618752247350,285555346610394,5.406,10.293,5.69,2.524,0.0,79.485,160.348,213.076
4157,Pittsburgh,PA,40.4255754,-79.888705,12162259134,4,4556,6177,1989749621163573,848711005757596,848711005757596,1989749621163573,5.05,21.465,21.465,5.05,322.05,141.757,141.757,322.05
4158,Pittsburgh,PA,40.425592,-79.8834519,7387621481,3,4556,6177,840392089896961,940042380097122,310084680562427,808885603379450,1.94,31.159,14.682,6.263,0.0,72.049,236.027,299.218
4159,Pittsburgh,PA,40.4256038,-79.8801283,11796133143,4,4556,6177,185568466781162,675886310551325,216689163296689,838704700077841,11.751,5.614,5.058,11.153,318.884,102.349,202.919,309.67
4160,Pittsburgh,PA,40.4256051,-79.8887402,12162259127,3,4556,6177,3019132238361240,848711005757596,848711005757596,1989749621163573,17.42,21.333,21.333,8.323,0.0,141.757,141.757,322.05
4161,Pittsburgh,PA,40.4256118,-79.8899596,12162202752,4,4556,6177,204496424841239,3158998877663214,1105358249986110,285555346610394,2.162,7.104,16.333,29.971,0.0,113.105,141.178,213.076
4162,Pittsburgh,PA,40.4256451,-79.880263,11691953908,3,4556,6177,321803506191640,1652995785088799,2498257456984873,321803506191640,2.735,7.715,3.124,2.735,308.009,108.564,200.515,308.009
4163,Pittsburgh,PA,40.4256815,-79.8887748,12162259133,4,4556,6177,163065649087254,1035833750557021,1035833750557021,163065649087254,7.097,24.164,24.164,7.097,319.807,141.298,141.298,319.807
4164,Pittsburgh,PA,40.4256871,-79.88009,11796133145,4,4556,6177,185568466781162,207074080984131,3997249143722992,185568466781162,2.27,1.649,5.286,2.27,318.884,110.766,191.494,318.884
4165,Pittsburgh,PA,40.4257277,-79.8802203,11691863424,4,4556,6177,794671728087267,1652995785088799,3997249143722992,1194023657710821,6.465,2.792,6.64,9.64,41.891,108.564,191.494,284.801
4166,Pittsburgh,PA,40.4258717,-79.8811169,2645731147,3,4556,6177,1907329312749076,135693955241434,4006000146152283,381102146573573,12.328,11.033,3.366,9.306,303.924,110.681,189.523,288.009
4167,Pittsburgh,PA,40.426012,-79.8814683,11691953903,3,4556,6177,896404484241135,536988600649634,2970415616613864,1545043635887208,5.017,6.556,5.48,8.087,13.801,112.039,185.825,270.964
4168,Pittsburgh,PA,40.4260531,-79.8815755,11691863419,3,4556,6177,2714872528810759,150922366953365,470360714032812,489781532142961,6.744,10.722,2.147,3.793,0.0,94.58,183.012,277.852
4169,Pittsburgh,PA,40.4261217,-79.8800126,11691863431,4,4556,6177,591552195146836,3023060174602321,976914889710782,468484481152987,1.78,4.632,4.249,15.704,20.814,106.979,197.29,213.47
4170,Pittsburgh,PA,40.4261901,-79.8749306,104481056,3,4556,6177,2902647756711303,633545305134130,171926738185948,311360410586869,4.095,3.558,6.554,7.849,7.505,34.05,184.089,292.326
4171,Pittsburgh,PA,40.4262655,-79.8898428,12162202784,3,4556,6177,1172544649851601,894398571426472,894398571426472,567352174249329,8.476,11.914,11.914,13.842,0.0,140.265,140.265,320.793
4172,Pittsburgh,PA,40.4263595,-79.8821664,11691863418,3,4556,6177,817635689129475,588396362555149,176546667693728,262688138947086,2.884,3.761,8.893,9.589,0.0,126.339,182.199,271.056
4173,Pittsburgh,PA,40.4263946,-79.8896079,12162259138,4,4556,6177,2838688559716909,894398571426472,894398571426472,2838688559716909,4.083,17.53,17.53,4.083,319.79,140.265,140.265,319.79
4174,Pittsburgh,PA,40.4264079,-79.8822627,7387630500,3,4556,6177,301116744814732,115256067279524,176546667693728,262688138947086,4.083,6.098,3.787,6.683,354.543,77.067,182.199,271.056
4175,Pittsburgh,PA,40.4264617,-79.8896842,12162259140,4,4556,6177,168593238600974,835448230423280,835448230423280,168593238600974,5.208,15.36,15.36,5.208,320.073,143.582,143.582,320.073
4176,Pittsburgh,PA,40.4264801,-79.8811549,11691863430,4,4556,6177,3808764705885625,201374831815919,3910428522386723,513149969730628,5.901,3.887,4.564,14.916,0.0,111.082,205.559,212.188
4177,Pittsburgh,PA,40.4265007,-79.8812207,2649083001,3,4556,6177,3808764705885625,201374831815919,494655578324252,513149969730628,0.594,9.756,3.417,14.267,0.0,111.082,208.969,212.188
4178,Pittsburgh,PA,40.4265467,-79.8897807,12162259139,3,4556,6177,393666465090671,777620619572422,777620619572422,498457431294608,15.452,15.591,15.591,7.612,0.0,137.932,137.932,319.561
4179,Pittsburgh,PA,40.4265636,-79.8895284,7428966600,3,4556,6177,168593238600974,777620619572422,835448230423280,168593238600974,21.544,33.866,32.717,21.544,320.073,137.932,143.582,320.073
4180,Pittsburgh,PA,40.4267185,-79.8830453,11807673777,3,4556,6177,293607985760625,150752560278179,1136573320190166,523344275495896,4.923,8.808,21.656,1.86,0.0,95.266,121.123,291.937
4181,Pittsburgh,PA,40.4267224,-79.8829283,7387621483,3,4556,6177,2357106607767367,2050872415066894,1136573320190166,328993845580785,4.031,8.543,11.902,6.338,0.0,93.063,121.123,283.172
4182,Pittsburgh,PA,40.4268309,-79.8906008,12103640899,3,4556,6177,213098040396295,4115366405173305,4115366405173305,499699344560997,16.139,18.033,18.033,21.591,0.0,134.295,134.295,312.741
4183,Pittsburgh,PA,40.4268384,-79.8851377,11807673793,3,4556,6177,308468834220517,472382744092489,219363382974381,1698915273645273,8.221,9.484,8.958,5.08,0.0,88.521,173.597,250.241
4184,Pittsburgh,PA,40.4268465,-79.8852289,12319374389,4,4556,6177,308468834220517,398384847858371,219363382974381,821368922066329,1.861,8.684,7.527,10.984,0.0,75.545,173.597,279.196
4185,Pittsburgh,PA,40.4268874,-79.8905216,12162202783,4,4556,6177,213098040396295,4115366405173305,4115366405173305,499699344560997,6.991,9.324,9.324,12.416,0.0,134.295,134.295,312.741
4186,Pittsburgh,PA,40.4269013,-79.8852122,104998759,3,4556,6177,290103769512949,398384847858371,219363382974381,821368922066329,0.489,4.949,1.912,5.006,0.0,75.545,173.597,279.196
4187,Pittsburgh,PA,40.4269078,-79.8808736,11691863428,3,4556,6177,296815298603128,1905227842959638,2846068989042367,1138947846531486,4.79,11.559,8.12,9.243,0.0,95.819,191.216,293.365
4188,Pittsburgh,PA,40.426939,-79.8908726,12103640897,3,4556,6177,219951752930950,774566446541261,177482140960260,177482140960260,24.554,29.09,14.911,14.911,0.0,134.043,210.934,210.934
4189,Pittsburgh,PA,40.4269419,-79.8910042,12162202764,4,4556,6177,801626657143423,151073063659316,177482140960260,177482140960260,31.877,27.346,9.384,9.384,0.0,54.786,210.934,210.934
4190,Pittsburgh,PA,40.4269436,-79.8795833,11691863438,4,4556,6177,981633922666135,816037179015278,488369782379053,2253479274783099,0.84,9.665,9.564,11.602,0.0,68.808,204.944,245.648
4191,Pittsburgh,PA,40.4269904,-79.8808167,11691863434,3,4556,6177,475960830344934,1905227842959638,938874943325293,1899421100209596,2.902,9.839,7.104,2.518,0.0,95.819,163.335,245.812
4192,Pittsburgh,PA,40.4270006,-79.8907761,12103640898,3,4556,6177,219951752930950,467343434362406,908162823364457,922299054981417,14.024,18.168,22.065,21.958,0.0,139.996,200.545,296.716
4193,Pittsburgh,PA,40.427045,-79.8907066,12162202782,4,4556,6177,219951752930950,467343434362406,467343434362406,922299054981417,6.696,11.425,11.425,14.3,0.0,139.996,139.996,296.716
4194,Pittsburgh,PA,40.4270483,-79.8749325,105229326,3,4556,6177,648526483460279,1175135836340634,308468060879138,488609305572587,0.332,9.578,1.34,8.145,1.662,94.185,179.137,241.147
4195,Pittsburgh,PA,40.4270994,-79.8908349,12162202763,3,4556,6177,801626657143423,774566446541261,908162823364457,4138549799500215,9.488,11.963,10.727,15.403,0.0,134.043,200.545,313.079
4196,Pittsburgh,PA,40.4270998,-79.8808269,13038118265,3,4556,6177,827125224892167,1905227842959638,207598877867743,1899421100209596,2.38,14.068,6.686,11.92,0.0,95.819,195.539,245.812
4197,Pittsburgh,PA,40.4272167,-79.8753504,8874840418,4,4556,6177,1265094383886954,1091158751710592,146192930816466,325101602308982,6.779,2.841,6.447,3.186,10.359,72.374,200.078,231.0
4198,Pittsburgh,PA,40.4272567,-79.8910485,12162202771,3,4556,6177,214958933513849,1630952890428515,482812052944825,517301022629327,11.025,1.828,9.406,13.474,0.0,51.452,172.26,229.573
4199,Pittsburgh,PA,40.4272622,-79.8807168,13038118266,3,4556,6177,181405903868073,519977989413662,405155230479371,314465486865223,1.519,24.368,4.968,4.592,0.0,135.092,206.739,215.929
4200,Pittsburgh,PA,40.4272735,-79.8806313,11691863439,4,4556,6177,300903471753065,519977989413662,405155230479371,1389093104780009,1.117,20.156,6.435,9.485,0.0,135.092,206.739,212.534
4201,Pittsburgh,PA,40.4272739,-79.8749523,7016563070,3,4556,6177,186371273948396,327647242044561,285283889915697,314695043559986,1.087,7.321,0.428,3.922,357.982,90.438,173.913,276.516
4202,Pittsburgh,PA,40.4272937,-79.8806954,2649083003,3,4556,6177,181405903868073,519977989413662,405155230479371,1389093104780009,2.477,20.444,1.142,4.868,0.0,135.092,206.739,212.534
4203,Pittsburgh,PA,40.4273718,-79.875434,8874840420,3,4556,6177,1265094383886954,843749789550094,146192930816466,144685981006755,22.195,17.977,23.351,22.767,10.359,82.399,200.078,257.299
4204,Pittsburgh,PA,40.4274671,-79.8754595,8874840421,3,4556,6177,1265094383886954,843749789550094,146192930816466,144685981006755,32.976,27.999,34.163,31.085,10.359,82.399,200.078,257.299
4205,Pittsburgh,PA,40.4276087,-79.8804118,11691863437,3,4556,6177,3958223867597785,760340471279099,803375960597674,829433054330753,4.633,15.276,8.491,7.33,0.0,73.377,168.294,220.321
4206,Pittsburgh,PA,40.427627,-79.8910362,12162259146,3,4556,6177,217097223269579,203606434922689,172400448060241,2814476445532922,10.786,11.444,10.112,9.016,0.0,148.826,154.284,268.806
4207,Pittsburgh,PA,40.4276368,-79.8912607,12195830092,3,4556,6177,1497566173968496,203606434922689,830356867897561,2814476445532922,6.07,15.118,13.284,15.709,0.0,148.826,160.147,268.806
4208,Pittsburgh,PA,40.4276465,-79.8803884,13032119995,4,4556,6177,1098368060654435,760340471279099,2857689651157078,205296234740906,2.343,19.531,9.469,16.213,0.0,73.377,183.712,255.167
4209,Pittsburgh,PA,40.4276632,-79.8804447,107589700,3,4556,6177,169855768389772,760340471279099,2857689651157078,829433054330753,0.472,21.576,6.37,6.691,0.0,73.377,183.712,220.321
4210,Pittsburgh,PA,40.4276862,-79.8803638,13032119994,3,4556,6177,1446037669069788,760340471279099,2857689651157078,205296234740906,2.132,24.155,7.771,16.452,0.0,73.377,183.712,255.167
4211,Pittsburgh,PA,40.4277144,-79.8790357,13032159902,4,4556,6177,320128396134586,472446763816340,295852275579859,329994601873042,11.595,12.516,9.824,21.877,0.0,115.007,175.206,300.954
4212,Pittsburgh,PA,40.4277549,-79.8911136,12195830095,4,4556,6177,522405062464171,203606434922689,830356867897561,2814476445532922,11.553,22.916,6.903,6.798,0.0,148.826,160.147,268.806
4213,Pittsburgh,PA,40.4278213,-79.8803336,13038118264,3,4556,6177,474288690519877,850386702493254,1456824991330969,205296234740906,2.42,30.28,9.405,27.02,0.0,45.293,200.36,255.167
4214,Pittsburgh,PA,40.4278313,-79.8803266,107589730,3,4556,6177,474288690519877,850386702493254,1456824991330969,205296234740906,1.355,29.021,10.594,27.826,0.0,45.293,200.36,255.167
4215,Pittsburgh,PA,40.4280258,-79.8801992,13038118263,3,4556,6177,2910557859202385,850386702493254,1174503039659781,781709379379965,0.588,4.895,5.328,14.574,0.0,45.293,205.58,210.83
4216,Pittsburgh,PA,40.4280604,-79.8801766,104453982,3,4556,6177,2966306743657202,850386702493254,1174503039659781,781709379379965,2.858,0.879,8.554,10.434,0.0,45.293,205.58,210.83
4217,Pittsburgh,PA,40.4286234,-79.8914673,12195857206,3,4556,6177,209705550778710,1991998090954556,314792703435229,512604556538066,12.938,13.404,8.733,6.709,0.0,77.268,200.946,222.918
4218,Pittsburgh,PA,40.4287521,-79.8913817,10048498691,3,4556,6177,797164897858071,913888289451840,246875777237077,463610501391674,5.292,14.681,7.525,7.768,20.053,36.572,198.112,210.847
4219,Pittsburgh,PA,40.4290396,-79.8819904,104946860,3,4556,6177,274688807730371,3988922434494137,1238430526571129,1238430526571129,23.741,32.84,0.757,0.757,21.977,57.896,213.384,213.384
4220,Pittsburgh,PA,40.4293471,-79.8747097,5323173309,3,4556,6177,1084630835525860,808990339742439,506597947150247,760650604595997,2.782,1.276,8.844,11.228,4.515,133.423,184.94,233.479
4221,Pittsburgh,PA,40.4295597,-79.8811945,105743467,4,4556,6177,1695494500635485,1430925737279880,309117720841142,309117720841142,10.248,15.278,3.416,3.416,24.243,77.589,226.788,226.788
4222,Pittsburgh,PA,40.4296584,-79.8923782,8257264066,3,4556,6177,3033289296900871,546406496345693,480024963278026,340787107478271,17.606,31.521,13.541,28.705,0.0,149.983,163.259,254.458
4223,Pittsburgh,PA,40.4297241,-79.8922468,12195830076,4,4556,6177,3033289296900871,546406496345693,480024963278026,340787107478271,5.8,24.459,2.334,28.487,0.0,149.983,163.259,254.458
4224,Pittsburgh,PA,40.4297406,-79.8920441,12195830020,3,4556,6177,3033289296900871,546406496345693,476978526904654,340787107478271,12.117,31.743,7.586,29.335,0.0,149.983,158.983,254.458
4225,Pittsburgh,PA,40.4297576,-79.8922291,3264659305,3,4556,6177,3884368891682800,546406496345693,1730440110490444,340787107478271,4.354,21.323,2.096,31.557,0.0,149.983,161.241,254.458
4226,Pittsburgh,PA,40.4297621,-79.892261,12195830077,4,4556,6177,3884368891682800,546406496345693,480024963278026,340787107478271,5.436,20.069,2.258,32.866,0.0,149.983,163.259,254.458
4227,Pittsburgh,PA,40.4300067,-79.8755388,5323173290,3,4556,6177,345414484007683,137635395020955,2924767677803789,293550569024294,11.565,9.198,1.051,5.064,0.0,103.003,200.351,254.705
4228,Pittsburgh,PA,40.4300414,-79.8754633,686555187,3,4556,6177,582080013184023,2899070363690367,2924767677803789,1199232773847585,5.601,1.544,8.443,2.747,328.348,62.362,200.351,285.302
4229,Pittsburgh,PA,40.4193478,-79.8500613,10225136943,3,4557,6177,2566627716964310,464693094590093,505835443792272,2566627716964310,32.893,16.911,17.886,32.893,324.177,140.213,146.036,324.177
4230,Pittsburgh,PA,40.41963,-79.850156,12057946776,3,4557,6177,921520068704286,481717312881054,481717312881054,921520068704286,20.112,5.118,5.118,20.112,321.264,140.494,140.494,321.264
4231,Pittsburgh,PA,40.4196399,-79.8503056,8256985944,3,4557,6177,799692997418963,830438221222157,830438221222157,799692997418963,29.073,13.072,13.072,29.073,321.549,138.947,138.947,321.549
4232,Pittsburgh,PA,40.4196466,-79.8501908,12059972495,3,4557,6177,921520068704286,830438221222157,830438221222157,921520068704286,22.167,5.412,5.412,22.167,321.264,138.947,138.947,321.264
4233,Pittsburgh,PA,40.4196655,-79.8501215,12057946778,4,4557,6177,921520068704286,481717312881054,481717312881054,921520068704286,15.939,0.939,0.939,15.939,321.264,140.494,140.494,321.264
4234,Pittsburgh,PA,40.4196722,-79.8503462,12057946783,4,4557,6177,799692997418963,461343041597598,461343041597598,799692997418963,29.34,14.035,14.035,29.34,321.549,139.543,139.543,321.549
4235,Pittsburgh,PA,40.4196911,-79.8502372,12057946790,4,4557,6177,799692997418963,830438221222157,830438221222157,799692997418963,20.955,5.94,5.94,20.955,321.549,138.947,138.947,321.549
4236,Pittsburgh,PA,40.4197295,-79.8501885,470785392,4,4557,6177,799692997418963,830438221222157,2890083524597925,799692997418963,15.019,4.57,5.126,15.019,321.549,138.947,145.326,321.549
4237,Pittsburgh,PA,40.4197315,-79.8502839,12057946785,3,4557,6177,799692997418963,461343041597598,461343041597598,799692997418963,21.325,5.834,5.834,21.325,321.549,139.543,139.543,321.549
4238,Pittsburgh,PA,40.4197602,-79.8502976,12057946780,3,4557,6177,799692997418963,461343041597598,461343041597598,799692997418963,21.019,3.737,3.737,21.019,321.549,139.543,139.543,321.549
4239,Pittsburgh,PA,40.4197906,-79.8500103,12057946777,4,4557,6177,151753083581025,2890083524597925,2890083524597925,151753083581025,4.517,13.974,13.974,4.517,321.85,145.326,145.326,321.85
4240,Pittsburgh,PA,40.4197945,-79.8502572,12057946782,4,4557,6177,799692997418963,193717642493777,193717642493777,799692997418963,16.647,0.638,0.638,16.647,321.549,137.877,137.877,321.549
4241,Pittsburgh,PA,40.4198444,-79.8500657,105076900,3,4557,6177,799692997418963,1218219011969217,1218219011969217,799692997418963,1.985,13.855,13.855,1.985,321.549,145.326,145.326,321.549
4242,Pittsburgh,PA,40.4199413,-79.8500319,12057946773,3,4557,6177,114830464005023,1218219011969217,1218219011969217,1091839581325761,7.655,22.578,22.578,7.855,322.202,145.326,145.326,318.388
4243,Pittsburgh,PA,40.4199426,-79.8500746,12057946779,3,4557,6177,114830464005023,188506706463101,1218219011969217,1091839581325761,5.127,22.316,20.38,4.254,322.202,135.45,145.326,318.388
4244,Pittsburgh,PA,40.4201646,-79.8508023,12062220405,4,4557,6177,216593493334490,377501586960574,377501586960574,216593493334490,20.362,1.854,1.854,20.362,312.826,139.946,139.946,312.826
4245,Pittsburgh,PA,40.4201974,-79.850765,10765534536,3,4557,6177,216593493334490,377501586960574,377501586960574,216593493334490,15.56,3.085,3.085,15.56,312.826,139.946,139.946,312.826
4246,Pittsburgh,PA,40.4202326,-79.8504249,12057946760,4,4557,6177,180950133912525,4007880112638401,4007880112638401,1097944917384994,4.566,19.571,19.571,4.968,316.408,132.933,132.933,313.241
4247,Pittsburgh,PA,40.4202986,-79.8502705,12064736102,3,4557,6177,180950133912525,4007880112638401,4007880112638401,1097944917384994,18.786,33.838,33.838,19.544,316.408,132.933,132.933,313.241
4248,Pittsburgh,PA,40.4203426,-79.8509796,687397133,3,4557,6177,480100819882930,2127774327365412,309575197338663,480100819882930,15.708,7.796,10.263,15.708,311.611,120.741,131.082,311.611
4249,Pittsburgh,PA,40.4203849,-79.8511359,12062220406,4,4557,6177,917524198792099,1260839987652422,475959140356674,1336636254133495,20.668,1.321,1.502,20.135,310.223,122.683,133.733,306.763
4250,Pittsburgh,PA,40.4204203,-79.8510979,10765534540,3,4557,6177,917524198792099,1260839987652422,475959140356674,1336636254133495,15.628,3.92,4.183,15.762,310.223,122.683,133.733,306.763
4251,Pittsburgh,PA,40.4204516,-79.8507318,12057946755,3,4557,6177,320374786198972,1015536595924521,309575197338663,320374786198972,7.824,25.191,24.65,7.824,310.893,125.866,131.082,310.893
4252,Pittsburgh,PA,40.4204739,-79.8512823,12062220407,4,4557,6177,1336636254133495,491339198794735,491339198794735,1336636254133495,19.392,0.792,0.792,19.392,306.763,130.122,130.122,306.763
4253,Pittsburgh,PA,40.4204766,-79.8506025,12064736100,3,4557,6177,300059175064464,1015536595924521,309575197338663,300059175064464,12.618,34.764,34.083,12.618,315.459,125.866,131.082,315.459
4254,Pittsburgh,PA,40.4204863,-79.8507845,12060102408,4,4557,6177,320374786198972,1015536595924521,309575197338663,320374786198972,2.233,26.213,25.85,2.233,310.893,125.866,131.082,310.893
4255,Pittsburgh,PA,40.4205087,-79.8512496,10765534531,3,4557,6177,1336636254133495,1449849062029142,1449849062029142,1336636254133495,15.178,1.962,1.962,15.178,306.763,126.002,126.002,306.763
4256,Pittsburgh,PA,40.4205175,-79.8506595,12057946752,4,4557,6177,320374786198972,1015536595924521,309575197338663,320374786198972,13.214,34.732,34.179,13.214,310.893,125.866,131.082,310.893
4257,Pittsburgh,PA,40.4206193,-79.8517931,6082003410,3,4557,6177,205649211227979,123999303060547,123999303060547,1424732739265290,33.45,14.626,14.626,34.99,305.55,121.903,121.903,297.785
4258,Pittsburgh,PA,40.4207099,-79.8517147,12062220408,4,4557,6177,205649211227979,123999303060547,123999303060547,205649211227979,21.59,4.675,4.675,21.59,305.55,121.903,121.903,305.55
4259,Pittsburgh,PA,40.4207428,-79.8516862,687397149,3,4557,6177,205649211227979,123999303060547,150834790350370,205649211227979,17.351,4.917,4.397,17.351,305.55,121.903,125.822,305.55
4260,Pittsburgh,PA,40.4210101,-79.8526081,6082003427,4,4557,6177,785232091177942,3978245788877397,3978245788877397,315236760160347,33.481,16.503,16.503,33.474,308.323,122.675,122.675,302.059
4261,Pittsburgh,PA,40.4210978,-79.8528052,6082003415,3,4557,6177,249805360165564,154974506599509,154974506599509,249805360165564,34.239,17.515,17.515,34.239,303.603,122.842,122.842,303.603
4262,Pittsburgh,PA,40.4211091,-79.8525223,12062220409,4,4557,6177,785232091177942,3978245788877397,3978245788877397,315236760160347,20.647,5.891,5.891,20.718,308.323,122.675,122.675,302.059
4263,Pittsburgh,PA,40.4211412,-79.8524945,6082003428,3,4557,6177,785232091177942,3978245788877397,3978245788877397,315236760160347,16.607,5.685,5.685,16.728,308.323,122.675,122.675,302.059
4264,Pittsburgh,PA,40.4211889,-79.8529949,6082003416,4,4557,6177,318539206572864,2595267317264268,2595267317264268,318539206572864,34.165,18.565,18.565,34.165,303.632,122.65,122.65,303.632
4265,Pittsburgh,PA,40.4212987,-79.8529038,12062220410,4,4557,6177,318539206572864,1395517964140090,791903058178335,318539206572864,19.842,7.178,7.955,19.842,303.632,120.0,123.476,303.632
4266,Pittsburgh,PA,40.4213314,-79.8528767,6082003417,3,4557,6177,318539206572864,1395517964140090,1395517964140090,318539206572864,15.62,2.88,2.88,15.62,303.632,120.0,120.0,303.632
4267,Pittsburgh,PA,40.4213545,-79.8533165,11801326134,3,4557,6177,929263494561991,461598504938445,461598504938445,929263494561991,34.879,16.369,16.369,34.879,303.404,122.318,122.318,303.404
4268,Pittsburgh,PA,40.4214758,-79.853552,11801326137,3,4557,6177,1097437817404818,4083277418397003,4083277418397003,1097437817404818,34.058,17.047,17.047,34.058,303.573,123.957,123.957,303.573
4269,Pittsburgh,PA,40.4218031,-79.854192,7013826713,3,4557,6177,320769626232673,820949365495507,820949365495507,320769626232673,31.573,15.013,15.013,31.573,301.75,123.156,123.156,301.75
4270,Pittsburgh,PA,40.4220568,-79.8544583,12062220412,4,4557,6177,306123534393293,2321341594664569,2321341594664569,306123534393293,19.935,3.256,3.256,19.935,302.092,123.014,123.014,302.092
4271,Pittsburgh,PA,40.4220763,-79.854501,12062220413,4,4557,6177,306123534393293,2321341594664569,2321341594664569,306123534393293,19.672,4.602,4.602,19.672,302.092,123.014,123.014,302.092
4272,Pittsburgh,PA,40.4221107,-79.8544451,470785389,5,4557,6177,306123534393293,1380968272258713,1380968272258713,306123534393293,13.991,1.401,1.401,13.991,302.092,122.374,122.374,302.092
4273,Pittsburgh,PA,40.4222759,-79.8543004,12060102330,4,4557,6177,743972126246713,1380968272258713,1380968272258713,743972126246713,2.615,20.684,20.684,2.615,300.777,122.374,122.374,300.777
4274,Pittsburgh,PA,40.4230113,-79.8562945,470785388,3,4557,6177,2889707967963776,398855661138979,398855661138979,2889707967963776,13.121,1.638,1.638,13.121,302.271,122.996,122.996,302.271
4275,Pittsburgh,PA,40.4231501,-79.8560931,12069139776,3,4557,6177,3025976224351531,255872329620914,255872329620914,321660749335800,5.072,19.403,19.403,5.296,304.354,125.527,125.527,299.793
4276,Pittsburgh,PA,40.423643,-79.8569101,12069095184,3,4557,6177,148016000675259,1422116894811963,1422116894811963,148016000675259,8.427,26.273,26.273,8.427,304.275,120.78,120.78,304.275
4277,Pittsburgh,PA,40.4241799,-79.8581808,12069095169,3,4557,6177,797285663136902,3961140533965048,3961140533965048,797285663136902,4.241,17.708,17.708,4.241,303.555,121.575,121.575,303.555
4278,Pittsburgh,PA,40.4245281,-79.8595216,12060102322,4,4557,6177,2968688763412522,281911273665658,146278527482466,2968688763412522,17.622,10.155,9.674,17.622,303.035,123.011,125.487,303.035
4279,Pittsburgh,PA,40.4245331,-79.8593601,12060102320,4,4557,6177,378610960159001,1121082688396033,1121082688396033,378610960159001,9.499,4.791,4.791,9.499,302.71,123.131,123.131,302.71
4280,Pittsburgh,PA,40.424581,-79.8594566,338517494,4,4557,6177,2968688763412522,281911273665658,281911273665658,308058577703154,9.82,2.116,2.116,9.799,303.035,123.011,123.011,302.936
4281,Pittsburgh,PA,40.4246301,-79.8595568,12060102314,4,4557,6177,486540495937494,377973183554446,377973183554446,3007707646141988,10.004,0.854,0.854,10.011,302.863,123.31,123.31,302.751
4282,Pittsburgh,PA,40.4246607,-79.8591561,12060102317,3,4557,6177,131444205618079,1308005112929433,1308005112929433,131444205618079,4.303,19.512,19.512,4.303,300.679,124.17,124.17,300.679
4283,Pittsburgh,PA,40.4246973,-79.8592192,12060102315,3,4557,6177,1183337670558273,1308005112929433,1308005112929433,1183337670558273,8.811,20.768,20.768,8.811,302.673,124.17,124.17,302.673
4284,Pittsburgh,PA,40.4247272,-79.8592843,12060102316,4,4557,6177,1178844802557979,281911273665658,281911273665658,1178844802557979,4.372,19.739,19.739,4.372,303.075,123.011,123.011,303.075
4285,Pittsburgh,PA,40.4247523,-79.8593386,12060102312,4,4557,6177,1178844802557979,281911273665658,281911273665658,1178844802557979,1.911,19.413,19.413,1.911,303.075,123.011,123.011,303.075
4286,Pittsburgh,PA,40.4257228,-79.8617042,687397127,3,4557,6177,890439261517437,310728070642834,310728070642834,933022567538646,16.934,0.847,0.847,17.173,310.641,121.361,121.361,309.368
4287,Pittsburgh,PA,40.4258329,-79.8615742,104629158,3,4557,6177,459017395164329,310728070642834,147917747350135,485044376103290,6.053,16.242,14.848,4.967,308.65,121.361,131.975,302.949
4288,Pittsburgh,PA,40.4260317,-79.8618594,12030798776,3,4557,6177,486303589356129,313258196962206,313258196962206,486303589356129,2.003,14.619,14.619,2.003,314.366,135.552,135.552,314.366
4289,Pittsburgh,PA,40.4268969,-79.8627296,4191785134,3,4557,6177,967124740766373,3940066862737185,1389456944747318,519934409033067,2.323,18.815,13.411,4.373,336.13,145.676,152.082,328.845
4290,Pittsburgh,PA,40.4269591,-79.8629993,338517492,5,4557,6177,2124494034746577,3940066862737185,297665928732377,3016802205243745,16.323,16.355,2.505,17.2,337.844,145.676,156.913,329.315
4291,Pittsburgh,PA,40.4097964,-80.0805129,12772813233,4,4547,6178,329789065248294,329789065248294,4297053137043398,4297053137043398,34.701,34.701,34.655,34.655,32.818,32.818,230.628,230.628
4292,Pittsburgh,PA,40.4098216,-80.0804723,8683061077,3,4547,6178,329789065248294,329789065248294,4297053137043398,4297053137043398,33.862,33.862,34.879,34.879,32.818,32.818,230.628,230.628
4293,Pittsburgh,PA,40.4117536,-80.0687489,7011301462,3,4547,6178,1865632370312998,1202860010146117,968545120616755,403722217261474,19.581,20.471,10.35,6.097,57.422,68.035,239.845,240.286
4294,Pittsburgh,PA,40.4128446,-80.0791226,104682213,3,4547,6178,1523207078070784,271871701287049,1391346347889085,315993899976051,21.095,8.989,32.822,2.514,302.359,119.385,120.015,298.282
4295,Pittsburgh,PA,40.4098017,-80.0482162,104652867,3,4548,6178,1744092825783095,1744092825783095,373637607382427,373637607382427,2.252,2.252,21.143,21.143,49.898,49.898,221.969,221.969
4296,Pittsburgh,PA,40.4098397,-80.0482518,10967132625,4,4548,6178,1744092825783095,1744092825783095,1392220651144361,1392220651144361,7.413,7.413,16.338,16.338,49.898,49.898,221.783,221.783
4297,Pittsburgh,PA,40.4103516,-80.0475186,10967132621,3,4548,6178,3509623629139250,3509623629139250,251027060115016,251027060115016,9.428,9.428,31.753,31.753,50.134,50.134,217.391,217.391
4298,Pittsburgh,PA,40.412078,-80.0680697,6100013720,3,4548,6178,476344843434993,143679234412546,583909449180083,583909449180083,20.847,22.47,15.77,15.77,58.545,66.665,237.962,237.962
4299,Pittsburgh,PA,40.4121145,-80.0679931,6100013726,3,4548,6178,1389549224741166,823966571555421,4599885433359653,4599885433359653,21.383,22.385,15.965,15.965,58.965,66.368,237.96,237.96
4300,Pittsburgh,PA,40.4125097,-80.0671666,6100013723,3,4548,6178,1211094289325960,218764753098985,135187248651980,135187248651980,23.707,23.904,16.991,16.991,58.328,64.645,238.503,238.503
4301,Pittsburgh,PA,40.4125793,-80.0670215,5309157209,3,4548,6178,805947700307637,545631173098262,189753222997542,189753222997542,23.663,24.35,16.869,16.869,58.156,64.287,238.5,238.5
4302,Pittsburgh,PA,40.4129113,-80.0663327,7769684888,3,4548,6178,4158178454273888,4158178454273888,304017187922209,304017187922209,24.067,24.067,16.994,16.994,57.413,57.413,238.483,238.483
4303,Pittsburgh,PA,40.4130903,-80.0659612,7769684891,3,4548,6178,790742765149991,582852749343812,283614570128337,219956989626754,26.434,27.102,16.995,10.601,58.441,62.04,238.474,243.528
4304,Pittsburgh,PA,40.41315,-80.0658374,6084770735,3,4548,6178,171832008198541,171832008198541,379612056697515,218043593175914,24.142,24.142,17.154,6.254,57.837,57.837,238.471,242.88
4305,Pittsburgh,PA,40.3994611,-80.0335386,6849184592,3,4549,6178,156391903036975,1440271766334430,303793937900522,238866984662128,4.136,8.88,9.144,3.366,341.772,134.451,193.437,267.12
4306,Pittsburgh,PA,40.3994968,-80.0335898,4242048814,3,4549,6178,156391903036975,139962494736558,303793937900522,322194039391401,3.576,5.776,3.87,3.416,341.772,40.347,193.437,278.748
4307,Pittsburgh,PA,40.3995507,-80.0336704,4242048616,3,4549,6178,227714628704084,139962494736558,303793937900522,2930670160524501,1.229,3.427,6.624,2.561,14.297,40.347,193.437,254.857
4308,Pittsburgh,PA,40.3995787,-80.0337135,6849184593,3,4549,6178,227714628704084,187451036471657,384273812898035,939305776836613,4.385,8.644,2.517,5.155,14.297,117.619,217.399,288.91
4309,Pittsburgh,PA,40.3999515,-80.0329608,271223000,3,4549,6178,254840986428902,389471545548552,180976023810088,968591793950108,26.703,28.755,31.363,31.609,19.542,69.261,229.534,303.185
4310,Pittsburgh,PA,40.400035,-80.0331886,271222401,3,4549,6178,254840986428902,389471545548552,180976023810088,968591793950108,5.402,7.864,9.962,10.246,19.542,69.261,229.534,303.185
4311,Pittsburgh,PA,40.4009686,-80.0319993,12166476395,3,4549,6178,318122129707840,493387248529531,444547286934471,220887312847651,24.62,23.39,4.691,12.951,351.307,60.725,159.81,242.666
4312,Pittsburgh,PA,40.4009703,-80.0345921,105751382,4,4549,6178,526045065068683,575184097207246,299918631587812,546763432980496,3.792,7.905,7.657,8.336,315.725,73.792,142.602,255.34
4313,Pittsburgh,PA,40.4010006,-80.0319262,12166476398,4,4549,6178,318122129707840,493387248529531,295577255561197,220887312847651,21.197,19.715,6.179,8.225,351.307,60.725,211.226,242.666
4314,Pittsburgh,PA,40.4010113,-80.0320368,12166476399,4,4549,6178,318122129707840,493387248529531,295577255561197,220887312847651,20.584,19.579,3.788,11.107,351.307,60.725,211.226,242.666
4315,Pittsburgh,PA,40.4010409,-80.0318341,12166476394,3,4549,6178,318122129707840,493387248529531,295577255561197,179518544053419,19.922,18.284,13.715,5.802,351.307,60.725,211.226,255.34
4316,Pittsburgh,PA,40.401049,-80.0319555,105134724,5,4549,6178,318122129707840,493387248529531,295577255561197,220887312847651,15.56,14.166,4.494,3.304,351.307,60.725,211.226,242.666
4317,Pittsburgh,PA,40.4010848,-80.0318353,12166476400,4,4549,6178,318122129707840,493387248529531,241847594360940,179518544053419,16.064,14.455,18.482,2.922,351.307,60.725,180.654,255.34
4318,Pittsburgh,PA,40.4011212,-80.032029,12166476391,4,4549,6178,318122129707840,493387248529531,241847594360940,220887312847651,9.148,8.685,11.895,9.519,351.307,60.725,180.654,242.666
4319,Pittsburgh,PA,40.4011732,-80.0319051,4998819676,4,4549,6178,318122129707840,493387248529531,241847594360940,154190786606002,5.529,4.361,7.184,10.739,351.307,60.725,180.654,292.563
4320,Pittsburgh,PA,40.4014147,-80.0353093,104596367,3,4549,6178,299554585143534,1436746893333686,164177785640560,214701810468300,12.43,4.339,4.486,4.428,308.126,65.722,165.703,292.988
4321,Pittsburgh,PA,40.4017111,-80.042084,10564653968,3,4549,6178,776031993282207,776031993282207,929292197894339,1027012651164638,16.575,16.575,22.246,31.869,36.058,36.058,209.294,210.062
4322,Pittsburgh,PA,40.4019561,-80.0418571,10564653960,3,4549,6178,271223191368752,271223191368752,531972838208878,531972838208878,17.192,17.192,22.383,22.383,33.612,33.612,210.415,210.415
4323,Pittsburgh,PA,40.402048,-80.041772,10564653971,3,4549,6178,2565322233591333,2565322233591333,301834758100941,301834758100941,18.847,18.847,22.496,22.496,35.078,35.078,211.053,211.053
4324,Pittsburgh,PA,40.4021183,-80.0419041,10564653972,3,4549,6178,2565322233591333,2565322233591333,520816658946956,301834758100941,8.512,8.512,9.078,9.055,35.078,35.078,210.926,211.053
4325,Pittsburgh,PA,40.4022085,-80.0310151,271214392,3,4549,6178,300607101554935,1220390388480140,301781684758711,519874806054663,5.859,3.149,7.127,16.769,8.081,30.352,178.766,284.661
4326,Pittsburgh,PA,40.4023735,-80.0414707,10564653956,3,4549,6178,163333425752445,163333425752445,513411266689955,513411266689955,16.146,16.146,22.922,22.922,37.237,37.237,212.587,212.587
4327,Pittsburgh,PA,40.4024406,-80.0415992,10564653973,3,4549,6178,163333425752445,163333425752445,513411266689955,513411266689955,2.954,2.954,9.903,9.903,37.237,37.237,212.587,212.587
4328,Pittsburgh,PA,40.4026119,-80.0319475,105737198,3,4549,6178,150048357098443,188705246447196,470213170954632,2968159493460615,5.43,15.238,17.606,5.029,4.855,93.164,194.296,265.6
4329,Pittsburgh,PA,40.4026386,-80.0310234,7774350431,4,4549,6178,1558660844330225,314197930147477,248865950339172,284235956771556,12.783,3.318,0.974,8.377,1.123,112.878,200.811,260.714
4330,Pittsburgh,PA,40.4026423,-80.0308677,7774350430,4,4549,6178,140593761387939,1354291488275934,943166443145566,579078586806152,5.745,10.738,8.762,1.709,346.564,97.101,179.274,320.536
4331,Pittsburgh,PA,40.402672,-80.0319506,6849162863,3,4549,6178,1191819644584820,188705246447196,974307770040391,2968159493460615,4.561,11.817,8.511,10.025,17.165,93.164,142.603,265.6
4332,Pittsburgh,PA,40.4028827,-80.0329664,1027080034,3,4549,6178,315799683409751,465353681222657,969311537239480,857264228336492,5.267,7.637,4.295,8.542,0.0,86.88,195.315,247.556
4333,Pittsburgh,PA,40.4029997,-80.0307563,6849162871,3,4549,6178,812882036298810,1180997745655375,165172242211484,461634308234031,10.827,15.359,11.713,16.675,5.183,51.969,188.196,293.559
4334,Pittsburgh,PA,40.4039173,-80.0302867,271213772,4,4549,6178,330574718498017,183836853608798,1110088229400279,1180486595731479,13.183,13.346,28.153,13.346,27.006,68.292,217.807,311.09
4335,Pittsburgh,PA,40.4039411,-80.032029,105737192,3,4549,6178,1502393716780017,376199394143914,2915501058663594,530963207930556,4.292,2.7,6.624,18.467,15.535,86.002,149.513,270.0
4336,Pittsburgh,PA,40.404248,-80.0321013,6849162870,3,4549,6178,302997328100031,990168461808430,151314527008375,772274953481161,1.259,4.043,7.894,4.994,2.918,105.124,180.0,271.441
4337,Pittsburgh,PA,40.3999944,-80.0239548,7011145665,3,4550,6178,3953238754769949,1381319568935126,213139577072277,192379792748607,8.828,10.627,9.917,33.148,45.3,52.687,180.0,272.216
4338,Pittsburgh,PA,40.4000975,-80.0236717,5160879441,4,4550,6178,3428002620634913,3428002620634913,213139577072277,192379792748607,4.241,4.241,26.128,6.703,40.145,40.145,180.0,272.216
4339,Pittsburgh,PA,40.400101,-80.023824,5160879444,3,4550,6178,1107625736410313,1381319568935126,213139577072277,192379792748607,8.882,11.875,13.347,18.554,17.644,52.687,180.0,272.216
4340,Pittsburgh,PA,40.4001312,-80.0236354,5160879449,3,4550,6178,3428002620634913,3428002620634913,213139577072277,192379792748607,7.137,7.137,29.66,2.235,40.145,40.145,180.0,272.216
4341,Pittsburgh,PA,40.4001465,-80.023774,7011145655,3,4550,6178,1107625736410313,3428002620634913,213139577072277,192379792748607,11.5,6.034,18.843,14.0,17.644,40.145,180.0,272.216
4342,Pittsburgh,PA,40.4001973,-80.0238412,13305153439,4,4550,6178,1107625736410313,1381319568935126,213139577072277,192379792748607,8.069,15.818,17.402,20.827,17.644,52.687,180.0,272.216
4343,Pittsburgh,PA,40.4019946,-80.0204186,105804918,4,4550,6178,1365089117200977,2969747329911944,2969747329911944,1210308899434481,9.878,1.325,1.325,33.559,19.926,139.814,139.814,252.733
4344,Pittsburgh,PA,40.4026145,-80.0210663,7284275551,3,4550,6178,843289342941760,843289342941760,528153331678801,575850453378018,5.803,5.803,18.262,21.55,44.653,44.653,182.459,296.887
4345,Pittsburgh,PA,40.4026452,-80.021112,7284275552,3,4550,6178,489658062480499,273426301142024,528153331678801,575850453378018,10.842,10.819,22.981,21.169,43.473,44.153,182.459,296.887
4346,Pittsburgh,PA,40.4027347,-80.021243,7284275555,5,4550,6178,273426301142024,273426301142024,202125978415455,575850453378018,22.722,22.722,31.966,26.359,44.153,44.153,134.165,296.887
4347,Pittsburgh,PA,40.402745,-80.0209043,5160879372,3,4550,6178,371953647579663,371953647579663,263910495511655,223576652539257,2.761,2.761,5.374,8.963,43.987,43.987,229.067,259.576
4348,Pittsburgh,PA,40.4027855,-80.0208535,276836534,3,4550,6178,371953647579663,371953647579663,263910495511655,223576652539257,3.968,3.968,8.136,6.476,43.987,43.987,229.067,259.576
4349,Pittsburgh,PA,40.4029513,-80.0206456,5160879389,3,4550,6178,590481265179776,590481265179776,263910495511655,223576652539257,2.595,2.595,32.055,26.331,43.96,43.96,229.067,259.576
4350,Pittsburgh,PA,40.4037916,-80.0059784,6978507739,3,4550,6178,753102555282585,510889623283526,297362718602386,2124255207875952,5.348,2.625,8.24,0.713,9.244,71.284,184.904,229.967
4351,Pittsburgh,PA,40.4040841,-80.0114408,5046197024,3,4550,6178,2375290572615371,4412682918750741,789809198594913,569287450720002,27.875,3.482,23.129,29.132,0.0,99.382,148.035,239.593
4352,Pittsburgh,PA,40.4042361,-80.0073995,13833010917,3,4550,6178,4074720329262116,1117749622068797,310152987294836,486987509226454,4.229,4.426,0.116,14.426,40.241,76.712,129.929,235.405
4353,Pittsburgh,PA,40.4042372,-80.0075971,5046197029,3,4550,6178,186763039874858,1855802637928000,373537414115336,486987509226454,2.383,1.562,2.316,2.383,12.763,86.66,180.0,235.405
4354,Pittsburgh,PA,40.4042838,-80.0055192,5046197031,3,4550,6178,819180239005332,323744879277459,503922374125861,244418490811642,0.456,1.915,1.099,6.447,0.0,99.301,166.452,285.001
4355,Pittsburgh,PA,40.4044051,-80.0133469,6978507746,3,4550,6178,617814522463457,179994120693638,1099635260520548,783097829076643,2.781,2.43,15.346,29.513,0.876,83.696,120.982,257.159
4356,Pittsburgh,PA,40.4044846,-80.0047705,5046197032,3,4550,6178,542969996696088,1007233169680816,490489025734562,1148266518919800,4.974,1.969,4.834,5.659,33.785,127.517,157.591,325.478
4357,Pittsburgh,PA,40.4045255,-80.004476,6978506159,3,4550,6178,471784514122237,500826131112444,2573942072907890,395780934831963,5.391,7.44,2.658,1.767,23.293,93.704,128.615,272.781
4358,Pittsburgh,PA,40.404549,-80.0041913,6978506157,3,4550,6178,199448685347888,1109789209542074,2928744210746968,572560947463454,2.546,4.107,5.222,7.177,9.586,69.717,177.544,272.454
4359,Pittsburgh,PA,40.4046154,-80.0046889,6978506161,3,4550,6178,1007701193101697,484617089430892,308876627654877,797486111203438,5.146,5.97,2.406,1.429,0.309,46.677,192.155,290.838
4360,Pittsburgh,PA,40.4046574,-80.0056565,6978506177,3,4550,6178,514798906549765,209067661056292,154812456612585,376765543734561,16.252,6.06,4.19,21.378,25.904,109.323,152.717,269.239
4361,Pittsburgh,PA,40.4047725,-80.005699,6978506166,3,4550,6178,514798906549765,257966582751470,784650605748796,150554523648618,14.983,12.49,15.599,8.495,25.904,108.126,164.922,265.016
4362,Pittsburgh,PA,40.4048129,-80.0070303,6978507701,4,4550,6178,164106532340096,232518045308851,309307130849056,519262076118141,1.593,0.849,1.193,2.132,351.843,135.939,161.542,248.554
4363,Pittsburgh,PA,40.4048466,-80.0074406,13833010912,3,4550,6178,523499578779526,816243012649567,856902278253696,1628214510709147,14.513,30.145,28.544,4.359,311.016,89.361,165.261,273.433
4364,Pittsburgh,PA,40.4049762,-80.0071391,13832911963,4,4550,6178,4321990207851419,816243012649567,856902278253696,498185874943838,3.065,1.344,0.792,4.241,12.271,89.361,165.261,220.733
4365,Pittsburgh,PA,40.4051106,-80.0091247,6978507699,3,4550,6178,155284963232333,141832361301103,986371998837673,209889837427139,7.686,6.323,11.796,5.119,5.219,76.534,204.698,277.019
4366,Pittsburgh,PA,40.4051256,-80.0071531,13833010907,3,4550,6178,137888235045915,137081248474241,150181303789102,801228737185671,2.127,1.674,2.127,3.846,45.078,73.904,186.99,283.698
4367,Pittsburgh,PA,40.4051767,-80.0063266,13832911961,3,4550,6178,525620778454442,928099144650415,1687811491558502,298059368536369,10.841,12.264,7.065,2.179,317.353,92.481,205.74,265.461
4368,Pittsburgh,PA,40.405316,-80.0063864,13833010942,4,4550,6178,490480895615667,928099144650415,523672518658070,815959522611948,4.955,4.742,5.203,4.572,46.564,92.481,185.691,263.218
4369,Pittsburgh,PA,40.4053992,-80.0056253,13832911958,3,4550,6178,573175027403318,139587924867441,1960556117441452,182047073743768,2.811,19.353,9.082,9.077,333.361,79.772,208.445,242.65
4370,Pittsburgh,PA,40.4054765,-80.0064895,13833010941,3,4550,6178,490480895615667,928099144650415,523672518658070,306733517660146,22.949,24.398,22.831,21.011,46.564,92.481,185.691,272.317
4371,Pittsburgh,PA,40.4056199,-80.0058104,6978506142,3,4550,6178,843578469840938,808696883388100,510973159940621,311935220320123,0.731,3.102,3.979,2.162,26.692,119.202,187.66,288.842
4372,Pittsburgh,PA,40.4058324,-80.0075484,5046197039,4,4550,6178,1366637857046481,488725245509714,1411437632545933,2589104488050462,0.93,1.059,0.554,9.019,0.204,86.449,191.334,264.727
4373,Pittsburgh,PA,40.4058676,-80.0060914,13833010936,3,4550,6178,154492526670228,1676126322592944,326270468875367,750647572279474,4.428,10.966,4.428,2.945,9.056,83.807,206.138,290.213
4374,Pittsburgh,PA,40.4058944,-80.0061538,6978506150,3,4550,6178,2206588762810541,1676126322592944,528802051837800,750647572279474,0.89,4.908,3.911,6.545,335.117,83.807,139.015,290.213
4375,Pittsburgh,PA,40.4059328,-80.0075747,6978506133,3,4550,6178,333893711497969,488725245509714,1411437632545933,2589104488050462,5.457,10.692,10.842,2.435,343.275,86.449,191.334,264.727
4376,Pittsburgh,PA,40.4060071,-80.0067282,6978506155,3,4550,6178,532365257895961,895381841319061,956502418434471,310038277236162,18.102,17.805,7.972,24.386,5.091,96.758,194.106,291.53
4377,Pittsburgh,PA,40.4066801,-80.0040311,11300257971,3,4550,6178,218816796401470,1654267975931959,1969841473613512,2493069034428498,13.854,7.491,13.945,13.985,331.657,119.0,120.0,292.0
4378,Pittsburgh,PA,40.4069259,-80.0042013,11300217968,3,4550,6178,1440044336340874,1104406671791119,1104406671791119,2493069034428498,10.501,6.459,6.459,17.452,334.818,123.0,123.0,292.0
4379,Pittsburgh,PA,40.4070149,-80.0042588,11300257978,3,4550,6178,504142810706713,918783740542854,4300102913571242,25857329917242517,14.701,7.646,7.405,11.253,336.203,123.0,125.0,301.0
4380,Pittsburgh,PA,40.4073777,-80.0044645,4006700714,3,4550,6178,802309949560704,2422673408183849,2422673408183849,802309949560704,5.749,7.839,7.839,5.749,306.0,129.0,129.0,306.0
4381,Pittsburgh,PA,40.4088319,-80.0172302,12255266544,4,4550,6178,433069997774111,433069997774111,623995235225129,623995235225129,5.68,5.68,26.099,26.099,40.115,40.115,212.724,212.724
4382,Pittsburgh,PA,40.408888,-80.0173192,7016314487,3,4550,6178,380007206660105,380007206660105,623995235225129,623995235225129,4.925,4.925,17.124,17.124,39.096,39.096,212.724,212.724
4383,Pittsburgh,PA,40.4090967,-80.0169368,12255266543,4,4550,6178,811328133147523,811328133147523,306527930981302,509859416719371,3.244,3.244,31.754,30.049,39.525,39.525,205.036,222.486
4384,Pittsburgh,PA,40.4091518,-80.0170268,7016297584,3,4550,6178,811328133147523,811328133147523,306527930981302,509859416719371,6.546,6.546,23.666,20.272,39.525,39.525,205.036,222.486
4385,Pittsburgh,PA,40.4097155,-80.0052669,10182113256,3,4550,6178,1576059936992568,1226564685726207,1226564685726207,1576059936992568,13.539,25.227,25.227,13.539,305.0,129.0,129.0,305.0
4386,Pittsburgh,PA,40.4097677,-80.0051153,10182113257,3,4550,6178,502444964277608,1309122517789271,1226564685726207,1576059936992568,9.219,11.976,12.101,6.933,341.005,128.0,129.0,305.0
4387,Pittsburgh,PA,40.4101883,-80.0055817,10182113258,3,4550,6178,319480396239065,892018970106263,896061456569140,1874748863157363,27.157,28.335,27.889,13.606,333.134,120.0,122.0,297.0
4388,Pittsburgh,PA,40.4102505,-80.0054134,10182113259,3,4550,6178,319480396239065,896061456569140,896061456569140,1874748863157363,11.329,12.192,12.192,6.445,333.134,122.0,122.0,297.0
4389,Pittsburgh,PA,40.4103233,-80.0056766,10182113248,3,4550,6178,177983410882067,1412514440348680,892018970106263,1874748863157363,26.81,26.558,28.619,17.471,330.521,118.0,120.0,297.0
4390,Pittsburgh,PA,40.4103717,-80.0155057,12181180981,3,4550,6178,2938416499768188,2938416499768188,976337756504009,266293371855886,1.793,1.793,18.599,24.447,41.488,41.488,228.402,262.887
4391,Pittsburgh,PA,40.4104294,-80.0155957,5161997048,4,4550,6178,924541624991762,924541624991762,976337756504009,266293371855886,7.866,7.866,9.033,15.162,44.607,44.607,228.402,262.887
4392,Pittsburgh,PA,40.4104323,-80.0153951,12181180984,3,4550,6178,4655063541177468,4655063541177468,335538431338212,335538431338212,3.784,3.784,19.421,19.421,54.379,54.379,238.484,238.484
4393,Pittsburgh,PA,40.410451,-80.0155611,5161997047,3,4550,6178,3667097863394030,3667097863394030,976337756504009,266293371855886,7.195,7.195,8.982,14.534,45.716,45.716,228.402,262.887
4394,Pittsburgh,PA,40.4104899,-80.015266,12181180985,4,4550,6178,325672425641125,465091434577942,669678930507105,523954735280346,4.606,3.788,20.755,19.619,57.456,69.393,236.023,247.25
4395,Pittsburgh,PA,40.4105032,-80.015469,5161997046,4,4550,6178,4655063541177468,4655063541177468,335538431338212,335538431338212,6.712,6.712,9.384,9.384,54.379,54.379,238.484,238.484
4396,Pittsburgh,PA,40.4105309,-80.015634,5161997038,4,4550,6178,471957293896539,4655063541177468,976337756504009,266293371855886,13.243,19.223,3.294,3.751,327.336,54.379,228.402,262.887
4397,Pittsburgh,PA,40.4105613,-80.0155835,12181180983,3,4550,6178,471957293896539,4655063541177468,335538431338212,3014634042099501,15.658,17.777,3.126,1.143,327.336,54.379,238.484,245.747
4398,Pittsburgh,PA,40.4105621,-80.0153371,7849429580,3,4550,6178,325672425641125,465091434577942,669678930507105,523954735280346,6.466,6.774,11.264,10.231,57.456,69.393,236.023,247.25
4399,Pittsburgh,PA,40.4105625,-80.0155309,12181243417,3,4550,6178,471957293896539,4655063541177468,335538431338212,335538431338212,19.948,15.049,1.34,1.34,327.336,54.379,238.484,238.484
4400,Pittsburgh,PA,40.4110791,-80.0238195,7483511315,3,4550,6178,3830499150405607,4617484014933135,956528518506776,304270007837910,4.672,10.399,4.398,17.19,1.251,80.702,142.357,303.189
4401,Pittsburgh,PA,40.41109,-80.0237586,5106122350,4,4550,6178,516179702858700,4617484014933135,956528518506776,304270007837910,2.864,5.106,4.274,17.184,0.0,80.702,142.357,303.189
4402,Pittsburgh,PA,40.4111036,-80.0237031,7483511314,3,4550,6178,516179702858700,4617484014933135,956528518506776,304270007837910,2.536,0.242,8.06,18.221,0.0,80.702,142.357,303.189
4403,Pittsburgh,PA,40.4111498,-80.0238218,7483511317,4,4550,6178,536333777509734,4617484014933135,326534205493238,304270007837910,3.641,11.528,2.928,9.344,353.055,80.702,161.544,303.189
4404,Pittsburgh,PA,40.411152,-80.0237648,4472120418,3,4550,6178,536333777509734,4617484014933135,326534205493238,304270007837910,1.971,7.732,5.681,10.801,353.055,80.702,161.544,303.189
4405,Pittsburgh,PA,40.4111897,-80.0237052,7483511322,3,4550,6178,535985117395201,4617484014933135,469444734312060,304270007837910,0.54,9.698,12.177,11.987,0.0,80.702,187.655,303.189
4406,Pittsburgh,PA,40.4112395,-80.0237685,7483511320,4,4550,6178,2932263827031086,4617484014933135,469444734312060,304270007837910,2.006,16.277,5.61,5.648,0.0,80.702,187.655,303.189
4407,Pittsburgh,PA,40.4112407,-80.0228752,4188228605,3,4550,6178,188179243166120,209155851022829,335577427965393,496085545140042,6.957,31.868,5.537,27.932,0.0,77.581,180.195,267.697
4408,Pittsburgh,PA,40.4112553,-80.0238321,7483511319,3,4550,6178,158825466192756,4617484014933135,469444734312060,304270007837910,3.398,20.309,2.009,2.461,347.954,80.702,187.655,303.189
4409,Pittsburgh,PA,40.4113886,-80.0117799,5161997034,3,4550,6178,316922233323766,522866485377032,319272806233659,4170021226354421,32.67,2.211,32.864,19.994,57.002,68.72,238.392,250.474
4410,Pittsburgh,PA,40.4115293,-80.0112953,12181180996,4,4550,6178,823978795215331,823978795215331,748809152455246,126843849418392,3.598,3.598,23.154,25.504,53.265,53.265,222.063,236.139
4411,Pittsburgh,PA,40.4115662,-80.0113414,7014032491,3,4550,6178,1225967917859377,4051710664895128,748809152455246,126843849418392,3.261,2.917,17.508,20.182,52.618,57.338,222.063,236.139
4412,Pittsburgh,PA,40.4121849,-80.0107003,5161997017,3,4550,6178,201100458496141,201100458496141,296213365338948,2979292085728591,6.566,6.566,8.263,9.807,42.865,42.865,221.058,248.576
4413,Pittsburgh,PA,40.4123955,-80.0103232,7014021484,4,4550,6178,348775189916704,348775189916704,951807752220713,951807752220713,3.682,3.682,14.638,14.638,38.89,38.89,216.983,216.983
4414,Pittsburgh,PA,40.4124091,-80.0104565,5161996924,4,4550,6178,304869651171271,304869651171271,951807752220713,951807752220713,4.923,4.923,4.698,4.698,36.118,36.118,216.983,216.983
4415,Pittsburgh,PA,40.4124672,-80.0105357,5161996928,4,4550,6178,304869651171271,304869651171271,217485973240621,217485973240621,13.977,13.977,4.037,4.037,36.118,36.118,216.489,216.489
4416,Pittsburgh,PA,40.4130946,-80.0210812,104571069,4,4550,6178,504496390591760,801919497109800,302839714784753,4242692932449553,7.286,10.649,7.919,13.999,22.667,71.046,178.187,246.487
4417,Pittsburgh,PA,40.3983382,-79.9998837,9212971354,3,4551,6178,524830105181219,1434291514914789,1434291514914789,933576189069237,2.379,6.092,6.092,10.457,336.348,125.0,125.0,293.0
4418,Pittsburgh,PA,40.3983699,-79.9997659,6725537867,4,4551,6178,380624339920079,1434291514914789,1434291514914789,933576189069237,2.21,5.862,5.862,17.973,332.142,125.0,125.0,293.0
4419,Pittsburgh,PA,40.3984733,-79.9995742,8704120438,3,4551,6178,2294848467314941,1434291514914789,1434291514914789,933576189069237,21.953,24.441,24.441,34.739,333.726,125.0,125.0,293.0
4420,Pittsburgh,PA,40.3989981,-80.0000396,13102749900,4,4551,6178,184789053518999,1945902079336428,1945902079336428,1223844152713609,4.047,10.357,10.357,15.844,343.922,134.0,134.0,305.0
4421,Pittsburgh,PA,40.3990169,-80.0001649,9212971365,3,4551,6178,1805322202979624,1945902079336428,1945902079336428,1223844152713609,5.743,14.167,14.167,5.204,344.765,134.0,134.0,305.0
4422,Pittsburgh,PA,40.3995959,-80.0002668,9212971364,3,4551,6178,836994967174985,794642373666440,794642373666440,1441945744237744,5.882,13.981,13.981,10.4,354.577,143.0,143.0,311.0
4423,Pittsburgh,PA,40.3996297,-80.0000366,6725537872,3,4551,6178,836994967174985,794642373666440,794642373666440,1441945744237744,13.975,17.401,17.401,24.434,354.577,143.0,143.0,311.0
4424,Pittsburgh,PA,40.4009155,-80.0004351,13828339965,3,4551,6178,750779262264589,1276772234347469,1276772234347469,909743688471137,4.035,8.602,8.602,14.283,356.883,143.0,143.0,311.0
4425,Pittsburgh,PA,40.4011723,-80.0004675,13828339958,3,4551,6178,326119328874149,1244669020921257,1244669020921257,909743688471137,8.135,6.846,6.846,14.534,353.596,143.0,143.0,311.0
4426,Pittsburgh,PA,40.4013995,-80.0004973,9212971355,3,4551,6178,4041618629259857,1596297851568409,1596297851568409,1467807991638229,4.863,8.024,8.024,2.191,353.456,142.0,142.0,310.0
4427,Pittsburgh,PA,40.4020001,-80.0007651,13102749889,3,4551,6178,207445721033825,1432432865095750,1432432865095750,1267553838630901,0.286,15.752,15.752,10.243,0.0,133.0,133.0,301.0
4428,Pittsburgh,PA,40.4020173,-80.0006529,9212971358,4,4551,6178,546131993041016,1432432865095750,1432432865095750,1267553838630901,8.458,6.189,6.189,6.042,0.0,133.0,133.0,301.0
4429,Pittsburgh,PA,40.4020631,-80.0007911,104987141,4,4551,6178,253312876547894,1432432865095750,1432432865095750,1267553838630901,2.591,18.699,18.699,9.259,0.0,133.0,133.0,301.0
4430,Pittsburgh,PA,40.4020831,-80.000678,4006700689,5,4551,6178,232161178681352,1432432865095750,1432432865095750,1267553838630901,6.178,11.324,11.324,1.825,343.961,133.0,133.0,301.0
4431,Pittsburgh,PA,40.402103,-80.0005674,9212971356,4,4551,6178,232161178681352,375322327221931,1432432865095750,1267553838630901,4.873,12.57,9.97,10.49,343.961,89.043,133.0,301.0
4432,Pittsburgh,PA,40.4021202,-80.0007541,9212971357,4,4551,6178,253312876547894,375322327221931,1432432865095750,1267553838630901,9.671,28.465,18.902,8.512,0.0,89.043,133.0,301.0
4433,Pittsburgh,PA,40.4021431,-80.0006482,4006700690,4,4551,6178,232161178681352,375322327221931,1432432865095750,1267553838630901,8.747,19.999,15.49,8.934,343.961,89.043,133.0,301.0
4434,Pittsburgh,PA,40.402672,-80.0023843,105728783,3,4551,6178,188300933159323,1159398741195051,482956309688616,277778854039985,7.51,2.525,2.556,5.182,348.022,147.5,156.105,266.944
4435,Pittsburgh,PA,40.4028555,-80.0022129,4615742844,4,4551,6178,434450207585173,235560415036679,1036352520234378,277778854039985,15.048,6.344,8.371,22.907,352.47,77.567,177.168,266.944
4436,Pittsburgh,PA,40.4028663,-80.0009627,104493062,3,4551,6178,4167645486591224,2089331348519172,2089331348519172,778065925343110,2.946,2.644,2.644,10.279,342.221,131.0,131.0,298.0
4437,Pittsburgh,PA,40.4039075,-80.0014491,8256942294,3,4551,6178,489279362492546,896166319834902,896166319834902,1921827028417134,1.162,4.313,4.313,9.382,338.756,126.0,126.0,297.0
4438,Pittsburgh,PA,40.4041426,-80.0015788,8256942287,3,4551,6178,3988540737902647,2134707703938573,2134707703938573,1470654548022447,0.414,2.135,2.135,8.235,339.09,126.0,126.0,295.0
4439,Pittsburgh,PA,40.3999706,-79.9376966,1437102455,4,4553,6178,479784773267507,526106788632241,334886484814881,860757134784422,28.14,14.738,21.058,20.108,317.109,105.126,142.602,265.016
4440,Pittsburgh,PA,40.4000007,-79.9377466,12175878642,4,4553,6178,479784773267507,484862439496044,334886484814881,860757134784422,23.365,10.896,16.967,15.46,317.109,112.534,142.602,265.016
4441,Pittsburgh,PA,40.4000325,-79.9376653,5391891277,4,4553,6178,479784773267507,526106788632241,334886484814881,148233403941907,30.048,8.715,24.409,11.67,317.109,105.126,142.602,281.695
4442,Pittsburgh,PA,40.4002626,-79.9379135,12175914292,3,4553,6178,194076489230612,223422665882285,300474171622814,295626675393637,15.844,3.777,17.373,6.806,301.269,107.365,123.903,288.008
4443,Pittsburgh,PA,40.4005835,-79.9388135,12175914266,3,4553,6178,233680351897947,489777615621336,489777615621336,2558552094440787,5.108,5.29,5.29,9.066,9.494,128.061,128.061,283.456
4444,Pittsburgh,PA,40.4006783,-79.9387023,12175914265,4,4553,6178,284206683442422,284206683442422,1397735540589442,821450122090633,1.362,1.362,8.451,5.097,45.549,45.549,139.392,307.376
4445,Pittsburgh,PA,40.400729,-79.9387916,12175914264,3,4553,6178,2896492137272123,934640360687846,588271695424401,2896492137272123,2.037,9.048,9.014,2.037,305.124,125.601,129.21,305.124
4446,Pittsburgh,PA,40.4007423,-79.9390877,12175878643,3,4553,6178,218759436405138,825580048370342,825580048370342,218759436405138,5.554,6.897,6.897,5.554,307.732,127.238,127.238,307.732
4447,Pittsburgh,PA,40.4009304,-79.9394247,12175878650,3,4553,6178,282782563541357,320807219561272,320807219561272,282782563541357,7.484,5.135,5.135,7.484,309.202,126.919,126.919,309.202
4448,Pittsburgh,PA,40.4009993,-79.9395318,12175878651,3,4553,6178,290257722748736,1856040981223560,377192006978436,290257722748736,6.942,7.264,6.68,6.942,304.621,122.28,127.38,304.621
4449,Pittsburgh,PA,40.4010323,-79.9393059,12175878654,4,4553,6178,307107541079602,1362635210856892,1362635210856892,307107541079602,3.329,7.534,7.534,3.329,306.43,128.935,128.935,306.43
4450,Pittsburgh,PA,40.4010966,-79.9394258,12175878653,3,4553,6178,930799260796364,1856040981223560,926644254796922,508470117185067,2.083,6.884,7.946,2.215,309.701,122.28,128.025,306.219
4451,Pittsburgh,PA,40.401431,-79.9406757,12175878663,4,4553,6178,1171159043318703,514204889712963,973701943369985,1171159043318703,27.148,25.929,26.308,27.148,308.777,127.613,133.962,308.777
4452,Pittsburgh,PA,40.4014971,-79.9407898,12175916810,4,4553,6178,323058065854016,136033528573989,2923269804568252,323058065854016,27.478,26.714,26.937,27.478,309.787,127.091,134.745,309.787
4453,Pittsburgh,PA,40.4015882,-79.9405228,12175878652,3,4553,6178,1171159043318703,514204889712963,973701943369985,1171159043318703,5.4,5.72,5.544,5.4,308.777,127.613,133.962,308.777
4454,Pittsburgh,PA,40.4016463,-79.9406443,12175878658,3,4553,6178,323058065854016,136033528573989,2923269804568252,323058065854016,6.941,8.272,6.775,6.941,309.787,127.091,134.745,309.787
4455,Pittsburgh,PA,40.4016757,-79.9406846,11065870539,3,4553,6178,323058065854016,248570960380940,248570960380940,323058065854016,6.941,5.488,5.488,6.941,309.787,128.467,128.467,309.787
4456,Pittsburgh,PA,40.4017711,-79.9405814,11065870538,4,4553,6178,1181776269006285,248570960380940,498327061290491,1181776269006285,2.042,9.171,9.117,2.042,305.786,128.467,130.657,305.786
4457,Pittsburgh,PA,40.4026864,-79.9418368,12175845597,3,4553,6178,3029339640619758,1094712497684137,942292353269145,3029339640619758,8.626,9.832,5.906,8.626,327.274,149.188,150.856,327.274
4458,Pittsburgh,PA,40.4027806,-79.9419158,12175916801,3,4553,6178,298781601850002,1094712497684137,402570424052593,298781601850002,8.247,8.307,6.669,8.247,328.605,149.188,151.675,328.605
4459,Pittsburgh,PA,40.4028813,-79.9417866,12175916830,3,4553,6178,1170092196748765,1094712497684137,1226533027777157,879491769448514,4.571,12.262,10.522,5.06,331.422,149.188,152.443,328.753
4460,Pittsburgh,PA,40.4029582,-79.9418395,12175916827,3,4553,6178,272017314646698,1094712497684137,1226533027777157,272017314646698,1.469,20.599,9.08,1.469,329.684,149.188,152.443,329.684
4461,Pittsburgh,PA,40.4110774,-79.9453345,7808574868,3,4553,6178,1854277634733650,1165272173938179,1151700741965896,1472985296402232,14.026,5.237,3.9,14.37,357.748,97.825,155.362,267.959
4462,Pittsburgh,PA,40.411246,-79.9447801,12176793306,4,4553,6178,1148513355616705,2888114374778364,508690007146901,937769430381870,8.876,21.454,8.813,13.545,337.606,74.648,183.694,251.273
4463,Pittsburgh,PA,40.4112714,-79.9452068,7808574878,4,4553,6178,946472709502646,1191045157975801,2925234101095030,486669149055013,4.073,14.695,2.567,4.187,5.051,67.38,172.84,257.915
4464,Pittsburgh,PA,40.4112767,-79.9446177,12176793305,4,4553,6178,483445106443525,2888114374778364,508690007146901,764606944203605,4.869,9.074,11.256,10.241,338.191,74.648,183.694,270.088
4465,Pittsburgh,PA,40.4113517,-79.9448328,12176793307,4,4553,6178,4786606584688330,2888114374778364,183940963493503,937769430381870,9.04,22.703,0.907,8.826,340.238,74.648,198.262,251.273
4466,Pittsburgh,PA,40.4113833,-79.944673,12176793304,4,4553,6178,4786606584688330,2888114374778364,2598154463820688,764606944203605,4.973,9.99,10.009,6.225,340.238,74.648,193.153,270.088
4467,Pittsburgh,PA,40.4119321,-79.941895,12162717846,3,4553,6178,487155125734202,341335427324000,820543741919815,2898506737069990,8.18,7.878,6.481,6.462,43.343,67.4,239.168,244.295
4468,Pittsburgh,PA,40.4119813,-79.9417618,12162717845,3,4553,6178,487155125734202,501717324351533,216633319978842,216633319978842,19.158,7.788,3.76,3.76,43.343,64.359,239.319,239.319
4469,Pittsburgh,PA,40.4125156,-79.9404408,12162717849,4,4553,6178,2100583453416027,2940988849489601,311012870474956,836286907242923,10.507,10.249,11.505,5.593,340.922,63.119,237.493,273.7
4470,Pittsburgh,PA,40.3968235,-79.9247367,6635561505,3,4554,6178,300650805032391,819304885660973,149416393832331,149416393832331,4.898,2.341,3.209,3.209,29.437,47.303,223.895,223.895
4471,Pittsburgh,PA,40.3968634,-79.9247944,6635561507,3,4554,6178,300650805032391,819304885660973,1179303152553542,1179303152553542,9.635,8.941,9.103,9.103,29.437,47.303,223.291,223.291
4472,Pittsburgh,PA,40.3973288,-79.9240424,4957575407,3,4554,6178,324119379126296,324119379126296,1133570683786014,382387216411540,4.732,4.732,3.509,3.509,37.631,37.631,221.976,222.731
4473,Pittsburgh,PA,40.3973625,-79.9240976,6635561510,4,4554,6178,324119379126296,324119379126296,1133570683786014,382387216411540,1.333,1.333,4.447,4.447,37.631,37.631,221.976,222.731
4474,Pittsburgh,PA,40.3977585,-79.9235281,105703890,3,4554,6178,312798260369503,2976831185931571,485273242897160,485273242897160,4.483,4.884,1.995,1.995,38.982,46.459,222.514,222.514
4475,Pittsburgh,PA,40.399039,-79.9219924,105703883,3,4554,6178,232924928600098,171083624936899,952949662173233,952949662173233,10.451,9.376,2.615,2.615,26.946,40.121,222.176,222.176
4476,Pittsburgh,PA,40.3990736,-79.9220444,6635561518,4,4554,6178,232924928600098,171083624936899,952949662173233,2817699721854909,6.408,3.784,3.271,3.3,26.946,40.121,222.176,222.888
4477,Pittsburgh,PA,40.3993595,-79.9347673,12614200063,3,4554,6178,229633653437922,1463003831163425,1463003831163425,2556615464503691,30.461,27.558,27.558,32.304,57.018,129.685,129.685,215.823
4478,Pittsburgh,PA,40.4001086,-79.9207117,105703878,3,4554,6178,517915266255014,517915266255014,465517834741832,320964952749565,6.457,6.457,4.268,3.881,53.443,53.443,220.664,222.757
4479,Pittsburgh,PA,40.4011646,-79.9194297,105703872,3,4554,6178,828595994707386,828595994707386,149232773887173,149232773887173,1.894,1.894,3.98,3.98,39.284,39.284,222.524,222.524
4480,Pittsburgh,PA,40.4016948,-79.9187937,11765471146,3,4554,6178,471047000780745,471047000780745,315707203286377,315707203286377,6.859,6.859,4.362,4.362,43.263,43.263,222.198,222.198
4481,Pittsburgh,PA,40.4018537,-79.9218343,2987189907,3,4554,6178,494354685350344,816122589335330,603852420589952,343192227378079,28.644,9.247,16.281,6.334,348.211,87.588,197.092,286.291
4482,Pittsburgh,PA,40.4019029,-79.9215446,11151868359,3,4554,6178,494354685350344,231501248736889,2952730808349501,1685899724942255,11.819,13.565,8.247,5.109,348.211,80.58,204.089,254.472
4483,Pittsburgh,PA,40.4021923,-79.9181909,8845766161,3,4554,6178,169404868519638,309001490950369,919532772158273,919532772158273,7.925,6.41,4.02,4.02,30.72,39.263,221.963,221.963
4484,Pittsburgh,PA,40.4022269,-79.9227786,2987189912,3,4554,6178,306616417594420,313802153525706,126728812762370,2919944814888450,7.333,12.43,1.833,8.178,326.796,137.612,189.539,322.134
4485,Pittsburgh,PA,40.4022303,-79.9182491,8845766160,4,4554,6178,309001490950369,309001490950369,295711042144863,295711042144863,1.429,1.429,2.061,2.061,39.263,39.263,221.451,221.451
4486,Pittsburgh,PA,40.4022657,-79.9180953,8256898028,3,4554,6178,873420190054960,976991246443294,300175241673650,344834216975917,7.926,7.951,6.115,3.743,40.225,43.498,209.532,225.935
4487,Pittsburgh,PA,40.4023276,-79.9181326,8845766154,4,4554,6178,976991246443294,976991246443294,300175241673650,589028728744020,0.629,0.629,4.036,0.484,43.498,43.498,209.532,227.437
4488,Pittsburgh,PA,40.4023608,-79.917962,2611682467,3,4554,6178,305818147862076,351994266261003,489513995718453,464631247940103,7.149,7.812,11.221,10.573,52.829,57.207,195.069,258.622
4489,Pittsburgh,PA,40.4024113,-79.9180206,10570245303,4,4554,6178,305818147862076,305818147862076,489513995718453,464631247940103,0.396,0.396,4.41,6.023,52.829,52.829,195.069,258.622
4490,Pittsburgh,PA,40.4024382,-79.9174145,6635561540,4,4554,6178,2788679421393085,1201678606918039,766247260760239,379219090084132,2.246,28.943,34.915,19.41,353.684,45.472,196.456,281.742
4491,Pittsburgh,PA,40.402443,-79.9178088,2611682469,3,4554,6178,818132225787289,257127936150343,908364979708688,176254224401427,7.314,7.245,8.036,4.582,31.919,64.394,224.055,243.173
4492,Pittsburgh,PA,40.4024578,-79.9180815,10570245305,3,4554,6178,933839654118882,305818147862076,489513995718453,464631247940103,4.008,7.662,5.132,8.715,324.127,52.829,195.069,258.622
4493,Pittsburgh,PA,40.4025437,-79.9177737,6635561531,4,4554,6178,4095435183868325,257127936150343,766247260760239,526954108687611,2.312,4.856,6.05,2.778,43.884,64.394,196.456,242.656
4494,Pittsburgh,PA,40.4025661,-79.9174628,104789571,4,4554,6178,475368163748002,1201678606918039,387783059067724,379219090084132,9.11,20.134,25.505,6.122,354.897,45.472,197.197,281.742
4495,Pittsburgh,PA,40.4026094,-79.9173375,6635561542,4,4554,6178,475368163748002,2270916466374786,482896966469211,461379051623572,13.245,29.166,10.342,9.608,354.897,46.654,234.06,262.752
4496,Pittsburgh,PA,40.4026425,-79.9178919,10570245306,3,4554,6178,170749391643193,484652786184422,3847658522019053,583047189278150,6.544,8.227,2.851,9.993,19.676,118.66,200.097,238.217
4497,Pittsburgh,PA,40.402648,-79.9175182,6635561533,4,4554,6178,234091901849906,214809483783312,1387994404896879,379219090084132,8.254,15.984,18.97,6.52,338.916,54.029,193.569,281.742
4498,Pittsburgh,PA,40.4027489,-79.9176363,10570276416,3,4554,6178,935257067238731,214809483783312,157016609641160,1098578610651539,0.722,2.358,4.48,9.196,23.905,54.029,209.53,268.188
4499,Pittsburgh,PA,40.4027681,-79.9208029,2987189916,4,4554,6178,4594261493924124,4594261493924124,377246700310169,314684910035432,29.436,29.436,24.942,20.616,43.631,43.631,204.725,222.843
4500,Pittsburgh,PA,40.4027982,-79.9177049,10570276418,3,4554,6178,935257067238731,214809483783312,2561575700813812,1098578610651539,8.078,7.32,3.846,4.177,23.905,54.029,213.076,268.188
4501,Pittsburgh,PA,40.402815,-79.9207664,2987189917,3,4554,6178,4594261493924124,1919730198202953,314684910035432,314684910035432,30.887,30.789,25.169,25.169,43.631,44.299,222.843,222.843
4502,Pittsburgh,PA,40.4028777,-79.9174926,2610478868,3,4554,6178,1618756821651930,472815463788132,216399820061316,1098578610651539,3.363,3.319,4.638,16.281,38.787,45.756,221.192,268.188
4503,Pittsburgh,PA,40.4029143,-79.9178694,10570276415,3,4554,6178,529365858237823,458588275233058,488022645585289,1980844652067673,3.466,10.273,7.988,10.273,356.112,90.0,170.358,259.415
4504,Pittsburgh,PA,40.4029408,-79.9174185,13086797646,3,4554,6178,748082759218149,289608302901731,525398182161404,525398182161404,2.707,3.519,4.69,4.69,43.147,50.732,221.783,221.783
4505,Pittsburgh,PA,40.4029807,-79.9166233,2610478869,3,4554,6178,329698351883380,329698351883380,649207392610126,169478875100448,31.207,31.207,6.118,6.797,30.628,30.628,232.237,237.264
4506,Pittsburgh,PA,40.4029871,-79.917364,10570276439,3,4554,6178,748082759218149,289608302901731,538777560455456,538777560455456,4.687,3.671,3.977,3.977,43.147,50.732,224.165,224.165
4507,Pittsburgh,PA,40.4029997,-79.920304,2987189919,3,4554,6178,1204099886696054,1204099886696054,313347940446538,313347940446538,17.148,17.148,24.697,24.697,40.481,40.481,223.876,223.876
4508,Pittsburgh,PA,40.4030232,-79.9174175,10570276419,7,4554,6178,748082759218149,289608302901731,939200133585383,538777560455456,8.572,7.862,4.034,3.28,43.147,50.732,218.612,224.165
4509,Pittsburgh,PA,40.4030495,-79.9177063,10570276438,3,4554,6178,1222628764862734,458588275233058,119418626857025,1980844652067673,15.201,15.201,16.515,15.201,0.0,90.0,200.685,259.415
4510,Pittsburgh,PA,40.4030806,-79.9176687,10570276435,3,4554,6178,1222628764862734,458588275233058,119418626857025,1980844652067673,19.445,19.445,20.464,19.445,0.0,90.0,200.685,259.415
4511,Pittsburgh,PA,40.4031126,-79.9176301,10570276432,3,4554,6178,1222628764862734,458588275233058,119418626857025,1980844652067673,23.984,23.984,24.796,23.984,0.0,90.0,200.685,259.415
4512,Pittsburgh,PA,40.4031142,-79.9172133,10570276414,3,4554,6178,310846180420368,310846180420368,1167270573701226,1167270573701226,0.67,0.67,4.886,4.886,42.592,42.592,221.987,221.987
4513,Pittsburgh,PA,40.4031438,-79.9175924,10570276429,3,4554,6178,1222628764862734,458588275233058,939200133585383,1980844652067673,28.507,28.507,21.332,28.507,0.0,90.0,218.612,259.415
4514,Pittsburgh,PA,40.4031826,-79.9175464,10570276426,3,4554,6178,1222628764862734,458588275233058,939200133585383,939200133585383,34.142,34.142,21.065,21.065,0.0,90.0,218.612,218.612
4515,Pittsburgh,PA,40.4032147,-79.9175069,10570276422,3,4554,6178,918965112215949,519732105730768,134131138770816,134131138770816,26.597,27.893,20.815,20.815,33.894,43.507,221.024,221.024
4516,Pittsburgh,PA,40.4034085,-79.9216497,4523341298,3,4554,6178,465545054547802,479831269899668,4283634368322601,1831786880336404,13.574,14.136,19.402,18.336,337.626,43.611,121.296,291.095
4517,Pittsburgh,PA,40.4034378,-79.9168312,104983630,3,4554,6178,308301134300497,2611198082509052,295351058813639,295351058813639,3.045,11.234,4.924,4.924,44.0,86.12,218.874,218.874
4518,Pittsburgh,PA,40.4034603,-79.9218858,4523341301,3,4554,6178,465545054547802,1503956943278103,284517473421625,1831786880336404,7.713,9.718,7.907,2.478,337.626,82.808,120.995,291.095
4519,Pittsburgh,PA,40.4034689,-79.921925,2987189932,3,4554,6178,465545054547802,1503956943278103,522222888954560,971840506958621,11.072,7.977,7.939,3.38,337.626,82.808,237.313,258.954
4520,Pittsburgh,PA,40.4034967,-79.9199796,4523341290,3,4554,6178,314979883357120,802639593692505,802639593692505,513124043388686,21.525,22.633,22.633,22.555,310.601,134.865,134.865,301.074
4521,Pittsburgh,PA,40.4036161,-79.9201242,4523341292,3,4554,6178,500584661254830,2984168898529341,885541895327093,530292424801399,19.006,24.666,22.757,18.553,310.415,136.741,144.811,307.475
4522,Pittsburgh,PA,40.4037357,-79.9202774,4523341294,3,4554,6178,308307870925927,885541895327093,519078102435703,308307870925927,18.004,32.525,30.03,18.004,317.933,144.811,204.075,317.933
4523,Pittsburgh,PA,40.4041628,-79.9157572,105703754,4,4554,6178,325638598912600,220162172905838,1702896576560676,553827609338956,6.007,3.694,8.981,8.038,44.634,86.355,220.621,227.731
4524,Pittsburgh,PA,40.406558,-79.9277266,7204905910,3,4554,6178,172724281421925,531334958133016,2958315141050486,208757974207862,32.901,32.61,21.898,13.287,352.123,47.912,175.531,248.815
4525,Pittsburgh,PA,40.406574,-79.9194925,7885577944,3,4554,6178,928396144576469,917446912157724,306082477736090,530928184576373,10.106,20.29,21.188,34.443,28.451,30.408,206.108,211.946
4526,Pittsburgh,PA,40.4066303,-79.9196419,3391972610,4,4554,6178,1143475296156746,1395575964142215,306082477736090,530928184576373,3.195,16.483,7.889,22.549,25.971,34.591,206.108,211.946
4527,Pittsburgh,PA,40.4066741,-79.9277968,7204905888,4,4554,6178,1122913058189762,269729844846060,1037040540165610,208757974207862,33.074,31.579,11.476,2.147,303.037,143.565,237.544,248.815
4528,Pittsburgh,PA,40.4067106,-79.9194092,3391972611,4,4554,6178,917446912157724,917446912157724,4189568754438553,530928184576373,8.629,8.629,21.375,30.713,30.408,30.408,207.134,211.946
4529,Pittsburgh,PA,40.4067512,-79.9272496,7204905912,4,4554,6178,172724281421925,531334958133016,141123888037912,307655364073567,17.308,14.661,22.573,15.109,352.123,47.912,164.282,263.278
4530,Pittsburgh,PA,40.4067731,-79.9195498,530289991,4,4554,6178,318508993001769,917446912157724,4189568754438553,530928184576373,4.347,5.279,8.761,17.138,27.153,30.408,207.134,211.946
4531,Pittsburgh,PA,40.4068149,-79.9276511,7204905903,3,4554,6178,377469293587498,269729844846060,458169895485834,214350120261437,13.925,14.005,6.065,11.278,304.227,143.565,153.686,259.077
4532,Pittsburgh,PA,40.4068442,-79.9193216,7885577946,3,4554,6178,509509380178719,509509380178719,287265796185731,287265796185731,7.482,7.482,21.539,21.539,32.73,32.73,210.246,210.246
4533,Pittsburgh,PA,40.4069067,-79.9194472,3391972725,4,4554,6178,1190513108077132,1190513108077132,287265796185731,287265796185731,4.118,4.118,10.722,10.722,30.093,30.093,210.246,210.246
4534,Pittsburgh,PA,40.4069216,-79.9278007,7204905899,4,4554,6178,3987630561323606,505447474135949,269729844846060,3987630561323606,12.738,10.611,11.528,12.738,308.453,128.416,143.565,308.453
4535,Pittsburgh,PA,40.4069252,-79.9277178,7204905905,4,4554,6178,485833155991527,1438565299827376,269729844846060,485833155991527,7.204,5.877,4.634,7.204,308.161,135.412,143.565,308.161
4536,Pittsburgh,PA,40.4069284,-79.9272685,7204905914,3,4554,6178,377469293587498,531334958133016,540685210649608,307655364073567,25.552,31.904,9.023,8.479,304.227,47.912,234.29,263.278
4537,Pittsburgh,PA,40.4069415,-79.9275242,7204905920,3,4554,6178,377469293587498,269729844846060,3997191340360749,377469293587498,4.358,12.073,10.012,4.358,304.227,143.565,151.211,304.227
4538,Pittsburgh,PA,40.4070097,-79.9197805,3391972621,3,4554,6178,3098668773689473,329155841885943,280098767159609,280098767159609,15.641,16.425,13.585,13.585,26.427,31.075,210.134,210.134
4539,Pittsburgh,PA,40.407026,-79.9280375,7204905882,3,4554,6178,149445983752034,2995714420752135,4042605152450106,520797572445455,16.327,13.684,14.154,15.713,307.896,124.534,127.212,304.206
4540,Pittsburgh,PA,40.4070969,-79.9280003,7204905879,4,4554,6178,520797572445455,2995714420752135,2995714420752135,520797572445455,7.224,5.322,5.322,7.224,304.206,124.534,124.534,304.206
4541,Pittsburgh,PA,40.4073346,-79.9287293,12176989457,4,4554,6178,1128576597649093,495823584899102,292337292555828,3039623329654074,4.063,3.47,24.892,7.088,57.696,77.049,214.205,283.976
4542,Pittsburgh,PA,40.4075279,-79.9293949,12176989458,4,4554,6178,3986508948096813,293698849055243,203963898076273,3986508948096813,8.817,16.621,32.49,8.817,303.209,88.001,208.172,303.209
4543,Pittsburgh,PA,40.407572,-79.914675,2987191051,3,4554,6178,272913644565238,222427269319859,830823804212956,272913644565238,21.693,14.996,14.947,21.693,318.093,133.615,135.66,318.093
4544,Pittsburgh,PA,40.4076376,-79.918529,7885577954,4,4554,6178,474102810543525,474102810543525,2663317710625917,2663317710625917,8.987,8.987,23.19,23.19,40.54,40.54,220.464,220.464
4545,Pittsburgh,PA,40.4077083,-79.92969,12176989459,4,4554,6178,185814656731795,370482221071063,5954821421257473,185814656731795,9.063,18.457,3.156,9.063,315.827,148.854,183.745,315.827
4546,Pittsburgh,PA,40.4077359,-79.918663,1797176139,4,4554,6178,2923355821244590,2923355821244590,2663317710625917,2663317710625917,3.085,3.085,9.814,9.814,41.638,41.638,220.464,220.464
4547,Pittsburgh,PA,40.4079076,-79.9189053,3391972620,3,4554,6178,502523647539739,383925279513788,293818969073535,293818969073535,14.984,16.257,12.127,12.127,35.933,45.75,225.03,225.03
4548,Pittsburgh,PA,40.4080079,-79.9187324,4523340469,3,4554,6178,4263415800385717,4263415800385717,306862424373080,306862424373080,9.639,9.639,10.111,10.111,40.695,40.695,225.363,225.363
4549,Pittsburgh,PA,40.4080288,-79.9147052,4523340465,3,4554,6178,305185684392746,298709895052465,298709895052465,305185684392746,2.623,13.48,13.48,2.623,317.007,135.653,135.653,317.007
4550,Pittsburgh,PA,40.4080738,-79.9151749,7885596197,3,4554,6178,801182017250032,482871769715545,482871769715545,801182017250032,13.778,3.912,3.912,13.778,315.335,135.37,135.37,315.335
4551,Pittsburgh,PA,40.4081412,-79.9148557,4523340467,3,4554,6178,3903829209666704,789644738348507,834156527182014,3903829209666704,2.387,12.911,14.94,2.387,313.919,134.53,157.104,313.919
4552,Pittsburgh,PA,40.4081808,-79.9150402,1797176156,3,4554,6178,412470656824863,488729452575165,488729452575165,412470656824863,1.063,4.374,4.374,1.063,313.144,132.558,132.558,313.144
4553,Pittsburgh,PA,40.4082105,-79.9185285,7885577969,3,4554,6178,1243520642712715,1243520642712715,895383747986964,895383747986964,13.347,13.347,13.366,13.366,44.096,44.096,218.08,218.08
4554,Pittsburgh,PA,40.4082282,-79.9149723,7885311132,3,4554,6178,779025612797045,488729452575165,218361746464852,779025612797045,4.282,12.157,13.211,4.282,311.621,132.558,140.368,311.621
4555,Pittsburgh,PA,40.4083542,-79.9304989,8256985929,3,4554,6178,464864081484967,1394576864261224,474270216971458,148584067240809,29.046,25.127,6.492,9.14,5.062,81.291,176.274,251.769
4556,Pittsburgh,PA,40.4083589,-79.9150516,7885311130,3,4554,6178,777467276247777,205200144783053,205200144783053,296318232218008,9.624,18.294,18.294,9.699,314.454,130.368,130.368,312.931
4557,Pittsburgh,PA,40.4083883,-79.9183028,4523340472,3,4554,6178,512893533464688,927018401418508,3950025288449130,2016017065207861,20.62,11.286,8.413,12.285,1.19,52.91,185.717,212.359
4558,Pittsburgh,PA,40.4084071,-79.9303152,8256985926,3,4554,6178,447336256596651,1394576864261224,805396163690441,307252614179290,14.646,27.402,17.875,1.73,4.677,81.291,171.053,272.637
4559,Pittsburgh,PA,40.4085237,-79.9181499,4523340471,3,4554,6178,512893533464688,1203551386730944,329843278481806,329843278481806,6.927,7.693,1.707,1.707,1.19,37.799,223.423,223.423
4560,Pittsburgh,PA,40.4085759,-79.9158404,7885596194,4,4554,6178,2807764402868560,219754176319080,223395799214239,218738759752251,13.485,6.199,5.749,13.946,315.624,134.215,138.28,312.522
4561,Pittsburgh,PA,40.4086754,-79.9157046,1797176135,4,4554,6178,2908861999385895,1211770199255754,485434069363151,1331848873875337,2.313,5.87,5.724,1.859,320.231,131.317,134.742,313.681
4562,Pittsburgh,PA,40.4087162,-79.9156534,7885311139,4,4554,6178,298883205200492,1211770199255754,1450948015246296,298883205200492,2.503,11.577,11.869,2.503,316.524,131.317,134.514,316.524
4563,Pittsburgh,PA,40.4089673,-79.9175777,4946421624,3,4554,6178,311854467015484,399525771072165,1130573140748375,1130573140748375,33.921,33.958,20.697,20.697,41.648,48.2,225.4,225.4
4564,Pittsburgh,PA,40.4090848,-79.9177346,4946421623,3,4554,6178,2852131881692676,375356237208412,1436351700046789,783419295647922,27.534,28.52,31.037,29.661,29.803,42.592,217.064,223.752
4565,Pittsburgh,PA,40.4091534,-79.9166162,7885596201,3,4554,6178,190212952953340,137993285026942,1392466987784491,496181321532960,8.151,5.162,4.83,14.167,41.92,129.854,135.009,306.398
4566,Pittsburgh,PA,40.409165,-79.916344,2987191109,4,4554,6178,519429809423757,153156783371378,153156783371378,126158269493993,2.082,5.092,5.092,2.188,316.063,135.98,135.98,305.173
4567,Pittsburgh,PA,40.4092375,-79.9167196,3391972713,4,4554,6178,190212952953340,200428148575976,200428148575976,2883122921906461,4.757,3.846,3.846,14.102,41.92,133.881,133.881,313.333
4568,Pittsburgh,PA,40.4093087,-79.9163947,7885596202,3,4554,6178,490133292257510,217372033241816,304926907827572,490133292257510,6.288,10.591,13.364,6.288,313.886,44.626,137.419,313.886
4569,Pittsburgh,PA,40.4093403,-79.9165951,106053340,4,4554,6178,144340597675497,395961408117797,482143789672131,144340597675497,0.821,3.405,6.796,0.821,314.937,46.522,141.698,314.937
4570,Pittsburgh,PA,40.4093965,-79.9165146,3391972627,4,4554,6178,217372033241816,217372033241816,695878647793899,3001069826824447,4.257,4.257,12.857,4.332,44.626,44.626,224.656,313.601
4571,Pittsburgh,PA,40.4094353,-79.9167254,7885596288,4,4554,6178,524120398607187,910505306178841,695878647793899,524120398607187,2.309,5.944,5.612,2.309,312.398,132.035,224.656,312.398
4572,Pittsburgh,PA,40.4094861,-79.9297586,7204905949,3,4554,6178,760926547903940,284351650053874,819906111967644,320526826290261,11.169,27.371,8.2,1.352,353.692,33.256,222.54,291.61
4573,Pittsburgh,PA,40.409496,-79.9166469,3391972679,3,4554,6178,631189534945556,910505306178841,695878647793899,631189534945556,4.823,15.214,9.059,4.823,312.539,132.035,224.656,312.539
4574,Pittsburgh,PA,40.4095299,-79.9168552,7885596289,3,4554,6178,570133600624000,427420221941251,427420221941251,324813765817435,2.504,5.562,5.562,2.49,316.303,139.506,139.506,315.327
4575,Pittsburgh,PA,40.4095852,-79.9167842,3391972675,3,4554,6178,324813765817435,531069941636905,427420221941251,324813765817435,6.188,14.876,13.994,6.188,315.327,131.381,139.506,315.327
4576,Pittsburgh,PA,40.4096979,-79.916932,4946421621,3,4554,6178,178543814154605,931409374292156,486068312824452,1622431797967952,6.568,13.933,14.431,6.18,315.957,129.842,132.31,313.694
4577,Pittsburgh,PA,40.409875,-79.9164147,6295643123,3,4554,6178,4351945598149445,4351945598149445,159708349494201,159708349494201,33.087,33.087,21.204,21.204,42.191,42.191,224.901,224.901
4578,Pittsburgh,PA,40.4099368,-79.9163359,4523340479,3,4554,6178,490221765619133,490221765619133,159708349494201,159708349494201,31.92,31.92,21.759,21.759,42.293,42.293,224.901,224.901
4579,Pittsburgh,PA,40.4104682,-79.9148194,7885596207,3,4554,6178,159492562788783,159492562788783,253054073234179,955495918603216,8.67,8.67,7.871,28.384,51.21,51.21,144.495,233.116
4580,Pittsburgh,PA,40.410496,-79.9156125,4523340482,3,4554,6178,491528368716392,491528368716392,311536493779574,311536493779574,31.939,31.939,20.705,20.705,47.912,47.912,223.652,223.652
4581,Pittsburgh,PA,40.4105222,-79.9147187,7885596282,3,4554,6178,770523150321556,770523150321556,253054073234179,471392980793573,7.084,7.084,9.137,29.597,53.268,53.268,144.495,235.2
4582,Pittsburgh,PA,40.41057,-79.9146442,7885596208,4,4554,6178,166351475332848,1377134642644668,253054073234179,471392980793573,7.066,8.746,15.641,27.913,44.564,54.437,144.495,235.2
4583,Pittsburgh,PA,40.410681,-79.9147557,107564436,4,4554,6178,280915903768786,280915903768786,253054073234179,471392980793573,4.425,4.425,16.838,12.378,57.368,57.368,144.495,235.2
4584,Pittsburgh,PA,40.4106888,-79.9150652,3391972682,3,4554,6178,1979441778873849,1979441778873849,955495918603216,955495918603216,17.966,17.966,6.766,6.766,53.759,53.759,233.116,233.116
4585,Pittsburgh,PA,40.4107928,-79.9148952,3391972699,4,4554,6178,201101665186283,201101665186283,471392980793573,471392980793573,18.6,18.6,5.194,5.194,54.535,54.535,235.2,235.2
4586,Pittsburgh,PA,40.4108892,-79.9150129,3391972671,3,4554,6178,201101665186283,201101665186283,471392980793573,471392980793573,32.829,32.829,19.592,19.592,54.535,54.535,235.2,235.2
4587,Pittsburgh,PA,40.4110775,-79.9146079,4523340483,3,4554,6178,621132755953523,164352995629030,4347150378648818,4347150378648818,34.812,33.671,17.127,17.127,48.907,66.724,235.475,235.475
4588,Pittsburgh,PA,40.411078,-79.9332353,104736523,3,4554,6178,315014703516435,1448738502142622,398362567871497,793734044909437,2.464,6.799,10.101,5.457,0.0,92.219,208.541,276.396
4589,Pittsburgh,PA,40.4112173,-79.9152072,3391972689,3,4554,6178,1190897628093540,489288728886996,484620622689516,484620622689516,17.914,17.176,26.433,26.433,42.756,50.576,237.429,237.429
4590,Pittsburgh,PA,40.4117614,-79.934683,105019177,3,4554,6178,542319157152380,2936342706609677,297647952074704,1332666503793732,3.382,34.058,3.311,13.062,0.0,38.728,163.979,221.287
4591,Pittsburgh,PA,40.4124089,-79.9218086,104846752,3,4554,6178,754615245209079,500551844401483,4170908642971122,220921426161725,2.53,28.748,1.094,16.717,18.644,142.876,204.136,215.864
4592,Pittsburgh,PA,40.41251,-79.93343,104736481,3,4554,6178,955016998604057,827270828165273,2600797933377897,462907218301123,9.716,1.256,11.358,4.847,346.915,71.311,181.711,237.206
4593,Pittsburgh,PA,40.4125389,-79.9214966,2295158461,3,4554,6178,158873782860865,500551844401483,199101665394604,199101665394604,20.304,19.25,16.367,16.367,2.588,142.876,214.897,214.897
4594,Pittsburgh,PA,40.4126889,-79.9213181,6150673695,4,4554,6178,749577129046623,4339121779452860,286404283160280,749577129046623,10.225,4.048,3.92,10.225,313.859,130.991,132.523,313.859
4595,Pittsburgh,PA,40.4131421,-79.933581,2713449369,3,4554,6178,1345909235780452,899226353986496,307629857681825,473325257286739,15.201,4.803,4.661,9.333,3.409,107.332,156.823,287.675
4596,Pittsburgh,PA,40.4132653,-79.9205733,12836415691,3,4554,6178,202380421575669,2151702794976983,154817979940683,133291628839084,1.525,24.063,24.088,13.824,336.054,149.818,152.503,324.64
4597,Pittsburgh,PA,40.4133664,-79.9335904,2713449368,3,4554,6178,1181507615622397,1598216503902205,137936731662117,256048676307797,1.881,9.913,10.564,15.211,19.099,86.609,186.485,268.735
4598,Pittsburgh,PA,40.3972398,-79.9025994,7235199379,3,4555,6178,195663915737974,159869402748851,1350414098664442,304840994429860,13.568,15.279,11.364,21.568,57.559,82.658,199.436,211.007
4599,Pittsburgh,PA,40.3974388,-79.9027026,13585292176,3,4555,6178,195663915737974,159869402748851,337213381452835,304840994429860,11.128,12.132,16.867,28.414,57.559,82.658,178.893,211.007
4600,Pittsburgh,PA,40.3975893,-79.9028323,13585292177,4,4555,6178,332752885035351,300406018426967,2595669890739251,376479250392913,31.997,12.697,17.603,18.012,52.465,147.846,178.448,254.896
4601,Pittsburgh,PA,40.4030265,-79.9083464,13595248895,3,4555,6178,507936820237456,1214926408940700,1214926408940700,507936820237456,5.337,4.142,4.142,5.337,318.243,129.453,129.453,318.243
4602,Pittsburgh,PA,40.4030591,-79.9083897,10788139322,4,4555,6178,507936820237456,1214926408940700,1214926408940700,507936820237456,1.732,3.891,3.891,1.732,318.243,129.453,129.453,318.243
4603,Pittsburgh,PA,40.4031216,-79.9084733,13595248890,3,4555,6178,507936820237456,1837014169791958,1837014169791958,507936820237456,10.169,5.059,5.059,10.169,318.243,134.6,134.6,318.243
4604,Pittsburgh,PA,40.4031367,-79.9082313,13595248898,3,4555,6178,507936820237456,763922464313300,763922464313300,507936820237456,17.619,7.794,7.794,17.619,318.243,136.661,136.661,318.243
4605,Pittsburgh,PA,40.4031564,-79.9082577,13585292197,4,4555,6178,507936820237456,763922464313300,763922464313300,507936820237456,17.283,7.853,7.853,17.283,318.243,136.661,136.661,318.243
4606,Pittsburgh,PA,40.4032141,-79.9083391,13595248892,3,4555,6178,507936820237456,496156888374060,496156888374060,507936820237456,19.317,7.315,7.315,19.317,318.243,135.625,135.625,318.243
4607,Pittsburgh,PA,40.4033448,-79.9087717,10788139331,4,4555,6178,460032991730374,280982347044077,280982347044077,1119526801860752,4.464,3.214,3.214,4.919,353.485,135.571,135.571,271.948
4608,Pittsburgh,PA,40.403434,-79.9086492,13585292198,4,4555,6178,460032991730374,292587775871978,292587775871978,1119526801860752,9.898,7.213,7.213,13.494,353.485,130.33,130.33,271.948
4609,Pittsburgh,PA,40.4036102,-79.9091266,13595248877,3,4555,6178,919236655595142,468296494440860,468296494440860,179517874068825,8.709,3.564,3.564,9.203,318.779,125.769,125.769,314.143
4610,Pittsburgh,PA,40.4036478,-79.9091769,10788139323,4,4555,6178,467479941025322,6424264520933021,479855133288799,179517874068825,9.155,2.997,5.85,9.24,317.234,121.862,133.843,314.143
4611,Pittsburgh,PA,40.4036952,-79.9089867,13595248883,3,4555,6178,919236655595142,288128573015727,288128573015727,919236655595142,6.709,9.476,9.476,6.709,318.779,131.053,131.053,318.779
4612,Pittsburgh,PA,40.4036971,-79.9092421,13595248878,3,4555,6178,180225433999976,1032900367280798,1032900367280798,469190234190608,9.775,4.039,4.039,9.275,320.695,134.353,134.353,311.651
4613,Pittsburgh,PA,40.4037415,-79.9090465,13585292199,4,4555,6178,467479941025322,6424264520933021,479855133288799,179517874068825,6.321,12.204,10.195,6.899,317.234,121.862,133.843,314.143
4614,Pittsburgh,PA,40.4037796,-79.9090965,13595248880,3,4555,6178,180225433999976,3760190637440143,3760190637440143,469190234190608,5.649,10.429,10.429,7.306,320.695,131.659,131.659,311.651
4615,Pittsburgh,PA,40.4039373,-79.9095592,10788139332,4,4555,6178,874653776726302,2320400838104291,467320681216499,874653776726302,9.6,5.109,5.03,9.6,322.025,131.848,134.078,322.025
4616,Pittsburgh,PA,40.4040328,-79.909429,13585292200,4,4555,6178,235393558354523,467320681216499,467320681216499,235393558354523,4.72,10.29,10.29,4.72,317.091,134.078,134.078,317.091
4617,Pittsburgh,PA,40.4042234,-79.9099369,10788139324,4,4555,6178,850142345851126,970144027148330,970144027148330,850142345851126,9.966,5.48,5.48,9.966,313.639,137.475,137.475,313.639
4618,Pittsburgh,PA,40.4043165,-79.9098069,13585292201,4,4555,6178,507510854013180,1408352976231370,970144027148330,507510854013180,2.253,9.484,9.675,2.253,312.368,133.113,137.475,312.368
4619,Pittsburgh,PA,40.4045008,-79.9103163,10788139333,4,4555,6178,892135118015283,201952801770043,801214713839155,892135118015283,10.547,7.364,8.222,10.547,314.389,131.409,138.471,314.389
4620,Pittsburgh,PA,40.4045928,-79.91019,13585292202,4,4555,6178,892135118015283,176920147653277,801214713839155,892135118015283,4.253,9.177,8.486,4.253,314.389,128.453,138.471,314.389
4621,Pittsburgh,PA,40.4047829,-79.9107023,10788139325,4,4555,6178,776625219713780,1994879023994276,1395504307515249,776625219713780,11.036,8.846,8.463,11.036,313.584,129.068,141.07,313.584
4622,Pittsburgh,PA,40.4048801,-79.910569,13585292203,4,4555,6178,372986927442030,1994879023994276,1395504307515249,372986927442030,3.507,9.884,8.67,3.507,313.52,129.068,141.07,313.52
4623,Pittsburgh,PA,40.4049711,-79.9132927,12615356697,4,4555,6178,508378923847841,508378923847841,1170631656745382,1170631656745382,28.407,28.407,19.468,19.468,58.848,58.848,223.552,223.552
4624,Pittsburgh,PA,40.4050094,-79.9144909,13396845568,3,4555,6178,519540829242120,763478907692131,216086356716676,216086356716676,5.29,5.402,6.478,6.478,44.702,52.182,231.308,231.308
4625,Pittsburgh,PA,40.4050379,-79.9131346,12615356698,3,4555,6178,508378923847841,508378923847841,220152086253527,2912454129034449,21.572,21.572,24.268,28.339,58.848,58.848,223.483,252.678
4626,Pittsburgh,PA,40.4050706,-79.9143952,4523341375,3,4555,6178,214869606880014,790602124988385,2016714575133952,2016714575133952,5.621,5.048,6.666,6.666,46.876,50.955,231.214,231.214
4627,Pittsburgh,PA,40.4050775,-79.9111029,10788139334,4,4555,6178,755430528489113,298790381736987,1182902555511623,755430528489113,12.79,8.408,8.859,12.79,314.664,132.655,138.972,314.664
4628,Pittsburgh,PA,40.4050858,-79.9134044,12615356695,3,4555,6178,508378923847841,300357811702716,1170631656745382,1170631656745382,21.616,15.993,4.179,4.179,58.848,126.244,223.552,223.552
4629,Pittsburgh,PA,40.4051692,-79.9109749,13585292204,4,4555,6178,755430528489113,298790381736987,298790381736987,301879114805867,7.176,7.242,7.242,7.287,314.664,132.655,132.655,314.147
4630,Pittsburgh,PA,40.4051803,-79.9142306,4523341378,3,4555,6178,178887557452431,178887557452431,2874730782782215,2874730782782215,1.561,1.561,6.762,6.762,55.806,55.806,230.011,230.011
4631,Pittsburgh,PA,40.4051873,-79.9132472,104789550,4,4555,6178,508378923847841,508378923847841,530183191317454,2912454129034449,4.339,4.339,6.388,9.428,58.848,58.848,222.301,252.678
4632,Pittsburgh,PA,40.4052563,-79.9143233,5690936580,3,4555,6178,504247187285423,504247187285423,787057372202149,787057372202149,5.903,5.903,4.092,4.092,46.199,46.199,230.118,230.118
4633,Pittsburgh,PA,40.4053532,-79.9144414,4523341371,3,4555,6178,1201501136949997,504247187285423,787057372202149,787057372202149,21.305,20.602,18.719,18.719,39.782,46.199,230.118,230.118
4634,Pittsburgh,PA,40.4054516,-79.9113275,13585292205,4,4555,6178,581131932851734,519324359448794,289125152870017,581131932851734,6.239,10.247,10.834,6.239,313.521,127.574,137.621,313.521
4635,Pittsburgh,PA,40.405517,-79.9137254,105703744,4,4555,6178,741625209863064,538732367289261,467420887694797,766571224221567,7.91,5.7,11.658,6.934,2.816,44.265,177.957,221.944
4636,Pittsburgh,PA,40.4056244,-79.914094,4523341372,3,4555,6178,305455271178862,4125069580882999,467420887694797,305455271178862,5.448,14.398,23.371,5.448,310.874,135.844,177.957,310.874
4637,Pittsburgh,PA,40.4056519,-79.9126471,12565321372,3,4555,6178,180390677299542,180390677299542,328886342152956,2880016725548036,2.229,2.229,6.128,7.05,43.316,43.316,217.24,228.207
4638,Pittsburgh,PA,40.4057031,-79.9139917,5690936579,3,4555,6178,305455271178862,158465262820945,158465262820945,305455271178862,10.141,3.864,3.864,10.141,310.874,136.739,136.739,310.874
4639,Pittsburgh,PA,40.4057188,-79.9117288,13585292206,4,4555,6178,139371148185695,534845911033382,534845911033382,139371148185695,2.892,8.184,8.184,2.892,315.096,125.599,125.599,315.096
4640,Pittsburgh,PA,40.4057991,-79.9128651,4523341397,3,4555,6178,180390677299542,164666248994626,465228244705264,301645548112763,23.253,22.804,16.19,15.622,43.316,126.778,217.746,226.319
4641,Pittsburgh,PA,40.4058415,-79.9124044,3917932828,3,4555,6178,818723375740624,818723375740624,484397276214534,484397276214534,4.36,4.36,4.865,4.865,44.517,44.517,214.789,214.789
4642,Pittsburgh,PA,40.4058745,-79.9129776,4523341394,3,4555,6178,498444671572411,3957654801017536,512969106545712,289299876181576,17.816,19.795,31.299,26.728,39.651,75.897,175.769,235.839
4643,Pittsburgh,PA,40.4059047,-79.9122056,4945720136,3,4555,6178,1079176119237745,478223300062596,902583906957162,575701737153327,9.014,1.147,12.287,8.567,351.307,132.143,182.559,312.77
4644,Pittsburgh,PA,40.4059474,-79.9122762,10788139328,4,4555,6178,336204714509146,478223300062596,1054634228642451,513908773117028,9.515,6.913,11.309,11.369,3.056,132.143,177.249,311.596
4645,Pittsburgh,PA,40.4059784,-79.9131232,4523341398,3,4555,6178,3984566088247297,3984566088247297,491040832316516,289299876181576,0.886,0.886,7.582,9.927,56.945,56.945,223.698,235.839
4646,Pittsburgh,PA,40.4059895,-79.9120577,4945720138,4,4555,6178,1079176119237745,1157126021425372,902583906957162,167001398709316,6.741,11.416,11.015,4.942,351.307,132.681,182.559,318.614
4647,Pittsburgh,PA,40.4060018,-79.9121978,104789543,3,4555,6178,336204714509146,1157126021425372,1054634228642451,513908773117028,9.858,5.223,14.154,2.566,3.056,132.681,177.249,311.596
4648,Pittsburgh,PA,40.4060559,-79.9121314,4945720139,4,4555,6178,1079176119237745,1157126021425372,902583906957162,513908773117028,12.111,12.018,19.317,6.114,351.307,132.681,182.559,311.596
4649,Pittsburgh,PA,40.4061038,-79.912757,3917932826,3,4555,6178,1421185384907252,1421185384907252,311803803877317,488596095527199,9.944,9.944,19.667,18.823,55.925,55.925,204.971,297.507
4650,Pittsburgh,PA,40.4061799,-79.9128602,3917932827,3,4555,6178,178653197471223,1421185384907252,311803803877317,828894857721521,5.11,4.506,8.133,8.913,45.542,55.925,204.971,250.557
4651,Pittsburgh,PA,40.406196,-79.9126479,6150673765,4,4555,6178,975633379931915,1084258858729521,474086230528644,488596095527199,7.856,6.957,4.057,7.807,54.529,60.724,134.599,297.507
4652,Pittsburgh,PA,40.4062244,-79.91211,4945720142,3,4555,6178,302248844840665,330236365105240,222266203036081,3869302933105966,21.738,25.729,5.539,4.449,342.922,136.418,221.55,235.662
4653,Pittsburgh,PA,40.4062363,-79.9127861,8552071473,3,4555,6178,178653197471223,975633379931915,311803803877317,488596095527199,4.396,4.717,8.745,9.547,45.542,54.529,204.971,297.507
4654,Pittsburgh,PA,40.4062682,-79.9125477,694562541,3,4555,6178,1214882905608029,581889836066491,495667248291842,240028737890706,2.776,3.85,3.37,3.911,313.685,133.217,135.587,286.974
4655,Pittsburgh,PA,40.4063594,-79.9129565,8552071474,3,4555,6178,3903919386392948,519626002821059,4064613606935163,588949299161316,18.718,2.143,3.676,9.995,323.982,139.616,172.911,268.335
4656,Pittsburgh,PA,40.4063712,-79.9126127,4380813678,3,4555,6178,491040912342851,1592125787643101,1174847836310753,222919345928686,0.839,4.118,16.426,2.265,319.712,44.225,184.415,313.438
4657,Pittsburgh,PA,40.40649,-79.9124647,3917932824,3,4555,6178,298209541927097,298209541927097,1174847836310753,339429847607231,2.67,2.67,16.217,13.882,39.354,39.354,184.415,262.735
4658,Pittsburgh,PA,40.4066009,-79.9133054,8552071464,3,4555,6178,856868948237870,195508088968061,300430698388615,248731010367771,2.198,11.738,14.214,10.448,313.542,134.372,158.292,275.289
4659,Pittsburgh,PA,40.4067273,-79.912169,4523341389,3,4555,6178,749471915728178,2740473179510900,5948877248463518,5948877248463518,3.323,7.144,8.223,8.223,23.016,45.472,225.156,225.156
4660,Pittsburgh,PA,40.4067531,-79.9134098,8552071469,3,4555,6178,1143192816093747,227564598720982,165724865501225,248731010367771,10.906,2.257,16.773,11.893,2.808,38.116,179.843,275.289
4661,Pittsburgh,PA,40.406779,-79.9121045,8256770629,3,4555,6178,749471915728178,2740473179510900,538198940919810,538198940919810,9.872,14.988,7.91,7.91,23.016,45.472,224.247,224.247
4662,Pittsburgh,PA,40.4068578,-79.9132807,4380813677,3,4555,6178,2621852581440934,505644047451289,165724865501225,2621852581440934,1.081,2.78,8.444,1.081,314.902,41.054,179.843,314.902
4663,Pittsburgh,PA,40.407233,-79.911901,4523341385,3,4555,6178,1127902817678076,290753339891891,5385273988149534,169923231799810,3.45,4.931,6.82,8.403,357.882,128.722,141.965,238.923
4664,Pittsburgh,PA,40.4073441,-79.9117525,4523341383,3,4555,6178,1127902817678076,352520733484800,1149957128761387,1149957128761387,16.204,26.302,10.992,10.992,357.882,103.111,222.568,222.568
4665,Pittsburgh,PA,40.4074256,-79.9112987,104735446,4,4555,6178,732930244373233,1251671502027744,379292070047205,320005579645476,5.79,4.128,8.509,8.281,25.149,43.814,202.431,227.507
4666,Pittsburgh,PA,40.4075248,-79.9139935,3391972733,4,4555,6178,306932850898813,847811975808984,277094260811123,1092361791169384,0.501,16.849,2.426,3.616,334.931,135.128,227.478,250.388
4667,Pittsburgh,PA,40.4077982,-79.9143966,2987191059,3,4555,6178,315956946811645,213875533640750,1548729698664374,315956946811645,4.788,14.125,14.568,4.788,311.874,133.389,137.685,311.874
4668,Pittsburgh,PA,40.4079116,-79.9145484,4523340463,3,4555,6178,219543996325820,2942087166117938,2942087166117938,751784798837210,3.998,13.768,13.768,5.837,321.896,134.845,134.845,314.299
4669,Pittsburgh,PA,40.4079532,-79.9118485,104735433,4,4555,6178,213118670410958,392522061884838,1180670522406858,1433851837074051,9.413,4.262,3.629,6.893,338.754,137.379,140.26,311.676
4670,Pittsburgh,PA,40.4083233,-79.9122486,3652271823,3,4555,6178,7317695001605479,3717593641684108,304631464695773,389187886174127,6.046,4.868,5.015,6.744,324.429,140.368,143.97,317.359
4671,Pittsburgh,PA,40.4085228,-79.9126042,6150673755,3,4555,6178,850485585596547,468158977593279,1522519491473500,4676241419059581,16.95,13.626,10.857,8.846,346.159,140.673,170.934,225.848
4672,Pittsburgh,PA,40.4085407,-79.9124822,3792267968,3,4555,6178,850485585596547,468158977593279,2932994490270818,324501849071302,8.284,7.155,4.487,7.139,346.159,140.673,166.989,329.524
4673,Pittsburgh,PA,40.4085534,-79.9124959,2987191086,4,4555,6178,850485585596547,468158977593279,1522519491473500,324501849071302,7.748,8.9,3.79,8.149,346.159,140.673,170.934,329.524
4674,Pittsburgh,PA,40.4085724,-79.9126559,2987191087,4,4555,6178,168385885127394,158916466184489,3638295866276735,4676241419059581,20.188,20.933,3.094,2.384,6.498,75.709,219.279,225.848
4675,Pittsburgh,PA,40.4086129,-79.9125385,104735404,3,4555,6178,168385885127394,158916466184489,146783650794624,236144808315949,9.474,22.044,4.128,6.608,6.498,75.709,181.317,223.567
4676,Pittsburgh,PA,40.40863,-79.9127356,8526449432,3,4555,6178,168385885127394,158916466184489,3638295866276735,782636515785084,24.275,13.829,6.709,5.386,6.498,75.709,219.279,226.12
4677,Pittsburgh,PA,40.4087297,-79.9128575,7885596279,3,4555,6178,3032075533689469,158916466184489,656881998500270,1593859297470208,18.105,11.824,9.813,18.789,54.66,75.709,174.306,228.18
4678,Pittsburgh,PA,40.4087949,-79.9127749,1797176136,4,4555,6178,3032075533689469,158916466184489,656881998500270,1350585258631347,10.013,6.42,3.673,9.622,54.66,75.709,174.306,218.834
4679,Pittsburgh,PA,40.4089742,-79.9121308,3391972711,4,4555,6178,2840870599462708,1013978049227071,3020165874880878,329794638491668,11.668,3.126,12.084,22.65,16.438,107.265,193.63,220.749
4680,Pittsburgh,PA,40.4090016,-79.9122656,1797183168,3,4555,6178,2840870599462708,936386007039671,3020165874880878,329794638491668,3.196,9.576,0.87,18.238,16.438,68.089,193.63,220.749
4681,Pittsburgh,PA,40.4090569,-79.9125855,7885596395,3,4555,6178,2537618819867498,180326310640949,843719282886018,322996835841950,7.219,22.098,2.904,4.826,14.196,104.662,190.754,217.65
4682,Pittsburgh,PA,40.4091342,-79.9125553,2987191108,4,4555,6178,2989661584648005,180326310640949,843719282886018,498088461333531,5.927,15.778,6.104,16.855,348.733,104.662,190.754,266.597
4683,Pittsburgh,PA,40.4095991,-79.9127981,2987191159,3,4555,6178,1421398488237437,807296783497843,466617474445110,314947653371403,0.924,22.481,2.554,5.022,351.341,91.362,164.63,284.366
4684,Pittsburgh,PA,40.4097233,-79.9128674,1797176171,3,4555,6178,481027143221375,763175974262825,473841287063920,1199082173846031,3.079,8.987,4.427,7.24,1.53,69.762,189.6,247.513
4685,Pittsburgh,PA,40.4098476,-79.9125531,3391972709,4,4555,6178,181087533793428,881888399336294,297406058592069,872786983274154,14.354,1.081,5.282,7.009,332.996,75.241,152.765,244.07
4686,Pittsburgh,PA,40.4099027,-79.9124097,530289987,4,4555,6178,191073282887239,473442110543815,185486570112380,314707836706273,4.486,10.719,12.66,6.737,334.217,102.861,184.487,229.276
4687,Pittsburgh,PA,40.4099302,-79.9126093,7885596281,4,4555,6178,1669386590116269,243386117539834,3013518495543734,872786983274154,17.673,12.843,5.501,3.658,333.104,82.79,181.103,244.07
4688,Pittsburgh,PA,40.4099654,-79.9122932,3391972706,4,4555,6178,191073282887239,473442110543815,849532852318940,849532852318940,8.895,22.309,5.358,5.358,334.217,102.861,238.13,238.13
4689,Pittsburgh,PA,40.4099769,-79.9124623,3391972710,4,4555,6178,1669386590116269,881888399336294,3013518495543734,872786983274154,5.257,16.695,8.844,14.855,333.104,75.241,181.103,244.07
4690,Pittsburgh,PA,40.4100275,-79.9123395,7885596247,3,4555,6178,1669386590116269,473442110543815,211674193888408,849532852318940,8.312,25.759,18.394,13.122,333.104,102.861,177.619,238.13
4691,Pittsburgh,PA,40.4100365,-79.9121727,4523341336,3,4555,6178,134921922022018,486129486049636,457556115545172,799573994010588,20.883,32.863,6.703,9.961,333.104,120.853,222.441,240.175
4692,Pittsburgh,PA,40.4107779,-79.9134037,4523341320,3,4555,6178,508615360176763,559623468396067,519675885824364,511927349935652,33.889,25.921,22.14,34.743,331.584,112.981,152.997,328.86
4693,Pittsburgh,PA,40.4108924,-79.9130713,1797165260,4,4555,6178,508615360176763,918297355691315,2084686084996393,511927349935652,3.497,6.855,6.96,9.375,331.584,145.867,153.278,328.86
4694,Pittsburgh,PA,40.4108952,-79.9104568,4523341357,3,4555,6178,530410958444777,177303950962851,189048113067678,1117254782219584,26.962,22.047,18.016,24.893,301.901,149.831,177.87,272.378
4695,Pittsburgh,PA,40.4109663,-79.9134945,7885596217,3,4555,6178,142505957906777,536389147747494,4021299291319582,222957382609863,28.297,9.26,13.63,31.313,336.295,93.164,123.779,326.023
4696,Pittsburgh,PA,40.4110409,-79.9134777,3391972701,4,4555,6178,142505957906777,536389147747494,959837858109373,170970768283687,22.783,1.327,12.374,31.412,336.295,93.164,127.3,277.734
4697,Pittsburgh,PA,40.411052,-79.9139449,1797165255,3,4555,6178,899629614218144,220630709524269,588884328763113,508854953490825,9.811,4.154,23.547,15.343,57.057,63.038,239.644,241.275
4698,Pittsburgh,PA,40.4111393,-79.9134361,7885596295,3,4555,6178,142505957906777,536389147747494,959837858109373,170970768283687,17.448,10.935,15.42,21.019,336.295,93.164,127.3,277.734
4699,Pittsburgh,PA,40.411197,-79.9129665,7885596255,3,4555,6178,2590838007707125,173555561341026,173555561341026,222957382609863,20.958,34.193,34.193,26.044,330.813,138.768,138.768,326.023
4700,Pittsburgh,PA,40.411198,-79.9132877,3391972712,4,4555,6178,222957382609863,536389147747494,959837858109373,222957382609863,1.312,23.711,19.622,1.312,326.023,93.164,127.3,326.023
4701,Pittsburgh,PA,40.4112462,-79.9135045,3391972700,4,4555,6178,916304882265945,457795202054076,959837858109373,170970768283687,15.887,18.16,28.565,8.599,326.023,103.428,127.3,277.734
4702,Pittsburgh,PA,40.4112555,-79.9131284,7885596296,3,4555,6178,222957382609863,1142621459534436,173555561341026,222957382609863,14.187,32.954,32.674,14.187,326.023,114.488,138.768,326.023
4703,Pittsburgh,PA,40.4113088,-79.9133642,530289983,4,4555,6178,916304882265945,536389147747494,959837858109373,500679651288488,8.492,30.702,31.673,3.23,326.023,93.164,127.3,293.814
4704,Pittsburgh,PA,40.411366,-79.9135815,3391972686,3,4555,6178,916304882265945,289253972844033,588884328763113,140493961450151,26.334,31.42,25.082,6.237,326.023,92.814,239.644,254.479
4705,Pittsburgh,PA,40.4116006,-79.9142906,4523340487,4,4555,6178,3444910158942159,317245536436789,137859891663577,2782639155379573,31.718,28.623,28.998,28.65,0.0,57.419,227.671,236.709
4706,Pittsburgh,PA,40.4117152,-79.9139954,4523340486,3,4555,6178,209418250800186,209418250800186,1388506818200104,3982292541889259,31.52,31.52,32.258,32.307,57.606,57.606,229.837,236.81
4707,Pittsburgh,PA,40.4122152,-79.9134678,4523341095,3,4555,6178,518224682666628,2876722839212710,183934283600325,183934283600325,19.574,17.987,15.641,15.641,42.336,50.906,230.105,230.105
4708,Pittsburgh,PA,40.4128381,-79.9122536,3489877895,3,4555,6178,741500609854615,741500609854615,774049193296547,807539196806694,18.482,18.482,14.195,12.899,59.824,59.824,237.156,242.822
4709,Pittsburgh,PA,40.4134172,-79.9012811,4523341244,3,4555,6178,756710468353068,526777312025444,293462025854231,747512839249046,8.987,29.345,27.744,3.308,323.785,36.408,155.59,278.393
4710,Pittsburgh,PA,40.4009707,-79.8834454,2934996505,3,4556,6178,947242436033745,312387893849488,752491158665937,189852366329648,4.342,3.032,1.93,4.795,9.327,106.228,171.46,263.311
4711,Pittsburgh,PA,40.4011139,-79.8832218,4704609574,3,4556,6178,415580226500395,306070741026110,162206969190054,3913538422096671,3.973,5.473,9.21,15.758,54.146,69.352,153.949,266.322
4712,Pittsburgh,PA,40.4013061,-79.8806847,104534280,4,4556,6178,5508915355849926,489455782328006,375165080649207,189150093064422,13.508,26.288,1.945,31.252,332.332,148.03,153.399,326.547
4713,Pittsburgh,PA,40.4013401,-79.8805766,2934996523,3,4556,6178,205147117951929,489455782328006,375165080649207,189150093064422,3.999,27.412,11.473,27.808,332.034,148.03,153.399,326.547
4714,Pittsburgh,PA,40.4014237,-79.8842228,7161612206,3,4556,6178,3082595612054226,543380173508043,154666896624621,222667715977285,4.572,2.983,9.79,4.451,53.403,81.967,239.821,244.446
4715,Pittsburgh,PA,40.4017627,-79.8847613,7161612190,3,4556,6178,166280905427745,290382122720675,862559781273932,947391789435427,32.236,32.398,32.398,32.987,323.667,96.319,173.376,266.935
4716,Pittsburgh,PA,40.4018114,-79.8847916,4704606460,3,4556,6178,166280905427745,290382122720675,862559781273932,947391789435427,28.389,28.613,28.613,29.234,323.667,96.319,173.376,266.935
4717,Pittsburgh,PA,40.4021537,-79.884103,4704609545,3,4556,6178,556811499089313,302589574691331,618924595752301,309962137176056,10.037,14.075,5.904,4.556,0.0,69.035,224.681,241.712
4718,Pittsburgh,PA,40.4023474,-79.8811872,686200882,3,4556,6178,838022896789584,1124150694772560,2913145352307939,500787221038920,1.652,17.967,13.107,29.53,336.505,100.266,154.364,329.915
4719,Pittsburgh,PA,40.4026034,-79.8830845,7086867013,3,4556,6178,2702371070002118,920140385444315,781875679369948,854491202088635,6.747,1.263,4.399,2.439,358.911,106.763,175.233,282.213
4720,Pittsburgh,PA,40.4026258,-79.8813459,3735385667,3,4556,6178,466193497820288,487680825682003,487680825682003,466193497820288,4.074,15.518,15.518,4.074,329.592,148.336,148.336,329.592
4721,Pittsburgh,PA,40.4027358,-79.8831548,7086867014,3,4556,6178,2702371070002118,384744539439120,4019979384704886,593269901632335,10.657,6.728,1.564,7.449,358.911,73.496,165.393,272.937
4722,Pittsburgh,PA,40.4027367,-79.8851769,104604229,3,4556,6178,221000929491307,1160445664424044,165580075496255,221000929491307,3.293,4.752,1.536,3.293,318.307,55.257,141.112,318.307
4723,Pittsburgh,PA,40.4029561,-79.8834065,7086867015,3,4556,6178,382561339706311,482198392867656,798021750839176,890288215161838,6.863,3.928,5.565,23.938,0.0,80.894,182.837,237.168
4724,Pittsburgh,PA,40.4035351,-79.8828858,12096995626,3,4556,6178,487678196001982,179191560660853,179191560660853,487678196001982,22.179,19.186,19.186,22.179,319.791,139.433,139.433,319.791
4725,Pittsburgh,PA,40.4035699,-79.8828442,12096995624,3,4556,6178,487678196001982,179191560660853,179191560660853,487678196001982,17.002,14.012,14.012,17.002,319.791,139.433,139.433,319.791
4726,Pittsburgh,PA,40.4036325,-79.8827695,12096995622,3,4556,6178,487678196001982,179191560660853,179191560660853,487678196001982,7.89,5.022,5.022,7.89,319.791,139.433,139.433,319.791
4727,Pittsburgh,PA,40.4036624,-79.8828924,7086866983,3,4556,6178,376572693700104,179191560660853,559931578327739,474285960308977,16.409,11.665,10.738,14.293,337.485,139.433,149.074,324.829
4728,Pittsburgh,PA,40.4036659,-79.8830767,12096995625,3,4556,6178,315931930067007,559931578327739,314804943380924,474285960308977,31.923,23.298,24.864,29.095,354.386,149.074,169.775,324.829
4729,Pittsburgh,PA,40.4036965,-79.882859,7086866939,4,4556,6178,376572693700104,559931578327739,559931578327739,474285960308977,11.696,6.013,6.013,10.356,337.485,149.074,149.074,324.829
4730,Pittsburgh,PA,40.4036998,-79.883038,12096995623,3,4556,6178,315931930067007,559931578327739,314804943380924,474285960308977,26.944,19.021,19.876,25.326,354.386,149.074,169.775,324.829
4731,Pittsburgh,PA,40.4037341,-79.8829986,12096995619,4,4556,6178,315931930067007,559931578327739,314804943380924,474285960308977,21.898,15.126,14.819,21.995,354.386,149.074,169.775,324.829
4732,Pittsburgh,PA,40.403769,-79.8829601,12096995618,3,4556,6178,315931930067007,559931578327739,314804943380924,474285960308977,16.878,12.221,9.785,19.521,354.386,149.074,169.775,324.829
4733,Pittsburgh,PA,40.4038119,-79.8830205,686200892,3,4556,6178,315931930067007,559931578327739,314804943380924,471211724106361,18.939,18.661,12.536,21.968,354.386,149.074,169.775,214.082
4734,Pittsburgh,PA,40.4038213,-79.8827466,7086866938,4,4556,6178,315931930067007,559931578327739,314804943380924,490580238658194,7.475,10.817,10.801,11.085,354.386,149.074,169.775,315.753
4735,Pittsburgh,PA,40.4038933,-79.8827077,7086866936,3,4556,6178,315931930067007,320835569443060,339333204206738,490580238658194,9.053,16.021,14.587,10.33,354.386,33.313,195.183,315.753
4736,Pittsburgh,PA,40.4040418,-79.8827352,686200889,3,4556,6178,964478944298777,320835569443060,475056927108282,475056927108282,1.443,0.655,6.127,6.127,27.209,33.313,222.447,222.447
4737,Pittsburgh,PA,40.4042225,-79.8908142,105171328,3,4556,6178,584879992481298,376635123723414,897649271083754,302413731350724,7.425,15.339,7.71,5.601,349.189,31.552,238.666,301.777
4738,Pittsburgh,PA,40.4043453,-79.8708941,3588421188,3,4556,6178,929894747806874,739546303405566,465074071426122,285695973259112,25.809,7.252,20.714,11.851,30.733,109.436,186.633,222.162
4739,Pittsburgh,PA,40.4045039,-79.8861613,7161450488,3,4556,6178,954716222052099,311838171054267,370890164365036,1168407583977409,5.225,3.72,7.66,3.289,0.0,99.064,180.0,263.338
4740,Pittsburgh,PA,40.4045209,-79.8706784,8315272757,4,4556,6178,929894747806874,483807739337218,465074071426122,1570562103141640,20.394,7.921,7.318,12.717,30.733,131.835,186.633,215.59
4741,Pittsburgh,PA,40.4045496,-79.8707484,8315272754,3,4556,6178,929894747806874,483807739337218,2842389092758116,1570562103141640,25.914,4.302,2.175,10.742,30.733,131.835,165.845,215.59
4742,Pittsburgh,PA,40.4046189,-79.8862294,7161450487,3,4556,6178,225301745640116,374351407288578,370890164365036,1168407583977409,7.312,5.688,6.778,14.66,0.0,105.535,180.0,263.338
4743,Pittsburgh,PA,40.4046847,-79.8910875,7161612214,3,4556,6178,923345271777708,464813584822837,994307291307755,238506601382901,5.127,26.505,29.76,27.086,332.07,140.298,162.133,276.909
4744,Pittsburgh,PA,40.4046939,-79.8907404,7161430376,3,4556,6178,988114678663180,1379440975759598,500145414443953,238506601382901,8.57,5.382,1.203,20.217,346.098,148.28,155.669,276.909
4745,Pittsburgh,PA,40.4050793,-79.8896311,7161430370,3,4556,6178,1413480902346826,934905727307273,299272311677256,530985974587149,10.906,7.783,10.83,2.233,1.932,88.993,183.092,273.511
4746,Pittsburgh,PA,40.405105,-79.8897379,7161430368,3,4556,6178,856780394937600,934905727307273,299272311677256,3030628200552166,3.168,2.146,2.058,0.636,14.943,88.993,183.092,267.01
4747,Pittsburgh,PA,40.4054244,-79.8888086,7161430345,3,4556,6178,652967435554925,206982227737624,693639641593681,308973167457353,11.69,1.885,5.63,4.402,0.0,84.943,183.114,243.952
4748,Pittsburgh,PA,40.4060166,-79.8913462,4591263459,3,4556,6178,795967481051370,2242724205858115,1418563655190246,652039028994614,2.647,5.341,5.895,6.714,344.762,42.293,160.016,239.814
4749,Pittsburgh,PA,40.4060291,-79.8908305,7161430318,3,4556,6178,1393384654358080,336920484715486,814197106139654,4200091096709554,6.842,9.059,7.888,12.788,18.824,88.371,168.49,253.443
4750,Pittsburgh,PA,40.4060591,-79.890778,7161430319,3,4556,6178,1393384654358080,336920484715486,814197106139654,4200091096709554,1.702,3.595,5.329,10.02,18.824,88.371,168.49,253.443
4751,Pittsburgh,PA,40.4062397,-79.8904078,7161430323,3,4556,6178,524730958536765,471931244039275,239859254576512,334231421399933,1.296,4.878,4.607,5.793,9.808,82.969,152.706,284.662
4752,Pittsburgh,PA,40.4080779,-79.8776642,7624513948,3,4556,6178,460677938562611,460677938562611,522028645598789,522028645598789,7.672,7.672,16.911,16.911,42.957,42.957,222.807,222.807
4753,Pittsburgh,PA,40.4082278,-79.8773399,7624513951,3,4556,6178,784742948843402,784742948843402,762757284421858,762757284421858,16.701,16.701,26.408,26.408,42.755,42.755,221.944,221.944
4754,Pittsburgh,PA,40.4083836,-79.8779146,7624513954,3,4556,6178,1848709788638552,1848709788638552,3815598528569376,3815598528569376,27.615,27.615,22.625,22.625,42.974,42.974,223.142,223.142
4755,Pittsburgh,PA,40.4084183,-79.8769565,8385870146,3,4556,6178,395473161708502,499823347826413,285409119912920,2962178824014410,26.421,15.38,20.536,28.906,43.242,144.264,182.658,216.906
4756,Pittsburgh,PA,40.4085336,-79.8769625,8385870161,3,4556,6178,465830091152065,334024601404573,334024601404573,1928869660615524,17.31,8.493,8.493,26.374,43.242,144.237,144.237,222.643
4757,Pittsburgh,PA,40.4085641,-79.8778011,7624513952,3,4556,6178,500702594463565,500702594463565,762757284421858,762757284421858,34.433,34.433,29.011,29.011,43.254,43.254,221.944,221.944
4758,Pittsburgh,PA,40.4086384,-79.8767101,8385870157,3,4556,6178,855819955291329,334024601404573,3277218429047941,468302871089405,25.158,16.194,12.793,8.743,43.51,144.237,208.29,229.358
4759,Pittsburgh,PA,40.408649,-79.8767947,8385870159,3,4556,6178,855819955291329,334024601404573,334024601404573,468302871089405,18.926,12.18,12.18,15.641,43.51,144.237,144.237,229.358
4760,Pittsburgh,PA,40.4091188,-79.8912869,3489877962,3,4556,6178,312585823707926,1235066773563126,1190341828081852,526885058488424,15.633,3.045,7.404,1.52,300.801,101.88,123.824,292.439
4761,Pittsburgh,PA,40.4092104,-79.875975,687437142,3,4556,6178,791873001717115,940366959839088,2641546122809434,302865114839762,31.497,8.233,4.246,19.008,44.031,126.428,179.538,212.097
4762,Pittsburgh,PA,40.4095503,-79.8759485,8385870126,3,4556,6178,301252468149584,301252468149584,1600176563522472,1600176563522472,8.635,8.635,10.282,10.282,43.842,43.842,224.962,224.962
4763,Pittsburgh,PA,40.409574,-79.8760206,687437067,3,4556,6178,301252468149584,301252468149584,1600176563522472,1600176563522472,3.977,3.977,4.786,4.786,43.842,43.842,224.962,224.962
4764,Pittsburgh,PA,40.4099988,-79.8758355,687437177,3,4556,6178,525550812158241,525550812158241,1108881352919806,1108881352919806,17.328,17.328,16.361,16.361,33.525,33.525,214.724,214.724
4765,Pittsburgh,PA,40.4101907,-79.875591,8385876243,3,4556,6178,467118751069651,525550812158241,309096220609780,955076535322113,11.962,27.491,6.805,21.069,27.674,33.525,202.619,211.518
4766,Pittsburgh,PA,40.4114514,-79.8834535,6859341110,3,4556,6178,473899567249014,310235503872989,541256740230378,248705960340753,2.71,2.717,3.123,6.631,39.289,130.079,159.661,307.157
4767,Pittsburgh,PA,40.4117232,-79.8757835,8385876235,4,4556,6178,466999081069924,294601552295149,2816286598683839,466999081069924,9.212,14.231,1.384,9.212,329.541,149.213,151.78,329.541
4768,Pittsburgh,PA,40.4117349,-79.8757004,7673364110,3,4556,6178,466999081069924,294601552295149,2816286598683839,466999081069924,2.315,17.159,6.023,2.315,329.541,149.213,151.78,329.541
4769,Pittsburgh,PA,40.4119176,-79.8761437,7673364111,3,4556,6178,2824076707832924,512427866566081,4701600759854273,2824076707832924,24.251,17.801,17.626,24.251,328.372,146.992,148.823,328.372
4770,Pittsburgh,PA,40.4119768,-79.876003,8385876230,4,4556,6178,2824076707832924,512427866566081,4701600759854273,2824076707832924,11.433,4.699,4.644,11.433,328.372,146.992,148.823,328.372
4771,Pittsburgh,PA,40.4120186,-79.8759104,7673364112,3,4556,6178,2824076707832924,512427866566081,512427866566081,2824076707832924,5.889,5.521,5.521,5.889,328.372,146.992,146.992,328.372
4772,Pittsburgh,PA,40.4121558,-79.8763464,7673364105,3,4556,6178,4036112609789401,488323072413364,488323072413364,463206828310271,26.107,18.718,18.718,32.329,330.201,148.408,148.408,329.628
4773,Pittsburgh,PA,40.412166,-79.8761206,8385876224,3,4556,6178,4036112609789401,488323072413364,488323072413364,463206828310271,7.755,3.137,3.137,14.33,330.201,148.408,148.408,329.628
4774,Pittsburgh,PA,40.412199,-79.8760453,8385876225,4,4556,6178,4036112609789401,488323072413364,488323072413364,463206828310271,0.709,7.27,7.27,12.027,330.201,148.408,148.408,329.628
4775,Pittsburgh,PA,40.4122121,-79.8762089,8385876221,4,4556,6178,4036112609789401,488323072413364,206788081282044,463206828310271,13.898,6.939,7.04,23.349,330.201,148.408,149.701,329.628
4776,Pittsburgh,PA,40.4122389,-79.8759397,8385870215,3,4556,6178,4036112609789401,488323072413364,183357280357395,463206828310271,9.662,16.963,17.293,14.85,330.201,148.408,154.241,329.628
4777,Pittsburgh,PA,40.4122579,-79.8760894,2610479017,4,4556,6178,4036112609789401,206788081282044,206788081282044,463206828310271,6.947,5.324,5.324,19.561,330.201,149.701,149.701,329.628
4778,Pittsburgh,PA,40.4123013,-79.8759892,8385876217,4,4556,6178,4036112609789401,206788081282044,206788081282044,463206828310271,11.666,14.605,14.605,21.629,330.201,149.701,149.701,329.628
4779,Pittsburgh,PA,40.4123164,-79.8761317,8385876219,4,4556,6178,295823908923186,206788081282044,206788081282044,463206828310271,1.774,6.673,6.673,26.983,330.77,149.701,149.701,329.628
4780,Pittsburgh,PA,40.4133092,-79.8711118,104539156,3,4556,6178,1252871558441659,2275525715912896,2275525715912896,171505628239925,7.088,5.911,5.911,7.143,0.0,141.914,141.914,319.521
4781,Pittsburgh,PA,40.4107218,-79.8684563,105032945,4,4557,6178,921365701837487,489491895589045,489491895589045,1999926156830061,6.614,8.438,8.438,10.429,9.548,137.315,137.315,314.924
4782,Pittsburgh,PA,40.4110179,-79.8688108,105172198,3,4557,6178,1890024137823226,2906244379703274,2906244379703274,766063687406828,0.81,3.146,3.146,2.542,328.103,134.924,134.924,303.189
4783,Pittsburgh,PA,40.4118819,-79.8698697,105172185,4,4557,6178,958658844947319,578062360248373,571431210501705,402103860878925,7.214,3.581,3.31,10.256,7.682,129.351,140.647,308.423
4784,Pittsburgh,PA,40.4119136,-79.8698996,7125160443,3,4557,6178,958658844947319,571431210501705,571431210501705,402103860878925,6.997,2.022,2.022,6.587,7.682,140.647,140.647,308.423
4785,Pittsburgh,PA,40.3884762,-80.0424388,10949184199,3,4549,6179,780135589358510,165410212100861,154052796683677,154052796683677,30.383,29.216,34.995,34.995,37.281,47.288,217.747,217.747
4786,Pittsburgh,PA,40.3885485,-80.0423351,10949184198,3,4549,6179,478840183541455,165410212100861,154052796683677,154052796683677,30.351,30.982,34.169,34.169,41.751,47.288,217.747,217.747
4787,Pittsburgh,PA,40.3885788,-80.042749,5157429533,3,4549,6179,780135589358510,780135589358510,154052796683677,154052796683677,2.985,2.985,21.503,21.503,37.281,37.281,217.747,217.747
4788,Pittsburgh,PA,40.3885997,-80.0426162,7821310887,4,4549,6179,780135589358510,165410212100861,154052796683677,154052796683677,11.772,9.496,17.065,17.065,37.281,47.288,217.747,217.747
4789,Pittsburgh,PA,40.3886222,-80.0428253,7821301760,4,4549,6179,780135589358510,780135589358510,154052796683677,154052796683677,6.244,6.244,21.536,21.536,37.281,37.281,217.747,217.747
4790,Pittsburgh,PA,40.3886468,-80.0426843,7013607909,3,4549,6179,165410212100861,165410212100861,154052796683677,154052796683677,4.178,4.178,12.401,12.401,47.288,47.288,217.747,217.747
4791,Pittsburgh,PA,40.3887315,-80.0430216,8257187047,3,4549,6179,780135589358510,780135589358510,154052796683677,154052796683677,26.587,26.587,32.656,32.656,37.281,37.281,217.747,217.747
4792,Pittsburgh,PA,40.3887525,-80.0425748,8257187060,3,4549,6179,478840183541455,478840183541455,837039216924092,837039216924092,0.774,0.774,4.386,4.386,41.751,41.751,217.747,217.747
4793,Pittsburgh,PA,40.388798,-80.0426543,8257187058,4,4549,6179,478840183541455,478840183541455,837039216924092,837039216924092,8.701,8.701,4.038,4.038,41.751,41.751,217.747,217.747
4794,Pittsburgh,PA,40.3888625,-80.0424581,7850027309,3,4549,6179,516817992668387,516817992668387,147724500667800,147724500667800,3.77,3.77,12.983,12.983,45.918,45.918,217.747,217.747
4795,Pittsburgh,PA,40.3889099,-80.0422675,7821301769,3,4549,6179,469906757425899,469906757425899,147724500667800,147724500667800,6.251,6.251,29.761,29.761,44.716,44.716,217.747,217.747
4796,Pittsburgh,PA,40.388915,-80.042536,7821301764,4,4549,6179,516817992668387,516817992668387,147724500667800,147724500667800,10.953,10.953,13.4,13.4,45.918,45.918,217.747,217.747
4797,Pittsburgh,PA,40.3889481,-80.0422293,5157425219,4,4549,6179,469906757425899,469906757425899,147724500667800,147724500667800,6.07,6.07,34.536,34.536,44.716,44.716,217.747,217.747
4798,Pittsburgh,PA,40.388954,-80.0423565,5157429530,4,4549,6179,469906757425899,469906757425899,147724500667800,147724500667800,4.924,4.924,25.977,25.977,44.716,44.716,217.747,217.747
4799,Pittsburgh,PA,40.389005,-80.0424405,7821301770,3,4549,6179,469906757425899,469906757425899,147724500667800,147724500667800,12.953,12.953,25.888,25.888,44.716,44.716,217.747,217.747
4800,Pittsburgh,PA,40.3890084,-80.0423003,5157425220,4,4549,6179,469906757425899,469906757425899,147724500667800,147724500667800,5.302,5.302,33.564,33.564,44.716,44.716,217.747,217.747
4801,Pittsburgh,PA,40.3890625,-80.0423759,7821301762,4,4549,6179,580958529548032,469906757425899,147724500667800,147724500667800,14.344,13.056,34.175,34.175,36.38,44.716,217.747,217.747
4802,Pittsburgh,PA,40.3949416,-80.0342544,12247301269,3,4549,6179,1134270290423863,1134270290423863,1158323707925518,917975755646803,0.547,0.547,22.007,18.484,54.193,54.193,228.423,240.488
4803,Pittsburgh,PA,40.3950069,-80.0343191,5158201661,4,4549,6179,1134270290423863,1134270290423863,1158323707925518,917975755646803,8.795,8.795,16.619,11.25,54.193,54.193,228.423,240.488
4804,Pittsburgh,PA,40.3950289,-80.0341216,12247301267,3,4549,6179,1794012627444015,1794012627444015,1158323707925518,917975755646803,3.477,3.477,15.017,16.614,46.917,46.917,228.423,240.488
4805,Pittsburgh,PA,40.3950343,-80.0342792,5158201662,3,4549,6179,1794012627444015,1134270290423863,1158323707925518,917975755646803,10.746,10.047,12.423,7.981,46.917,54.193,228.423,240.488
4806,Pittsburgh,PA,40.3950655,-80.0343771,12247301268,4,4549,6179,936814830470414,1134270290423863,1158323707925518,524738788898167,11.379,16.949,15.171,5.279,336.386,54.193,228.423,300.498
4807,Pittsburgh,PA,40.3950882,-80.0342006,5158201659,4,4549,6179,1794012627444015,1794012627444015,1158323707925518,917975755646803,9.318,9.318,5.958,7.811,46.917,46.917,228.423,240.488
4808,Pittsburgh,PA,40.3950978,-80.0343263,5158201660,4,4549,6179,936814830470414,1134270290423863,1158323707925518,524738788898167,10.653,17.973,9.645,2.717,336.386,54.193,228.423,300.498
4809,Pittsburgh,PA,40.3951367,-80.0342651,12247301266,3,4549,6179,936814830470414,1794012627444015,1158323707925518,917975755646803,13.328,16.702,3.351,4.047,336.386,46.917,228.423,240.488
4810,Pittsburgh,PA,40.3952229,-80.0340041,5158201663,3,4549,6179,112490707580152,112490707580152,1486203325057317,2915127735429029,7.851,7.851,6.039,5.478,43.413,43.413,229.43,234.025
4811,Pittsburgh,PA,40.3952427,-80.0338076,12247301264,3,4549,6179,490820369016775,490820369016775,178636940817812,1586894488176291,3.606,3.606,14.413,14.451,43.413,43.413,226.401,229.034
4812,Pittsburgh,PA,40.395273,-80.0340633,12247301285,4,4549,6179,112490707580152,112490707580152,2915127735429029,2915127735429029,15.329,15.329,2.734,2.734,43.413,43.413,234.025,234.025
4813,Pittsburgh,PA,40.3952744,-80.0337606,5158201668,4,4549,6179,323076235865920,323076235865920,178636940817812,178636940817812,5.083,5.083,14.341,14.341,49.036,49.036,226.401,226.401
4814,Pittsburgh,PA,40.3952781,-80.0339237,5158201665,4,4549,6179,490820369016775,490820369016775,1586894488176291,1586894488176291,7.511,7.511,4.849,4.849,43.413,43.413,229.034,229.034
4815,Pittsburgh,PA,40.3953022,-80.0337194,12247301263,3,4549,6179,323076235865920,323076235865920,471368324093789,471368324093789,2.652,2.652,14.555,14.555,49.036,49.036,226.399,226.399
4816,Pittsburgh,PA,40.3953058,-80.0340148,12247301265,3,4549,6179,490820369016775,490820369016775,1486203325057317,1486203325057317,15.73,15.73,3.273,3.273,43.413,43.413,229.43,229.43
4817,Pittsburgh,PA,40.395318,-80.0338655,5158201667,4,4549,6179,490820369016775,490820369016775,178636940817812,178636940817812,8.724,8.724,4.71,4.71,43.413,43.413,226.401,226.401
4818,Pittsburgh,PA,40.3953509,-80.0339494,5158201669,4,4549,6179,490820369016775,490820369016775,1586894488176291,1586894488176291,14.887,14.887,3.66,3.66,43.413,43.413,229.034,229.034
4819,Pittsburgh,PA,40.3953511,-80.0338171,5158201666,4,4549,6179,323076235865920,323076235865920,471368324093789,471368324093789,7.287,7.287,5.597,5.597,49.036,49.036,226.399,226.399
4820,Pittsburgh,PA,40.3953894,-80.0338936,12247301262,3,4549,6179,323076235865920,323076235865920,178636940817812,178636940817812,15.035,15.035,3.845,3.845,49.036,49.036,226.401,226.401
4821,Pittsburgh,PA,40.3955025,-80.0332747,12465047566,3,4549,6179,486827992538787,486827992538787,551843172846944,695852004482554,10.004,10.004,20.738,21.133,55.102,55.102,229.543,232.939
4822,Pittsburgh,PA,40.3955429,-80.0335307,5158201675,3,4549,6179,515370239500591,515370239500591,189985116310413,380823539886233,7.123,7.123,3.797,5.852,55.102,55.102,233.309,245.74
4823,Pittsburgh,PA,40.3955433,-80.0333161,12465047565,3,4549,6179,486827992538787,486827992538787,551843172846944,695852004482554,4.465,4.465,15.005,15.683,55.102,55.102,229.543,232.939
4824,Pittsburgh,PA,40.3955612,-80.0333374,12465047579,4,4549,6179,486827992538787,486827992538787,551843172846944,695852004482554,2.087,2.087,12.326,13.132,55.102,55.102,229.543,232.939
4825,Pittsburgh,PA,40.3955652,-80.0330296,12465047564,3,4549,6179,479916656557665,205183484624292,904291640134197,181472810422794,18.455,17.785,29.288,26.795,43.357,57.929,231.384,267.621
4826,Pittsburgh,PA,40.395594,-80.0335883,5158201652,4,4549,6179,515370239500591,515370239500591,189985116310413,380823539886233,14.421,14.421,4.259,4.411,55.102,55.102,233.309,245.74
4827,Pittsburgh,PA,40.3956163,-80.0330836,12465047567,3,4549,6179,479916656557665,205183484624292,904291640134197,181472810422794,11.883,11.836,22.256,20.043,43.357,57.929,231.384,267.621
4828,Pittsburgh,PA,40.3956172,-80.0331879,12465047562,3,4549,6179,205183484624292,205183484624292,904291640134197,181472810422794,3.186,3.186,15.583,19.913,57.929,57.929,231.384,267.621
4829,Pittsburgh,PA,40.3956218,-80.0334003,12465047557,3,4549,6179,486827992538787,486827992538787,551843172846944,551843172846944,7.283,7.283,3.739,3.739,55.102,55.102,229.543,229.543
4830,Pittsburgh,PA,40.395622,-80.0329329,12465047560,3,4549,6179,479916656557665,316093373415646,904291640134197,1145976835920263,17.97,19.779,33.423,15.95,43.357,51.912,231.384,285.013
4831,Pittsburgh,PA,40.3956366,-80.0332068,12465047578,4,4549,6179,205183484624292,205183484624292,904291640134197,181472810422794,1.598,1.598,12.899,18.271,57.929,57.929,231.384,267.621
4832,Pittsburgh,PA,40.3956925,-80.0329306,13305188700,4,4549,6179,316093373415646,316093373415646,904291640134197,1145976835920263,12.282,12.282,31.756,9.02,51.912,51.912,231.384,285.013
4833,Pittsburgh,PA,40.3956953,-80.0331052,12247301271,3,4549,6179,479916656557665,479916656557665,904291640134197,181472810422794,3.071,3.071,17.1,11.074,43.357,43.357,231.384,267.621
4834,Pittsburgh,PA,40.3957001,-80.0332674,5486578732,4,4549,6179,205183484624292,205183484624292,904291640134197,904291640134197,8.82,8.82,4.21,4.21,57.929,57.929,231.384,231.384
4835,Pittsburgh,PA,40.3957083,-80.0330565,12247301272,3,4549,6179,479916656557665,479916656557665,904291640134197,181472810422794,3.935,3.935,20.966,11.514,43.357,43.357,231.384,267.621
4836,Pittsburgh,PA,40.395748,-80.0329056,12465047561,3,4549,6179,316093373415646,316093373415646,904291640134197,1145976835920263,8.329,8.329,33.729,3.694,51.912,51.912,231.384,285.013
4837,Pittsburgh,PA,40.3957523,-80.0333218,12247301279,4,4549,6179,479916656557665,205183484624292,904291640134197,904291640134197,19.152,16.129,3.275,3.275,43.357,57.929,231.384,231.384
4838,Pittsburgh,PA,40.3957527,-80.033178,5158201649,4,4549,6179,479916656557665,479916656557665,904291640134197,181472810422794,7.48,7.48,10.968,5.6,43.357,43.357,231.384,267.621
4839,Pittsburgh,PA,40.3957588,-80.0329679,5158201650,4,4549,6179,316093373415646,316093373415646,904291640134197,300279948244443,4.29,4.29,28.595,2.0,51.912,51.912,231.384,283.377
4840,Pittsburgh,PA,40.3957855,-80.0331221,5158201651,3,4549,6179,479916656557665,479916656557665,904291640134197,181472810422794,7.27,7.27,16.653,1.424,43.357,43.357,231.384,267.621
4841,Pittsburgh,PA,40.3957921,-80.0331108,7011645290,3,4549,6179,479916656557665,479916656557665,904291640134197,181472810422794,7.801,7.801,17.824,2.185,43.357,43.357,231.384,267.621
4842,Pittsburgh,PA,40.395801,-80.0332394,12247301270,3,4549,6179,479916656557665,479916656557665,904291640134197,181472810422794,14.745,14.745,9.867,8.763,43.357,43.357,231.384,267.621
4843,Pittsburgh,PA,40.3958432,-80.0331662,12247301278,4,4549,6179,479916656557665,316093373415646,904291640134197,181472810422794,14.574,16.533,17.381,6.223,43.357,51.912,231.384,267.621
4844,Pittsburgh,PA,40.3803638,-79.9859852,1639752096,3,4551,6179,1242153610632875,1528203978287356,1581170329821035,1403505141490867,8.926,8.933,9.586,9.042,353.0,84.0,177.0,263.0
4845,Pittsburgh,PA,40.3822052,-79.9958039,9927302299,3,4551,6179,25764400076564561,1716058573108898,1716058573108898,1224704136472631,22.69,7.231,7.231,15.768,306.0,138.0,138.0,289.0
4846,Pittsburgh,PA,40.3824812,-79.9958418,9927302274,3,4551,6179,1329617525656453,798747589229292,798747589229292,1329617525656453,14.4,8.086,8.086,14.4,310.0,144.0,144.0,310.0
4847,Pittsburgh,PA,40.3824823,-79.9962199,9927302250,3,4551,6179,1329617525656453,798747589229292,798747589229292,1329617525656453,17.999,24.875,24.875,17.999,310.0,144.0,144.0,310.0
4848,Pittsburgh,PA,40.3825838,-79.9961767,9927302245,3,4551,6179,1720852968890085,1625206251806925,1625206251806925,25737951532566584,14.111,20.621,20.621,14.111,313.0,147.0,147.0,312.0
4849,Pittsburgh,PA,40.3826346,-79.9958844,9927302251,3,4551,6179,1720852968890085,1582484509653298,1582484509653298,1720852968890085,11.531,7.618,7.618,11.531,313.0,150.0,150.0,313.0
4850,Pittsburgh,PA,40.3826387,-79.9959834,3919726867,3,4551,6179,1720852968890085,1582484509653298,1582484509653298,1720852968890085,3.364,6.669,6.669,3.364,313.0,150.0,150.0,313.0
4851,Pittsburgh,PA,40.3835586,-79.9956674,4938995749,4,4551,6179,392621445197859,186651809985673,945042264859017,169476521767214,3.798,12.966,5.793,19.71,12.491,130.277,169.0,304.066
4852,Pittsburgh,PA,40.3879571,-79.9964413,1026040161,4,4551,6179,2567101203595351,1448135966916846,1966218377652660,2099132224254837,3.012,5.334,9.398,5.818,327.868,117.0,120.0,275.0
4853,Pittsburgh,PA,40.3880334,-79.9962579,12500608351,3,4551,6179,1458965077829417,1448135966916846,1966218377652660,2099132224254837,14.896,14.059,16.239,21.587,327.234,117.0,120.0,275.0
4854,Pittsburgh,PA,40.388118,-79.9963184,12500608355,3,4551,6179,486309765918625,1966218377652660,1966218377652660,2099132224254837,15.356,13.984,13.984,21.898,329.809,120.0,120.0,275.0
4855,Pittsburgh,PA,40.388403,-79.9967256,9213023619,3,4551,6179,296384955305983,1060261622979432,1060261622979432,917931964030884,3.228,9.317,9.317,14.456,338.703,130.0,130.0,279.0
4856,Pittsburgh,PA,40.3924786,-79.9972296,13604772931,3,4551,6179,291638992601478,1470383597843656,1470383597843656,2113393639435246,1.12,4.316,4.316,5.576,344.091,134.0,134.0,300.0
4857,Pittsburgh,PA,40.3929341,-79.9973492,4938995727,3,4551,6179,1309405572788521,897829482853638,897829482853638,2319250778597017,0.405,4.466,4.466,1.233,350.524,139.0,139.0,308.0
4858,Pittsburgh,PA,40.3929954,-79.9973593,104987331,3,4551,6179,538759177287112,886152160875770,886152160875770,2148542529225809,0.701,3.472,3.472,1.102,350.805,140.0,140.0,309.0
4859,Pittsburgh,PA,40.3930073,-79.9971907,13604772935,3,4551,6179,986870828744335,886152160875770,886152160875770,2148542529225809,11.543,10.869,10.869,15.396,353.346,140.0,140.0,309.0
4860,Pittsburgh,PA,40.3945813,-79.9973761,12160403947,3,4551,6179,1240251748073795,789722166885392,1443447780650637,1240251748073795,4.497,32.165,10.81,4.497,319.0,143.0,151.0,319.0
4861,Pittsburgh,PA,40.3947697,-79.997197,9212971382,4,4551,6179,760063616800113,789722166885392,789722166885392,760063616800113,11.695,9.987,9.987,11.695,313.0,143.0,143.0,313.0
4862,Pittsburgh,PA,40.3953982,-79.9973378,1026039887,4,4551,6179,1431126307245894,1972323840355460,1972323840355460,1901914040447557,30.239,6.769,6.769,14.11,330.82,127.0,127.0,294.0
4863,Pittsburgh,PA,40.3954601,-79.9973802,4938995736,4,4551,6179,1431126307245894,1671991560636052,1671991560636052,25747278151635002,22.568,6.132,6.132,14.807,330.82,126.0,126.0,291.0
4864,Pittsburgh,PA,40.3955076,-79.9972067,1026039900,4,4551,6179,1431126307245894,1671991560636052,4488745661353762,25747278151635002,31.172,21.563,21.551,30.164,330.82,126.0,127.0,291.0
4865,Pittsburgh,PA,40.3956136,-79.9974753,13286458038,3,4551,6179,1431126307245894,1206224174962217,1211678924506731,881504364660863,5.841,6.683,7.807,14.404,330.82,119.0,122.0,287.0
4866,Pittsburgh,PA,40.3956522,-79.9973848,13286458042,3,4551,6179,1431126307245894,1206224174962217,1211678924506731,881504364660863,13.913,15.467,15.871,23.188,330.82,119.0,122.0,287.0
4867,Pittsburgh,PA,40.3957307,-79.9972006,7496622851,3,4551,6179,1431126307245894,1206224174962217,1211678924506731,474628530491674,31.538,33.342,33.42,33.044,330.82,119.0,122.0,329.928
4868,Pittsburgh,PA,40.3811741,-79.9732621,105706848,4,4552,6179,222746485944766,773768293340210,373395567398084,1213281195772529,2.553,7.068,5.151,6.404,49.263,76.151,155.884,235.27
4869,Pittsburgh,PA,40.3812925,-79.9719942,105187478,3,4552,6179,763222174367490,304826257955067,332937061731089,2935612036686717,1.47,21.15,3.832,7.139,334.554,141.507,155.003,327.018
4870,Pittsburgh,PA,40.3815327,-79.9722496,105187471,3,4552,6179,3612911295481448,2902414629976571,165434288852545,469110227703064,8.306,1.802,7.208,5.237,336.417,66.156,132.853,257.683
4871,Pittsburgh,PA,40.3800943,-79.9352977,105784663,3,4554,6179,1958745080946631,1958745080946631,317755519755452,1378186699180923,1.888,1.888,4.344,4.542,33.984,33.984,216.517,219.203
4872,Pittsburgh,PA,40.3804054,-79.9351052,105784656,3,4554,6179,460926024968598,950461972441638,150359857105226,175705731013918,3.342,18.358,2.744,14.088,22.157,32.118,204.806,212.046
4873,Pittsburgh,PA,40.3930077,-79.9332373,12648523868,3,4554,6179,378155310190764,167563328633785,937431043687767,1581090842247059,12.248,23.696,20.426,8.221,303.022,76.073,149.538,291.402
4874,Pittsburgh,PA,40.3930554,-79.934715,5391891431,3,4554,6179,2964821040416834,504132387302657,974513680011713,508944090459756,6.555,3.116,5.809,3.979,348.627,83.532,188.059,261.012
4875,Pittsburgh,PA,40.3930601,-79.9334281,12648523878,3,4554,6179,302572621338426,267177671823601,937431043687767,302572621338426,2.17,19.141,22.256,2.17,308.904,108.992,149.538,308.904
4876,Pittsburgh,PA,40.3933793,-79.8872413,105995661,3,4556,6179,327412938750896,474759507079526,474759507079526,327412938750896,28.967,6.36,6.36,28.967,312.42,122.9,122.9,312.42
4877,Pittsburgh,PA,40.3808101,-79.8551789,105027209,4,4557,6179,470751650693563,564953648380318,564953648380318,470751650693563,0.978,9.199,9.199,0.978,321.667,139.54,139.54,321.667
4878,Pittsburgh,PA,40.3809261,-79.8548589,1438823341,3,4557,6179,3038609996383815,369933641818544,369933641818544,3038609996383815,24.881,33.859,33.859,24.881,324.526,140.407,140.407,324.526
4879,Pittsburgh,PA,40.3820951,-79.8565194,2934996044,3,4557,6179,1119205618587085,544036353745440,544036353745440,1119205618587085,8.246,2.781,2.781,8.246,321.248,142.572,142.572,321.248
4880,Pittsburgh,PA,40.3826145,-79.8573602,10616239591,3,4557,6179,859700024899980,336478855275631,336478855275631,859700024899980,23.974,17.836,17.836,23.974,324.535,142.11,142.11,324.535
4881,Pittsburgh,PA,40.3826513,-79.8572999,10616239589,3,4557,6179,471684267241054,336478855275631,336478855275631,859700024899980,17.962,11.585,11.585,17.951,324.599,142.11,142.11,324.535
4882,Pittsburgh,PA,40.382679,-79.8575757,10616239579,3,4557,6179,495138764868573,1174415730055060,1174415730055060,495138764868573,33.875,27.131,27.131,33.875,322.494,140.118,140.118,322.494
4883,Pittsburgh,PA,40.3827238,-79.8571813,10616239575,3,4557,6179,471684267241054,336478855275631,336478855275631,471684267241054,5.129,4.733,4.733,5.129,324.599,142.11,142.11,324.599
4884,Pittsburgh,PA,40.3827417,-79.8575294,10616239574,3,4557,6179,495138764868573,1174415730055060,1174415730055060,495138764868573,26.228,19.611,19.611,26.228,322.494,140.118,140.118,322.494
4885,Pittsburgh,PA,40.3827532,-79.8575075,10616239594,3,4557,6179,495138764868573,1174415730055060,1174415730055060,495138764868573,23.991,17.36,17.36,23.991,322.494,140.118,140.118,322.494
4886,Pittsburgh,PA,40.3827793,-79.8575693,10616239585,3,4557,6179,495138764868573,1174415730055060,1174415730055060,495138764868573,26.567,20.505,20.505,26.567,322.494,140.118,140.118,322.494
4887,Pittsburgh,PA,40.382791,-79.8574462,10616239596,3,4557,6179,495138764868573,1174415730055060,1174415730055060,495138764868573,17.322,10.684,10.684,17.322,322.494,140.118,140.118,322.494
4888,Pittsburgh,PA,40.382841,-79.8576388,10616239580,3,4557,6179,759896824723340,535103478196236,535103478196236,759896824723340,26.673,19.587,19.587,26.673,319.362,137.419,137.419,319.362
4889,Pittsburgh,PA,40.3828635,-79.8573284,10616239573,3,4557,6179,495138764868573,1174415730055060,1174415730055060,495138764868573,4.61,2.207,2.207,4.61,322.494,140.118,140.118,322.494
4890,Pittsburgh,PA,40.3829667,-79.857438,104483715,4,4557,6179,759896824723340,535103478196236,535103478196236,759896824723340,6.796,2.462,2.462,6.796,319.362,137.419,137.419,319.362
4891,Pittsburgh,PA,40.383087,-79.857297,1438823615,3,4557,6179,2033255406813580,535103478196236,535103478196236,2033255406813580,9.602,20.394,20.394,9.602,319.959,137.419,137.419,319.959
4892,Pittsburgh,PA,40.3832623,-79.8574892,7183119128,3,4557,6179,172326324808228,760199318750574,552165632928402,1922169447957705,12.172,22.944,22.72,12.038,314.367,132.499,134.003,313.331
4893,Pittsburgh,PA,40.3833666,-79.8580641,7538130570,3,4557,6179,2923342034569229,538511707843631,538511707843631,2923342034569229,7.516,4.073,4.073,7.516,300.282,127.255,127.255,300.282
4894,Pittsburgh,PA,40.3835068,-79.8584449,7538130564,3,4557,6179,922970761826581,2147173215475529,700251601246089,471056027334774,29.817,4.962,30.251,8.874,300.492,114.498,120.585,294.609
4895,Pittsburgh,PA,40.3852109,-79.8639282,1439907328,3,4557,6179,2909298229348447,179746317375492,179746317375492,2909298229348447,23.277,18.071,18.071,23.277,302.77,121.599,121.599,302.77
4896,Pittsburgh,PA,40.3853832,-79.8643328,5341597025,3,4557,6179,2574080482901036,168436141950626,168436141950626,2574080482901036,28.396,21.735,21.735,28.396,307.497,127.619,127.619,307.497
4897,Pittsburgh,PA,40.3855445,-79.8641459,1439907336,3,4557,6179,2574080482901036,168436141950626,168436141950626,2574080482901036,4.477,5.154,5.154,4.477,307.497,127.619,127.619,307.497
4898,Pittsburgh,PA,40.3856105,-79.8640886,2934996114,3,4557,6179,115340017283205,168436141950626,168436141950626,115340017283205,1.519,11.801,11.801,1.519,305.562,127.619,127.619,305.562
4899,Pittsburgh,PA,40.3858584,-79.8647854,2455449972,3,4557,6179,945316826243448,817527392212913,817527392212913,945316826243448,15.525,11.104,11.104,15.525,314.418,135.334,135.334,314.418
4900,Pittsburgh,PA,40.3864376,-79.8653599,1439387526,4,4557,6179,1183225415440219,803144520595995,803144520595995,1183225415440219,7.963,3.875,3.875,7.963,317.217,135.825,135.825,317.217
4901,Pittsburgh,PA,40.3864873,-79.8652918,2934996128,3,4557,6179,1183225415440219,803144520595995,803144520595995,1183225415440219,2.563,11.22,11.22,2.563,317.217,135.825,135.825,317.217
4902,Pittsburgh,PA,40.3869375,-79.8663006,1440955357,3,4557,6179,177850454255833,768086137230857,768086137230857,177850454255833,27.568,16.498,16.498,27.568,315.42,137.28,137.28,315.42
4903,Pittsburgh,PA,40.3874511,-79.8665824,1439394695,4,4557,6179,783775242531864,955580095213356,955580095213356,140502554773990,7.251,7.091,7.091,7.235,318.57,141.779,141.779,318.342
4904,Pittsburgh,PA,40.3875011,-79.8665048,2934996142,3,4557,6179,783775242531864,955580095213356,955580095213356,783775242531864,1.361,13.825,13.825,1.361,318.57,141.779,141.779,318.57
4905,Pittsburgh,PA,40.388969,-79.8678381,1439387608,4,4557,6179,962466311238709,161078039300922,1793218884172936,962466311238709,6.03,29.686,6.864,6.03,328.768,148.159,150.208,328.768
4906,Pittsburgh,PA,40.3890201,-79.8677587,2934996179,3,4557,6179,295700732216854,161078039300922,1793218884172936,295700732216854,2.662,30.746,13.362,2.662,328.71,148.159,150.208,328.71
4907,Pittsburgh,PA,40.3891835,-79.8679964,106122429,4,4557,6179,514479236674155,161078039300922,161078039300922,514479236674155,4.549,5.21,5.21,4.549,328.359,148.159,148.159,328.359
4908,Pittsburgh,PA,40.3892311,-79.8679212,4080756021,3,4557,6179,329193211886266,161078039300922,161078039300922,514479236674155,3.874,12.993,12.993,3.733,329.757,148.159,148.159,328.359
4909,Pittsburgh,PA,40.3901002,-79.8687865,104661454,3,4557,6179,584717795846774,2853682534892056,2853682534892056,677081819754160,7.889,7.278,7.278,8.108,324.866,144.446,144.446,322.719
4910,Pittsburgh,PA,40.3901444,-79.8687021,2972424962,4,4557,6179,677081819754160,2853682534892056,2853682534892056,677081819754160,2.651,14.583,14.583,2.651,322.719,144.446,144.446,322.719
4911,Pittsburgh,PA,40.3679299,-80.0700314,4692693250,3,4547,6180,801162424164289,1334389677055440,3224341631121078,7438584882882309,12.331,1.968,11.6,18.324,357.227,102.703,152.766,229.916
4912,Pittsburgh,PA,40.3681161,-80.0700287,105012638,3,4547,6180,3087909238139710,1334389677055440,1162118260997723,483162843539249,3.757,20.642,6.605,4.986,332.213,102.703,189.158,210.419
4913,Pittsburgh,PA,40.3633025,-80.0468593,11670013906,3,4548,6180,148252343983673,221376036113059,549474922707811,148252343983673,7.262,13.37,12.59,7.262,321.863,133.68,140.482,321.863
4914,Pittsburgh,PA,40.3633685,-80.0468958,4991423498,4,4548,6180,148252343983673,221376036113059,221376036113059,148252343983673,7.824,14.049,14.049,7.824,321.863,133.68,133.68,321.863
4915,Pittsburgh,PA,40.3633973,-80.0469084,11670013901,3,4548,6180,148252343983673,1688345538019758,221376036113059,1224863254639105,10.31,16.499,15.819,11.097,321.863,129.83,133.68,312.232
4916,Pittsburgh,PA,40.3634335,-80.0472632,4991423499,3,4548,6180,395834091493291,1022457108287003,1022457108287003,395834091493291,6.446,1.686,1.686,6.446,303.593,121.716,121.716,303.593
4917,Pittsburgh,PA,40.3634788,-80.0475792,11837611818,3,4548,6180,2847578995556755,513238026471735,513238026471735,2847578995556755,16.485,6.55,6.55,16.485,306.57,125.787,125.787,306.57
4918,Pittsburgh,PA,40.3635432,-80.0474968,4991423509,3,4548,6180,2847578995556755,324027332404912,324027332404912,2847578995556755,7.578,4.272,4.272,7.578,306.57,124.301,124.301,306.57
4919,Pittsburgh,PA,40.3635453,-80.0476646,4991423500,4,4548,6180,1017142662363561,2865671567027685,2865671567027685,2847578995556755,15.792,5.296,5.296,16.375,310.476,135.718,135.718,306.57
4920,Pittsburgh,PA,40.3651476,-79.9847079,7013991126,3,4551,6180,847414379179491,336864037794016,982977112530245,926569321410013,3.397,26.07,19.291,15.69,354.995,74.778,193.406,252.194
4921,Pittsburgh,PA,40.3722372,-79.9819767,6141520499,3,4551,6180,302509731348891,321956965944787,188725206437325,2901667140051630,4.29,22.068,28.77,31.914,1.52,76.281,171.65,220.324
4922,Pittsburgh,PA,40.3723829,-79.9816467,6141520501,3,4551,6180,1013091312754150,321956965944787,188725206437325,527830291911638,23.385,23.977,26.358,30.198,0.116,76.281,171.65,266.929
4923,Pittsburgh,PA,40.378402,-79.9897545,1604347720,4,4551,6180,1609399510396518,1484291133125452,4311049539182587,3044511575870205,11.813,8.454,5.077,3.457,0.0,59.0,167.0,282.255
4924,Pittsburgh,PA,40.3785833,-79.9875125,1768206709,3,4551,6180,1420296669652400,1975772293323539,1815994669093021,4050089341878352,5.329,16.59,3.96,16.555,0.0,35.0,178.0,222.0
4925,Pittsburgh,PA,40.378586,-79.9897054,7013645014,3,4551,6180,1405609581297897,1484291133125452,1294374872502126,3044511575870205,2.078,16.436,3.615,17.506,348.0,59.0,155.0,282.255
4926,Pittsburgh,PA,40.378669,-79.9877738,1768206733,3,4551,6180,1420296669652400,1408030507453248,1815994669093021,1850807849642681,20.432,19.967,23.062,21.226,0.0,63.0,178.0,244.0
4927,Pittsburgh,PA,40.3787626,-79.9892118,1768206717,3,4551,6180,1545832053184507,1565565018080090,1233959651581393,1696067491557876,26.613,3.231,7.227,1.911,38.0,70.0,240.0,244.0
4928,Pittsburgh,PA,40.378798,-79.9896488,105773038,3,4551,6180,785734084009546,766748933174867,35172439149009868,1408740867381659,9.168,13.314,4.905,9.711,358.0,61.0,177.0,217.0
4929,Pittsburgh,PA,40.3795055,-79.9939884,9927323242,4,4551,6180,446125839742102,1371313721434796,1371313721434796,1142773491155494,16.141,14.469,14.469,18.712,333.625,123.0,123.0,289.0
4930,Pittsburgh,PA,40.3669888,-79.9718133,106014335,3,4552,6180,489395225735903,575877387148597,153332943423271,161328105945288,32.082,6.986,8.19,28.042,306.84,147.107,161.638,222.431
4931,Pittsburgh,PA,40.3671342,-79.9718749,105681948,3,4552,6180,489395225735903,575877387148597,299762898407437,489395225735903,15.487,23.967,6.54,15.487,306.84,147.107,178.598,306.84
4932,Pittsburgh,PA,40.3688917,-79.9709438,3575389693,3,4552,6180,486721319201592,2035515973264881,2035515973264881,197583085527222,5.213,1.503,1.503,11.779,332.667,145.89,145.89,268.1
4933,Pittsburgh,PA,40.3689812,-79.9712236,8256903067,3,4552,6180,314580620156139,1620623791481982,867642047430700,197583085527222,14.328,10.477,10.831,20.764,311.432,126.363,142.4,268.1
4934,Pittsburgh,PA,40.3690612,-79.9711375,106014286,3,4552,6180,314580620156139,1620623791481982,867642047430700,314580620156139,3.078,3.727,5.032,3.078,311.432,126.363,142.4,311.432
4935,Pittsburgh,PA,40.3704701,-79.9751437,106014267,4,4552,6180,524369268558074,200511481896879,1827260384105416,811774372786369,6.083,8.187,2.34,8.959,355.027,108.761,169.049,288.323
4936,Pittsburgh,PA,40.3710101,-79.9637542,104678948,3,4552,6180,546530193418943,782840972625645,927156501459668,178223150853289,4.475,32.269,2.485,9.995,5.377,145.758,155.704,260.021
4937,Pittsburgh,PA,40.3751656,-79.9755479,1026004549,3,4552,6180,308887430824164,314425913543253,1453220335024700,946436169505131,5.248,11.87,8.621,5.914,354.939,81.355,172.197,243.139
4938,Pittsburgh,PA,40.3752071,-79.9753488,7522270573,3,4552,6180,487163099200908,1772824856229791,465310464760210,169080201711834,14.829,3.301,6.271,7.462,7.418,74.683,237.712,263.577
4939,Pittsburgh,PA,40.3752742,-79.9755353,105697351,3,4552,6180,487163099200908,314425913543253,170398194904971,920466285404238,2.882,11.125,3.537,6.768,7.418,81.355,177.479,254.576
4940,Pittsburgh,PA,40.375282,-79.9750472,7522270576,3,4552,6180,1401546293535647,209880444079681,465310464760210,141766981311234,26.554,2.127,25.825,4.814,57.431,86.419,237.712,255.864
4941,Pittsburgh,PA,40.3753859,-79.9746004,107640242,3,4552,6180,880682445817238,804934980400003,2583855415253998,283689373409068,6.627,7.472,8.209,8.113,50.931,54.751,221.6,242.686
4942,Pittsburgh,PA,40.3754854,-79.9745079,1876809263,3,4552,6180,288351929621786,1781809671998812,386728139203518,2583855415253998,5.4,6.02,7.51,8.746,33.147,39.283,193.493,221.6
4943,Pittsburgh,PA,40.3758944,-79.9739774,5256741183,4,4552,6180,301177824965975,301177824965975,178503534151968,751495998874272,20.123,20.123,34.382,33.317,34.766,34.766,209.506,219.181
4944,Pittsburgh,PA,40.3759904,-79.9743354,1876809258,3,4552,6180,307677847631326,318891766550946,178503534151968,313672883620727,11.747,14.152,3.377,3.25,28.2,42.505,209.506,215.584
4945,Pittsburgh,PA,40.3763964,-79.9735128,5256741207,3,4552,6180,154779759991079,373308670743979,188472956464186,332628748199432,33.072,5.514,31.746,24.018,12.97,78.213,198.562,268.212
4946,Pittsburgh,PA,40.3790911,-79.9699563,104678859,4,4552,6180,824486468436134,2201181520024272,307259044295865,984178898786527,6.29,6.96,7.198,17.789,338.764,140.107,147.556,322.782
4947,Pittsburgh,PA,40.368155,-79.9476093,7150100585,3,4553,6180,192089755986778,192089755986778,507002030429943,507002030429943,5.079,5.079,12.485,12.485,58.915,58.915,232.89,232.89
4948,Pittsburgh,PA,40.368213,-79.9476801,106046857,3,4553,6180,192089755986778,963298951091945,507002030429943,507002030429943,3.797,0.799,4.657,4.657,58.915,63.98,232.89,232.89
4949,Pittsburgh,PA,40.3724705,-79.9446103,8898276607,3,4553,6180,5430932030314691,777463686271380,1190519514711753,1546552895550779,32.638,33.477,26.831,32.057,27.918,30.355,207.153,210.624
4950,Pittsburgh,PA,40.3730392,-79.9436997,4648754128,3,4553,6180,3867298480054736,3867298480054736,895928174286006,895928174286006,3.065,3.065,4.246,4.246,36.607,36.607,218.234,218.234
4951,Pittsburgh,PA,40.3731148,-79.9436232,7016371039,3,4553,6180,473789247226255,473789247226255,973462516527275,404702654593673,4.22,4.22,6.352,6.355,36.555,36.555,216.939,217.044
4952,Pittsburgh,PA,40.3731325,-79.943978,4648754127,3,4553,6180,3867298480054736,3867298480054736,278121370727788,809881579657066,27.039,27.039,22.246,22.247,36.607,36.607,216.647,216.977
4953,Pittsburgh,PA,40.3733539,-79.9433892,7016371033,3,4553,6180,1212708542546658,1212708542546658,814211655866148,1175032246305099,7.129,7.129,3.406,3.406,37.452,37.452,216.17,216.596
4954,Pittsburgh,PA,40.3736518,-79.9430915,7168479815,3,4553,6180,289954379432949,289954379432949,496607468210422,496607468210422,1.118,1.118,5.621,5.621,36.497,36.497,217.759,217.759
4955,Pittsburgh,PA,40.370308,-79.9276619,8049360264,3,4554,6180,1299536287110971,1299536287110971,2930093313905053,2930093313905053,17.563,17.563,18.2,18.2,33.733,33.733,213.687,213.687
4956,Pittsburgh,PA,40.3703436,-79.9279019,105923931,4,4554,6180,1299536287110971,1299536287110971,4165735480179553,4165735480179553,6.645,6.645,4.843,4.843,33.733,33.733,214.591,214.591
4957,Pittsburgh,PA,40.3706678,-79.927622,3240884378,3,4554,6180,141630164648729,326135585534681,1159709857803661,462028731531279,4.639,15.726,4.339,11.452,28.644,30.85,209.317,211.905
4958,Pittsburgh,PA,40.3709991,-79.9148683,104463590,3,4554,6180,584593925852541,532091698164950,532091698164950,584593925852541,5.536,4.769,4.769,5.536,312.662,133.686,133.686,312.662
4959,Pittsburgh,PA,40.3710862,-79.9149941,104463863,3,4554,6180,318730896271510,217708469859466,217708469859466,318730896271510,6.463,2.877,2.877,6.463,310.806,131.715,131.715,310.806
4960,Pittsburgh,PA,40.3711167,-79.9150381,9338355942,3,4554,6180,318730896271510,1208319022937023,217708469859466,318730896271510,5.402,7.978,7.851,5.402,310.806,130.261,131.715,310.806
4961,Pittsburgh,PA,40.3796208,-79.9255391,107595870,3,4554,6180,2545734495735928,1369450860100749,324177665992054,159065362839661,25.781,3.442,2.541,4.331,0.509,123.828,237.152,256.124
4962,Pittsburgh,PA,40.3697445,-79.9131527,13585235569,4,4555,6180,3938518052902894,309071780808786,371067967677254,820599218834321,7.938,8.823,8.368,8.194,301.972,119.996,126.868,294.771
4963,Pittsburgh,PA,40.3697765,-79.9128758,13601995776,3,4555,6180,3938518052902894,382722473006677,2761076354203366,527156528278126,23.243,8.883,2.933,5.599,301.972,117.679,211.462,244.8
4964,Pittsburgh,PA,40.3697809,-79.9132176,13601995771,3,4555,6180,3938518052902894,309071780808786,371067967677254,3938518052902894,7.242,7.412,12.944,7.242,301.972,119.996,126.868,301.972
4965,Pittsburgh,PA,40.3697876,-79.9131292,6329717701,4,4555,6180,3938518052902894,309071780808786,371067967677254,820599218834321,3.405,4.421,5.538,5.025,301.972,119.996,126.868,294.771
4966,Pittsburgh,PA,40.3698064,-79.9131642,13601995777,4,4555,6180,3938518052902894,309071780808786,371067967677254,3938518052902894,1.903,2.252,8.957,1.903,301.972,119.996,126.868,301.972
4967,Pittsburgh,PA,40.3698289,-79.9128838,10788132525,4,4555,6180,3938518052902894,805592233405863,769246600444704,527156528278126,22.203,13.136,1.939,8.108,301.972,121.256,195.525,244.8
4968,Pittsburgh,PA,40.3698446,-79.9130788,13585235579,4,4555,6180,3938518052902894,309071780808786,371067967677254,820599218834321,6.488,6.512,7.403,6.892,301.972,119.996,126.868,294.771
4969,Pittsburgh,PA,40.3698466,-79.9130711,13601995774,3,4555,6180,3938518052902894,309071780808786,371067967677254,820599218834321,7.166,7.2,7.549,7.076,301.972,119.996,126.868,294.771
4970,Pittsburgh,PA,40.3698468,-79.9130831,13601995773,3,4555,6180,3938518052902894,309071780808786,371067967677254,820599218834321,6.305,6.268,7.709,7.182,301.972,119.996,126.868,294.771
4971,Pittsburgh,PA,40.3698947,-79.9133208,13245640753,3,4555,6180,1175230852897930,213544177016438,213544177016438,1175230852897930,2.774,2.227,2.227,2.774,309.56,124.016,124.016,309.56
4972,Pittsburgh,PA,40.3699479,-79.9132825,13585235578,4,4555,6180,1175230852897930,213544177016438,494040511799594,1175230852897930,5.433,6.616,7.42,5.433,309.56,124.016,130.047,309.56
4973,Pittsburgh,PA,40.3699683,-79.9132678,13245640752,3,4555,6180,1175230852897930,213544177016438,494040511799594,1175230852897930,7.877,9.1,9.501,7.877,309.56,124.016,130.047,309.56
4974,Pittsburgh,PA,40.3699777,-79.9129725,13585235582,4,4555,6180,3938518052902894,309071780808786,1392378541128496,820599218834321,23.215,22.815,13.171,23.182,301.972,119.996,191.258,294.771
4975,Pittsburgh,PA,40.3699869,-79.9129921,13245640758,3,4555,6180,3938518052902894,309071780808786,1392378541128496,820599218834321,23.044,22.566,14.751,23.622,301.972,119.996,191.258,294.771
4976,Pittsburgh,PA,40.3700169,-79.9130564,13245640754,3,4555,6180,3602977429926436,309071780808786,1392378541128496,3602977429926436,23.125,22.905,20.388,23.125,302.619,119.996,191.258,302.619
4977,Pittsburgh,PA,40.37008,-79.9131909,13245640757,4,4555,6180,918281975681411,213544177016438,494040511799594,1175230852897930,22.04,22.99,22.613,21.684,313.195,124.016,130.047,309.56
4978,Pittsburgh,PA,40.3701152,-79.9136521,13245640748,3,4555,6180,810837646526356,905264296920520,905264296920520,810837646526356,5.247,3.687,3.687,5.247,314.492,134.877,134.877,314.492
4979,Pittsburgh,PA,40.3701443,-79.9135983,13585235577,3,4555,6180,810837646526356,1144683802715293,1144683802715293,810837646526356,3.878,4.783,4.783,3.878,314.492,133.871,133.871,314.492
4980,Pittsburgh,PA,40.3701618,-79.9135659,13245640751,3,4555,6180,810837646526356,1144683802715293,1144683802715293,810837646526356,6.134,7.516,7.516,6.134,314.492,133.871,133.871,314.492
4981,Pittsburgh,PA,40.3787881,-79.8533305,7183119055,3,4557,6180,849186849007907,389736613045882,389736613045882,849186849007907,29.614,26.58,26.58,29.614,312.099,131.898,131.898,312.099
4982,Pittsburgh,PA,40.3793803,-79.8539605,7183118990,4,4557,6180,742982286382038,272142848386179,272142848386179,742982286382038,19.998,17.407,17.407,19.998,314.7,140.523,140.523,314.7
4983,Pittsburgh,PA,40.3794218,-79.8539341,1438865379,3,4557,6180,742982286382038,272142848386179,272142848386179,742982286382038,16.648,12.299,12.299,16.648,314.7,140.523,140.523,314.7
4984,Pittsburgh,PA,40.3794298,-79.8540374,7182974767,3,4557,6180,1421171978244148,272142848386179,272142848386179,1421171978244148,21.653,16.776,16.776,21.653,318.982,140.523,140.523,318.982
4985,Pittsburgh,PA,40.3794766,-79.8537733,2934996026,3,4557,6180,742982286382038,5010332545746449,5010332545746449,742982286382038,4.603,7.509,7.509,4.603,314.7,137.896,137.896,314.7
4986,Pittsburgh,PA,40.3629521,-80.0467227,4991423533,3,4548,6181,171275391485509,1410425809322788,302392484864958,160907745978132,2.906,19.523,7.252,15.445,10.322,148.279,160.246,268.168
4987,Pittsburgh,PA,40.3631246,-80.0469514,11670013897,3,4548,6181,526131385234271,549474922707811,1410425809322788,223473032551391,12.8,8.688,9.922,13.092,329.688,140.482,148.279,328.037
4988,Pittsburgh,PA,40.3631351,-80.0466543,11670013904,3,4548,6181,797632224196951,1410425809322788,1410425809322788,526131385234271,10.384,15.878,15.878,12.942,337.834,148.279,148.279,329.688
4989,Pittsburgh,PA,40.3631526,-80.0467079,4991423493,4,4548,6181,797632224196951,1410425809322788,1410425809322788,526131385234271,8.686,12.205,12.205,8.24,337.834,148.279,148.279,329.688
4990,Pittsburgh,PA,40.3631527,-80.0468636,4991423536,4,4548,6181,526131385234271,549474922707811,1410425809322788,526131385234271,4.953,6.85,5.813,4.953,329.688,140.482,148.279,329.688
4991,Pittsburgh,PA,40.3631874,-80.0467567,11670013905,3,4548,6181,526131385234271,1410425809322788,1410425809322788,526131385234271,5.576,11.482,11.482,5.576,329.688,148.279,148.279,329.688
4992,Pittsburgh,PA,40.3631939,-80.0470274,11670013895,3,4548,6181,223473032551391,221376036113059,549474922707811,148252343983673,14.553,9.656,9.3,14.573,328.037,133.68,140.482,321.863
4993,Pittsburgh,PA,40.3632068,-80.0469151,4991423532,3,4548,6181,223473032551391,549474922707811,549474922707811,223473032551391,4.956,0.96,0.96,4.956,328.037,140.482,140.482,328.037
4994,Pittsburgh,PA,40.3632427,-80.0469532,4991423531,4,4548,6181,223473032551391,221376036113059,549474922707811,148252343983673,8.427,6.649,5.766,7.383,328.037,133.68,140.482,321.863
4995,Pittsburgh,PA,40.3632454,-80.0468119,4991423489,4,4548,6181,223473032551391,549474922707811,549474922707811,223473032551391,4.949,10.382,10.382,4.949,328.037,140.482,140.482,328.037
4996,Pittsburgh,PA,40.3602752,-79.9267657,3631506440,3,4554,6181,1659292837615079,1173241383123978,1147768709070840,1195132957613186,20.763,3.879,26.175,5.688,312.473,107.581,122.22,291.601
4997,Pittsburgh,PA,40.3603396,-79.9269745,104706400,3,4554,6181,1659292837615079,4222724847767348,1147768709070840,786516675339979,5.793,3.75,7.323,7.653,312.473,110.605,122.22,295.26
4998,Pittsburgh,PA,40.3621378,-79.932158,104706385,4,4554,6181,310864187238506,503574327668060,462891228137689,537759140723990,14.566,12.176,3.131,25.273,31.675,93.448,206.853,211.822
4999,Pittsburgh,PA,40.3622461,-79.9324569,7013244407,3,4554,6181,310864187238506,789082258411469,301507651588700,537759140723990,33.28,34.907,21.967,34.498,31.675,67.189,206.061,211.822
