point_id,city,sidewalk_present,crosswalk_present,crosswalk_source,intersection_count_200m,footway_density_200m,building_footprint_frac_100m,crosswalk_present_legacy
0,msp,0,0,osm_nodes,7,0.0,0.0,
1,msp,0,1,osm_nodes,7,0.0,0.0044,
2,msp,1,0,osm_nodes,8,0.000588,0.0,
3,msp,1,0,osm_nodes,8,0.000595,0.0,
4,msp,0,0,osm_nodes,7,0.000883,0.0907,
5,msp,0,0,osm_nodes,2,0.001203,0.0121,
6,msp,0,0,osm_nodes,6,0.001156,0.1054,
7,msp,0,0,osm_nodes,6,0.002888,0.1674,
8,msp,0,0,osm_nodes,14,0.0,0.0621,
9,msp,0,0,osm_nodes,15,0.0,0.0553,
10,msp,1,0,osm_nodes,41,0.003744,0.0659,
11,msp,1,0,osm_nodes,35,0.0021,0.1083,
12,msp,1,0,osm_nodes,35,0.002057,0.0794,
13,msp,1,0,osm_nodes,32,0.001899,0.0645,
14,msp,0,0,osm_nodes,19,0.000975,0.0361,
15,msp,0,0,osm_nodes,24,0.001269,0.0217,
16,msp,1,0,osm_nodes,29,0.00152,0.0433,
17,msp,1,0,osm_nodes,30,0.001545,0.0387,
18,msp,0,0,osm_nodes,35,0.001854,0.0177,
19,msp,0,0,osm_nodes,31,0.001622,0.0177,
20,msp,0,0,osm_nodes,34,0.002347,0.0275,
21,msp,0,0,osm_nodes,34,0.002179,0.0231,
22,msp,0,0,osm_nodes,31,0.001915,0.0057,
23,msp,0,0,osm_nodes,31,0.002454,0.0135,
24,msp,0,0,osm_nodes,31,0.001906,0.0023,
25,msp,0,0,osm_nodes,8,0.0,0.0,
26,msp,0,0,osm_nodes,17,0.0,0.0,
27,msp,0,0,osm_nodes,18,0.0,0.0,
28,msp,0,0,osm_nodes,25,0.0,0.0172,
29,msp,0,0,osm_nodes,26,0.000303,0.0124,
30,msp,0,0,osm_nodes,34,0.001036,0.1113,
31,msp,0,0,osm_nodes,33,0.001307,0.125,
32,msp,0,0,osm_nodes,34,0.000995,0.1254,
33,msp,0,0,osm_nodes,32,0.001363,0.1463,
34,msp,0,0,osm_nodes,31,0.000995,0.173,
35,msp,0,0,osm_nodes,32,0.001034,0.1916,
36,msp,0,0,osm_nodes,32,0.001345,0.1844,
37,msp,0,0,osm_nodes,32,0.001289,0.1924,
38,msp,0,0,osm_nodes,4,0.00187,0.0253,
39,msp,1,0,osm_nodes,16,0.004846,0.0702,
40,msp,0,0,osm_nodes,20,0.004459,0.1267,
41,msp,0,0,osm_nodes,16,0.0,0.1389,
42,msp,0,0,osm_nodes,24,0.003451,0.0987,
43,msp,0,0,osm_nodes,16,0.0,0.0803,
44,msp,0,0,osm_nodes,23,0.001501,0.1132,
45,msp,1,1,osm_nodes,10,0.003185,0.0754,
46,msp,1,1,osm_nodes,9,0.003172,0.0623,
47,msp,1,1,osm_nodes,12,0.01171,0.0268,
48,msp,1,0,osm_nodes,15,0.012679,0.0863,
49,msp,1,0,osm_nodes,31,0.016369,0.1979,
50,msp,0,0,osm_nodes,7,0.0,0.0006,
51,msp,1,1,osm_nodes,21,0.005188,0.0199,
52,msp,1,1,osm_nodes,24,0.005266,0.0207,
53,msp,0,0,osm_nodes,3,0.0,0.0015,
54,msp,0,0,osm_nodes,3,0.0,0.0347,
55,msp,0,0,osm_nodes,3,0.0,0.0471,
56,msp,0,0,osm_nodes,2,0.0,0.0752,
57,msp,0,0,osm_nodes,34,0.004898,0.0473,
58,msp,1,0,osm_nodes,29,0.00446,0.024,
59,msp,1,0,osm_nodes,23,0.003937,0.0329,
60,msp,0,0,osm_nodes,30,0.004096,0.0395,
61,msp,0,0,osm_nodes,6,0.0,0.0806,
62,msp,0,0,osm_nodes,6,0.000602,0.1113,
63,msp,0,0,osm_nodes,1,0.0,0.0,
64,msp,0,0,osm_nodes,17,0.003248,0.2572,
65,msp,0,0,osm_nodes,40,0.003714,0.1219,
66,msp,0,0,osm_nodes,31,0.000925,0.022,
67,msp,0,0,osm_nodes,33,0.0,0.0363,
68,msp,1,0,osm_nodes,41,0.01122,0.0538,
69,msp,1,0,osm_nodes,41,0.011046,0.1995,
70,msp,0,0,osm_nodes,30,0.008782,0.1524,
71,msp,0,0,osm_nodes,32,0.009222,0.1253,
72,msp,0,0,osm_nodes,32,0.00952,0.093,
73,msp,0,0,osm_nodes,38,0.009713,0.1139,
74,msp,1,0,osm_nodes,39,0.009811,0.1328,
75,msp,1,0,osm_nodes,41,0.010282,0.2899,
76,msp,1,0,osm_nodes,41,0.010051,0.197,
77,msp,1,0,osm_nodes,42,0.010162,0.2402,
78,msp,0,0,osm_nodes,52,0.006167,0.2126,
79,msp,0,0,osm_nodes,54,0.007306,0.2384,
80,msp,0,0,osm_nodes,56,0.008299,0.2075,
81,msp,0,0,osm_nodes,55,0.007931,0.2239,
82,msp,0,0,osm_nodes,56,0.003809,0.1876,
83,msp,0,0,osm_nodes,55,0.001879,0.1393,
84,msp,0,0,osm_nodes,54,0.000893,0.1245,
85,msp,0,0,osm_nodes,51,0.0,0.1062,
86,msp,0,0,osm_nodes,56,0.0,0.159,
87,msp,0,0,osm_nodes,57,0.0,0.1357,
88,msp,0,0,osm_nodes,35,0.002149,0.0,
89,msp,0,0,osm_nodes,36,0.003902,0.0,
90,msp,0,0,osm_nodes,37,0.004616,0.0,
91,msp,0,0,osm_nodes,26,0.005705,0.0,
92,msp,0,0,osm_nodes,31,0.005255,0.0,
93,msp,0,0,osm_nodes,28,0.005702,0.0,
94,msp,0,0,osm_nodes,28,0.005264,0.0417,
95,msp,1,0,osm_nodes,22,0.020592,0.134,
96,msp,1,0,osm_nodes,24,0.021948,0.1334,
97,msp,1,0,osm_nodes,23,0.020781,0.1394,
98,msp,1,1,osm_nodes,38,0.015145,0.1425,
99,msp,1,1,osm_nodes,39,0.015903,0.0676,
100,msp,1,1,osm_nodes,37,0.015036,0.1055,
101,msp,1,1,osm_nodes,38,0.015089,0.1028,
102,msp,1,1,osm_nodes,36,0.015253,0.0771,
103,msp,1,1,osm_nodes,35,0.015893,0.0361,
104,msp,1,1,osm_nodes,36,0.015238,0.0777,
105,msp,1,0,osm_nodes,11,0.015521,0.1641,
106,msp,1,0,osm_nodes,11,0.014309,0.1547,
107,msp,1,0,osm_nodes,49,0.018529,0.3788,
108,msp,1,0,osm_nodes,49,0.018793,0.42,
109,msp,1,0,osm_nodes,44,0.017415,0.3594,
110,msp,1,0,osm_nodes,47,0.017737,0.3902,
111,msp,1,0,osm_nodes,43,0.017426,0.3561,
112,msp,1,0,osm_nodes,47,0.017743,0.3861,
113,msp,1,0,osm_nodes,45,0.016356,0.3559,
114,msp,1,0,osm_nodes,42,0.015969,0.3719,
115,msp,1,0,osm_nodes,45,0.016132,0.3615,
116,msp,1,0,osm_nodes,48,0.01522,0.379,
117,msp,1,0,osm_nodes,44,0.014919,0.3935,
118,msp,1,0,osm_nodes,46,0.015037,0.3786,
119,msp,1,0,osm_nodes,45,0.015407,0.2516,
120,msp,0,0,osm_nodes,46,0.017319,0.2085,
121,msp,1,0,osm_nodes,43,0.015595,0.2625,
122,msp,1,0,osm_nodes,46,0.01585,0.2727,
123,msp,1,0,osm_nodes,49,0.016881,0.2597,
124,msp,0,0,osm_nodes,51,0.017821,0.2227,
125,msp,1,0,osm_nodes,49,0.015395,0.264,
126,msp,1,0,osm_nodes,51,0.016224,0.2401,
127,msp,0,0,osm_nodes,53,0.016773,0.1968,
128,msp,1,0,osm_nodes,46,0.015446,0.2615,
129,msp,1,0,osm_nodes,27,0.014755,0.2013,
130,msp,1,0,osm_nodes,28,0.0155,0.2124,
131,msp,1,0,osm_nodes,27,0.014958,0.2006,
132,msp,1,0,osm_nodes,27,0.015297,0.2109,
133,msp,1,0,osm_nodes,27,0.014968,0.1938,
134,msp,1,0,osm_nodes,27,0.015302,0.1948,
135,msp,1,0,osm_nodes,26,0.014744,0.1934,
136,msp,1,0,osm_nodes,29,0.015497,0.1939,
137,msp,1,0,osm_nodes,38,0.021469,0.2869,
138,msp,1,0,osm_nodes,36,0.021467,0.2751,
139,msp,1,0,osm_nodes,10,0.012552,0.1169,
140,msp,1,0,osm_nodes,13,0.013826,0.1208,
141,msp,1,0,osm_nodes,38,0.021201,0.2915,
142,msp,1,0,osm_nodes,13,0.013742,0.1162,
143,msp,1,0,osm_nodes,36,0.021465,0.2982,
144,msp,1,0,osm_nodes,14,0.014332,0.1208,
145,msp,1,0,osm_nodes,9,0.010298,0.1108,
146,msp,1,0,osm_nodes,37,0.021482,0.2888,
147,msp,1,0,osm_nodes,15,0.014992,0.1241,
148,msp,1,0,osm_nodes,37,0.021097,0.2725,
149,msp,1,0,osm_nodes,36,0.021349,0.2669,
150,msp,1,0,osm_nodes,21,0.017413,0.0456,
151,msp,1,0,osm_nodes,21,0.017364,0.0366,
152,msp,1,0,osm_nodes,18,0.014126,0.0003,
153,msp,1,1,osm_nodes,35,0.012605,0.0002,
154,msp,1,1,osm_nodes,38,0.013305,0.0,
155,msp,1,1,osm_nodes,43,0.013842,0.0028,
156,msp,1,1,osm_nodes,43,0.013724,0.0,
157,msp,1,1,osm_nodes,46,0.014933,0.0133,
158,msp,1,0,osm_nodes,35,0.012785,0.0,
159,msp,1,0,osm_nodes,42,0.013536,0.0,
160,msp,1,0,osm_nodes,47,0.014955,0.0054,
161,msp,1,0,osm_nodes,49,0.015561,0.0303,
162,msp,1,0,osm_nodes,52,0.016888,0.0873,
163,msp,1,0,osm_nodes,51,0.015809,0.0452,
164,msp,1,0,osm_nodes,53,0.016575,0.073,
165,msp,1,0,osm_nodes,49,0.015467,0.0187,
166,msp,1,0,osm_nodes,39,0.013238,0.0,
167,msp,1,0,osm_nodes,48,0.014863,0.0023,
168,msp,1,0,osm_nodes,47,0.014606,0.0002,
169,msp,1,0,osm_nodes,52,0.016825,0.0428,
170,msp,1,0,osm_nodes,51,0.016976,0.0515,
171,msp,1,0,osm_nodes,49,0.015317,0.0069,
172,msp,1,0,osm_nodes,56,0.018054,0.0265,
173,msp,1,0,osm_nodes,44,0.016918,0.0271,
174,msp,1,0,osm_nodes,45,0.01721,0.0265,
175,msp,1,0,osm_nodes,50,0.017252,0.065,
176,msp,1,0,osm_nodes,44,0.016786,0.0257,
177,msp,1,0,osm_nodes,50,0.017294,0.0625,
178,msp,1,0,osm_nodes,48,0.017218,0.0533,
179,msp,1,0,osm_nodes,44,0.016892,0.0235,
180,msp,1,0,osm_nodes,45,0.016957,0.0235,
181,msp,1,0,osm_nodes,45,0.01671,0.0239,
182,msp,1,0,osm_nodes,44,0.016737,0.0174,
183,msp,1,0,osm_nodes,38,0.016423,0.0228,
184,msp,1,0,osm_nodes,36,0.016018,0.0273,
185,msp,1,0,osm_nodes,34,0.015753,0.0295,
186,msp,1,0,osm_nodes,18,0.010528,0.1212,
187,msp,1,0,osm_nodes,16,0.010113,0.1253,
188,msp,1,0,osm_nodes,33,0.007465,0.0043,
189,msp,1,0,osm_nodes,28,0.007332,0.0444,
190,msp,1,0,osm_nodes,33,0.007523,0.0008,
191,msp,1,0,osm_nodes,27,0.007263,0.057,
192,msp,1,0,osm_nodes,32,0.007531,0.0309,
193,msp,1,0,osm_nodes,27,0.007289,0.0558,
194,msp,1,0,osm_nodes,31,0.007647,0.0379,
195,msp,1,0,osm_nodes,25,0.007063,0.0673,
196,msp,1,0,osm_nodes,40,0.008173,0.0247,
197,msp,1,0,osm_nodes,40,0.007948,0.026,
198,msp,1,0,osm_nodes,42,0.008508,0.0168,
199,msp,1,0,osm_nodes,42,0.008725,0.0144,
200,msp,0,0,osm_nodes,38,0.00713,0.0203,
201,msp,1,0,osm_nodes,40,0.008806,0.0133,
202,msp,1,0,osm_nodes,41,0.009087,0.0133,
203,msp,1,0,osm_nodes,40,0.008457,0.0202,
204,msp,1,0,osm_nodes,40,0.008227,0.0259,
205,msp,1,0,osm_nodes,40,0.008704,0.0159,
206,msp,1,0,osm_nodes,42,0.009155,0.0133,
207,msp,1,0,osm_nodes,42,0.00946,0.0133,
208,msp,0,0,osm_nodes,51,0.013461,0.2574,
209,msp,0,0,osm_nodes,63,0.012746,0.2721,
210,msp,1,0,osm_nodes,105,0.011933,0.0706,
211,msp,1,0,osm_nodes,102,0.011326,0.0621,
212,msp,1,0,osm_nodes,106,0.012097,0.0846,
213,msp,1,0,osm_nodes,56,0.007254,0.0786,
214,msp,1,0,osm_nodes,58,0.007158,0.0837,
215,msp,1,0,osm_nodes,55,0.007015,0.0629,
216,msp,1,0,osm_nodes,95,0.009886,0.0682,
217,msp,1,0,osm_nodes,98,0.010206,0.0868,
218,msp,1,0,osm_nodes,83,0.009088,0.0586,
219,msp,1,0,osm_nodes,99,0.010349,0.1025,
220,msp,1,0,osm_nodes,55,0.006973,0.0829,
221,msp,1,0,osm_nodes,57,0.007046,0.0881,
222,msp,1,0,osm_nodes,55,0.006853,0.0617,
223,msp,1,0,osm_nodes,52,0.006781,0.0489,
224,msp,1,0,osm_nodes,94,0.009533,0.0806,
225,msp,1,0,osm_nodes,95,0.00976,0.0916,
226,msp,1,0,osm_nodes,98,0.00984,0.102,
227,msp,1,0,osm_nodes,56,0.006899,0.0984,
228,msp,1,0,osm_nodes,55,0.006829,0.0799,
229,msp,1,0,osm_nodes,83,0.008404,0.0609,
230,msp,1,0,osm_nodes,56,0.006819,0.1033,
231,msp,1,0,osm_nodes,56,0.00673,0.0941,
232,msp,1,0,osm_nodes,57,0.006667,0.0994,
233,msp,1,0,osm_nodes,56,0.006547,0.1039,
234,msp,0,0,osm_nodes,66,0.006945,0.1747,
235,msp,1,0,osm_nodes,62,0.006291,0.0947,
236,msp,1,0,osm_nodes,62,0.006205,0.0713,
237,msp,1,0,osm_nodes,34,0.005562,0.1165,
238,msp,1,0,osm_nodes,34,0.005839,0.2173,
239,msp,1,0,osm_nodes,34,0.005674,0.1353,
240,msp,1,0,osm_nodes,34,0.005578,0.1025,
241,msp,1,0,osm_nodes,32,0.005464,0.0805,
242,msp,1,0,osm_nodes,53,0.00453,0.3879,
243,msp,1,0,osm_nodes,54,0.004581,0.3709,
244,msp,1,0,osm_nodes,63,0.005983,0.1292,
245,msp,1,0,osm_nodes,31,0.005465,0.0697,
246,msp,1,0,osm_nodes,32,0.005586,0.093,
247,msp,1,0,osm_nodes,32,0.005847,0.2116,
248,msp,1,0,osm_nodes,33,0.005684,0.1342,
249,msp,1,0,osm_nodes,66,0.00544,0.0477,
250,msp,1,0,osm_nodes,55,0.004558,0.2781,
251,msp,1,0,osm_nodes,56,0.004388,0.2723,
252,msp,1,0,osm_nodes,54,0.004527,0.2782,
253,msp,1,0,osm_nodes,55,0.004388,0.2294,
254,msp,1,0,osm_nodes,53,0.00451,0.2078,
255,msp,1,0,osm_nodes,52,0.004523,0.1948,
256,msp,1,0,osm_nodes,28,0.005497,0.2071,
257,msp,0,0,osm_nodes,43,0.002557,0.1982,
258,msp,0,0,osm_nodes,29,0.005229,0.1571,
259,msp,0,0,osm_nodes,35,0.001877,0.2305,
260,msp,0,0,osm_nodes,38,0.002347,0.2121,
261,msp,0,0,osm_nodes,45,0.004125,0.0885,
262,msp,0,0,osm_nodes,35,0.001629,0.2083,
263,msp,0,0,osm_nodes,43,0.003818,0.2719,
264,msp,0,0,osm_nodes,41,0.003871,0.2196,
265,msp,1,0,osm_nodes,26,0.00515,0.2321,
266,msp,0,0,osm_nodes,36,0.002888,0.51,
267,msp,1,0,osm_nodes,11,0.003781,0.2229,
268,msp,1,0,osm_nodes,16,0.00353,0.1912,
269,msp,1,0,osm_nodes,14,0.003657,0.2094,
270,msp,1,0,osm_nodes,16,0.002608,0.1131,
271,msp,1,0,osm_nodes,16,0.002603,0.1191,
272,msp,0,0,osm_nodes,15,0.002578,0.1519,
273,msp,1,0,osm_nodes,33,0.006386,0.0,
274,msp,1,0,osm_nodes,35,0.006723,0.0,
275,msp,1,0,osm_nodes,43,0.007645,0.0059,
276,msp,1,0,osm_nodes,48,0.008649,0.0199,
277,msp,1,1,osm_nodes,62,0.011226,0.0236,
278,msp,1,1,osm_nodes,62,0.011401,0.0188,
279,msp,1,1,osm_nodes,60,0.01151,0.0155,
280,msp,1,0,osm_nodes,34,0.006559,0.0,
281,msp,0,0,osm_nodes,52,0.009462,0.0266,
282,msp,1,0,osm_nodes,38,0.006907,0.0,
283,msp,1,0,osm_nodes,44,0.007803,0.0174,
284,msp,1,0,osm_nodes,50,0.009001,0.0312,
285,msp,1,1,osm_nodes,66,0.011926,0.0286,
286,msp,1,0,osm_nodes,34,0.006216,0.0,
287,msp,1,1,osm_nodes,65,0.012104,0.0247,
288,msp,1,1,osm_nodes,63,0.012258,0.017,
289,msp,1,0,osm_nodes,37,0.006379,0.0,
290,msp,1,0,osm_nodes,40,0.006881,0.0001,
291,msp,1,0,osm_nodes,53,0.009787,0.0464,
292,msp,1,0,osm_nodes,46,0.007856,0.0282,
293,msp,1,1,osm_nodes,65,0.012708,0.0206,
294,msp,1,1,osm_nodes,70,0.012774,0.0249,
295,msp,1,0,osm_nodes,56,0.01004,0.0562,
296,msp,1,0,osm_nodes,55,0.009872,0.0664,
297,msp,1,0,osm_nodes,51,0.009553,0.0838,
298,msp,1,1,osm_nodes,71,0.012589,0.0368,
299,msp,1,0,osm_nodes,37,0.005794,0.1222,
300,msp,1,1,osm_nodes,73,0.012258,0.0575,
301,msp,1,0,osm_nodes,39,0.005922,0.1692,
302,msp,1,0,osm_nodes,39,0.005959,0.1809,
303,msp,1,0,osm_nodes,51,0.009746,0.1384,
304,msp,1,0,osm_nodes,56,0.010076,0.1223,
305,msp,0,0,osm_nodes,68,0.01165,0.0909,
306,msp,1,0,osm_nodes,40,0.006071,0.2286,
307,msp,1,0,osm_nodes,40,0.006114,0.2437,
308,msp,1,0,osm_nodes,59,0.01023,0.169,
309,msp,1,0,osm_nodes,53,0.009855,0.2317,
310,msp,1,0,osm_nodes,58,0.010379,0.1912,
311,msp,1,0,osm_nodes,54,0.010152,0.2578,
312,msp,1,0,osm_nodes,58,0.010692,0.2438,
313,msp,1,0,osm_nodes,63,0.01018,0.07,
314,msp,1,0,osm_nodes,64,0.010105,0.0858,
315,msp,0,0,osm_nodes,63,0.008169,0.141,
316,msp,0,0,osm_nodes,64,0.007983,0.1518,
317,msp,0,0,osm_nodes,67,0.007903,0.1495,
318,msp,0,0,osm_nodes,63,0.007391,0.1417,
319,msp,1,0,osm_nodes,57,0.005107,0.0051,
320,msp,0,0,osm_nodes,57,0.004621,0.0156,
321,msp,0,0,osm_nodes,45,0.004825,0.0285,
322,msp,1,0,osm_nodes,55,0.004748,0.0635,
323,msp,0,0,osm_nodes,44,0.004886,0.0606,
324,msp,1,0,osm_nodes,57,0.004634,0.0912,
325,msp,1,0,osm_nodes,57,0.004667,0.0877,
326,msp,0,0,osm_nodes,5,0.0,0.1023,
327,msp,0,0,osm_nodes,26,0.002929,0.1707,
328,msp,0,0,osm_nodes,22,0.003187,0.167,
329,msp,0,0,osm_nodes,23,0.002963,0.1562,
330,msp,0,0,osm_nodes,8,0.0,0.0485,
331,msp,0,0,osm_nodes,9,0.0,0.0451,
332,msp,0,0,osm_nodes,8,0.0,0.0261,
333,msp,0,0,osm_nodes,2,0.0,0.0408,
334,msp,1,1,osm_nodes,14,0.009523,0.1343,
335,msp,1,1,osm_nodes,14,0.009403,0.1206,
336,msp,1,1,osm_nodes,8,0.008051,0.0356,
337,msp,1,1,osm_nodes,10,0.008001,0.0508,
338,msp,1,1,osm_nodes,14,0.008932,0.0402,
339,msp,1,1,osm_nodes,16,0.00603,0.0588,
340,msp,1,1,osm_nodes,14,0.006311,0.064,
341,msp,1,1,osm_nodes,15,0.005915,0.0742,
342,msp,1,1,osm_nodes,15,0.007308,0.078,
343,msp,1,0,osm_nodes,33,0.025364,0.153,
344,msp,1,0,osm_nodes,35,0.024871,0.1641,
345,msp,1,0,osm_nodes,49,0.022627,0.2579,
346,msp,1,0,osm_nodes,52,0.02279,0.2767,
347,msp,1,0,osm_nodes,58,0.023634,0.3122,
348,msp,1,0,osm_nodes,48,0.023802,0.2323,
349,msp,1,0,osm_nodes,49,0.023859,0.2321,
350,msp,1,0,osm_nodes,58,0.023775,0.3055,
351,msp,1,1,osm_nodes,37,0.024422,0.2353,
352,msp,1,1,osm_nodes,37,0.024384,0.2285,
353,msp,1,1,osm_nodes,37,0.024276,0.2624,
354,msp,1,1,osm_nodes,36,0.024247,0.2639,
355,msp,1,1,osm_nodes,35,0.02347,0.2529,
356,msp,0,1,osm_nodes,34,0.020981,0.1905,
357,msp,1,1,osm_nodes,37,0.024017,0.2654,
358,msp,1,1,osm_nodes,33,0.022649,0.2409,
359,msp,1,0,osm_nodes,10,0.018467,0.1669,
360,msp,1,0,osm_nodes,38,0.015182,0.165,
361,msp,1,0,osm_nodes,32,0.022877,0.138,
362,msp,1,0,osm_nodes,32,0.022914,0.1522,
363,msp,1,0,osm_nodes,32,0.02276,0.1085,
364,msp,1,0,osm_nodes,23,0.020071,0.1599,
365,msp,1,0,osm_nodes,40,0.019524,0.0164,
366,msp,1,0,osm_nodes,39,0.019336,0.0405,
367,msp,1,0,osm_nodes,23,0.019465,0.1821,
368,msp,1,0,osm_nodes,37,0.018062,0.1492,
369,msp,1,0,osm_nodes,20,0.013531,0.0474,
370,msp,1,0,osm_nodes,27,0.015597,0.0956,
371,msp,1,0,osm_nodes,20,0.013445,0.042,
372,msp,1,0,osm_nodes,29,0.015976,0.1054,
373,msp,1,0,osm_nodes,53,0.017521,0.1781,
374,msp,1,0,osm_nodes,55,0.017707,0.1769,
375,msp,1,0,osm_nodes,56,0.021542,0.2182,
376,msp,1,0,osm_nodes,56,0.018496,0.1831,
377,msp,1,0,osm_nodes,67,0.020005,0.1795,
378,msp,1,0,osm_nodes,61,0.020196,0.1417,
379,msp,1,0,osm_nodes,61,0.022635,0.2317,
380,msp,1,0,osm_nodes,67,0.020243,0.1769,
381,msp,1,0,osm_nodes,61,0.020339,0.1424,
382,msp,1,0,osm_nodes,60,0.021867,0.2193,
383,msp,1,0,osm_nodes,66,0.022313,0.1541,
384,msp,1,0,osm_nodes,34,0.018288,0.14,
385,msp,1,0,osm_nodes,65,0.022369,0.1437,
386,msp,1,0,osm_nodes,65,0.0223,0.1429,
387,msp,1,0,osm_nodes,65,0.02261,0.1481,
388,msp,1,0,osm_nodes,64,0.023713,0.2165,
389,msp,1,0,osm_nodes,65,0.023894,0.2272,
390,msp,1,0,osm_nodes,61,0.023654,0.2168,
391,msp,1,0,osm_nodes,65,0.023856,0.229,
392,msp,1,0,osm_nodes,26,0.015262,0.0628,
393,msp,1,0,osm_nodes,33,0.018014,0.1385,
394,msp,0,0,osm_nodes,13,0.011576,0.2377,
395,msp,1,0,osm_nodes,16,0.016796,0.1982,
396,msp,1,0,osm_nodes,16,0.01629,0.1825,
397,msp,1,0,osm_nodes,21,0.017287,0.1866,
398,msp,1,0,osm_nodes,26,0.020162,0.0912,
399,msp,1,0,osm_nodes,27,0.019962,0.107,
400,msp,1,0,osm_nodes,22,0.012401,0.116,
401,msp,1,0,osm_nodes,22,0.012637,0.0484,
402,msp,1,0,osm_nodes,13,0.018936,0.1172,
403,msp,1,0,osm_nodes,17,0.019416,0.0829,
404,msp,1,0,osm_nodes,14,0.018473,0.1201,
405,msp,1,0,osm_nodes,17,0.019138,0.082,
406,msp,1,0,osm_nodes,22,0.012603,0.0247,
407,msp,1,0,osm_nodes,22,0.012202,0.0877,
408,msp,1,0,osm_nodes,22,0.012536,0.0325,
409,msp,1,0,osm_nodes,28,0.019441,0.1565,
410,msp,1,0,osm_nodes,26,0.019553,0.0472,
411,msp,1,0,osm_nodes,28,0.019408,0.1512,
412,msp,1,0,osm_nodes,27,0.019483,0.0582,
413,msp,1,0,osm_nodes,20,0.011419,0.0973,
414,msp,1,0,osm_nodes,6,0.009905,0.0068,
415,msp,1,0,osm_nodes,11,0.010203,0.0553,
416,msp,1,0,osm_nodes,11,0.010059,0.0525,
417,msp,1,0,osm_nodes,13,0.010489,0.0711,
418,msp,1,0,osm_nodes,7,0.009982,0.0073,
419,msp,1,0,osm_nodes,12,0.010183,0.0563,
420,msp,1,0,osm_nodes,11,0.009755,0.0413,
421,msp,1,0,osm_nodes,13,0.009966,0.0173,
422,msp,1,0,osm_nodes,19,0.014042,0.0871,
423,msp,1,0,osm_nodes,20,0.014975,0.103,
424,msp,1,0,osm_nodes,21,0.011223,0.0471,
425,msp,1,0,osm_nodes,35,0.020839,0.2668,
426,msp,1,0,osm_nodes,44,0.019398,0.3389,
427,msp,1,0,osm_nodes,44,0.017831,0.3098,
428,msp,1,0,osm_nodes,42,0.019651,0.335,
429,msp,1,0,osm_nodes,41,0.02137,0.2932,
430,msp,1,0,osm_nodes,40,0.022129,0.2643,
431,msp,1,0,osm_nodes,44,0.019316,0.3096,
432,msp,1,0,osm_nodes,47,0.020978,0.3049,
433,msp,1,0,osm_nodes,45,0.019403,0.308,
434,msp,1,0,osm_nodes,8,0.005588,0.1553,
435,msp,0,0,osm_nodes,28,0.003142,0.0004,
436,msp,1,0,osm_nodes,26,0.003195,0.0216,
437,msp,0,0,osm_nodes,17,0.003239,0.0181,
438,msp,0,0,osm_nodes,28,0.003128,0.0216,
439,msp,1,0,osm_nodes,23,0.003195,0.0216,
440,msp,0,0,osm_nodes,26,0.003122,0.0216,
441,msp,1,0,osm_nodes,21,0.003199,0.0216,
442,msp,1,0,osm_nodes,12,0.003041,0.049,
443,msp,1,0,osm_nodes,16,0.003322,0.0366,
444,msp,1,0,osm_nodes,19,0.003683,0.0502,
445,msp,1,0,osm_nodes,25,0.004959,0.0576,
446,msp,1,0,osm_nodes,26,0.004829,0.0627,
447,msp,1,0,osm_nodes,25,0.005037,0.06,
448,msp,1,0,osm_nodes,26,0.004722,0.0563,
449,msp,1,0,osm_nodes,25,0.004669,0.0549,
450,msp,1,0,osm_nodes,25,0.005104,0.0618,
451,msp,1,0,osm_nodes,25,0.005177,0.0615,
452,msp,1,0,osm_nodes,25,0.004691,0.0531,
453,msp,1,0,osm_nodes,26,0.004835,0.0559,
454,msp,1,0,osm_nodes,25,0.004782,0.0523,
455,msp,1,0,osm_nodes,26,0.004949,0.0603,
456,msp,1,0,osm_nodes,25,0.005083,0.0575,
457,msp,1,0,osm_nodes,25,0.005159,0.0564,
458,msp,1,0,osm_nodes,25,0.005212,0.0564,
459,msp,1,0,osm_nodes,25,0.005258,0.0601,
460,msp,1,0,osm_nodes,25,0.004831,0.0492,
461,msp,1,0,osm_nodes,25,0.0049,0.0475,
462,msp,1,0,osm_nodes,26,0.004954,0.0564,
463,msp,1,0,osm_nodes,26,0.005077,0.0621,
464,msp,1,0,osm_nodes,25,0.005287,0.0601,
465,msp,1,0,osm_nodes,25,0.005347,0.059,
466,msp,1,0,osm_nodes,69,0.011329,0.0261,
467,msp,1,0,osm_nodes,66,0.01024,0.0377,
468,msp,1,0,osm_nodes,71,0.011292,0.0185,
469,msp,1,0,osm_nodes,66,0.010587,0.0299,
470,msp,1,0,osm_nodes,65,0.009902,0.0419,
471,msp,1,0,osm_nodes,68,0.011221,0.0148,
472,msp,1,0,osm_nodes,64,0.009633,0.0466,
473,msp,1,0,osm_nodes,64,0.009952,0.0398,
474,msp,1,0,osm_nodes,65,0.010314,0.0376,
475,msp,1,0,osm_nodes,62,0.009191,0.0588,
476,msp,1,0,osm_nodes,57,0.009404,0.0469,
477,msp,1,0,osm_nodes,57,0.009396,0.045,
478,msp,1,0,osm_nodes,59,0.0096,0.0336,
479,msp,1,0,osm_nodes,61,0.009949,0.0255,
480,msp,1,0,osm_nodes,66,0.010142,0.0356,
481,msp,1,0,osm_nodes,62,0.008346,0.0658,
482,msp,1,0,osm_nodes,28,0.004797,0.0875,
483,msp,1,0,osm_nodes,59,0.006699,0.1109,
484,msp,1,0,osm_nodes,62,0.007009,0.1054,
485,msp,1,0,osm_nodes,61,0.006967,0.0821,
486,msp,1,0,osm_nodes,58,0.006969,0.0845,
487,msp,0,0,osm_nodes,58,0.005825,0.025,
488,msp,0,0,osm_nodes,58,0.005734,0.0354,
489,msp,0,0,osm_nodes,65,0.006237,0.0402,
490,msp,0,0,osm_nodes,63,0.006147,0.0402,
491,msp,0,0,osm_nodes,56,0.005367,0.0155,
492,msp,0,0,osm_nodes,5,0.000977,0.0744,
493,msp,0,0,osm_nodes,5,0.001197,0.0649,
494,msp,1,0,osm_nodes,44,0.020403,0.2308,
495,msp,1,0,osm_nodes,50,0.020098,0.276,
496,msp,1,0,osm_nodes,35,0.017168,0.1759,
497,msp,1,0,osm_nodes,42,0.021577,0.2173,
498,msp,1,0,osm_nodes,38,0.021402,0.2842,
499,msp,1,0,osm_nodes,58,0.026605,0.1469,
500,msp,1,0,osm_nodes,39,0.018559,0.1789,
501,msp,1,0,osm_nodes,57,0.026734,0.1359,
502,msp,1,0,osm_nodes,38,0.018244,0.1773,
503,msp,1,1,osm_nodes,39,0.025711,0.0627,
504,msp,1,1,osm_nodes,32,0.024641,0.0647,
505,msp,1,1,osm_nodes,32,0.024653,0.0646,
506,msp,1,1,osm_nodes,32,0.025211,0.0603,
507,msp,1,1,osm_nodes,32,0.025171,0.039,
508,msp,1,1,osm_nodes,36,0.025011,0.0836,
509,msp,1,1,osm_nodes,35,0.024725,0.0797,
510,msp,1,1,osm_nodes,35,0.024885,0.104,
511,msp,1,1,osm_nodes,34,0.024526,0.1014,
512,msp,1,0,osm_nodes,29,0.021731,0.0652,
513,msp,1,0,osm_nodes,35,0.020897,0.0838,
514,msp,1,0,osm_nodes,35,0.02061,0.0883,
515,msp,1,0,osm_nodes,38,0.020356,0.1017,
516,msp,1,0,osm_nodes,36,0.019408,0.0966,
517,msp,1,0,osm_nodes,39,0.020512,0.0687,
518,msp,1,0,osm_nodes,30,0.017266,0.0287,
519,msp,1,0,osm_nodes,38,0.020142,0.0479,
520,msp,1,0,osm_nodes,38,0.020211,0.0471,
521,msp,1,0,osm_nodes,38,0.020473,0.0577,
522,msp,1,0,osm_nodes,34,0.020079,0.1039,
523,msp,1,0,osm_nodes,34,0.020222,0.1056,
524,msp,1,0,osm_nodes,38,0.020129,0.1097,
525,msp,1,0,osm_nodes,27,0.01944,0.1516,
526,msp,1,0,osm_nodes,25,0.013311,0.2908,
527,msp,1,0,osm_nodes,25,0.014615,0.267,
528,msp,1,0,osm_nodes,17,0.01146,0.1396,
529,msp,1,0,osm_nodes,8,0.005338,0.1732,
530,msp,1,0,osm_nodes,18,0.011848,0.1306,
531,msp,1,0,osm_nodes,18,0.013062,0.0904,
532,msp,1,0,osm_nodes,18,0.013335,0.0512,
533,msp,1,0,osm_nodes,10,0.010755,0.3331,
534,msp,1,0,osm_nodes,16,0.012417,0.0587,
535,msp,1,0,osm_nodes,21,0.016164,0.0279,
536,msp,1,0,osm_nodes,14,0.009182,0.1165,
537,msp,1,0,osm_nodes,13,0.009117,0.119,
538,msp,1,0,osm_nodes,26,0.018231,0.0838,
539,msp,1,0,osm_nodes,30,0.017769,0.1011,
540,msp,1,0,osm_nodes,32,0.02163,0.161,
541,msp,0,0,osm_nodes,33,0.012643,0.1182,
542,msp,1,1,osm_nodes,17,0.021153,0.1493,
543,msp,1,1,osm_nodes,25,0.015995,0.0754,
544,msp,1,1,osm_nodes,34,0.012239,0.0713,
545,msp,1,0,osm_nodes,33,0.017651,0.015,
546,msp,1,1,osm_nodes,19,0.01821,0.1039,
547,msp,1,0,osm_nodes,34,0.017902,0.018,
548,msp,1,0,osm_nodes,50,0.02673,0.2082,
549,msp,1,1,osm_nodes,34,0.012331,0.0969,
550,msp,1,1,osm_nodes,33,0.012466,0.1387,
551,msp,0,0,osm_nodes,50,0.026475,0.2194,
552,msp,1,1,osm_nodes,24,0.01689,0.0857,
553,msp,0,0,osm_nodes,51,0.026057,0.248,
554,msp,1,0,osm_nodes,37,0.019538,0.0795,
555,msp,1,0,osm_nodes,47,0.023807,0.077,
556,msp,1,0,osm_nodes,52,0.024477,0.0933,
557,msp,1,0,osm_nodes,36,0.021842,0.0864,
558,msp,0,0,osm_nodes,60,0.026492,0.224,
559,msp,1,0,osm_nodes,24,0.022209,0.3239,
560,msp,1,0,osm_nodes,51,0.025083,0.1227,
561,msp,1,0,osm_nodes,25,0.017892,0.1404,
562,msp,1,0,osm_nodes,25,0.017942,0.143,
563,msp,1,0,osm_nodes,48,0.025736,0.1567,
564,msp,1,0,osm_nodes,56,0.02532,0.1323,
565,msp,1,0,osm_nodes,62,0.026145,0.1517,
566,msp,1,0,osm_nodes,61,0.02608,0.1478,
567,msp,1,0,osm_nodes,42,0.021952,0.4161,
568,msp,1,1,osm_nodes,33,0.025888,0.4406,
569,msp,0,0,osm_nodes,47,0.021001,0.2336,
570,msp,1,0,osm_nodes,57,0.026388,0.1404,
571,msp,1,0,osm_nodes,11,0.010502,0.1384,
572,msp,1,0,osm_nodes,9,0.010518,0.121,
573,msp,1,0,osm_nodes,47,0.021487,0.2332,
574,msp,1,0,osm_nodes,47,0.026973,0.4126,
575,msp,0,0,osm_nodes,45,0.015995,0.2548,
576,msp,1,0,osm_nodes,49,0.027902,0.4563,
577,msp,1,0,osm_nodes,47,0.026598,0.4864,
578,msp,1,0,osm_nodes,44,0.011188,0.0177,
579,msp,1,0,osm_nodes,45,0.024456,0.5041,
580,msp,1,0,osm_nodes,27,0.021817,0.3472,
581,msp,1,0,osm_nodes,28,0.020358,0.3472,
582,msp,0,0,osm_nodes,48,0.014701,0.0099,
583,msp,1,0,osm_nodes,48,0.014834,0.1417,
584,msp,1,1,osm_nodes,12,0.013204,0.0929,
585,msp,0,0,osm_nodes,50,0.013962,0.0045,
586,msp,1,0,osm_nodes,36,0.01919,0.556,
587,msp,1,0,osm_nodes,30,0.017701,0.5601,
588,msp,1,0,osm_nodes,31,0.013427,0.2544,
589,msp,1,0,osm_nodes,34,0.014873,0.2511,
590,msp,0,0,osm_nodes,31,0.015285,0.1166,
591,msp,1,0,osm_nodes,37,0.015992,0.1271,
592,msp,1,0,osm_nodes,33,0.015231,0.5083,
593,msp,1,0,osm_nodes,41,0.017128,0.1884,
594,msp,1,1,osm_nodes,22,0.018396,0.0924,
595,msp,0,0,osm_nodes,27,0.015188,0.1403,
596,msp,1,0,osm_nodes,27,0.015039,0.143,
597,msp,0,0,osm_nodes,21,0.010972,0.695,
598,msp,1,1,osm_nodes,22,0.018232,0.0986,
599,msp,1,0,osm_nodes,25,0.014131,0.1621,
600,msp,1,0,osm_nodes,32,0.014,0.3062,
601,msp,1,0,osm_nodes,33,0.019845,0.5452,
602,msp,1,1,osm_nodes,15,0.013875,0.0947,
603,msp,1,0,osm_nodes,22,0.013408,0.1619,
604,msp,1,0,osm_nodes,35,0.015411,0.3383,
605,msp,1,0,osm_nodes,20,0.010925,0.257,
606,msp,1,0,osm_nodes,31,0.0161,0.4004,
607,msp,1,0,osm_nodes,27,0.019068,0.0589,
608,msp,1,1,osm_nodes,9,0.011345,0.0155,
609,msp,1,0,osm_nodes,32,0.020185,0.4769,
610,msp,1,0,osm_nodes,32,0.021034,0.0798,
611,msp,1,0,osm_nodes,24,0.017896,0.0418,
612,msp,1,0,osm_nodes,23,0.014329,0.2359,
613,msp,1,0,osm_nodes,22,0.013978,0.2129,
614,msp,1,0,osm_nodes,25,0.018858,0.4553,
615,msp,1,0,osm_nodes,28,0.01965,0.0625,
616,msp,1,1,osm_nodes,10,0.01091,0.0337,
617,msp,0,0,osm_nodes,26,0.014655,0.4216,
618,msp,1,0,osm_nodes,16,0.012046,0.1326,
619,msp,1,0,osm_nodes,25,0.018697,0.4306,
620,msp,1,0,osm_nodes,20,0.013207,0.2725,
621,msp,1,0,osm_nodes,31,0.0214,0.4409,
622,msp,1,0,osm_nodes,18,0.011625,0.16,
623,msp,1,0,osm_nodes,18,0.011654,0.1527,
624,msp,1,1,osm_nodes,24,0.016102,0.1094,
625,msp,1,0,osm_nodes,21,0.013391,0.3246,
626,msp,1,0,osm_nodes,16,0.012617,0.2804,
627,msp,1,0,osm_nodes,24,0.014878,0.4555,
628,msp,1,1,osm_nodes,25,0.015041,0.1105,
629,msp,1,0,osm_nodes,22,0.013376,0.368,
630,msp,1,0,osm_nodes,27,0.017085,0.4444,
631,msp,1,0,osm_nodes,35,0.020745,0.4175,
632,msp,1,0,osm_nodes,24,0.017554,0.14,
633,msp,1,0,osm_nodes,18,0.01216,0.3568,
634,msp,1,0,osm_nodes,37,0.020007,0.5001,
635,msp,1,0,osm_nodes,24,0.014817,0.0789,
636,msp,1,0,osm_nodes,23,0.014861,0.1101,
637,msp,1,0,osm_nodes,25,0.013181,0.0818,
638,msp,0,0,osm_nodes,28,0.014832,0.3922,
639,msp,1,0,osm_nodes,30,0.019817,0.3191,
640,msp,1,0,osm_nodes,19,0.015749,0.0637,
641,msp,1,0,osm_nodes,19,0.016116,0.0877,
642,msp,1,0,osm_nodes,23,0.012638,0.1338,
643,msp,1,0,osm_nodes,39,0.020344,0.3401,
644,msp,1,0,osm_nodes,24,0.012662,0.316,
645,msp,0,0,osm_nodes,28,0.015991,0.351,
646,msp,1,0,osm_nodes,24,0.013137,0.2112,
647,msp,1,0,osm_nodes,26,0.013345,0.1935,
648,msp,1,0,osm_nodes,20,0.01073,0.2392,
649,msp,1,0,osm_nodes,19,0.010738,0.2646,
650,msp,1,1,osm_nodes,15,0.013965,0.1036,
651,msp,1,0,osm_nodes,28,0.013473,0.1299,
652,msp,1,1,osm_nodes,15,0.014239,0.15,
653,msp,0,0,osm_nodes,18,0.011703,0.2291,
654,msp,0,0,osm_nodes,21,0.011627,0.2358,
655,msp,1,1,osm_nodes,21,0.015962,0.1874,
656,msp,1,1,osm_nodes,24,0.016271,0.166,
657,msp,1,0,osm_nodes,33,0.016891,0.1701,
658,msp,0,0,osm_nodes,29,0.011968,0.1384,
659,msp,0,0,osm_nodes,28,0.010485,0.2086,
660,msp,1,1,osm_nodes,27,0.016946,0.2195,
661,msp,1,0,osm_nodes,14,0.013044,0.1485,
662,msp,1,1,osm_nodes,27,0.020193,0.0929,
663,msp,1,1,osm_nodes,29,0.016904,0.2141,
664,msp,1,1,osm_nodes,34,0.019474,0.3199,
665,msp,1,0,osm_nodes,24,0.023618,0.1127,
666,msp,1,0,osm_nodes,28,0.022618,0.1353,
667,msp,1,0,osm_nodes,27,0.023947,0.1127,
668,msp,1,0,osm_nodes,17,0.022465,0.0895,
669,msp,1,0,osm_nodes,21,0.018744,0.2419,
670,msp,1,0,osm_nodes,20,0.019284,0.1709,
671,msp,1,0,osm_nodes,38,0.016837,0.3159,
672,msp,1,0,osm_nodes,35,0.014614,0.1679,
673,msp,1,0,osm_nodes,10,0.022327,0.0735,
674,msp,1,1,osm_nodes,50,0.022752,0.3434,
675,msp,1,0,osm_nodes,44,0.020573,0.2109,
676,msp,1,1,osm_nodes,42,0.024196,0.3597,
677,msp,1,0,osm_nodes,45,0.020667,0.2162,
678,msp,1,0,osm_nodes,45,0.02063,0.217,
679,msp,1,0,osm_nodes,45,0.020479,0.2145,
680,msp,1,0,osm_nodes,59,0.033197,0.3073,
681,msp,1,0,osm_nodes,58,0.032782,0.3582,
682,msp,1,0,osm_nodes,49,0.022863,0.5029,
683,msp,1,0,osm_nodes,23,0.019123,0.4002,
684,msp,1,0,osm_nodes,57,0.032037,0.3277,
685,msp,1,0,osm_nodes,48,0.023935,0.5704,
686,msp,1,0,osm_nodes,40,0.017557,0.2803,
687,msp,1,0,osm_nodes,36,0.018186,0.3536,
688,msp,1,0,osm_nodes,25,0.019097,0.3971,
689,msp,1,0,osm_nodes,38,0.016051,0.2178,
690,msp,1,0,osm_nodes,36,0.015924,0.2041,
691,msp,1,0,osm_nodes,31,0.017001,0.3066,
692,msp,1,0,osm_nodes,27,0.017741,0.3941,
693,msp,1,0,osm_nodes,29,0.015104,0.1933,
694,msp,1,0,osm_nodes,47,0.023171,0.4696,
695,msp,1,0,osm_nodes,48,0.022346,0.4266,
696,msp,1,0,osm_nodes,50,0.026569,0.4728,
697,msp,1,0,osm_nodes,27,0.014685,0.1662,
698,msp,1,0,osm_nodes,49,0.025976,0.3596,
699,msp,1,0,osm_nodes,28,0.016613,0.2967,
700,msp,1,0,osm_nodes,28,0.015611,0.2549,
701,msp,1,0,osm_nodes,24,0.019622,0.4753,
702,msp,1,0,osm_nodes,26,0.014583,0.1885,
703,msp,1,0,osm_nodes,48,0.026529,0.357,
704,msp,1,0,osm_nodes,42,0.022775,0.3609,
705,msp,1,0,osm_nodes,42,0.022686,0.3843,
706,msp,1,0,osm_nodes,39,0.022179,0.357,
707,msp,1,0,osm_nodes,40,0.022244,0.4007,
708,msp,1,1,osm_nodes,44,0.022343,0.3709,
709,msp,1,1,osm_nodes,24,0.018247,0.2919,
710,msp,1,1,osm_nodes,25,0.02058,0.4677,
711,msp,1,0,osm_nodes,48,0.029629,0.3037,
712,msp,1,1,osm_nodes,43,0.021659,0.399,
713,msp,1,1,osm_nodes,22,0.017665,0.3484,
714,msp,1,0,osm_nodes,45,0.028906,0.3207,
715,msp,1,0,osm_nodes,41,0.021889,0.2542,
716,msp,1,0,osm_nodes,36,0.024935,0.1821,
717,msp,1,0,osm_nodes,43,0.021968,0.2754,
718,msp,1,0,osm_nodes,32,0.0229,0.1833,
719,msp,1,0,osm_nodes,32,0.025435,0.3421,
720,msp,1,0,osm_nodes,27,0.023218,0.2868,
721,msp,1,1,osm_nodes,30,0.023383,0.2285,
722,msp,1,1,osm_nodes,30,0.022925,0.2181,
723,msp,1,0,osm_nodes,42,0.020398,0.2561,
724,msp,1,0,osm_nodes,40,0.018437,0.2853,
725,msp,1,0,osm_nodes,28,0.021455,0.2775,
726,msp,1,0,osm_nodes,37,0.019091,0.3533,
727,msp,1,0,osm_nodes,31,0.023644,0.3735,
728,msp,1,0,osm_nodes,29,0.021763,0.2722,
729,msp,1,0,osm_nodes,30,0.024,0.3652,
730,msp,1,0,osm_nodes,32,0.023918,0.5108,
731,msp,1,0,osm_nodes,32,0.014208,0.2539,
732,msp,1,0,osm_nodes,32,0.014919,0.2468,
733,msp,1,0,osm_nodes,33,0.024204,0.4407,
734,msp,1,0,osm_nodes,35,0.024157,0.4221,
735,msp,1,0,osm_nodes,36,0.023941,0.377,
736,msp,1,0,osm_nodes,36,0.023797,0.4355,
737,msp,1,0,osm_nodes,36,0.023745,0.39,
738,msp,1,0,osm_nodes,39,0.025655,0.3555,
739,msp,1,0,osm_nodes,42,0.025447,0.2927,
740,msp,1,0,osm_nodes,42,0.026164,0.262,
741,msp,1,0,osm_nodes,40,0.02582,0.2219,
742,msp,1,0,osm_nodes,46,0.026319,0.209,
743,msp,1,0,osm_nodes,46,0.025861,0.1782,
744,msp,1,0,osm_nodes,40,0.025639,0.3282,
745,msp,1,0,osm_nodes,37,0.024688,0.3594,
746,msp,1,0,osm_nodes,38,0.026067,0.3605,
747,msp,1,0,osm_nodes,35,0.024927,0.4457,
748,msp,1,0,osm_nodes,35,0.025818,0.4232,
749,msp,1,0,osm_nodes,53,0.019987,0.341,
750,msp,1,0,osm_nodes,52,0.019325,0.3317,
751,msp,1,0,osm_nodes,52,0.019097,0.3275,
752,msp,1,0,osm_nodes,45,0.016802,0.3387,
753,msp,1,0,osm_nodes,46,0.016607,0.3093,
754,msp,1,0,osm_nodes,49,0.019202,0.2535,
755,msp,1,0,osm_nodes,43,0.019674,0.3001,
756,msp,1,0,osm_nodes,33,0.022672,0.1655,
757,msp,1,0,osm_nodes,34,0.023075,0.1482,
758,msp,1,0,osm_nodes,36,0.022506,0.1288,
759,msp,1,0,osm_nodes,39,0.023648,0.1234,
760,msp,1,0,osm_nodes,35,0.023896,0.1375,
761,msp,1,0,osm_nodes,37,0.023613,0.1282,
762,msp,1,0,osm_nodes,36,0.022803,0.1463,
763,msp,1,0,osm_nodes,40,0.023922,0.1819,
764,msp,1,0,osm_nodes,39,0.023359,0.1921,
765,msp,1,0,osm_nodes,31,0.02122,0.2323,
766,msp,1,1,osm_nodes,31,0.021423,0.263,
767,msp,1,0,osm_nodes,28,0.022663,0.3496,
768,msp,1,1,osm_nodes,32,0.020404,0.3129,
769,msp,1,0,osm_nodes,28,0.022369,0.3425,
770,msp,1,1,osm_nodes,30,0.020931,0.3037,
771,msp,1,1,osm_nodes,30,0.02101,0.3115,
772,msp,1,1,osm_nodes,30,0.021035,0.318,
773,msp,1,0,osm_nodes,30,0.022261,0.332,
774,msp,1,0,osm_nodes,31,0.020662,0.5044,
775,msp,1,0,osm_nodes,24,0.017682,0.5164,
776,msp,1,0,osm_nodes,22,0.017158,0.5151,
777,msp,1,0,osm_nodes,24,0.019299,0.4867,
778,msp,1,0,osm_nodes,20,0.016645,0.5148,
779,msp,1,0,osm_nodes,14,0.017374,0.2074,
780,msp,1,0,osm_nodes,16,0.0165,0.2463,
781,msp,1,0,osm_nodes,30,0.020859,0.2091,
782,msp,1,0,osm_nodes,22,0.018507,0.4732,
783,msp,1,0,osm_nodes,16,0.018837,0.2298,
784,msp,1,0,osm_nodes,18,0.01941,0.2695,
785,msp,1,0,osm_nodes,26,0.01828,0.1284,
786,msp,1,0,osm_nodes,27,0.019149,0.4863,
787,msp,1,0,osm_nodes,17,0.017777,0.4745,
788,msp,1,0,osm_nodes,29,0.021239,0.484,
789,msp,1,0,osm_nodes,28,0.020356,0.4593,
790,msp,1,0,osm_nodes,17,0.018186,0.4777,
791,msp,1,0,osm_nodes,31,0.021971,0.4408,
792,msp,1,0,osm_nodes,32,0.021259,0.3348,
793,msp,1,0,osm_nodes,31,0.02203,0.3417,
794,msp,1,0,osm_nodes,17,0.016491,0.1952,
795,msp,1,0,osm_nodes,18,0.018012,0.2708,
796,msp,1,0,osm_nodes,15,0.015342,0.2105,
797,msp,1,0,osm_nodes,37,0.022675,0.2921,
798,msp,1,0,osm_nodes,16,0.016927,0.2563,
799,msp,1,0,osm_nodes,32,0.02262,0.2908,
800,msp,1,0,osm_nodes,32,0.022607,0.3036,
801,msp,1,0,osm_nodes,30,0.022507,0.2489,
802,msp,1,0,osm_nodes,28,0.02249,0.252,
803,msp,1,0,osm_nodes,27,0.022591,0.2173,
804,msp,1,0,osm_nodes,26,0.022574,0.2306,
805,msp,1,0,osm_nodes,24,0.015656,0.2558,
806,msp,1,0,osm_nodes,24,0.016692,0.3268,
807,msp,1,0,osm_nodes,23,0.015722,0.2512,
808,msp,1,0,osm_nodes,29,0.018736,0.2746,
809,msp,1,0,osm_nodes,29,0.017892,0.2335,
810,msp,1,0,osm_nodes,43,0.021095,0.1218,
811,msp,1,0,osm_nodes,44,0.022661,0.1287,
812,msp,1,0,osm_nodes,46,0.023046,0.127,
813,msp,1,0,osm_nodes,52,0.023889,0.1055,
814,msp,1,0,osm_nodes,48,0.022209,0.0741,
815,msp,1,0,osm_nodes,16,0.02345,0.2033,
816,msp,1,0,osm_nodes,17,0.023452,0.1931,
817,msp,1,0,osm_nodes,16,0.023448,0.1944,
818,msp,1,0,osm_nodes,16,0.023469,0.1873,
819,msp,1,0,osm_nodes,30,0.023441,0.1713,
820,msp,1,0,osm_nodes,29,0.023631,0.1843,
821,msp,1,0,osm_nodes,31,0.02344,0.1834,
822,msp,1,0,osm_nodes,29,0.02363,0.1718,
823,msp,1,0,osm_nodes,34,0.023114,0.1747,
824,msp,1,0,osm_nodes,33,0.023394,0.1815,
825,msp,1,0,osm_nodes,31,0.023063,0.1929,
826,msp,1,0,osm_nodes,36,0.022432,0.2335,
827,msp,1,0,osm_nodes,37,0.022751,0.2341,
828,msp,1,0,osm_nodes,35,0.022531,0.2351,
829,msp,1,0,osm_nodes,38,0.021587,0.2885,
830,msp,1,0,osm_nodes,38,0.021556,0.2874,
831,msp,1,0,osm_nodes,37,0.022035,0.2637,
832,msp,1,0,osm_nodes,24,0.015024,0.5028,
833,msp,1,0,osm_nodes,27,0.016773,0.4263,
834,msp,1,0,osm_nodes,21,0.01221,0.5338,
835,msp,1,0,osm_nodes,26,0.017578,0.3334,
836,msp,1,0,osm_nodes,21,0.01312,0.4928,
837,msp,1,0,osm_nodes,27,0.018076,0.2686,
838,msp,1,0,osm_nodes,52,0.025407,0.2779,
839,msp,1,0,osm_nodes,32,0.022306,0.261,
840,msp,1,0,osm_nodes,49,0.024867,0.2714,
841,msp,1,0,osm_nodes,45,0.021092,0.2899,
842,msp,1,0,osm_nodes,44,0.020346,0.2961,
843,msp,1,0,osm_nodes,34,0.01869,0.1921,
844,msp,1,0,osm_nodes,36,0.019884,0.2774,
845,msp,1,0,osm_nodes,33,0.017911,0.1857,
846,msp,1,0,osm_nodes,30,0.016788,0.1984,
847,msp,1,0,osm_nodes,33,0.017748,0.1287,
848,msp,1,0,osm_nodes,33,0.016623,0.1922,
849,msp,1,0,osm_nodes,9,0.009144,0.1493,
850,msp,1,0,osm_nodes,12,0.009597,0.1945,
851,msp,1,0,osm_nodes,29,0.014844,0.2451,
852,msp,1,0,osm_nodes,8,0.00861,0.128,
853,msp,1,0,osm_nodes,34,0.015706,0.1743,
854,msp,1,0,osm_nodes,12,0.010884,0.1084,
855,msp,1,0,osm_nodes,28,0.017798,0.3979,
856,msp,1,0,osm_nodes,24,0.01585,0.4286,
857,msp,1,0,osm_nodes,16,0.01788,0.2043,
858,msp,1,0,osm_nodes,12,0.003172,0.2516,
859,msp,0,0,osm_nodes,11,0.003092,0.2298,
860,msp,0,0,osm_nodes,10,0.003722,0.3326,
861,msp,1,0,osm_nodes,10,0.003181,0.2536,
862,msp,1,0,osm_nodes,10,0.003172,0.2349,
863,msp,0,0,osm_nodes,9,0.003096,0.2229,
864,msp,1,0,osm_nodes,1,0.001642,0.1128,
865,msp,1,0,osm_nodes,16,0.003173,0.3818,
866,msp,1,0,osm_nodes,4,0.003252,0.1271,
867,msp,1,0,osm_nodes,12,0.003175,0.2993,
868,msp,0,0,osm_nodes,13,0.003158,0.243,
869,msp,0,0,osm_nodes,12,0.003096,0.3393,
870,msp,1,0,osm_nodes,13,0.003175,0.2744,
871,msp,0,0,osm_nodes,13,0.00316,0.2575,
872,msp,1,0,osm_nodes,17,0.003176,0.2178,
873,msp,0,0,osm_nodes,14,0.003093,0.1721,
874,msp,0,0,osm_nodes,15,0.004258,0.3615,
875,msp,1,0,osm_nodes,12,0.004037,0.2885,
876,msp,1,0,osm_nodes,15,0.004176,0.3167,
877,msp,1,0,osm_nodes,12,0.004144,0.2823,
878,msp,0,0,osm_nodes,12,0.003926,0.2323,
879,msp,1,0,osm_nodes,12,0.006176,0.076,
880,msp,1,0,osm_nodes,16,0.004631,0.1482,
881,msp,1,0,osm_nodes,16,0.01127,0.1697,
882,msp,1,0,osm_nodes,20,0.014079,0.1547,
883,msp,1,0,osm_nodes,23,0.015758,0.1679,
884,msp,1,0,osm_nodes,22,0.01848,0.2005,
885,msp,1,0,osm_nodes,22,0.016144,0.1725,
886,msp,1,0,osm_nodes,36,0.023348,0.2296,
887,msp,1,0,osm_nodes,34,0.0211,0.217,
888,msp,1,0,osm_nodes,44,0.02199,0.1922,
889,msp,1,0,osm_nodes,36,0.020642,0.1936,
890,msp,1,0,osm_nodes,13,0.013753,0.098,
891,msp,1,0,osm_nodes,26,0.017086,0.29,
892,msp,1,0,osm_nodes,12,0.014035,0.0847,
893,msp,1,0,osm_nodes,26,0.016349,0.2927,
894,msp,1,0,osm_nodes,26,0.015941,0.3326,
895,msp,1,0,osm_nodes,27,0.016295,0.3682,
896,msp,1,0,osm_nodes,14,0.012743,0.1679,
897,msp,1,0,osm_nodes,12,0.007809,0.2635,
898,msp,1,0,osm_nodes,10,0.007627,0.2654,
899,msp,1,0,osm_nodes,13,0.007968,0.1718,
900,msp,1,0,osm_nodes,13,0.007839,0.1743,
901,msp,1,0,osm_nodes,11,0.007785,0.1891,
902,msp,1,0,osm_nodes,37,0.022081,0.0884,
903,msp,1,0,osm_nodes,38,0.023085,0.0762,
904,msp,1,0,osm_nodes,28,0.016302,0.1927,
905,msp,1,0,osm_nodes,28,0.016745,0.1807,
906,msp,1,0,osm_nodes,28,0.016823,0.187,
907,msp,1,0,osm_nodes,28,0.017076,0.1806,
908,msp,1,0,osm_nodes,29,0.01743,0.1712,
909,msp,1,0,osm_nodes,27,0.01858,0.1943,
910,msp,1,0,osm_nodes,27,0.01815,0.1667,
911,msp,1,0,osm_nodes,28,0.018676,0.2019,
912,msp,1,0,osm_nodes,15,0.017794,0.1634,
913,msp,1,0,osm_nodes,28,0.018755,0.2238,
914,msp,1,0,osm_nodes,15,0.017232,0.1593,
915,msp,1,0,osm_nodes,12,0.016485,0.167,
916,msp,1,0,osm_nodes,12,0.016157,0.1592,
917,msp,1,0,osm_nodes,12,0.016763,0.1561,
918,msp,0,0,osm_nodes,33,0.019001,0.1887,
919,msp,1,0,osm_nodes,33,0.019179,0.2966,
920,msp,1,0,osm_nodes,33,0.019108,0.2988,
921,msp,1,0,osm_nodes,32,0.01894,0.326,
922,msp,1,0,osm_nodes,32,0.018878,0.324,
923,msp,1,0,osm_nodes,33,0.019045,0.2444,
924,msp,1,0,osm_nodes,32,0.019011,0.2353,
925,msp,1,0,osm_nodes,32,0.018511,0.2964,
926,msp,1,0,osm_nodes,28,0.018461,0.2001,
927,msp,1,0,osm_nodes,30,0.018642,0.196,
928,msp,1,0,osm_nodes,27,0.018524,0.2006,
929,msp,1,0,osm_nodes,28,0.018933,0.1635,
930,msp,1,0,osm_nodes,28,0.019107,0.1913,
931,msp,1,0,osm_nodes,20,0.011882,0.1071,
932,msp,1,0,osm_nodes,22,0.01151,0.0952,
933,msp,1,0,osm_nodes,23,0.010159,0.0869,
934,msp,1,0,osm_nodes,20,0.012807,0.1703,
935,msp,1,0,osm_nodes,19,0.012432,0.1461,
936,msp,1,0,osm_nodes,26,0.01069,0.1068,
937,msp,1,0,osm_nodes,21,0.012035,0.1259,
938,msp,1,0,osm_nodes,19,0.012837,0.1481,
939,msp,1,0,osm_nodes,13,0.015521,0.1683,
940,msp,1,0,osm_nodes,26,0.011451,0.1251,
941,msp,1,0,osm_nodes,22,0.013345,0.1473,
942,msp,1,0,osm_nodes,17,0.014291,0.1821,
943,msp,1,1,osm_nodes,22,0.008123,0.1059,
944,msp,1,1,osm_nodes,21,0.008123,0.0884,
945,msp,1,1,osm_nodes,19,0.008989,0.0639,
946,msp,1,1,osm_nodes,20,0.008118,0.083,
947,msp,1,1,osm_nodes,20,0.008345,0.0648,
948,msp,0,0,osm_nodes,21,0.014493,0.1497,
949,msp,1,1,osm_nodes,24,0.009144,0.0425,
950,msp,1,0,osm_nodes,27,0.010145,0.0,
951,msp,1,0,osm_nodes,27,0.009965,0.0012,
952,msp,1,0,osm_nodes,24,0.009682,0.1418,
953,msp,1,0,osm_nodes,27,0.009466,0.0608,
954,msp,1,0,osm_nodes,15,0.012958,0.0872,
955,msp,1,0,osm_nodes,13,0.011754,0.0839,
956,msp,1,0,osm_nodes,18,0.013914,0.0152,
957,msp,1,0,osm_nodes,13,0.011659,0.0843,
958,msp,1,0,osm_nodes,15,0.013029,0.0,
959,msp,1,0,osm_nodes,15,0.01351,0.0,
960,msp,1,0,osm_nodes,19,0.011527,0.0779,
961,msp,1,0,osm_nodes,19,0.011453,0.0674,
962,msp,1,0,osm_nodes,19,0.011536,0.0759,
963,msp,1,0,osm_nodes,18,0.011079,0.0242,
964,msp,1,0,osm_nodes,38,0.020712,0.2008,
965,msp,1,0,osm_nodes,37,0.020874,0.1829,
966,msp,1,0,osm_nodes,25,0.007504,0.0741,
967,msp,1,0,osm_nodes,29,0.008389,0.1909,
968,msp,1,0,osm_nodes,38,0.021168,0.1852,
969,msp,1,0,osm_nodes,28,0.008752,0.1646,
970,msp,1,0,osm_nodes,37,0.020891,0.2111,
971,msp,1,0,osm_nodes,35,0.02056,0.2098,
972,msp,1,0,osm_nodes,37,0.021247,0.1644,
973,msp,1,0,osm_nodes,37,0.02119,0.1608,
974,msp,1,0,osm_nodes,36,0.020603,0.2139,
975,msp,1,0,osm_nodes,35,0.02101,0.1591,
976,msp,1,0,osm_nodes,35,0.020115,0.2549,
977,msp,1,0,osm_nodes,34,0.020608,0.1853,
978,msp,1,0,osm_nodes,65,0.017459,0.2618,
979,msp,1,0,osm_nodes,69,0.019934,0.2572,
980,msp,1,0,osm_nodes,70,0.020003,0.2562,
981,msp,1,0,osm_nodes,14,0.01473,0.2872,
982,msp,0,0,osm_nodes,18,0.015693,0.3463,
983,msp,1,0,osm_nodes,14,0.014819,0.2975,
984,msp,1,0,osm_nodes,45,0.021026,0.1916,
985,msp,1,0,osm_nodes,46,0.02178,0.1724,
986,msp,1,0,osm_nodes,52,0.022359,0.1315,
987,msp,1,0,osm_nodes,58,0.022916,0.0968,
988,msp,1,0,osm_nodes,53,0.018305,0.1014,
989,msp,1,0,osm_nodes,41,0.01588,0.0975,
990,msp,0,0,osm_nodes,39,0.011995,0.0398,
991,msp,1,0,osm_nodes,35,0.014262,0.101,
992,msp,0,0,osm_nodes,34,0.010641,0.0439,
993,msp,1,0,osm_nodes,31,0.01169,0.0568,
994,msp,1,0,osm_nodes,35,0.009163,0.019,
995,msp,1,0,osm_nodes,32,0.010073,0.0209,
996,msp,1,0,osm_nodes,31,0.011118,0.0379,
997,msp,1,0,osm_nodes,31,0.011879,0.054,
998,msp,1,0,osm_nodes,35,0.009117,0.0135,
999,msp,1,0,osm_nodes,34,0.012249,0.0515,
1000,msp,1,0,osm_nodes,33,0.010227,0.0188,
1001,msp,1,0,osm_nodes,35,0.009371,0.0124,
1002,msp,1,0,osm_nodes,33,0.011381,0.0374,
1003,msp,1,0,osm_nodes,32,0.015218,0.2147,
1004,msp,1,0,osm_nodes,32,0.01539,0.2187,
1005,msp,1,0,osm_nodes,32,0.015004,0.2321,
1006,msp,1,0,osm_nodes,32,0.015196,0.233,
1007,msp,1,0,osm_nodes,32,0.01537,0.2315,
1008,msp,1,0,osm_nodes,34,0.014697,0.2616,
1009,msp,1,0,osm_nodes,34,0.014885,0.2528,
1010,msp,0,0,osm_nodes,37,0.015853,0.27,
1011,msp,1,0,osm_nodes,31,0.012257,0.236,
1012,msp,1,0,osm_nodes,48,0.010372,0.1429,
1013,msp,1,0,osm_nodes,52,0.010356,0.1145,
1014,msp,1,0,osm_nodes,53,0.01029,0.1104,
1015,msp,1,0,osm_nodes,51,0.010236,0.1157,
1016,msp,1,0,osm_nodes,48,0.010329,0.1452,
1017,msp,1,0,osm_nodes,54,0.010166,0.1053,
1018,msp,1,0,osm_nodes,32,0.011214,0.2325,
1019,msp,1,0,osm_nodes,33,0.011017,0.2476,
1020,msp,1,0,osm_nodes,30,0.011408,0.2271,
1021,msp,1,0,osm_nodes,53,0.010134,0.1156,
1022,msp,1,0,osm_nodes,53,0.010068,0.0835,
1023,msp,1,0,osm_nodes,53,0.010146,0.1474,
1024,msp,1,0,osm_nodes,32,0.010801,0.2449,
1025,msp,1,0,osm_nodes,32,0.010989,0.2286,
1026,msp,1,0,osm_nodes,29,0.011177,0.2123,
1027,msp,1,0,osm_nodes,56,0.009644,0.1328,
1028,msp,1,0,osm_nodes,56,0.009351,0.0553,
1029,msp,1,0,osm_nodes,54,0.009403,0.0988,
1030,msp,1,0,osm_nodes,55,0.009416,0.1177,
1031,msp,1,0,osm_nodes,55,0.009261,0.0537,
1032,msp,0,0,osm_nodes,6,0.007544,0.0,
1033,msp,0,0,osm_nodes,7,0.006559,0.0,
1034,msp,1,0,osm_nodes,14,0.008694,0.0548,
1035,msp,1,0,osm_nodes,15,0.008677,0.1162,
1036,msp,1,0,osm_nodes,15,0.008666,0.0961,
1037,msp,1,0,osm_nodes,15,0.008662,0.1297,
1038,msp,0,0,osm_nodes,22,0.007526,0.0167,
1039,msp,1,1,osm_nodes,24,0.006963,0.0,
1040,msp,1,1,osm_nodes,26,0.006865,0.0,
1041,msp,0,0,osm_nodes,6,0.00303,0.0,
1042,msp,0,0,osm_nodes,7,0.005865,0.0596,
1043,msp,1,1,osm_nodes,20,0.020449,0.1484,
1044,msp,1,1,osm_nodes,20,0.020449,0.1456,
1045,msp,1,1,osm_nodes,20,0.020526,0.1439,
1046,msp,1,1,osm_nodes,20,0.020529,0.1489,
1047,msp,1,1,osm_nodes,20,0.020901,0.1472,
1048,msp,1,1,osm_nodes,20,0.020898,0.15,
1049,msp,1,1,osm_nodes,20,0.020921,0.1488,
1050,msp,1,1,osm_nodes,20,0.020918,0.1513,
1051,msp,1,1,osm_nodes,49,0.017334,0.1633,
1052,msp,1,1,osm_nodes,57,0.016583,0.1657,
1053,msp,1,1,osm_nodes,57,0.016546,0.1657,
1054,msp,1,1,osm_nodes,55,0.016378,0.1475,
1055,msp,1,1,osm_nodes,56,0.016397,0.1503,
1056,msp,1,1,osm_nodes,55,0.016851,0.169,
1057,msp,1,1,osm_nodes,61,0.014473,0.1202,
1058,msp,1,1,osm_nodes,61,0.014548,0.1207,
1059,msp,1,1,osm_nodes,62,0.01458,0.1316,
1060,msp,1,1,osm_nodes,62,0.014595,0.1424,
1061,msp,0,0,osm_nodes,44,0.002185,0.2245,
1062,msp,0,0,osm_nodes,41,0.002037,0.2255,
1063,msp,0,0,osm_nodes,47,0.001986,0.1829,
1064,msp,0,0,osm_nodes,42,0.001832,0.2187,
1065,msp,0,0,osm_nodes,43,0.00197,0.21,
1066,msp,0,0,osm_nodes,45,0.001877,0.2224,
1067,msp,0,0,osm_nodes,49,0.002156,0.2129,
1068,msp,1,0,osm_nodes,5,0.006322,0.0,
1069,msp,0,0,osm_nodes,4,0.0,0.0413,
1070,msp,1,0,osm_nodes,6,0.007181,0.0745,
1071,msp,1,0,osm_nodes,6,0.007149,0.0797,
1072,msp,1,1,osm_nodes,11,0.013337,0.0929,
1073,msp,1,0,osm_nodes,11,0.01333,0.0931,
1074,msp,1,0,osm_nodes,18,0.014255,0.1551,
1075,msp,1,1,osm_nodes,11,0.013914,0.084,
1076,msp,1,1,osm_nodes,11,0.013907,0.084,
1077,msp,1,1,osm_nodes,11,0.013422,0.0699,
1078,msp,1,1,osm_nodes,11,0.014097,0.078,
1079,msp,1,0,osm_nodes,11,0.014563,0.1069,
1080,msp,1,0,osm_nodes,11,0.014461,0.0955,
1081,msp,1,0,osm_nodes,11,0.0148,0.1049,
1082,msp,1,0,osm_nodes,5,0.007058,0.1877,
1083,msp,1,0,osm_nodes,10,0.010235,0.1699,
1084,msp,1,0,osm_nodes,10,0.010692,0.1876,
1085,msp,1,0,osm_nodes,44,0.012691,0.1493,
1086,msp,1,0,osm_nodes,3,0.009195,0.0,
1087,msp,1,0,osm_nodes,51,0.01317,0.1015,
1088,msp,1,0,osm_nodes,36,0.012326,0.0897,
1089,msp,1,0,osm_nodes,35,0.012115,0.0823,
1090,msp,1,0,osm_nodes,36,0.011782,0.0904,
1091,msp,1,0,osm_nodes,37,0.013491,0.1113,
1092,msp,1,0,osm_nodes,38,0.013677,0.108,
1093,msp,1,0,osm_nodes,33,0.010867,0.1385,
1094,msp,1,0,osm_nodes,33,0.010757,0.1288,
1095,msp,1,0,osm_nodes,33,0.010609,0.1247,
1096,msp,1,0,osm_nodes,43,0.01429,0.1093,
1097,msp,1,0,osm_nodes,42,0.013963,0.1153,
1098,msp,1,0,osm_nodes,44,0.01426,0.1135,
1099,msp,1,0,osm_nodes,20,0.006788,0.0,
1100,msp,1,0,osm_nodes,14,0.007869,0.1178,
1101,msp,1,0,osm_nodes,19,0.006494,0.11,
1102,msp,1,0,osm_nodes,19,0.006492,0.1253,
1103,msp,1,0,osm_nodes,18,0.006477,0.098,
1104,msp,0,0,osm_nodes,16,0.006114,0.0877,
1105,msp,0,0,osm_nodes,14,0.004581,0.1077,
1106,msp,0,0,osm_nodes,6,0.001051,0.0999,
1107,msp,1,0,osm_nodes,5,0.000216,0.0614,
1108,msp,1,0,osm_nodes,5,0.000216,0.0629,
1109,msp,0,0,osm_nodes,3,0.0,0.0287,
1110,msp,0,0,osm_nodes,3,0.001059,0.0997,
1111,msp,0,0,osm_nodes,9,0.007345,0.1236,
1112,msp,1,0,osm_nodes,14,0.007336,0.1071,
1113,msp,1,0,osm_nodes,14,0.007276,0.1083,
1114,msp,1,0,osm_nodes,17,0.00577,0.1342,
1115,msp,1,0,osm_nodes,16,0.005569,0.1145,
1116,msp,1,0,osm_nodes,5,0.000216,0.0557,
1117,msp,1,0,osm_nodes,17,0.005549,0.127,
1118,msp,1,0,osm_nodes,14,0.00686,0.0988,
1119,msp,1,0,osm_nodes,14,0.006809,0.0949,
1120,msp,1,0,osm_nodes,8,0.007228,0.0,
1121,msp,1,0,osm_nodes,8,0.006964,0.0,
1122,msp,1,0,osm_nodes,7,0.006766,0.0,
1123,msp,1,0,osm_nodes,9,0.007028,0.0,
1124,msp,1,0,osm_nodes,35,0.014596,0.0828,
1125,msp,1,0,osm_nodes,36,0.013427,0.0799,
1126,msp,0,0,osm_nodes,25,0.009856,0.0213,
1127,msp,0,0,osm_nodes,8,0.010186,0.0078,
1128,msp,0,0,osm_nodes,5,0.005723,0.0,
1129,msp,1,0,osm_nodes,41,0.01982,0.1456,
1130,msp,1,0,osm_nodes,41,0.019426,0.1804,
1131,msp,1,0,osm_nodes,41,0.019145,0.1854,
1132,msp,1,0,osm_nodes,42,0.019801,0.1444,
1133,msp,1,0,osm_nodes,21,0.01513,0.133,
1134,msp,1,0,osm_nodes,42,0.019424,0.1759,
1135,msp,1,0,osm_nodes,43,0.019643,0.1136,
1136,msp,1,0,osm_nodes,43,0.019214,0.1424,
1137,msp,1,0,osm_nodes,43,0.019141,0.1416,
1138,msp,1,0,osm_nodes,44,0.019644,0.1043,
1139,msp,1,0,osm_nodes,3,0.009789,0.1759,
1140,msp,0,0,osm_nodes,4,0.0,0.1275,
1141,msp,0,0,osm_nodes,23,0.007087,0.2104,
1142,msp,0,0,osm_nodes,24,0.003654,0.2313,
1143,msp,0,0,osm_nodes,19,0.001379,0.22,
1144,msp,0,0,osm_nodes,19,0.001188,0.1226,
1145,msp,0,0,osm_nodes,21,0.001255,0.1971,
1146,msp,1,0,osm_nodes,13,0.015637,0.0,
1147,msp,1,0,osm_nodes,13,0.016775,0.0025,
1148,msp,1,0,osm_nodes,20,0.027982,0.0007,
1149,msp,1,0,osm_nodes,20,0.027966,0.0007,
1150,msp,1,0,osm_nodes,20,0.027521,0.0007,
1151,msp,1,0,osm_nodes,19,0.026292,0.0007,
1152,msp,1,0,osm_nodes,11,0.014341,0.0802,
1153,msp,1,0,osm_nodes,25,0.029325,0.2437,
1154,msp,1,0,osm_nodes,23,0.026625,0.2174,
1155,msp,1,0,osm_nodes,22,0.025699,0.2373,
1156,msp,1,0,osm_nodes,25,0.029433,0.2521,
1157,msp,1,0,osm_nodes,19,0.025841,0.2714,
1158,msp,1,0,osm_nodes,20,0.025892,0.2734,
1159,msp,1,0,osm_nodes,10,0.016099,0.1399,
1160,msp,1,0,osm_nodes,11,0.017137,0.1726,
1161,msp,1,0,osm_nodes,7,0.015754,0.2017,
1162,msp,1,0,osm_nodes,8,0.016248,0.2121,
1163,msp,0,0,osm_nodes,14,0.006562,0.3595,
1164,msp,0,0,osm_nodes,14,0.005633,0.3429,
1165,msp,1,0,osm_nodes,17,0.007305,0.2815,
1166,msp,0,0,osm_nodes,15,0.005393,0.3264,
1167,msp,1,0,osm_nodes,17,0.005946,0.279,
1168,msp,0,0,osm_nodes,8,0.008118,0.007,
1169,msp,1,0,osm_nodes,11,0.008018,0.007,
1170,msp,1,0,osm_nodes,19,0.006215,0.0546,
1171,msp,1,0,osm_nodes,25,0.019258,0.0862,
1172,msp,1,0,osm_nodes,36,0.021356,0.1038,
1173,msp,1,0,osm_nodes,28,0.020412,0.1676,
1174,msp,1,0,osm_nodes,25,0.019337,0.1818,
1175,msp,1,0,osm_nodes,26,0.019184,0.1765,
1176,msp,1,0,osm_nodes,25,0.020153,0.2059,
1177,msp,1,0,osm_nodes,26,0.020289,0.187,
1178,msp,1,0,osm_nodes,26,0.023577,0.2173,
1179,msp,1,0,osm_nodes,26,0.023712,0.2123,
1180,msp,1,0,osm_nodes,24,0.023349,0.2093,
1181,msp,1,0,osm_nodes,22,0.023637,0.1938,
1182,msp,1,0,osm_nodes,22,0.023204,0.2099,
1183,msp,1,0,osm_nodes,31,0.025689,0.1447,
1184,msp,1,0,osm_nodes,32,0.026461,0.1409,
1185,msp,1,0,osm_nodes,32,0.026081,0.1416,
1186,msp,1,0,osm_nodes,33,0.02661,0.1559,
1187,msp,1,0,osm_nodes,37,0.023283,0.1996,
1188,msp,1,0,osm_nodes,32,0.019666,0.2315,
1189,msp,1,0,osm_nodes,35,0.023118,0.2093,
1190,msp,1,0,osm_nodes,34,0.020265,0.2544,
1191,msp,1,0,osm_nodes,34,0.0201,0.2496,
1192,msp,1,0,osm_nodes,35,0.023154,0.2108,
1193,msp,1,1,osm_nodes,38,0.022998,0.2749,
1194,msp,1,1,osm_nodes,39,0.023653,0.285,
1195,msp,1,1,osm_nodes,40,0.023651,0.2837,
1196,msp,1,0,osm_nodes,34,0.020019,0.2577,
1197,msp,1,0,osm_nodes,33,0.019913,0.2543,
1198,msp,1,1,osm_nodes,36,0.022857,0.2638,
1199,msp,1,0,osm_nodes,6,0.006822,0.0,
1200,msp,1,0,osm_nodes,26,0.013972,0.1871,
1201,msp,1,0,osm_nodes,32,0.015992,0.1509,
1202,msp,1,0,osm_nodes,32,0.016086,0.1561,
1203,msp,1,0,osm_nodes,20,0.019105,0.1801,
1204,msp,1,0,osm_nodes,28,0.020632,0.2062,
1205,msp,1,0,osm_nodes,27,0.017239,0.1954,
1206,msp,1,0,osm_nodes,34,0.022059,0.2387,
1207,msp,1,0,osm_nodes,27,0.016871,0.1981,
1208,msp,1,0,osm_nodes,34,0.023188,0.2358,
1209,msp,1,0,osm_nodes,35,0.021773,0.2442,
1210,msp,1,0,osm_nodes,28,0.017295,0.2421,
1211,msp,1,0,osm_nodes,29,0.017949,0.2259,
1212,msp,1,0,osm_nodes,33,0.022937,0.2399,
1213,msp,1,0,osm_nodes,31,0.023465,0.1996,
1214,msp,1,0,osm_nodes,36,0.020218,0.1965,
1215,msp,1,0,osm_nodes,37,0.021514,0.2011,
1216,msp,1,0,osm_nodes,36,0.021218,0.1919,
1217,msp,1,0,osm_nodes,47,0.021358,0.2386,
1218,msp,1,0,osm_nodes,43,0.020489,0.2375,
1219,msp,1,0,osm_nodes,29,0.029522,0.2547,
1220,msp,1,0,osm_nodes,24,0.029367,0.2254,
1221,msp,1,0,osm_nodes,29,0.029727,0.2614,
1222,msp,1,0,osm_nodes,32,0.030503,0.2617,
1223,msp,1,0,osm_nodes,24,0.029368,0.2309,
1224,msp,1,0,osm_nodes,25,0.029169,0.2484,
1225,msp,1,0,osm_nodes,18,0.0257,0.2571,
1226,msp,1,0,osm_nodes,23,0.028516,0.2526,
1227,msp,1,0,osm_nodes,78,0.024299,0.2024,
1229,msp,1,0,osm_nodes,79,0.023866,0.2527,
1230,msp,1,1,osm_nodes,62,0.025918,0.1582,
1231,msp,1,0,osm_nodes,83,0.023041,0.2237,
1232,msp,1,0,osm_nodes,77,0.022464,0.2797,
1233,msp,1,0,osm_nodes,71,0.022143,0.2464,
1234,msp,1,0,osm_nodes,89,0.02691,0.233,
1235,msp,1,0,osm_nodes,77,0.023653,0.1944,
1236,msp,1,0,osm_nodes,12,0.018455,0.2091,
1237,msp,1,0,osm_nodes,61,0.022365,0.353,
1238,msp,1,0,osm_nodes,48,0.028227,0.1134,
1239,msp,1,0,osm_nodes,32,0.021885,0.1722,
1240,msp,1,0,osm_nodes,81,0.02616,0.2758,
1241,msp,1,0,osm_nodes,46,0.026958,0.3677,
1242,msp,1,0,osm_nodes,48,0.026612,0.2889,
1243,msp,1,0,osm_nodes,37,0.022749,0.2251,
1244,msp,1,0,osm_nodes,73,0.024665,0.2471,
1245,msp,1,0,osm_nodes,46,0.023615,0.3385,
1246,msp,1,0,osm_nodes,44,0.025039,0.2188,
1247,msp,1,0,osm_nodes,50,0.027743,0.3557,
1248,msp,1,1,osm_nodes,68,0.024625,0.1837,
1249,msp,1,0,osm_nodes,49,0.026824,0.3817,
1250,msp,1,0,osm_nodes,56,0.024469,0.1425,
1251,msp,1,1,osm_nodes,68,0.024476,0.096,
1252,msp,1,0,osm_nodes,51,0.019052,0.0259,
1253,msp,1,1,osm_nodes,65,0.02443,0.0623,
1254,msp,1,0,osm_nodes,58,0.021733,0.0259,
1255,msp,1,0,osm_nodes,72,0.02509,0.0173,
1256,msp,1,0,osm_nodes,63,0.034477,0.1213,
1257,msp,1,0,osm_nodes,60,0.025353,0.029,
1258,msp,1,0,osm_nodes,69,0.025148,0.0,
1259,msp,1,0,osm_nodes,93,0.029793,0.0,
1260,msp,1,0,osm_nodes,84,0.028405,0.0035,
1261,msp,1,0,osm_nodes,62,0.02409,0.0047,
1262,msp,1,1,osm_nodes,26,0.0121,0.1222,
1263,msp,1,0,osm_nodes,93,0.033737,0.0636,
1264,msp,1,0,osm_nodes,89,0.031675,0.0007,
1265,msp,1,0,osm_nodes,51,0.022397,0.0,
1266,msp,1,0,osm_nodes,37,0.021194,0.0,
1267,msp,1,0,osm_nodes,41,0.023286,0.1024,
1268,msp,1,0,osm_nodes,60,0.024584,0.0082,
1269,msp,1,0,osm_nodes,74,0.027806,0.0035,
1270,msp,1,0,osm_nodes,58,0.024242,0.0082,
1271,msp,1,0,osm_nodes,91,0.031774,0.0042,
1272,msp,1,0,osm_nodes,61,0.025799,0.0082,
1273,msp,1,1,osm_nodes,29,0.01293,0.0102,
1274,msp,1,1,osm_nodes,27,0.012368,0.0158,
1275,msp,1,0,osm_nodes,70,0.026746,0.0035,
1276,msp,1,0,osm_nodes,87,0.033206,0.0759,
1277,msp,1,0,osm_nodes,84,0.033021,0.1211,
1278,msp,1,0,osm_nodes,81,0.031747,0.0007,
1279,msp,1,0,osm_nodes,79,0.032216,0.0007,
1280,msp,1,0,osm_nodes,64,0.027704,0.0035,
1281,msp,1,0,osm_nodes,54,0.024793,0.0036,
1282,msp,1,1,osm_nodes,58,0.027474,0.1403,
1283,msp,1,0,osm_nodes,46,0.022699,0.0649,
1284,msp,1,0,osm_nodes,21,0.016588,0.1131,
1285,msp,1,0,osm_nodes,27,0.018478,0.2065,
1286,msp,1,0,osm_nodes,63,0.0289,0.2891,
1287,msp,1,0,osm_nodes,21,0.008953,0.0118,
1288,msp,1,0,osm_nodes,21,0.009239,0.0084,
1289,msp,0,0,osm_nodes,21,0.007805,0.0542,
1290,msp,1,0,osm_nodes,21,0.009009,0.0086,
1291,msp,1,0,osm_nodes,55,0.0263,0.4241,
1292,msp,1,0,osm_nodes,53,0.024409,0.378,
1293,msp,1,1,osm_nodes,23,0.020791,0.0397,
1294,msp,1,1,osm_nodes,22,0.010964,0.0008,
1295,msp,1,1,osm_nodes,23,0.021449,0.0514,
1296,msp,1,0,osm_nodes,52,0.024514,0.3889,
1297,msp,1,0,osm_nodes,19,0.008602,0.0084,
1298,msp,1,0,osm_nodes,56,0.025428,0.4241,
1299,msp,1,0,osm_nodes,56,0.02548,0.4293,
1300,msp,1,1,osm_nodes,25,0.01029,0.0002,
1301,msp,1,0,osm_nodes,53,0.025316,0.427,
1302,msp,1,0,osm_nodes,18,0.019705,0.0584,
1303,msp,1,1,osm_nodes,25,0.008755,0.0079,
1304,msp,1,1,osm_nodes,28,0.021109,0.1447,
1305,msp,1,1,osm_nodes,34,0.019982,0.0083,
1306,msp,1,1,osm_nodes,26,0.008663,0.0346,
1307,msp,1,1,osm_nodes,25,0.008487,0.0172,
1308,msp,1,1,osm_nodes,26,0.008519,0.0106,
1309,msp,1,0,osm_nodes,37,0.022824,0.2705,
1310,msp,1,1,osm_nodes,35,0.020995,0.0586,
1311,msp,0,1,osm_nodes,28,0.007589,0.0547,
1312,msp,1,0,osm_nodes,39,0.021278,0.2407,
1313,msp,1,0,osm_nodes,41,0.021687,0.2695,
1314,msp,1,0,osm_nodes,38,0.020592,0.2188,
1315,msp,1,0,osm_nodes,41,0.021729,0.2711,
1316,msp,1,0,osm_nodes,7,0.00438,0.0,
1317,msp,1,0,osm_nodes,33,0.023913,0.4236,
1318,msp,1,0,osm_nodes,9,0.008285,0.0,
1319,msp,1,0,osm_nodes,34,0.020038,0.368,
1320,msp,1,0,osm_nodes,29,0.019967,0.3946,
1321,msp,1,0,osm_nodes,29,0.019086,0.3418,
1322,msp,1,0,osm_nodes,29,0.017643,0.2876,
1323,msp,1,0,osm_nodes,26,0.020298,0.4948,
1324,msp,1,0,osm_nodes,8,0.006784,0.0,
1325,msp,1,0,osm_nodes,8,0.006774,0.0,
1326,msp,1,0,osm_nodes,8,0.006774,0.0,
1327,msp,1,0,osm_nodes,8,0.006774,0.0,
1328,msp,1,0,osm_nodes,67,0.026545,0.3946,
1329,msp,1,0,osm_nodes,72,0.025885,0.3846,
1330,msp,1,1,osm_nodes,73,0.027913,0.3046,
1331,msp,1,1,osm_nodes,76,0.027311,0.2797,
1332,msp,1,1,osm_nodes,80,0.027,0.2477,
1333,msp,1,1,osm_nodes,77,0.025989,0.1467,
1334,msp,1,1,osm_nodes,38,0.019165,0.1103,
1335,msp,1,1,osm_nodes,43,0.019784,0.1215,
1336,msp,1,0,osm_nodes,4,0.007377,0.1456,
1337,msp,1,1,osm_nodes,63,0.027883,0.5014,
1338,msp,1,1,osm_nodes,52,0.02832,0.4567,
1339,msp,1,1,osm_nodes,52,0.028373,0.4725,
1340,msp,1,1,osm_nodes,54,0.026535,0.3717,
1341,msp,1,0,osm_nodes,22,0.010937,0.1699,
1342,msp,1,1,osm_nodes,57,0.025971,0.4662,
1343,msp,1,1,osm_nodes,48,0.025112,0.3645,
1344,msp,1,1,osm_nodes,58,0.025892,0.4439,
1345,msp,1,0,osm_nodes,29,0.011288,0.3235,
1346,msp,1,1,osm_nodes,57,0.0242,0.4189,
1347,msp,1,0,osm_nodes,48,0.025875,0.5398,
1348,msp,1,0,osm_nodes,14,0.015983,0.1225,
1349,msp,1,0,osm_nodes,14,0.016645,0.213,
1350,msp,1,0,osm_nodes,49,0.027672,0.5631,
1351,msp,1,0,osm_nodes,17,0.01905,0.4433,
1352,msp,1,0,osm_nodes,16,0.010408,0.0452,
1353,msp,1,0,osm_nodes,19,0.012424,0.1045,
1354,msp,1,0,osm_nodes,46,0.027551,0.5687,
1355,msp,1,0,osm_nodes,30,0.024822,0.57,
1356,msp,1,0,osm_nodes,12,0.015184,0.1137,
1357,msp,1,0,osm_nodes,13,0.016819,0.1905,
1358,msp,1,0,osm_nodes,16,0.010965,0.0822,
1359,msp,1,0,osm_nodes,19,0.013226,0.1468,
1360,msp,1,0,osm_nodes,19,0.012715,0.1104,
1361,msp,1,0,osm_nodes,13,0.016539,0.1825,
1362,msp,1,0,osm_nodes,13,0.014777,0.1137,
1363,msp,1,0,osm_nodes,12,0.011932,0.3186,
1364,msp,1,1,osm_nodes,25,0.014299,0.1962,
1365,msp,1,1,osm_nodes,27,0.015019,0.0997,
1366,msp,1,1,osm_nodes,30,0.024401,0.4144,
1367,msp,1,1,osm_nodes,33,0.016325,0.1779,
1368,msp,1,1,osm_nodes,41,0.02684,0.4748,
1369,msp,1,1,osm_nodes,41,0.026733,0.4681,
1370,msp,1,1,osm_nodes,33,0.025449,0.461,
1371,msp,1,0,osm_nodes,52,0.017936,0.2055,
1372,msp,1,0,osm_nodes,18,0.016337,0.0354,
1373,msp,1,0,osm_nodes,18,0.015978,0.0527,
1374,msp,1,0,osm_nodes,16,0.015369,0.074,
1375,msp,1,0,osm_nodes,29,0.022889,0.4071,
1376,msp,1,0,osm_nodes,22,0.012739,0.0976,
1377,msp,1,0,osm_nodes,22,0.012995,0.0923,
1378,msp,1,0,osm_nodes,56,0.026687,0.3295,
1379,msp,1,0,osm_nodes,49,0.025183,0.3116,
1380,msp,0,0,osm_nodes,37,0.021051,0.2152,
1381,msp,0,0,osm_nodes,36,0.021687,0.2133,
1382,msp,1,0,osm_nodes,38,0.021455,0.1109,
1384,msp,1,0,osm_nodes,38,0.021551,0.1121,
1385,msp,1,0,osm_nodes,28,0.018733,0.0968,
1386,msp,1,0,osm_nodes,26,0.01812,0.0819,
1387,msp,1,0,osm_nodes,36,0.020425,0.0891,
1389,msp,1,0,osm_nodes,25,0.01786,0.0905,
1390,msp,1,0,osm_nodes,29,0.018999,0.1091,
1391,msp,1,0,osm_nodes,24,0.016819,0.0468,
1392,msp,1,0,osm_nodes,26,0.014577,0.01,
1393,msp,1,0,osm_nodes,24,0.014283,0.0082,
1394,msp,1,0,osm_nodes,22,0.013919,0.0075,
1395,msp,1,0,osm_nodes,26,0.01317,0.0,
1396,msp,1,0,osm_nodes,23,0.013681,0.0105,
1397,msp,1,0,osm_nodes,26,0.01309,0.0,
1398,msp,1,0,osm_nodes,27,0.012823,0.0,
1399,msp,1,0,osm_nodes,29,0.012573,0.0031,
1400,msp,1,0,osm_nodes,30,0.01232,0.006,
1401,msp,1,1,osm_nodes,42,0.025157,0.192,
1402,msp,1,1,osm_nodes,44,0.024681,0.1993,
1403,msp,1,1,osm_nodes,45,0.024581,0.203,
1404,msp,1,0,osm_nodes,26,0.014485,0.5508,
1405,msp,1,1,osm_nodes,48,0.024909,0.1611,
1406,msp,1,0,osm_nodes,25,0.016265,0.4073,
1407,msp,1,0,osm_nodes,21,0.016902,0.4137,
1408,msp,1,0,osm_nodes,17,0.016916,0.4883,
1409,msp,1,0,osm_nodes,21,0.019431,0.4372,
1410,msp,1,0,osm_nodes,22,0.021432,0.4258,
1411,msp,1,0,osm_nodes,32,0.028419,0.3898,
1412,msp,1,0,osm_nodes,26,0.022994,0.5045,
1413,msp,1,0,osm_nodes,29,0.02467,0.493,
1414,msp,1,1,osm_nodes,43,0.022783,0.3571,
1415,msp,1,0,osm_nodes,30,0.028841,0.4628,
1416,msp,1,0,osm_nodes,34,0.02943,0.4821,
1417,msp,1,0,osm_nodes,36,0.029658,0.493,
1418,msp,1,0,osm_nodes,33,0.029922,0.5229,
1419,msp,1,0,osm_nodes,41,0.023112,0.3674,
1420,msp,1,0,osm_nodes,36,0.030364,0.5374,
1421,msp,1,1,osm_nodes,32,0.022541,0.3684,
1422,msp,1,0,osm_nodes,37,0.023555,0.3631,
1423,msp,1,1,osm_nodes,28,0.019372,0.3861,
1424,msp,1,0,osm_nodes,36,0.023412,0.3492,
1425,msp,1,1,osm_nodes,27,0.01859,0.3928,
1426,msp,1,1,osm_nodes,29,0.022552,0.2568,
1427,msp,1,1,osm_nodes,38,0.023384,0.3454,
1428,msp,1,0,osm_nodes,36,0.023642,0.2545,
1429,msp,1,1,osm_nodes,35,0.022851,0.374,
1430,msp,1,0,osm_nodes,18,0.014928,0.4701,
1431,msp,1,1,osm_nodes,32,0.021571,0.309,
1432,msp,1,0,osm_nodes,18,0.014435,0.5228,
1433,msp,1,0,osm_nodes,22,0.017413,0.1554,
1434,msp,1,0,osm_nodes,37,0.023763,0.1586,
1435,msp,1,1,osm_nodes,33,0.022902,0.3664,
1436,msp,1,0,osm_nodes,29,0.022837,0.3383,
1437,msp,1,1,osm_nodes,25,0.018111,0.3476,
1438,msp,1,0,osm_nodes,21,0.017095,0.2088,
1439,msp,1,0,osm_nodes,20,0.017215,0.2874,
1440,msp,1,0,osm_nodes,44,0.028233,0.4211,
1441,msp,1,0,osm_nodes,22,0.018269,0.4129,
1442,msp,1,1,osm_nodes,29,0.019512,0.3151,
1443,msp,1,0,osm_nodes,50,0.029047,0.4921,
1444,msp,1,0,osm_nodes,46,0.027673,0.3415,
1445,msp,1,0,osm_nodes,44,0.02709,0.2386,
1446,msp,1,0,osm_nodes,48,0.026819,0.3434,
1447,msp,1,0,osm_nodes,20,0.01566,0.3287,
1448,msp,1,0,osm_nodes,49,0.026953,0.3052,
1449,msp,1,0,osm_nodes,49,0.026946,0.3194,
1450,msp,1,0,osm_nodes,48,0.027445,0.4763,
1451,msp,1,0,osm_nodes,24,0.022954,0.2148,
1452,msp,1,0,osm_nodes,22,0.018337,0.2484,
1453,msp,1,0,osm_nodes,33,0.024106,0.4162,
1454,msp,1,0,osm_nodes,48,0.030047,0.3548,
1455,msp,1,0,osm_nodes,51,0.031983,0.4924,
1456,msp,1,0,osm_nodes,26,0.024751,0.4584,
1457,msp,1,1,osm_nodes,29,0.023068,0.0454,
1458,msp,1,0,osm_nodes,42,0.03086,0.4976,
1459,msp,1,0,osm_nodes,21,0.011177,0.4382,
1460,msp,1,0,osm_nodes,35,0.014314,0.4247,
1461,msp,1,1,osm_nodes,36,0.035029,0.5045,
1462,msp,1,0,osm_nodes,61,0.032093,0.1109,
1463,msp,1,1,osm_nodes,37,0.034343,0.5401,
1464,msp,1,0,osm_nodes,56,0.028983,0.1868,
1465,msp,1,1,osm_nodes,62,0.031884,0.146,
1466,msp,1,0,osm_nodes,51,0.027037,0.2311,
1467,msp,1,1,osm_nodes,69,0.03329,0.0853,
1468,msp,1,1,osm_nodes,65,0.032613,0.1423,
1469,msp,1,0,osm_nodes,59,0.03096,0.1671,
1470,msp,1,0,osm_nodes,63,0.03333,0.177,
1471,msp,1,0,osm_nodes,70,0.034901,0.0902,
1472,msp,1,0,osm_nodes,69,0.035036,0.1873,
1473,msp,1,0,osm_nodes,68,0.034375,0.0458,
1474,msp,1,0,osm_nodes,67,0.035257,0.2416,
1475,msp,1,0,osm_nodes,70,0.03578,0.274,
1476,msp,1,1,osm_nodes,69,0.034427,0.1584,
1477,msp,1,1,osm_nodes,72,0.035499,0.1134,
1478,msp,1,1,osm_nodes,72,0.036054,0.2338,
1479,msp,1,1,osm_nodes,73,0.036699,0.2257,
1480,msp,1,1,osm_nodes,70,0.037792,0.3528,
1481,msp,1,0,osm_nodes,27,0.021669,0.4209,
1482,msp,1,0,osm_nodes,31,0.021717,0.384,
1483,msp,1,0,osm_nodes,26,0.022443,0.3956,
1484,msp,1,0,osm_nodes,25,0.022062,0.3616,
1485,msp,1,0,osm_nodes,19,0.012643,0.0,
1486,msp,1,0,osm_nodes,18,0.012574,0.0,
1487,msp,1,0,osm_nodes,28,0.022537,0.3777,
1488,msp,1,0,osm_nodes,21,0.021131,0.2497,
1489,msp,1,0,osm_nodes,23,0.020609,0.2078,
1490,msp,1,1,osm_nodes,49,0.025714,0.2912,
1491,msp,1,1,osm_nodes,45,0.0266,0.2825,
1492,msp,1,1,osm_nodes,50,0.026902,0.2305,
1493,msp,1,1,osm_nodes,55,0.026646,0.2039,
1494,msp,1,1,osm_nodes,56,0.026495,0.2007,
1495,msp,1,0,osm_nodes,36,0.019236,0.3189,
1496,msp,1,0,osm_nodes,51,0.021943,0.3428,
1497,msp,1,1,osm_nodes,51,0.027821,0.5093,
1498,msp,1,1,osm_nodes,41,0.022394,0.2948,
1499,msp,1,1,osm_nodes,37,0.02034,0.1825,
1500,msp,1,0,osm_nodes,51,0.021242,0.3532,
1501,msp,1,1,osm_nodes,42,0.022491,0.3124,
1502,msp,1,1,osm_nodes,41,0.021913,0.2607,
1503,msp,1,1,osm_nodes,41,0.022033,0.2744,
1504,msp,1,0,osm_nodes,51,0.028679,0.5581,
1505,msp,1,1,osm_nodes,40,0.021161,0.2081,
1506,msp,1,1,osm_nodes,39,0.021354,0.2192,
1507,msp,1,0,osm_nodes,48,0.021766,0.2651,
1508,msp,1,0,osm_nodes,51,0.025594,0.3617,
1509,msp,1,1,osm_nodes,49,0.02083,0.0616,
1510,msp,0,0,osm_nodes,41,0.018695,0.0289,
1511,msp,1,1,osm_nodes,49,0.020636,0.0989,
1512,msp,1,1,osm_nodes,48,0.019765,0.0583,
1513,msp,0,0,osm_nodes,41,0.01801,0.0358,
1514,msp,1,0,osm_nodes,44,0.018432,0.0402,
1515,msp,1,1,osm_nodes,47,0.019177,0.0618,
1516,msp,1,1,osm_nodes,45,0.020479,0.1682,
1517,msp,1,1,osm_nodes,50,0.020975,0.1722,
1518,msp,1,1,osm_nodes,52,0.021235,0.168,
1519,msp,1,0,osm_nodes,34,0.016049,0.3638,
1520,msp,1,0,osm_nodes,33,0.015327,0.3948,
1521,msp,1,0,osm_nodes,33,0.014689,0.4096,
1522,msp,1,0,osm_nodes,36,0.015653,0.4689,
1523,msp,1,0,osm_nodes,28,0.015284,0.4441,
1524,msp,1,0,osm_nodes,26,0.015284,0.3398,
1525,msp,1,0,osm_nodes,22,0.014325,0.2399,
1526,msp,1,0,osm_nodes,20,0.013699,0.1907,
1527,msp,0,0,osm_nodes,38,0.019211,0.292,
1528,msp,0,0,osm_nodes,38,0.019946,0.2739,
1529,msp,0,0,osm_nodes,39,0.020099,0.2702,
1530,msp,1,0,osm_nodes,36,0.021824,0.2989,
1531,msp,1,0,osm_nodes,44,0.021865,0.3152,
1532,msp,1,0,osm_nodes,52,0.024118,0.2997,
1533,msp,1,0,osm_nodes,52,0.023948,0.3009,
1534,msp,1,0,osm_nodes,44,0.017892,0.2833,
1535,msp,1,0,osm_nodes,51,0.022255,0.3063,
1536,msp,1,0,osm_nodes,51,0.02204,0.298,
1537,msp,1,0,osm_nodes,43,0.018791,0.2636,
1538,msp,1,1,osm_nodes,40,0.019715,0.0413,
1539,msp,1,1,osm_nodes,40,0.023195,0.0844,
1540,msp,1,1,osm_nodes,44,0.023886,0.1247,
1541,msp,1,0,osm_nodes,37,0.023578,0.5749,
1542,msp,1,0,osm_nodes,58,0.031796,0.7391,
1543,msp,1,0,osm_nodes,44,0.027352,0.5733,
1544,msp,1,0,osm_nodes,67,0.035607,0.647,
1545,msp,1,0,osm_nodes,59,0.033839,0.7252,
1546,msp,1,0,osm_nodes,36,0.028701,0.2426,
1547,msp,1,0,osm_nodes,34,0.027417,0.1801,
1548,msp,1,0,osm_nodes,32,0.026849,0.2123,
1549,msp,1,0,osm_nodes,41,0.016858,0.2171,
1550,msp,1,0,osm_nodes,26,0.024411,0.1526,
1551,msp,1,0,osm_nodes,39,0.015175,0.2066,
1552,msp,1,0,osm_nodes,45,0.019175,0.3274,
1553,msp,1,0,osm_nodes,45,0.01914,0.3351,
1554,msp,1,0,osm_nodes,44,0.016796,0.3672,
1555,msp,1,0,osm_nodes,44,0.030184,0.2632,
1556,msp,1,0,osm_nodes,60,0.035418,0.2718,
1557,msp,1,0,osm_nodes,61,0.035644,0.289,
1558,msp,1,0,osm_nodes,91,0.041077,0.1487,
1559,msp,1,0,osm_nodes,18,0.009575,0.0688,
1560,msp,1,0,osm_nodes,90,0.040396,0.2258,
1561,msp,1,0,osm_nodes,94,0.040474,0.2492,
1562,msp,1,0,osm_nodes,87,0.038232,0.3556,
1563,msp,1,0,osm_nodes,74,0.040459,0.2911,
1564,msp,1,0,osm_nodes,20,0.01223,0.12,
1565,msp,1,0,osm_nodes,20,0.01158,0.079,
1566,msp,1,0,osm_nodes,76,0.035461,0.3933,
1567,msp,1,0,osm_nodes,23,0.013791,0.1373,
1568,msp,1,0,osm_nodes,55,0.030563,0.3664,
1569,msp,1,0,osm_nodes,50,0.032163,0.3653,
1570,msp,1,0,osm_nodes,58,0.0291,0.3306,
1571,msp,1,0,osm_nodes,58,0.026469,0.2985,
1572,msp,1,0,osm_nodes,36,0.022548,0.2298,
1573,msp,1,0,osm_nodes,39,0.024738,0.2558,
1574,msp,1,0,osm_nodes,60,0.034526,0.4612,
1575,msp,1,0,osm_nodes,24,0.010936,0.4016,
1576,msp,1,0,osm_nodes,25,0.010186,0.3354,
1577,msp,1,0,osm_nodes,25,0.010596,0.3173,
1578,msp,1,0,osm_nodes,88,0.044328,0.2887,
1579,msp,1,0,osm_nodes,88,0.04344,0.2745,
1580,msp,1,0,osm_nodes,20,0.009108,0.2015,
1581,msp,1,0,osm_nodes,20,0.00765,0.1503,
1582,msp,1,0,osm_nodes,20,0.00775,0.1435,
1583,msp,1,0,osm_nodes,16,0.006998,0.0545,
1584,msp,1,0,osm_nodes,16,0.006974,0.0969,
1585,msp,1,0,osm_nodes,17,0.00715,0.1476,
1586,msp,1,1,osm_nodes,19,0.012612,0.1163,
1587,msp,1,1,osm_nodes,19,0.012696,0.1124,
1588,msp,1,0,osm_nodes,86,0.03746,0.1715,
1589,msp,1,0,osm_nodes,50,0.030628,0.2771,
1590,msp,1,1,osm_nodes,18,0.01287,0.0544,
1591,msp,1,0,osm_nodes,87,0.037522,0.1017,
1592,msp,1,1,osm_nodes,19,0.013063,0.0127,
1593,msp,1,0,osm_nodes,48,0.030407,0.2613,
1594,msp,1,0,osm_nodes,85,0.037811,0.0898,
1595,msp,1,0,osm_nodes,66,0.026162,0.139,
1596,msp,1,0,osm_nodes,84,0.039597,0.1177,
1597,msp,1,0,osm_nodes,18,0.01301,0.0,
1598,msp,1,0,osm_nodes,41,0.029254,0.2555,
1599,msp,1,0,osm_nodes,69,0.027784,0.1781,
1600,msp,1,0,osm_nodes,23,0.012666,0.2859,
1601,msp,1,0,osm_nodes,60,0.031354,0.1814,
1602,msp,1,1,osm_nodes,52,0.029321,0.2024,
1603,msp,1,0,osm_nodes,61,0.031726,0.1992,
1604,msp,1,0,osm_nodes,55,0.030064,0.1711,
1605,msp,1,0,osm_nodes,40,0.027812,0.1018,
1606,msp,1,0,osm_nodes,34,0.027919,0.0669,
1607,msp,1,0,osm_nodes,34,0.027482,0.0825,
1608,msp,1,0,osm_nodes,42,0.027722,0.1385,
1609,msp,1,0,osm_nodes,36,0.027482,0.0871,
1610,msp,1,0,osm_nodes,38,0.024534,0.3083,
1611,msp,1,0,osm_nodes,41,0.023034,0.2294,
1612,msp,1,0,osm_nodes,38,0.024408,0.2967,
1613,msp,1,0,osm_nodes,37,0.024237,0.2918,
1614,msp,1,0,osm_nodes,47,0.024443,0.1107,
1615,msp,1,0,osm_nodes,44,0.022574,0.0581,
1616,msp,1,0,osm_nodes,43,0.022141,0.0599,
1617,msp,1,0,osm_nodes,47,0.023924,0.1089,
1618,msp,1,0,osm_nodes,50,0.024463,0.1219,
1619,msp,1,0,osm_nodes,40,0.021437,0.0782,
1620,msp,1,0,osm_nodes,45,0.024815,0.1291,
1621,msp,1,0,osm_nodes,52,0.026586,0.1521,
1622,msp,1,0,osm_nodes,52,0.026612,0.1567,
1623,msp,1,0,osm_nodes,51,0.026311,0.1644,
1624,msp,1,0,osm_nodes,53,0.025803,0.1742,
1625,msp,1,0,osm_nodes,33,0.021562,0.0895,
1626,msp,1,0,osm_nodes,26,0.021498,0.1779,
1627,msp,1,0,osm_nodes,27,0.02177,0.1546,
1628,msp,1,0,osm_nodes,27,0.021761,0.152,
1629,msp,1,0,osm_nodes,27,0.021758,0.1478,
1630,msp,1,0,osm_nodes,26,0.021563,0.1591,
1631,msp,1,0,osm_nodes,27,0.021729,0.1476,
1632,msp,1,0,osm_nodes,26,0.021464,0.1597,
1633,msp,1,0,osm_nodes,8,0.014514,0.0377,
1634,msp,1,0,osm_nodes,10,0.01494,0.0598,
1635,msp,1,0,osm_nodes,19,0.019178,0.1435,
1636,msp,1,0,osm_nodes,20,0.020493,0.1696,
1637,msp,1,0,osm_nodes,8,0.014631,0.0327,
1638,msp,1,0,osm_nodes,7,0.01384,0.0093,
1639,msp,1,0,osm_nodes,20,0.015849,0.0019,
1640,msp,1,0,osm_nodes,19,0.015746,0.0425,
1641,msp,1,0,osm_nodes,19,0.016002,0.0425,
1642,msp,1,0,osm_nodes,20,0.015973,0.0425,
1643,msp,1,0,osm_nodes,20,0.015983,0.0425,
1644,msp,1,0,osm_nodes,22,0.01738,0.0401,
1645,msp,1,0,osm_nodes,24,0.018571,0.0895,
1646,msp,1,0,osm_nodes,24,0.018689,0.097,
1647,msp,1,0,osm_nodes,23,0.019096,0.139,
1648,msp,1,0,osm_nodes,23,0.017578,0.0501,
1649,msp,1,0,osm_nodes,27,0.018784,0.0825,
1650,msp,1,0,osm_nodes,28,0.01893,0.0892,
1651,msp,1,0,osm_nodes,37,0.017351,0.1965,
1652,msp,1,0,osm_nodes,34,0.016735,0.1743,
1653,msp,1,0,osm_nodes,35,0.016351,0.2045,
1654,msp,1,0,osm_nodes,34,0.015839,0.2024,
1655,msp,1,0,osm_nodes,34,0.015459,0.2173,
1656,msp,1,0,osm_nodes,35,0.015847,0.2371,
1657,msp,1,0,osm_nodes,18,0.016606,0.1101,
1658,msp,1,0,osm_nodes,36,0.015771,0.2573,
1659,msp,1,0,osm_nodes,37,0.015668,0.2148,
1660,msp,1,0,osm_nodes,35,0.015584,0.2185,
1661,msp,1,0,osm_nodes,31,0.016572,0.2601,
1662,msp,1,0,osm_nodes,18,0.016498,0.0522,
1663,msp,1,0,osm_nodes,22,0.017792,0.0866,
1664,msp,1,0,osm_nodes,18,0.014847,0.0338,
1665,msp,1,0,osm_nodes,21,0.015901,0.2246,
1666,msp,1,0,osm_nodes,20,0.017969,0.0783,
1667,msp,1,0,osm_nodes,19,0.014722,0.205,
1668,msp,1,0,osm_nodes,18,0.014681,0.1992,
1669,msp,1,0,osm_nodes,27,0.020268,0.0,
1670,msp,1,0,osm_nodes,30,0.021003,0.1192,
1671,msp,1,0,osm_nodes,33,0.021303,0.1735,
1672,msp,1,0,osm_nodes,33,0.020508,0.0723,
1673,msp,1,0,osm_nodes,36,0.022273,0.0444,
1674,msp,1,0,osm_nodes,41,0.023858,0.2127,
1675,msp,1,0,osm_nodes,36,0.021898,0.276,
1676,msp,1,0,osm_nodes,41,0.024181,0.2131,
1677,msp,1,0,osm_nodes,43,0.024276,0.1745,
1678,msp,0,0,osm_nodes,30,0.019359,0.1931,
1679,msp,1,0,osm_nodes,43,0.024988,0.3008,
1680,msp,1,0,osm_nodes,44,0.025171,0.3059,
1681,msp,1,0,osm_nodes,45,0.025256,0.3036,
1682,msp,1,0,osm_nodes,48,0.023869,0.4508,
1683,msp,1,0,osm_nodes,43,0.023503,0.471,
1684,msp,1,0,osm_nodes,33,0.018151,0.2868,
1685,msp,1,0,osm_nodes,43,0.020615,0.3184,
1686,msp,1,0,osm_nodes,52,0.027777,0.3884,
1687,msp,1,0,osm_nodes,49,0.027656,0.3107,
1688,msp,1,0,osm_nodes,51,0.027455,0.3883,
1689,msp,1,0,osm_nodes,47,0.024963,0.478,
1690,msp,1,0,osm_nodes,42,0.02424,0.3675,
1691,msp,1,0,osm_nodes,47,0.02331,0.1798,
1692,msp,1,0,osm_nodes,50,0.023293,0.1793,
1693,msp,1,0,osm_nodes,39,0.02174,0.3123,
1694,msp,1,0,osm_nodes,31,0.018078,0.2895,
1695,msp,1,0,osm_nodes,37,0.020177,0.2808,
1696,msp,1,0,osm_nodes,35,0.019971,0.3159,
1697,msp,1,0,osm_nodes,27,0.017074,0.2374,
1698,msp,1,0,osm_nodes,16,0.010512,0.3474,
1699,msp,1,0,osm_nodes,20,0.014996,0.2044,
1700,msp,1,0,osm_nodes,22,0.015577,0.2106,
1701,msp,1,0,osm_nodes,19,0.013771,0.178,
1702,msp,1,0,osm_nodes,16,0.01061,0.3277,
1703,msp,1,0,osm_nodes,27,0.017003,0.2095,
1704,msp,1,0,osm_nodes,23,0.015828,0.184,
1705,msp,1,0,osm_nodes,22,0.015646,0.1764,
1706,msp,1,0,osm_nodes,16,0.010603,0.3098,
1707,msp,1,0,osm_nodes,16,0.011306,0.2777,
1708,msp,1,0,osm_nodes,47,0.022892,0.2281,
1709,msp,1,0,osm_nodes,47,0.023124,0.2239,
1710,msp,1,0,osm_nodes,45,0.027192,0.3537,
1711,msp,1,0,osm_nodes,41,0.021518,0.2793,
1712,msp,1,0,osm_nodes,49,0.030421,0.3138,
1713,msp,1,0,osm_nodes,47,0.028395,0.2893,
1714,msp,1,0,osm_nodes,44,0.023953,0.2076,
1715,msp,1,0,osm_nodes,41,0.027286,0.2967,
1716,msp,1,0,osm_nodes,45,0.028747,0.2241,
1717,msp,1,0,osm_nodes,50,0.02971,0.2928,
1718,msp,1,0,osm_nodes,45,0.027572,0.2067,
1719,msp,1,0,osm_nodes,49,0.028982,0.2571,
1720,msp,1,0,osm_nodes,49,0.028893,0.2484,
1721,msp,1,0,osm_nodes,44,0.022813,0.0895,
1722,msp,1,0,osm_nodes,54,0.025548,0.0357,
1723,msp,1,0,osm_nodes,54,0.025447,0.0441,
1724,msp,1,0,osm_nodes,42,0.027022,0.1548,
1725,msp,1,0,osm_nodes,54,0.024818,0.1082,
1726,msp,1,1,osm_nodes,39,0.026495,0.268,
1727,msp,1,0,osm_nodes,49,0.029779,0.1322,
1728,msp,1,0,osm_nodes,48,0.029351,0.1709,
1729,msp,1,1,osm_nodes,41,0.024395,0.3128,
1730,msp,1,0,osm_nodes,41,0.026973,0.3003,
1731,msp,1,1,osm_nodes,38,0.023285,0.3623,
1732,msp,1,0,osm_nodes,52,0.016612,0.0044,
1733,msp,1,0,osm_nodes,50,0.016512,0.0044,
1734,msp,1,0,osm_nodes,43,0.014822,0.0044,
1735,msp,1,0,osm_nodes,44,0.014662,0.0044,
1736,msp,1,0,osm_nodes,42,0.014896,0.0044,
1737,msp,1,0,osm_nodes,43,0.014604,0.0044,
1738,msp,1,0,osm_nodes,52,0.029177,0.1737,
1739,msp,1,0,osm_nodes,54,0.029597,0.1565,
1740,msp,1,0,osm_nodes,46,0.013772,0.0044,
1741,msp,1,1,osm_nodes,59,0.030091,0.0985,
1742,msp,1,1,osm_nodes,61,0.030425,0.0453,
1743,msp,1,0,osm_nodes,63,0.017012,0.2049,
1744,msp,1,0,osm_nodes,42,0.013728,0.1138,
1745,msp,1,0,osm_nodes,41,0.013634,0.1342,
1746,msp,1,0,osm_nodes,48,0.014818,0.2171,
1747,msp,1,0,osm_nodes,57,0.015781,0.0373,
1748,msp,1,0,osm_nodes,55,0.014397,0.0582,
1749,msp,1,0,osm_nodes,50,0.013177,0.0406,
1750,msp,1,0,osm_nodes,56,0.014268,0.212,
1751,msp,1,0,osm_nodes,52,0.013443,0.2294,
1752,msp,1,0,osm_nodes,34,0.009752,0.0804,
1753,msp,1,0,osm_nodes,7,0.003183,0.0986,
1754,msp,0,0,osm_nodes,8,0.00311,0.1376,
1755,msp,1,0,osm_nodes,8,0.003195,0.001,
1756,msp,1,0,osm_nodes,8,0.003225,0.0384,
1757,msp,0,0,osm_nodes,8,0.003234,0.1055,
1758,msp,0,0,osm_nodes,11,0.00313,0.115,
1759,msp,1,0,osm_nodes,10,0.003207,0.1102,
1760,msp,1,0,osm_nodes,12,0.003192,0.1048,
1761,msp,1,0,osm_nodes,10,0.003202,0.1069,
1762,msp,0,0,osm_nodes,12,0.003182,0.1718,
1763,msp,1,0,osm_nodes,13,0.00319,0.1573,
1764,msp,0,0,osm_nodes,12,0.003134,0.1554,
1766,msp,1,0,osm_nodes,64,0.02512,0.1556,
1767,msp,1,0,osm_nodes,60,0.022232,0.1896,
1769,msp,1,0,osm_nodes,20,0.012914,0.2135,
1770,msp,1,0,osm_nodes,20,0.012703,0.2158,
1771,msp,1,0,osm_nodes,61,0.017911,0.3043,
1772,msp,1,0,osm_nodes,15,0.003026,0.428,
1773,msp,0,0,osm_nodes,13,0.003258,0.4485,
1774,msp,1,0,osm_nodes,13,0.003415,0.4564,
1775,msp,1,0,osm_nodes,24,0.010945,0.3015,
1776,msp,1,0,osm_nodes,19,0.011176,0.099,
1777,msp,1,0,osm_nodes,33,0.011487,0.3284,
1779,msp,1,0,osm_nodes,34,0.011735,0.2286,
1781,msp,1,1,osm_nodes,68,0.026617,0.1338,
1782,msp,0,0,osm_nodes,28,0.010633,0.1113,
1783,msp,1,1,osm_nodes,67,0.025552,0.1415,
1784,msp,1,0,osm_nodes,39,0.016731,0.1471,
1785,msp,1,0,osm_nodes,39,0.015694,0.1429,
1786,msp,1,0,osm_nodes,45,0.018101,0.2082,
1787,msp,1,0,osm_nodes,53,0.022435,0.165,
1788,msp,1,0,osm_nodes,35,0.013955,0.2019,
1789,msp,1,0,osm_nodes,28,0.016023,0.1308,
1790,msp,1,0,osm_nodes,4,0.005068,0.1636,
1791,msp,1,0,osm_nodes,49,0.02296,0.2726,
1792,msp,1,0,osm_nodes,46,0.023211,0.2485,
1793,msp,1,0,osm_nodes,45,0.022478,0.2406,
1794,msp,1,0,osm_nodes,41,0.022332,0.2482,
1795,msp,1,0,osm_nodes,9,0.006369,0.3506,
1796,msp,1,0,osm_nodes,9,0.006363,0.3849,
1797,msp,1,0,osm_nodes,35,0.019046,0.2648,
1798,msp,1,0,osm_nodes,35,0.018397,0.2882,
1799,msp,1,0,osm_nodes,34,0.018165,0.2906,
1800,msp,1,0,osm_nodes,22,0.007285,0.1767,
1801,msp,1,0,osm_nodes,10,0.006413,0.3754,
1802,msp,1,0,osm_nodes,42,0.02165,0.2363,
1803,msp,1,0,osm_nodes,43,0.020914,0.2052,
1804,msp,1,0,osm_nodes,34,0.01178,0.2733,
1805,msp,1,0,osm_nodes,43,0.019764,0.2949,
1806,msp,1,0,osm_nodes,31,0.01069,0.2856,
1807,msp,1,0,osm_nodes,22,0.017278,0.1604,
1808,msp,1,0,osm_nodes,32,0.013766,0.3239,
1809,msp,1,0,osm_nodes,23,0.016427,0.151,
1810,msp,1,0,osm_nodes,35,0.01361,0.2705,
1812,msp,1,0,osm_nodes,31,0.016687,0.1915,
1813,msp,1,1,osm_nodes,26,0.017061,0.1009,
1814,msp,1,1,osm_nodes,30,0.014471,0.1371,
1815,msp,1,1,osm_nodes,30,0.014183,0.1442,
1816,msp,1,1,osm_nodes,25,0.015983,0.1194,
1817,msp,1,0,osm_nodes,25,0.013705,0.1579,
1818,msp,1,0,osm_nodes,24,0.010684,0.1164,
1819,msp,0,0,osm_nodes,20,0.011247,0.1367,
1820,msp,1,0,osm_nodes,10,0.014394,0.1602,
1821,msp,1,0,osm_nodes,18,0.009044,0.2178,
1822,msp,1,0,osm_nodes,13,0.012988,0.1639,
1823,msp,1,0,osm_nodes,10,0.013687,0.1735,
1824,msp,1,0,osm_nodes,13,0.010891,0.1517,
1825,msp,1,0,osm_nodes,9,0.006475,0.0702,
1826,msp,1,0,osm_nodes,10,0.003244,0.0,
1827,msp,1,0,osm_nodes,32,0.013589,0.1195,
1828,msp,1,0,osm_nodes,31,0.01247,0.1288,
1829,msp,0,0,osm_nodes,28,0.012986,0.1468,
1830,msp,1,0,osm_nodes,32,0.012475,0.1236,
1831,msp,1,0,osm_nodes,33,0.013292,0.1278,
1832,msp,1,0,osm_nodes,31,0.013601,0.1302,
1833,msp,1,0,osm_nodes,31,0.012262,0.1283,
1834,msp,1,0,osm_nodes,32,0.013407,0.1309,
1835,msp,1,0,osm_nodes,32,0.01424,0.1222,
1836,msp,1,0,osm_nodes,31,0.014371,0.1128,
1837,msp,1,0,osm_nodes,27,0.010585,0.0354,
1838,msp,1,0,osm_nodes,35,0.012044,0.0671,
1839,msp,1,0,osm_nodes,35,0.012238,0.073,
1840,msp,1,0,osm_nodes,34,0.014937,0.0839,
1841,msp,1,0,osm_nodes,19,0.006239,0.0026,
1842,msp,1,0,osm_nodes,19,0.006614,0.0,
1843,msp,1,0,osm_nodes,19,0.006273,0.0001,
1844,msp,1,0,osm_nodes,23,0.015173,0.0781,
1845,msp,1,0,osm_nodes,16,0.005153,0.0,
1846,msp,1,0,osm_nodes,21,0.018365,0.1632,
1847,msp,1,0,osm_nodes,24,0.019286,0.161,
1848,msp,1,0,osm_nodes,26,0.019842,0.1602,
1849,msp,1,0,osm_nodes,37,0.022551,0.1547,
1850,msp,1,1,osm_nodes,41,0.022946,0.1425,
1851,msp,1,1,osm_nodes,38,0.022765,0.1637,
1852,msp,1,1,osm_nodes,46,0.024386,0.1656,
1853,msp,1,1,osm_nodes,37,0.022781,0.1549,
1854,msp,1,0,osm_nodes,41,0.023111,0.1378,
1855,msp,1,1,osm_nodes,47,0.024813,0.1661,
1856,msp,1,1,osm_nodes,32,0.021294,0.1089,
1857,msp,1,0,osm_nodes,44,0.024728,0.1492,
1858,msp,1,0,osm_nodes,46,0.025319,0.1479,
1859,msp,1,1,osm_nodes,36,0.022934,0.1137,
1860,msp,1,1,osm_nodes,42,0.025319,0.1437,
1861,msp,1,1,osm_nodes,42,0.026182,0.146,
1862,msp,1,1,osm_nodes,44,0.026773,0.1523,
1863,msp,1,0,osm_nodes,45,0.026738,0.1807,
1864,msp,1,1,osm_nodes,43,0.0264,0.1312,
1865,msp,1,0,osm_nodes,44,0.027327,0.0994,
1866,msp,1,0,osm_nodes,40,0.026154,0.1152,
1867,msp,1,0,osm_nodes,42,0.027013,0.1149,
1868,msp,1,0,osm_nodes,43,0.03135,0.1441,
1869,msp,1,0,osm_nodes,40,0.026017,0.1232,
1870,msp,1,1,osm_nodes,40,0.023941,0.1715,
1871,msp,1,1,osm_nodes,39,0.024124,0.1725,
1872,msp,1,1,osm_nodes,40,0.023765,0.1623,
1873,msp,1,0,osm_nodes,45,0.030416,0.1237,
1874,msp,1,0,osm_nodes,48,0.031293,0.1292,
1875,msp,1,0,osm_nodes,30,0.020733,0.1394,
1876,msp,1,0,osm_nodes,31,0.02137,0.1288,
1877,msp,1,0,osm_nodes,27,0.02164,0.1391,
1878,msp,1,0,osm_nodes,26,0.020962,0.1446,
1879,msp,1,0,osm_nodes,26,0.021162,0.1499,
1880,msp,1,0,osm_nodes,17,0.015998,0.0643,
1881,msp,1,0,osm_nodes,20,0.01684,0.058,
1882,msp,1,0,osm_nodes,25,0.018103,0.1264,
1883,msp,1,0,osm_nodes,25,0.018177,0.1267,
1884,msp,1,0,osm_nodes,40,0.020388,0.105,
1885,msp,1,0,osm_nodes,24,0.018794,0.1965,
1886,msp,1,0,osm_nodes,21,0.011088,0.3953,
1887,msp,1,0,osm_nodes,26,0.019509,0.1807,
1888,msp,1,0,osm_nodes,24,0.01182,0.285,
1889,msp,1,0,osm_nodes,26,0.019043,0.1937,
1890,msp,1,0,osm_nodes,25,0.01974,0.1854,
1891,msp,1,0,osm_nodes,26,0.019015,0.1977,
1892,msp,1,0,osm_nodes,5,0.001591,0.1395,
1893,msp,1,0,osm_nodes,5,0.001584,0.1214,
1894,msp,1,0,osm_nodes,35,0.021818,0.1138,
1895,msp,1,0,osm_nodes,32,0.014273,0.0749,
1896,msp,1,0,osm_nodes,19,0.016704,0.1773,
1897,msp,1,0,osm_nodes,27,0.01456,0.0887,
1898,msp,1,0,osm_nodes,17,0.016486,0.1738,
1899,msp,1,0,osm_nodes,29,0.020493,0.1366,
1900,msp,1,0,osm_nodes,27,0.014731,0.0879,
1901,msp,1,0,osm_nodes,36,0.021923,0.1178,
1902,msp,1,0,osm_nodes,41,0.023914,0.1659,
1903,msp,1,0,osm_nodes,34,0.021929,0.1279,
1904,msp,1,0,osm_nodes,24,0.01416,0.077,
1905,msp,1,0,osm_nodes,24,0.014258,0.0837,
1906,msp,1,0,osm_nodes,33,0.0216,0.127,
1907,msp,1,0,osm_nodes,43,0.02479,0.1977,
1908,msp,1,0,osm_nodes,23,0.014345,0.0908,
1909,msp,1,0,osm_nodes,30,0.020676,0.1495,
1910,msp,1,0,osm_nodes,22,0.016952,0.1669,
1911,msp,1,0,osm_nodes,44,0.024973,0.2049,
1912,msp,1,0,osm_nodes,21,0.016353,0.1444,
1913,msp,1,0,osm_nodes,21,0.016275,0.1518,
1914,msp,1,0,osm_nodes,21,0.01616,0.1391,
1915,msp,1,0,osm_nodes,23,0.016061,0.1527,
1916,msp,1,0,osm_nodes,14,0.011294,0.1617,
1917,msp,1,0,osm_nodes,15,0.011621,0.1404,
1918,msp,1,0,osm_nodes,12,0.009412,0.1155,
1919,msp,1,0,osm_nodes,12,0.010228,0.1225,
1920,msp,1,0,osm_nodes,19,0.009181,0.0411,
1921,msp,1,0,osm_nodes,20,0.009161,0.036,
1922,msp,1,0,osm_nodes,18,0.00832,0.0075,
1923,msp,1,0,osm_nodes,17,0.007273,0.002,
1924,msp,0,0,osm_nodes,19,0.008287,0.0299,
1925,msp,0,0,osm_nodes,10,0.004099,0.0291,
1926,msp,0,0,osm_nodes,7,0.0022,0.0216,
1928,msp,0,0,osm_nodes,14,0.004767,0.0,
1929,msp,0,0,osm_nodes,9,0.004505,0.0435,
1930,msp,1,0,osm_nodes,7,0.007647,0.0181,
1931,msp,0,0,osm_nodes,8,0.001975,0.0,
1932,msp,0,0,osm_nodes,7,0.002025,0.0,
1933,msp,1,0,osm_nodes,15,0.01153,0.0045,
1934,msp,1,0,osm_nodes,14,0.011681,0.0045,
1935,msp,1,0,osm_nodes,14,0.011897,0.0045,
1936,msp,0,0,osm_nodes,31,0.006449,0.0544,
1937,msp,1,0,osm_nodes,21,0.010214,0.0211,
1938,msp,1,0,osm_nodes,20,0.010391,0.0205,
1939,msp,1,0,osm_nodes,22,0.01168,0.0202,
1940,msp,1,0,osm_nodes,21,0.012157,0.0193,
1941,msp,0,0,osm_nodes,49,0.009648,0.0794,
1942,msp,1,0,osm_nodes,23,0.010968,0.0202,
1943,msp,1,0,osm_nodes,46,0.010466,0.1163,
1944,msp,1,0,osm_nodes,42,0.009494,0.1437,
1945,msp,1,0,osm_nodes,44,0.009721,0.1424,
1946,msp,1,0,osm_nodes,29,0.013247,0.0,
1947,msp,1,0,osm_nodes,51,0.010122,0.108,
1948,msp,1,0,osm_nodes,49,0.009986,0.1679,
1949,msp,1,0,osm_nodes,7,0.005074,0.125,
1950,msp,1,0,osm_nodes,7,0.004884,0.1215,
1951,msp,1,0,osm_nodes,24,0.011849,0.0,
1952,msp,1,0,osm_nodes,7,0.005191,0.222,
1953,msp,1,0,osm_nodes,7,0.005032,0.1906,
1954,msp,1,0,osm_nodes,23,0.011799,0.0,
1955,msp,1,0,osm_nodes,7,0.004676,0.1378,
1956,msp,1,0,osm_nodes,19,0.009686,0.0,
1957,msp,1,0,osm_nodes,15,0.003859,0.1174,
1958,msp,0,0,osm_nodes,13,0.003288,0.1636,
1959,msp,1,0,osm_nodes,13,0.009221,0.0561,
1960,msp,1,0,osm_nodes,21,0.015806,0.1874,
1961,msp,1,0,osm_nodes,20,0.015564,0.1598,
1962,msp,1,0,osm_nodes,29,0.009193,0.0542,
1963,msp,1,0,osm_nodes,32,0.017947,0.0241,
1964,msp,1,0,osm_nodes,24,0.005537,0.0592,
1965,msp,1,0,osm_nodes,23,0.005289,0.0753,
1966,msp,1,0,osm_nodes,22,0.005005,0.0808,
1967,msp,1,0,osm_nodes,22,0.003921,0.0878,
1968,msp,1,0,osm_nodes,22,0.003961,0.0749,
1969,msp,1,0,osm_nodes,20,0.00359,0.0889,
1970,msp,1,0,osm_nodes,20,0.005274,0.0365,
1971,msp,1,0,osm_nodes,19,0.00354,0.1267,
1972,msp,0,0,osm_nodes,15,0.00369,0.1598,
1973,msp,1,0,osm_nodes,16,0.003273,0.0857,
1974,msp,1,0,osm_nodes,14,0.003891,0.071,
1975,msp,1,0,osm_nodes,38,0.016248,0.1366,
1976,msp,1,0,osm_nodes,37,0.015661,0.1143,
1977,msp,1,0,osm_nodes,37,0.015816,0.1205,
1978,msp,1,0,osm_nodes,32,0.015523,0.1449,
1979,msp,1,0,osm_nodes,18,0.015355,0.0974,
1980,msp,1,0,osm_nodes,36,0.019788,0.1608,
1981,msp,1,0,osm_nodes,36,0.020848,0.1842,
1982,msp,1,0,osm_nodes,19,0.018745,0.1557,
1983,msp,1,0,osm_nodes,20,0.018934,0.1512,
1984,msp,1,0,osm_nodes,13,0.017416,0.1782,
1985,msp,1,0,osm_nodes,10,0.016802,0.1834,
1986,msp,1,0,osm_nodes,20,0.019868,0.1497,
1987,msp,1,0,osm_nodes,21,0.01988,0.1642,
1988,msp,1,0,osm_nodes,12,0.016583,0.1974,
1989,msp,1,0,osm_nodes,15,0.017118,0.1929,
1990,msp,1,1,osm_nodes,17,0.010759,0.0941,
1991,msp,0,1,osm_nodes,13,0.008136,0.1892,
1992,msp,1,1,osm_nodes,14,0.007136,0.1669,
1993,msp,1,1,osm_nodes,13,0.006159,0.1885,
1994,msp,1,1,osm_nodes,13,0.006051,0.194,
1995,msp,0,0,osm_nodes,4,0.001447,0.019,
1996,msp,1,0,osm_nodes,24,0.007538,0.118,
1997,msp,1,0,osm_nodes,19,0.007527,0.1015,
1998,msp,1,0,osm_nodes,47,0.016294,0.1671,
1999,msp,1,0,osm_nodes,48,0.016376,0.1572,
2000,msp,0,0,osm_nodes,53,0.011527,0.0376,
2001,msp,1,0,osm_nodes,54,0.011797,0.088,
2002,msp,0,0,osm_nodes,50,0.011358,0.065,
2003,msp,0,0,osm_nodes,30,0.007881,0.067,
2004,msp,1,0,osm_nodes,49,0.011313,0.057,
2005,msp,1,0,osm_nodes,52,0.011218,0.074,
2006,msp,1,0,osm_nodes,40,0.009787,0.0961,
2007,msp,1,0,osm_nodes,29,0.007283,0.1438,
2008,msp,1,0,osm_nodes,46,0.009947,0.1041,
2009,msp,1,0,osm_nodes,46,0.009777,0.108,
2010,msp,0,0,osm_nodes,32,0.007636,0.2968,
2011,msp,0,0,osm_nodes,33,0.007606,0.298,
2012,msp,1,0,osm_nodes,11,0.014827,0.102,
2013,msp,1,0,osm_nodes,10,0.011824,0.0642,
2014,msp,1,0,osm_nodes,10,0.010931,0.055,
2015,msp,1,0,osm_nodes,8,0.008079,0.0259,
2016,msp,1,0,osm_nodes,9,0.009148,0.0236,
2017,msp,1,0,osm_nodes,8,0.007912,0.0159,
2018,msp,0,0,osm_nodes,6,0.009973,0.0,
2019,msp,1,0,osm_nodes,16,0.01183,0.1188,
2020,msp,1,0,osm_nodes,15,0.011966,0.1265,
2021,msp,1,0,osm_nodes,20,0.015232,0.2131,
2022,msp,1,0,osm_nodes,22,0.009623,0.073,
2023,msp,1,0,osm_nodes,24,0.011093,0.1059,
2024,msp,1,0,osm_nodes,9,0.012602,0.0067,
2025,msp,1,0,osm_nodes,9,0.012568,0.0067,
2026,msp,0,0,osm_nodes,18,0.006585,0.0257,
2027,msp,0,0,osm_nodes,19,0.005626,0.0852,
2028,msp,0,0,osm_nodes,30,0.004754,0.371,
2029,msp,0,0,osm_nodes,30,0.004592,0.4049,
2030,msp,1,0,osm_nodes,29,0.002712,0.0,
2031,msp,1,0,osm_nodes,28,0.002527,0.0,
2032,msp,0,0,osm_nodes,29,0.004397,0.4086,
2033,msp,1,0,osm_nodes,29,0.002517,0.0,
2034,msp,1,0,osm_nodes,28,0.002328,0.0,
2035,msp,1,0,osm_nodes,49,0.022516,0.0506,
2036,msp,1,0,osm_nodes,48,0.022493,0.0468,
2037,msp,1,0,osm_nodes,39,0.020115,0.0651,
2038,msp,1,0,osm_nodes,38,0.021141,0.064,
2039,msp,1,0,osm_nodes,43,0.021606,0.0189,
2040,msp,1,0,osm_nodes,34,0.01791,0.0665,
2041,msp,1,0,osm_nodes,31,0.017167,0.0709,
2042,msp,1,0,osm_nodes,32,0.016836,0.1063,
2043,msp,1,0,osm_nodes,32,0.017041,0.1035,
2044,msp,1,0,osm_nodes,28,0.016958,0.099,
2045,msp,1,0,osm_nodes,28,0.015952,0.1181,
2046,msp,1,0,osm_nodes,28,0.016387,0.1254,
2047,msp,1,0,osm_nodes,28,0.017159,0.1316,
2048,msp,1,0,osm_nodes,22,0.017316,0.1238,
2049,msp,1,0,osm_nodes,26,0.018498,0.133,
2050,msp,1,0,osm_nodes,19,0.011427,0.1227,
2051,msp,1,0,osm_nodes,21,0.011446,0.1005,
2052,msp,1,0,osm_nodes,21,0.011698,0.1315,
2053,msp,1,0,osm_nodes,22,0.011462,0.1109,
2054,msp,1,0,osm_nodes,28,0.016565,0.196,
2055,msp,1,0,osm_nodes,29,0.016146,0.2087,
2056,msp,1,0,osm_nodes,28,0.015929,0.2181,
2057,msp,1,0,osm_nodes,28,0.016012,0.2221,
2058,msp,1,0,osm_nodes,27,0.016239,0.2381,
2059,msp,1,0,osm_nodes,30,0.016611,0.2146,
2060,msp,1,0,osm_nodes,27,0.016379,0.2471,
2061,msp,1,0,osm_nodes,27,0.016493,0.2526,
2062,msp,1,0,osm_nodes,29,0.01694,0.2593,
2063,msp,1,0,osm_nodes,43,0.021361,0.2989,
2064,msp,1,0,osm_nodes,47,0.023418,0.2528,
2065,msp,1,0,osm_nodes,39,0.019903,0.2983,
2066,msp,1,0,osm_nodes,42,0.021241,0.2819,
2067,msp,1,0,osm_nodes,37,0.021325,0.1834,
2068,msp,1,0,osm_nodes,34,0.021255,0.2019,
2069,msp,1,0,osm_nodes,32,0.021098,0.197,
2070,msp,1,0,osm_nodes,37,0.022015,0.1486,
2071,msp,1,0,osm_nodes,41,0.024077,0.1497,
2072,msp,1,0,osm_nodes,37,0.0235,0.1588,
2073,msp,1,0,osm_nodes,34,0.021502,0.1638,
2074,msp,1,0,osm_nodes,32,0.0215,0.1776,
2075,msp,1,0,osm_nodes,32,0.021459,0.1911,
2076,msp,1,0,osm_nodes,31,0.021301,0.1897,
2077,msp,1,0,osm_nodes,37,0.024054,0.2138,
2078,msp,1,0,osm_nodes,37,0.023693,0.2132,
2079,msp,1,0,osm_nodes,36,0.021737,0.1554,
2080,msp,1,0,osm_nodes,39,0.024022,0.168,
2081,msp,1,0,osm_nodes,35,0.021482,0.1511,
2082,msp,1,0,osm_nodes,34,0.021482,0.1723,
2083,msp,1,0,osm_nodes,37,0.024016,0.2371,
2084,msp,1,0,osm_nodes,36,0.023892,0.2191,
2085,msp,1,0,osm_nodes,28,0.013069,0.1269,
2086,msp,1,0,osm_nodes,28,0.01265,0.1391,
2087,msp,1,0,osm_nodes,27,0.012813,0.1377,
2088,msp,1,0,osm_nodes,27,0.012816,0.1379,
2089,msp,1,1,osm_nodes,9,0.00405,0.0327,
2090,msp,1,1,osm_nodes,9,0.003767,0.0282,
2091,msp,1,1,osm_nodes,9,0.003638,0.0248,
2092,msp,1,1,osm_nodes,9,0.003463,0.0154,
2093,msp,1,0,osm_nodes,7,0.007945,0.0467,
2094,msp,0,0,osm_nodes,7,0.002771,0.0477,
2095,msp,0,0,osm_nodes,7,0.002974,0.0443,
2096,msp,0,0,osm_nodes,7,0.003135,0.0141,
2097,msp,1,0,osm_nodes,26,0.016267,0.0856,
2098,msp,1,0,osm_nodes,27,0.015484,0.0573,
2099,msp,1,0,osm_nodes,30,0.016315,0.0625,
2100,msp,1,0,osm_nodes,29,0.013375,0.0418,
2101,msp,1,0,osm_nodes,30,0.015273,0.0596,
2102,msp,1,0,osm_nodes,18,0.007677,0.047,
2103,msp,1,0,osm_nodes,32,0.015593,0.0771,
2104,msp,1,0,osm_nodes,33,0.015786,0.0852,
2105,msp,1,0,osm_nodes,33,0.015989,0.0861,
2106,msp,1,0,osm_nodes,33,0.016339,0.0921,
2107,msp,1,0,osm_nodes,34,0.017518,0.0973,
2108,msp,1,0,osm_nodes,34,0.017831,0.0943,
2109,msp,1,0,osm_nodes,35,0.020762,0.1349,
2110,msp,1,0,osm_nodes,35,0.020072,0.1136,
2111,msp,1,0,osm_nodes,35,0.020714,0.1342,
2112,msp,1,0,osm_nodes,34,0.020161,0.1153,
2113,msp,1,0,osm_nodes,34,0.020166,0.1154,
2114,msp,1,0,osm_nodes,35,0.016325,0.111,
2115,msp,1,0,osm_nodes,36,0.016702,0.1094,
2116,msp,1,0,osm_nodes,34,0.020289,0.1165,
2117,msp,1,0,osm_nodes,18,0.009143,0.0923,
2118,msp,1,0,osm_nodes,34,0.021154,0.1533,
2119,msp,1,0,osm_nodes,34,0.020446,0.1256,
2120,msp,0,0,osm_nodes,18,0.00672,0.2109,
2121,msp,1,0,osm_nodes,36,0.021525,0.2199,
2122,msp,1,0,osm_nodes,35,0.02156,0.2146,
2123,msp,1,0,osm_nodes,35,0.021595,0.204,
2124,msp,1,0,osm_nodes,27,0.021307,0.1513,
2125,msp,1,0,osm_nodes,27,0.02132,0.1586,
2126,msp,1,0,osm_nodes,34,0.021611,0.2018,
2127,msp,1,0,osm_nodes,26,0.02131,0.1496,
2128,msp,1,0,osm_nodes,26,0.021322,0.1593,
2129,msp,1,0,osm_nodes,34,0.021595,0.2067,
2130,msp,1,0,osm_nodes,35,0.021571,0.2067,
2131,msp,1,0,osm_nodes,35,0.021527,0.1982,
2132,msp,1,0,osm_nodes,26,0.021111,0.1421,
2133,msp,1,0,osm_nodes,26,0.021111,0.1489,
2134,msp,1,0,osm_nodes,35,0.021475,0.2,
2135,msp,1,0,osm_nodes,26,0.021063,0.1421,
2136,msp,1,0,osm_nodes,26,0.021068,0.1474,
2137,msp,1,0,osm_nodes,19,0.017262,0.1167,
2138,msp,1,0,osm_nodes,19,0.017248,0.109,
2139,msp,1,0,osm_nodes,22,0.018175,0.1402,
2140,msp,1,0,osm_nodes,22,0.018108,0.1299,
2141,msp,1,0,osm_nodes,22,0.018143,0.1313,
2142,msp,1,0,osm_nodes,20,0.018407,0.1209,
2143,msp,1,0,osm_nodes,20,0.018399,0.1139,
2144,msp,1,0,osm_nodes,20,0.018385,0.1234,
2145,msp,1,0,osm_nodes,12,0.012227,0.1529,
2146,msp,1,0,osm_nodes,12,0.012997,0.17,
2147,msp,0,0,osm_nodes,20,0.006058,0.2016,
2148,msp,1,0,osm_nodes,16,0.017076,0.0984,
2149,msp,1,0,osm_nodes,16,0.017397,0.1207,
2150,msp,1,0,osm_nodes,11,0.00611,0.2044,
2151,msp,1,0,osm_nodes,28,0.014929,0.2448,
2152,msp,1,0,osm_nodes,30,0.016103,0.243,
2153,msp,1,0,osm_nodes,18,0.020847,0.1127,
2154,msp,1,0,osm_nodes,13,0.019636,0.1688,
2155,msp,1,0,osm_nodes,14,0.019315,0.1821,
2156,msp,1,0,osm_nodes,22,0.01499,0.1646,
2157,msp,1,0,osm_nodes,16,0.011873,0.1425,
2158,msp,1,0,osm_nodes,16,0.01142,0.1309,
2159,msp,1,0,osm_nodes,15,0.011074,0.129,
2160,msp,1,0,osm_nodes,15,0.010209,0.1185,
2161,msp,1,0,osm_nodes,12,0.010299,0.0856,
2162,msp,1,0,osm_nodes,14,0.009985,0.0923,
2163,msp,1,0,osm_nodes,10,0.010521,0.1384,
2164,msp,0,0,osm_nodes,10,0.007529,0.1104,
2165,msp,1,0,osm_nodes,3,0.010417,0.0,
2166,msp,1,0,osm_nodes,22,0.015344,0.3622,
2167,msp,1,0,osm_nodes,72,0.021344,0.1954,
2168,msp,1,0,osm_nodes,66,0.023519,0.2108,
2169,msp,1,0,osm_nodes,29,0.017607,0.0443,
2170,msp,1,0,osm_nodes,59,0.021712,0.3863,
2171,msp,1,0,osm_nodes,66,0.023111,0.1836,
2172,msp,1,0,osm_nodes,44,0.020166,0.1033,
2173,msp,1,0,osm_nodes,26,0.018265,0.0,
2174,msp,1,0,osm_nodes,65,0.022447,0.1763,
2175,msp,1,0,osm_nodes,44,0.020206,0.094,
2176,msp,1,0,osm_nodes,52,0.021291,0.1735,
2177,msp,1,1,osm_nodes,66,0.025955,0.1785,
2178,msp,1,0,osm_nodes,54,0.021236,0.1673,
2179,msp,1,1,osm_nodes,64,0.026091,0.1902,
2180,msp,1,0,osm_nodes,56,0.021653,0.3782,
2181,msp,1,1,osm_nodes,63,0.025841,0.1771,
2182,msp,1,1,osm_nodes,52,0.021703,0.1583,
2183,msp,1,1,osm_nodes,50,0.021556,0.1582,
2184,msp,1,0,osm_nodes,56,0.025759,0.4258,
2185,msp,1,0,osm_nodes,42,0.020234,0.0775,
2186,msp,1,1,osm_nodes,51,0.021714,0.1522,
2187,msp,1,0,osm_nodes,55,0.025701,0.418,
2188,msp,1,0,osm_nodes,41,0.020251,0.0709,
2189,msp,1,0,osm_nodes,3,0.011204,0.0,
2190,msp,1,1,osm_nodes,60,0.025054,0.1607,
2191,msp,1,1,osm_nodes,57,0.024818,0.1611,
2192,msp,1,1,osm_nodes,48,0.020593,0.1302,
2193,msp,1,0,osm_nodes,43,0.019135,0.388,
2194,msp,1,1,osm_nodes,42,0.019129,0.1382,
2195,msp,1,0,osm_nodes,40,0.015736,0.4838,
2196,msp,1,0,osm_nodes,34,0.018236,0.0437,
2197,msp,1,0,osm_nodes,20,0.015313,0.0,
2198,msp,1,0,osm_nodes,15,0.008218,0.3865,
2199,msp,1,0,osm_nodes,21,0.015107,0.0,
2200,msp,1,0,osm_nodes,20,0.014862,0.0,
2201,msp,1,0,osm_nodes,19,0.014559,0.0,
2202,msp,1,0,osm_nodes,19,0.014588,0.0,
2203,msp,1,0,osm_nodes,19,0.014251,0.0,
2204,msp,1,0,osm_nodes,13,0.014677,0.0653,
2205,msp,1,0,osm_nodes,13,0.01414,0.0602,
2206,msp,1,0,osm_nodes,39,0.018652,0.219,
2207,msp,1,0,osm_nodes,38,0.018618,0.2189,
2208,msp,1,1,osm_nodes,6,0.008459,0.024,
2209,msp,1,1,osm_nodes,6,0.008501,0.0034,
2210,msp,1,0,osm_nodes,13,0.017388,0.0962,
2211,msp,1,1,osm_nodes,6,0.010154,0.0633,
2212,msp,1,1,osm_nodes,5,0.008558,0.0,
2213,msp,1,0,osm_nodes,12,0.01499,0.0336,
2214,msp,1,0,osm_nodes,16,0.018935,0.1271,
2215,msp,1,0,osm_nodes,16,0.018409,0.0899,
2216,msp,1,0,osm_nodes,31,0.022409,0.3032,
2217,msp,1,0,osm_nodes,31,0.021929,0.3266,
2218,msp,1,1,osm_nodes,5,0.010652,0.0554,
2219,msp,1,0,osm_nodes,32,0.022523,0.2988,
2220,msp,0,0,osm_nodes,35,0.023,0.2866,
2221,msp,1,0,osm_nodes,38,0.022767,0.2337,
2222,msp,1,0,osm_nodes,38,0.022995,0.1954,
2223,msp,1,0,osm_nodes,9,0.012429,0.03,
2224,msp,1,0,osm_nodes,30,0.019969,0.2228,
2225,msp,1,0,osm_nodes,57,0.026218,0.1779,
2226,msp,1,0,osm_nodes,53,0.028268,0.2994,
2227,msp,1,0,osm_nodes,15,0.018272,0.0944,
2228,msp,1,1,osm_nodes,19,0.017785,0.0661,
2229,msp,1,1,osm_nodes,19,0.017809,0.0892,
2230,msp,1,0,osm_nodes,14,0.016897,0.0855,
2231,msp,1,0,osm_nodes,8,0.012653,0.018,
2232,msp,1,0,osm_nodes,18,0.021328,0.2742,
2233,msp,1,1,osm_nodes,11,0.015331,0.1167,
2234,msp,1,0,osm_nodes,19,0.021396,0.267,
2235,msp,1,1,osm_nodes,11,0.015347,0.1201,
2236,msp,1,1,osm_nodes,7,0.013873,0.1583,
2237,msp,1,1,osm_nodes,7,0.013914,0.1613,
2238,msp,1,0,osm_nodes,8,0.013725,0.2488,
2239,msp,1,1,osm_nodes,11,0.016414,0.1023,
2240,msp,1,0,osm_nodes,16,0.018086,0.1957,
2241,msp,1,0,osm_nodes,16,0.018665,0.1958,
2242,msp,1,1,osm_nodes,7,0.012374,0.0309,
2243,msp,1,0,osm_nodes,17,0.018735,0.1736,
2244,msp,1,1,osm_nodes,11,0.015772,0.1028,
2245,msp,1,0,osm_nodes,14,0.021296,0.2187,
2246,msp,1,0,osm_nodes,14,0.021226,0.2329,
2247,msp,1,0,osm_nodes,14,0.019299,0.1768,
2248,msp,1,0,osm_nodes,10,0.017664,0.1762,
2249,msp,1,0,osm_nodes,14,0.019313,0.183,
2250,msp,1,1,osm_nodes,12,0.015822,0.0,
2251,msp,1,1,osm_nodes,13,0.016711,0.024,
2252,msp,1,1,osm_nodes,12,0.016215,0.0091,
2253,msp,1,1,osm_nodes,11,0.013381,0.0,
2254,msp,1,0,osm_nodes,18,0.024831,0.2218,
2255,msp,1,0,osm_nodes,17,0.025067,0.2167,
2256,msp,1,0,osm_nodes,18,0.025016,0.2343,
2257,msp,1,0,osm_nodes,21,0.025612,0.2214,
2258,msp,1,0,osm_nodes,20,0.025903,0.2088,
2259,msp,1,0,osm_nodes,20,0.025906,0.2102,
2260,msp,1,0,osm_nodes,21,0.025631,0.2278,
2261,msp,1,0,osm_nodes,72,0.027927,0.2238,
2262,msp,1,0,osm_nodes,32,0.020199,0.2407,
2263,msp,1,0,osm_nodes,46,0.024469,0.0909,
2264,msp,1,0,osm_nodes,65,0.027046,0.1844,
2265,msp,1,0,osm_nodes,48,0.024594,0.1044,
2266,msp,1,0,osm_nodes,63,0.025865,0.31,
2267,msp,1,0,osm_nodes,59,0.025512,0.3377,
2268,msp,1,0,osm_nodes,62,0.023418,0.2978,
2269,msp,1,0,osm_nodes,42,0.024918,0.1877,
2270,msp,1,0,osm_nodes,59,0.023381,0.2923,
2271,msp,1,0,osm_nodes,41,0.024622,0.1843,
2272,msp,1,0,osm_nodes,12,0.012328,0.1137,
2273,msp,1,0,osm_nodes,41,0.02397,0.2314,
2274,msp,1,0,osm_nodes,68,0.026115,0.2538,
2275,msp,1,0,osm_nodes,68,0.026005,0.2665,
2276,msp,1,0,osm_nodes,50,0.023666,0.2713,
2277,msp,1,0,osm_nodes,43,0.024322,0.246,
2278,msp,1,0,osm_nodes,34,0.022353,0.2108,
2279,msp,1,0,osm_nodes,11,0.01181,0.0916,
2280,msp,1,0,osm_nodes,35,0.020619,0.2543,
2281,msp,1,0,osm_nodes,35,0.020528,0.2557,
2282,msp,1,0,osm_nodes,11,0.011803,0.1145,
2283,msp,1,0,osm_nodes,63,0.025282,0.2895,
2284,msp,1,0,osm_nodes,46,0.023228,0.3364,
2285,msp,1,0,osm_nodes,48,0.020921,0.3075,
2286,msp,1,0,osm_nodes,49,0.019848,0.3681,
2287,msp,1,0,osm_nodes,45,0.01962,0.3543,
2288,msp,1,0,osm_nodes,57,0.021554,0.407,
2289,msp,1,0,osm_nodes,43,0.019545,0.2751,
2290,msp,1,0,osm_nodes,37,0.022036,0.2902,
2291,msp,1,0,osm_nodes,38,0.022028,0.2898,
2292,msp,1,0,osm_nodes,40,0.021411,0.3081,
2293,msp,1,0,osm_nodes,19,0.021539,0.1716,
2294,msp,1,0,osm_nodes,38,0.021428,0.3303,
2295,msp,1,0,osm_nodes,40,0.021456,0.3119,
2296,msp,1,0,osm_nodes,40,0.021452,0.313,
2297,msp,1,0,osm_nodes,18,0.02151,0.1704,
2298,msp,1,0,osm_nodes,18,0.021541,0.1686,
2299,msp,1,0,osm_nodes,41,0.018957,0.2669,
2300,msp,1,0,osm_nodes,40,0.021421,0.3156,
2301,msp,1,0,osm_nodes,38,0.018903,0.2624,
2302,msp,1,0,osm_nodes,38,0.021406,0.2711,
2303,msp,1,0,osm_nodes,37,0.02141,0.2674,
2304,msp,1,0,osm_nodes,47,0.01829,0.3535,
2305,msp,1,0,osm_nodes,37,0.021409,0.3058,
2306,msp,1,0,osm_nodes,57,0.019436,0.3723,
2307,msp,1,0,osm_nodes,37,0.021372,0.3077,
2308,msp,1,0,osm_nodes,35,0.020365,0.2713,
2309,msp,1,0,osm_nodes,35,0.020369,0.2615,
2310,msp,1,0,osm_nodes,45,0.018862,0.3678,
2311,msp,1,0,osm_nodes,40,0.018205,0.3731,
2312,msp,1,0,osm_nodes,44,0.016615,0.3547,
2313,msp,1,0,osm_nodes,21,0.021524,0.2052,
2314,msp,1,0,osm_nodes,19,0.021527,0.2126,
2315,msp,1,0,osm_nodes,41,0.018304,0.3625,
2316,msp,1,1,osm_nodes,33,0.021446,0.2597,
2317,msp,1,1,osm_nodes,33,0.021424,0.2787,
2318,msp,1,0,osm_nodes,22,0.021528,0.2309,
2319,msp,1,0,osm_nodes,45,0.017183,0.3361,
2320,msp,1,1,osm_nodes,33,0.021483,0.292,
2321,msp,1,0,osm_nodes,21,0.021528,0.2084,
2322,msp,1,1,osm_nodes,33,0.021421,0.2903,
2323,msp,1,0,osm_nodes,43,0.018525,0.3542,
2324,msp,1,0,osm_nodes,19,0.021525,0.2094,
2325,msp,1,0,osm_nodes,27,0.021563,0.2508,
2326,msp,1,0,osm_nodes,22,0.021526,0.2323,
2327,msp,1,1,osm_nodes,33,0.021463,0.2923,
2328,msp,1,1,osm_nodes,32,0.02126,0.277,
2329,msp,1,0,osm_nodes,28,0.021554,0.3758,
2330,msp,1,0,osm_nodes,29,0.021595,0.3778,
2331,msp,1,0,osm_nodes,28,0.021559,0.3721,
2332,msp,1,0,osm_nodes,27,0.022346,0.2232,
2333,msp,1,0,osm_nodes,28,0.022158,0.2277,
2334,msp,1,0,osm_nodes,28,0.022306,0.2281,
2335,msp,1,0,osm_nodes,31,0.022861,0.2344,
2336,msp,1,0,osm_nodes,33,0.022848,0.2348,
2337,msp,1,0,osm_nodes,32,0.023468,0.2265,
2338,msp,1,0,osm_nodes,28,0.021562,0.3041,
2339,msp,1,0,osm_nodes,29,0.021589,0.3056,
2340,msp,1,0,osm_nodes,55,0.02463,0.3116,
2341,msp,1,0,osm_nodes,59,0.024752,0.2966,
2342,msp,1,0,osm_nodes,46,0.023319,0.2547,
2343,msp,1,0,osm_nodes,47,0.024687,0.2505,
2344,msp,1,0,osm_nodes,45,0.02313,0.2134,
2345,msp,1,0,osm_nodes,51,0.024616,0.1952,
2346,msp,1,0,osm_nodes,50,0.027635,0.234,
2347,msp,1,0,osm_nodes,42,0.027518,0.2505,
2348,msp,1,0,osm_nodes,42,0.027527,0.2525,
2349,msp,1,0,osm_nodes,28,0.021576,0.2263,
2350,msp,1,0,osm_nodes,28,0.021551,0.2394,
2351,msp,1,0,osm_nodes,26,0.021621,0.2256,
2352,msp,1,0,osm_nodes,25,0.02156,0.247,
2353,msp,1,0,osm_nodes,46,0.028196,0.3005,
2354,msp,1,0,osm_nodes,26,0.021629,0.2427,
2355,msp,1,0,osm_nodes,28,0.021567,0.2516,
2356,msp,1,0,osm_nodes,27,0.021627,0.2208,
2357,msp,1,0,osm_nodes,28,0.022668,0.2707,
2358,msp,1,0,osm_nodes,28,0.021564,0.2105,
2359,msp,1,0,osm_nodes,43,0.02542,0.2488,
2360,msp,1,0,osm_nodes,49,0.027577,0.3142,
2361,msp,1,0,osm_nodes,51,0.025907,0.253,
2362,msp,0,0,osm_nodes,53,0.027193,0.2303,
2363,msp,1,0,osm_nodes,54,0.028524,0.225,
2364,msp,1,0,osm_nodes,53,0.027842,0.2241,
2365,msp,1,0,osm_nodes,35,0.021273,0.2446,
2366,msp,1,0,osm_nodes,49,0.0258,0.1937,
2367,msp,1,0,osm_nodes,35,0.021587,0.2311,
2368,msp,0,0,osm_nodes,47,0.022168,0.2545,
2369,msp,1,0,osm_nodes,37,0.018259,0.1919,
2370,msp,1,0,osm_nodes,41,0.01956,0.1967,
2371,msp,1,0,osm_nodes,37,0.021496,0.2649,
2372,msp,1,0,osm_nodes,37,0.021469,0.2565,
2373,msp,1,0,osm_nodes,35,0.021694,0.2338,
2374,msp,1,0,osm_nodes,30,0.022436,0.2297,
2375,msp,1,0,osm_nodes,40,0.022636,0.2193,
2376,msp,1,0,osm_nodes,48,0.024442,0.2327,
2377,msp,1,0,osm_nodes,38,0.018385,0.2358,
2378,msp,1,0,osm_nodes,35,0.018143,0.2301,
2379,msp,1,0,osm_nodes,33,0.022786,0.2369,
2380,msp,1,0,osm_nodes,35,0.021674,0.2559,
2381,msp,1,0,osm_nodes,50,0.024462,0.2165,
2382,msp,1,0,osm_nodes,37,0.021491,0.3003,
2383,msp,1,0,osm_nodes,46,0.021617,0.2563,
2384,msp,1,0,osm_nodes,43,0.019566,0.2253,
2385,msp,1,0,osm_nodes,23,0.021565,0.1901,
2386,msp,1,0,osm_nodes,37,0.021471,0.2739,
2387,msp,1,0,osm_nodes,47,0.025141,0.2112,
2388,msp,1,0,osm_nodes,48,0.024223,0.2004,
2389,msp,1,0,osm_nodes,42,0.02627,0.2632,
2390,msp,1,0,osm_nodes,48,0.028432,0.2118,
2391,msp,1,0,osm_nodes,41,0.02558,0.2889,
2392,msp,1,0,osm_nodes,37,0.023931,0.3078,
2393,msp,1,0,osm_nodes,41,0.025276,0.2993,
2394,msp,1,0,osm_nodes,48,0.02008,0.2764,
2395,msp,1,0,osm_nodes,37,0.022054,0.2755,
2396,msp,1,0,osm_nodes,42,0.024843,0.298,
2397,msp,1,0,osm_nodes,36,0.022485,0.3168,
2398,msp,1,0,osm_nodes,16,0.021537,0.2785,
2399,msp,1,0,osm_nodes,15,0.021563,0.2776,
2400,msp,1,0,osm_nodes,25,0.016898,0.24,
2401,msp,1,0,osm_nodes,47,0.021112,0.2691,
2402,msp,1,0,osm_nodes,35,0.021903,0.255,
2404,msp,1,0,osm_nodes,43,0.024142,0.3062,
2405,msp,1,0,osm_nodes,24,0.016934,0.2485,
2409,msp,1,1,osm_nodes,58,0.022998,0.3408,
2410,msp,1,1,osm_nodes,57,0.022883,0.3368,
2411,msp,1,1,osm_nodes,58,0.02323,0.3125,
2412,msp,1,0,osm_nodes,60,0.022554,0.2822,
2413,msp,1,1,osm_nodes,58,0.023473,0.2971,
2414,msp,1,0,osm_nodes,52,0.019413,0.2979,
2415,msp,1,0,osm_nodes,61,0.023409,0.2605,
2416,msp,1,0,osm_nodes,58,0.02384,0.2589,
2417,msp,1,1,osm_nodes,57,0.023604,0.2811,
2418,msp,1,0,osm_nodes,30,0.020914,0.2107,
2419,msp,1,0,osm_nodes,35,0.025368,0.2914,
2420,msp,1,0,osm_nodes,34,0.025096,0.2848,
2421,msp,1,0,osm_nodes,32,0.025909,0.2717,
2422,msp,1,0,osm_nodes,48,0.020895,0.1825,
2423,msp,1,0,osm_nodes,52,0.020571,0.1855,
2424,msp,1,0,osm_nodes,50,0.018163,0.2511,
2425,msp,1,1,osm_nodes,23,0.018594,0.1099,
2426,msp,1,1,osm_nodes,21,0.01818,0.0723,
2427,msp,1,0,osm_nodes,39,0.019673,0.234,
2428,msp,1,0,osm_nodes,49,0.017513,0.3386,
2429,msp,1,1,osm_nodes,17,0.018305,0.0352,
2430,msp,1,0,osm_nodes,38,0.018269,0.6659,
2431,msp,1,0,osm_nodes,39,0.018175,0.6303,
2432,msp,1,0,osm_nodes,35,0.017652,0.3295,
2433,msp,1,0,osm_nodes,30,0.017485,0.3212,
2434,msp,1,1,osm_nodes,21,0.018804,0.0336,
2435,msp,1,0,osm_nodes,19,0.015759,0.0782,
2436,msp,0,0,osm_nodes,28,0.014834,0.1156,
2437,msp,1,0,osm_nodes,50,0.027551,0.1451,
2438,msp,1,0,osm_nodes,55,0.02829,0.1575,
2439,msp,1,0,osm_nodes,50,0.027608,0.1475,
2440,msp,1,0,osm_nodes,56,0.027845,0.1813,
2441,msp,1,0,osm_nodes,55,0.0289,0.213,
2442,msp,1,0,osm_nodes,55,0.027797,0.1822,
2443,msp,1,0,osm_nodes,55,0.028916,0.2168,
2444,msp,1,0,osm_nodes,59,0.025464,0.2986,
2445,msp,1,0,osm_nodes,59,0.025238,0.2895,
2446,msp,1,0,osm_nodes,53,0.023566,0.224,
2447,msp,1,0,osm_nodes,54,0.024259,0.1945,
2448,msp,1,0,osm_nodes,38,0.022947,0.1944,
2449,msp,1,0,osm_nodes,41,0.023046,0.188,
2450,msp,1,0,osm_nodes,38,0.022957,0.1951,
2451,msp,1,0,osm_nodes,41,0.023023,0.1912,
2452,msp,1,0,osm_nodes,39,0.021998,0.2129,
2453,msp,1,0,osm_nodes,37,0.02223,0.2072,
2454,msp,1,0,osm_nodes,37,0.022198,0.2038,
2455,msp,1,0,osm_nodes,39,0.021875,0.2163,
2456,msp,0,0,osm_nodes,51,0.027278,0.3662,
2457,msp,1,0,osm_nodes,25,0.017667,0.1502,
2458,msp,1,0,osm_nodes,20,0.015385,0.1087,
2459,msp,1,0,osm_nodes,20,0.015568,0.1171,
2460,msp,1,1,osm_nodes,20,0.016631,0.1569,
2461,msp,1,0,osm_nodes,16,0.015243,0.1186,
2462,msp,1,0,osm_nodes,24,0.015706,0.2666,
2463,msp,1,0,osm_nodes,10,0.008152,0.1756,
2464,msp,1,0,osm_nodes,26,0.006882,0.1126,
2465,msp,1,0,osm_nodes,25,0.015137,0.3233,
2466,msp,0,0,osm_nodes,16,0.01365,0.3079,
2467,msp,0,0,osm_nodes,19,0.013657,0.1651,
2468,msp,1,0,osm_nodes,26,0.009103,0.1389,
2469,msp,1,0,osm_nodes,26,0.0094,0.1704,
2470,msp,1,0,osm_nodes,16,0.00515,0.035,
2471,msp,0,0,osm_nodes,10,0.003752,0.3647,
2472,msp,1,0,osm_nodes,11,0.005169,0.1722,
2473,msp,1,1,osm_nodes,12,0.00991,0.3389,
2474,msp,1,1,osm_nodes,14,0.007711,0.1396,
2475,msp,1,1,osm_nodes,9,0.007814,0.1,
2476,msp,1,1,osm_nodes,7,0.007889,0.3717,
2477,msp,1,1,osm_nodes,15,0.009901,0.3322,
2478,msp,1,0,osm_nodes,43,0.0172,0.2282,
2479,msp,1,0,osm_nodes,6,0.006991,0.0,
2480,msp,1,0,osm_nodes,44,0.017647,0.1772,
2481,msp,1,0,osm_nodes,43,0.017637,0.1686,
2482,msp,1,0,osm_nodes,8,0.007235,0.0005,
2483,msp,1,0,osm_nodes,32,0.021108,0.1622,
2484,msp,1,0,osm_nodes,46,0.025927,0.2448,
2485,msp,1,0,osm_nodes,45,0.025139,0.2384,
2486,msp,1,0,osm_nodes,40,0.020849,0.0798,
2487,msp,1,0,osm_nodes,45,0.022654,0.2226,
2488,msp,1,0,osm_nodes,35,0.022262,0.0843,
2489,msp,1,0,osm_nodes,35,0.022038,0.2318,
2490,msp,1,0,osm_nodes,36,0.022335,0.2376,
2491,msp,1,0,osm_nodes,35,0.022094,0.2329,
2492,msp,1,0,osm_nodes,36,0.022341,0.2389,
2493,msp,1,0,osm_nodes,34,0.021817,0.0681,
2494,msp,1,0,osm_nodes,37,0.022558,0.2422,
2495,msp,1,0,osm_nodes,38,0.022412,0.24,
2496,msp,1,0,osm_nodes,38,0.022427,0.2406,
2497,msp,1,0,osm_nodes,37,0.022591,0.2423,
2498,msp,1,0,osm_nodes,29,0.020815,0.0402,
2499,msp,1,0,osm_nodes,22,0.016799,0.0,
2500,msp,1,0,osm_nodes,19,0.015929,0.0,
2501,msp,1,0,osm_nodes,12,0.014006,0.0169,
2502,msp,1,0,osm_nodes,22,0.015772,0.0853,
2503,msp,1,0,osm_nodes,26,0.018142,0.0813,
2504,msp,1,0,osm_nodes,30,0.022419,0.1989,
2505,msp,1,0,osm_nodes,30,0.022108,0.1875,
2506,msp,1,0,osm_nodes,64,0.024937,0.2346,
2507,msp,1,0,osm_nodes,34,0.023485,0.2022,
2508,msp,1,0,osm_nodes,42,0.024652,0.1117,
2509,msp,1,0,osm_nodes,45,0.025396,0.1309,
2510,msp,1,0,osm_nodes,40,0.02462,0.1264,
2511,msp,1,0,osm_nodes,22,0.019906,0.0579,
2512,msp,1,0,osm_nodes,22,0.019847,0.0551,
2513,msp,1,0,osm_nodes,31,0.020837,0.1144,
2514,msp,1,0,osm_nodes,35,0.021708,0.1117,
2515,msp,1,0,osm_nodes,56,0.02145,0.2169,
2516,msp,1,0,osm_nodes,52,0.025891,0.0468,
2517,msp,1,0,osm_nodes,21,0.018766,0.0174,
2518,msp,1,0,osm_nodes,33,0.020511,0.0817,
2519,msp,1,0,osm_nodes,43,0.023637,0.0577,
2520,msp,1,0,osm_nodes,40,0.023982,0.0992,
2521,msp,1,0,osm_nodes,57,0.018615,0.2493,
2522,msp,1,0,osm_nodes,41,0.020219,0.2499,
2523,msp,1,0,osm_nodes,49,0.021738,0.0807,
2524,msp,1,0,osm_nodes,49,0.021689,0.08,
2525,msp,1,0,osm_nodes,51,0.022189,0.0885,
2526,msp,1,0,osm_nodes,59,0.018527,0.2023,
2527,msp,1,0,osm_nodes,58,0.01834,0.2326,
2528,msp,1,0,osm_nodes,53,0.026529,0.0177,
2529,msp,1,0,osm_nodes,50,0.019727,0.2214,
2530,msp,1,0,osm_nodes,50,0.019964,0.2212,
2531,msp,1,0,osm_nodes,46,0.023883,0.0584,
2532,msp,1,0,osm_nodes,45,0.021504,0.2672,
2533,msp,1,0,osm_nodes,44,0.022757,0.2155,
2534,msp,1,0,osm_nodes,42,0.023046,0.1947,
2535,msp,1,0,osm_nodes,44,0.021143,0.2658,
2536,msp,1,0,osm_nodes,44,0.022044,0.2493,
2537,msp,1,0,osm_nodes,40,0.022799,0.109,
2538,msp,1,0,osm_nodes,41,0.022901,0.1206,
2539,msp,1,0,osm_nodes,46,0.023735,0.1558,
2540,msp,1,0,osm_nodes,52,0.018519,0.2091,
2541,msp,1,0,osm_nodes,58,0.01951,0.222,
2542,msp,1,0,osm_nodes,58,0.01892,0.205,
2543,msp,1,0,osm_nodes,53,0.026546,0.0373,
2544,msp,1,0,osm_nodes,50,0.02489,0.0412,
2545,msp,1,0,osm_nodes,46,0.023794,0.2594,
2546,msp,1,0,osm_nodes,44,0.02357,0.2266,
2547,msp,1,0,osm_nodes,47,0.022838,0.2898,
2548,msp,1,0,osm_nodes,43,0.0234,0.1869,
2549,msp,0,0,osm_nodes,54,0.019486,0.2489,
2550,msp,1,0,osm_nodes,55,0.019046,0.2451,
2551,msp,1,0,osm_nodes,43,0.023892,0.2141,
2552,msp,1,0,osm_nodes,40,0.022587,0.091,
2553,msp,1,0,osm_nodes,44,0.023756,0.2661,
2554,msp,1,0,osm_nodes,39,0.022368,0.1041,
2555,msp,1,0,osm_nodes,36,0.022267,0.1038,
2556,msp,1,0,osm_nodes,32,0.02196,0.1276,
2557,msp,1,0,osm_nodes,33,0.02319,0.1347,
2558,msp,1,0,osm_nodes,40,0.021153,0.124,
2559,msp,1,0,osm_nodes,42,0.020798,0.1223,
2561,msp,1,1,osm_nodes,47,0.019776,0.0302,
2562,msp,1,1,osm_nodes,51,0.020855,0.0473,
2563,msp,1,0,osm_nodes,18,0.014219,0.0556,
2564,msp,1,0,osm_nodes,15,0.014986,0.0484,
2565,msp,1,1,osm_nodes,10,0.00955,0.1077,
2566,msp,1,0,osm_nodes,23,0.020102,0.0582,
2567,msp,1,0,osm_nodes,13,0.014886,0.0381,
2568,msp,1,0,osm_nodes,17,0.015832,0.0441,
2569,msp,1,0,osm_nodes,24,0.017816,0.1198,
2570,msp,1,1,osm_nodes,20,0.016592,0.0678,
2571,msp,1,0,osm_nodes,26,0.017867,0.1416,
2572,msp,1,1,osm_nodes,23,0.01755,0.0836,
2573,msp,1,0,osm_nodes,3,0.007729,0.0634,
2575,msp,1,0,osm_nodes,21,0.016033,0.0651,
2576,msp,1,0,osm_nodes,20,0.016081,0.0369,
2577,msp,1,0,osm_nodes,29,0.018286,0.0,
2578,msp,1,0,osm_nodes,34,0.020011,0.0008,
2579,msp,1,0,osm_nodes,22,0.018264,0.0584,
2580,msp,1,0,osm_nodes,43,0.023127,0.0366,
2581,msp,1,0,osm_nodes,20,0.019015,0.0275,
2582,msp,1,0,osm_nodes,47,0.024549,0.0763,
2583,msp,1,0,osm_nodes,46,0.024172,0.0717,
2584,msp,1,0,osm_nodes,21,0.007832,0.0658,
2585,msp,1,0,osm_nodes,21,0.007808,0.0965,
2586,msp,1,1,osm_nodes,10,0.00776,0.0007,
2587,msp,1,0,osm_nodes,20,0.00591,0.4856,
2588,msp,1,0,osm_nodes,20,0.006366,0.4715,
2589,msp,1,0,osm_nodes,20,0.005942,0.4933,
2590,msp,1,0,osm_nodes,34,0.012078,0.124,
2591,msp,1,0,osm_nodes,36,0.012121,0.1238,
2592,msp,1,0,osm_nodes,39,0.011938,0.1064,
2593,msp,1,0,osm_nodes,40,0.011994,0.0933,
2594,msp,1,0,osm_nodes,33,0.012164,0.1089,
2595,msp,1,0,osm_nodes,33,0.012171,0.1042,
2596,msp,1,0,osm_nodes,42,0.012661,0.1498,
2597,msp,1,0,osm_nodes,34,0.012041,0.0611,
2598,msp,1,0,osm_nodes,35,0.012007,0.0594,
2599,msp,1,0,osm_nodes,23,0.010467,0.1574,
2600,msp,1,0,osm_nodes,34,0.012074,0.0826,
2601,msp,1,0,osm_nodes,40,0.012028,0.1444,
2602,msp,1,0,osm_nodes,36,0.011784,0.1737,
2603,msp,1,0,osm_nodes,43,0.012396,0.2014,
2604,msp,1,0,osm_nodes,40,0.011938,0.3165,
2605,msp,1,0,osm_nodes,36,0.011529,0.1208,
2606,msp,1,0,osm_nodes,40,0.012055,0.2582,
2607,msp,1,0,osm_nodes,37,0.011916,0.1989,
2608,msp,1,0,osm_nodes,37,0.011892,0.2042,
2609,msp,1,0,osm_nodes,40,0.012319,0.2904,
2610,msp,1,0,osm_nodes,40,0.010983,0.1747,
2611,msp,1,0,osm_nodes,41,0.010927,0.1885,
2612,msp,1,0,osm_nodes,31,0.011988,0.1806,
2613,msp,1,0,osm_nodes,32,0.011993,0.1834,
2614,msp,1,0,osm_nodes,35,0.008518,0.0912,
2615,msp,1,0,osm_nodes,36,0.010962,0.2299,
2616,msp,1,0,osm_nodes,35,0.012199,0.3242,
2617,msp,1,0,osm_nodes,35,0.011419,0.2201,
2618,msp,1,0,osm_nodes,34,0.011452,0.2159,
2619,msp,1,0,osm_nodes,38,0.012499,0.3093,
2620,msp,1,0,osm_nodes,33,0.007296,0.0837,
2621,msp,1,0,osm_nodes,37,0.012404,0.1482,
2622,msp,1,0,osm_nodes,35,0.007255,0.0869,
2623,msp,1,0,osm_nodes,40,0.012436,0.1482,
2624,msp,1,0,osm_nodes,34,0.01062,0.2982,
2625,msp,1,0,osm_nodes,40,0.012014,0.185,
2626,msp,1,0,osm_nodes,35,0.009868,0.3166,
2627,msp,1,0,osm_nodes,28,0.00644,0.0724,
2628,msp,1,0,osm_nodes,38,0.011614,0.1973,
2629,msp,1,0,osm_nodes,35,0.011142,0.1688,
2630,msp,1,0,osm_nodes,24,0.006478,0.1393,
2631,msp,1,0,osm_nodes,26,0.012225,0.3299,
2632,msp,1,0,osm_nodes,32,0.009987,0.1694,
2633,msp,1,0,osm_nodes,35,0.010699,0.1686,
2634,msp,1,0,osm_nodes,32,0.010049,0.1785,
2635,msp,1,0,osm_nodes,26,0.009215,0.1957,
2636,msp,1,0,osm_nodes,29,0.011552,0.2037,
2637,msp,1,0,osm_nodes,29,0.011297,0.1988,
2638,msp,1,0,osm_nodes,19,0.016873,0.0701,
2639,msp,1,0,osm_nodes,18,0.013726,0.0022,
2640,msp,1,0,osm_nodes,20,0.013166,0.2865,
2641,msp,1,1,osm_nodes,29,0.010828,0.1272,
2642,msp,1,1,osm_nodes,34,0.010801,0.1454,
2643,msp,1,1,osm_nodes,34,0.012654,0.2333,
2644,msp,1,0,osm_nodes,48,0.014754,0.2909,
2645,msp,1,0,osm_nodes,48,0.015312,0.2636,
2646,msp,0,0,osm_nodes,14,0.0,0.2703,
2647,msp,1,0,osm_nodes,46,0.017162,0.4895,
2648,msp,0,0,osm_nodes,13,0.0,0.264,
2649,msp,0,0,osm_nodes,16,0.0,0.2555,
2650,msp,0,0,osm_nodes,19,0.0,0.2664,
2651,msp,1,0,osm_nodes,41,0.016452,0.4305,
2653,msp,1,0,osm_nodes,9,0.008495,0.2797,
2654,msp,1,0,osm_nodes,21,0.018802,0.1511,
2656,msp,1,0,osm_nodes,30,0.025307,0.3571,
2657,msp,1,0,osm_nodes,31,0.016869,0.2027,
2660,msp,1,0,osm_nodes,46,0.016827,0.2898,
2662,msp,1,0,osm_nodes,29,0.016642,0.2381,
2663,msp,1,0,osm_nodes,35,0.025649,0.3627,
2664,msp,1,0,osm_nodes,35,0.025733,0.3858,
2665,msp,1,0,osm_nodes,21,0.018934,0.1527,
2668,msp,1,0,osm_nodes,35,0.025754,0.3653,
2669,msp,1,0,osm_nodes,42,0.015414,0.2797,
2670,msp,1,0,osm_nodes,18,0.010993,0.0691,
2671,msp,1,0,osm_nodes,22,0.011343,0.0711,
2672,msp,1,0,osm_nodes,24,0.011879,0.068,
2673,msp,0,0,osm_nodes,19,0.010617,0.0,
2674,msp,1,0,osm_nodes,60,0.027348,0.1642,
2675,msp,1,0,osm_nodes,61,0.027529,0.1738,
2676,msp,1,0,osm_nodes,57,0.026615,0.3335,
2677,msp,1,0,osm_nodes,57,0.026776,0.325,
2678,msp,1,0,osm_nodes,48,0.023158,0.2338,
2679,msp,1,0,osm_nodes,46,0.021476,0.253,
2680,msp,1,0,osm_nodes,47,0.021541,0.2393,
2681,msp,1,0,osm_nodes,32,0.017805,0.2381,
2682,msp,1,0,osm_nodes,57,0.027424,0.3057,
2683,msp,1,0,osm_nodes,57,0.027427,0.2977,
2684,msp,1,0,osm_nodes,57,0.026803,0.0639,
2685,msp,1,0,osm_nodes,65,0.029188,0.1702,
2686,msp,1,0,osm_nodes,54,0.025233,0.1121,
2687,msp,1,0,osm_nodes,65,0.029348,0.1615,
2688,msp,1,0,osm_nodes,51,0.023565,0.1367,
2689,msp,1,0,osm_nodes,33,0.017238,0.1412,
2690,msp,1,0,osm_nodes,39,0.022009,0.1366,
2691,msp,1,1,osm_nodes,51,0.029334,0.1699,
2692,msp,1,1,osm_nodes,55,0.028006,0.3007,
2693,msp,1,0,osm_nodes,46,0.026827,0.0066,
2694,msp,1,0,osm_nodes,41,0.020306,0.0,
2695,msp,1,1,osm_nodes,53,0.027809,0.3444,
2696,msp,1,0,osm_nodes,51,0.029479,0.0041,
2697,msp,1,1,osm_nodes,46,0.027498,0.1479,
2698,msp,1,0,osm_nodes,50,0.02968,0.0159,
2699,msp,1,0,osm_nodes,48,0.028274,0.0018,
2700,msp,1,0,osm_nodes,49,0.026865,0.0746,
2701,msp,1,0,osm_nodes,47,0.027186,0.0387,
2702,msp,1,0,osm_nodes,45,0.028649,0.0232,
2703,msp,1,0,osm_nodes,43,0.025872,0.0838,
2704,msp,1,0,osm_nodes,44,0.026304,0.0114,
2705,msp,1,0,osm_nodes,45,0.026639,0.049,
2706,msp,1,0,osm_nodes,45,0.026299,0.0532,
2707,msp,1,0,osm_nodes,45,0.025613,0.134,
2708,msp,1,0,osm_nodes,47,0.025627,0.1944,
2709,msp,1,0,osm_nodes,48,0.027038,0.1339,
2710,msp,1,0,osm_nodes,56,0.025882,0.3486,
2711,msp,1,0,osm_nodes,48,0.026009,0.2069,
2712,msp,1,0,osm_nodes,47,0.026952,0.1258,
2713,msp,1,0,osm_nodes,52,0.026918,0.2136,
2714,msp,1,0,osm_nodes,46,0.020241,0.2065,
2715,msp,1,0,osm_nodes,55,0.026482,0.3172,
2716,msp,1,0,osm_nodes,57,0.027646,0.231,
2717,msp,1,0,osm_nodes,55,0.026575,0.2923,
2718,msp,1,0,osm_nodes,55,0.026705,0.2871,
2719,msp,1,0,osm_nodes,44,0.019531,0.1857,
2720,msp,1,0,osm_nodes,53,0.021026,0.1909,
2721,msp,1,0,osm_nodes,44,0.020009,0.1907,
2722,msp,1,0,osm_nodes,66,0.027506,0.2365,
2723,msp,1,0,osm_nodes,59,0.024691,0.2438,
2724,msp,1,0,osm_nodes,58,0.023971,0.2299,
2727,msp,1,0,osm_nodes,44,0.017657,0.3581,
2728,msp,1,0,osm_nodes,43,0.017753,0.3024,
2729,msp,1,0,osm_nodes,43,0.017328,0.3539,
2730,msp,1,0,osm_nodes,41,0.011671,0.2074,
2731,msp,1,0,osm_nodes,41,0.011632,0.2065,
2732,msp,1,0,osm_nodes,34,0.010986,0.2191,
2733,msp,1,0,osm_nodes,34,0.011215,0.2076,
2734,msp,1,0,osm_nodes,37,0.011271,0.1799,
2735,msp,1,0,osm_nodes,36,0.011319,0.1616,
2736,msp,1,0,osm_nodes,42,0.012074,0.1254,
2737,msp,1,0,osm_nodes,38,0.011378,0.1176,
2738,msp,1,0,osm_nodes,27,0.00617,0.3274,
2739,msp,1,0,osm_nodes,16,0.006282,0.1314,
2740,msp,0,0,osm_nodes,18,0.008066,0.4856,
2741,msp,1,0,osm_nodes,18,0.007215,0.1826,
2742,msp,1,0,osm_nodes,19,0.007284,0.2192,
2743,msp,1,0,osm_nodes,18,0.006199,0.246,
2744,msp,1,0,osm_nodes,19,0.006082,0.1942,
2745,msp,1,0,osm_nodes,54,0.021272,0.1894,
2746,msp,1,0,osm_nodes,15,0.005788,0.2362,
2747,msp,1,0,osm_nodes,48,0.017751,0.1819,
2748,msp,1,0,osm_nodes,49,0.018352,0.1813,
2749,msp,1,0,osm_nodes,47,0.01756,0.1867,
2750,msp,1,0,osm_nodes,53,0.019266,0.1867,
2751,msp,1,0,osm_nodes,57,0.021998,0.2029,
2752,msp,1,0,osm_nodes,48,0.018252,0.1975,
2753,msp,1,0,osm_nodes,63,0.02328,0.2253,
2754,msp,1,0,osm_nodes,54,0.019324,0.2494,
2755,msp,1,0,osm_nodes,59,0.020392,0.2335,
2756,msp,1,0,osm_nodes,31,0.01625,0.1805,
2757,msp,1,0,osm_nodes,32,0.016674,0.1824,
2758,msp,1,0,osm_nodes,13,0.004882,0.1312,
2759,msp,1,0,osm_nodes,15,0.004907,0.2631,
2760,msp,1,0,osm_nodes,40,0.018833,0.3716,
2761,msp,1,0,osm_nodes,39,0.01831,0.3708,
2762,msp,1,0,osm_nodes,41,0.019937,0.1401,
2763,msp,1,0,osm_nodes,36,0.019899,0.1417,
2764,msp,1,0,osm_nodes,28,0.019249,0.1376,
2765,msp,1,0,osm_nodes,38,0.018233,0.3939,
2766,msp,1,0,osm_nodes,41,0.019618,0.3772,
2767,msp,1,0,osm_nodes,29,0.01793,0.1606,
2768,msp,1,0,osm_nodes,26,0.018698,0.1572,
2769,msp,1,0,osm_nodes,48,0.021075,0.1416,
2770,msp,1,0,osm_nodes,6,0.003302,0.2821,
2771,msp,1,0,osm_nodes,52,0.020971,0.1468,
2772,msp,1,0,osm_nodes,11,0.0095,0.0,
2773,msp,1,0,osm_nodes,50,0.018643,0.2472,
2774,msp,1,0,osm_nodes,55,0.018648,0.0,
2775,msp,1,0,osm_nodes,50,0.019344,0.2473,
2776,msp,1,0,osm_nodes,35,0.012171,0.0025,
2777,msp,1,0,osm_nodes,29,0.017789,0.2531,
2778,msp,1,0,osm_nodes,31,0.017326,0.2313,
2779,msp,1,0,osm_nodes,32,0.017654,0.1687,
2780,msp,1,0,osm_nodes,31,0.017238,0.2296,
2781,msp,1,0,osm_nodes,32,0.017134,0.0766,
2782,msp,1,0,osm_nodes,29,0.016453,0.1255,
2783,msp,1,0,osm_nodes,29,0.01651,0.1118,
2784,msp,0,0,osm_nodes,29,0.017209,0.0,
2785,msp,0,0,osm_nodes,27,0.017292,0.0,
2786,msp,0,0,osm_nodes,40,0.019787,0.028,
2787,msp,0,0,osm_nodes,40,0.01912,0.0303,
2788,msp,0,0,osm_nodes,42,0.018748,0.0303,
2789,msp,0,0,osm_nodes,43,0.01862,0.0303,
2790,msp,0,0,osm_nodes,41,0.018434,0.0303,
2791,msp,0,0,osm_nodes,40,0.017695,0.0303,
2792,msp,1,0,osm_nodes,37,0.01293,0.1776,
2793,msp,0,0,osm_nodes,36,0.014414,0.0988,
2794,msp,0,0,osm_nodes,41,0.017012,0.0303,
2795,msp,1,0,osm_nodes,39,0.016184,0.1347,
2796,msp,1,1,osm_nodes,35,0.01901,0.0643,
2797,msp,1,1,osm_nodes,39,0.01919,0.0627,
2798,msp,1,1,osm_nodes,37,0.019042,0.0627,
2799,msp,1,0,osm_nodes,41,0.016875,0.2059,
2800,msp,1,0,osm_nodes,37,0.016321,0.2944,
2801,msp,1,1,osm_nodes,36,0.019735,0.0788,
2802,msp,1,0,osm_nodes,54,0.018577,0.2197,
2803,msp,1,1,osm_nodes,37,0.020266,0.1186,
2804,msp,1,1,osm_nodes,41,0.020682,0.1128,
2805,msp,1,0,osm_nodes,45,0.021209,0.1853,
2806,msp,1,1,osm_nodes,41,0.020603,0.1097,
2807,msp,1,0,osm_nodes,41,0.020678,0.1143,
2808,msp,1,0,osm_nodes,45,0.018756,0.2203,
2809,msp,1,0,osm_nodes,38,0.020607,0.1094,
2810,msp,1,0,osm_nodes,39,0.020088,0.1051,
2811,msp,1,0,osm_nodes,46,0.019057,0.1834,
2812,msp,1,0,osm_nodes,43,0.018811,0.2081,
2813,msp,1,0,osm_nodes,45,0.019131,0.1782,
2814,msp,0,0,osm_nodes,49,0.021708,0.1956,
2815,msp,0,0,osm_nodes,45,0.021457,0.1535,
2816,msp,0,0,osm_nodes,46,0.02172,0.1653,
2817,msp,0,0,osm_nodes,49,0.02194,0.1915,
2818,msp,0,0,osm_nodes,48,0.021979,0.1936,
2819,msp,1,0,osm_nodes,31,0.019677,0.1437,
2820,msp,1,0,osm_nodes,35,0.018967,0.1369,
2821,msp,1,0,osm_nodes,44,0.021675,0.1578,
2822,msp,1,0,osm_nodes,46,0.022122,0.1368,
2823,msp,1,0,osm_nodes,29,0.02007,0.1421,
2824,msp,0,0,osm_nodes,30,0.020431,0.1774,
2825,msp,1,0,osm_nodes,31,0.020289,0.1711,
2826,msp,1,0,osm_nodes,31,0.020182,0.1588,
2827,msp,1,0,osm_nodes,19,0.024494,0.1563,
2828,msp,1,0,osm_nodes,17,0.023267,0.1751,
2829,msp,1,0,osm_nodes,25,0.019959,0.1825,
2830,msp,1,0,osm_nodes,25,0.019994,0.1625,
2831,msp,1,0,osm_nodes,25,0.020003,0.1631,
2832,msp,1,0,osm_nodes,25,0.019975,0.1825,
2833,msp,1,0,osm_nodes,19,0.024317,0.1613,
2834,msp,1,0,osm_nodes,20,0.025776,0.1317,
2835,msp,1,0,osm_nodes,24,0.019792,0.1577,
2836,msp,1,0,osm_nodes,25,0.020587,0.1896,
2837,msp,1,0,osm_nodes,17,0.017851,0.1851,
2838,msp,1,0,osm_nodes,23,0.019703,0.1774,
2839,msp,1,1,osm_nodes,19,0.013267,0.0,
2840,msp,1,1,osm_nodes,19,0.013298,0.0,
2841,msp,1,0,osm_nodes,7,0.012048,0.0868,
2842,msp,1,0,osm_nodes,8,0.013011,0.0701,
2843,msp,0,0,osm_nodes,38,0.017929,0.1093,
2844,msp,1,0,osm_nodes,38,0.018337,0.0974,
2845,msp,1,0,osm_nodes,41,0.017797,0.0809,
2846,msp,1,0,osm_nodes,36,0.01756,0.0581,
2847,msp,1,0,osm_nodes,40,0.017757,0.0798,
2848,msp,1,0,osm_nodes,37,0.017561,0.1135,
2849,msp,1,0,osm_nodes,36,0.017539,0.0569,
2850,msp,1,0,osm_nodes,40,0.016841,0.1112,
2851,msp,1,0,osm_nodes,40,0.016804,0.1139,
2852,msp,1,0,osm_nodes,37,0.01643,0.075,
2853,msp,1,0,osm_nodes,37,0.016375,0.0754,
2854,msp,1,0,osm_nodes,18,0.017012,0.0,
2855,msp,1,0,osm_nodes,15,0.015184,0.0965,
2856,msp,1,0,osm_nodes,27,0.018916,0.2215,
2857,msp,0,0,osm_nodes,11,0.006601,0.0,
2858,msp,1,0,osm_nodes,32,0.021301,0.0881,
2859,msp,1,0,osm_nodes,34,0.02143,0.0897,
2860,msp,1,0,osm_nodes,35,0.022014,0.093,
2861,msp,1,0,osm_nodes,39,0.024168,0.0927,
2862,msp,1,0,osm_nodes,32,0.024774,0.2036,
2863,msp,1,0,osm_nodes,58,0.030987,0.0722,
2864,msp,1,0,osm_nodes,52,0.030807,0.0704,
2865,msp,1,0,osm_nodes,30,0.02353,0.162,
2866,msp,1,0,osm_nodes,26,0.022176,0.1646,
2867,msp,1,0,osm_nodes,53,0.030485,0.0692,
2868,msp,1,0,osm_nodes,29,0.022747,0.1594,
2869,msp,1,0,osm_nodes,27,0.021295,0.1677,
2870,msp,1,0,osm_nodes,45,0.027738,0.0807,
2871,msp,1,0,osm_nodes,38,0.019065,0.1278,
2872,msp,1,0,osm_nodes,37,0.018908,0.1343,
2873,msp,1,0,osm_nodes,33,0.016902,0.0788,
2874,msp,1,0,osm_nodes,33,0.017692,0.1101,
2875,msp,1,0,osm_nodes,41,0.017434,0.0206,
2876,msp,1,0,osm_nodes,31,0.015193,0.0568,
2877,msp,1,0,osm_nodes,31,0.01509,0.0753,
2878,msp,1,0,osm_nodes,39,0.015181,0.0346,
2879,msp,1,0,osm_nodes,32,0.014151,0.0341,
2880,msp,1,0,osm_nodes,38,0.017763,0.0841,
2881,msp,1,0,osm_nodes,36,0.013923,0.029,
2882,msp,1,0,osm_nodes,22,0.010537,0.0654,
2883,msp,1,0,osm_nodes,39,0.017885,0.1046,
2884,msp,1,0,osm_nodes,23,0.010049,0.0862,
2885,msp,1,0,osm_nodes,32,0.013991,0.0769,
2886,msp,1,0,osm_nodes,30,0.013772,0.0615,
2887,msp,1,0,osm_nodes,32,0.013736,0.0522,
2888,msp,1,0,osm_nodes,31,0.013064,0.0145,
2889,msp,1,0,osm_nodes,33,0.013518,0.0819,
2890,msp,0,0,osm_nodes,23,0.009538,0.0824,
2891,msp,1,0,osm_nodes,38,0.014828,0.144,
2892,msp,0,0,osm_nodes,32,0.012554,0.0787,
2893,msp,1,0,osm_nodes,36,0.013625,0.1104,
2894,msp,1,0,osm_nodes,38,0.014169,0.1411,
2895,msp,0,0,osm_nodes,30,0.011186,0.1273,
2896,msp,0,0,osm_nodes,28,0.005673,0.1642,
2897,msp,0,0,osm_nodes,30,0.00484,0.1258,
2898,msp,0,0,osm_nodes,36,0.00893,0.3983,
2899,msp,0,0,osm_nodes,37,0.009338,0.3269,
2900,msp,0,0,osm_nodes,35,0.00881,0.3326,
2901,msp,0,0,osm_nodes,29,0.008668,0.1692,
2902,msp,1,0,osm_nodes,34,0.021228,0.1395,
2903,msp,1,0,osm_nodes,35,0.022457,0.1211,
2904,msp,1,0,osm_nodes,30,0.017262,0.1769,
2905,msp,1,0,osm_nodes,31,0.021388,0.0977,
2906,msp,1,0,osm_nodes,30,0.019348,0.0938,
2907,msp,1,0,osm_nodes,25,0.009779,0.1046,
2908,msp,1,0,osm_nodes,34,0.014935,0.2453,
2909,msp,1,0,osm_nodes,27,0.009734,0.1109,
2910,msp,1,0,osm_nodes,29,0.010035,0.1182,
2911,msp,1,0,osm_nodes,26,0.009978,0.1246,
2912,msp,1,0,osm_nodes,73,0.029807,0.441,
2913,msp,1,0,osm_nodes,40,0.011441,0.0,
2914,msp,1,0,osm_nodes,39,0.011251,0.0,
2915,msp,1,0,osm_nodes,40,0.011239,0.0,
2916,msp,1,0,osm_nodes,42,0.011592,0.0,
2917,msp,1,0,osm_nodes,42,0.011343,0.0,
2918,msp,1,0,osm_nodes,43,0.011304,0.0,
2919,msp,1,0,osm_nodes,53,0.011197,0.0,
2920,msp,1,1,osm_nodes,60,0.028458,0.387,
2921,msp,1,1,osm_nodes,62,0.028152,0.3927,
2922,msp,1,0,osm_nodes,90,0.037163,0.3246,
2923,msp,1,0,osm_nodes,89,0.035775,0.3021,
2924,msp,1,0,osm_nodes,37,0.008719,0.0,
2925,msp,1,0,osm_nodes,97,0.0365,0.3074,
2926,msp,1,1,osm_nodes,81,0.035368,0.4508,
2927,msp,1,1,osm_nodes,81,0.03479,0.4418,
2928,msp,1,0,osm_nodes,89,0.034092,0.3309,
2929,msp,1,0,osm_nodes,47,0.023556,0.169,
2930,msp,1,0,osm_nodes,89,0.035689,0.3471,
2931,msp,1,0,osm_nodes,47,0.023327,0.2137,
2932,msp,0,0,osm_nodes,44,0.010091,0.0,
2933,msp,1,1,osm_nodes,81,0.030671,0.2865,
2934,msp,1,0,osm_nodes,88,0.035191,0.3183,
2935,msp,1,0,osm_nodes,34,0.015329,0.2017,
2936,msp,1,0,osm_nodes,43,0.020147,0.1448,
2937,msp,1,0,osm_nodes,69,0.03111,0.2878,
2938,msp,1,0,osm_nodes,55,0.027578,0.2592,
2939,msp,1,0,osm_nodes,17,0.010935,0.0239,
2940,msp,1,0,osm_nodes,24,0.012685,0.2796,
2941,msp,1,0,osm_nodes,26,0.012371,0.0717,
2942,msp,1,0,osm_nodes,29,0.012128,0.0482,
2943,msp,1,0,osm_nodes,29,0.012122,0.0463,
2944,msp,1,0,osm_nodes,25,0.010916,0.2346,
2945,msp,1,0,osm_nodes,25,0.010812,0.2206,
2946,msp,1,0,osm_nodes,21,0.010333,0.1543,
2947,msp,1,0,osm_nodes,23,0.010336,0.2474,
2948,msp,1,0,osm_nodes,23,0.010445,0.3802,
2949,msp,0,0,osm_nodes,19,0.006215,0.0765,
2950,msp,1,0,osm_nodes,26,0.010237,0.2881,
2951,msp,1,0,osm_nodes,26,0.010152,0.334,
2952,msp,0,0,osm_nodes,15,0.005919,0.1568,
2953,msp,0,0,osm_nodes,16,0.006182,0.1667,
2954,msp,0,0,osm_nodes,17,0.006214,0.1676,
2955,msp,1,0,osm_nodes,25,0.007431,0.1403,
2956,msp,1,0,osm_nodes,24,0.007558,0.1534,
2957,msp,1,0,osm_nodes,25,0.007885,0.1734,
2958,msp,1,1,osm_nodes,19,0.006621,0.155,
2959,msp,1,1,osm_nodes,19,0.006615,0.1686,
2960,msp,1,0,osm_nodes,29,0.010173,0.2742,
2961,msp,1,0,osm_nodes,30,0.010454,0.2855,
2962,msp,1,0,osm_nodes,30,0.010474,0.294,
2963,msp,1,0,osm_nodes,19,0.006647,0.1588,
2964,msp,1,0,osm_nodes,20,0.006715,0.148,
2965,msp,1,0,osm_nodes,25,0.00844,0.3108,
2966,msp,1,1,osm_nodes,49,0.018308,0.1725,
2967,msp,1,1,osm_nodes,45,0.016287,0.1985,
2968,msp,1,0,osm_nodes,41,0.016233,0.1003,
2969,msp,1,1,osm_nodes,35,0.015077,0.1699,
2970,msp,1,0,osm_nodes,23,0.013381,0.222,
2971,msp,1,0,osm_nodes,24,0.016243,0.0754,
2972,msp,0,0,osm_nodes,34,0.010269,0.3281,
2973,msp,1,0,osm_nodes,34,0.019681,0.1229,
2974,msp,1,0,osm_nodes,33,0.020503,0.1138,
2975,msp,0,0,osm_nodes,25,0.012584,0.0086,
2976,msp,0,0,osm_nodes,12,0.002618,0.0,
2977,msp,1,0,osm_nodes,24,0.016771,0.1069,
2978,msp,1,0,osm_nodes,7,0.009382,0.0062,
2979,msp,1,0,osm_nodes,12,0.013134,0.0313,
2980,msp,1,0,osm_nodes,17,0.015516,0.0591,
2981,msp,1,0,osm_nodes,21,0.016452,0.0618,
2982,msp,1,0,osm_nodes,27,0.02059,0.1475,
2983,msp,1,0,osm_nodes,29,0.020545,0.1187,
2984,msp,1,0,osm_nodes,26,0.019867,0.0762,
2985,msp,1,0,osm_nodes,26,0.020014,0.081,
2986,msp,1,0,osm_nodes,27,0.020679,0.082,
2987,msp,1,0,osm_nodes,26,0.020708,0.0801,
2988,msp,1,0,osm_nodes,26,0.020604,0.0871,
2989,msp,1,0,osm_nodes,29,0.020965,0.1205,
2990,msp,1,1,osm_nodes,48,0.022896,0.3068,
2991,msp,1,0,osm_nodes,19,0.019224,0.1482,
2992,msp,1,1,osm_nodes,38,0.021046,0.2809,
2993,msp,1,0,osm_nodes,21,0.01949,0.1476,
2994,msp,1,0,osm_nodes,25,0.019154,0.1496,
2995,msp,1,1,osm_nodes,39,0.020084,0.2024,
2996,msp,1,0,osm_nodes,22,0.019341,0.1594,
2997,msp,1,1,osm_nodes,39,0.019995,0.1945,
2998,msp,1,1,osm_nodes,35,0.019359,0.1911,
2999,msp,0,0,osm_nodes,33,0.023832,0.2266,
3000,msp,1,0,osm_nodes,36,0.022058,0.1943,
3001,msp,1,0,osm_nodes,36,0.02209,0.1928,
3002,msp,1,0,osm_nodes,37,0.020251,0.1656,
3003,msp,1,0,osm_nodes,37,0.020298,0.1704,
3004,msp,1,0,osm_nodes,38,0.020429,0.185,
3005,msp,1,0,osm_nodes,37,0.021053,0.1835,
3006,msp,1,0,osm_nodes,37,0.020426,0.1903,
3007,msp,1,0,osm_nodes,26,0.018398,0.0932,
3008,msp,1,0,osm_nodes,36,0.022017,0.1771,
3009,msp,1,0,osm_nodes,20,0.015348,0.0687,
3010,msp,1,0,osm_nodes,33,0.019309,0.1158,
3011,msp,1,0,osm_nodes,17,0.013182,0.0426,
3012,msp,1,0,osm_nodes,18,0.014377,0.0316,
3013,msp,1,0,osm_nodes,44,0.023307,0.3102,
3014,msp,1,0,osm_nodes,51,0.024039,0.3123,
3015,msp,1,0,osm_nodes,48,0.023715,0.3126,
3016,msp,1,0,osm_nodes,52,0.023896,0.3063,
3017,msp,1,0,osm_nodes,54,0.025506,0.2858,
3018,msp,1,0,osm_nodes,23,0.013929,0.0513,
3019,msp,1,0,osm_nodes,21,0.013748,0.011,
3020,msp,1,0,osm_nodes,55,0.024118,0.2966,
3021,msp,1,0,osm_nodes,47,0.021594,0.3223,
3022,msp,1,0,osm_nodes,55,0.023911,0.314,
3023,msp,1,0,osm_nodes,40,0.023677,0.2148,
3024,msp,1,0,osm_nodes,37,0.023464,0.1961,
3025,msp,1,0,osm_nodes,38,0.022889,0.1312,
3026,msp,1,0,osm_nodes,25,0.020868,0.1395,
3027,msp,1,0,osm_nodes,25,0.021365,0.1117,
3028,msp,1,0,osm_nodes,38,0.022914,0.1321,
3029,msp,1,0,osm_nodes,38,0.023274,0.1942,
3030,msp,1,0,osm_nodes,30,0.021886,0.1207,
3031,msp,1,0,osm_nodes,30,0.021881,0.1238,
3032,msp,1,0,osm_nodes,28,0.021703,0.1421,
3033,msp,1,0,osm_nodes,36,0.022377,0.1424,
3034,msp,1,0,osm_nodes,39,0.022268,0.1874,
3035,msp,1,0,osm_nodes,39,0.02215,0.1883,
3036,msp,1,0,osm_nodes,38,0.021887,0.1547,
3037,msp,1,0,osm_nodes,38,0.021505,0.1632,
3038,msp,1,0,osm_nodes,39,0.021036,0.1718,
3039,msp,1,0,osm_nodes,39,0.020989,0.1902,
3040,msp,1,0,osm_nodes,39,0.02047,0.1869,
3041,msp,1,0,osm_nodes,36,0.019975,0.2271,
3042,msp,1,0,osm_nodes,35,0.019135,0.2228,
3043,msp,1,0,osm_nodes,35,0.018411,0.2317,
3044,msp,1,0,osm_nodes,32,0.017644,0.2473,
3045,msp,1,0,osm_nodes,49,0.022078,0.1743,
3046,msp,1,0,osm_nodes,47,0.021337,0.2327,
3047,msp,1,0,osm_nodes,35,0.020104,0.0727,
3048,msp,1,0,osm_nodes,37,0.019671,0.0192,
3049,msp,1,0,osm_nodes,38,0.019294,0.0344,
3050,msp,1,0,osm_nodes,38,0.019247,0.0356,
3051,msp,1,0,osm_nodes,35,0.018022,0.0638,
3052,msp,1,0,osm_nodes,34,0.018017,0.0379,
3053,msp,1,0,osm_nodes,34,0.017965,0.0352,
3054,msp,1,0,osm_nodes,35,0.017345,0.0106,
3055,msp,1,0,osm_nodes,35,0.017257,0.009,
3056,msp,1,0,osm_nodes,31,0.01769,0.0277,
3057,msp,1,0,osm_nodes,34,0.017327,0.0119,
3058,msp,0,0,osm_nodes,33,0.01658,0.0,
3059,msp,1,0,osm_nodes,31,0.017519,0.0094,
3060,msp,1,0,osm_nodes,45,0.008891,0.1053,
3061,msp,1,0,osm_nodes,45,0.008828,0.1109,
3062,msp,1,0,osm_nodes,39,0.008768,0.1447,
3063,msp,1,0,osm_nodes,41,0.008495,0.1483,
3064,msp,0,0,osm_nodes,38,0.007856,0.192,
3065,msp,0,0,osm_nodes,30,0.006261,0.212,
3066,msp,0,0,osm_nodes,30,0.00626,0.2366,
3067,msp,0,0,osm_nodes,25,0.005607,0.2945,
3068,msp,0,0,osm_nodes,28,0.007983,0.0561,
3069,msp,0,0,osm_nodes,22,0.004991,0.2797,
3070,msp,0,0,osm_nodes,23,0.007039,0.0524,
3071,msp,0,0,osm_nodes,21,0.004684,0.0314,
3072,msp,1,0,osm_nodes,29,0.016426,0.093,
3073,msp,1,0,osm_nodes,30,0.017424,0.1622,
3074,msp,1,0,osm_nodes,30,0.017888,0.2223,
3075,msp,1,0,osm_nodes,30,0.017433,0.1929,
3076,msp,1,0,osm_nodes,29,0.016451,0.1193,
3077,msp,1,0,osm_nodes,29,0.016136,0.1024,
3078,msp,1,0,osm_nodes,28,0.016052,0.1097,
3079,msp,1,0,osm_nodes,28,0.016292,0.1298,
3080,msp,1,0,osm_nodes,28,0.016171,0.1237,
3081,msp,1,0,osm_nodes,23,0.017841,0.1697,
3082,msp,1,0,osm_nodes,23,0.018619,0.159,
3083,msp,1,0,osm_nodes,23,0.018671,0.1571,
3084,msp,1,0,osm_nodes,23,0.018126,0.1568,
3085,msp,1,0,osm_nodes,22,0.018174,0.1551,
3086,msp,1,0,osm_nodes,21,0.018911,0.1464,
3087,msp,1,0,osm_nodes,21,0.018538,0.1384,
3088,msp,1,0,osm_nodes,22,0.019491,0.1392,
3089,msp,1,0,osm_nodes,22,0.018547,0.1357,
3090,msp,1,0,osm_nodes,22,0.019115,0.1334,
3091,msp,1,0,osm_nodes,19,0.018977,0.1313,
3092,msp,1,0,osm_nodes,19,0.01936,0.1306,
3093,msp,1,0,osm_nodes,22,0.018537,0.1349,
3094,msp,1,0,osm_nodes,22,0.019143,0.1326,
3095,msp,1,0,osm_nodes,14,0.01463,0.0474,
3096,msp,1,0,osm_nodes,5,0.011557,0.0,
3097,msp,1,0,osm_nodes,5,0.011267,0.0,
3098,msp,1,0,osm_nodes,2,0.007471,0.1137,
3099,msp,1,0,osm_nodes,18,0.013738,0.1032,
3100,msp,1,0,osm_nodes,10,0.009847,0.0,
3101,msp,1,0,osm_nodes,10,0.009751,0.0012,
3102,msp,1,0,osm_nodes,10,0.011323,0.0,
3103,msp,1,0,osm_nodes,8,0.009857,0.0008,
3104,msp,1,0,osm_nodes,20,0.013813,0.108,
3105,msp,1,0,osm_nodes,11,0.012486,0.0996,
3106,msp,1,0,osm_nodes,11,0.011978,0.0732,
3107,msp,1,0,osm_nodes,19,0.013404,0.1504,
3108,msp,1,0,osm_nodes,11,0.012094,0.0904,
3109,msp,1,0,osm_nodes,22,0.014346,0.1736,
3110,msp,1,0,osm_nodes,20,0.013201,0.2277,
3111,msp,1,0,osm_nodes,22,0.014368,0.1745,
3112,msp,1,0,osm_nodes,25,0.016779,0.2532,
3113,msp,1,0,osm_nodes,30,0.01749,0.3109,
3114,msp,1,0,osm_nodes,25,0.0172,0.492,
3115,msp,1,0,osm_nodes,35,0.017995,0.2226,
3116,msp,1,0,osm_nodes,41,0.018409,0.2276,
3117,msp,1,0,osm_nodes,47,0.018684,0.1806,
3118,msp,1,0,osm_nodes,40,0.018614,0.2004,
3119,msp,1,0,osm_nodes,45,0.018426,0.0982,
3120,msp,1,0,osm_nodes,46,0.019925,0.1282,
3121,msp,1,0,osm_nodes,44,0.02039,0.1199,
3122,msp,1,0,osm_nodes,48,0.020811,0.141,
3123,msp,1,0,osm_nodes,54,0.01945,0.0482,
3124,msp,1,0,osm_nodes,54,0.021159,0.0789,
3125,msp,1,0,osm_nodes,63,0.020925,0.2092,
3126,msp,1,0,osm_nodes,56,0.020647,0.1045,
3127,msp,1,0,osm_nodes,44,0.014154,0.1693,
3128,msp,1,0,osm_nodes,67,0.020239,0.1424,
3129,msp,1,0,osm_nodes,61,0.021829,0.1297,
3130,msp,1,0,osm_nodes,12,0.015266,0.0283,
3131,msp,1,0,osm_nodes,55,0.020494,0.0725,
3132,msp,1,0,osm_nodes,58,0.021288,0.1424,
3133,msp,1,0,osm_nodes,12,0.015198,0.0324,
3134,msp,1,0,osm_nodes,56,0.020753,0.0529,
3135,msp,1,0,osm_nodes,12,0.014132,0.0374,
3136,msp,1,0,osm_nodes,48,0.01934,0.0275,
3137,msp,1,0,osm_nodes,51,0.019066,0.0785,
3138,msp,1,0,osm_nodes,50,0.018851,0.0462,
3139,msp,1,0,osm_nodes,12,0.013458,0.0554,
3140,msp,1,0,osm_nodes,16,0.01063,0.0245,
3141,msp,1,0,osm_nodes,16,0.010232,0.0131,
3142,msp,1,0,osm_nodes,47,0.019373,0.0785,
3143,msp,1,0,osm_nodes,46,0.019666,0.0832,
3144,msp,1,0,osm_nodes,46,0.019675,0.0826,
3145,msp,1,0,osm_nodes,47,0.020021,0.0813,
3146,msp,1,0,osm_nodes,46,0.019717,0.0849,
3147,msp,1,0,osm_nodes,48,0.020033,0.1143,
3148,msp,1,0,osm_nodes,47,0.021219,0.2047,
3149,msp,1,0,osm_nodes,75,0.025811,0.5359,
3150,msp,1,0,osm_nodes,63,0.022408,0.5029,
3151,msp,1,0,osm_nodes,28,0.016415,0.147,
3152,msp,1,1,osm_nodes,63,0.028087,0.4831,
3153,msp,1,1,osm_nodes,65,0.028332,0.4589,
3154,msp,1,0,osm_nodes,17,0.021379,0.226,
3155,msp,1,0,osm_nodes,34,0.018366,0.3296,
3156,msp,1,0,osm_nodes,31,0.017868,0.2946,
3157,msp,1,0,osm_nodes,9,0.009494,0.0275,
3158,msp,1,0,osm_nodes,9,0.010604,0.0835,
3159,msp,1,0,osm_nodes,21,0.018169,0.2306,
3160,msp,1,0,osm_nodes,9,0.010637,0.0827,
3161,msp,1,0,osm_nodes,32,0.018369,0.3319,
3162,msp,1,0,osm_nodes,30,0.017902,0.3186,
3163,msp,1,0,osm_nodes,20,0.018084,0.2687,
3164,msp,1,1,osm_nodes,16,0.018213,0.1701,
3165,msp,1,0,osm_nodes,15,0.015982,0.1802,
3166,msp,1,0,osm_nodes,16,0.015306,0.183,
3167,msp,1,1,osm_nodes,16,0.018592,0.1864,
3168,msp,1,1,osm_nodes,16,0.018107,0.1764,
3169,msp,1,0,osm_nodes,16,0.017385,0.2164,
3170,msp,1,1,osm_nodes,16,0.018642,0.1891,
3171,msp,1,0,osm_nodes,15,0.015951,0.1777,
3172,msp,1,0,osm_nodes,17,0.015323,0.175,
3173,msp,1,0,osm_nodes,14,0.016053,0.128,
3174,msp,1,0,osm_nodes,13,0.016047,0.1343,
3175,msp,1,0,osm_nodes,37,0.022961,0.2277,
3176,msp,1,0,osm_nodes,46,0.026298,0.1846,
3177,msp,1,0,osm_nodes,47,0.025933,0.1783,
3178,msp,1,0,osm_nodes,39,0.021713,0.2055,
3179,msp,1,0,osm_nodes,44,0.026302,0.202,
3180,msp,1,0,osm_nodes,46,0.026303,0.1864,
3181,msp,1,0,osm_nodes,45,0.026278,0.2046,
3182,msp,1,0,osm_nodes,46,0.026297,0.1975,
3183,msp,1,0,osm_nodes,46,0.026249,0.1795,
3184,msp,1,0,osm_nodes,44,0.026207,0.1795,
3185,msp,1,0,osm_nodes,46,0.026293,0.1965,
3186,msp,1,0,osm_nodes,55,0.022061,0.3747,
3187,msp,0,0,osm_nodes,54,0.020713,0.4028,
3188,msp,1,0,osm_nodes,48,0.02205,0.3473,
3189,msp,1,0,osm_nodes,53,0.021449,0.3683,
3190,msp,1,0,osm_nodes,50,0.021564,0.3673,
3192,msp,1,0,osm_nodes,45,0.02007,0.2435,
3193,msp,1,0,osm_nodes,36,0.020869,0.2213,
3195,msp,1,0,osm_nodes,51,0.021424,0.4235,
3196,msp,1,0,osm_nodes,36,0.02086,0.2156,
3197,msp,1,0,osm_nodes,48,0.021442,0.3821,
3198,msp,1,0,osm_nodes,50,0.019845,0.4552,
3199,msp,1,0,osm_nodes,51,0.021393,0.425,
3200,msp,1,0,osm_nodes,53,0.021916,0.4162,
3201,msp,1,1,osm_nodes,51,0.024258,0.2447,
3202,msp,1,1,osm_nodes,55,0.024547,0.2546,
3203,msp,1,1,osm_nodes,55,0.024542,0.2512,
3204,msp,1,0,osm_nodes,53,0.021831,0.4294,
3205,msp,1,0,osm_nodes,54,0.021906,0.4532,
3206,msp,1,0,osm_nodes,47,0.021412,0.3726,
3207,msp,1,0,osm_nodes,53,0.021949,0.4769,
3208,msp,1,0,osm_nodes,48,0.01857,0.3525,
3209,msp,1,0,osm_nodes,49,0.021384,0.4433,
3210,msp,1,0,osm_nodes,47,0.01864,0.4256,
3211,msp,1,0,osm_nodes,47,0.02147,0.3798,
3212,msp,1,0,osm_nodes,53,0.021937,0.4548,
3213,msp,1,0,osm_nodes,53,0.021949,0.4823,
3214,msp,1,0,osm_nodes,43,0.019793,0.2286,
3215,msp,1,0,osm_nodes,49,0.021428,0.4403,
3217,msp,1,0,osm_nodes,36,0.01954,0.175,
3218,msp,1,0,osm_nodes,34,0.021488,0.2446,
3219,msp,1,0,osm_nodes,35,0.02154,0.2663,
3220,msp,1,0,osm_nodes,35,0.021533,0.2305,
3221,msp,1,1,osm_nodes,27,0.021519,0.1873,
3222,msp,1,1,osm_nodes,28,0.021549,0.1993,
3223,msp,1,1,osm_nodes,28,0.021584,0.1968,
3224,msp,1,0,osm_nodes,36,0.021554,0.2507,
3225,msp,1,0,osm_nodes,35,0.020444,0.2788,
3226,msp,1,1,osm_nodes,29,0.021558,0.1941,
3227,msp,1,0,osm_nodes,36,0.021545,0.2514,
3228,msp,1,1,osm_nodes,30,0.021624,0.1834,
3229,msp,1,0,osm_nodes,36,0.021544,0.2803,
3230,msp,1,1,osm_nodes,29,0.021533,0.1955,
3231,msp,1,0,osm_nodes,39,0.022635,0.2715,
3232,msp,1,0,osm_nodes,39,0.022931,0.2896,
3233,msp,1,0,osm_nodes,27,0.02154,0.2265,
3234,msp,1,0,osm_nodes,29,0.021515,0.2276,
3235,msp,1,0,osm_nodes,28,0.021482,0.2108,
3236,msp,1,0,osm_nodes,29,0.021489,0.2151,
3237,msp,1,0,osm_nodes,36,0.021453,0.1672,
3238,msp,1,0,osm_nodes,27,0.021519,0.2097,
3239,msp,1,0,osm_nodes,36,0.02147,0.2054,
3240,msp,1,0,osm_nodes,34,0.021482,0.1597,
3241,msp,1,0,osm_nodes,36,0.021473,0.1991,
3242,msp,1,0,osm_nodes,36,0.02149,0.1646,
3243,msp,1,0,osm_nodes,34,0.02151,0.1577,
3244,msp,1,0,osm_nodes,30,0.021397,0.2237,
3245,msp,1,0,osm_nodes,30,0.021359,0.2044,
3246,msp,1,0,osm_nodes,35,0.021509,0.1965,
3247,msp,1,0,osm_nodes,29,0.021433,0.221,
3248,msp,1,0,osm_nodes,30,0.021399,0.2037,
3249,msp,1,0,osm_nodes,27,0.021515,0.2023,
3250,msp,1,0,osm_nodes,28,0.021518,0.2117,
3251,msp,1,0,osm_nodes,35,0.021501,0.1884,
3252,msp,1,0,osm_nodes,29,0.021491,0.2138,
3253,msp,1,0,osm_nodes,28,0.021488,0.2021,
3254,msp,1,0,osm_nodes,35,0.021467,0.1911,
3255,msp,1,0,osm_nodes,35,0.021482,0.1685,
3256,msp,1,0,osm_nodes,35,0.021459,0.1695,
3257,msp,1,0,osm_nodes,30,0.021384,0.2018,
3258,msp,1,0,osm_nodes,30,0.021349,0.2014,
3259,msp,1,0,osm_nodes,29,0.021428,0.2372,
3260,msp,1,0,osm_nodes,29,0.021393,0.241,
3261,msp,1,0,osm_nodes,25,0.022095,0.2571,
3262,msp,1,0,osm_nodes,26,0.021866,0.2509,
3263,msp,1,0,osm_nodes,31,0.021508,0.2056,
3264,msp,1,0,osm_nodes,30,0.021519,0.2181,
3265,msp,1,0,osm_nodes,32,0.021476,0.2357,
3266,msp,1,0,osm_nodes,32,0.021472,0.2403,
3267,msp,1,0,osm_nodes,32,0.021491,0.2347,
3268,msp,1,0,osm_nodes,30,0.021538,0.2035,
3269,msp,1,0,osm_nodes,29,0.021401,0.2405,
3270,msp,1,0,osm_nodes,30,0.021358,0.2365,
3271,msp,1,0,osm_nodes,29,0.021428,0.239,
3272,msp,1,0,osm_nodes,30,0.021397,0.2346,
3273,msp,1,0,osm_nodes,24,0.022172,0.2537,
3274,msp,1,0,osm_nodes,26,0.021866,0.2643,
3275,msp,1,0,osm_nodes,24,0.022165,0.2555,
3276,msp,1,0,osm_nodes,29,0.021534,0.2044,
3277,msp,1,0,osm_nodes,26,0.02194,0.2642,
3278,msp,1,0,osm_nodes,32,0.021472,0.2389,
3279,msp,1,0,osm_nodes,32,0.02146,0.2101,
3280,msp,1,0,osm_nodes,31,0.021491,0.2552,
3281,msp,1,0,osm_nodes,30,0.021395,0.2393,
3282,msp,1,0,osm_nodes,28,0.02142,0.2422,
3283,msp,1,0,osm_nodes,30,0.021401,0.2428,
3284,msp,1,0,osm_nodes,30,0.021359,0.2412,
3285,msp,1,0,osm_nodes,21,0.019732,0.179,
3286,msp,1,0,osm_nodes,19,0.01932,0.2985,
3287,msp,1,0,osm_nodes,18,0.017421,0.2397,
3288,msp,1,0,osm_nodes,20,0.019369,0.2925,
3289,msp,1,0,osm_nodes,14,0.017987,0.1284,
3290,msp,1,0,osm_nodes,21,0.019758,0.1766,
3291,msp,1,0,osm_nodes,22,0.019778,0.1374,
3292,msp,1,0,osm_nodes,22,0.018622,0.1162,
3293,msp,1,0,osm_nodes,24,0.019071,0.1127,
3294,msp,1,0,osm_nodes,21,0.020052,0.2091,
3295,msp,1,0,osm_nodes,22,0.019676,0.136,
3296,msp,1,0,osm_nodes,21,0.018587,0.1064,
3297,msp,1,0,osm_nodes,18,0.020675,0.1095,
3298,msp,1,0,osm_nodes,29,0.021532,0.2274,
3299,msp,1,0,osm_nodes,27,0.022947,0.2501,
3300,msp,1,0,osm_nodes,29,0.021565,0.229,
3301,msp,1,0,osm_nodes,29,0.021514,0.2778,
3302,msp,1,0,osm_nodes,29,0.023646,0.2336,
3303,msp,1,0,osm_nodes,26,0.022925,0.237,
3304,msp,1,0,osm_nodes,27,0.023782,0.2249,
3305,msp,1,0,osm_nodes,27,0.021555,0.2493,
3306,msp,1,0,osm_nodes,29,0.021585,0.2145,
3307,msp,1,0,osm_nodes,29,0.021533,0.2493,
3308,msp,1,0,osm_nodes,26,0.022852,0.2405,
3309,msp,1,0,osm_nodes,27,0.023814,0.2241,
3310,msp,1,0,osm_nodes,29,0.021564,0.2111,
3311,msp,1,0,osm_nodes,28,0.020294,0.1923,
3312,msp,1,0,osm_nodes,30,0.020232,0.1969,
3313,msp,1,0,osm_nodes,30,0.020168,0.2013,
3314,msp,1,0,osm_nodes,29,0.020416,0.1799,
3315,msp,1,0,osm_nodes,24,0.017237,0.2087,
3316,msp,1,0,osm_nodes,31,0.020275,0.1766,
3317,msp,1,0,osm_nodes,25,0.016922,0.188,
3318,msp,1,0,osm_nodes,32,0.02013,0.1707,
3319,msp,1,0,osm_nodes,33,0.0202,0.1707,
3320,msp,1,0,osm_nodes,35,0.020089,0.185,
3321,msp,1,0,osm_nodes,35,0.020064,0.1884,
3322,msp,1,1,osm_nodes,43,0.021502,0.3885,
3323,msp,1,0,osm_nodes,34,0.022296,0.2709,
3324,msp,1,0,osm_nodes,55,0.024219,0.2701,
3325,msp,1,0,osm_nodes,32,0.019018,0.2755,
3326,msp,1,0,osm_nodes,59,0.024529,0.2959,
3327,msp,1,0,osm_nodes,35,0.021598,0.277,
3328,msp,1,1,osm_nodes,44,0.021481,0.4114,
3329,msp,1,1,osm_nodes,42,0.021517,0.3889,
3330,msp,1,1,osm_nodes,45,0.021499,0.4108,
3331,msp,1,1,osm_nodes,48,0.021512,0.3781,
3332,msp,1,1,osm_nodes,49,0.021525,0.3471,
3333,msp,1,1,osm_nodes,49,0.021508,0.3402,
3334,msp,1,1,osm_nodes,47,0.021465,0.3798,
3335,msp,1,0,osm_nodes,39,0.022656,0.2439,
3336,msp,1,0,osm_nodes,32,0.019032,0.2806,
3337,msp,1,0,osm_nodes,35,0.02198,0.2761,
3338,msp,1,0,osm_nodes,80,0.022952,0.2311,
3339,msp,1,0,osm_nodes,61,0.025302,0.3297,
3340,msp,1,0,osm_nodes,71,0.02563,0.297,
3341,msp,1,0,osm_nodes,45,0.021076,0.1581,
3342,msp,1,0,osm_nodes,24,0.021528,0.2351,
3343,msp,1,0,osm_nodes,24,0.021526,0.2239,
3344,msp,1,0,osm_nodes,24,0.021552,0.2314,
3345,msp,1,0,osm_nodes,24,0.021561,0.2204,
3346,msp,1,0,osm_nodes,24,0.021547,0.2115,
3347,msp,1,0,osm_nodes,24,0.02155,0.2197,
3348,msp,1,0,osm_nodes,24,0.021534,0.22,
3349,msp,1,0,osm_nodes,24,0.021529,0.213,
3350,msp,1,0,osm_nodes,18,0.011889,0.1398,
3351,msp,1,0,osm_nodes,18,0.011748,0.14,
3352,msp,1,0,osm_nodes,18,0.011328,0.1001,
3353,msp,1,0,osm_nodes,18,0.011653,0.057,
3354,msp,1,0,osm_nodes,17,0.01161,0.051,
3355,msp,1,0,osm_nodes,20,0.012544,0.0642,
3356,msp,1,1,osm_nodes,59,0.023222,0.2968,
3357,msp,1,0,osm_nodes,16,0.007495,0.0362,
3358,msp,1,0,osm_nodes,24,0.009459,0.1558,
3359,msp,1,1,osm_nodes,39,0.013637,0.3423,
3360,msp,1,1,osm_nodes,62,0.023337,0.2823,
3361,msp,1,0,osm_nodes,13,0.006796,0.0064,
3362,msp,1,1,osm_nodes,39,0.013622,0.2883,
3363,msp,1,1,osm_nodes,40,0.014191,0.279,
3364,msp,1,1,osm_nodes,41,0.013502,0.3346,
3365,msp,1,0,osm_nodes,66,0.023351,0.29,
3366,msp,1,0,osm_nodes,62,0.021196,0.3911,
3367,msp,1,0,osm_nodes,64,0.022092,0.3934,
3368,msp,1,0,osm_nodes,60,0.02142,0.2652,
3369,msp,1,1,osm_nodes,62,0.023426,0.2591,
3370,msp,1,0,osm_nodes,28,0.018998,0.2366,
3371,msp,1,0,osm_nodes,36,0.018929,0.395,
3372,msp,1,0,osm_nodes,31,0.017355,0.3647,
3373,msp,1,0,osm_nodes,34,0.021519,0.3151,
3374,msp,1,0,osm_nodes,31,0.019455,0.2313,
3375,msp,1,0,osm_nodes,30,0.017386,0.3659,
3376,msp,1,0,osm_nodes,28,0.018992,0.2343,
3377,msp,1,0,osm_nodes,34,0.021507,0.3028,
3378,msp,1,0,osm_nodes,31,0.019221,0.3176,
3379,msp,1,0,osm_nodes,30,0.018981,0.2037,
3380,msp,1,0,osm_nodes,30,0.018972,0.2,
3381,msp,1,0,osm_nodes,33,0.021562,0.2992,
3382,msp,1,0,osm_nodes,32,0.017032,0.302,
3383,msp,1,0,osm_nodes,29,0.018485,0.1765,
3384,msp,1,0,osm_nodes,35,0.017394,0.3028,
3385,msp,1,0,osm_nodes,62,0.020833,0.2872,
3386,msp,1,0,osm_nodes,63,0.022132,0.3023,
3387,msp,1,1,osm_nodes,61,0.021771,0.1699,
3388,msp,1,0,osm_nodes,66,0.022739,0.3084,
3389,msp,1,0,osm_nodes,61,0.020687,0.4022,
3390,msp,1,1,osm_nodes,64,0.022905,0.1623,
3391,msp,1,1,osm_nodes,43,0.012695,0.2314,
3392,msp,1,1,osm_nodes,41,0.012163,0.2706,
3393,msp,1,1,osm_nodes,65,0.022543,0.1475,
3394,msp,1,1,osm_nodes,65,0.022335,0.1403,
3395,msp,1,0,osm_nodes,48,0.021261,0.1273,
3396,msp,1,0,osm_nodes,48,0.021313,0.1367,
3397,msp,1,0,osm_nodes,29,0.018918,0.2183,
3398,msp,1,0,osm_nodes,29,0.01693,0.1894,
3399,msp,1,0,osm_nodes,35,0.020985,0.2191,
3400,msp,1,0,osm_nodes,32,0.019805,0.2281,
3401,msp,1,0,osm_nodes,37,0.021009,0.3,
3402,msp,1,0,osm_nodes,21,0.015745,0.213,
3403,msp,1,0,osm_nodes,28,0.020396,0.1724,
3404,msp,1,0,osm_nodes,22,0.018201,0.1483,
3405,msp,1,0,osm_nodes,28,0.020508,0.1762,
3406,msp,1,0,osm_nodes,24,0.018558,0.1612,
3407,msp,1,0,osm_nodes,25,0.018659,0.162,
3408,msp,1,0,osm_nodes,29,0.020795,0.2009,
3409,msp,1,0,osm_nodes,32,0.019363,0.1975,
3410,msp,1,0,osm_nodes,34,0.021754,0.2329,
3411,msp,1,0,osm_nodes,31,0.019352,0.1891,
3412,msp,1,0,osm_nodes,29,0.018788,0.1931,
3413,msp,1,0,osm_nodes,32,0.019396,0.198,
3414,msp,1,0,osm_nodes,29,0.018789,0.1947,
3415,msp,1,0,osm_nodes,30,0.018799,0.1949,
3416,msp,1,1,osm_nodes,28,0.023397,0.0396,
3417,msp,1,1,osm_nodes,32,0.02545,0.0644,
3418,msp,1,1,osm_nodes,28,0.024963,0.0556,
3419,msp,1,0,osm_nodes,24,0.017465,0.2041,
3420,msp,1,0,osm_nodes,24,0.016823,0.1778,
3421,msp,1,0,osm_nodes,24,0.016818,0.1772,
3422,msp,1,0,osm_nodes,24,0.016811,0.1765,
3423,msp,1,0,osm_nodes,24,0.016578,0.1719,
3424,msp,1,0,osm_nodes,29,0.019843,0.1164,
3425,msp,1,0,osm_nodes,33,0.02191,0.2711,
3426,msp,1,0,osm_nodes,29,0.019806,0.1225,
3427,msp,1,0,osm_nodes,25,0.01617,0.1625,
3428,msp,1,0,osm_nodes,24,0.016193,0.163,
3429,msp,1,0,osm_nodes,37,0.020705,0.2812,
3430,msp,1,0,osm_nodes,24,0.015952,0.1401,
3431,msp,1,0,osm_nodes,33,0.01865,0.2794,
3432,msp,1,0,osm_nodes,37,0.020739,0.2821,
3433,msp,1,0,osm_nodes,34,0.019038,0.2781,
3434,msp,1,0,osm_nodes,35,0.021449,0.2099,
3435,msp,1,0,osm_nodes,36,0.020867,0.1803,
3436,msp,1,0,osm_nodes,33,0.020091,0.1592,
3437,msp,1,0,osm_nodes,23,0.016794,0.0722,
3438,msp,1,0,osm_nodes,32,0.019635,0.1403,
3439,msp,1,0,osm_nodes,33,0.018657,0.2393,
3440,msp,1,0,osm_nodes,36,0.019974,0.2513,
3441,msp,1,0,osm_nodes,23,0.014724,0.1262,
3442,msp,1,0,osm_nodes,22,0.016779,0.0667,
3443,msp,1,0,osm_nodes,23,0.014078,0.0989,
3444,msp,1,0,osm_nodes,33,0.018705,0.2361,
3445,msp,1,0,osm_nodes,32,0.01975,0.1399,
3446,msp,1,0,osm_nodes,39,0.020595,0.2735,
3447,msp,1,0,osm_nodes,41,0.021212,0.2845,
3448,msp,1,0,osm_nodes,36,0.020036,0.2461,
3449,msp,1,0,osm_nodes,34,0.02012,0.1604,
3450,msp,1,0,osm_nodes,36,0.020743,0.1788,
3451,msp,1,0,osm_nodes,36,0.020166,0.1557,
3452,msp,1,0,osm_nodes,21,0.019342,0.3081,
3453,msp,1,0,osm_nodes,26,0.02005,0.3377,
3454,msp,1,0,osm_nodes,21,0.018631,0.2275,
3455,msp,1,0,osm_nodes,20,0.018224,0.1857,
3456,msp,1,0,osm_nodes,20,0.018914,0.2646,
3457,msp,1,0,osm_nodes,20,0.018176,0.1842,
3458,msp,1,0,osm_nodes,21,0.018847,0.2612,
3459,msp,1,0,osm_nodes,18,0.016793,0.182,
3460,msp,1,1,osm_nodes,23,0.017694,0.2305,
3461,msp,1,1,osm_nodes,24,0.016822,0.1487,
3462,msp,1,1,osm_nodes,23,0.017397,0.2187,
3463,msp,1,0,osm_nodes,20,0.01484,0.1788,
3464,msp,1,1,osm_nodes,24,0.016777,0.0668,
3465,msp,1,1,osm_nodes,22,0.017394,0.132,
3466,msp,1,1,osm_nodes,22,0.017328,0.0824,
3467,msp,1,1,osm_nodes,23,0.017614,0.0756,
3468,msp,1,1,osm_nodes,24,0.01726,0.0577,
3469,msp,1,1,osm_nodes,22,0.017758,0.1275,
3470,msp,1,1,osm_nodes,25,0.017541,0.0816,
3471,msp,1,0,osm_nodes,27,0.017812,0.1446,
3472,msp,1,0,osm_nodes,20,0.016404,0.1523,
3473,msp,1,0,osm_nodes,27,0.018499,0.2603,
3474,msp,1,0,osm_nodes,35,0.020349,0.3331,
3475,msp,1,0,osm_nodes,27,0.019294,0.2901,
3476,msp,1,0,osm_nodes,27,0.018628,0.3025,
3477,msp,1,0,osm_nodes,36,0.021282,0.3097,
3478,msp,1,0,osm_nodes,45,0.023173,0.4141,
3479,msp,1,0,osm_nodes,39,0.02208,0.2791,
3480,msp,1,0,osm_nodes,47,0.024105,0.3638,
3481,msp,1,0,osm_nodes,34,0.024255,0.0649,
3482,msp,1,0,osm_nodes,29,0.018051,0.0759,
3483,msp,1,0,osm_nodes,28,0.018016,0.0743,
3484,msp,1,0,osm_nodes,28,0.018376,0.0693,
3485,msp,1,0,osm_nodes,28,0.022958,0.0441,
3486,msp,1,0,osm_nodes,22,0.021395,0.0579,
3487,msp,1,0,osm_nodes,23,0.02241,0.0782,
3488,msp,1,0,osm_nodes,19,0.016102,0.0814,
3489,msp,1,0,osm_nodes,19,0.016433,0.0745,
3490,msp,1,0,osm_nodes,23,0.02144,0.0696,
3491,msp,1,0,osm_nodes,22,0.021908,0.0812,
3492,msp,1,0,osm_nodes,46,0.021789,0.2305,
3493,msp,1,0,osm_nodes,42,0.021476,0.2319,
3494,msp,1,0,osm_nodes,25,0.022145,0.2283,
3495,msp,1,0,osm_nodes,25,0.021929,0.2379,
3496,msp,1,0,osm_nodes,20,0.018439,0.1952,
3497,msp,1,0,osm_nodes,20,0.018,0.1944,
3498,msp,1,0,osm_nodes,36,0.016582,0.1446,
3499,msp,1,0,osm_nodes,33,0.016097,0.1347,
3500,msp,1,0,osm_nodes,18,0.015271,0.2064,
3501,msp,1,0,osm_nodes,43,0.021205,0.2372,
3502,msp,1,0,osm_nodes,41,0.020928,0.2219,
3503,msp,1,0,osm_nodes,22,0.021264,0.2123,
3504,msp,1,0,osm_nodes,23,0.021394,0.2166,
3505,msp,1,0,osm_nodes,19,0.015233,0.2042,
3506,msp,1,0,osm_nodes,31,0.014583,0.1424,
3507,msp,1,0,osm_nodes,31,0.013935,0.0759,
3508,msp,0,0,osm_nodes,14,0.007492,0.0383,
3509,msp,0,0,osm_nodes,16,0.007701,0.0366,
3510,msp,1,0,osm_nodes,18,0.01621,0.1496,
3511,msp,1,0,osm_nodes,18,0.01616,0.1572,
3512,msp,1,0,osm_nodes,24,0.014557,0.0316,
3513,msp,1,0,osm_nodes,29,0.021694,0.225,
3514,msp,1,0,osm_nodes,29,0.021678,0.2122,
3515,msp,1,0,osm_nodes,29,0.021711,0.2254,
3516,msp,1,0,osm_nodes,29,0.021699,0.213,
3517,msp,1,0,osm_nodes,31,0.021464,0.1992,
3518,msp,1,0,osm_nodes,18,0.017179,0.1583,
3519,msp,1,0,osm_nodes,18,0.017132,0.1589,
3520,msp,1,0,osm_nodes,26,0.014272,0.0125,
3521,msp,1,0,osm_nodes,27,0.014573,0.0297,
3522,msp,1,0,osm_nodes,29,0.021435,0.2385,
3523,msp,1,0,osm_nodes,29,0.021635,0.2334,
3524,msp,1,0,osm_nodes,29,0.021576,0.2303,
3525,msp,1,0,osm_nodes,29,0.021421,0.2198,
3526,msp,1,0,osm_nodes,30,0.020898,0.2154,
3527,msp,1,0,osm_nodes,25,0.018989,0.2146,
3528,msp,1,0,osm_nodes,25,0.018983,0.2214,
3529,msp,1,0,osm_nodes,27,0.019203,0.1903,
3530,msp,1,0,osm_nodes,26,0.019194,0.2071,
3531,msp,1,0,osm_nodes,29,0.017809,0.2538,
3532,msp,1,0,osm_nodes,30,0.017717,0.2681,
3533,msp,1,0,osm_nodes,25,0.018207,0.2695,
3534,msp,1,0,osm_nodes,27,0.017746,0.2874,
3535,msp,1,0,osm_nodes,26,0.017329,0.3043,
3536,msp,1,0,osm_nodes,26,0.017331,0.278,
3537,msp,1,0,osm_nodes,26,0.017363,0.3036,
3538,msp,1,0,osm_nodes,26,0.017364,0.2787,
3539,msp,1,0,osm_nodes,26,0.016586,0.2859,
3540,msp,1,0,osm_nodes,26,0.016562,0.2427,
3541,msp,1,0,osm_nodes,25,0.016437,0.2848,
3542,msp,1,0,osm_nodes,25,0.01645,0.2389,
3543,msp,1,0,osm_nodes,24,0.016795,0.2305,
3544,msp,1,0,osm_nodes,11,0.008299,0.0745,
3545,msp,0,0,osm_nodes,11,0.008348,0.0523,
3546,msp,1,0,osm_nodes,16,0.015438,0.0946,
3547,msp,0,0,osm_nodes,16,0.010495,0.0201,
3548,msp,0,0,osm_nodes,17,0.011544,0.0194,
3549,msp,0,0,osm_nodes,19,0.010858,0.0194,
3550,msp,1,0,osm_nodes,13,0.015893,0.1128,
3551,msp,1,0,osm_nodes,13,0.022229,0.1649,
3552,msp,1,0,osm_nodes,14,0.02225,0.1644,
3553,msp,1,0,osm_nodes,14,0.022288,0.1705,
3554,msp,1,0,osm_nodes,13,0.022291,0.1722,
3555,msp,1,0,osm_nodes,13,0.019487,0.1841,
3556,msp,1,0,osm_nodes,13,0.019491,0.1742,
3557,msp,1,0,osm_nodes,17,0.020842,0.1799,
3558,msp,1,0,osm_nodes,16,0.020718,0.1684,
3559,msp,1,0,osm_nodes,21,0.020375,0.1693,
3560,msp,1,0,osm_nodes,24,0.021157,0.1682,
3561,msp,1,0,osm_nodes,31,0.01541,0.187,
3562,msp,1,0,osm_nodes,31,0.016024,0.1455,
3563,msp,1,0,osm_nodes,26,0.020682,0.1237,
3564,msp,1,0,osm_nodes,26,0.021135,0.0902,
3565,msp,1,0,osm_nodes,3,0.003973,0.3283,
3566,msp,1,0,osm_nodes,35,0.013818,0.1466,
3567,msp,1,0,osm_nodes,36,0.014481,0.113,
3568,msp,1,0,osm_nodes,36,0.01454,0.1131,
3569,msp,1,0,osm_nodes,37,0.01507,0.1141,
3570,msp,1,0,osm_nodes,37,0.015099,0.1129,
3571,msp,1,0,osm_nodes,24,0.018887,0.0781,
3572,msp,1,0,osm_nodes,24,0.018368,0.1265,
3573,msp,1,0,osm_nodes,35,0.013649,0.1186,
3574,msp,0,0,osm_nodes,34,0.013455,0.1003,
3575,msp,1,0,osm_nodes,34,0.013748,0.0732,
3576,msp,1,0,osm_nodes,15,0.017738,0.1685,
3577,msp,1,0,osm_nodes,15,0.01743,0.1731,
3578,msp,1,0,osm_nodes,14,0.017055,0.162,
3579,msp,1,0,osm_nodes,14,0.017798,0.1773,
3580,msp,1,0,osm_nodes,13,0.017407,0.1732,
3581,msp,1,0,osm_nodes,38,0.021667,0.1834,
3582,msp,1,0,osm_nodes,36,0.020865,0.3237,
3583,msp,1,0,osm_nodes,36,0.020848,0.3216,
3584,msp,1,0,osm_nodes,36,0.020841,0.2922,
3585,msp,1,0,osm_nodes,36,0.020839,0.293,
3586,msp,1,0,osm_nodes,33,0.022046,0.1861,
3587,msp,1,0,osm_nodes,35,0.02205,0.1882,
3588,msp,1,0,osm_nodes,50,0.027084,0.265,
3589,msp,1,0,osm_nodes,46,0.026792,0.2433,
3590,msp,1,0,osm_nodes,33,0.022069,0.1818,
3591,msp,1,0,osm_nodes,35,0.02207,0.1858,
3592,msp,1,0,osm_nodes,47,0.026732,0.2251,
3593,msp,1,0,osm_nodes,46,0.026773,0.2405,
3594,msp,1,0,osm_nodes,47,0.026715,0.2262,
3595,msp,1,0,osm_nodes,34,0.02049,0.2846,
3596,msp,1,0,osm_nodes,34,0.020305,0.3158,
3597,msp,1,0,osm_nodes,34,0.020293,0.3175,
3598,msp,1,0,osm_nodes,47,0.026774,0.2361,
3599,msp,1,0,osm_nodes,34,0.020474,0.2843,
3600,msp,1,0,osm_nodes,47,0.026704,0.2271,
3601,msp,1,0,osm_nodes,31,0.022048,0.2082,
3602,msp,1,0,osm_nodes,30,0.022047,0.1971,
3603,msp,1,0,osm_nodes,47,0.026779,0.2381,
3604,msp,1,0,osm_nodes,50,0.027012,0.2628,
3605,msp,1,0,osm_nodes,51,0.026807,0.2405,
3606,msp,1,0,osm_nodes,47,0.026732,0.2287,
3607,msp,1,0,osm_nodes,50,0.026972,0.2628,
3608,msp,1,0,osm_nodes,51,0.02677,0.2403,
3609,msp,1,0,osm_nodes,51,0.026571,0.2319,
3610,msp,1,0,osm_nodes,49,0.026564,0.228,
3611,msp,1,0,osm_nodes,49,0.026668,0.259,
3612,msp,1,0,osm_nodes,47,0.025942,0.2323,
3613,msp,1,0,osm_nodes,47,0.025551,0.2228,
3614,msp,1,0,osm_nodes,32,0.019356,0.237,
3615,msp,1,0,osm_nodes,38,0.024511,0.1737,
3616,msp,1,0,osm_nodes,37,0.024755,0.1709,
3617,msp,1,0,osm_nodes,40,0.026293,0.1748,
3618,msp,1,0,osm_nodes,40,0.026182,0.1683,
3619,msp,1,0,osm_nodes,40,0.02618,0.1694,
3620,msp,1,0,osm_nodes,41,0.025149,0.1682,
3621,msp,1,0,osm_nodes,42,0.025835,0.161,
3622,msp,1,0,osm_nodes,47,0.028377,0.2037,
3623,msp,1,0,osm_nodes,48,0.028406,0.2035,
3624,msp,1,0,osm_nodes,50,0.028043,0.1965,
3625,msp,1,0,osm_nodes,24,0.022151,0.0835,
3626,msp,1,0,osm_nodes,23,0.021851,0.0962,
3627,msp,1,0,osm_nodes,22,0.021843,0.0988,
3628,msp,1,0,osm_nodes,45,0.027518,0.2634,
3629,msp,1,0,osm_nodes,41,0.028301,0.2091,
3630,msp,1,0,osm_nodes,41,0.027413,0.2533,
3631,msp,1,0,osm_nodes,43,0.027664,0.2735,
3632,msp,1,0,osm_nodes,42,0.028244,0.197,
3633,msp,1,0,osm_nodes,41,0.026782,0.1276,
3634,msp,1,0,osm_nodes,40,0.027521,0.1497,
3635,msp,1,0,osm_nodes,38,0.027616,0.1752,
3636,msp,1,0,osm_nodes,34,0.025847,0.1791,
3637,msp,1,0,osm_nodes,26,0.020129,0.1307,
3638,msp,1,0,osm_nodes,32,0.025886,0.1834,
3639,msp,1,0,osm_nodes,43,0.027421,0.1335,
3640,msp,1,0,osm_nodes,40,0.027493,0.1426,
3641,msp,1,0,osm_nodes,40,0.027386,0.1393,
3642,msp,1,0,osm_nodes,35,0.026411,0.1806,
3643,msp,1,0,osm_nodes,46,0.023826,0.1934,
3644,msp,1,0,osm_nodes,40,0.020844,0.1876,
3645,msp,1,0,osm_nodes,19,0.017734,0.1187,
3646,msp,1,0,osm_nodes,20,0.019031,0.078,
3647,msp,1,0,osm_nodes,50,0.021714,0.242,
3648,msp,1,0,osm_nodes,49,0.02119,0.1924,
3649,msp,1,0,osm_nodes,50,0.021543,0.2429,
3650,msp,1,0,osm_nodes,22,0.019046,0.1045,
3651,msp,1,0,osm_nodes,53,0.022619,0.2595,
3652,msp,1,0,osm_nodes,48,0.02001,0.2314,
3653,msp,1,0,osm_nodes,48,0.020795,0.2392,
3654,msp,1,0,osm_nodes,24,0.020808,0.0486,
3655,msp,1,0,osm_nodes,24,0.020981,0.0716,
3656,msp,1,0,osm_nodes,55,0.022984,0.1574,
3657,msp,0,0,osm_nodes,54,0.022208,0.1843,
3658,msp,1,0,osm_nodes,51,0.024378,0.0948,
3659,msp,1,0,osm_nodes,48,0.024383,0.1005,
3660,msp,1,0,osm_nodes,46,0.023778,0.0737,
3661,msp,1,0,osm_nodes,40,0.024828,0.2215,
3662,msp,1,0,osm_nodes,45,0.024825,0.1539,
3663,msp,1,0,osm_nodes,44,0.025796,0.2355,
3664,msp,1,0,osm_nodes,31,0.024577,0.2492,
3665,msp,1,0,osm_nodes,35,0.024006,0.2071,
3666,msp,1,0,osm_nodes,38,0.02494,0.1757,
3667,msp,1,0,osm_nodes,35,0.023459,0.1643,
3668,msp,1,0,osm_nodes,47,0.026889,0.1839,
3669,msp,1,0,osm_nodes,47,0.027447,0.1721,
3670,msp,1,0,osm_nodes,49,0.026324,0.2335,
3671,msp,1,0,osm_nodes,49,0.026285,0.2764,
3672,msp,1,0,osm_nodes,51,0.025979,0.2999,
3673,msp,1,0,osm_nodes,40,0.024667,0.2758,
3674,msp,1,0,osm_nodes,46,0.025363,0.3415,
3675,msp,1,0,osm_nodes,35,0.023154,0.2492,
3676,msp,1,0,osm_nodes,40,0.0201,0.1805,
3677,msp,1,0,osm_nodes,17,0.015672,0.0748,
3678,msp,1,0,osm_nodes,12,0.01304,0.0,
3679,msp,1,0,osm_nodes,48,0.023598,0.2501,
3680,msp,1,0,osm_nodes,46,0.021335,0.1941,
3681,msp,1,0,osm_nodes,35,0.018915,0.0375,
3682,msp,1,0,osm_nodes,47,0.020235,0.2347,
3683,msp,1,0,osm_nodes,50,0.019931,0.2565,
3684,msp,1,0,osm_nodes,48,0.022067,0.2955,
3685,msp,1,0,osm_nodes,43,0.021119,0.292,
3686,msp,1,0,osm_nodes,45,0.019042,0.1971,
3687,msp,1,0,osm_nodes,33,0.018161,0.0089,
3688,msp,1,0,osm_nodes,52,0.025685,0.1839,
3689,msp,1,0,osm_nodes,56,0.023302,0.0656,
3690,msp,1,0,osm_nodes,50,0.022908,0.3543,
3691,msp,1,0,osm_nodes,62,0.023369,0.1898,
3692,msp,1,0,osm_nodes,52,0.019095,0.1408,
3693,msp,1,0,osm_nodes,52,0.019871,0.1736,
3694,msp,1,0,osm_nodes,48,0.020224,0.3728,
3695,msp,1,0,osm_nodes,47,0.01999,0.3867,
3696,msp,1,0,osm_nodes,43,0.021071,0.3644,
3697,msp,1,0,osm_nodes,55,0.025567,0.2171,
3698,msp,1,0,osm_nodes,54,0.01928,0.1543,
3699,msp,1,0,osm_nodes,40,0.021813,0.3766,
3700,msp,1,0,osm_nodes,35,0.019577,0.269,
3701,msp,1,0,osm_nodes,37,0.020388,0.2921,
3702,msp,1,0,osm_nodes,38,0.020797,0.3227,
3703,msp,1,0,osm_nodes,63,0.027652,0.3225,
3704,msp,1,0,osm_nodes,41,0.021033,0.4061,
3705,msp,1,0,osm_nodes,35,0.019249,0.3529,
3706,msp,1,0,osm_nodes,36,0.019246,0.3231,
3707,msp,1,0,osm_nodes,23,0.016731,0.0576,
3708,msp,1,0,osm_nodes,45,0.020937,0.3687,
3709,msp,1,0,osm_nodes,36,0.016506,0.2932,
3710,msp,1,0,osm_nodes,37,0.015079,0.2298,
3711,msp,1,0,osm_nodes,37,0.015348,0.2139,
3712,msp,1,0,osm_nodes,39,0.015583,0.2014,
3713,msp,1,0,osm_nodes,26,0.017153,0.0786,
3714,msp,1,0,osm_nodes,47,0.01801,0.2282,
3715,msp,1,0,osm_nodes,50,0.019048,0.2046,
3716,msp,1,0,osm_nodes,54,0.019349,0.204,
3717,msp,1,0,osm_nodes,49,0.016463,0.2749,
3718,msp,1,0,osm_nodes,43,0.01529,0.2073,
3719,msp,1,0,osm_nodes,41,0.01399,0.1006,
3720,msp,1,0,osm_nodes,57,0.020909,0.4018,
3721,msp,1,0,osm_nodes,34,0.013902,0.0644,
3722,msp,1,0,osm_nodes,58,0.021188,0.3479,
3723,msp,1,0,osm_nodes,58,0.02132,0.2991,
3724,msp,1,0,osm_nodes,43,0.017874,0.2826,
3725,msp,1,0,osm_nodes,59,0.022666,0.162,
3726,msp,1,0,osm_nodes,60,0.022989,0.1593,
3727,msp,1,0,osm_nodes,52,0.022556,0.4142,
3728,msp,1,0,osm_nodes,38,0.015509,0.0839,
3729,msp,1,0,osm_nodes,39,0.015731,0.0591,
3730,msp,1,0,osm_nodes,58,0.0231,0.0701,
3731,msp,0,0,osm_nodes,41,0.017961,0.1146,
3732,msp,1,0,osm_nodes,61,0.024376,0.1789,
3733,msp,1,0,osm_nodes,62,0.025425,0.1769,
3734,msp,1,0,osm_nodes,62,0.02545,0.1909,
3735,msp,1,0,osm_nodes,60,0.027019,0.0729,
3736,msp,1,0,osm_nodes,65,0.025772,0.2072,
3737,msp,1,0,osm_nodes,53,0.025585,0.0268,
3738,msp,1,0,osm_nodes,51,0.024389,0.0593,
3739,msp,1,0,osm_nodes,60,0.025671,0.2427,
3740,msp,1,0,osm_nodes,56,0.029825,0.1709,
3741,msp,1,0,osm_nodes,40,0.021118,0.2151,
3742,msp,1,0,osm_nodes,52,0.028152,0.1952,
3743,msp,1,0,osm_nodes,53,0.027741,0.1376,
3744,msp,1,0,osm_nodes,55,0.02812,0.1632,
3745,msp,1,0,osm_nodes,57,0.025099,0.2075,
3746,msp,1,0,osm_nodes,52,0.027487,0.1714,
3747,msp,1,0,osm_nodes,39,0.024118,0.1012,
3748,msp,1,0,osm_nodes,54,0.027886,0.114,
3749,msp,1,0,osm_nodes,40,0.022931,0.1867,
3750,msp,1,0,osm_nodes,39,0.025786,0.2308,
3751,msp,1,0,osm_nodes,38,0.026492,0.2107,
3752,msp,1,0,osm_nodes,23,0.018751,0.033,
3753,msp,1,0,osm_nodes,51,0.024894,0.3594,
3754,msp,1,0,osm_nodes,63,0.027629,0.3843,
3755,msp,1,0,osm_nodes,61,0.02831,0.3728,
3756,msp,1,0,osm_nodes,50,0.026466,0.3306,
3757,msp,1,0,osm_nodes,34,0.020231,0.0,
3758,msp,1,0,osm_nodes,37,0.019882,0.0214,
3759,msp,1,0,osm_nodes,34,0.01923,0.0301,
3760,msp,1,0,osm_nodes,19,0.019167,0.0124,
3761,msp,1,0,osm_nodes,19,0.019033,0.0161,
3762,msp,0,0,osm_nodes,11,0.005682,0.0246,
3763,msp,0,0,osm_nodes,12,0.005351,0.0326,
3764,msp,0,0,osm_nodes,9,0.0,0.1646,
3765,msp,0,0,osm_nodes,11,0.0,0.1311,
3766,msp,1,0,osm_nodes,37,0.009877,0.0311,
3767,msp,1,0,osm_nodes,34,0.009879,0.033,
3768,msp,1,0,osm_nodes,31,0.009872,0.1094,
3769,msp,1,0,osm_nodes,24,0.009167,0.1327,
3770,msp,1,0,osm_nodes,24,0.008195,0.1759,
3771,msp,1,0,osm_nodes,16,0.003189,0.1656,
3772,msp,1,0,osm_nodes,14,0.003187,0.188,
3773,msp,1,0,osm_nodes,20,0.004059,0.1174,
3774,msp,1,0,osm_nodes,20,0.004219,0.1044,
3775,msp,0,0,osm_nodes,12,0.001556,0.1178,
3776,msp,0,0,osm_nodes,7,0.001936,0.0837,
3777,msp,0,0,osm_nodes,7,0.00195,0.0832,
3778,msp,0,0,osm_nodes,7,0.002091,0.0658,
3779,msp,1,0,osm_nodes,57,0.025339,0.1862,
3780,msp,1,0,osm_nodes,60,0.027082,0.171,
3781,msp,1,0,osm_nodes,57,0.026479,0.1812,
3782,msp,1,0,osm_nodes,66,0.029352,0.1914,
3783,msp,1,0,osm_nodes,60,0.028311,0.1935,
3784,msp,1,0,osm_nodes,67,0.030352,0.2073,
3785,msp,1,0,osm_nodes,66,0.029717,0.1985,
3786,msp,1,0,osm_nodes,75,0.032552,0.2254,
3787,msp,1,0,osm_nodes,67,0.030879,0.2272,
3788,msp,1,0,osm_nodes,29,0.019088,0.0489,
3789,msp,1,0,osm_nodes,29,0.019655,0.0695,
3790,msp,1,0,osm_nodes,30,0.020647,0.0883,
3791,msp,0,0,osm_nodes,22,0.0,0.0297,
3792,msp,1,0,osm_nodes,30,0.021283,0.1038,
3793,msp,1,0,osm_nodes,82,0.037415,0.2449,
3794,msp,1,0,osm_nodes,29,0.020756,0.1162,
3795,msp,1,0,osm_nodes,86,0.040139,0.3257,
3796,msp,1,0,osm_nodes,88,0.040082,0.2646,
3797,msp,0,0,osm_nodes,13,0.000132,0.2322,
3798,msp,1,0,osm_nodes,92,0.042077,0.2847,
3799,msp,1,0,osm_nodes,52,0.025316,0.3257,
3800,msp,1,0,osm_nodes,93,0.042168,0.2533,
3801,msp,1,0,osm_nodes,36,0.020868,0.1105,
3802,msp,1,0,osm_nodes,30,0.017172,0.0318,
3803,msp,1,0,osm_nodes,29,0.018183,0.0885,
3804,msp,1,0,osm_nodes,31,0.018721,0.16,
3805,msp,1,0,osm_nodes,29,0.017994,0.2162,
3806,msp,1,0,osm_nodes,28,0.017879,0.2315,
3807,msp,1,0,osm_nodes,39,0.021313,0.0282,
3808,msp,1,0,osm_nodes,28,0.017696,0.2711,
3809,msp,1,0,osm_nodes,29,0.018001,0.2854,
3810,msp,0,0,osm_nodes,55,0.025579,0.2728,
3811,msp,1,0,osm_nodes,28,0.016617,0.3081,
3812,msp,1,0,osm_nodes,41,0.023245,0.1036,
3813,msp,1,0,osm_nodes,25,0.014949,0.3161,
3814,msp,1,0,osm_nodes,87,0.035018,0.4222,
3815,msp,1,0,osm_nodes,86,0.034866,0.4185,
3816,msp,1,0,osm_nodes,84,0.034395,0.4097,
3817,msp,1,0,osm_nodes,36,0.021815,0.3565,
3818,msp,1,0,osm_nodes,90,0.03825,0.4593,
3819,msp,1,0,osm_nodes,21,0.014994,0.2875,
3820,msp,1,0,osm_nodes,87,0.037109,0.4614,
3821,msp,1,0,osm_nodes,89,0.038267,0.4579,
3822,msp,1,0,osm_nodes,55,0.028151,0.3969,
3823,msp,1,1,osm_nodes,41,0.025393,0.4713,
3824,msp,1,0,osm_nodes,28,0.019162,0.3935,
3825,msp,1,0,osm_nodes,22,0.01445,0.3734,
3826,msp,1,1,osm_nodes,43,0.028853,0.4662,
3827,msp,1,1,osm_nodes,41,0.026546,0.4712,
3828,msp,1,0,osm_nodes,27,0.018315,0.4479,
3829,msp,1,1,osm_nodes,44,0.02706,0.464,
3830,msp,1,0,osm_nodes,30,0.019016,0.4683,
3831,msp,1,1,osm_nodes,47,0.027636,0.4514,
3832,msp,1,0,osm_nodes,39,0.023538,0.5294,
3833,msp,1,0,osm_nodes,30,0.017631,0.2318,
3834,msp,1,0,osm_nodes,49,0.026178,0.5647,
3835,msp,1,0,osm_nodes,95,0.042049,0.5463,
3836,msp,1,0,osm_nodes,45,0.025682,0.5398,
3837,msp,1,0,osm_nodes,43,0.024998,0.5196,
3838,msp,1,0,osm_nodes,59,0.030978,0.3508,
3839,msp,1,0,osm_nodes,40,0.02084,0.2327,
3840,msp,1,0,osm_nodes,36,0.020342,0.2088,
3841,msp,1,0,osm_nodes,41,0.022501,0.3333,
3842,msp,1,0,osm_nodes,32,0.017128,0.1328,
3843,msp,1,0,osm_nodes,34,0.018155,0.1739,
3844,msp,1,0,osm_nodes,33,0.017896,0.1894,
3845,msp,1,0,osm_nodes,67,0.031572,0.3808,
3846,msp,1,0,osm_nodes,33,0.017556,0.1981,
3847,msp,1,0,osm_nodes,77,0.034485,0.3998,
3848,msp,1,0,osm_nodes,76,0.042355,0.4094,
3849,msp,1,0,osm_nodes,64,0.031381,0.4002,
3850,msp,1,0,osm_nodes,81,0.043333,0.3776,
3851,msp,1,0,osm_nodes,70,0.031102,0.4367,
3852,msp,1,0,osm_nodes,31,0.013341,0.1354,
3853,msp,1,0,osm_nodes,18,0.004248,0.0706,
3854,msp,1,0,osm_nodes,19,0.003466,0.0,
3855,msp,1,0,osm_nodes,19,0.003519,0.0,
3856,msp,0,0,osm_nodes,25,0.001983,0.0,
3857,msp,1,0,osm_nodes,18,0.00369,0.002,
3858,msp,0,0,osm_nodes,18,0.002451,0.0062,
3859,msp,0,0,osm_nodes,18,0.00219,0.0101,
3860,msp,0,0,osm_nodes,18,0.002569,0.0655,
3861,msp,0,0,osm_nodes,20,0.001694,0.1273,
3862,msp,0,0,osm_nodes,24,0.0,0.0841,
3863,msp,0,0,osm_nodes,17,0.0,0.2459,
3864,msp,0,0,osm_nodes,21,0.0,0.0452,
3865,msp,0,0,osm_nodes,21,0.0,0.1162,
3866,msp,0,0,osm_nodes,17,0.0,0.0467,
3867,msp,0,0,osm_nodes,17,0.0,0.0598,
3868,msp,0,0,osm_nodes,17,0.0,0.105,
3869,msp,0,0,osm_nodes,17,0.0,0.1102,
3870,msp,0,0,osm_nodes,18,0.0,0.0925,
3871,msp,0,0,osm_nodes,18,0.0,0.1327,
3872,msp,0,0,osm_nodes,18,0.0,0.0006,
3873,msp,0,0,osm_nodes,18,0.0,0.0142,
3874,msp,0,0,osm_nodes,16,0.0,0.0503,
3875,msp,0,0,osm_nodes,6,0.005678,0.0,
3876,msp,1,0,osm_nodes,8,0.008378,0.0389,
3877,msp,1,0,osm_nodes,9,0.008531,0.0,
3878,msp,1,0,osm_nodes,10,0.009824,0.0,
3879,msp,1,0,osm_nodes,10,0.010761,0.0,
3880,msp,0,0,osm_nodes,10,0.011038,0.0,
3881,msp,1,0,osm_nodes,10,0.013575,0.0,
3882,msp,1,0,osm_nodes,10,0.01008,0.0,
3883,msp,1,0,osm_nodes,10,0.009919,0.0,
3884,msp,1,0,osm_nodes,10,0.00992,0.0,
3885,msp,1,0,osm_nodes,10,0.009601,0.0,
3886,msp,0,0,osm_nodes,67,0.021345,0.2799,
3887,msp,0,0,osm_nodes,67,0.022046,0.2936,
3888,msp,1,0,osm_nodes,16,0.021857,0.2103,
3889,msp,1,0,osm_nodes,14,0.021987,0.188,
3890,msp,1,0,osm_nodes,14,0.021994,0.1843,
3891,msp,1,0,osm_nodes,16,0.021866,0.2073,
3892,msp,1,0,osm_nodes,22,0.0172,0.1355,
3893,msp,1,0,osm_nodes,22,0.017186,0.1301,
3894,msp,1,0,osm_nodes,22,0.016939,0.131,
3895,msp,1,0,osm_nodes,21,0.01674,0.1287,
3896,msp,1,0,osm_nodes,22,0.016731,0.1271,
3897,msp,1,0,osm_nodes,3,0.007297,0.0,
3898,msp,1,0,osm_nodes,15,0.013115,0.002,
3899,msp,1,0,osm_nodes,45,0.017986,0.0009,
3900,msp,1,0,osm_nodes,44,0.018394,0.0042,
3901,msp,1,0,osm_nodes,43,0.018011,0.0027,
3902,msp,1,0,osm_nodes,41,0.017244,0.0009,
3903,msp,1,0,osm_nodes,41,0.016942,0.0009,
3904,msp,1,0,osm_nodes,40,0.01837,0.0,
3905,msp,1,0,osm_nodes,16,0.010647,0.0241,
3906,msp,1,0,osm_nodes,16,0.010848,0.0278,
3907,msp,1,0,osm_nodes,16,0.010627,0.0245,
3908,msp,1,0,osm_nodes,21,0.016601,0.1352,
3909,msp,1,0,osm_nodes,18,0.019425,0.1484,
3910,msp,1,0,osm_nodes,18,0.019817,0.1556,
3911,msp,1,0,osm_nodes,18,0.019446,0.1487,
3912,msp,1,0,osm_nodes,21,0.016407,0.1363,
3913,msp,1,0,osm_nodes,18,0.019197,0.1481,
3914,msp,1,1,osm_nodes,11,0.016079,0.124,
3915,msp,1,0,osm_nodes,21,0.015951,0.1338,
3916,msp,1,0,osm_nodes,18,0.018528,0.1468,
3917,msp,1,0,osm_nodes,18,0.01939,0.1547,
3918,msp,1,0,osm_nodes,21,0.015699,0.1347,
3919,msp,1,0,osm_nodes,18,0.018244,0.1523,
3920,msp,1,0,osm_nodes,21,0.015622,0.1352,
3921,msp,1,1,osm_nodes,12,0.016324,0.1235,
3922,msp,1,1,osm_nodes,12,0.016301,0.1164,
3923,msp,1,0,osm_nodes,19,0.019243,0.1581,
3924,msp,1,0,osm_nodes,23,0.020087,0.1308,
3925,msp,1,0,osm_nodes,23,0.020079,0.1337,
3926,msp,1,0,osm_nodes,23,0.019977,0.1492,
3927,msp,1,0,osm_nodes,19,0.019339,0.1598,
3928,msp,1,0,osm_nodes,23,0.020139,0.1315,
3929,msp,1,0,osm_nodes,19,0.018843,0.1618,
3930,msp,1,0,osm_nodes,21,0.019003,0.1588,
3931,msp,1,0,osm_nodes,20,0.018847,0.1549,
3932,msp,1,0,osm_nodes,23,0.02013,0.1323,
3933,msp,1,0,osm_nodes,29,0.021039,0.187,
3934,msp,1,0,osm_nodes,15,0.01651,0.1099,
3935,msp,1,0,osm_nodes,24,0.021463,0.2335,
3936,msp,1,0,osm_nodes,18,0.020929,0.1925,
3937,msp,1,0,osm_nodes,23,0.021458,0.2326,
3938,msp,1,0,osm_nodes,18,0.020935,0.2086,
3939,msp,1,0,osm_nodes,16,0.017346,0.1317,
3940,msp,1,0,osm_nodes,28,0.021471,0.222,
3941,msp,1,0,osm_nodes,18,0.02096,0.1913,
3942,msp,1,0,osm_nodes,18,0.020975,0.2054,
3943,msp,1,0,osm_nodes,14,0.021379,0.1879,
3944,msp,1,0,osm_nodes,14,0.021386,0.1815,
3945,msp,1,0,osm_nodes,29,0.021469,0.2264,
3946,msp,1,0,osm_nodes,17,0.020938,0.2003,
3947,msp,1,0,osm_nodes,18,0.020964,0.2094,
3948,msp,1,0,osm_nodes,15,0.016105,0.0926,
3949,msp,1,0,osm_nodes,30,0.021446,0.2303,
3950,msp,1,0,osm_nodes,31,0.021096,0.1697,
3951,msp,1,0,osm_nodes,34,0.021031,0.1839,
3952,msp,1,0,osm_nodes,29,0.021428,0.2262,
3953,msp,1,0,osm_nodes,24,0.021461,0.2311,
3954,msp,1,0,osm_nodes,24,0.021457,0.241,
3955,msp,1,0,osm_nodes,17,0.02088,0.1956,
3956,msp,1,0,osm_nodes,18,0.020919,0.2146,
3957,msp,1,0,osm_nodes,15,0.016976,0.109,
3958,msp,1,0,osm_nodes,14,0.021383,0.1851,
3959,msp,1,0,osm_nodes,14,0.021388,0.1863,
3960,msp,1,0,osm_nodes,41,0.016876,0.0005,
3961,msp,1,0,osm_nodes,41,0.016708,0.0,
3962,msp,1,0,osm_nodes,39,0.01713,0.0,
3963,msp,1,0,osm_nodes,38,0.017632,0.0,
3964,msp,1,0,osm_nodes,38,0.017734,0.0,
3965,msp,1,0,osm_nodes,38,0.017485,0.0,
3966,msp,1,0,osm_nodes,17,0.017182,0.0694,
3967,msp,1,0,osm_nodes,24,0.019493,0.1543,
3968,msp,1,0,osm_nodes,16,0.017379,0.0656,
3969,msp,1,0,osm_nodes,23,0.01936,0.1475,
3970,msp,1,0,osm_nodes,16,0.017346,0.0649,
3971,msp,1,0,osm_nodes,21,0.021877,0.1987,
3972,msp,1,1,osm_nodes,20,0.021341,0.2072,
3973,msp,1,1,osm_nodes,21,0.021398,0.2194,
3974,msp,1,1,osm_nodes,22,0.02097,0.2262,
3975,msp,1,0,osm_nodes,20,0.02205,0.2183,
3976,msp,1,0,osm_nodes,18,0.021362,0.211,
3977,msp,1,0,osm_nodes,17,0.021392,0.2102,
3978,msp,1,0,osm_nodes,17,0.020749,0.2178,
3979,msp,1,0,osm_nodes,38,0.024398,0.1267,
3980,msp,1,0,osm_nodes,37,0.02433,0.1043,
3981,msp,1,0,osm_nodes,23,0.021642,0.213,
3982,msp,1,0,osm_nodes,25,0.022157,0.2023,
3983,msp,1,0,osm_nodes,37,0.024323,0.1043,
3984,msp,1,0,osm_nodes,38,0.024234,0.1261,
3985,msp,1,1,osm_nodes,20,0.021351,0.2132,
3986,msp,1,1,osm_nodes,21,0.021389,0.2178,
3987,msp,1,0,osm_nodes,22,0.021318,0.2041,
3988,msp,1,0,osm_nodes,21,0.021915,0.2144,
3989,msp,1,0,osm_nodes,17,0.020558,0.2237,
3990,msp,1,0,osm_nodes,17,0.021393,0.1985,
3991,msp,1,0,osm_nodes,17,0.0214,0.21,
3992,msp,1,0,osm_nodes,21,0.021666,0.181,
3993,msp,1,0,osm_nodes,17,0.020351,0.2264,
3994,msp,1,0,osm_nodes,20,0.017803,0.2089,
3995,msp,1,0,osm_nodes,35,0.023937,0.123,
3996,msp,1,0,osm_nodes,34,0.023466,0.114,
3997,msp,1,0,osm_nodes,28,0.021908,0.1982,
3998,msp,1,0,osm_nodes,36,0.023312,0.1085,
3999,msp,1,0,osm_nodes,35,0.023983,0.1223,
4000,msp,1,0,osm_nodes,34,0.023307,0.1144,
4001,msp,1,0,osm_nodes,15,0.019946,0.2751,
4002,msp,1,0,osm_nodes,16,0.020308,0.2281,
4003,msp,1,0,osm_nodes,16,0.020527,0.2209,
4004,msp,1,0,osm_nodes,17,0.016082,0.196,
4005,msp,1,0,osm_nodes,17,0.016427,0.2045,
4006,msp,1,0,osm_nodes,24,0.020643,0.2825,
4007,msp,1,0,osm_nodes,22,0.019907,0.2683,
4008,msp,1,0,osm_nodes,22,0.019909,0.2652,
4009,msp,1,0,osm_nodes,14,0.019943,0.2643,
4010,msp,1,0,osm_nodes,15,0.02009,0.2476,
4011,msp,1,0,osm_nodes,16,0.02046,0.2318,
4012,msp,1,0,osm_nodes,17,0.01625,0.2018,
4013,msp,1,0,osm_nodes,17,0.016599,0.2009,
4014,msp,1,0,osm_nodes,22,0.020293,0.2401,
4015,msp,1,0,osm_nodes,20,0.019561,0.2508,
4016,msp,1,0,osm_nodes,46,0.024482,0.2458,
4017,msp,1,0,osm_nodes,14,0.015524,0.164,
4018,msp,1,0,osm_nodes,45,0.02378,0.2279,
4019,msp,1,0,osm_nodes,47,0.024336,0.2312,
4020,msp,1,0,osm_nodes,51,0.02418,0.2286,
4021,msp,1,0,osm_nodes,47,0.024267,0.2382,
4022,msp,1,0,osm_nodes,19,0.021417,0.2031,
4023,msp,1,0,osm_nodes,19,0.021524,0.2021,
4024,msp,1,0,osm_nodes,14,0.015612,0.1661,
4025,msp,1,0,osm_nodes,44,0.022769,0.2196,
4026,msp,1,0,osm_nodes,45,0.023995,0.237,
4027,msp,1,0,osm_nodes,43,0.023663,0.2319,
4028,msp,1,0,osm_nodes,19,0.021415,0.1948,
4029,msp,1,0,osm_nodes,19,0.021405,0.2127,
4030,msp,1,0,osm_nodes,19,0.021408,0.1949,
4031,msp,1,0,osm_nodes,46,0.023934,0.2386,
4032,msp,1,0,osm_nodes,43,0.022707,0.2162,
4033,msp,1,0,osm_nodes,44,0.022998,0.221,
4034,msp,1,0,osm_nodes,42,0.023634,0.23,
4035,msp,1,0,osm_nodes,45,0.023788,0.2355,
4036,msp,1,0,osm_nodes,45,0.023894,0.2307,
4037,msp,1,0,osm_nodes,46,0.023971,0.2296,
4038,msp,1,0,osm_nodes,46,0.023836,0.2277,
4039,msp,1,0,osm_nodes,44,0.023783,0.2255,
4040,msp,1,1,osm_nodes,49,0.02436,0.0895,
4041,msp,1,1,osm_nodes,44,0.024516,0.0794,
4042,msp,1,1,osm_nodes,28,0.021459,0.1967,
4043,msp,1,1,osm_nodes,28,0.021558,0.1912,
4044,msp,1,1,osm_nodes,29,0.021525,0.2055,
4045,msp,1,1,osm_nodes,28,0.021577,0.1906,
4046,msp,1,1,osm_nodes,50,0.024517,0.0621,
4047,msp,1,1,osm_nodes,28,0.021502,0.1936,
4048,msp,1,1,osm_nodes,27,0.021593,0.1919,
4049,msp,1,1,osm_nodes,50,0.024505,0.0641,
4050,msp,1,1,osm_nodes,29,0.021548,0.1969,
4051,msp,1,1,osm_nodes,46,0.024511,0.0382,
4052,msp,1,1,osm_nodes,28,0.021465,0.1946,
4053,msp,1,1,osm_nodes,29,0.021528,0.1982,
4054,msp,1,1,osm_nodes,29,0.02154,0.1916,
4055,msp,1,1,osm_nodes,28,0.021471,0.1961,
4056,msp,1,1,osm_nodes,41,0.022229,0.0496,
4057,msp,1,1,osm_nodes,45,0.024526,0.0374,
4058,msp,1,0,osm_nodes,45,0.021671,0.2255,
4059,msp,1,0,osm_nodes,45,0.021846,0.1876,
4060,msp,0,0,osm_nodes,39,0.020181,0.2157,
4061,msp,0,0,osm_nodes,37,0.019119,0.195,
4062,msp,1,0,osm_nodes,28,0.02333,0.1624,
4063,msp,1,0,osm_nodes,28,0.02336,0.1476,
4064,msp,1,0,osm_nodes,28,0.023335,0.1621,
4065,msp,1,0,osm_nodes,28,0.023379,0.1448,
4066,msp,1,0,osm_nodes,28,0.023246,0.158,
4067,msp,1,0,osm_nodes,28,0.023255,0.1291,
4068,msp,1,0,osm_nodes,28,0.023209,0.1274,
4069,msp,1,0,osm_nodes,28,0.023207,0.1569,
4070,msp,1,0,osm_nodes,28,0.023097,0.12,
4071,msp,1,1,osm_nodes,28,0.019923,0.1787,
4072,msp,1,1,osm_nodes,27,0.020275,0.1917,
4073,msp,1,1,osm_nodes,28,0.019894,0.1767,
4074,msp,1,1,osm_nodes,28,0.019811,0.1768,
4075,msp,1,1,osm_nodes,27,0.020116,0.1911,
4076,msp,1,1,osm_nodes,28,0.019731,0.1752,
4077,msp,1,0,osm_nodes,24,0.018185,0.2356,
4078,msp,1,1,osm_nodes,27,0.021578,0.2369,
4079,msp,1,1,osm_nodes,26,0.021582,0.2529,
4080,msp,1,0,osm_nodes,25,0.018239,0.2378,
4081,msp,1,1,osm_nodes,27,0.021555,0.2426,
4082,msp,1,1,osm_nodes,26,0.021584,0.2577,
4083,msp,1,1,osm_nodes,30,0.015147,0.0,
4084,msp,1,1,osm_nodes,30,0.01535,0.0134,
4085,msp,1,0,osm_nodes,31,0.007731,0.0779,
4086,msp,1,1,osm_nodes,31,0.01532,0.0178,
4087,msp,1,0,osm_nodes,33,0.009946,0.0563,
4088,msp,0,0,osm_nodes,37,0.007149,0.1428,
4089,msp,1,0,osm_nodes,37,0.01129,0.0367,
4090,msp,0,0,osm_nodes,43,0.009472,0.1145,
4091,msp,1,0,osm_nodes,40,0.012036,0.0444,
4092,msp,1,0,osm_nodes,47,0.011382,0.1055,
4093,msp,1,0,osm_nodes,47,0.010508,0.1866,
4094,msp,1,0,osm_nodes,45,0.01,0.2083,
4095,msp,1,0,osm_nodes,45,0.010555,0.229,
4096,msp,0,0,osm_nodes,49,0.013178,0.2864,
4097,msp,1,0,osm_nodes,53,0.012312,0.1898,
4098,msp,1,0,osm_nodes,52,0.012187,0.2227,
4099,msp,1,0,osm_nodes,52,0.015371,0.0797,
4100,msp,1,0,osm_nodes,55,0.015324,0.0797,
4101,msp,1,0,osm_nodes,54,0.015618,0.0791,
4102,msp,1,0,osm_nodes,55,0.016009,0.0546,
4103,msp,1,1,osm_nodes,37,0.016312,0.2757,
4104,msp,1,0,osm_nodes,52,0.016339,0.0544,
4105,msp,1,1,osm_nodes,35,0.016212,0.2357,
4106,msp,1,1,osm_nodes,35,0.016459,0.2393,
4107,msp,1,0,osm_nodes,53,0.014231,0.0343,
4108,msp,1,0,osm_nodes,53,0.015547,0.0427,
4109,msp,1,0,osm_nodes,53,0.017135,0.0756,
4110,msp,1,1,osm_nodes,34,0.016115,0.2278,
4111,msp,1,1,osm_nodes,37,0.017541,0.2823,
4112,msp,1,1,osm_nodes,36,0.018432,0.2333,
4113,msp,1,1,osm_nodes,26,0.019619,0.1688,
4114,msp,1,1,osm_nodes,21,0.018541,0.1744,
4115,msp,1,0,osm_nodes,18,0.017624,0.1687,
4116,msp,1,0,osm_nodes,50,0.017436,0.1275,
4117,msp,1,0,osm_nodes,56,0.016397,0.0628,
4118,msp,1,0,osm_nodes,65,0.019575,0.0334,
4119,msp,1,1,osm_nodes,26,0.019572,0.171,
4120,msp,1,0,osm_nodes,14,0.017611,0.168,
4121,msp,1,1,osm_nodes,22,0.019141,0.1721,
4122,msp,1,1,osm_nodes,38,0.018584,0.2049,
4123,msp,1,1,osm_nodes,34,0.016775,0.2089,
4124,msp,1,0,osm_nodes,50,0.017087,0.1494,
4125,msp,1,1,osm_nodes,38,0.0192,0.1966,
4126,msp,1,1,osm_nodes,38,0.018922,0.1912,
4127,msp,1,0,osm_nodes,59,0.017909,0.0867,
4128,msp,1,0,osm_nodes,56,0.017689,0.0939,
4129,msp,1,0,osm_nodes,40,0.014304,0.153,
4130,msp,1,0,osm_nodes,39,0.014008,0.1432,
4131,msp,1,0,osm_nodes,40,0.013415,0.1288,
4132,msp,1,0,osm_nodes,25,0.017136,0.1938,
4133,msp,1,0,osm_nodes,31,0.018153,0.2125,
4134,msp,1,0,osm_nodes,31,0.018257,0.2097,
4135,msp,1,0,osm_nodes,28,0.01742,0.1956,
4136,msp,1,0,osm_nodes,38,0.019799,0.1376,
4137,msp,1,0,osm_nodes,19,0.014387,0.0,
4138,msp,1,0,osm_nodes,20,0.014478,0.0,
4139,msp,1,0,osm_nodes,22,0.014978,0.0,
4140,msp,1,0,osm_nodes,25,0.015958,0.0,
4141,msp,1,0,osm_nodes,23,0.015814,0.0,
4142,msp,1,0,osm_nodes,14,0.018135,0.0,
4143,msp,1,1,osm_nodes,25,0.018548,0.1186,
4144,msp,1,1,osm_nodes,25,0.018512,0.1385,
4145,msp,1,1,osm_nodes,21,0.018805,0.1896,
4146,msp,1,1,osm_nodes,21,0.018741,0.1879,
4147,msp,1,0,osm_nodes,28,0.021495,0.1738,
4148,msp,1,0,osm_nodes,30,0.021472,0.1861,
4149,msp,1,0,osm_nodes,28,0.021511,0.1727,
4150,msp,1,0,osm_nodes,34,0.021387,0.2288,
4151,msp,1,0,osm_nodes,28,0.021495,0.1848,
4152,msp,1,0,osm_nodes,28,0.02149,0.1805,
4153,msp,1,0,osm_nodes,29,0.021474,0.18,
4154,msp,1,0,osm_nodes,31,0.020636,0.2137,
4155,msp,1,0,osm_nodes,33,0.021498,0.2228,
4156,msp,1,0,osm_nodes,26,0.01857,0.1973,
4157,msp,1,0,osm_nodes,20,0.018573,0.1868,
4158,msp,1,0,osm_nodes,19,0.018394,0.1548,
4159,msp,1,0,osm_nodes,20,0.017991,0.1312,
4160,msp,1,0,osm_nodes,21,0.017553,0.1458,
4161,msp,1,0,osm_nodes,20,0.018068,0.1519,
4162,msp,1,0,osm_nodes,19,0.016935,0.0682,
4163,msp,1,0,osm_nodes,21,0.017556,0.1447,
4164,msp,1,0,osm_nodes,19,0.018038,0.1079,
4165,msp,1,0,osm_nodes,20,0.01778,0.1462,
4166,msp,1,0,osm_nodes,20,0.017752,0.1451,
4167,msp,1,0,osm_nodes,19,0.018341,0.1025,
4168,msp,1,0,osm_nodes,21,0.019436,0.1292,
4169,msp,1,0,osm_nodes,21,0.018397,0.0873,
4170,msp,1,0,osm_nodes,21,0.019379,0.1233,
4171,msp,1,0,osm_nodes,20,0.017569,0.0482,
4172,msp,1,0,osm_nodes,19,0.017349,0.0817,
4173,msp,1,0,osm_nodes,17,0.014461,0.1152,
4174,msp,1,0,osm_nodes,19,0.017713,0.087,
4175,msp,1,0,osm_nodes,19,0.018509,0.1379,
4176,msp,1,0,osm_nodes,17,0.012552,0.1115,
4177,msp,1,0,osm_nodes,17,0.013345,0.1083,
4178,msp,1,0,osm_nodes,17,0.013349,0.1087,
4179,msp,1,0,osm_nodes,17,0.014432,0.1153,
4180,msp,1,0,osm_nodes,19,0.018204,0.1425,
4181,msp,1,0,osm_nodes,27,0.01934,0.0867,
4182,msp,1,0,osm_nodes,21,0.018425,0.1367,
4183,msp,1,0,osm_nodes,22,0.018614,0.1312,
4184,msp,1,0,osm_nodes,21,0.017512,0.0946,
4185,msp,1,0,osm_nodes,24,0.021078,0.1552,
4186,msp,1,0,osm_nodes,31,0.021805,0.1175,
4187,msp,1,0,osm_nodes,29,0.021594,0.1223,
4188,msp,1,0,osm_nodes,27,0.021348,0.129,
4189,msp,1,0,osm_nodes,24,0.021111,0.1542,
4190,msp,1,0,osm_nodes,31,0.02196,0.1456,
4191,msp,1,0,osm_nodes,27,0.021315,0.1548,
4192,msp,1,0,osm_nodes,26,0.021452,0.1671,
4193,msp,1,0,osm_nodes,38,0.019714,0.1215,
4194,msp,1,0,osm_nodes,33,0.019317,0.1392,
4195,msp,1,0,osm_nodes,34,0.019684,0.1476,
4196,msp,1,0,osm_nodes,38,0.020528,0.1547,
4197,msp,1,0,osm_nodes,39,0.02029,0.1547,
4198,msp,1,0,osm_nodes,41,0.019727,0.1547,
4199,msp,1,0,osm_nodes,34,0.020233,0.1633,
4200,msp,1,0,osm_nodes,39,0.020702,0.1936,
4201,msp,1,0,osm_nodes,40,0.020295,0.1919,
4202,msp,1,0,osm_nodes,41,0.02004,0.1888,
4203,msp,1,0,osm_nodes,35,0.020513,0.1782,
4204,msp,1,0,osm_nodes,32,0.021984,0.236,
4205,msp,1,0,osm_nodes,32,0.02168,0.2269,
4206,msp,1,0,osm_nodes,36,0.02139,0.1899,
4207,msp,1,0,osm_nodes,27,0.021596,0.2133,
4208,msp,1,0,osm_nodes,28,0.021679,0.2137,
4209,msp,1,0,osm_nodes,36,0.021347,0.1829,
4210,msp,1,0,osm_nodes,37,0.021769,0.1942,
4211,msp,1,0,osm_nodes,43,0.020884,0.2658,
4212,msp,1,0,osm_nodes,45,0.020704,0.279,
4213,msp,1,0,osm_nodes,37,0.021738,0.1933,
4214,msp,1,0,osm_nodes,44,0.020774,0.2724,
4215,msp,1,0,osm_nodes,37,0.021514,0.1924,
4216,msp,1,0,osm_nodes,28,0.021647,0.2154,
4217,msp,1,0,osm_nodes,27,0.021604,0.1963,
4218,msp,1,0,osm_nodes,43,0.020911,0.2896,
4219,msp,1,0,osm_nodes,35,0.021287,0.1764,
4220,msp,1,0,osm_nodes,37,0.021526,0.1966,
4221,msp,1,0,osm_nodes,43,0.020684,0.2673,
4222,msp,1,0,osm_nodes,42,0.019808,0.2653,
4223,msp,1,0,osm_nodes,20,0.018638,0.1749,
4224,msp,1,0,osm_nodes,22,0.02034,0.2038,
4225,msp,1,0,osm_nodes,24,0.021745,0.2385,
4226,msp,1,0,osm_nodes,25,0.021712,0.2663,
4227,msp,0,0,osm_nodes,11,0.007754,0.1924,
4228,msp,0,0,osm_nodes,9,0.005097,0.1436,
4229,msp,1,0,osm_nodes,20,0.015453,0.1361,
4230,msp,1,0,osm_nodes,21,0.016359,0.119,
4231,msp,1,0,osm_nodes,26,0.010503,0.1303,
4232,msp,0,0,osm_nodes,26,0.010396,0.1069,
4233,msp,1,0,osm_nodes,28,0.0127,0.201,
4234,msp,1,0,osm_nodes,28,0.012657,0.1822,
4235,msp,1,0,osm_nodes,28,0.012638,0.1646,
4236,msp,1,0,osm_nodes,29,0.015445,0.1593,
4237,msp,1,0,osm_nodes,29,0.015579,0.1649,
4238,msp,1,0,osm_nodes,33,0.016289,0.201,
4239,msp,1,0,osm_nodes,33,0.016882,0.1687,
4240,msp,1,0,osm_nodes,33,0.016366,0.2024,
4241,msp,1,0,osm_nodes,33,0.016889,0.1685,
4242,msp,1,0,osm_nodes,30,0.016793,0.2206,
4243,msp,1,0,osm_nodes,33,0.017301,0.1755,
4244,msp,1,0,osm_nodes,30,0.016785,0.2222,
4245,msp,1,0,osm_nodes,33,0.017325,0.174,
4246,msp,0,0,osm_nodes,9,0.003653,0.0653,
4247,msp,0,0,osm_nodes,20,0.00987,0.0667,
4248,msp,0,0,osm_nodes,14,0.007321,0.046,
4249,msp,1,0,osm_nodes,35,0.02314,0.1889,
4250,msp,1,0,osm_nodes,44,0.023798,0.2692,
4251,msp,1,0,osm_nodes,45,0.023115,0.2955,
4252,msp,1,0,osm_nodes,40,0.020678,0.2525,
4253,msp,1,0,osm_nodes,49,0.02414,0.2696,
4254,msp,1,0,osm_nodes,47,0.023749,0.2524,
4255,msp,1,0,osm_nodes,49,0.024296,0.2739,
4256,msp,1,0,osm_nodes,49,0.024189,0.2719,
4257,msp,1,0,osm_nodes,48,0.023905,0.2541,
4258,msp,1,0,osm_nodes,49,0.024085,0.2661,
4259,msp,1,0,osm_nodes,46,0.022886,0.2418,
4260,msp,1,0,osm_nodes,46,0.022751,0.2384,
4261,msp,1,0,osm_nodes,46,0.02284,0.2494,
4262,msp,1,0,osm_nodes,51,0.022207,0.3,
4263,msp,1,0,osm_nodes,46,0.022631,0.2739,
4264,msp,1,0,osm_nodes,54,0.021822,0.2612,
4265,msp,1,0,osm_nodes,54,0.020269,0.1466,
4266,msp,1,0,osm_nodes,51,0.020218,0.1256,
4267,msp,1,0,osm_nodes,52,0.021166,0.1466,
4268,msp,1,0,osm_nodes,40,0.017256,0.169,
4269,msp,1,0,osm_nodes,43,0.018689,0.1891,
4270,msp,1,0,osm_nodes,42,0.019056,0.209,
4271,msp,1,0,osm_nodes,32,0.014102,0.1753,
4272,msp,1,0,osm_nodes,36,0.016633,0.2401,
4273,msp,1,0,osm_nodes,30,0.016029,0.2284,
4274,msp,1,0,osm_nodes,32,0.017092,0.224,
4275,msp,1,0,osm_nodes,29,0.016372,0.181,
4276,msp,1,0,osm_nodes,24,0.016602,0.1725,
4277,msp,1,0,osm_nodes,27,0.018062,0.1356,
4278,msp,1,0,osm_nodes,28,0.017415,0.1455,
4279,msp,1,0,osm_nodes,29,0.018148,0.1539,
4280,msp,1,0,osm_nodes,26,0.020352,0.2029,
4281,msp,1,0,osm_nodes,25,0.019647,0.1968,
4282,msp,1,0,osm_nodes,25,0.01898,0.2032,
4283,msp,1,0,osm_nodes,33,0.022231,0.2131,
4284,msp,1,0,osm_nodes,32,0.022079,0.1977,
4285,msp,1,0,osm_nodes,32,0.022152,0.214,
4286,msp,1,0,osm_nodes,32,0.022325,0.2141,
4287,msp,1,0,osm_nodes,32,0.022184,0.215,
4288,msp,1,0,osm_nodes,33,0.022049,0.1962,
4289,msp,1,0,osm_nodes,31,0.021422,0.1903,
4290,msp,1,0,osm_nodes,28,0.0198,0.198,
4291,msp,1,0,osm_nodes,34,0.021977,0.196,
4292,msp,1,0,osm_nodes,49,0.027345,0.22,
4293,msp,1,0,osm_nodes,49,0.027145,0.2049,
4294,msp,1,0,osm_nodes,48,0.026891,0.2336,
4295,msp,1,0,osm_nodes,43,0.023778,0.1967,
4296,msp,1,0,osm_nodes,46,0.024337,0.2207,
4297,msp,1,0,osm_nodes,34,0.023103,0.2024,
4298,msp,1,0,osm_nodes,34,0.023223,0.2272,
4299,msp,1,0,osm_nodes,34,0.023099,0.2025,
4300,msp,1,0,osm_nodes,34,0.023121,0.2042,
4301,msp,1,0,osm_nodes,36,0.023395,0.2258,
4302,msp,1,0,osm_nodes,33,0.022847,0.2192,
4303,msp,1,0,osm_nodes,33,0.022867,0.2193,
4304,msp,1,0,osm_nodes,32,0.023062,0.2477,
4305,msp,1,0,osm_nodes,30,0.023009,0.2479,
4306,msp,1,0,osm_nodes,31,0.022799,0.2389,
4307,msp,1,0,osm_nodes,30,0.022562,0.2385,
4308,msp,1,0,osm_nodes,30,0.022568,0.2435,
4309,msp,1,0,osm_nodes,30,0.022578,0.2462,
4310,msp,1,0,osm_nodes,30,0.021624,0.2502,
4311,msp,1,0,osm_nodes,32,0.023908,0.2209,
4312,msp,1,0,osm_nodes,32,0.021387,0.1863,
4313,msp,1,0,osm_nodes,41,0.020087,0.2373,
4314,msp,1,0,osm_nodes,41,0.020159,0.2388,
4315,msp,1,0,osm_nodes,47,0.022229,0.307,
4316,msp,1,0,osm_nodes,46,0.022994,0.2464,
4317,msp,1,0,osm_nodes,47,0.023322,0.2388,
4318,msp,1,0,osm_nodes,61,0.022724,0.3694,
4319,msp,1,0,osm_nodes,55,0.023315,0.333,
4320,msp,0,0,osm_nodes,36,0.006224,0.0467,
4321,msp,1,0,osm_nodes,51,0.024282,0.2203,
4322,msp,1,0,osm_nodes,61,0.023094,0.3928,
4323,msp,1,0,osm_nodes,61,0.024514,0.3279,
4324,msp,1,0,osm_nodes,52,0.024159,0.2377,
4325,msp,1,0,osm_nodes,49,0.024433,0.2036,
4326,msp,1,0,osm_nodes,51,0.024418,0.2184,
4327,msp,1,0,osm_nodes,53,0.024175,0.2404,
4328,msp,1,0,osm_nodes,63,0.024534,0.3333,
4329,msp,1,0,osm_nodes,47,0.025148,0.1755,
4330,msp,1,0,osm_nodes,54,0.024286,0.25,
4331,msp,1,0,osm_nodes,9,0.004734,0.0,
4332,msp,0,0,osm_nodes,13,0.002877,0.1132,
4333,msp,1,0,osm_nodes,61,0.024428,0.3,
4334,msp,1,0,osm_nodes,61,0.024759,0.2938,
4335,msp,1,0,osm_nodes,62,0.025955,0.2574,
4336,msp,1,0,osm_nodes,45,0.010033,0.0803,
4337,msp,1,0,osm_nodes,41,0.009646,0.0728,
4338,msp,1,0,osm_nodes,56,0.023791,0.304,
4339,msp,1,0,osm_nodes,60,0.025732,0.2811,
4340,msp,1,0,osm_nodes,62,0.025879,0.2747,
4341,msp,1,0,osm_nodes,53,0.023615,0.2979,
4342,msp,1,0,osm_nodes,60,0.026079,0.2195,
4343,msp,1,0,osm_nodes,59,0.025534,0.2475,
4344,msp,1,0,osm_nodes,63,0.026389,0.2211,
4345,msp,1,0,osm_nodes,63,0.026198,0.2317,
4346,msp,1,0,osm_nodes,48,0.022346,0.257,
4347,msp,1,0,osm_nodes,59,0.025592,0.2506,
4348,msp,1,0,osm_nodes,47,0.022339,0.256,
4349,msp,1,0,osm_nodes,45,0.014972,0.0915,
4350,msp,1,0,osm_nodes,54,0.019021,0.1385,
4351,msp,1,0,osm_nodes,45,0.014252,0.0768,
4352,msp,1,0,osm_nodes,53,0.020373,0.1521,
4353,msp,1,0,osm_nodes,51,0.019141,0.2231,
4354,msp,1,0,osm_nodes,50,0.017822,0.3241,
4355,msp,1,0,osm_nodes,54,0.019808,0.2566,
4356,msp,1,0,osm_nodes,59,0.025979,0.2162,
4357,msp,1,0,osm_nodes,55,0.026991,0.226,
4358,msp,0,0,osm_nodes,47,0.02594,0.2279,
4359,msp,1,0,osm_nodes,55,0.026409,0.2153,
4360,msp,1,0,osm_nodes,42,0.022036,0.1886,
4361,msp,1,0,osm_nodes,43,0.025297,0.1444,
4362,msp,1,0,osm_nodes,46,0.020244,0.2824,
4363,msp,1,0,osm_nodes,44,0.019787,0.2876,
4364,msp,1,0,osm_nodes,42,0.019459,0.2854,
4365,msp,1,0,osm_nodes,41,0.02163,0.1679,
4366,msp,1,0,osm_nodes,46,0.022296,0.2432,
4367,msp,1,0,osm_nodes,45,0.022456,0.2379,
4368,msp,1,0,osm_nodes,44,0.022332,0.2165,
4369,msp,1,0,osm_nodes,49,0.023599,0.1023,
4370,msp,1,0,osm_nodes,44,0.024118,0.0915,
4371,msp,1,0,osm_nodes,42,0.022465,0.066,
4372,msp,1,0,osm_nodes,44,0.022655,0.0829,
4373,msp,1,0,osm_nodes,8,0.0084,0.0556,
4374,msp,1,0,osm_nodes,42,0.022581,0.0816,
4375,msp,1,0,osm_nodes,8,0.008144,0.0382,
4376,msp,1,0,osm_nodes,8,0.008171,0.0411,
4377,msp,1,0,osm_nodes,42,0.022255,0.0606,
4378,msp,1,0,osm_nodes,8,0.007658,0.0475,
4379,msp,1,0,osm_nodes,41,0.024423,0.0891,
4380,msp,1,0,osm_nodes,42,0.024502,0.0893,
4381,msp,1,0,osm_nodes,39,0.02437,0.0927,
4382,msp,1,0,osm_nodes,39,0.024217,0.0952,
4383,msp,1,0,osm_nodes,42,0.024393,0.0817,
4384,msp,1,0,osm_nodes,38,0.025011,0.0934,
4385,msp,1,0,osm_nodes,28,0.024252,0.0879,
4386,msp,1,0,osm_nodes,9,0.010466,0.014,
4387,msp,1,0,osm_nodes,10,0.012269,0.0501,
4388,msp,1,0,osm_nodes,12,0.015097,0.0515,
4389,msp,1,0,osm_nodes,20,0.017735,0.0019,
4390,msp,1,0,osm_nodes,38,0.023376,0.1073,
4391,msp,1,0,osm_nodes,27,0.019586,0.1301,
4392,msp,1,0,osm_nodes,28,0.020026,0.1319,
4393,msp,0,0,osm_nodes,11,0.000568,0.0093,
4394,msp,0,0,osm_nodes,11,0.000431,0.0,
4395,msp,0,0,osm_nodes,14,0.000495,0.0,
4396,msp,0,0,osm_nodes,11,0.0,0.0,
4397,msp,1,0,osm_nodes,10,0.003806,0.0,
4398,msp,1,0,osm_nodes,12,0.003868,0.0,
4399,msp,1,0,osm_nodes,12,0.003876,0.0,
4400,msp,0,0,osm_nodes,1,8.3e-05,0.0,
4401,msp,1,0,osm_nodes,2,0.009717,0.0,
4402,msp,1,0,osm_nodes,24,0.021377,0.1439,
4403,msp,1,0,osm_nodes,14,0.019972,0.0848,
4404,msp,1,0,osm_nodes,24,0.021418,0.1424,
4405,msp,1,0,osm_nodes,24,0.021417,0.1429,
4406,msp,1,0,osm_nodes,24,0.021389,0.1438,
4407,msp,1,0,osm_nodes,14,0.01972,0.0721,
4408,msp,1,0,osm_nodes,14,0.019081,0.089,
4409,msp,1,1,osm_nodes,9,0.014086,0.0575,
4410,msp,1,1,osm_nodes,11,0.0163,0.0673,
4411,msp,1,1,osm_nodes,8,0.010767,0.005,
4412,msp,1,0,osm_nodes,12,0.018768,0.1549,
4413,msp,1,0,osm_nodes,12,0.018689,0.1561,
4414,msp,1,0,osm_nodes,11,0.01879,0.1703,
4415,msp,1,0,osm_nodes,11,0.018605,0.143,
4416,msp,1,0,osm_nodes,11,0.018585,0.1391,
4417,msp,1,0,osm_nodes,11,0.018752,0.1553,
4418,msp,1,0,osm_nodes,11,0.018737,0.1479,
4419,msp,1,0,osm_nodes,13,0.016272,0.0807,
4420,msp,1,0,osm_nodes,11,0.015816,0.0819,
4421,msp,1,0,osm_nodes,49,0.022246,0.3082,
4422,msp,1,0,osm_nodes,40,0.02044,0.1982,
4423,msp,1,0,osm_nodes,46,0.022368,0.2041,
4424,msp,1,0,osm_nodes,47,0.022341,0.235,
4425,msp,1,0,osm_nodes,39,0.020655,0.1721,
4426,msp,1,0,osm_nodes,40,0.020855,0.1754,
4427,msp,1,0,osm_nodes,44,0.022233,0.1851,
4428,msp,1,0,osm_nodes,10,0.015822,0.0008,
4429,msp,1,0,osm_nodes,12,0.015223,0.0099,
4430,msp,1,0,osm_nodes,21,0.021474,0.1829,
4431,msp,1,0,osm_nodes,21,0.021494,0.1955,
4432,msp,1,0,osm_nodes,24,0.02141,0.1439,
4433,msp,1,0,osm_nodes,24,0.021438,0.1399,
4434,msp,1,0,osm_nodes,24,0.02042,0.2101,
4435,msp,1,0,osm_nodes,20,0.019145,0.1886,
4436,msp,1,0,osm_nodes,24,0.020116,0.2077,
4437,msp,1,0,osm_nodes,24,0.021441,0.1339,
4438,msp,1,0,osm_nodes,21,0.02149,0.2066,
4439,msp,1,0,osm_nodes,21,0.021469,0.1981,
4440,msp,1,0,osm_nodes,24,0.02141,0.1366,
4441,msp,1,0,osm_nodes,23,0.022585,0.1827,
4442,msp,1,0,osm_nodes,27,0.0228,0.1788,
4443,msp,1,0,osm_nodes,22,0.019685,0.1827,
4444,msp,1,1,osm_nodes,49,0.020646,0.0168,
4445,msp,1,1,osm_nodes,57,0.020864,0.0404,
4446,msp,1,1,osm_nodes,56,0.020243,0.0368,
4447,msp,1,0,osm_nodes,38,0.025008,0.0625,
4448,msp,1,0,osm_nodes,24,0.022189,0.1694,
4449,msp,1,0,osm_nodes,33,0.026713,0.1142,
4450,msp,1,0,osm_nodes,22,0.021536,0.1735,
4451,msp,1,0,osm_nodes,33,0.026732,0.131,
4452,msp,1,0,osm_nodes,32,0.025372,0.115,
4453,msp,1,0,osm_nodes,32,0.025272,0.1312,
4454,msp,1,0,osm_nodes,23,0.021165,0.191,
4455,msp,1,0,osm_nodes,23,0.021165,0.1899,
4456,msp,1,0,osm_nodes,22,0.021568,0.1711,
4457,msp,1,0,osm_nodes,31,0.02529,0.1278,
4458,msp,1,0,osm_nodes,32,0.025376,0.1176,
4459,msp,1,0,osm_nodes,23,0.021185,0.1873,
4460,msp,1,0,osm_nodes,23,0.021193,0.1889,
4461,msp,1,0,osm_nodes,23,0.021928,0.1607,
4462,msp,1,0,osm_nodes,22,0.021551,0.1612,
4463,msp,1,0,osm_nodes,31,0.025271,0.1227,
4464,msp,1,0,osm_nodes,31,0.025189,0.1283,
4465,msp,1,0,osm_nodes,23,0.021195,0.1817,
4466,msp,1,0,osm_nodes,23,0.021198,0.1794,
4467,msp,1,0,osm_nodes,24,0.021941,0.1609,
4468,msp,1,0,osm_nodes,22,0.021512,0.1606,
4469,msp,1,0,osm_nodes,31,0.025256,0.1237,
4470,msp,1,0,osm_nodes,31,0.025155,0.1298,
4471,msp,1,0,osm_nodes,23,0.021172,0.1831,
4472,msp,1,0,osm_nodes,23,0.021175,0.1803,
4473,msp,1,0,osm_nodes,21,0.021112,0.14,
4474,msp,1,0,osm_nodes,21,0.021135,0.1402,
4475,msp,1,0,osm_nodes,21,0.02113,0.141,
4476,msp,1,0,osm_nodes,21,0.02111,0.1514,
4477,msp,1,0,osm_nodes,21,0.021112,0.1509,
4478,msp,1,0,osm_nodes,21,0.021093,0.1527,
4479,msp,1,0,osm_nodes,21,0.021091,0.154,
4480,msp,1,0,osm_nodes,21,0.016516,0.0919,
4481,msp,1,0,osm_nodes,25,0.018159,0.0899,
4482,msp,1,0,osm_nodes,19,0.015737,0.0,
4483,msp,0,0,osm_nodes,25,0.018045,0.0,
4484,msp,1,0,osm_nodes,41,0.018353,0.0227,
4485,msp,1,0,osm_nodes,39,0.018125,0.0326,
4486,msp,1,0,osm_nodes,19,0.021024,0.1387,
4487,msp,1,0,osm_nodes,19,0.021525,0.1195,
4488,msp,1,0,osm_nodes,19,0.021045,0.1642,
4489,msp,1,0,osm_nodes,19,0.021524,0.1356,
4490,msp,1,0,osm_nodes,15,0.020873,0.141,
4491,msp,1,0,osm_nodes,27,0.017522,0.1049,
4492,msp,1,0,osm_nodes,25,0.016783,0.0943,
4493,msp,1,0,osm_nodes,19,0.021043,0.1356,
4494,msp,1,0,osm_nodes,19,0.021018,0.1362,
4495,msp,1,0,osm_nodes,19,0.021583,0.1441,
4496,msp,1,0,osm_nodes,29,0.01735,0.032,
4497,msp,1,0,osm_nodes,31,0.018399,0.0152,
4498,msp,1,0,osm_nodes,30,0.016297,0.0,
4499,msp,1,0,osm_nodes,44,0.020084,0.0065,
4500,msp,1,0,osm_nodes,44,0.020186,0.0059,
4501,msp,1,0,osm_nodes,44,0.020657,0.0051,
4502,msp,1,0,osm_nodes,18,0.019347,0.1512,
4503,msp,1,0,osm_nodes,12,0.015042,0.086,
4504,msp,1,0,osm_nodes,18,0.019731,0.1501,
4505,msp,1,0,osm_nodes,18,0.019378,0.1525,
4506,msp,1,0,osm_nodes,18,0.019547,0.1501,
4507,msp,1,0,osm_nodes,18,0.019204,0.1497,
4508,msp,1,0,osm_nodes,18,0.019134,0.1513,
4509,msp,1,0,osm_nodes,18,0.019535,0.1507,
4510,msp,1,0,osm_nodes,12,0.01445,0.0706,
4511,msp,0,0,osm_nodes,47,0.023406,0.0119,
4512,msp,1,0,osm_nodes,48,0.022223,0.0026,
4513,msp,1,0,osm_nodes,53,0.023492,0.0,
4514,msp,1,0,osm_nodes,58,0.024024,0.0,
4515,msp,1,0,osm_nodes,73,0.035368,0.0035,
4516,msp,1,0,osm_nodes,59,0.020296,0.0104,
4517,msp,1,0,osm_nodes,59,0.020501,0.0104,
4518,msp,1,0,osm_nodes,55,0.020179,0.0104,
4519,msp,1,0,osm_nodes,79,0.025586,0.0,
4520,msp,1,0,osm_nodes,62,0.021303,0.0104,
4521,msp,1,0,osm_nodes,62,0.02133,0.0104,
4522,msp,1,0,osm_nodes,62,0.021456,0.0104,
4523,msp,1,0,osm_nodes,16,0.018558,0.0846,
4524,msp,1,0,osm_nodes,16,0.018529,0.0895,
4525,msp,1,0,osm_nodes,50,0.022175,0.012,
4526,msp,1,0,osm_nodes,52,0.022375,0.0209,
4527,msp,1,0,osm_nodes,56,0.022587,0.0386,
4528,msp,0,0,osm_nodes,86,0.027391,0.0,
4529,msp,0,1,osm_nodes,62,0.023829,0.0,
4530,msp,1,1,osm_nodes,64,0.023441,0.0,
4531,msp,1,0,osm_nodes,23,0.013739,0.172,
4532,msp,1,0,osm_nodes,22,0.013173,0.1772,
4533,msp,1,0,osm_nodes,40,0.017071,0.1128,
4534,msp,1,0,osm_nodes,38,0.016588,0.1264,
4535,msp,1,0,osm_nodes,38,0.015921,0.1397,
4536,msp,1,0,osm_nodes,51,0.019523,0.0775,
4537,msp,0,0,osm_nodes,19,0.006481,0.1463,
4538,msp,1,0,osm_nodes,48,0.019284,0.1214,
4539,msp,1,0,osm_nodes,48,0.019252,0.127,
4540,msp,1,0,osm_nodes,46,0.019483,0.1256,
4541,msp,1,1,osm_nodes,25,0.015642,0.0,
4542,msp,1,0,osm_nodes,13,0.01398,0.0903,
4543,msp,1,0,osm_nodes,15,0.01475,0.1014,
4544,msp,0,0,osm_nodes,3,0.002737,0.003,
4545,msp,0,0,osm_nodes,3,0.003062,0.003,
4546,msp,1,0,osm_nodes,28,0.016145,0.0,
4547,msp,1,0,osm_nodes,27,0.016334,0.0,
4548,msp,1,1,osm_nodes,28,0.013367,0.0,
4549,msp,0,1,osm_nodes,27,0.012418,0.0,
4550,msp,1,0,osm_nodes,30,0.017805,0.003,
4551,msp,1,1,osm_nodes,30,0.015473,0.0,
4552,msp,1,1,osm_nodes,30,0.014535,0.0,
4553,msp,1,0,osm_nodes,31,0.018163,0.003,
4554,msp,1,1,osm_nodes,29,0.01337,0.0082,
4555,msp,1,0,osm_nodes,26,0.01849,0.003,
4556,msp,1,0,osm_nodes,26,0.018303,0.003,
4557,msp,1,0,osm_nodes,26,0.018319,0.003,
4558,msp,1,0,osm_nodes,13,0.010009,0.111,
4559,msp,1,0,osm_nodes,26,0.017494,0.003,
4560,msp,1,0,osm_nodes,26,0.017451,0.003,
4561,msp,1,0,osm_nodes,25,0.017161,0.003,
4562,msp,1,0,osm_nodes,26,0.017324,0.0,
4563,msp,1,0,osm_nodes,25,0.016691,0.0,
4564,msp,1,0,osm_nodes,24,0.016713,0.0,
4565,msp,1,0,osm_nodes,12,0.005961,0.0,
4566,msp,1,0,osm_nodes,22,0.015819,0.0018,
4567,msp,0,0,osm_nodes,8,0.002053,0.0773,
4568,msp,1,0,osm_nodes,21,0.015938,0.0,
4569,msp,1,0,osm_nodes,11,0.007391,0.0,
4570,msp,1,0,osm_nodes,13,0.008697,0.0178,
4571,msp,1,0,osm_nodes,12,0.008461,0.0166,
4572,msp,1,0,osm_nodes,12,0.006648,0.0,
4573,msp,1,0,osm_nodes,14,0.009269,0.0178,
4574,msp,1,0,osm_nodes,15,0.009316,0.0178,
4575,msp,1,0,osm_nodes,15,0.009019,0.0178,
4576,msp,1,0,osm_nodes,15,0.008498,0.0166,
4577,msp,1,0,osm_nodes,30,0.019395,0.2859,
4578,msp,1,0,osm_nodes,28,0.019314,0.2887,
4579,msp,1,0,osm_nodes,15,0.010354,0.0178,
4580,msp,0,0,osm_nodes,8,0.009666,0.0,
4581,msp,1,0,osm_nodes,28,0.018483,0.299,
4582,msp,0,0,osm_nodes,11,0.011446,0.0,
4583,msp,1,0,osm_nodes,10,0.010658,0.0,
4584,msp,1,0,osm_nodes,35,0.019115,0.2961,
4585,msp,0,0,osm_nodes,17,0.011524,0.0328,
4586,msp,1,0,osm_nodes,27,0.020666,0.1878,
4587,msp,1,0,osm_nodes,24,0.020318,0.1829,
4588,msp,1,0,osm_nodes,22,0.014205,0.0466,
4589,msp,1,0,osm_nodes,18,0.013324,0.027,
4590,msp,1,0,osm_nodes,24,0.019831,0.1849,
4591,msp,1,0,osm_nodes,27,0.019965,0.1718,
4592,msp,1,0,osm_nodes,18,0.013938,0.0019,
4593,msp,1,0,osm_nodes,8,0.009112,0.0628,
4594,msp,1,0,osm_nodes,16,0.013137,0.0,
4595,msp,1,0,osm_nodes,20,0.017465,0.1168,
4596,msp,1,1,osm_nodes,18,0.015329,0.0,
4597,msp,1,0,osm_nodes,18,0.015741,0.0,
4598,msp,1,0,osm_nodes,2,0.00695,0.0,
4599,msp,1,0,osm_nodes,28,0.013371,0.1747,
4600,msp,1,0,osm_nodes,47,0.017656,0.2606,
4601,msp,0,0,osm_nodes,41,0.016485,0.0853,
4602,msp,1,0,osm_nodes,41,0.016925,0.0462,
4603,msp,1,0,osm_nodes,26,0.01715,0.0492,
4604,msp,1,0,osm_nodes,31,0.019455,0.1015,
4605,msp,1,0,osm_nodes,31,0.020081,0.127,
4606,msp,1,0,osm_nodes,25,0.02271,0.2089,
4607,msp,1,0,osm_nodes,23,0.023992,0.2202,
4608,msp,1,0,osm_nodes,32,0.019508,0.141,
4609,msp,1,0,osm_nodes,35,0.019854,0.1732,
4610,msp,1,0,osm_nodes,28,0.022345,0.2688,
4611,msp,1,0,osm_nodes,23,0.023235,0.2719,
4612,msp,1,0,osm_nodes,24,0.021863,0.3443,
4613,msp,1,0,osm_nodes,31,0.021392,0.3272,
4614,msp,1,0,osm_nodes,51,0.023888,0.3161,
4615,msp,1,0,osm_nodes,48,0.023596,0.2967,
4616,msp,1,0,osm_nodes,32,0.021649,0.3568,
4617,msp,1,0,osm_nodes,50,0.02425,0.2706,
4618,msp,1,0,osm_nodes,28,0.021863,0.3153,
4619,msp,1,0,osm_nodes,37,0.021555,0.3056,
4620,msp,1,0,osm_nodes,45,0.023136,0.2012,
4621,msp,1,0,osm_nodes,46,0.02332,0.2054,
4622,msp,1,0,osm_nodes,46,0.023138,0.1706,
4623,msp,1,0,osm_nodes,48,0.022885,0.1847,
4624,msp,1,0,osm_nodes,39,0.0218,0.272,
4625,msp,1,0,osm_nodes,78,0.019816,0.2957,
4626,msp,1,0,osm_nodes,84,0.021499,0.2656,
4627,msp,1,0,osm_nodes,69,0.017572,0.3273,
4628,msp,1,0,osm_nodes,59,0.015117,0.3549,
4629,msp,1,0,osm_nodes,93,0.024553,0.1845,
4630,msp,1,0,osm_nodes,80,0.02047,0.1457,
4631,msp,1,0,osm_nodes,86,0.022217,0.1406,
4632,msp,1,0,osm_nodes,57,0.015388,0.3016,
4633,msp,1,0,osm_nodes,58,0.015121,0.3269,
4634,msp,1,0,osm_nodes,55,0.024885,0.3555,
4635,msp,1,0,osm_nodes,65,0.026506,0.3314,
4636,msp,1,0,osm_nodes,31,0.014077,0.2428,
4637,msp,1,0,osm_nodes,27,0.013399,0.1402,
4638,msp,1,0,osm_nodes,56,0.024561,0.3642,
4639,msp,1,0,osm_nodes,5,0.013908,0.0,
4640,msp,1,0,osm_nodes,11,0.015785,0.0273,
4641,msp,1,0,osm_nodes,11,0.015786,0.027,
4642,msp,1,0,osm_nodes,15,0.016813,0.0736,
4643,msp,1,0,osm_nodes,18,0.018213,0.0907,
4644,msp,1,0,osm_nodes,18,0.018558,0.1063,
4645,msp,1,0,osm_nodes,11,0.016078,0.0291,
4646,msp,1,0,osm_nodes,19,0.019394,0.1249,
4647,msp,1,0,osm_nodes,12,0.016956,0.0705,
4648,msp,1,0,osm_nodes,61,0.022293,0.1493,
4649,msp,1,0,osm_nodes,57,0.024146,0.2826,
4650,msp,1,0,osm_nodes,56,0.022745,0.2435,
4651,msp,1,0,osm_nodes,61,0.022519,0.1542,
4652,msp,1,0,osm_nodes,67,0.023323,0.0862,
4653,msp,1,0,osm_nodes,67,0.023248,0.118,
4654,msp,1,0,osm_nodes,61,0.02273,0.1571,
4655,msp,1,0,osm_nodes,60,0.024524,0.2861,
4656,msp,1,0,osm_nodes,30,0.021444,0.1719,
4657,msp,0,0,osm_nodes,7,0.005243,0.0494,
4658,msp,0,0,osm_nodes,5,0.002603,0.0454,
4659,msp,1,0,osm_nodes,21,0.009146,0.0272,
4660,msp,1,0,osm_nodes,26,0.012037,0.0602,
4661,msp,0,0,osm_nodes,22,0.011263,0.086,
4662,msp,1,0,osm_nodes,20,0.011683,0.0885,
4663,msp,1,0,osm_nodes,21,0.011801,0.0942,
4664,msp,1,0,osm_nodes,19,0.01156,0.1345,
4665,msp,1,0,osm_nodes,21,0.012348,0.1277,
4666,msp,1,0,osm_nodes,23,0.013541,0.0899,
4667,msp,1,0,osm_nodes,24,0.013982,0.1054,
4668,msp,1,0,osm_nodes,30,0.015526,0.127,
4669,msp,1,0,osm_nodes,30,0.016492,0.1351,
4670,msp,1,0,osm_nodes,41,0.021251,0.161,
4671,msp,1,0,osm_nodes,37,0.020134,0.2103,
4672,msp,1,0,osm_nodes,40,0.02287,0.1894,
4673,msp,1,0,osm_nodes,35,0.021806,0.1565,
4674,msp,1,0,osm_nodes,39,0.023233,0.1567,
4675,msp,1,0,osm_nodes,40,0.023198,0.1577,
4676,msp,1,0,osm_nodes,36,0.023044,0.1447,
4677,msp,1,0,osm_nodes,37,0.023103,0.1437,
4678,msp,1,0,osm_nodes,37,0.022827,0.1666,
4679,msp,1,0,osm_nodes,40,0.023171,0.1712,
4680,msp,1,0,osm_nodes,36,0.023327,0.1748,
4681,msp,1,0,osm_nodes,24,0.01571,0.1922,
4682,msp,1,0,osm_nodes,20,0.015045,0.2055,
4683,msp,1,0,osm_nodes,23,0.014827,0.2009,
4684,msp,1,0,osm_nodes,22,0.014082,0.2309,
4685,msp,1,0,osm_nodes,48,0.017792,0.2071,
4686,msp,1,0,osm_nodes,49,0.018038,0.2212,
4687,msp,1,0,osm_nodes,48,0.018174,0.2022,
4688,msp,1,0,osm_nodes,46,0.018352,0.198,
4689,msp,1,0,osm_nodes,45,0.018126,0.1907,
4690,msp,1,0,osm_nodes,43,0.018138,0.1841,
4691,msp,1,0,osm_nodes,48,0.018622,0.2026,
4692,msp,1,0,osm_nodes,44,0.018164,0.1801,
4693,msp,1,0,osm_nodes,45,0.01817,0.1869,
4694,msp,1,0,osm_nodes,48,0.018905,0.1906,
4695,msp,1,0,osm_nodes,48,0.01896,0.1832,
4696,msp,1,0,osm_nodes,48,0.019021,0.1753,
4697,msp,1,0,osm_nodes,47,0.019347,0.1741,
4698,msp,1,0,osm_nodes,23,0.013333,0.237,
4699,msp,1,0,osm_nodes,24,0.013861,0.1759,
4700,msp,1,0,osm_nodes,25,0.013155,0.2263,
4701,msp,1,0,osm_nodes,27,0.013417,0.1618,
4702,msp,1,0,osm_nodes,20,0.012891,0.1329,
4703,msp,0,0,osm_nodes,25,0.011923,0.1303,
4704,msp,1,0,osm_nodes,21,0.01361,0.0943,
4705,msp,1,0,osm_nodes,21,0.013169,0.077,
4706,msp,0,0,osm_nodes,17,0.013825,0.0953,
4707,msp,1,0,osm_nodes,4,0.014911,0.1383,
4708,msp,1,0,osm_nodes,22,0.014822,0.104,
4709,msp,1,0,osm_nodes,22,0.014759,0.089,
4710,msp,1,0,osm_nodes,22,0.014763,0.0877,
4711,msp,1,0,osm_nodes,22,0.014816,0.1023,
4712,msp,1,0,osm_nodes,17,0.013689,0.057,
4713,msp,1,0,osm_nodes,22,0.014762,0.0887,
4714,msp,1,0,osm_nodes,22,0.014852,0.0804,
4715,msp,1,0,osm_nodes,13,0.011819,0.1155,
4716,msp,1,0,osm_nodes,13,0.012418,0.1113,
4717,msp,1,0,osm_nodes,22,0.014932,0.0724,
4718,msp,1,0,osm_nodes,22,0.014788,0.0717,
4719,msp,1,0,osm_nodes,16,0.01164,0.0927,
4720,msp,1,0,osm_nodes,31,0.017323,0.0788,
4721,msp,1,0,osm_nodes,31,0.017177,0.0764,
4722,msp,1,0,osm_nodes,32,0.017993,0.0914,
4723,msp,1,0,osm_nodes,31,0.017849,0.0865,
4724,msp,1,1,osm_nodes,28,0.007103,0.1459,
4725,msp,1,1,osm_nodes,27,0.007138,0.1172,
4726,msp,1,1,osm_nodes,29,0.007195,0.0675,
4727,msp,1,1,osm_nodes,30,0.007685,0.0255,
4728,msp,1,1,osm_nodes,30,0.007803,0.1104,
4729,msp,1,1,osm_nodes,29,0.009273,0.0805,
4730,msp,1,1,osm_nodes,29,0.010607,0.0394,
4731,msp,1,1,osm_nodes,28,0.010384,0.0639,
4732,msp,1,0,osm_nodes,28,0.011564,0.0142,
4733,msp,1,0,osm_nodes,13,0.009904,0.0,
4734,msp,1,0,osm_nodes,13,0.008801,0.0,
4735,msp,1,0,osm_nodes,13,0.009511,0.0,
4736,msp,0,0,osm_nodes,13,0.008761,0.0,
4737,msp,1,0,osm_nodes,13,0.007541,0.0247,
4738,msp,1,1,osm_nodes,12,0.003172,0.0,
4739,msp,1,1,osm_nodes,12,0.003201,0.0,
4740,msp,1,1,osm_nodes,7,0.003724,0.0,
4741,msp,1,1,osm_nodes,7,0.003895,0.0,
4742,msp,1,1,osm_nodes,7,0.003664,0.0,
4743,msp,1,0,osm_nodes,27,0.019188,0.2989,
4744,msp,1,0,osm_nodes,23,0.019134,0.1069,
4745,msp,1,0,osm_nodes,27,0.019689,0.2828,
4746,msp,1,0,osm_nodes,28,0.019989,0.272,
4747,msp,1,0,osm_nodes,28,0.020043,0.2692,
4748,msp,1,0,osm_nodes,23,0.019498,0.0706,
4749,msp,0,0,osm_nodes,28,0.019491,0.3048,
4750,msp,0,0,osm_nodes,27,0.01916,0.3065,
4751,msp,0,0,osm_nodes,18,0.006835,0.022,
4752,msp,0,0,osm_nodes,52,0.0,0.0207,
4753,msp,0,0,osm_nodes,17,0.0,0.1735,
4754,msp,0,0,osm_nodes,47,0.0,0.0719,
4755,msp,0,0,osm_nodes,48,0.0,0.0719,
4756,msp,0,0,osm_nodes,41,0.0,0.1487,
4757,msp,0,0,osm_nodes,40,0.0,0.1223,
4758,msp,0,0,osm_nodes,41,0.0,0.1385,
4759,msp,0,0,osm_nodes,43,0.0,0.1276,
4760,msp,0,0,osm_nodes,39,0.0,0.1276,
4761,msp,0,0,osm_nodes,30,0.0,0.1606,
4762,msp,0,0,osm_nodes,25,0.0,0.097,
4763,msp,0,0,osm_nodes,27,0.0,0.1062,
4764,msp,0,0,osm_nodes,42,0.0,0.1049,
4765,msp,0,0,osm_nodes,42,0.0,0.0847,
4766,msp,0,0,osm_nodes,44,0.0,0.1563,
4767,msp,0,0,osm_nodes,44,0.0,0.0645,
4768,msp,0,0,osm_nodes,47,0.0,0.1539,
4769,msp,0,0,osm_nodes,43,0.0,0.0152,
4770,msp,0,0,osm_nodes,23,0.0,0.1289,
4771,msp,0,0,osm_nodes,46,0.0,0.0325,
4772,msp,0,0,osm_nodes,48,0.0,0.0901,
4773,msp,0,0,osm_nodes,48,0.0,0.0687,
4774,msp,0,0,osm_nodes,47,0.0,0.0908,
4775,msp,0,0,osm_nodes,48,0.0,0.0954,
4776,msp,0,0,osm_nodes,19,0.0,0.1981,
4777,msp,0,0,osm_nodes,47,0.000631,0.1498,
4778,msp,0,0,osm_nodes,52,0.000918,0.1562,
4779,msp,0,0,osm_nodes,53,0.000918,0.2324,
4780,msp,0,0,osm_nodes,31,0.00141,0.2261,
4781,msp,0,0,osm_nodes,32,0.0,0.1848,
4782,msp,1,0,osm_nodes,46,0.001015,0.3482,
4783,msp,1,0,osm_nodes,43,0.000918,0.3005,
4784,msp,1,0,osm_nodes,22,0.002781,0.2363,
4785,msp,0,0,osm_nodes,30,0.0,0.1497,
4786,msp,0,0,osm_nodes,41,0.000918,0.1069,
4787,msp,1,0,osm_nodes,42,0.000918,0.2416,
4788,msp,1,0,osm_nodes,48,0.001218,0.3611,
4789,msp,0,0,osm_nodes,16,0.00139,0.239,
4790,msp,1,0,osm_nodes,24,0.002781,0.217,
4791,msp,1,0,osm_nodes,21,0.002759,0.1151,
4792,msp,0,0,osm_nodes,23,0.002713,0.1099,
4793,msp,0,0,osm_nodes,32,0.00181,0.0887,
4794,msp,0,0,osm_nodes,20,0.0,0.0531,
4795,msp,0,0,osm_nodes,21,0.0,0.1287,
4796,msp,0,0,osm_nodes,35,0.001919,0.1281,
4797,msp,0,0,osm_nodes,30,0.001526,0.1069,
4798,msp,0,0,osm_nodes,21,0.001331,0.079,
4799,msp,0,0,osm_nodes,31,0.00151,0.1041,
4800,msp,0,0,osm_nodes,19,0.000802,0.1141,
4801,msp,0,0,osm_nodes,34,0.008705,0.1462,
4802,msp,0,0,osm_nodes,21,0.000654,0.1012,
4803,msp,0,0,osm_nodes,32,0.007413,0.1185,
4804,msp,0,0,osm_nodes,26,0.004268,0.1292,
4805,msp,0,0,osm_nodes,26,0.003933,0.1358,
4806,msp,0,0,osm_nodes,24,0.002566,0.2153,
4807,msp,0,0,osm_nodes,29,0.001062,0.2859,
4808,msp,0,0,osm_nodes,26,0.0,0.1866,
4809,msp,0,0,osm_nodes,25,0.0,0.2368,
4810,msp,0,0,osm_nodes,25,0.0,0.1544,
4811,msp,0,0,osm_nodes,24,0.0,0.2101,
4812,msp,0,0,osm_nodes,21,0.0,0.2012,
4813,msp,0,0,osm_nodes,21,0.0,0.2106,
4814,msp,0,0,osm_nodes,19,0.0,0.2183,
4815,msp,0,0,osm_nodes,13,0.001893,0.0809,
4816,msp,0,0,osm_nodes,5,0.0,0.0359,
4817,msp,0,0,osm_nodes,16,0.0,0.0209,
4818,msp,0,0,osm_nodes,17,0.0,0.0358,
4819,msp,0,0,osm_nodes,16,0.0,0.0248,
4820,msp,0,0,osm_nodes,17,0.0,0.0392,
4821,msp,0,0,osm_nodes,10,0.00022,0.0002,
4822,msp,0,0,osm_nodes,10,0.0,0.0149,
4823,msp,0,0,osm_nodes,9,0.001145,0.0105,
4824,msp,1,0,osm_nodes,1,0.003183,0.1244,
4825,msp,1,0,osm_nodes,2,0.003183,0.1106,
4826,msp,0,0,osm_nodes,16,3.8e-05,0.0599,
4827,msp,1,0,osm_nodes,2,0.001477,0.1149,
4828,msp,0,0,osm_nodes,10,0.0,0.0458,
4829,msp,0,0,osm_nodes,17,0.0,0.0971,
4830,msp,0,0,osm_nodes,6,0.0,0.0533,
4831,msp,0,0,osm_nodes,7,0.0,0.0669,
4832,msp,0,0,osm_nodes,6,0.0,0.0627,
4833,msp,0,0,osm_nodes,17,0.0,0.1343,
4834,msp,0,0,osm_nodes,15,0.000346,0.0533,
4835,msp,0,0,osm_nodes,10,0.0,0.1252,
4836,msp,0,0,osm_nodes,12,0.001402,0.0496,
4837,msp,0,0,osm_nodes,12,0.001505,0.0297,
4838,msp,1,0,osm_nodes,12,0.001713,0.1136,
4839,msp,1,0,osm_nodes,12,0.001717,0.1403,
4840,msp,0,0,osm_nodes,10,0.000223,0.006,
4841,msp,0,0,osm_nodes,9,0.00145,0.0069,
4842,msp,0,0,osm_nodes,9,0.001152,0.0,
4843,msp,0,0,osm_nodes,16,0.000346,0.0563,
4844,msp,0,0,osm_nodes,10,0.0,0.0149,
4845,msp,0,0,osm_nodes,15,0.000346,0.0624,
4846,msp,0,0,osm_nodes,15,0.000346,0.0599,
4847,msp,0,0,osm_nodes,9,0.001353,0.0003,
4848,msp,0,0,osm_nodes,10,0.0,0.0149,
4849,msp,0,0,osm_nodes,5,0.0,0.0641,
4850,msp,0,0,osm_nodes,16,0.003705,0.0675,
4851,msp,1,0,osm_nodes,9,0.006036,0.0195,
4852,msp,1,0,osm_nodes,8,0.006152,0.016,
4853,msp,1,0,osm_nodes,10,0.006043,0.0355,
4854,msp,1,0,osm_nodes,7,0.003174,0.1101,
4855,msp,1,0,osm_nodes,14,0.00353,0.1727,
4856,msp,1,0,osm_nodes,9,0.003174,0.109,
4857,msp,1,0,osm_nodes,11,0.003175,0.1606,
4858,msp,1,0,osm_nodes,8,0.003175,0.1309,
4859,msp,1,0,osm_nodes,16,0.004887,0.0707,
4860,msp,1,0,osm_nodes,16,0.004884,0.0685,
4861,msp,1,0,osm_nodes,8,0.006154,0.0294,
4862,msp,1,0,osm_nodes,14,0.004336,0.0919,
4863,msp,1,0,osm_nodes,10,0.006047,0.0447,
4864,msp,1,0,osm_nodes,11,0.005619,0.0665,
4865,msp,1,0,osm_nodes,16,0.004963,0.076,
4866,msp,1,0,osm_nodes,16,0.004965,0.0739,
4867,msp,1,0,osm_nodes,7,0.003183,0.1072,
4868,msp,1,0,osm_nodes,14,0.00442,0.0925,
4869,msp,1,0,osm_nodes,9,0.003183,0.1176,
4870,msp,1,0,osm_nodes,13,0.00351,0.1635,
4871,msp,1,0,osm_nodes,11,0.003183,0.1572,
4872,msp,1,0,osm_nodes,10,0.005615,0.0771,
4873,msp,1,0,osm_nodes,10,0.006033,0.0531,
0,seattle,1,1,osm_nodes,63,0.021985,0.1017,
1,seattle,1,1,osm_nodes,77,0.014134,0.428,
2,seattle,1,1,osm_nodes,75,0.014865,0.3925,
3,seattle,1,1,osm_nodes,76,0.013871,0.2898,
4,seattle,1,1,osm_nodes,94,0.014211,0.0332,
5,seattle,1,0,osm_nodes,63,0.013463,0.2353,
6,seattle,1,0,osm_nodes,37,0.011851,0.2964,
7,seattle,1,0,osm_nodes,34,0.010369,0.3049,
8,seattle,1,1,osm_nodes,125,0.017421,0.1774,
9,seattle,1,0,osm_nodes,128,0.018244,0.1726,
10,seattle,1,0,osm_nodes,25,0.00781,0.2993,
11,seattle,1,0,osm_nodes,121,0.018941,0.1318,
12,seattle,1,0,osm_nodes,22,0.006931,0.2915,
13,seattle,1,0,osm_nodes,22,0.006904,0.2881,
14,seattle,1,0,osm_nodes,131,0.019418,0.156,
15,seattle,1,0,osm_nodes,114,0.016926,0.2003,
16,seattle,1,0,osm_nodes,102,0.016764,0.1469,
17,seattle,1,0,osm_nodes,97,0.015866,0.3283,
18,seattle,1,0,osm_nodes,96,0.01583,0.2682,
19,seattle,1,1,osm_nodes,78,0.01615,0.2608,
20,seattle,1,0,osm_nodes,18,0.010809,0.2838,
21,seattle,1,0,osm_nodes,22,0.011183,0.2897,
22,seattle,1,1,osm_nodes,53,0.010703,0.135,
23,seattle,1,0,osm_nodes,36,0.011295,0.3223,
24,seattle,1,0,osm_nodes,45,0.012927,0.2671,
25,seattle,1,0,osm_nodes,11,0.004301,0.1831,
26,seattle,1,0,osm_nodes,72,0.015282,0.1475,
27,seattle,1,0,osm_nodes,75,0.016219,0.1526,
28,seattle,1,0,osm_nodes,73,0.016216,0.1609,
29,seattle,1,1,osm_nodes,27,0.008604,0.1224,
30,seattle,1,1,osm_nodes,28,0.00942,0.127,
31,seattle,1,1,osm_nodes,28,0.00982,0.1415,
32,seattle,1,0,osm_nodes,35,0.017879,0.0179,
33,seattle,1,0,osm_nodes,39,0.017967,0.1002,
34,seattle,1,0,osm_nodes,10,0.010811,0.0346,
35,seattle,1,0,osm_nodes,22,0.015401,0.1633,
36,seattle,1,0,osm_nodes,22,0.015927,0.161,
37,seattle,1,0,osm_nodes,22,0.015846,0.1598,
38,seattle,1,1,osm_nodes,9,0.006727,0.1748,
39,seattle,1,0,osm_nodes,22,0.016149,0.1539,
40,seattle,1,0,osm_nodes,22,0.015782,0.1417,
41,seattle,1,0,osm_nodes,20,0.014784,0.1324,
42,seattle,1,0,osm_nodes,11,0.004665,0.0554,
43,seattle,1,0,osm_nodes,22,0.016069,0.1307,
44,seattle,1,1,osm_nodes,10,0.004395,0.0216,
45,seattle,1,0,osm_nodes,10,0.010459,0.204,
46,seattle,0,0,osm_nodes,5,0.002663,0.2157,
47,seattle,0,0,osm_nodes,9,0.0,0.1739,
48,seattle,1,0,osm_nodes,33,0.011744,0.3099,
49,seattle,0,0,osm_nodes,3,0.0,0.1138,
50,seattle,1,1,osm_nodes,52,0.010902,0.2588,
51,seattle,1,1,osm_nodes,83,0.013009,0.3496,
52,seattle,1,0,osm_nodes,88,0.015372,0.2762,
53,seattle,1,0,osm_nodes,100,0.016448,0.1963,
54,seattle,1,0,osm_nodes,80,0.014076,0.3324,
55,seattle,1,0,osm_nodes,17,0.007999,0.1255,
56,seattle,0,0,osm_nodes,106,0.016668,0.208,
57,seattle,1,0,osm_nodes,96,0.01697,0.1745,
58,seattle,1,0,osm_nodes,100,0.017653,0.1137,
59,seattle,1,0,osm_nodes,113,0.018641,0.1577,
60,seattle,1,0,osm_nodes,104,0.018853,0.0964,
61,seattle,1,0,osm_nodes,26,0.012349,0.2312,
62,seattle,0,0,osm_nodes,15,0.0,0.1572,
63,seattle,1,1,osm_nodes,21,0.010276,0.1295,
64,seattle,1,1,osm_nodes,22,0.010605,0.1209,
65,seattle,1,1,osm_nodes,21,0.010296,0.1474,
66,seattle,1,1,osm_nodes,32,0.014527,0.1678,
67,seattle,1,1,osm_nodes,32,0.014516,0.1707,
68,seattle,1,1,osm_nodes,48,0.015018,0.1824,
69,seattle,1,1,osm_nodes,47,0.01517,0.1822,
70,seattle,1,1,osm_nodes,46,0.014293,0.1793,
71,seattle,1,0,osm_nodes,42,0.016188,0.1272,
72,seattle,1,0,osm_nodes,29,0.015002,0.1389,
73,seattle,1,1,osm_nodes,10,0.008122,0.1429,
74,seattle,1,1,osm_nodes,11,0.008292,0.1631,
75,seattle,1,1,osm_nodes,11,0.008114,0.1481,
76,seattle,1,1,osm_nodes,27,0.014865,0.227,
77,seattle,1,0,osm_nodes,59,0.016232,0.289,
78,seattle,1,0,osm_nodes,12,0.00841,0.1306,
79,seattle,1,0,osm_nodes,45,0.010985,0.2112,
80,seattle,1,0,osm_nodes,32,0.009093,0.2056,
81,seattle,0,0,osm_nodes,12,0.0,0.108,
82,seattle,0,0,osm_nodes,12,0.0,0.1123,
83,seattle,1,0,osm_nodes,60,0.016048,0.197,
84,seattle,1,1,osm_nodes,25,0.015104,0.2684,
85,seattle,1,0,osm_nodes,59,0.016832,0.1538,
86,seattle,1,0,osm_nodes,56,0.015922,0.1699,
87,seattle,1,0,osm_nodes,60,0.018158,0.1627,
88,seattle,0,0,osm_nodes,4,0.001045,0.0255,
89,seattle,1,0,osm_nodes,14,0.014076,0.0,
90,seattle,1,0,osm_nodes,20,0.009916,0.0433,
91,seattle,0,0,osm_nodes,19,0.009279,0.0782,
92,seattle,0,0,osm_nodes,18,0.007591,0.1036,
93,seattle,1,1,osm_nodes,27,0.014464,0.0,
94,seattle,1,1,osm_nodes,28,0.015374,0.001,
95,seattle,1,1,osm_nodes,29,0.016878,0.001,
96,seattle,1,1,osm_nodes,27,0.015131,0.001,
97,seattle,1,0,osm_nodes,20,0.010004,0.1352,
98,seattle,1,0,osm_nodes,13,0.012988,0.0653,
99,seattle,1,0,osm_nodes,20,0.013192,0.1963,
100,seattle,0,0,osm_nodes,3,0.0,0.2157,
101,seattle,1,0,osm_nodes,11,0.014495,0.1405,
102,seattle,1,0,osm_nodes,11,0.014559,0.149,
103,seattle,1,0,osm_nodes,60,0.014411,0.2257,
104,seattle,1,0,osm_nodes,11,0.013938,0.1403,
105,seattle,1,0,osm_nodes,12,0.00828,0.1857,
106,seattle,1,0,osm_nodes,70,0.015656,0.1529,
107,seattle,1,0,osm_nodes,72,0.016064,0.1049,
108,seattle,1,1,osm_nodes,73,0.015857,0.1082,
109,seattle,1,0,osm_nodes,74,0.016205,0.0798,
110,seattle,1,1,osm_nodes,74,0.015449,0.1222,
111,seattle,1,1,osm_nodes,80,0.016201,0.0849,
112,seattle,1,0,osm_nodes,75,0.014563,0.2243,
113,seattle,1,0,osm_nodes,77,0.016356,0.1007,
114,seattle,1,1,osm_nodes,77,0.015587,0.0731,
115,seattle,1,1,osm_nodes,72,0.01331,0.0567,
116,seattle,1,1,osm_nodes,54,0.010965,0.2831,
117,seattle,1,1,osm_nodes,54,0.011164,0.3656,
118,seattle,0,0,osm_nodes,65,0.009869,0.1781,
119,seattle,1,0,osm_nodes,70,0.010554,0.1755,
120,seattle,1,0,osm_nodes,62,0.011468,0.3064,
121,seattle,1,0,osm_nodes,55,0.011344,0.4041,
122,seattle,1,0,osm_nodes,56,0.012699,0.3844,
123,seattle,1,0,osm_nodes,58,0.011794,0.394,
124,seattle,1,1,osm_nodes,39,0.013664,0.1555,
125,seattle,1,0,osm_nodes,55,0.012405,0.3565,
126,seattle,1,0,osm_nodes,63,0.01375,0.2317,
127,seattle,1,0,osm_nodes,48,0.01627,0.2589,
128,seattle,1,0,osm_nodes,44,0.016148,0.226,
129,seattle,1,0,osm_nodes,57,0.01552,0.174,
130,seattle,1,0,osm_nodes,24,0.01322,0.2638,
131,seattle,1,0,osm_nodes,12,0.006286,0.2125,
132,seattle,1,1,osm_nodes,49,0.014722,0.0517,
133,seattle,1,1,osm_nodes,47,0.014547,0.0123,
134,seattle,0,0,osm_nodes,61,0.014636,0.1569,
135,seattle,1,0,osm_nodes,63,0.014271,0.1912,
136,seattle,1,0,osm_nodes,53,0.021943,0.2408,
137,seattle,1,0,osm_nodes,41,0.01183,0.1885,
138,seattle,1,0,osm_nodes,44,0.021495,0.1479,
139,seattle,1,0,osm_nodes,28,0.006726,0.254,
140,seattle,1,0,osm_nodes,23,0.00737,0.2281,
141,seattle,1,1,osm_nodes,33,0.007986,0.1309,
142,seattle,1,1,osm_nodes,45,0.010221,0.1199,
143,seattle,1,1,osm_nodes,83,0.015451,0.1868,
144,seattle,1,1,osm_nodes,84,0.01598,0.1968,
145,seattle,1,0,osm_nodes,138,0.029281,0.4114,
146,seattle,1,1,osm_nodes,91,0.021771,0.1618,
147,seattle,1,1,osm_nodes,95,0.023272,0.217,
148,seattle,1,0,osm_nodes,146,0.030755,0.332,
149,seattle,1,1,osm_nodes,93,0.022298,0.1939,
150,seattle,1,1,osm_nodes,89,0.021175,0.1364,
151,seattle,1,0,osm_nodes,84,0.021107,0.1483,
152,seattle,1,1,osm_nodes,134,0.023981,0.3592,
153,seattle,1,1,osm_nodes,144,0.028776,0.2486,
154,seattle,1,1,osm_nodes,140,0.026624,0.1879,
155,seattle,1,1,osm_nodes,118,0.021009,0.2545,
156,seattle,1,1,osm_nodes,105,0.023795,0.3947,
157,seattle,1,0,osm_nodes,135,0.027439,0.275,
158,seattle,1,1,osm_nodes,101,0.018235,0.1943,
159,seattle,1,1,osm_nodes,128,0.026748,0.3215,
160,seattle,1,1,osm_nodes,101,0.020171,0.1638,
161,seattle,1,1,osm_nodes,128,0.026434,0.3776,
162,seattle,0,0,osm_nodes,15,0.001512,0.12,
163,seattle,1,0,osm_nodes,57,0.015984,0.1871,
164,seattle,1,0,osm_nodes,68,0.019183,0.1282,
165,seattle,0,0,osm_nodes,53,0.012968,0.1967,
166,seattle,0,1,osm_nodes,67,0.016803,0.192,
167,seattle,0,0,osm_nodes,42,0.008837,0.2381,
168,seattle,1,1,osm_nodes,53,0.018166,0.3259,
169,seattle,1,1,osm_nodes,52,0.017977,0.3137,
170,seattle,1,1,osm_nodes,48,0.015394,0.2775,
171,seattle,1,1,osm_nodes,47,0.013043,0.1944,
172,seattle,1,0,osm_nodes,53,0.012207,0.2237,
173,seattle,1,0,osm_nodes,26,0.009537,0.1567,
174,seattle,0,0,osm_nodes,15,0.000686,0.1673,
175,seattle,1,0,osm_nodes,25,0.006737,0.1921,
176,seattle,1,0,osm_nodes,6,0.006787,0.1725,
177,seattle,1,0,osm_nodes,29,0.006888,0.1606,
178,seattle,1,0,osm_nodes,25,0.007837,0.1763,
179,seattle,1,0,osm_nodes,29,0.008859,0.1796,
180,seattle,1,0,osm_nodes,16,0.011676,0.1822,
181,seattle,1,0,osm_nodes,26,0.014908,0.1005,
182,seattle,1,0,osm_nodes,21,0.014498,0.0893,
183,seattle,1,0,osm_nodes,21,0.012162,0.1192,
184,seattle,1,0,osm_nodes,57,0.015545,0.4521,
185,seattle,1,0,osm_nodes,52,0.010395,0.436,
186,seattle,1,1,osm_nodes,39,0.008502,0.2075,
187,seattle,1,0,osm_nodes,12,0.003063,0.1843,
188,seattle,0,0,osm_nodes,13,0.004279,0.1518,
189,seattle,1,0,osm_nodes,7,0.003244,0.1664,
190,seattle,1,0,osm_nodes,12,0.003165,0.1797,
191,seattle,1,0,osm_nodes,13,0.003067,0.1774,
192,seattle,1,1,osm_nodes,41,0.008106,0.1919,
193,seattle,1,0,osm_nodes,44,0.007848,0.2023,
194,seattle,0,0,osm_nodes,31,0.005595,0.2301,
195,seattle,0,0,osm_nodes,35,0.006178,0.24,
196,seattle,1,0,osm_nodes,56,0.013146,0.0739,
197,seattle,1,0,osm_nodes,60,0.012583,0.1818,
198,seattle,1,0,osm_nodes,6,0.006393,0.1656,
199,seattle,1,0,osm_nodes,13,0.003175,0.1594,
200,seattle,0,0,osm_nodes,5,2.2e-05,0.1385,
201,seattle,0,0,osm_nodes,6,0.0,0.166,
202,seattle,0,0,osm_nodes,14,0.0,0.1918,
203,seattle,1,0,osm_nodes,21,0.007797,0.0817,
204,seattle,1,0,osm_nodes,22,0.008779,0.1497,
205,seattle,1,0,osm_nodes,60,0.014783,0.1689,
206,seattle,1,0,osm_nodes,14,0.006978,0.1614,
207,seattle,1,0,osm_nodes,12,0.007011,0.1635,
208,seattle,1,0,osm_nodes,58,0.01582,0.1488,
209,seattle,1,0,osm_nodes,65,0.0166,0.1863,
210,seattle,1,0,osm_nodes,64,0.016907,0.1489,
211,seattle,1,0,osm_nodes,63,0.016101,0.1887,
212,seattle,1,0,osm_nodes,20,0.00725,0.1346,
213,seattle,1,0,osm_nodes,12,0.006821,0.0879,
214,seattle,1,0,osm_nodes,12,0.006821,0.095,
215,seattle,1,0,osm_nodes,17,0.007006,0.1262,
216,seattle,1,0,osm_nodes,12,0.006995,0.1904,
217,seattle,1,0,osm_nodes,34,0.011844,0.1434,
218,seattle,1,0,osm_nodes,62,0.016249,0.2262,
219,seattle,1,0,osm_nodes,62,0.016095,0.2377,
220,seattle,1,0,osm_nodes,45,0.010806,0.1725,
221,seattle,1,0,osm_nodes,53,0.014528,0.2133,
222,seattle,1,0,osm_nodes,60,0.015339,0.2739,
223,seattle,1,0,osm_nodes,26,0.013977,0.2827,
224,seattle,1,0,osm_nodes,27,0.013387,0.2085,
225,seattle,0,0,osm_nodes,5,0.000225,0.1921,
226,seattle,1,0,osm_nodes,18,0.00892,0.2316,
227,seattle,1,0,osm_nodes,18,0.008931,0.2248,
228,seattle,0,0,osm_nodes,8,0.000981,0.1155,
229,seattle,0,0,osm_nodes,7,0.000893,0.0792,
230,seattle,1,0,osm_nodes,11,0.008001,0.1385,
231,seattle,0,0,osm_nodes,6,0.000674,0.1121,
232,seattle,0,0,osm_nodes,7,0.0,0.1953,
233,seattle,1,0,osm_nodes,9,0.01188,0.1549,
234,seattle,0,0,osm_nodes,9,0.0,0.1937,
235,seattle,0,0,osm_nodes,7,0.0,0.1825,
236,seattle,1,0,osm_nodes,54,0.012902,0.1274,
237,seattle,1,1,osm_nodes,12,0.008915,0.0912,
238,seattle,1,1,osm_nodes,12,0.008792,0.0889,
239,seattle,0,0,osm_nodes,7,0.0,0.2058,
240,seattle,1,0,osm_nodes,57,0.013094,0.071,
241,seattle,1,0,osm_nodes,53,0.012962,0.1223,
242,seattle,1,0,osm_nodes,4,0.003181,0.2056,
243,seattle,1,0,osm_nodes,52,0.013166,0.1802,
244,seattle,0,0,osm_nodes,6,0.0,0.1929,
245,seattle,0,0,osm_nodes,5,0.0,0.1354,
246,seattle,0,0,osm_nodes,38,0.007656,0.1775,
247,seattle,1,0,osm_nodes,39,0.008484,0.1312,
248,seattle,0,0,osm_nodes,36,0.008409,0.0807,
249,seattle,1,0,osm_nodes,12,0.008362,0.1214,
250,seattle,1,0,osm_nodes,41,0.008407,0.1045,
251,seattle,1,0,osm_nodes,49,0.008778,0.0936,
252,seattle,1,0,osm_nodes,53,0.009388,0.1365,
253,seattle,1,0,osm_nodes,14,0.008387,0.1829,
254,seattle,0,0,osm_nodes,11,0.0,0.2048,
255,seattle,0,0,osm_nodes,9,0.000161,0.1935,
256,seattle,1,0,osm_nodes,13,0.008642,0.2085,
257,seattle,1,1,osm_nodes,64,0.010447,0.2062,
258,seattle,1,0,osm_nodes,16,0.008469,0.2205,
259,seattle,1,1,osm_nodes,71,0.011292,0.1212,
260,seattle,1,0,osm_nodes,66,0.010454,0.1265,
261,seattle,1,0,osm_nodes,43,0.006187,0.2934,
262,seattle,1,1,osm_nodes,67,0.011431,0.225,
263,seattle,1,0,osm_nodes,11,0.009151,0.2034,
264,seattle,0,0,osm_nodes,42,0.007727,0.1503,
265,seattle,1,0,osm_nodes,45,0.00625,0.2212,
266,seattle,1,0,osm_nodes,43,0.00632,0.2493,
267,seattle,1,0,osm_nodes,14,0.010128,0.2112,
268,seattle,1,0,osm_nodes,14,0.010898,0.224,
269,seattle,1,0,osm_nodes,44,0.011967,0.2834,
270,seattle,1,0,osm_nodes,61,0.01552,0.1248,
271,seattle,1,0,osm_nodes,45,0.016473,0.3127,
272,seattle,1,0,osm_nodes,31,0.012657,0.3465,
273,seattle,1,0,osm_nodes,56,0.016483,0.1996,
274,seattle,0,0,osm_nodes,16,0.001867,0.2089,
275,seattle,1,0,osm_nodes,62,0.02323,0.3396,
276,seattle,1,0,osm_nodes,62,0.02337,0.3214,
277,seattle,0,1,osm_nodes,3,0.0,0.1604,
278,seattle,1,0,osm_nodes,20,0.002538,0.1466,
279,seattle,1,0,osm_nodes,68,0.019483,0.2386,
280,seattle,1,0,osm_nodes,22,0.013042,0.1816,
281,seattle,1,0,osm_nodes,25,0.014971,0.141,
282,seattle,1,0,osm_nodes,22,0.013073,0.1853,
283,seattle,1,0,osm_nodes,59,0.020005,0.2903,
284,seattle,1,0,osm_nodes,64,0.022986,0.3493,
285,seattle,1,0,osm_nodes,21,0.012821,0.196,
286,seattle,1,0,osm_nodes,63,0.01777,0.2523,
287,seattle,1,0,osm_nodes,18,0.002685,0.1626,
288,seattle,1,0,osm_nodes,58,0.020878,0.2945,
289,seattle,1,0,osm_nodes,45,0.01761,0.3078,
290,seattle,1,0,osm_nodes,61,0.019875,0.2717,
291,seattle,1,0,osm_nodes,66,0.022146,0.3483,
292,seattle,1,0,osm_nodes,78,0.018343,0.3098,
293,seattle,1,0,osm_nodes,45,0.017799,0.3503,
294,seattle,1,0,osm_nodes,64,0.017919,0.1649,
295,seattle,1,1,osm_nodes,62,0.013269,0.2875,
296,seattle,1,1,osm_nodes,62,0.012888,0.2941,
297,seattle,1,0,osm_nodes,59,0.017746,0.2721,
298,seattle,1,1,osm_nodes,60,0.01243,0.2949,
299,seattle,1,1,osm_nodes,54,0.01985,0.1626,
300,seattle,1,0,osm_nodes,56,0.017197,0.1738,
301,seattle,1,1,osm_nodes,58,0.020016,0.0841,
302,seattle,0,0,osm_nodes,12,0.0,0.185,
303,seattle,1,0,osm_nodes,60,0.017297,0.1709,
304,seattle,1,0,osm_nodes,66,0.014786,0.2357,
305,seattle,0,0,osm_nodes,10,0.0,0.2175,
306,seattle,1,1,osm_nodes,62,0.018769,0.1443,
307,seattle,1,0,osm_nodes,57,0.021277,0.2733,
308,seattle,1,1,osm_nodes,36,0.017653,0.2672,
309,seattle,1,1,osm_nodes,37,0.019132,0.2075,
310,seattle,1,1,osm_nodes,26,0.013061,0.1721,
311,seattle,1,1,osm_nodes,26,0.012985,0.2162,
312,seattle,1,0,osm_nodes,34,0.014487,0.1629,
313,seattle,1,0,osm_nodes,19,0.006322,0.1036,
314,seattle,1,1,osm_nodes,13,0.005741,0.2157,
315,seattle,1,0,osm_nodes,24,0.006655,0.1162,
316,seattle,1,0,osm_nodes,20,0.008161,0.1381,
317,seattle,0,1,osm_nodes,17,0.003396,0.164,
318,seattle,1,1,osm_nodes,18,0.003833,0.151,
319,seattle,0,0,osm_nodes,16,0.003103,0.1975,
320,seattle,1,1,osm_nodes,26,0.020028,0.1452,
321,seattle,1,0,osm_nodes,5,0.005669,0.2043,
322,seattle,1,0,osm_nodes,12,0.003827,0.0783,
323,seattle,1,0,osm_nodes,45,0.022905,0.1906,
324,seattle,1,0,osm_nodes,51,0.023842,0.19,
325,seattle,1,0,osm_nodes,40,0.020978,0.257,
326,seattle,1,0,osm_nodes,41,0.020697,0.2708,
327,seattle,1,0,osm_nodes,52,0.017466,0.2197,
328,seattle,1,0,osm_nodes,49,0.017149,0.2241,
329,seattle,1,0,osm_nodes,50,0.021649,0.2208,
330,seattle,1,0,osm_nodes,45,0.022748,0.2806,
331,seattle,1,0,osm_nodes,69,0.016417,0.2017,
332,seattle,1,1,osm_nodes,85,0.020915,0.1014,
333,seattle,1,0,osm_nodes,71,0.021253,0.1646,
334,seattle,1,0,osm_nodes,88,0.020663,0.1426,
335,seattle,1,0,osm_nodes,68,0.021351,0.2474,
336,seattle,1,0,osm_nodes,47,0.018222,0.2634,
337,seattle,1,0,osm_nodes,56,0.019806,0.2715,
338,seattle,1,1,osm_nodes,78,0.023778,0.3043,
339,seattle,1,0,osm_nodes,92,0.024642,0.2407,
340,seattle,1,0,osm_nodes,94,0.025054,0.2311,
341,seattle,1,0,osm_nodes,47,0.01776,0.2561,
342,seattle,1,0,osm_nodes,59,0.019425,0.2425,
343,seattle,0,0,osm_nodes,96,0.026259,0.2516,
344,seattle,1,0,osm_nodes,90,0.025145,0.2543,
345,seattle,1,0,osm_nodes,94,0.025558,0.2408,
346,seattle,1,0,osm_nodes,85,0.024334,0.2852,
347,seattle,1,0,osm_nodes,88,0.024438,0.1885,
348,seattle,1,0,osm_nodes,94,0.025845,0.2027,
349,seattle,1,0,osm_nodes,58,0.018371,0.2821,
350,seattle,1,0,osm_nodes,62,0.019584,0.2965,
351,seattle,1,0,osm_nodes,83,0.028487,0.2306,
352,seattle,1,1,osm_nodes,61,0.02143,0.1699,
353,seattle,1,1,osm_nodes,56,0.020595,0.1686,
354,seattle,1,0,osm_nodes,53,0.020989,0.3701,
355,seattle,1,0,osm_nodes,38,0.017819,0.1798,
356,seattle,1,0,osm_nodes,53,0.022347,0.2772,
357,seattle,1,0,osm_nodes,22,0.012671,0.2485,
358,seattle,1,0,osm_nodes,39,0.017893,0.2186,
359,seattle,1,0,osm_nodes,32,0.011451,0.3042,
360,seattle,1,0,osm_nodes,15,0.012337,0.3093,
361,seattle,1,0,osm_nodes,17,0.011008,0.2472,
362,seattle,1,0,osm_nodes,22,0.014122,0.2257,
363,seattle,0,0,osm_nodes,43,0.019161,0.3215,
364,seattle,1,0,osm_nodes,37,0.018932,0.3074,
365,seattle,1,0,osm_nodes,47,0.016098,0.2345,
366,seattle,1,1,osm_nodes,54,0.014032,0.2325,
367,seattle,1,1,osm_nodes,42,0.015142,0.1391,
368,seattle,1,0,osm_nodes,41,0.013305,0.2743,
369,seattle,1,1,osm_nodes,54,0.014057,0.245,
370,seattle,1,1,osm_nodes,54,0.014057,0.2563,
371,seattle,1,1,osm_nodes,42,0.0134,0.2938,
372,seattle,1,0,osm_nodes,31,0.008793,0.1968,
373,seattle,1,0,osm_nodes,31,0.007845,0.2534,
374,seattle,1,0,osm_nodes,53,0.013365,0.2087,
375,seattle,1,0,osm_nodes,28,0.007649,0.2663,
376,seattle,1,0,osm_nodes,44,0.011207,0.2327,
377,seattle,1,0,osm_nodes,29,0.007841,0.2259,
378,seattle,1,1,osm_nodes,54,0.014187,0.2905,
379,seattle,1,1,osm_nodes,12,0.011657,0.1884,
380,seattle,1,0,osm_nodes,39,0.013767,0.203,
381,seattle,0,0,osm_nodes,27,0.007522,0.2459,
382,seattle,0,0,osm_nodes,40,0.011377,0.2332,
383,seattle,1,1,osm_nodes,67,0.014429,0.3141,
384,seattle,1,0,osm_nodes,8,0.010979,0.2598,
385,seattle,1,0,osm_nodes,34,0.018344,0.3252,
386,seattle,1,1,osm_nodes,34,0.021771,0.1977,
387,seattle,1,0,osm_nodes,35,0.011322,0.128,
388,seattle,1,1,osm_nodes,33,0.020736,0.2031,
389,seattle,1,1,osm_nodes,41,0.018914,0.1569,
390,seattle,1,1,osm_nodes,30,0.020915,0.1889,
391,seattle,1,1,osm_nodes,21,0.011202,0.1065,
392,seattle,1,1,osm_nodes,21,0.011481,0.137,
393,seattle,1,0,osm_nodes,32,0.019239,0.2472,
394,seattle,1,0,osm_nodes,31,0.019418,0.2538,
395,seattle,1,0,osm_nodes,23,0.019135,0.194,
396,seattle,1,1,osm_nodes,23,0.009451,0.088,
397,seattle,1,1,osm_nodes,31,0.020827,0.1748,
398,seattle,1,0,osm_nodes,35,0.011721,0.081,
399,seattle,1,0,osm_nodes,39,0.01437,0.0676,
400,seattle,1,0,osm_nodes,36,0.012497,0.0391,
401,seattle,1,0,osm_nodes,36,0.012304,0.0372,
402,seattle,1,0,osm_nodes,33,0.018609,0.3447,
403,seattle,1,0,osm_nodes,13,0.006047,0.1791,
404,seattle,1,0,osm_nodes,42,0.027238,0.085,
405,seattle,1,0,osm_nodes,37,0.019278,0.2437,
406,seattle,1,1,osm_nodes,46,0.019628,0.0519,
407,seattle,1,0,osm_nodes,35,0.02484,0.1918,
408,seattle,1,0,osm_nodes,40,0.019597,0.3542,
409,seattle,1,0,osm_nodes,21,0.00726,0.2058,
410,seattle,1,0,osm_nodes,52,0.022107,0.1326,
411,seattle,1,0,osm_nodes,53,0.022392,0.1224,
412,seattle,1,0,osm_nodes,50,0.02142,0.1246,
413,seattle,1,1,osm_nodes,39,0.021657,0.1266,
414,seattle,1,1,osm_nodes,38,0.021186,0.1208,
415,seattle,1,0,osm_nodes,26,0.01024,0.0001,
416,seattle,1,0,osm_nodes,71,0.026758,0.312,
417,seattle,1,0,osm_nodes,92,0.025006,0.096,
418,seattle,1,0,osm_nodes,82,0.029318,0.2311,
419,seattle,1,0,osm_nodes,73,0.018071,0.0782,
420,seattle,1,0,osm_nodes,81,0.019873,0.1134,
421,seattle,1,0,osm_nodes,56,0.021484,0.3948,
422,seattle,1,1,osm_nodes,78,0.020543,0.0673,
423,seattle,1,0,osm_nodes,96,0.026265,0.077,
424,seattle,1,0,osm_nodes,97,0.026915,0.1174,
425,seattle,1,1,osm_nodes,19,0.015554,0.0425,
426,seattle,1,0,osm_nodes,35,0.014806,0.2904,
427,seattle,1,0,osm_nodes,104,0.0277,0.0441,
428,seattle,1,0,osm_nodes,125,0.033942,0.0243,
429,seattle,1,0,osm_nodes,106,0.033617,0.1054,
430,seattle,1,0,osm_nodes,88,0.026215,0.1104,
431,seattle,1,1,osm_nodes,74,0.030836,0.6449,
432,seattle,1,1,osm_nodes,81,0.028973,0.4328,
433,seattle,1,0,osm_nodes,53,0.015306,0.2923,
434,seattle,1,0,osm_nodes,55,0.016874,0.282,
435,seattle,1,0,osm_nodes,101,0.03056,0.2612,
436,seattle,1,0,osm_nodes,66,0.019512,0.1271,
437,seattle,1,1,osm_nodes,98,0.029377,0.294,
438,seattle,1,0,osm_nodes,64,0.025487,0.1139,
439,seattle,1,0,osm_nodes,78,0.023925,0.4177,
440,seattle,1,0,osm_nodes,58,0.017828,0.2714,
441,seattle,1,0,osm_nodes,60,0.019948,0.197,
442,seattle,0,0,osm_nodes,14,0.001291,0.1969,
443,seattle,0,0,osm_nodes,14,0.000975,0.2032,
444,seattle,1,0,osm_nodes,77,0.022606,0.3593,
445,seattle,1,1,osm_nodes,31,0.010655,0.2506,
446,seattle,1,0,osm_nodes,61,0.023577,0.1725,
447,seattle,1,0,osm_nodes,67,0.021552,0.2829,
448,seattle,1,0,osm_nodes,66,0.021483,0.2925,
449,seattle,0,0,osm_nodes,66,0.021726,0.3671,
450,seattle,1,0,osm_nodes,35,0.011211,0.2693,
451,seattle,1,1,osm_nodes,69,0.019373,0.3189,
452,seattle,1,1,osm_nodes,49,0.015932,0.2795,
453,seattle,1,0,osm_nodes,36,0.012456,0.1416,
454,seattle,1,1,osm_nodes,49,0.016028,0.2212,
455,seattle,1,0,osm_nodes,44,0.017577,0.0928,
456,seattle,1,1,osm_nodes,61,0.016081,0.1671,
457,seattle,0,0,osm_nodes,42,0.014488,0.314,
458,seattle,1,1,osm_nodes,57,0.015744,0.3196,
459,seattle,1,1,osm_nodes,56,0.015908,0.3439,
460,seattle,1,0,osm_nodes,24,0.00847,0.2349,
461,seattle,1,0,osm_nodes,24,0.008384,0.2339,
462,seattle,1,0,osm_nodes,43,0.011095,0.2445,
463,seattle,1,0,osm_nodes,37,0.016531,0.0819,
464,seattle,1,0,osm_nodes,36,0.016244,0.09,
465,seattle,1,0,osm_nodes,24,0.008656,0.234,
466,seattle,1,0,osm_nodes,42,0.020123,0.2152,
467,seattle,1,0,osm_nodes,46,0.020056,0.1912,
468,seattle,1,0,osm_nodes,50,0.012694,0.2514,
469,seattle,1,0,osm_nodes,34,0.013957,0.209,
470,seattle,1,0,osm_nodes,57,0.016881,0.1218,
471,seattle,1,0,osm_nodes,67,0.018554,0.0832,
472,seattle,1,1,osm_nodes,55,0.012448,0.4024,
473,seattle,1,1,osm_nodes,56,0.014373,0.3692,
474,seattle,1,1,osm_nodes,57,0.015006,0.3157,
475,seattle,1,0,osm_nodes,69,0.018594,0.2056,
476,seattle,1,1,osm_nodes,56,0.014348,0.3445,
477,seattle,1,0,osm_nodes,54,0.011257,0.24,
478,seattle,0,0,osm_nodes,97,0.019278,0.0077,
479,seattle,1,0,osm_nodes,49,0.006599,0.1151,
480,seattle,1,0,osm_nodes,79,0.016244,0.1196,
481,seattle,1,1,osm_nodes,88,0.017164,0.2411,
482,seattle,1,0,osm_nodes,86,0.01728,0.1398,
483,seattle,1,1,osm_nodes,93,0.018065,0.273,
484,seattle,1,1,osm_nodes,71,0.016276,0.3123,
485,seattle,1,0,osm_nodes,92,0.017935,0.1545,
486,seattle,1,0,osm_nodes,96,0.017601,0.1683,
487,seattle,1,1,osm_nodes,99,0.020415,0.3029,
488,seattle,1,0,osm_nodes,45,0.013848,0.2983,
489,seattle,1,0,osm_nodes,102,0.021584,0.1838,
490,seattle,0,0,osm_nodes,103,0.017508,0.1688,
491,seattle,1,0,osm_nodes,115,0.020696,0.2152,
492,seattle,1,0,osm_nodes,97,0.02146,0.2705,
493,seattle,1,0,osm_nodes,110,0.019451,0.2548,
494,seattle,1,0,osm_nodes,87,0.022067,0.1634,
495,seattle,1,0,osm_nodes,67,0.020699,0.1446,
496,seattle,1,1,osm_nodes,72,0.021562,0.2417,
497,seattle,1,0,osm_nodes,72,0.020324,0.3676,
498,seattle,1,1,osm_nodes,90,0.020556,0.2697,
499,seattle,1,0,osm_nodes,81,0.021545,0.2646,
500,seattle,1,0,osm_nodes,86,0.02177,0.282,
501,seattle,1,0,osm_nodes,90,0.014822,0.1355,
502,seattle,1,0,osm_nodes,69,0.012815,0.1025,
503,seattle,1,1,osm_nodes,103,0.020503,0.2686,
504,seattle,1,0,osm_nodes,115,0.018727,0.2609,
505,seattle,1,0,osm_nodes,115,0.018588,0.2609,
506,seattle,1,0,osm_nodes,76,0.017512,0.2277,
507,seattle,1,0,osm_nodes,74,0.021282,0.3034,
508,seattle,1,0,osm_nodes,69,0.022988,0.2483,
509,seattle,1,0,osm_nodes,70,0.012615,0.2413,
510,seattle,1,0,osm_nodes,102,0.017081,0.2899,
511,seattle,1,0,osm_nodes,109,0.018523,0.3223,
512,seattle,1,0,osm_nodes,103,0.019168,0.304,
513,seattle,1,0,osm_nodes,67,0.012313,0.2493,
514,seattle,1,0,osm_nodes,108,0.018687,0.3076,
515,seattle,1,0,osm_nodes,77,0.025619,0.6426,
516,seattle,0,0,osm_nodes,53,0.011097,0.1571,
517,seattle,1,0,osm_nodes,82,0.016855,0.2415,
518,seattle,1,0,osm_nodes,65,0.014897,0.2652,
519,seattle,1,0,osm_nodes,47,0.012532,0.2191,
520,seattle,1,1,osm_nodes,53,0.023454,0.2347,
521,seattle,1,1,osm_nodes,53,0.02332,0.2316,
522,seattle,1,0,osm_nodes,36,0.018279,0.2561,
523,seattle,1,0,osm_nodes,36,0.018066,0.2761,
524,seattle,1,1,osm_nodes,40,0.019464,0.2752,
525,seattle,1,1,osm_nodes,41,0.019382,0.2815,
526,seattle,1,0,osm_nodes,41,0.015995,0.3653,
527,seattle,0,0,osm_nodes,42,0.008394,0.1975,
528,seattle,0,0,osm_nodes,42,0.011966,0.2184,
529,seattle,1,0,osm_nodes,44,0.009101,0.159,
530,seattle,1,0,osm_nodes,42,0.009358,0.1546,
531,seattle,1,0,osm_nodes,48,0.012441,0.1905,
532,seattle,1,0,osm_nodes,39,0.012584,0.1428,
533,seattle,1,0,osm_nodes,40,0.012219,0.1592,
534,seattle,1,0,osm_nodes,41,0.011941,0.1456,
535,seattle,1,0,osm_nodes,35,0.012925,0.1256,
536,seattle,1,0,osm_nodes,38,0.012645,0.2689,
537,seattle,1,0,osm_nodes,38,0.012502,0.2993,
538,seattle,1,0,osm_nodes,42,0.011888,0.3055,
539,seattle,1,0,osm_nodes,25,0.009352,0.2013,
540,seattle,1,0,osm_nodes,25,0.010181,0.1842,
541,seattle,1,0,osm_nodes,25,0.00935,0.1976,
542,seattle,1,0,osm_nodes,26,0.0094,0.1338,
543,seattle,1,0,osm_nodes,10,0.006337,0.2041,
544,seattle,1,0,osm_nodes,16,0.007605,0.2234,
545,seattle,0,0,osm_nodes,24,0.007326,0.1597,
546,seattle,0,0,osm_nodes,11,0.004847,0.2096,
547,seattle,1,0,osm_nodes,25,0.008716,0.1361,
548,seattle,0,0,osm_nodes,27,0.005724,0.1813,
549,seattle,0,0,osm_nodes,11,0.002757,0.1638,
550,seattle,1,0,osm_nodes,9,0.008068,0.0784,
551,seattle,1,0,osm_nodes,15,0.004659,0.099,
552,seattle,1,0,osm_nodes,37,0.016574,0.1044,
553,seattle,1,0,osm_nodes,99,0.02002,0.3105,
554,seattle,0,0,osm_nodes,97,0.018957,0.2808,
555,seattle,1,0,osm_nodes,22,0.007737,0.1751,
556,seattle,1,0,osm_nodes,108,0.018619,0.2489,
557,seattle,1,0,osm_nodes,89,0.015533,0.2563,
558,seattle,1,0,osm_nodes,14,0.006682,0.1574,
559,seattle,1,0,osm_nodes,15,0.011684,0.1602,
560,seattle,1,0,osm_nodes,15,0.012459,0.1515,
561,seattle,1,0,osm_nodes,15,0.01243,0.1478,
562,seattle,1,0,osm_nodes,87,0.017791,0.1662,
563,seattle,1,0,osm_nodes,69,0.017124,0.3762,
564,seattle,1,0,osm_nodes,65,0.017893,0.4209,
565,seattle,1,0,osm_nodes,98,0.018386,0.169,
566,seattle,1,0,osm_nodes,70,0.017282,0.3296,
567,seattle,1,0,osm_nodes,11,0.007812,0.1605,
568,seattle,1,0,osm_nodes,82,0.01655,0.2396,
569,seattle,1,1,osm_nodes,45,0.015433,0.089,
570,seattle,1,1,osm_nodes,50,0.01635,0.0976,
571,seattle,1,0,osm_nodes,10,0.007471,0.1706,
572,seattle,1,0,osm_nodes,81,0.020594,0.3267,
573,seattle,1,0,osm_nodes,10,0.007304,0.1329,
574,seattle,0,0,osm_nodes,89,0.017385,0.2376,
575,seattle,0,0,osm_nodes,90,0.0172,0.2361,
576,seattle,0,0,osm_nodes,90,0.017003,0.2307,
577,seattle,0,0,osm_nodes,87,0.014931,0.2007,
578,seattle,1,0,osm_nodes,58,0.016103,0.5222,
579,seattle,0,0,osm_nodes,5,0.002536,0.1529,
580,seattle,1,0,osm_nodes,11,0.004306,0.1524,
581,seattle,1,0,osm_nodes,13,0.004887,0.1814,
582,seattle,1,0,osm_nodes,48,0.016945,0.2476,
583,seattle,1,0,osm_nodes,43,0.016333,0.2117,
584,seattle,1,0,osm_nodes,43,0.015779,0.2626,
585,seattle,1,0,osm_nodes,45,0.017051,0.2493,
586,seattle,1,0,osm_nodes,44,0.015608,0.2687,
587,seattle,1,0,osm_nodes,44,0.017057,0.225,
588,seattle,1,0,osm_nodes,43,0.017011,0.208,
589,seattle,0,0,osm_nodes,8,0.005604,0.2193,
590,seattle,0,0,osm_nodes,11,0.001218,0.2094,
591,seattle,1,1,osm_nodes,10,0.001511,0.202,
592,seattle,1,1,osm_nodes,17,0.01129,0.1992,
593,seattle,1,1,osm_nodes,15,0.012001,0.1811,
594,seattle,1,0,osm_nodes,8,0.013865,0.2198,
595,seattle,1,0,osm_nodes,10,0.011246,0.2543,
596,seattle,1,0,osm_nodes,10,0.011225,0.2535,
597,seattle,0,0,osm_nodes,6,0.004533,0.1613,
598,seattle,0,0,osm_nodes,10,0.00461,0.2273,
599,seattle,0,0,osm_nodes,12,0.0,0.1662,
600,seattle,0,0,osm_nodes,12,0.0,0.1593,
601,seattle,1,1,osm_nodes,24,0.010749,0.1345,
602,seattle,1,1,osm_nodes,7,0.005636,0.1572,
603,seattle,1,1,osm_nodes,23,0.015302,0.1211,
604,seattle,1,1,osm_nodes,21,0.014205,0.1768,
605,seattle,1,1,osm_nodes,22,0.014881,0.1493,
606,seattle,1,0,osm_nodes,17,0.007407,0.0873,
607,seattle,0,0,osm_nodes,7,0.0,0.1517,
608,seattle,1,0,osm_nodes,16,0.012981,0.0404,
609,seattle,1,1,osm_nodes,22,0.008987,0.1245,
610,seattle,1,0,osm_nodes,33,0.011502,0.3383,
611,seattle,1,0,osm_nodes,32,0.011058,0.3345,
612,seattle,1,0,osm_nodes,25,0.00948,0.2577,
613,seattle,1,1,osm_nodes,22,0.008533,0.0997,
614,seattle,1,1,osm_nodes,23,0.008645,0.1011,
615,seattle,1,1,osm_nodes,21,0.008833,0.1387,
616,seattle,1,1,osm_nodes,26,0.016954,0.0609,
617,seattle,1,1,osm_nodes,23,0.011369,0.1924,
618,seattle,1,0,osm_nodes,14,0.00762,0.2049,
619,seattle,1,1,osm_nodes,26,0.01724,0.0632,
620,seattle,1,0,osm_nodes,24,0.015474,0.2051,
621,seattle,1,1,osm_nodes,9,0.001972,0.1898,
622,seattle,1,1,osm_nodes,9,0.001971,0.197,
623,seattle,0,0,osm_nodes,19,0.009638,0.2504,
624,seattle,1,0,osm_nodes,36,0.013523,0.057,
625,seattle,1,1,osm_nodes,31,0.013896,0.0819,
626,seattle,1,1,osm_nodes,33,0.014095,0.0848,
627,seattle,1,1,osm_nodes,32,0.014446,0.0586,
634,seattle,1,0,osm_nodes,18,0.022506,0.2302,
638,seattle,1,0,osm_nodes,19,0.019002,0.1732,
639,seattle,1,0,osm_nodes,21,0.022463,0.2769,
640,seattle,1,0,osm_nodes,39,0.022771,0.2963,
641,seattle,1,0,osm_nodes,19,0.022922,0.256,
642,seattle,1,0,osm_nodes,30,0.017521,0.2378,
643,seattle,1,0,osm_nodes,30,0.016214,0.2032,
644,seattle,1,0,osm_nodes,30,0.016364,0.2114,
645,seattle,1,0,osm_nodes,29,0.015746,0.0408,
646,seattle,1,0,osm_nodes,33,0.019131,0.0234,
647,seattle,1,0,osm_nodes,18,0.014152,0.0,
648,seattle,1,0,osm_nodes,33,0.023245,0.3293,
649,seattle,1,0,osm_nodes,39,0.027273,0.1766,
650,seattle,1,0,osm_nodes,36,0.026357,0.1776,
651,seattle,1,0,osm_nodes,21,0.022322,0.2372,
652,seattle,1,0,osm_nodes,25,0.022491,0.2373,
653,seattle,1,0,osm_nodes,12,0.022814,0.2378,
654,seattle,1,0,osm_nodes,13,0.022766,0.2336,
655,seattle,1,0,osm_nodes,12,0.022767,0.2065,
656,seattle,1,0,osm_nodes,22,0.022515,0.2327,
658,seattle,1,0,osm_nodes,20,0.023518,0.237,
659,seattle,1,0,osm_nodes,27,0.023965,0.2439,
660,seattle,1,0,osm_nodes,20,0.022427,0.2717,
661,seattle,1,0,osm_nodes,26,0.022565,0.2191,
662,seattle,1,0,osm_nodes,27,0.024556,0.1118,
663,seattle,1,0,osm_nodes,25,0.022687,0.2385,
664,seattle,1,0,osm_nodes,25,0.022891,0.1879,
665,seattle,1,0,osm_nodes,26,0.023327,0.1726,
666,seattle,1,0,osm_nodes,20,0.024325,0.2195,
667,seattle,1,0,osm_nodes,20,0.021453,0.2013,
668,seattle,1,0,osm_nodes,27,0.025648,0.0798,
669,seattle,1,0,osm_nodes,34,0.027994,0.1388,
670,seattle,1,0,osm_nodes,36,0.026858,0.0989,
671,seattle,1,0,osm_nodes,37,0.025652,0.1196,
672,seattle,1,0,osm_nodes,35,0.024834,0.1813,
673,seattle,1,0,osm_nodes,29,0.025653,0.2357,
674,seattle,1,0,osm_nodes,30,0.025861,0.2406,
675,seattle,1,0,osm_nodes,28,0.021578,0.2198,
676,seattle,1,0,osm_nodes,38,0.022415,0.2951,
677,seattle,1,0,osm_nodes,38,0.022457,0.2982,
678,seattle,1,0,osm_nodes,35,0.024933,0.174,
680,seattle,1,0,osm_nodes,27,0.02113,0.2157,
681,seattle,1,0,osm_nodes,39,0.022769,0.3014,
682,seattle,1,0,osm_nodes,19,0.023031,0.2152,
683,seattle,1,0,osm_nodes,25,0.022342,0.2001,
684,seattle,1,0,osm_nodes,25,0.021718,0.2072,
685,seattle,1,0,osm_nodes,39,0.022765,0.3076,
686,seattle,1,0,osm_nodes,37,0.022978,0.3036,
687,seattle,1,0,osm_nodes,27,0.021236,0.2362,
688,seattle,1,0,osm_nodes,25,0.021208,0.2346,
689,seattle,1,0,osm_nodes,21,0.021967,0.2373,
690,seattle,1,0,osm_nodes,14,0.023003,0.2232,
691,seattle,1,0,osm_nodes,19,0.023028,0.2047,
692,seattle,1,0,osm_nodes,42,0.022479,0.2804,
693,seattle,1,0,osm_nodes,48,0.024912,0.1866,
694,seattle,1,0,osm_nodes,53,0.024836,0.1805,
695,seattle,1,0,osm_nodes,57,0.025691,0.2332,
696,seattle,1,0,osm_nodes,18,0.021952,0.2541,
697,seattle,1,0,osm_nodes,65,0.026927,0.1989,
698,seattle,1,0,osm_nodes,62,0.026297,0.1707,
699,seattle,1,1,osm_nodes,68,0.025179,0.0655,
700,seattle,1,0,osm_nodes,74,0.028412,0.1969,
701,seattle,1,1,osm_nodes,85,0.030398,0.281,
702,seattle,1,0,osm_nodes,26,0.020179,0.1918,
703,seattle,1,0,osm_nodes,79,0.025925,0.4463,
704,seattle,1,0,osm_nodes,66,0.023157,0.3554,
705,seattle,1,0,osm_nodes,24,0.015812,0.3464,
706,seattle,1,0,osm_nodes,24,0.014582,0.3465,
707,seattle,1,0,osm_nodes,23,0.015015,0.32,
708,seattle,1,0,osm_nodes,23,0.014982,0.3051,
709,seattle,1,0,osm_nodes,47,0.018197,0.2143,
710,seattle,1,0,osm_nodes,50,0.018624,0.1969,
711,seattle,1,0,osm_nodes,62,0.018974,0.2896,
712,seattle,1,0,osm_nodes,59,0.019316,0.3411,
713,seattle,1,0,osm_nodes,57,0.01792,0.2145,
714,seattle,1,0,osm_nodes,58,0.017746,0.1715,
715,seattle,1,0,osm_nodes,31,0.011811,0.1256,
716,seattle,1,0,osm_nodes,68,0.019055,0.1908,
717,seattle,1,0,osm_nodes,68,0.01897,0.163,
718,seattle,1,0,osm_nodes,31,0.011609,0.1624,
719,seattle,1,0,osm_nodes,31,0.011462,0.158,
720,seattle,1,0,osm_nodes,31,0.011273,0.1902,
721,seattle,1,0,osm_nodes,31,0.011616,0.2125,
722,seattle,0,0,osm_nodes,58,0.018453,0.2746,
724,seattle,1,0,osm_nodes,66,0.019078,0.2284,
725,seattle,1,0,osm_nodes,69,0.021286,0.2685,
726,seattle,1,0,osm_nodes,24,0.019622,0.1354,
727,seattle,1,0,osm_nodes,38,0.021202,0.1697,
728,seattle,1,0,osm_nodes,38,0.021003,0.1588,
729,seattle,1,0,osm_nodes,37,0.024195,0.3737,
730,seattle,1,0,osm_nodes,46,0.024288,0.1906,
731,seattle,1,0,osm_nodes,73,0.028386,0.2645,
732,seattle,1,0,osm_nodes,64,0.026347,0.2466,
733,seattle,1,0,osm_nodes,59,0.023565,0.2192,
734,seattle,1,0,osm_nodes,65,0.025506,0.2551,
735,seattle,1,0,osm_nodes,32,0.023064,0.3366,
736,seattle,1,1,osm_nodes,65,0.026249,0.217,
737,seattle,1,0,osm_nodes,32,0.023051,0.3179,
738,seattle,1,1,osm_nodes,63,0.025542,0.2726,
739,seattle,1,0,osm_nodes,64,0.025089,0.3071,
740,seattle,1,0,osm_nodes,53,0.024136,0.3257,
741,seattle,1,0,osm_nodes,43,0.022097,0.3662,
742,seattle,1,0,osm_nodes,42,0.022086,0.372,
743,seattle,1,0,osm_nodes,26,0.023499,0.214,
744,seattle,1,0,osm_nodes,46,0.020598,0.3376,
745,seattle,1,0,osm_nodes,22,0.022817,0.2219,
746,seattle,1,0,osm_nodes,40,0.023869,0.2495,
747,seattle,1,0,osm_nodes,43,0.025008,0.2531,
748,seattle,1,0,osm_nodes,51,0.019286,0.1659,
749,seattle,1,0,osm_nodes,38,0.02298,0.3175,
750,seattle,1,0,osm_nodes,41,0.023669,0.2765,
751,seattle,1,0,osm_nodes,20,0.022875,0.2418,
752,seattle,1,0,osm_nodes,49,0.021309,0.2501,
753,seattle,1,0,osm_nodes,23,0.022806,0.2484,
754,seattle,1,0,osm_nodes,43,0.024046,0.2434,
755,seattle,1,0,osm_nodes,42,0.024175,0.3368,
756,seattle,1,0,osm_nodes,23,0.022808,0.2449,
757,seattle,1,0,osm_nodes,30,0.022707,0.2634,
758,seattle,1,0,osm_nodes,35,0.0246,0.1607,
759,seattle,1,0,osm_nodes,42,0.024383,0.3228,
760,seattle,1,0,osm_nodes,44,0.024449,0.2729,
761,seattle,1,0,osm_nodes,61,0.026577,0.1773,
762,seattle,1,0,osm_nodes,64,0.025644,0.2283,
763,seattle,1,0,osm_nodes,71,0.025589,0.2364,
764,seattle,1,0,osm_nodes,57,0.024692,0.2435,
765,seattle,1,0,osm_nodes,56,0.023815,0.3478,
766,seattle,1,0,osm_nodes,55,0.023417,0.3493,
767,seattle,1,0,osm_nodes,57,0.023253,0.3002,
768,seattle,1,1,osm_nodes,72,0.025077,0.21,
769,seattle,1,1,osm_nodes,76,0.025188,0.2143,
770,seattle,1,0,osm_nodes,91,0.025393,0.1828,
771,seattle,1,0,osm_nodes,70,0.023361,0.1955,
772,seattle,1,0,osm_nodes,39,0.022478,0.3653,
773,seattle,1,0,osm_nodes,38,0.020884,0.3488,
774,seattle,1,0,osm_nodes,67,0.022932,0.2458,
775,seattle,1,0,osm_nodes,57,0.027146,0.219,
776,seattle,1,0,osm_nodes,37,0.020125,0.2131,
777,seattle,1,0,osm_nodes,35,0.019845,0.2477,
778,seattle,1,0,osm_nodes,36,0.018837,0.2918,
779,seattle,1,0,osm_nodes,21,0.022731,0.2956,
780,seattle,1,0,osm_nodes,69,0.023181,0.1752,
781,seattle,1,0,osm_nodes,69,0.022931,0.1581,
782,seattle,1,0,osm_nodes,41,0.022313,0.3835,
783,seattle,1,0,osm_nodes,71,0.024165,0.2641,
784,seattle,1,0,osm_nodes,65,0.028436,0.2183,
785,seattle,1,0,osm_nodes,37,0.019115,0.2199,
786,seattle,1,0,osm_nodes,39,0.020274,0.1204,
787,seattle,1,0,osm_nodes,65,0.02303,0.1634,
788,seattle,1,1,osm_nodes,67,0.021616,0.3451,
789,seattle,1,0,osm_nodes,66,0.022896,0.2399,
790,seattle,1,0,osm_nodes,51,0.019696,0.4387,
791,seattle,1,0,osm_nodes,48,0.023229,0.1975,
792,seattle,1,0,osm_nodes,47,0.023023,0.1991,
793,seattle,1,0,osm_nodes,53,0.023615,0.2626,
794,seattle,1,0,osm_nodes,53,0.022528,0.2086,
795,seattle,1,0,osm_nodes,53,0.022562,0.2111,
796,seattle,1,0,osm_nodes,52,0.022987,0.2199,
797,seattle,1,0,osm_nodes,35,0.01909,0.2064,
798,seattle,1,0,osm_nodes,14,0.022929,0.2209,
799,seattle,1,0,osm_nodes,51,0.022745,0.1804,
800,seattle,1,0,osm_nodes,26,0.010144,0.2945,
801,seattle,1,0,osm_nodes,49,0.023123,0.1905,
802,seattle,1,0,osm_nodes,48,0.023751,0.2255,
803,seattle,1,0,osm_nodes,48,0.0237,0.2164,
804,seattle,1,1,osm_nodes,79,0.033206,0.5112,
805,seattle,1,0,osm_nodes,85,0.03445,0.5387,
806,seattle,1,1,osm_nodes,83,0.033409,0.5231,
807,seattle,1,0,osm_nodes,81,0.031006,0.2636,
808,seattle,1,0,osm_nodes,57,0.028477,0.4575,
809,seattle,1,0,osm_nodes,57,0.028753,0.4556,
810,seattle,1,1,osm_nodes,83,0.031747,0.114,
811,seattle,1,1,osm_nodes,82,0.031313,0.1978,
812,seattle,1,1,osm_nodes,80,0.030372,0.1727,
813,seattle,1,0,osm_nodes,66,0.028271,0.3468,
814,seattle,1,0,osm_nodes,31,0.018283,0.0312,
815,seattle,1,0,osm_nodes,63,0.028468,0.3371,
816,seattle,1,0,osm_nodes,37,0.022135,0.0906,
817,seattle,1,1,osm_nodes,53,0.025504,0.2821,
818,seattle,1,1,osm_nodes,55,0.025557,0.2951,
819,seattle,1,1,osm_nodes,55,0.025561,0.2917,
820,seattle,1,0,osm_nodes,45,0.023236,0.2778,
821,seattle,1,0,osm_nodes,35,0.020964,0.2569,
822,seattle,1,1,osm_nodes,39,0.025997,0.1676,
823,seattle,1,1,osm_nodes,66,0.025654,0.2364,
824,seattle,1,1,osm_nodes,59,0.026144,0.1641,
826,seattle,1,0,osm_nodes,32,0.027085,0.2032,
827,seattle,1,0,osm_nodes,26,0.024398,0.1663,
828,seattle,1,0,osm_nodes,33,0.027664,0.2383,
829,seattle,1,0,osm_nodes,18,0.021781,0.2164,
830,seattle,1,0,osm_nodes,41,0.025185,0.1363,
831,seattle,1,1,osm_nodes,18,0.020149,0.1015,
832,seattle,1,1,osm_nodes,17,0.019559,0.1042,
833,seattle,1,0,osm_nodes,38,0.021646,0.1788,
834,seattle,1,0,osm_nodes,43,0.021823,0.1213,
835,seattle,1,1,osm_nodes,18,0.021259,0.1667,
836,seattle,1,0,osm_nodes,38,0.021604,0.1685,
837,seattle,1,0,osm_nodes,37,0.021283,0.1689,
838,seattle,1,0,osm_nodes,41,0.024308,0.0933,
839,seattle,1,1,osm_nodes,50,0.026297,0.1627,
840,seattle,1,1,osm_nodes,58,0.028726,0.2427,
841,seattle,1,1,osm_nodes,59,0.029273,0.2495,
842,seattle,1,0,osm_nodes,48,0.027934,0.2367,
843,seattle,1,0,osm_nodes,47,0.028758,0.215,
844,seattle,1,0,osm_nodes,35,0.026718,0.1993,
845,seattle,1,0,osm_nodes,30,0.025525,0.2358,
846,seattle,1,0,osm_nodes,30,0.025127,0.2377,
847,seattle,1,0,osm_nodes,34,0.02251,0.1238,
848,seattle,1,0,osm_nodes,37,0.022835,0.1303,
849,seattle,1,0,osm_nodes,13,0.013891,0.1531,
850,seattle,1,0,osm_nodes,16,0.017503,0.201,
851,seattle,1,0,osm_nodes,21,0.020363,0.2255,
852,seattle,1,0,osm_nodes,40,0.026218,0.2358,
853,seattle,1,0,osm_nodes,29,0.02278,0.2115,
854,seattle,1,0,osm_nodes,33,0.024827,0.2333,
855,seattle,1,0,osm_nodes,26,0.020423,0.2061,
856,seattle,1,0,osm_nodes,17,0.02086,0.221,
857,seattle,1,0,osm_nodes,34,0.0207,0.2416,
858,seattle,1,1,osm_nodes,38,0.024772,0.2728,
859,seattle,1,0,osm_nodes,40,0.027378,0.1777,
860,seattle,1,0,osm_nodes,37,0.027884,0.1853,
861,seattle,1,0,osm_nodes,32,0.0206,0.0865,
862,seattle,1,0,osm_nodes,38,0.028082,0.1983,
863,seattle,1,0,osm_nodes,49,0.027446,0.2076,
864,seattle,1,0,osm_nodes,37,0.023103,0.191,
865,seattle,1,0,osm_nodes,16,0.022864,0.2357,
866,seattle,1,0,osm_nodes,13,0.012629,0.1484,
867,seattle,1,0,osm_nodes,20,0.020433,0.2146,
868,seattle,1,0,osm_nodes,17,0.012728,0.1152,
869,seattle,1,0,osm_nodes,21,0.020103,0.2038,
870,seattle,1,0,osm_nodes,29,0.022157,0.1925,
871,seattle,1,0,osm_nodes,3,0.005827,0.1381,
872,seattle,1,0,osm_nodes,25,0.017468,0.2106,
873,seattle,1,0,osm_nodes,32,0.020541,0.2019,
874,seattle,1,0,osm_nodes,17,0.015224,0.1782,
875,seattle,1,0,osm_nodes,25,0.019145,0.222,
876,seattle,1,0,osm_nodes,31,0.022336,0.2459,
877,seattle,1,0,osm_nodes,37,0.020251,0.1928,
879,seattle,1,0,osm_nodes,23,0.019453,0.1893,
880,seattle,0,0,osm_nodes,8,0.0,0.2315,
881,seattle,0,0,osm_nodes,11,0.006998,0.2071,
882,seattle,1,1,osm_nodes,44,0.023855,0.1581,
883,seattle,1,0,osm_nodes,24,0.017926,0.18,
884,seattle,1,0,osm_nodes,21,0.016504,0.1661,
885,seattle,1,1,osm_nodes,46,0.023416,0.2053,
886,seattle,1,1,osm_nodes,49,0.024003,0.243,
887,seattle,1,0,osm_nodes,22,0.016677,0.1808,
888,seattle,1,1,osm_nodes,44,0.023856,0.164,
889,seattle,1,0,osm_nodes,44,0.023339,0.3124,
890,seattle,1,1,osm_nodes,46,0.023247,0.1828,
891,seattle,1,0,osm_nodes,59,0.024497,0.2815,
892,seattle,1,1,osm_nodes,48,0.023369,0.2047,
893,seattle,0,0,osm_nodes,11,0.007077,0.1974,
894,seattle,1,1,osm_nodes,49,0.022402,0.164,
895,seattle,1,1,osm_nodes,49,0.021747,0.1325,
896,seattle,1,1,osm_nodes,52,0.021939,0.1886,
897,seattle,1,1,osm_nodes,52,0.021814,0.26,
898,seattle,1,0,osm_nodes,47,0.021549,0.3199,
899,seattle,1,1,osm_nodes,64,0.025603,0.3301,
900,seattle,1,1,osm_nodes,68,0.025812,0.3,
901,seattle,1,1,osm_nodes,61,0.021728,0.1476,
902,seattle,1,1,osm_nodes,57,0.021369,0.1623,
903,seattle,1,0,osm_nodes,56,0.022741,0.1575,
904,seattle,1,0,osm_nodes,55,0.022079,0.1472,
905,seattle,1,0,osm_nodes,59,0.024025,0.1721,
906,seattle,1,0,osm_nodes,40,0.024819,0.2124,
907,seattle,1,0,osm_nodes,27,0.022132,0.2382,
908,seattle,1,0,osm_nodes,25,0.020695,0.2035,
909,seattle,1,0,osm_nodes,64,0.025608,0.2279,
910,seattle,1,0,osm_nodes,69,0.027152,0.2085,
911,seattle,1,0,osm_nodes,24,0.021643,0.2288,
912,seattle,1,0,osm_nodes,48,0.026982,0.2384,
913,seattle,1,0,osm_nodes,47,0.028024,0.2238,
914,seattle,1,0,osm_nodes,41,0.025211,0.1644,
915,seattle,1,0,osm_nodes,41,0.025793,0.205,
916,seattle,1,0,osm_nodes,42,0.026083,0.2398,
917,seattle,1,0,osm_nodes,40,0.027185,0.2412,
918,seattle,1,0,osm_nodes,34,0.024857,0.282,
919,seattle,1,0,osm_nodes,42,0.025668,0.2517,
920,seattle,1,1,osm_nodes,43,0.027133,0.146,
921,seattle,1,1,osm_nodes,37,0.023716,0.2136,
922,seattle,1,1,osm_nodes,50,0.026383,0.2071,
923,seattle,1,1,osm_nodes,50,0.026108,0.1983,
924,seattle,1,0,osm_nodes,38,0.024148,0.2279,
925,seattle,1,1,osm_nodes,36,0.023459,0.2347,
926,seattle,1,1,osm_nodes,51,0.027184,0.2285,
927,seattle,1,1,osm_nodes,42,0.01535,0.3581,
928,seattle,1,0,osm_nodes,40,0.021263,0.3249,
929,seattle,1,0,osm_nodes,40,0.021302,0.3088,
930,seattle,1,0,osm_nodes,40,0.019273,0.2631,
931,seattle,1,1,osm_nodes,44,0.02126,0.2542,
932,seattle,1,1,osm_nodes,43,0.021482,0.2464,
933,seattle,1,1,osm_nodes,44,0.021518,0.2543,
934,seattle,1,1,osm_nodes,44,0.021272,0.2441,
935,seattle,1,0,osm_nodes,39,0.018691,0.2319,
936,seattle,1,0,osm_nodes,22,0.017858,0.2136,
937,seattle,1,0,osm_nodes,30,0.019155,0.3869,
938,seattle,1,1,osm_nodes,20,0.019597,0.2392,
939,seattle,1,1,osm_nodes,24,0.020678,0.2856,
940,seattle,1,0,osm_nodes,16,0.022222,0.2077,
941,seattle,1,1,osm_nodes,126,0.031328,0.0044,
942,seattle,1,0,osm_nodes,51,0.019805,0.2042,
943,seattle,1,0,osm_nodes,59,0.022351,0.1554,
944,seattle,1,1,osm_nodes,72,0.022398,0.1176,
945,seattle,1,0,osm_nodes,54,0.020013,0.2068,
946,seattle,1,1,osm_nodes,71,0.021934,0.2191,
947,seattle,1,0,osm_nodes,126,0.031338,0.0,
948,seattle,1,0,osm_nodes,125,0.031432,0.0015,
949,seattle,1,0,osm_nodes,124,0.030913,0.0023,
950,seattle,1,0,osm_nodes,124,0.030629,0.0015,
951,seattle,1,0,osm_nodes,106,0.030671,0.0045,
952,seattle,1,0,osm_nodes,47,0.019248,0.2413,
953,seattle,1,0,osm_nodes,40,0.016192,0.0887,
954,seattle,1,0,osm_nodes,38,0.016105,0.0779,
955,seattle,1,0,osm_nodes,38,0.016097,0.0731,
956,seattle,0,0,osm_nodes,5,0.000231,0.0625,
957,seattle,0,0,osm_nodes,7,0.0,0.1412,
958,seattle,0,0,osm_nodes,7,0.001402,0.1317,
959,seattle,0,0,osm_nodes,11,0.002612,0.1598,
960,seattle,1,1,osm_nodes,19,0.010306,0.1252,
961,seattle,1,1,osm_nodes,19,0.01035,0.1194,
962,seattle,0,0,osm_nodes,25,0.01386,0.0,
963,seattle,0,0,osm_nodes,26,0.014793,0.0,
964,seattle,0,0,osm_nodes,27,0.015319,0.0,
965,seattle,1,0,osm_nodes,23,0.012787,0.0153,
966,seattle,1,0,osm_nodes,40,0.007938,0.113,
967,seattle,1,0,osm_nodes,46,0.007508,0.1634,
968,seattle,1,1,osm_nodes,21,0.009364,0.0742,
969,seattle,1,1,osm_nodes,60,0.024423,0.0841,
970,seattle,1,0,osm_nodes,63,0.024786,0.296,
971,seattle,1,1,osm_nodes,54,0.020576,0.486,
972,seattle,1,0,osm_nodes,33,0.01673,0.2846,
973,seattle,1,0,osm_nodes,49,0.020583,0.509,
974,seattle,1,0,osm_nodes,65,0.026845,0.2867,
975,seattle,1,0,osm_nodes,34,0.018596,0.3379,
976,seattle,1,0,osm_nodes,62,0.025423,0.2628,
977,seattle,1,0,osm_nodes,61,0.025029,0.2596,
978,seattle,1,1,osm_nodes,67,0.026417,0.2452,
979,seattle,1,1,osm_nodes,55,0.022888,0.307,
980,seattle,0,0,osm_nodes,12,0.001597,0.0918,
981,seattle,1,0,osm_nodes,24,0.015477,0.2947,
982,seattle,1,0,osm_nodes,43,0.025587,0.1943,
983,seattle,1,0,osm_nodes,45,0.026522,0.1974,
984,seattle,1,0,osm_nodes,29,0.020098,0.2388,
985,seattle,1,0,osm_nodes,33,0.022258,0.3329,
986,seattle,1,0,osm_nodes,29,0.0201,0.2367,
987,seattle,1,0,osm_nodes,42,0.025375,0.1785,
988,seattle,1,0,osm_nodes,31,0.020307,0.2216,
989,seattle,1,0,osm_nodes,34,0.021038,0.2287,
990,seattle,1,0,osm_nodes,33,0.022314,0.1798,
991,seattle,1,0,osm_nodes,31,0.022388,0.3169,
992,seattle,1,0,osm_nodes,31,0.022399,0.3158,
993,seattle,1,0,osm_nodes,36,0.022773,0.2111,
994,seattle,1,0,osm_nodes,41,0.024274,0.1681,
995,seattle,1,1,osm_nodes,34,0.022504,0.1853,
996,seattle,1,1,osm_nodes,35,0.022222,0.1751,
997,seattle,1,1,osm_nodes,25,0.023061,0.3631,
998,seattle,1,0,osm_nodes,39,0.025114,0.1744,
999,seattle,1,0,osm_nodes,26,0.022868,0.3458,
1000,seattle,1,0,osm_nodes,26,0.022868,0.354,
1001,seattle,1,0,osm_nodes,27,0.024946,0.2502,
1002,seattle,1,0,osm_nodes,38,0.026618,0.2275,
1003,seattle,1,0,osm_nodes,29,0.022148,0.2049,
1004,seattle,1,0,osm_nodes,29,0.022499,0.2135,
1005,seattle,1,0,osm_nodes,29,0.022557,0.2129,
1006,seattle,1,0,osm_nodes,27,0.022723,0.2359,
1007,seattle,1,0,osm_nodes,42,0.027005,0.1905,
1008,seattle,1,0,osm_nodes,9,0.00711,0.1302,
1009,seattle,1,0,osm_nodes,43,0.025526,0.2542,
1010,seattle,1,0,osm_nodes,43,0.025421,0.2237,
1011,seattle,1,0,osm_nodes,22,0.02099,0.2136,
1012,seattle,1,0,osm_nodes,44,0.026911,0.2076,
1013,seattle,1,0,osm_nodes,48,0.026666,0.1957,
1014,seattle,1,1,osm_nodes,46,0.02634,0.2139,
1015,seattle,1,0,osm_nodes,26,0.022387,0.2743,
1016,seattle,1,1,osm_nodes,20,0.021505,0.1677,
1017,seattle,1,1,osm_nodes,46,0.026351,0.2057,
1018,seattle,1,0,osm_nodes,29,0.022386,0.2772,
1019,seattle,1,0,osm_nodes,25,0.022911,0.2906,
1020,seattle,1,0,osm_nodes,27,0.022988,0.2949,
1021,seattle,1,0,osm_nodes,26,0.024064,0.2583,
1022,seattle,1,0,osm_nodes,29,0.0249,0.3108,
1023,seattle,1,1,osm_nodes,24,0.022985,0.2394,
1024,seattle,1,0,osm_nodes,28,0.012865,0.2241,
1025,seattle,1,0,osm_nodes,24,0.022833,0.3269,
1026,seattle,1,0,osm_nodes,35,0.024412,0.298,
1027,seattle,1,0,osm_nodes,32,0.024274,0.297,
1028,seattle,1,0,osm_nodes,24,0.022906,0.332,
1029,seattle,1,1,osm_nodes,29,0.020467,0.319,
1030,seattle,1,0,osm_nodes,36,0.020961,0.2082,
1031,seattle,1,0,osm_nodes,33,0.01892,0.2031,
1032,seattle,1,0,osm_nodes,36,0.020944,0.1812,
1033,seattle,1,0,osm_nodes,35,0.019172,0.2322,
1034,seattle,1,0,osm_nodes,35,0.019482,0.2211,
1035,seattle,1,0,osm_nodes,37,0.019622,0.2349,
1036,seattle,1,0,osm_nodes,23,0.02512,0.2669,
1037,seattle,1,0,osm_nodes,34,0.021443,0.2131,
1038,seattle,1,0,osm_nodes,24,0.0227,0.2771,
1039,seattle,1,0,osm_nodes,24,0.022662,0.2444,
1040,seattle,1,0,osm_nodes,20,0.022808,0.2422,
1041,seattle,1,0,osm_nodes,23,0.024961,0.2677,
1042,seattle,1,0,osm_nodes,21,0.023019,0.2176,
1043,seattle,1,0,osm_nodes,35,0.027296,0.2813,
1044,seattle,1,0,osm_nodes,24,0.023871,0.226,
1045,seattle,1,0,osm_nodes,15,0.022256,0.2914,
1046,seattle,1,0,osm_nodes,63,0.029457,0.2282,
1047,seattle,1,0,osm_nodes,64,0.029652,0.3918,
1048,seattle,1,0,osm_nodes,45,0.023356,0.4909,
1049,seattle,1,0,osm_nodes,31,0.016621,0.4238,
1050,seattle,1,0,osm_nodes,30,0.023657,0.2378,
1051,seattle,1,0,osm_nodes,21,0.023778,0.2658,
1052,seattle,1,0,osm_nodes,27,0.02306,0.2278,
1053,seattle,1,0,osm_nodes,57,0.027274,0.3359,
1054,seattle,1,0,osm_nodes,26,0.022876,0.2309,
1055,seattle,1,1,osm_nodes,47,0.023681,0.5195,
1056,seattle,1,0,osm_nodes,57,0.024209,0.247,
1057,seattle,1,1,osm_nodes,44,0.024335,0.4759,
1058,seattle,1,1,osm_nodes,44,0.024892,0.5005,
1059,seattle,1,0,osm_nodes,52,0.026013,0.3205,
1060,seattle,1,0,osm_nodes,45,0.016414,0.2916,
1061,seattle,1,0,osm_nodes,68,0.029295,0.3085,
1062,seattle,1,1,osm_nodes,66,0.024883,0.2002,
1063,seattle,1,0,osm_nodes,59,0.025337,0.4042,
1064,seattle,1,1,osm_nodes,44,0.022731,0.4955,
1065,seattle,1,1,osm_nodes,47,0.023272,0.4943,
1066,seattle,1,0,osm_nodes,72,0.028791,0.3789,
1067,seattle,1,1,osm_nodes,70,0.028352,0.3367,
1068,seattle,1,1,osm_nodes,73,0.028828,0.3717,
1069,seattle,1,0,osm_nodes,76,0.025708,0.2866,
1070,seattle,1,0,osm_nodes,26,0.022581,0.1831,
1071,seattle,1,0,osm_nodes,90,0.027844,0.1922,
1072,seattle,1,1,osm_nodes,49,0.025317,0.4459,
1073,seattle,1,0,osm_nodes,35,0.023189,0.228,
1074,seattle,1,0,osm_nodes,71,0.026341,0.3391,
1075,seattle,1,0,osm_nodes,35,0.014405,0.3893,
1076,seattle,1,1,osm_nodes,44,0.0251,0.4247,
1077,seattle,1,0,osm_nodes,27,0.022823,0.2014,
1078,seattle,1,1,osm_nodes,88,0.027734,0.1514,
1079,seattle,1,0,osm_nodes,37,0.016527,0.4373,
1080,seattle,1,0,osm_nodes,38,0.02397,0.2308,
1081,seattle,1,0,osm_nodes,52,0.026194,0.3412,
1082,seattle,1,1,osm_nodes,80,0.026319,0.0699,
1083,seattle,1,0,osm_nodes,63,0.02758,0.3557,
1084,seattle,1,0,osm_nodes,57,0.02681,0.3265,
1085,seattle,1,1,osm_nodes,62,0.024599,0.2733,
1086,seattle,1,0,osm_nodes,73,0.025383,0.1693,
1087,seattle,1,0,osm_nodes,39,0.024022,0.2126,
1088,seattle,1,0,osm_nodes,43,0.024897,0.2053,
1089,seattle,1,0,osm_nodes,45,0.025379,0.196,
1090,seattle,1,0,osm_nodes,50,0.022657,0.2844,
1091,seattle,1,0,osm_nodes,69,0.028947,0.3593,
1092,seattle,1,0,osm_nodes,75,0.029461,0.3371,
1093,seattle,1,0,osm_nodes,49,0.024767,0.4592,
1094,seattle,1,0,osm_nodes,65,0.024229,0.2759,
1095,seattle,1,0,osm_nodes,60,0.02372,0.3789,
1096,seattle,1,1,osm_nodes,81,0.029321,0.4047,
1097,seattle,1,0,osm_nodes,41,0.025283,0.2026,
1098,seattle,1,0,osm_nodes,60,0.024411,0.3765,
1099,seattle,1,0,osm_nodes,40,0.025173,0.193,
1100,seattle,1,0,osm_nodes,15,0.022483,0.2579,
1101,seattle,1,0,osm_nodes,53,0.023124,0.3022,
1102,seattle,1,0,osm_nodes,43,0.021363,0.2704,
1103,seattle,1,0,osm_nodes,54,0.023572,0.1722,
1104,seattle,1,0,osm_nodes,17,0.022584,0.2274,
1105,seattle,1,0,osm_nodes,38,0.024126,0.4015,
1106,seattle,1,0,osm_nodes,39,0.021132,0.2833,
1107,seattle,1,0,osm_nodes,68,0.025844,0.0216,
1108,seattle,1,1,osm_nodes,42,0.023,0.3846,
1109,seattle,1,0,osm_nodes,23,0.022864,0.213,
1110,seattle,1,1,osm_nodes,50,0.025368,0.2388,
1111,seattle,1,0,osm_nodes,23,0.022858,0.2058,
1112,seattle,1,0,osm_nodes,40,0.025824,0.2828,
1113,seattle,1,1,osm_nodes,34,0.023627,0.2355,
1114,seattle,1,0,osm_nodes,17,0.022738,0.2291,
1115,seattle,1,0,osm_nodes,32,0.024662,0.2324,
1116,seattle,1,0,osm_nodes,29,0.022775,0.3219,
1117,seattle,1,0,osm_nodes,29,0.02282,0.3224,
1118,seattle,1,0,osm_nodes,17,0.022712,0.2335,
1119,seattle,1,0,osm_nodes,31,0.022719,0.3007,
1120,seattle,1,0,osm_nodes,23,0.023248,0.2682,
1121,seattle,1,0,osm_nodes,26,0.022579,0.2972,
1122,seattle,1,0,osm_nodes,27,0.022619,0.2922,
1123,seattle,1,0,osm_nodes,53,0.024217,0.2262,
1124,seattle,1,0,osm_nodes,19,0.022567,0.2568,
1125,seattle,1,0,osm_nodes,21,0.023493,0.2093,
1126,seattle,1,0,osm_nodes,56,0.023893,0.1862,
1127,seattle,1,0,osm_nodes,52,0.023725,0.2038,
1128,seattle,1,0,osm_nodes,26,0.022451,0.2891,
1129,seattle,1,1,osm_nodes,23,0.022692,0.3027,
1130,seattle,1,1,osm_nodes,23,0.02269,0.3008,
1131,seattle,1,0,osm_nodes,22,0.022718,0.2905,
1132,seattle,1,0,osm_nodes,27,0.022332,0.3027,
1133,seattle,1,0,osm_nodes,41,0.022659,0.2021,
1134,seattle,1,0,osm_nodes,27,0.022683,0.261,
1135,seattle,1,0,osm_nodes,38,0.021787,0.2803,
1136,seattle,1,0,osm_nodes,21,0.022694,0.2528,
1137,seattle,1,0,osm_nodes,30,0.022646,0.2964,
1138,seattle,1,0,osm_nodes,20,0.022737,0.2846,
1139,seattle,1,0,osm_nodes,26,0.022709,0.2942,
1140,seattle,1,0,osm_nodes,30,0.022694,0.297,
1141,seattle,1,0,osm_nodes,35,0.02174,0.3376,
1142,seattle,1,0,osm_nodes,15,0.023476,0.2675,
1143,seattle,1,0,osm_nodes,19,0.022734,0.2803,
1144,seattle,1,0,osm_nodes,26,0.022709,0.2843,
1145,seattle,1,0,osm_nodes,44,0.023591,0.3011,
1146,seattle,1,0,osm_nodes,38,0.023604,0.27,
1147,seattle,1,0,osm_nodes,50,0.024372,0.2801,
1148,seattle,1,1,osm_nodes,41,0.025564,0.3279,
1149,seattle,1,1,osm_nodes,55,0.024091,0.2303,
1150,seattle,1,0,osm_nodes,30,0.02251,0.2173,
1151,seattle,1,0,osm_nodes,31,0.021819,0.2234,
1152,seattle,1,0,osm_nodes,33,0.023829,0.3352,
1153,seattle,1,0,osm_nodes,31,0.023319,0.3222,
1154,seattle,1,0,osm_nodes,30,0.023107,0.3136,
1155,seattle,1,1,osm_nodes,53,0.024064,0.2705,
1156,seattle,1,0,osm_nodes,33,0.023621,0.3305,
1157,seattle,1,0,osm_nodes,42,0.026786,0.1405,
1158,seattle,1,0,osm_nodes,32,0.02326,0.2834,
1159,seattle,1,0,osm_nodes,33,0.023334,0.3177,
1160,seattle,1,0,osm_nodes,29,0.023142,0.3133,
1161,seattle,1,0,osm_nodes,23,0.022899,0.2163,
1162,seattle,1,0,osm_nodes,33,0.023599,0.3227,
1163,seattle,1,0,osm_nodes,30,0.023143,0.3125,
1164,seattle,1,1,osm_nodes,55,0.024817,0.2931,
1165,seattle,1,0,osm_nodes,52,0.025414,0.2518,
1166,seattle,1,0,osm_nodes,41,0.027449,0.1754,
1167,seattle,1,0,osm_nodes,63,0.026266,0.3933,
1168,seattle,1,0,osm_nodes,73,0.027934,0.4973,
1169,seattle,1,0,osm_nodes,22,0.022114,0.2436,
1170,seattle,1,0,osm_nodes,16,0.022823,0.2617,
1171,seattle,1,0,osm_nodes,56,0.027753,0.2656,
1172,seattle,1,0,osm_nodes,23,0.022576,0.3083,
1173,seattle,1,0,osm_nodes,21,0.022708,0.2648,
1174,seattle,1,0,osm_nodes,16,0.022824,0.2858,
1175,seattle,1,0,osm_nodes,51,0.027631,0.2775,
1176,seattle,1,0,osm_nodes,42,0.026916,0.296,
1177,seattle,1,0,osm_nodes,25,0.024449,0.2075,
1178,seattle,1,0,osm_nodes,32,0.025882,0.1193,
1179,seattle,1,0,osm_nodes,33,0.026559,0.0895,
1180,seattle,1,0,osm_nodes,27,0.025308,0.1228,
1181,seattle,1,0,osm_nodes,21,0.023308,0.2636,
1182,seattle,1,0,osm_nodes,29,0.023954,0.2805,
1183,seattle,1,0,osm_nodes,31,0.023875,0.3314,
1184,seattle,1,0,osm_nodes,32,0.025113,0.29,
1185,seattle,1,0,osm_nodes,15,0.022292,0.2873,
1186,seattle,1,0,osm_nodes,15,0.022272,0.2841,
1187,seattle,1,0,osm_nodes,34,0.026458,0.0085,
1188,seattle,1,0,osm_nodes,15,0.022215,0.2717,
1189,seattle,1,0,osm_nodes,17,0.022486,0.269,
1190,seattle,1,0,osm_nodes,14,0.022814,0.2571,
1191,seattle,1,0,osm_nodes,30,0.023819,0.2954,
1192,seattle,1,0,osm_nodes,12,0.022815,0.2242,
1193,seattle,1,0,osm_nodes,21,0.02313,0.2655,
1194,seattle,1,0,osm_nodes,30,0.02334,0.3214,
1195,seattle,1,0,osm_nodes,31,0.023528,0.33,
1196,seattle,1,0,osm_nodes,22,0.023789,0.1723,
1197,seattle,1,0,osm_nodes,44,0.026491,0.1888,
1198,seattle,1,0,osm_nodes,55,0.02952,0.0389,
1199,seattle,1,1,osm_nodes,109,0.039084,0.0554,
1200,seattle,1,0,osm_nodes,50,0.029683,0.1646,
1201,seattle,1,0,osm_nodes,92,0.033679,0.0329,
1202,seattle,1,0,osm_nodes,89,0.032892,0.025,
1203,seattle,1,0,osm_nodes,88,0.032718,0.0372,
1204,seattle,1,0,osm_nodes,90,0.031303,0.0065,
1205,seattle,1,0,osm_nodes,88,0.030927,0.0072,
1206,seattle,1,0,osm_nodes,88,0.030705,0.0152,
1207,seattle,1,1,osm_nodes,93,0.032717,0.1106,
1208,seattle,1,1,osm_nodes,96,0.033605,0.1325,
1209,seattle,1,0,osm_nodes,47,0.029457,0.2168,
1210,seattle,1,1,osm_nodes,84,0.030451,0.0732,
1211,seattle,1,0,osm_nodes,80,0.03096,0.1692,
1212,seattle,1,0,osm_nodes,44,0.031028,0.2389,
1213,seattle,1,0,osm_nodes,41,0.02801,0.2261,
1214,seattle,1,0,osm_nodes,47,0.030152,0.23,
1215,seattle,1,0,osm_nodes,40,0.027382,0.2011,
1216,seattle,1,0,osm_nodes,27,0.026995,0.1957,
1217,seattle,1,0,osm_nodes,28,0.020494,0.1304,
1218,seattle,1,0,osm_nodes,9,0.016849,0.0034,
1219,seattle,1,0,osm_nodes,26,0.020029,0.1578,
1220,seattle,1,0,osm_nodes,5,0.02131,0.0,
1221,seattle,1,0,osm_nodes,32,0.02111,0.2723,
1222,seattle,1,0,osm_nodes,51,0.027476,0.1589,
1223,seattle,1,1,osm_nodes,41,0.027884,0.2557,
1224,seattle,1,0,osm_nodes,23,0.02433,0.2015,
1225,seattle,1,0,osm_nodes,51,0.030668,0.2479,
1226,seattle,1,1,osm_nodes,46,0.028376,0.2343,
1227,seattle,1,1,osm_nodes,47,0.028593,0.2443,
1228,seattle,1,0,osm_nodes,48,0.0287,0.26,
1229,seattle,1,1,osm_nodes,47,0.028519,0.2458,
1230,seattle,1,0,osm_nodes,18,0.02141,0.1115,
1231,seattle,1,0,osm_nodes,18,0.015997,0.1163,
1232,seattle,1,0,osm_nodes,69,0.027285,0.1547,
1233,seattle,1,0,osm_nodes,30,0.025774,0.1831,
1234,seattle,1,0,osm_nodes,37,0.02409,0.2168,
1235,seattle,1,0,osm_nodes,37,0.025682,0.1746,
1236,seattle,1,0,osm_nodes,39,0.024458,0.1543,
1237,seattle,1,0,osm_nodes,22,0.014964,0.2101,
1238,seattle,1,0,osm_nodes,22,0.016157,0.2033,
1239,seattle,1,1,osm_nodes,51,0.021657,0.0782,
1240,seattle,1,0,osm_nodes,20,0.014844,0.1927,
1241,seattle,1,0,osm_nodes,62,0.026072,0.1073,
1242,seattle,1,0,osm_nodes,48,0.021477,0.0796,
1243,seattle,0,0,osm_nodes,21,0.015063,0.2206,
1244,seattle,1,0,osm_nodes,49,0.024391,0.2124,
1245,seattle,1,0,osm_nodes,49,0.024416,0.2158,
1246,seattle,1,0,osm_nodes,46,0.026464,0.2956,
1247,seattle,1,0,osm_nodes,41,0.021264,0.2073,
1248,seattle,1,1,osm_nodes,35,0.023011,0.0894,
1249,seattle,1,1,osm_nodes,39,0.023984,0.0757,
1250,seattle,1,0,osm_nodes,47,0.022328,0.2498,
1251,seattle,1,0,osm_nodes,24,0.021207,0.0666,
1252,seattle,1,0,osm_nodes,28,0.024561,0.2427,
1253,seattle,1,0,osm_nodes,46,0.026112,0.2597,
1254,seattle,1,0,osm_nodes,41,0.022946,0.2404,
1255,seattle,1,0,osm_nodes,23,0.01581,0.2216,
1256,seattle,1,0,osm_nodes,46,0.024835,0.2595,
1257,seattle,1,1,osm_nodes,38,0.029804,0.0568,
1258,seattle,1,0,osm_nodes,24,0.0172,0.0648,
1259,seattle,1,0,osm_nodes,23,0.016699,0.0216,
1260,seattle,1,0,osm_nodes,56,0.032233,0.1909,
1261,seattle,1,0,osm_nodes,55,0.032396,0.2359,
1262,seattle,1,0,osm_nodes,56,0.032564,0.2231,
1263,seattle,1,1,osm_nodes,44,0.017776,0.0625,
1264,seattle,1,0,osm_nodes,48,0.031394,0.2267,
1265,seattle,1,0,osm_nodes,47,0.030815,0.2157,
1266,seattle,1,0,osm_nodes,47,0.030851,0.2155,
1267,seattle,1,0,osm_nodes,28,0.03037,0.2491,
1268,seattle,1,0,osm_nodes,27,0.014262,0.0294,
1269,seattle,1,0,osm_nodes,50,0.030535,0.1908,
1270,seattle,1,0,osm_nodes,55,0.033343,0.2063,
1271,seattle,1,1,osm_nodes,21,0.011363,0.0,
1272,seattle,1,0,osm_nodes,36,0.021701,0.0454,
1273,seattle,1,1,osm_nodes,34,0.021883,0.0003,
1274,seattle,1,0,osm_nodes,42,0.026867,0.0069,
1275,seattle,1,0,osm_nodes,44,0.026021,0.3632,
1276,seattle,1,0,osm_nodes,51,0.029005,0.3513,
1277,seattle,1,0,osm_nodes,53,0.029234,0.3522,
1278,seattle,1,0,osm_nodes,34,0.027636,0.2447,
1279,seattle,1,0,osm_nodes,48,0.029524,0.2383,
1280,seattle,1,0,osm_nodes,28,0.024356,0.0947,
1281,seattle,1,0,osm_nodes,43,0.024477,0.2271,
1282,seattle,1,0,osm_nodes,30,0.02489,0.2875,
1283,seattle,1,0,osm_nodes,40,0.024478,0.1535,
1284,seattle,1,0,osm_nodes,35,0.021361,0.0412,
1285,seattle,1,0,osm_nodes,40,0.024445,0.1519,
1286,seattle,1,0,osm_nodes,30,0.025635,0.2287,
1287,seattle,1,0,osm_nodes,28,0.02448,0.2944,
1288,seattle,1,0,osm_nodes,33,0.024001,0.3096,
1289,seattle,1,0,osm_nodes,31,0.025096,0.2565,
1290,seattle,1,0,osm_nodes,36,0.025885,0.2331,
1291,seattle,1,0,osm_nodes,6,0.011537,0.1322,
1292,seattle,1,0,osm_nodes,37,0.024699,0.1698,
1293,seattle,1,0,osm_nodes,28,0.020382,0.082,
1294,seattle,1,0,osm_nodes,24,0.024023,0.2445,
1295,seattle,1,0,osm_nodes,27,0.024783,0.2439,
1296,seattle,1,1,osm_nodes,32,0.023048,0.149,
1297,seattle,1,0,osm_nodes,43,0.025467,0.3408,
1298,seattle,1,0,osm_nodes,24,0.022172,0.2164,
1299,seattle,1,0,osm_nodes,24,0.022216,0.2048,
1300,seattle,1,0,osm_nodes,22,0.022863,0.2539,
1301,seattle,1,0,osm_nodes,43,0.025712,0.3311,
1302,seattle,1,0,osm_nodes,16,0.017083,0.131,
1303,seattle,1,0,osm_nodes,14,0.01521,0.1047,
1304,seattle,1,0,osm_nodes,20,0.023299,0.2622,
1305,seattle,1,0,osm_nodes,17,0.020796,0.2344,
1306,seattle,1,0,osm_nodes,17,0.017422,0.1163,
1307,seattle,1,0,osm_nodes,30,0.027742,0.2413,
1308,seattle,1,0,osm_nodes,33,0.028095,0.2417,
1309,seattle,1,0,osm_nodes,33,0.028122,0.2389,
1310,seattle,1,0,osm_nodes,56,0.020994,0.042,
1311,seattle,1,0,osm_nodes,32,0.025839,0.2136,
1312,seattle,1,1,osm_nodes,43,0.017589,0.0626,
1313,seattle,1,0,osm_nodes,44,0.027969,0.2717,
1314,seattle,1,0,osm_nodes,18,0.017879,0.0841,
1315,seattle,1,1,osm_nodes,43,0.027886,0.2381,
1316,seattle,1,1,osm_nodes,41,0.024745,0.1544,
1317,seattle,1,0,osm_nodes,51,0.029219,0.1973,
1318,seattle,1,0,osm_nodes,53,0.030031,0.2314,
1319,seattle,1,1,osm_nodes,41,0.024824,0.1363,
1320,seattle,1,0,osm_nodes,50,0.027031,0.146,
1321,seattle,1,0,osm_nodes,49,0.028739,0.1465,
1322,seattle,1,0,osm_nodes,38,0.023261,0.0303,
1323,seattle,1,0,osm_nodes,29,0.022259,0.3527,
1324,seattle,1,0,osm_nodes,43,0.028302,0.1636,
1325,seattle,1,0,osm_nodes,43,0.028364,0.163,
1326,seattle,1,1,osm_nodes,29,0.022477,0.2931,
1327,seattle,1,0,osm_nodes,39,0.026527,0.0913,
1328,seattle,1,0,osm_nodes,61,0.025806,0.3305,
1329,seattle,1,0,osm_nodes,46,0.022972,0.2361,
1330,seattle,1,1,osm_nodes,51,0.022233,0.1882,
1331,seattle,1,1,osm_nodes,67,0.030988,0.2042,
1332,seattle,1,1,osm_nodes,79,0.034598,0.5022,
1333,seattle,1,1,osm_nodes,76,0.033834,0.4533,
1334,seattle,1,0,osm_nodes,72,0.032856,0.534,
1335,seattle,1,0,osm_nodes,23,0.018514,0.204,
1336,seattle,1,0,osm_nodes,81,0.029279,0.2665,
1337,seattle,1,0,osm_nodes,47,0.02196,0.1798,
1338,seattle,1,0,osm_nodes,46,0.022469,0.1873,
1339,seattle,1,0,osm_nodes,45,0.022648,0.387,
1340,seattle,1,0,osm_nodes,44,0.026514,0.3115,
1341,seattle,1,0,osm_nodes,14,0.01419,0.1977,
1342,seattle,1,1,osm_nodes,36,0.027971,0.1644,
1343,seattle,1,1,osm_nodes,37,0.028466,0.1565,
1344,seattle,1,0,osm_nodes,58,0.026472,0.2866,
1345,seattle,1,0,osm_nodes,28,0.023906,0.2457,
1346,seattle,1,0,osm_nodes,29,0.02422,0.2441,
1347,seattle,1,0,osm_nodes,30,0.0252,0.2491,
1348,seattle,1,1,osm_nodes,51,0.031627,0.1215,
1349,seattle,1,0,osm_nodes,32,0.02706,0.2548,
1350,seattle,1,0,osm_nodes,57,0.026966,0.2646,
1351,seattle,1,1,osm_nodes,46,0.031088,0.0994,
1352,seattle,1,0,osm_nodes,23,0.017451,0.2501,
1353,seattle,0,0,osm_nodes,23,0.013692,0.1909,
1354,seattle,1,0,osm_nodes,29,0.018919,0.2458,
1355,seattle,1,0,osm_nodes,27,0.017546,0.2288,
1356,seattle,1,0,osm_nodes,64,0.030331,0.1674,
1357,seattle,1,0,osm_nodes,31,0.019599,0.257,
1358,seattle,1,0,osm_nodes,64,0.030306,0.187,
1359,seattle,1,0,osm_nodes,47,0.027379,0.2963,
1360,seattle,1,1,osm_nodes,69,0.028294,0.2421,
1361,seattle,1,0,osm_nodes,64,0.029433,0.1862,
1362,seattle,1,1,osm_nodes,74,0.028823,0.3172,
1363,seattle,1,1,osm_nodes,73,0.028491,0.3192,
1364,seattle,1,0,osm_nodes,63,0.02856,0.1863,
1365,seattle,1,0,osm_nodes,58,0.027098,0.1632,
1366,seattle,1,0,osm_nodes,71,0.027926,0.3335,
1367,seattle,1,0,osm_nodes,68,0.035449,0.0006,
1368,seattle,1,0,osm_nodes,67,0.036957,0.0,
1369,seattle,1,0,osm_nodes,65,0.036312,0.0029,
1370,seattle,1,1,osm_nodes,34,0.022052,0.1032,
1371,seattle,1,0,osm_nodes,64,0.035408,0.0019,
1372,seattle,1,0,osm_nodes,73,0.028568,0.2662,
1373,seattle,1,0,osm_nodes,65,0.027739,0.2684,
1374,seattle,1,0,osm_nodes,64,0.030059,0.2266,
1375,seattle,1,0,osm_nodes,50,0.029877,0.1446,
1376,seattle,1,0,osm_nodes,51,0.027214,0.2157,
1377,seattle,1,0,osm_nodes,74,0.029979,0.2746,
1378,seattle,0,0,osm_nodes,67,0.026236,0.2367,
1379,seattle,1,0,osm_nodes,90,0.027326,0.2507,
1380,seattle,1,0,osm_nodes,59,0.030228,0.3648,
1381,seattle,1,0,osm_nodes,57,0.030354,0.3442,
1382,seattle,1,0,osm_nodes,89,0.028752,0.2598,
1383,seattle,1,1,osm_nodes,85,0.029528,0.4585,
1384,seattle,1,0,osm_nodes,93,0.029734,0.2694,
1385,seattle,1,0,osm_nodes,60,0.030325,0.3626,
1386,seattle,1,0,osm_nodes,57,0.027751,0.29,
1387,seattle,1,0,osm_nodes,86,0.028839,0.2314,
1388,seattle,1,1,osm_nodes,91,0.030917,0.4858,
1389,seattle,1,0,osm_nodes,38,0.025964,0.3175,
1390,seattle,1,0,osm_nodes,58,0.025198,0.2617,
1391,seattle,1,1,osm_nodes,99,0.029143,0.4463,
1392,seattle,1,1,osm_nodes,100,0.029514,0.3899,
1393,seattle,1,1,osm_nodes,101,0.029574,0.4707,
1394,seattle,1,0,osm_nodes,48,0.02614,0.2969,
1395,seattle,1,0,osm_nodes,69,0.027951,0.2754,
1396,seattle,1,1,osm_nodes,102,0.029772,0.4839,
1397,seattle,1,0,osm_nodes,92,0.030317,0.5641,
1398,seattle,1,1,osm_nodes,101,0.029897,0.5293,
1399,seattle,1,1,osm_nodes,91,0.02942,0.3265,
1400,seattle,1,0,osm_nodes,73,0.026638,0.2496,
1401,seattle,1,0,osm_nodes,70,0.026186,0.1142,
1402,seattle,1,0,osm_nodes,28,0.01906,0.3195,
1403,seattle,1,0,osm_nodes,51,0.029324,0.3556,
1404,seattle,1,0,osm_nodes,28,0.019044,0.3273,
1405,seattle,1,0,osm_nodes,36,0.024847,0.3092,
1406,seattle,1,0,osm_nodes,63,0.027844,0.2642,
1407,seattle,1,0,osm_nodes,69,0.02827,0.2675,
1408,seattle,1,1,osm_nodes,75,0.030339,0.561,
1409,seattle,1,0,osm_nodes,77,0.026384,0.1157,
1410,seattle,1,0,osm_nodes,59,0.022539,0.0762,
1411,seattle,1,0,osm_nodes,28,0.019083,0.3326,
1412,seattle,1,0,osm_nodes,30,0.022714,0.2717,
1413,seattle,1,0,osm_nodes,84,0.025988,0.068,
1414,seattle,1,0,osm_nodes,84,0.025593,0.0676,
1415,seattle,1,0,osm_nodes,49,0.025932,0.1976,
1416,seattle,1,1,osm_nodes,39,0.023338,0.2267,
1417,seattle,1,0,osm_nodes,30,0.022848,0.2586,
1418,seattle,1,0,osm_nodes,30,0.0227,0.2537,
1419,seattle,1,0,osm_nodes,24,0.014314,0.1217,
1420,seattle,1,0,osm_nodes,24,0.014389,0.0846,
1421,seattle,1,0,osm_nodes,11,0.011433,0.1536,
1422,seattle,1,0,osm_nodes,24,0.014062,0.0982,
1423,seattle,1,0,osm_nodes,38,0.020027,0.1628,
1424,seattle,1,0,osm_nodes,43,0.020831,0.1437,
1425,seattle,0,0,osm_nodes,32,0.015483,0.1439,
1426,seattle,0,0,osm_nodes,19,0.009021,0.1468,
1427,seattle,1,0,osm_nodes,29,0.014647,0.1418,
1428,seattle,1,0,osm_nodes,24,0.014214,0.1474,
1429,seattle,1,0,osm_nodes,33,0.026066,0.3018,
1430,seattle,1,1,osm_nodes,42,0.022898,0.2837,
1431,seattle,1,0,osm_nodes,29,0.019329,0.2422,
1432,seattle,1,0,osm_nodes,31,0.024847,0.2872,
1433,seattle,1,0,osm_nodes,24,0.022027,0.2103,
1434,seattle,1,0,osm_nodes,24,0.014553,0.2052,
1435,seattle,1,0,osm_nodes,16,0.02206,0.2027,
1436,seattle,1,0,osm_nodes,29,0.020004,0.2831,
1437,seattle,1,0,osm_nodes,17,0.021378,0.2144,
1438,seattle,1,0,osm_nodes,17,0.0223,0.2008,
1439,seattle,1,1,osm_nodes,25,0.021551,0.1888,
1440,seattle,1,0,osm_nodes,13,0.021409,0.1944,
1441,seattle,1,0,osm_nodes,23,0.021821,0.2258,
1442,seattle,1,1,osm_nodes,23,0.021572,0.1719,
1443,seattle,1,0,osm_nodes,23,0.022793,0.2163,
1444,seattle,1,1,osm_nodes,16,0.021428,0.1951,
1445,seattle,1,0,osm_nodes,10,0.021204,0.186,
1446,seattle,1,0,osm_nodes,12,0.021424,0.1928,
1447,seattle,1,0,osm_nodes,23,0.024566,0.2106,
1448,seattle,1,0,osm_nodes,26,0.024482,0.2227,
1449,seattle,1,0,osm_nodes,19,0.021098,0.1657,
1450,seattle,1,0,osm_nodes,19,0.019407,0.1791,
1451,seattle,1,0,osm_nodes,16,0.020264,0.2112,
1452,seattle,1,0,osm_nodes,23,0.020164,0.2381,
1453,seattle,1,0,osm_nodes,23,0.021972,0.1907,
1454,seattle,1,0,osm_nodes,30,0.020502,0.0905,
1455,seattle,1,0,osm_nodes,9,0.008476,0.2075,
1456,seattle,0,0,osm_nodes,25,0.010048,0.2122,
1457,seattle,1,0,osm_nodes,5,0.012698,0.1738,
1458,seattle,1,0,osm_nodes,18,0.013273,0.1203,
1459,seattle,1,0,osm_nodes,22,0.01214,0.2542,
1460,seattle,1,0,osm_nodes,25,0.012573,0.1505,
1461,seattle,1,0,osm_nodes,31,0.014917,0.1879,
1462,seattle,1,0,osm_nodes,29,0.014141,0.2068,
1463,seattle,1,0,osm_nodes,29,0.014534,0.1479,
1464,seattle,1,0,osm_nodes,31,0.015475,0.1452,
1465,seattle,1,0,osm_nodes,13,0.011859,0.2029,
1466,seattle,1,0,osm_nodes,13,0.011908,0.1913,
1467,seattle,1,0,osm_nodes,10,0.00783,0.1954,
1468,seattle,1,0,osm_nodes,17,0.019666,0.2122,
1469,seattle,1,0,osm_nodes,21,0.010689,0.2609,
1470,seattle,1,0,osm_nodes,21,0.009708,0.082,
1471,seattle,1,0,osm_nodes,21,0.009956,0.0836,
1472,seattle,1,0,osm_nodes,21,0.009834,0.0765,
1473,seattle,1,0,osm_nodes,19,0.009551,0.0575,
1474,seattle,1,0,osm_nodes,18,0.010876,0.1947,
1475,seattle,1,0,osm_nodes,20,0.009343,0.0383,
1476,seattle,1,0,osm_nodes,21,0.010616,0.236,
1477,seattle,1,0,osm_nodes,30,0.026382,0.2176,
1478,seattle,1,0,osm_nodes,29,0.009758,0.2528,
1479,seattle,1,0,osm_nodes,30,0.026372,0.2081,
1480,seattle,1,0,osm_nodes,24,0.00855,0.2853,
1481,seattle,0,0,osm_nodes,26,0.011854,0.0857,
1482,seattle,0,1,osm_nodes,26,0.010979,0.0578,
1483,seattle,1,0,osm_nodes,17,0.011461,0.1018,
1484,seattle,1,0,osm_nodes,24,0.024544,0.2652,
1485,seattle,0,0,osm_nodes,24,0.011227,0.1362,
1486,seattle,0,0,osm_nodes,22,0.010955,0.1908,
1487,seattle,0,0,osm_nodes,20,0.01035,0.2714,
1488,seattle,1,0,osm_nodes,20,0.024902,0.1718,
1489,seattle,1,0,osm_nodes,19,0.025721,0.1703,
1490,seattle,0,0,osm_nodes,21,0.012515,0.1674,
1491,seattle,1,0,osm_nodes,12,0.018347,0.2125,
1492,seattle,1,0,osm_nodes,12,0.018859,0.2139,
1493,seattle,1,0,osm_nodes,24,0.011447,0.1225,
1494,seattle,1,1,osm_nodes,16,0.01909,0.2425,
1495,seattle,1,0,osm_nodes,17,0.013424,0.2136,
1496,seattle,1,0,osm_nodes,24,0.023983,0.2216,
1497,seattle,1,0,osm_nodes,15,0.011704,0.1782,
1498,seattle,1,1,osm_nodes,16,0.018849,0.2291,
1499,seattle,1,0,osm_nodes,10,0.020933,0.2497,
1500,seattle,1,0,osm_nodes,8,0.013936,0.2517,
1501,seattle,1,0,osm_nodes,17,0.017973,0.2915,
1502,seattle,1,0,osm_nodes,18,0.010334,0.1937,
1503,seattle,1,0,osm_nodes,12,0.019411,0.2731,
1504,seattle,1,1,osm_nodes,44,0.021646,0.125,
1505,seattle,1,0,osm_nodes,39,0.024125,0.0524,
1506,seattle,1,0,osm_nodes,20,0.023355,0.1985,
1507,seattle,1,0,osm_nodes,36,0.024381,0.0691,
1508,seattle,1,0,osm_nodes,35,0.024413,0.0657,
1509,seattle,1,0,osm_nodes,43,0.008999,0.0185,
1510,seattle,0,0,osm_nodes,38,0.010734,0.028,
1511,seattle,1,0,osm_nodes,34,0.010567,0.0149,
1512,seattle,1,0,osm_nodes,44,0.008159,0.0132,
1513,seattle,1,0,osm_nodes,37,0.010105,0.0047,
1514,seattle,1,1,osm_nodes,27,0.021407,0.2251,
1515,seattle,1,0,osm_nodes,79,0.033355,0.2144,
1516,seattle,1,0,osm_nodes,35,0.014097,0.0,
1517,seattle,1,1,osm_nodes,19,0.00901,0.1328,
1518,seattle,1,1,osm_nodes,30,0.012453,0.0247,
1519,seattle,1,0,osm_nodes,33,0.01519,0.0168,
1520,seattle,1,0,osm_nodes,32,0.015448,0.033,
1521,seattle,1,0,osm_nodes,33,0.024023,0.2009,
1522,seattle,1,0,osm_nodes,32,0.023124,0.2024,
1523,seattle,0,0,osm_nodes,13,1.6e-05,0.073,
1524,seattle,1,0,osm_nodes,34,0.022966,0.2154,
1525,seattle,1,0,osm_nodes,28,0.022945,0.1948,
1526,seattle,1,0,osm_nodes,28,0.023967,0.1887,
1527,seattle,1,0,osm_nodes,28,0.023889,0.1879,
1528,seattle,1,0,osm_nodes,26,0.02345,0.1962,
1529,seattle,1,0,osm_nodes,24,0.012221,0.1558,
1530,seattle,1,0,osm_nodes,24,0.01199,0.1474,
1531,seattle,1,0,osm_nodes,34,0.022513,0.1984,
1532,seattle,0,0,osm_nodes,17,0.003329,0.1823,
1533,seattle,1,0,osm_nodes,37,0.025846,0.1094,
1534,seattle,1,1,osm_nodes,29,0.021183,0.0879,
1535,seattle,1,1,osm_nodes,29,0.021017,0.0779,
1536,seattle,1,0,osm_nodes,33,0.023549,0.0413,
1537,seattle,1,0,osm_nodes,30,0.020755,0.0255,
1538,seattle,1,0,osm_nodes,33,0.021569,0.0289,
1539,seattle,1,0,osm_nodes,32,0.020444,0.0,
1540,seattle,1,0,osm_nodes,35,0.025398,0.0,
1541,seattle,1,0,osm_nodes,31,0.020917,0.0,
1542,seattle,1,0,osm_nodes,27,0.020474,0.0521,
1543,seattle,1,0,osm_nodes,26,0.019592,0.0613,
1544,seattle,1,0,osm_nodes,24,0.018785,0.0479,
1545,seattle,1,0,osm_nodes,31,0.023503,0.0204,
1546,seattle,1,0,osm_nodes,30,0.015913,0.0,
1547,seattle,1,0,osm_nodes,29,0.020013,0.0717,
1548,seattle,1,0,osm_nodes,29,0.023051,0.0189,
1549,seattle,1,0,osm_nodes,16,0.014547,0.0,
1550,seattle,1,0,osm_nodes,11,0.012032,0.0,
1551,seattle,1,0,osm_nodes,55,0.025644,0.2078,
1552,seattle,1,0,osm_nodes,55,0.02572,0.1923,
1553,seattle,1,0,osm_nodes,57,0.025848,0.2022,
1554,seattle,1,0,osm_nodes,31,0.025812,0.2294,
1555,seattle,1,0,osm_nodes,24,0.023492,0.1368,
1556,seattle,1,0,osm_nodes,61,0.028003,0.1752,
1557,seattle,1,0,osm_nodes,22,0.022804,0.2044,
1558,seattle,1,0,osm_nodes,19,0.017886,0.1542,
1559,seattle,1,0,osm_nodes,23,0.023066,0.1256,
1560,seattle,1,0,osm_nodes,20,0.022137,0.2002,
1561,seattle,1,0,osm_nodes,23,0.022799,0.2072,
1562,seattle,1,0,osm_nodes,19,0.02186,0.2185,
1563,seattle,1,0,osm_nodes,22,0.022787,0.2066,
1564,seattle,1,0,osm_nodes,74,0.019854,0.2351,
1565,seattle,1,0,osm_nodes,65,0.015147,0.2588,
1566,seattle,1,0,osm_nodes,67,0.015314,0.272,
1567,seattle,1,0,osm_nodes,66,0.014705,0.2795,
1568,seattle,1,0,osm_nodes,58,0.02707,0.2348,
1569,seattle,1,0,osm_nodes,62,0.01945,0.2317,
1570,seattle,1,0,osm_nodes,66,0.01846,0.2504,
1571,seattle,1,0,osm_nodes,57,0.019949,0.3221,
1572,seattle,1,0,osm_nodes,12,0.020496,0.1717,
1573,seattle,1,0,osm_nodes,57,0.021412,0.3364,
1574,seattle,1,0,osm_nodes,22,0.021692,0.1246,
1575,seattle,1,0,osm_nodes,26,0.020965,0.1909,
1576,seattle,1,0,osm_nodes,20,0.02268,0.1015,
1577,seattle,1,0,osm_nodes,22,0.021203,0.1028,
1578,seattle,1,0,osm_nodes,22,0.02123,0.0918,
1579,seattle,1,1,osm_nodes,33,0.019741,0.2239,
1580,seattle,1,0,osm_nodes,42,0.024803,0.1573,
1581,seattle,1,0,osm_nodes,21,0.022723,0.0539,
1582,seattle,1,0,osm_nodes,20,0.012083,0.1719,
1583,seattle,1,0,osm_nodes,24,0.020409,0.0345,
1584,seattle,1,0,osm_nodes,28,0.019688,0.1887,
1585,seattle,1,0,osm_nodes,29,0.022594,0.0416,
1586,seattle,1,0,osm_nodes,25,0.01891,0.1942,
1587,seattle,1,0,osm_nodes,43,0.019087,0.1606,
1588,seattle,1,0,osm_nodes,29,0.019877,0.1747,
1589,seattle,1,0,osm_nodes,30,0.022438,0.0444,
1590,seattle,1,0,osm_nodes,30,0.019666,0.2116,
1591,seattle,1,1,osm_nodes,39,0.019701,0.1369,
1592,seattle,1,0,osm_nodes,33,0.021924,0.19,
1593,seattle,1,0,osm_nodes,53,0.024123,0.2195,
1594,seattle,1,0,osm_nodes,50,0.021891,0.2205,
1595,seattle,1,0,osm_nodes,30,0.019617,0.2197,
1596,seattle,1,0,osm_nodes,72,0.024582,0.2062,
1597,seattle,1,0,osm_nodes,30,0.020089,0.2215,
1598,seattle,1,0,osm_nodes,63,0.022272,0.1911,
1599,seattle,1,0,osm_nodes,49,0.022748,0.1734,
1600,seattle,1,1,osm_nodes,58,0.023728,0.1905,
1601,seattle,1,0,osm_nodes,47,0.022549,0.1748,
1602,seattle,1,0,osm_nodes,49,0.016201,0.1326,
1603,seattle,1,1,osm_nodes,59,0.02353,0.1881,
1604,seattle,1,0,osm_nodes,18,0.015706,0.1854,
1605,seattle,1,0,osm_nodes,41,0.017684,0.0808,
1606,seattle,1,0,osm_nodes,37,0.019755,0.0243,
1607,seattle,1,1,osm_nodes,43,0.016112,0.1432,
1608,seattle,1,0,osm_nodes,35,0.013473,0.0906,
1609,seattle,1,0,osm_nodes,36,0.018698,0.0021,
1610,seattle,1,1,osm_nodes,44,0.015484,0.1807,
1611,seattle,1,0,osm_nodes,81,0.024622,0.2619,
1612,seattle,1,0,osm_nodes,71,0.02275,0.2068,
1613,seattle,1,0,osm_nodes,79,0.024338,0.2548,
1614,seattle,1,0,osm_nodes,75,0.024925,0.2641,
1615,seattle,1,0,osm_nodes,42,0.012952,0.2655,
1616,seattle,1,1,osm_nodes,45,0.015306,0.1524,
1617,seattle,1,1,osm_nodes,45,0.015068,0.174,
1618,seattle,1,0,osm_nodes,68,0.022482,0.2065,
1619,seattle,1,0,osm_nodes,85,0.024691,0.2533,
1620,seattle,1,0,osm_nodes,64,0.022058,0.1925,
1621,seattle,1,0,osm_nodes,47,0.019687,0.1876,
1622,seattle,1,1,osm_nodes,51,0.014278,0.2318,
1623,seattle,1,1,osm_nodes,53,0.013723,0.2201,
1624,seattle,1,0,osm_nodes,57,0.02404,0.237,
1625,seattle,1,0,osm_nodes,51,0.0244,0.194,
1626,seattle,1,0,osm_nodes,54,0.023205,0.2267,
1627,seattle,0,1,osm_nodes,41,0.013569,0.0728,
1628,seattle,1,1,osm_nodes,45,0.016271,0.1292,
1629,seattle,1,0,osm_nodes,60,0.016284,0.2318,
1630,seattle,1,0,osm_nodes,53,0.013195,0.2368,
1631,seattle,1,0,osm_nodes,61,0.022334,0.2248,
1632,seattle,1,0,osm_nodes,20,0.01617,0.0,
1633,seattle,1,1,osm_nodes,53,0.020206,0.2944,
1634,seattle,1,0,osm_nodes,58,0.024247,0.2418,
1635,seattle,1,0,osm_nodes,24,0.015408,0.0,
1636,seattle,1,0,osm_nodes,27,0.015614,0.0,
1637,seattle,1,0,osm_nodes,24,0.014998,0.0,
1638,seattle,1,1,osm_nodes,61,0.019813,0.3106,
1639,seattle,1,1,osm_nodes,21,0.01335,0.1136,
1640,seattle,1,0,osm_nodes,18,0.012571,0.1285,
1641,seattle,1,0,osm_nodes,18,0.012331,0.1241,
1642,seattle,1,0,osm_nodes,51,0.01562,0.1955,
1643,seattle,1,0,osm_nodes,45,0.015806,0.182,
1644,seattle,1,1,osm_nodes,38,0.015949,0.1656,
1645,seattle,1,0,osm_nodes,43,0.014119,0.1819,
1646,seattle,1,1,osm_nodes,26,0.013072,0.1208,
1647,seattle,1,0,osm_nodes,39,0.009233,0.2015,
1648,seattle,1,0,osm_nodes,36,0.008744,0.1841,
1649,seattle,1,0,osm_nodes,20,0.005681,0.3806,
1650,seattle,1,0,osm_nodes,23,0.00647,0.2167,
1651,seattle,1,0,osm_nodes,56,0.019757,0.2834,
1652,seattle,1,0,osm_nodes,56,0.019062,0.2777,
1653,seattle,1,0,osm_nodes,44,0.0148,0.1865,
1654,seattle,1,0,osm_nodes,60,0.019516,0.2836,
1655,seattle,1,0,osm_nodes,57,0.018922,0.2747,
1656,seattle,1,0,osm_nodes,16,0.00444,0.1236,
1657,seattle,0,0,osm_nodes,18,0.007008,0.2316,
1658,seattle,1,0,osm_nodes,17,0.007254,0.2492,
1659,seattle,1,0,osm_nodes,49,0.011596,0.1888,
1660,seattle,1,0,osm_nodes,22,0.004583,0.1104,
1661,seattle,0,0,osm_nodes,33,0.007898,0.0969,
1662,seattle,1,0,osm_nodes,15,0.016725,0.0749,
1663,seattle,1,0,osm_nodes,16,0.017232,0.0711,
1664,seattle,1,0,osm_nodes,30,0.017854,0.1719,
1665,seattle,1,0,osm_nodes,23,0.019439,0.2187,
1666,seattle,1,0,osm_nodes,39,0.015877,0.2197,
1667,seattle,1,0,osm_nodes,40,0.015871,0.2217,
1668,seattle,1,0,osm_nodes,31,0.021184,0.2438,
1669,seattle,0,1,osm_nodes,18,0.005463,0.0723,
1670,seattle,1,0,osm_nodes,58,0.019108,0.1644,
1671,seattle,1,0,osm_nodes,58,0.020339,0.1765,
1672,seattle,1,0,osm_nodes,60,0.023902,0.2454,
1673,seattle,1,0,osm_nodes,57,0.024143,0.2181,
1674,seattle,1,1,osm_nodes,59,0.022648,0.0055,
1675,seattle,1,0,osm_nodes,16,0.011296,0.2311,
1676,seattle,1,0,osm_nodes,16,0.010724,0.2014,
1677,seattle,1,1,osm_nodes,49,0.020767,0.2681,
1678,seattle,1,0,osm_nodes,17,0.009941,0.1805,
1679,seattle,1,1,osm_nodes,64,0.025776,0.0837,
1680,seattle,1,1,osm_nodes,75,0.028735,0.2134,
1681,seattle,1,0,osm_nodes,33,0.019367,0.2263,
1682,seattle,1,0,osm_nodes,34,0.018773,0.2255,
1683,seattle,0,0,osm_nodes,15,0.004368,0.1946,
1684,seattle,1,1,osm_nodes,48,0.012144,0.1845,
1685,seattle,1,1,osm_nodes,51,0.011494,0.2364,
1686,seattle,0,0,osm_nodes,20,0.006603,0.2257,
1687,seattle,1,0,osm_nodes,72,0.015342,0.2329,
1688,seattle,1,0,osm_nodes,71,0.022604,0.3525,
1689,seattle,1,0,osm_nodes,68,0.014296,0.2688,
1690,seattle,1,1,osm_nodes,59,0.013588,0.2095,
1691,seattle,1,0,osm_nodes,67,0.014166,0.1934,
1692,seattle,1,0,osm_nodes,62,0.012635,0.1795,
1693,seattle,1,0,osm_nodes,64,0.011191,0.2805,
1694,seattle,1,1,osm_nodes,50,0.008798,0.0468,
1695,seattle,1,1,osm_nodes,48,0.008334,0.0465,
1696,seattle,1,0,osm_nodes,49,0.019499,0.1883,
1697,seattle,1,1,osm_nodes,51,0.018474,0.128,
1698,seattle,1,0,osm_nodes,19,0.010185,0.0981,
1699,seattle,1,1,osm_nodes,52,0.017904,0.0693,
1700,seattle,1,0,osm_nodes,57,0.016512,0.1479,
1701,seattle,0,0,osm_nodes,28,0.002429,0.2397,
1702,seattle,0,0,osm_nodes,38,0.002883,0.3683,
1703,seattle,1,0,osm_nodes,49,0.01849,0.1763,
1704,seattle,1,1,osm_nodes,50,0.014283,0.1766,
1705,seattle,1,0,osm_nodes,53,0.019027,0.1849,
1706,seattle,1,1,osm_nodes,54,0.016031,0.3424,
1707,seattle,1,0,osm_nodes,54,0.018525,0.2168,
1708,seattle,1,0,osm_nodes,27,0.006622,0.2052,
1709,seattle,1,0,osm_nodes,28,0.006753,0.2346,
1710,seattle,1,0,osm_nodes,49,0.020084,0.2864,
1711,seattle,1,0,osm_nodes,54,0.018901,0.3222,
1712,seattle,0,0,osm_nodes,60,0.019475,0.1922,
1713,seattle,1,1,osm_nodes,60,0.021346,0.2708,
1714,seattle,1,0,osm_nodes,41,0.020507,0.2168,
1715,seattle,1,0,osm_nodes,63,0.022027,0.2049,
1716,seattle,0,0,osm_nodes,31,0.016795,0.2355,
1717,seattle,1,1,osm_nodes,33,0.017201,0.401,
1718,seattle,1,0,osm_nodes,70,0.025744,0.3471,
1719,seattle,1,1,osm_nodes,42,0.020179,0.4596,
1720,seattle,1,1,osm_nodes,42,0.020208,0.3831,
1721,seattle,1,0,osm_nodes,23,0.016467,0.3187,
1722,seattle,1,0,osm_nodes,63,0.027698,0.1578,
1723,seattle,1,0,osm_nodes,64,0.021371,0.4491,
1724,seattle,1,0,osm_nodes,26,0.017989,0.3118,
1725,seattle,1,1,osm_nodes,45,0.026189,0.3249,
1726,seattle,1,0,osm_nodes,24,0.013979,0.3174,
1727,seattle,1,0,osm_nodes,69,0.02803,0.3769,
1728,seattle,1,0,osm_nodes,36,0.020877,0.2185,
1729,seattle,1,0,osm_nodes,54,0.023913,0.3192,
1730,seattle,1,0,osm_nodes,54,0.024096,0.3046,
1731,seattle,1,0,osm_nodes,31,0.015915,0.3053,
1732,seattle,1,0,osm_nodes,32,0.016257,0.3287,
1733,seattle,1,0,osm_nodes,57,0.027905,0.3463,
1734,seattle,1,0,osm_nodes,59,0.027283,0.3552,
1735,seattle,1,0,osm_nodes,57,0.026848,0.3259,
1736,seattle,1,1,osm_nodes,77,0.030971,0.3536,
1737,seattle,1,0,osm_nodes,66,0.029301,0.2072,
1738,seattle,1,0,osm_nodes,50,0.024905,0.397,
1739,seattle,1,1,osm_nodes,112,0.026833,0.1643,
1740,seattle,1,0,osm_nodes,60,0.028269,0.2867,
1741,seattle,1,0,osm_nodes,60,0.028273,0.2898,
1742,seattle,1,0,osm_nodes,47,0.031056,0.1426,
1743,seattle,1,0,osm_nodes,97,0.023471,0.2494,
1744,seattle,1,0,osm_nodes,48,0.031651,0.131,
1745,seattle,1,0,osm_nodes,94,0.022352,0.3031,
1746,seattle,1,0,osm_nodes,69,0.018572,0.3104,
1747,seattle,1,0,osm_nodes,47,0.025622,0.3276,
1748,seattle,1,0,osm_nodes,50,0.031415,0.0816,
1749,seattle,1,0,osm_nodes,53,0.026422,0.3139,
1750,seattle,1,0,osm_nodes,43,0.02612,0.3377,
1751,seattle,1,1,osm_nodes,44,0.011836,0.0929,
1752,seattle,1,1,osm_nodes,43,0.011355,0.1061,
1753,seattle,1,1,osm_nodes,42,0.010836,0.1303,
1754,seattle,1,0,osm_nodes,36,0.028704,0.1994,
1755,seattle,1,0,osm_nodes,38,0.02327,0.3876,
1756,seattle,1,0,osm_nodes,41,0.023174,0.3425,
1757,seattle,1,0,osm_nodes,41,0.023212,0.3494,
1758,seattle,1,1,osm_nodes,45,0.028612,0.2178,
1759,seattle,1,0,osm_nodes,34,0.028026,0.2002,
1760,seattle,1,0,osm_nodes,39,0.02137,0.3565,
1761,seattle,1,0,osm_nodes,40,0.029226,0.2343,
1762,seattle,1,1,osm_nodes,51,0.030124,0.2295,
1763,seattle,0,0,osm_nodes,36,0.017719,0.2418,
1764,seattle,1,0,osm_nodes,41,0.019608,0.267,
1765,seattle,1,0,osm_nodes,37,0.02538,0.1913,
1766,seattle,1,0,osm_nodes,53,0.027776,0.2894,
1767,seattle,1,0,osm_nodes,55,0.028706,0.4188,
1768,seattle,1,0,osm_nodes,38,0.020765,0.1661,
1769,seattle,1,0,osm_nodes,44,0.025509,0.2984,
1770,seattle,1,0,osm_nodes,40,0.025741,0.2685,
1771,seattle,1,0,osm_nodes,32,0.025039,0.1971,
1772,seattle,1,0,osm_nodes,40,0.024261,0.2876,
1773,seattle,1,0,osm_nodes,39,0.024493,0.3026,
1774,seattle,1,0,osm_nodes,36,0.020869,0.1776,
1775,seattle,1,0,osm_nodes,38,0.020831,0.1703,
1776,seattle,1,1,osm_nodes,44,0.015268,0.3186,
1777,seattle,1,0,osm_nodes,38,0.026491,0.2636,
1778,seattle,1,0,osm_nodes,39,0.023991,0.2765,
1779,seattle,1,0,osm_nodes,38,0.026171,0.2431,
1780,seattle,1,1,osm_nodes,51,0.022645,0.1525,
1781,seattle,1,0,osm_nodes,25,0.018389,0.3238,
1782,seattle,1,1,osm_nodes,48,0.022693,0.1208,
1783,seattle,1,0,osm_nodes,49,0.02235,0.1348,
1784,seattle,1,1,osm_nodes,31,0.014855,0.2012,
1785,seattle,1,0,osm_nodes,52,0.022805,0.3141,
1786,seattle,1,0,osm_nodes,23,0.02349,0.287,
1787,seattle,1,0,osm_nodes,34,0.021794,0.2542,
1788,seattle,1,0,osm_nodes,41,0.024635,0.253,
1789,seattle,0,1,osm_nodes,28,0.011678,0.2759,
1790,seattle,1,0,osm_nodes,32,0.018374,0.3262,
1791,seattle,1,0,osm_nodes,55,0.028277,0.2179,
1792,seattle,1,0,osm_nodes,47,0.026407,0.3156,
1793,seattle,1,0,osm_nodes,46,0.027426,0.2986,
1794,seattle,1,0,osm_nodes,31,0.019176,0.2612,
1795,seattle,1,0,osm_nodes,34,0.016693,0.2755,
1796,seattle,1,0,osm_nodes,51,0.028898,0.2737,
1797,seattle,1,0,osm_nodes,52,0.029063,0.1894,
1798,seattle,1,0,osm_nodes,38,0.026654,0.2382,
1799,seattle,1,0,osm_nodes,51,0.02823,0.2577,
1800,seattle,1,0,osm_nodes,49,0.026568,0.3038,
1801,seattle,1,0,osm_nodes,53,0.028864,0.307,
1802,seattle,1,0,osm_nodes,54,0.02901,0.3363,
1803,seattle,1,0,osm_nodes,60,0.029806,0.2739,
1804,seattle,1,1,osm_nodes,35,0.01866,0.1698,
1805,seattle,1,0,osm_nodes,29,0.024969,0.1524,
1806,seattle,1,1,osm_nodes,41,0.023172,0.1373,
1807,seattle,1,1,osm_nodes,35,0.020311,0.2111,
1808,seattle,1,0,osm_nodes,55,0.029153,0.293,
1809,seattle,1,0,osm_nodes,49,0.026972,0.3305,
1810,seattle,1,0,osm_nodes,48,0.026659,0.3389,
1811,seattle,1,0,osm_nodes,46,0.026906,0.3166,
1812,seattle,1,0,osm_nodes,60,0.032352,0.282,
1813,seattle,1,0,osm_nodes,57,0.024283,0.2697,
1814,seattle,1,0,osm_nodes,53,0.023446,0.2683,
1815,seattle,1,0,osm_nodes,40,0.024962,0.3306,
1816,seattle,1,0,osm_nodes,28,0.024098,0.3055,
1817,seattle,1,0,osm_nodes,37,0.025467,0.3317,
1818,seattle,1,0,osm_nodes,66,0.03273,0.2779,
1819,seattle,1,0,osm_nodes,50,0.029995,0.3162,
1820,seattle,1,1,osm_nodes,74,0.035701,0.2256,
1821,seattle,1,0,osm_nodes,49,0.02906,0.3447,
1822,seattle,1,1,osm_nodes,80,0.039714,0.1478,
1823,seattle,1,0,osm_nodes,77,0.035784,0.2835,
1824,seattle,1,0,osm_nodes,46,0.027754,0.3385,
1825,seattle,1,0,osm_nodes,41,0.026729,0.3303,
1826,seattle,1,1,osm_nodes,67,0.035928,0.1821,
1827,seattle,1,1,osm_nodes,59,0.034493,0.2232,
1828,seattle,1,0,osm_nodes,56,0.031005,0.2828,
1829,seattle,1,1,osm_nodes,58,0.03435,0.2302,
1830,seattle,1,0,osm_nodes,62,0.028271,0.2533,
1831,seattle,1,0,osm_nodes,52,0.034587,0.2611,
1832,seattle,1,0,osm_nodes,49,0.030496,0.3125,
1833,seattle,1,0,osm_nodes,49,0.030333,0.3137,
1834,seattle,1,0,osm_nodes,45,0.02784,0.192,
1835,seattle,1,0,osm_nodes,52,0.031817,0.3106,
1836,seattle,1,0,osm_nodes,38,0.028895,0.179,
1837,seattle,1,0,osm_nodes,33,0.029991,0.3051,
1838,seattle,1,0,osm_nodes,33,0.029481,0.3109,
1839,seattle,1,0,osm_nodes,46,0.029449,0.1939,
1840,seattle,1,0,osm_nodes,55,0.030131,0.2629,
1841,seattle,1,0,osm_nodes,25,0.022027,0.2212,
1842,seattle,1,1,osm_nodes,40,0.024146,0.1893,
1843,seattle,1,0,osm_nodes,63,0.032324,0.2043,
1844,seattle,1,0,osm_nodes,79,0.03739,0.1859,
1845,seattle,1,0,osm_nodes,61,0.030085,0.2234,
1846,seattle,1,0,osm_nodes,64,0.030788,0.1977,
1847,seattle,1,0,osm_nodes,63,0.032341,0.1942,
1848,seattle,1,0,osm_nodes,97,0.03911,0.1116,
1849,seattle,1,0,osm_nodes,61,0.031499,0.2139,
1850,seattle,1,1,osm_nodes,43,0.022198,0.0434,
1851,seattle,1,0,osm_nodes,57,0.031721,0.1881,
1852,seattle,1,0,osm_nodes,100,0.036911,0.0751,
1853,seattle,1,0,osm_nodes,31,0.015727,0.0584,
1854,seattle,1,1,osm_nodes,21,0.011503,0.0651,
1855,seattle,1,1,osm_nodes,27,0.01533,0.1014,
1856,seattle,1,0,osm_nodes,21,0.022997,0.2844,
1857,seattle,1,0,osm_nodes,21,0.024821,0.2436,
1858,seattle,1,0,osm_nodes,29,0.019683,0.507,
1859,seattle,1,1,osm_nodes,36,0.021689,0.4185,
1860,seattle,1,0,osm_nodes,30,0.021171,0.1505,
1861,seattle,1,1,osm_nodes,44,0.015546,0.236,
1862,seattle,1,0,osm_nodes,38,0.017049,0.273,
1863,seattle,1,0,osm_nodes,42,0.014835,0.2036,
1864,seattle,1,0,osm_nodes,53,0.017504,0.1658,
1865,seattle,1,0,osm_nodes,44,0.025096,0.3155,
1866,seattle,1,0,osm_nodes,50,0.025694,0.3263,
1867,seattle,1,0,osm_nodes,44,0.02614,0.3168,
1868,seattle,1,1,osm_nodes,53,0.018454,0.0235,
1869,seattle,1,0,osm_nodes,62,0.022864,0.2184,
1870,seattle,1,0,osm_nodes,52,0.027587,0.3472,
1871,seattle,1,0,osm_nodes,43,0.026839,0.3066,
1872,seattle,1,0,osm_nodes,43,0.025872,0.3071,
1873,seattle,1,1,osm_nodes,32,0.017583,0.0441,
1874,seattle,1,0,osm_nodes,27,0.022991,0.3334,
1875,seattle,1,0,osm_nodes,28,0.024486,0.3204,
1876,seattle,1,0,osm_nodes,28,0.024393,0.3038,
1877,seattle,1,0,osm_nodes,25,0.021736,0.3764,
1878,seattle,1,0,osm_nodes,32,0.0254,0.2831,
1879,seattle,1,1,osm_nodes,30,0.025122,0.3223,
1880,seattle,1,1,osm_nodes,30,0.025486,0.3085,
1881,seattle,1,0,osm_nodes,32,0.024287,0.3547,
1882,seattle,1,1,osm_nodes,32,0.024932,0.3335,
1883,seattle,1,0,osm_nodes,35,0.021474,0.3593,
1884,seattle,1,0,osm_nodes,48,0.027606,0.1241,
1885,seattle,1,0,osm_nodes,34,0.022165,0.3463,
1886,seattle,1,0,osm_nodes,43,0.026374,0.3789,
1887,seattle,1,0,osm_nodes,51,0.026027,0.3397,
1888,seattle,1,0,osm_nodes,45,0.025088,0.3665,
1889,seattle,1,0,osm_nodes,24,0.016656,0.1031,
1890,seattle,1,0,osm_nodes,52,0.027998,0.2401,
1891,seattle,1,0,osm_nodes,44,0.025089,0.3815,
1892,seattle,1,0,osm_nodes,52,0.026547,0.253,
1893,seattle,1,0,osm_nodes,35,0.025643,0.3548,
1894,seattle,1,0,osm_nodes,58,0.029841,0.4085,
1895,seattle,1,0,osm_nodes,54,0.028502,0.2054,
1896,seattle,1,1,osm_nodes,79,0.034716,0.4108,
1897,seattle,1,0,osm_nodes,45,0.026812,0.2867,
1898,seattle,1,0,osm_nodes,24,0.015749,0.1464,
1899,seattle,1,1,osm_nodes,57,0.027898,0.3048,
1900,seattle,1,0,osm_nodes,54,0.02751,0.2845,
1901,seattle,1,0,osm_nodes,56,0.02903,0.419,
1902,seattle,1,1,osm_nodes,61,0.032863,0.3269,
1903,seattle,1,0,osm_nodes,53,0.028848,0.3394,
1904,seattle,1,1,osm_nodes,52,0.028169,0.3531,
1905,seattle,1,0,osm_nodes,53,0.02731,0.2814,
1906,seattle,1,0,osm_nodes,63,0.031446,0.2804,
1907,seattle,1,0,osm_nodes,35,0.026051,0.2714,
1908,seattle,1,0,osm_nodes,31,0.025395,0.2536,
1909,seattle,1,0,osm_nodes,29,0.022233,0.2202,
1910,seattle,1,0,osm_nodes,29,0.021836,0.2238,
1911,seattle,1,0,osm_nodes,29,0.021655,0.2327,
1912,seattle,1,0,osm_nodes,26,0.020965,0.2399,
1913,seattle,1,0,osm_nodes,57,0.031083,0.1996,
1914,seattle,1,1,osm_nodes,60,0.03233,0.1846,
1915,seattle,1,0,osm_nodes,65,0.03439,0.205,
1916,seattle,1,0,osm_nodes,61,0.032632,0.1866,
1917,seattle,1,0,osm_nodes,61,0.033169,0.2081,
1918,seattle,1,0,osm_nodes,49,0.029337,0.2646,
1919,seattle,1,0,osm_nodes,58,0.033052,0.1834,
1920,seattle,1,0,osm_nodes,63,0.033304,0.1819,
1921,seattle,1,0,osm_nodes,33,0.026663,0.1423,
1922,seattle,1,0,osm_nodes,18,0.022431,0.2839,
1923,seattle,1,1,osm_nodes,37,0.024976,0.125,
1924,seattle,1,0,osm_nodes,29,0.023657,0.2963,
1925,seattle,1,0,osm_nodes,35,0.027566,0.1828,
1926,seattle,1,0,osm_nodes,28,0.023261,0.3195,
1927,seattle,1,0,osm_nodes,35,0.027564,0.1825,
1928,seattle,1,0,osm_nodes,49,0.027671,0.2772,
1929,seattle,1,0,osm_nodes,18,0.022336,0.2725,
1930,seattle,1,0,osm_nodes,23,0.022922,0.2616,
1931,seattle,1,0,osm_nodes,23,0.02288,0.2615,
1932,seattle,1,0,osm_nodes,28,0.023118,0.317,
1933,seattle,1,0,osm_nodes,11,0.014572,0.1553,
1934,seattle,1,0,osm_nodes,48,0.027235,0.2796,
1935,seattle,1,0,osm_nodes,48,0.026899,0.2489,
1936,seattle,1,0,osm_nodes,48,0.02677,0.0822,
1937,seattle,1,0,osm_nodes,48,0.026666,0.071,
1938,seattle,1,0,osm_nodes,52,0.025171,0.0395,
1939,seattle,1,0,osm_nodes,48,0.025933,0.2757,
1940,seattle,1,0,osm_nodes,60,0.031182,0.0114,
1941,seattle,1,0,osm_nodes,94,0.028217,0.0951,
1942,seattle,1,0,osm_nodes,94,0.029266,0.0714,
1943,seattle,1,0,osm_nodes,19,0.009008,0.6327,
1944,seattle,1,0,osm_nodes,108,0.034075,0.2095,
1945,seattle,1,0,osm_nodes,68,0.033993,0.1057,
1946,seattle,1,0,osm_nodes,29,0.008578,0.5278,
1947,seattle,1,0,osm_nodes,28,0.009027,0.5428,
1948,seattle,1,0,osm_nodes,70,0.033053,0.1624,
1949,seattle,1,0,osm_nodes,107,0.031451,0.1715,
1950,seattle,1,0,osm_nodes,102,0.029602,0.1371,
1951,seattle,1,0,osm_nodes,24,0.014632,0.2858,
1952,seattle,1,0,osm_nodes,107,0.034138,0.0754,
1953,seattle,1,0,osm_nodes,114,0.036778,0.1696,
1954,seattle,1,0,osm_nodes,122,0.037104,0.0623,
1955,seattle,1,1,osm_nodes,125,0.037256,0.0629,
1956,seattle,1,0,osm_nodes,126,0.038529,0.0774,
1957,seattle,1,0,osm_nodes,129,0.039023,0.0815,
1958,seattle,1,1,osm_nodes,36,0.018956,0.4003,
1959,seattle,1,1,osm_nodes,50,0.016766,0.303,
1960,seattle,1,0,osm_nodes,52,0.016892,0.2478,
1961,seattle,1,1,osm_nodes,107,0.038528,0.2915,
1962,seattle,1,0,osm_nodes,48,0.015988,0.2467,
1963,seattle,1,1,osm_nodes,46,0.015749,0.2454,
1964,seattle,1,1,osm_nodes,36,0.019877,0.3998,
1965,seattle,1,1,osm_nodes,57,0.029178,0.2288,
1966,seattle,1,0,osm_nodes,37,0.018535,0.3546,
1967,seattle,1,0,osm_nodes,52,0.024113,0.3549,
1968,seattle,1,1,osm_nodes,54,0.026615,0.3113,
1969,seattle,1,0,osm_nodes,101,0.038062,0.401,
1970,seattle,1,1,osm_nodes,80,0.033107,0.3369,
1971,seattle,1,0,osm_nodes,66,0.028553,0.34,
1972,seattle,1,0,osm_nodes,53,0.026199,0.1743,
1973,seattle,1,0,osm_nodes,131,0.041744,0.443,
1974,seattle,1,0,osm_nodes,70,0.026993,0.1618,
1975,seattle,1,0,osm_nodes,103,0.039536,0.3421,
1976,seattle,1,0,osm_nodes,88,0.036196,0.1406,
1977,seattle,1,0,osm_nodes,81,0.030961,0.3757,
1978,seattle,1,0,osm_nodes,111,0.038045,0.3864,
1979,seattle,1,0,osm_nodes,81,0.030927,0.199,
1980,seattle,1,1,osm_nodes,36,0.013035,0.1744,
1981,seattle,1,1,osm_nodes,36,0.013331,0.1898,
1982,seattle,1,0,osm_nodes,102,0.036834,0.3272,
1983,seattle,1,0,osm_nodes,82,0.033218,0.2504,
1984,seattle,1,1,osm_nodes,107,0.032907,0.3874,
1985,seattle,1,0,osm_nodes,82,0.033897,0.2766,
1986,seattle,1,1,osm_nodes,112,0.034235,0.3567,
1987,seattle,1,0,osm_nodes,94,0.034925,0.2789,
1988,seattle,1,0,osm_nodes,76,0.031674,0.1851,
1989,seattle,1,1,osm_nodes,107,0.03723,0.3519,
1990,seattle,1,0,osm_nodes,96,0.035506,0.2728,
1991,seattle,1,1,osm_nodes,112,0.036019,0.3054,
1992,seattle,1,0,osm_nodes,90,0.035087,0.1956,
1993,seattle,1,0,osm_nodes,60,0.022262,0.271,
1994,seattle,1,0,osm_nodes,105,0.039361,0.2138,
1995,seattle,1,0,osm_nodes,87,0.032705,0.3966,
1996,seattle,1,1,osm_nodes,108,0.033881,0.3718,
1997,seattle,1,0,osm_nodes,87,0.032309,0.3431,
1998,seattle,1,0,osm_nodes,114,0.042079,0.2558,
1999,seattle,1,0,osm_nodes,86,0.030864,0.2599,
2000,seattle,1,0,osm_nodes,69,0.030384,0.2957,
2001,seattle,1,1,osm_nodes,68,0.030231,0.3938,
2002,seattle,1,0,osm_nodes,74,0.032931,0.3302,
2003,seattle,1,0,osm_nodes,78,0.033791,0.2999,
2004,seattle,1,1,osm_nodes,102,0.041806,0.1466,
2005,seattle,1,1,osm_nodes,73,0.03176,0.3174,
2006,seattle,1,0,osm_nodes,68,0.02994,0.2726,
2007,seattle,1,0,osm_nodes,80,0.034523,0.3186,
2008,seattle,1,1,osm_nodes,93,0.039402,0.3722,
2009,seattle,1,1,osm_nodes,77,0.03195,0.3704,
2010,seattle,1,0,osm_nodes,74,0.028452,0.2487,
2011,seattle,1,0,osm_nodes,56,0.023553,0.0024,
2012,seattle,1,0,osm_nodes,44,0.010833,0.0,
2013,seattle,1,0,osm_nodes,92,0.036439,0.2055,
2014,seattle,1,0,osm_nodes,54,0.019958,0.0,
2015,seattle,1,0,osm_nodes,94,0.036083,0.2934,
2016,seattle,1,0,osm_nodes,76,0.033955,0.3278,
2017,seattle,1,0,osm_nodes,55,0.025482,0.172,
2018,seattle,1,0,osm_nodes,65,0.033081,0.2855,
2019,seattle,1,0,osm_nodes,63,0.029424,0.2232,
2020,seattle,1,0,osm_nodes,85,0.038428,0.2094,
2021,seattle,1,1,osm_nodes,68,0.024311,0.0889,
2022,seattle,1,0,osm_nodes,64,0.029775,0.2756,
2023,seattle,1,0,osm_nodes,113,0.038217,0.1444,
2024,seattle,1,0,osm_nodes,71,0.0342,0.3684,
2025,seattle,1,0,osm_nodes,90,0.034845,0.3795,
2026,seattle,1,0,osm_nodes,99,0.037428,0.2919,
2027,seattle,1,0,osm_nodes,76,0.03319,0.1188,
2028,seattle,1,1,osm_nodes,75,0.028602,0.501,
2029,seattle,1,1,osm_nodes,67,0.025713,0.2919,
2030,seattle,1,1,osm_nodes,69,0.026865,0.462,
2031,seattle,1,1,osm_nodes,70,0.025436,0.2399,
2032,seattle,1,0,osm_nodes,123,0.042642,0.2224,
2033,seattle,1,0,osm_nodes,30,0.024474,0.3659,
2034,seattle,1,0,osm_nodes,38,0.025158,0.4259,
2035,seattle,1,0,osm_nodes,32,0.024466,0.3478,
2036,seattle,1,0,osm_nodes,18,0.017443,0.2594,
2037,seattle,1,0,osm_nodes,18,0.018261,0.3019,
2038,seattle,1,0,osm_nodes,50,0.015562,0.0,
2039,seattle,1,0,osm_nodes,47,0.014971,0.0,
2040,seattle,1,0,osm_nodes,111,0.045409,0.2404,
2041,seattle,1,1,osm_nodes,63,0.022681,0.1778,
2042,seattle,1,0,osm_nodes,127,0.04491,0.2686,
2043,seattle,1,1,osm_nodes,113,0.037376,0.2037,
2044,seattle,1,0,osm_nodes,45,0.024891,0.2604,
2045,seattle,1,0,osm_nodes,49,0.023401,0.4246,
2046,seattle,1,0,osm_nodes,43,0.022709,0.3562,
2047,seattle,1,1,osm_nodes,54,0.025318,0.505,
2048,seattle,1,1,osm_nodes,76,0.028466,0.5566,
2049,seattle,1,0,osm_nodes,75,0.029675,0.4831,
2050,seattle,1,0,osm_nodes,73,0.029316,0.4314,
2051,seattle,1,0,osm_nodes,42,0.026247,0.3359,
2052,seattle,1,1,osm_nodes,72,0.027889,0.4764,
2053,seattle,1,0,osm_nodes,66,0.0268,0.4361,
2054,seattle,1,0,osm_nodes,56,0.02401,0.3987,
2055,seattle,1,0,osm_nodes,50,0.013152,0.0,
2056,seattle,1,0,osm_nodes,59,0.023788,0.4442,
2057,seattle,1,0,osm_nodes,114,0.041828,0.0971,
2058,seattle,1,1,osm_nodes,65,0.023846,0.0,
2059,seattle,1,1,osm_nodes,70,0.025561,0.0,
2060,seattle,1,0,osm_nodes,78,0.024565,0.4607,
2061,seattle,1,0,osm_nodes,32,0.018705,0.1267,
2062,seattle,0,0,osm_nodes,72,0.028134,0.0127,
2063,seattle,0,0,osm_nodes,73,0.027688,0.048,
2064,seattle,1,0,osm_nodes,65,0.026869,0.021,
2065,seattle,1,1,osm_nodes,64,0.026707,0.0314,
2066,seattle,1,0,osm_nodes,61,0.027144,0.4357,
2067,seattle,1,0,osm_nodes,79,0.024221,0.4265,
2068,seattle,1,0,osm_nodes,80,0.024269,0.3297,
2069,seattle,1,0,osm_nodes,78,0.024145,0.2926,
2070,seattle,1,0,osm_nodes,49,0.023963,0.0918,
2071,seattle,1,0,osm_nodes,53,0.02803,0.1609,
2072,seattle,1,0,osm_nodes,52,0.02739,0.1523,
2073,seattle,1,0,osm_nodes,74,0.034306,0.2954,
2074,seattle,1,0,osm_nodes,52,0.025142,0.573,
2075,seattle,1,0,osm_nodes,81,0.026637,0.4988,
2076,seattle,1,0,osm_nodes,81,0.026876,0.4546,
2077,seattle,1,0,osm_nodes,64,0.027238,0.4167,
2078,seattle,1,0,osm_nodes,81,0.026626,0.4991,
2079,seattle,1,0,osm_nodes,41,0.023518,0.1252,
2080,seattle,1,0,osm_nodes,66,0.030569,0.1887,
2081,seattle,1,0,osm_nodes,44,0.022852,0.3626,
2082,seattle,1,0,osm_nodes,41,0.022672,0.4808,
2083,seattle,1,0,osm_nodes,51,0.024705,0.5734,
2084,seattle,1,0,osm_nodes,85,0.027341,0.451,
2085,seattle,1,1,osm_nodes,70,0.026876,0.1215,
2086,seattle,1,0,osm_nodes,84,0.024447,0.3313,
2087,seattle,1,1,osm_nodes,65,0.023445,0.3806,
2088,seattle,1,0,osm_nodes,79,0.026781,0.4185,
2089,seattle,1,0,osm_nodes,74,0.02951,0.2222,
2090,seattle,1,0,osm_nodes,37,0.02231,0.4294,
2091,seattle,1,0,osm_nodes,79,0.025727,0.4937,
2092,seattle,1,1,osm_nodes,71,0.027245,0.5466,
2093,seattle,1,0,osm_nodes,69,0.025346,0.555,
2094,seattle,1,0,osm_nodes,67,0.025122,0.4639,
2095,seattle,1,0,osm_nodes,49,0.024058,0.5511,
2096,seattle,0,0,osm_nodes,50,0.023436,0.2456,
2097,seattle,1,0,osm_nodes,35,0.022794,0.3622,
2098,seattle,1,0,osm_nodes,56,0.023112,0.4407,
2099,seattle,1,1,osm_nodes,53,0.024485,0.397,
2100,seattle,1,0,osm_nodes,52,0.024011,0.4075,
2101,seattle,1,0,osm_nodes,38,0.021969,0.382,
2102,seattle,1,0,osm_nodes,51,0.024027,0.4085,
2103,seattle,1,0,osm_nodes,52,0.024864,0.2843,
2104,seattle,1,0,osm_nodes,34,0.02246,0.3387,
2105,seattle,1,0,osm_nodes,86,0.028821,0.3667,
2106,seattle,1,0,osm_nodes,52,0.023045,0.4685,
2107,seattle,1,0,osm_nodes,49,0.024065,0.397,
2108,seattle,1,1,osm_nodes,63,0.025757,0.525,
2109,seattle,1,0,osm_nodes,50,0.02661,0.1918,
2110,seattle,1,0,osm_nodes,53,0.026827,0.1799,
2111,seattle,1,0,osm_nodes,48,0.025736,0.2024,
2112,seattle,1,0,osm_nodes,60,0.024707,0.7046,
2113,seattle,1,0,osm_nodes,27,0.01419,0.2736,
2114,seattle,1,1,osm_nodes,49,0.027859,0.3646,
2115,seattle,1,0,osm_nodes,97,0.029735,0.3211,
2116,seattle,1,0,osm_nodes,56,0.02555,0.4383,
2117,seattle,1,0,osm_nodes,84,0.027594,0.3735,
2118,seattle,1,1,osm_nodes,29,0.017248,0.1139,
2119,seattle,1,1,osm_nodes,46,0.027125,0.3621,
2120,seattle,1,1,osm_nodes,46,0.027577,0.2982,
2121,seattle,1,0,osm_nodes,63,0.030132,0.1423,
2122,seattle,1,0,osm_nodes,15,0.018173,0.2406,
2123,seattle,1,0,osm_nodes,46,0.024567,0.3803,
2124,seattle,1,0,osm_nodes,60,0.025215,0.3894,
2125,seattle,1,0,osm_nodes,62,0.030001,0.1574,
2126,seattle,1,0,osm_nodes,47,0.027053,0.2885,
2127,seattle,1,0,osm_nodes,58,0.029132,0.1706,
2128,seattle,1,1,osm_nodes,26,0.016967,0.1299,
2129,seattle,1,0,osm_nodes,55,0.028677,0.2143,
2130,seattle,1,0,osm_nodes,105,0.030472,0.2277,
2131,seattle,1,0,osm_nodes,59,0.02907,0.1794,
2132,seattle,1,0,osm_nodes,49,0.027713,0.2711,
2133,seattle,1,0,osm_nodes,26,0.016504,0.1995,
2134,seattle,1,0,osm_nodes,27,0.017049,0.1867,
2135,seattle,1,0,osm_nodes,27,0.017384,0.1963,
2136,seattle,1,0,osm_nodes,26,0.017421,0.1743,
2137,seattle,1,0,osm_nodes,28,0.010751,0.2318,
2138,seattle,1,0,osm_nodes,28,0.01212,0.2244,
2139,seattle,1,0,osm_nodes,22,0.007622,0.2011,
2140,seattle,1,0,osm_nodes,20,0.007655,0.1933,
2141,seattle,1,0,osm_nodes,20,0.015948,0.2031,
2142,seattle,1,1,osm_nodes,34,0.012784,0.1256,
2143,seattle,1,0,osm_nodes,15,0.022777,0.19,
2144,seattle,1,0,osm_nodes,23,0.018824,0.1688,
2145,seattle,1,0,osm_nodes,28,0.023572,0.1736,
2146,seattle,1,0,osm_nodes,21,0.011114,0.1888,
2147,seattle,1,0,osm_nodes,23,0.022681,0.1819,
2148,seattle,1,1,osm_nodes,40,0.011099,0.0746,
2149,seattle,1,0,osm_nodes,19,0.015202,0.2129,
2150,seattle,1,0,osm_nodes,24,0.011404,0.2119,
2151,seattle,1,0,osm_nodes,23,0.011514,0.2188,
2152,seattle,1,0,osm_nodes,23,0.012599,0.2404,
2153,seattle,1,0,osm_nodes,24,0.011914,0.2536,
2154,seattle,1,0,osm_nodes,23,0.012555,0.1615,
2155,seattle,1,0,osm_nodes,42,0.010577,0.0,
2156,seattle,1,0,osm_nodes,47,0.010031,0.0,
2157,seattle,1,0,osm_nodes,45,0.00893,0.0,
2158,seattle,1,0,osm_nodes,46,0.009013,0.0,
2159,seattle,1,0,osm_nodes,14,0.015825,0.1716,
2160,seattle,1,0,osm_nodes,19,0.016052,0.248,
2161,seattle,1,0,osm_nodes,16,0.017085,0.1829,
2162,seattle,1,0,osm_nodes,18,0.004106,0.0231,
2163,seattle,1,0,osm_nodes,60,0.01983,0.099,
2164,seattle,1,0,osm_nodes,60,0.019856,0.1027,
2165,seattle,1,0,osm_nodes,63,0.023039,0.1166,
2166,seattle,0,0,osm_nodes,15,0.00746,0.155,
2167,seattle,1,0,osm_nodes,15,0.012509,0.2106,
2168,seattle,1,0,osm_nodes,49,0.015855,0.2101,
2169,seattle,1,0,osm_nodes,7,0.005786,0.0172,
2170,seattle,1,0,osm_nodes,31,0.003286,0.2775,
2171,seattle,1,0,osm_nodes,21,0.006447,0.252,
2172,seattle,1,0,osm_nodes,22,0.004274,0.1498,
2173,seattle,0,0,osm_nodes,45,0.010296,0.0,
2174,seattle,0,0,osm_nodes,46,0.012085,0.0,
2175,seattle,1,1,osm_nodes,10,0.010612,0.1517,
2176,seattle,1,0,osm_nodes,50,0.009825,0.2558,
2177,seattle,1,0,osm_nodes,56,0.010451,0.2622,
2178,seattle,1,0,osm_nodes,20,0.013649,0.1329,
2179,seattle,1,0,osm_nodes,57,0.019898,0.1991,
2180,seattle,1,1,osm_nodes,29,0.017409,0.0218,
2181,seattle,1,0,osm_nodes,49,0.014494,0.2124,
2182,seattle,1,1,osm_nodes,25,0.013989,0.1652,
2183,seattle,1,1,osm_nodes,24,0.014151,0.1565,
2184,seattle,1,0,osm_nodes,35,0.01398,0.2233,
2185,seattle,1,0,osm_nodes,37,0.014295,0.0607,
2186,seattle,1,0,osm_nodes,55,0.016053,0.1062,
2187,seattle,1,1,osm_nodes,55,0.015192,0.2671,
2188,seattle,1,1,osm_nodes,25,0.020313,0.1414,
2189,seattle,1,0,osm_nodes,29,0.016379,0.2329,
2190,seattle,1,0,osm_nodes,48,0.018697,0.1972,
2191,seattle,1,1,osm_nodes,84,0.029684,0.5048,
2192,seattle,1,0,osm_nodes,24,0.017562,0.2074,
2193,seattle,1,0,osm_nodes,87,0.016471,0.3742,
2194,seattle,1,0,osm_nodes,77,0.014264,0.4051,
2195,seattle,1,0,osm_nodes,23,0.01722,0.2355,
2196,seattle,1,1,osm_nodes,50,0.018114,0.0861,
2197,seattle,1,0,osm_nodes,21,0.017626,0.2334,
2198,seattle,1,1,osm_nodes,20,0.015257,0.2062,
2199,seattle,1,1,osm_nodes,48,0.017931,0.0977,
2200,seattle,1,1,osm_nodes,34,0.004187,0.2307,
2201,seattle,1,0,osm_nodes,16,0.006388,0.1786,
2202,seattle,1,1,osm_nodes,20,0.014733,0.2116,
2203,seattle,1,1,osm_nodes,48,0.017914,0.1109,
2204,seattle,1,1,osm_nodes,20,0.015058,0.2018,
2205,seattle,1,1,osm_nodes,48,0.017875,0.1214,
2206,seattle,1,0,osm_nodes,90,0.02155,0.5302,
2207,seattle,1,1,osm_nodes,53,0.009652,0.1809,
2208,seattle,1,0,osm_nodes,91,0.022575,0.5482,
2209,seattle,1,0,osm_nodes,18,0.018436,0.252,
2210,seattle,1,1,osm_nodes,59,0.019156,0.0889,
2211,seattle,1,1,osm_nodes,65,0.017804,0.2469,
2212,seattle,1,1,osm_nodes,65,0.017302,0.3037,
2213,seattle,1,0,osm_nodes,17,0.01884,0.1944,
2214,seattle,1,0,osm_nodes,31,0.019045,0.2834,
2215,seattle,1,0,osm_nodes,34,0.019839,0.1952,
2216,seattle,1,0,osm_nodes,31,0.020685,0.1557,
2217,seattle,1,0,osm_nodes,34,0.020243,0.2773,
2218,seattle,1,1,osm_nodes,37,0.020871,0.298,
2219,seattle,1,0,osm_nodes,18,0.015092,0.1823,
2220,seattle,1,0,osm_nodes,18,0.017988,0.2395,
2221,seattle,1,0,osm_nodes,16,0.013512,0.1939,
2222,seattle,1,0,osm_nodes,8,0.00847,0.2363,
2223,seattle,1,0,osm_nodes,12,0.010169,0.2369,
2224,seattle,1,0,osm_nodes,10,0.006021,0.0514,
2225,seattle,1,1,osm_nodes,10,0.008135,0.1537,
2226,seattle,0,0,osm_nodes,9,0.007213,0.2566,
2227,seattle,1,0,osm_nodes,10,0.012542,0.1912,
2228,seattle,1,0,osm_nodes,7,0.001298,0.2784,
2229,seattle,0,0,osm_nodes,6,0.000493,0.3039,
2230,seattle,0,0,osm_nodes,7,0.000526,0.2891,
2231,seattle,1,0,osm_nodes,9,0.000841,0.1962,
2232,seattle,1,1,osm_nodes,20,0.019619,0.1797,
2233,seattle,0,0,osm_nodes,8,0.000744,0.1362,
2234,seattle,1,1,osm_nodes,13,0.01503,0.1571,
2235,seattle,1,1,osm_nodes,20,0.020565,0.1901,
2236,seattle,1,0,osm_nodes,20,0.016225,0.145,
2237,seattle,1,0,osm_nodes,21,0.01705,0.1413,
2238,seattle,1,0,osm_nodes,19,0.015245,0.1148,
2239,seattle,1,0,osm_nodes,22,0.017649,0.2301,
2240,seattle,1,0,osm_nodes,20,0.014867,0.2225,
2241,seattle,1,0,osm_nodes,18,0.017026,0.2504,
2242,seattle,0,0,osm_nodes,23,0.018333,0.1803,
2243,seattle,1,0,osm_nodes,49,0.024174,0.1946,
2244,seattle,1,0,osm_nodes,15,0.005227,0.09,
2245,seattle,1,0,osm_nodes,41,0.018444,0.0803,
2246,seattle,1,0,osm_nodes,42,0.01873,0.0827,
2247,seattle,1,0,osm_nodes,68,0.035176,0.1858,
2248,seattle,1,0,osm_nodes,47,0.027474,0.192,
2249,seattle,1,0,osm_nodes,48,0.027975,0.1944,
2250,seattle,1,0,osm_nodes,51,0.028862,0.2,
2251,seattle,1,0,osm_nodes,44,0.030898,0.1695,
2252,seattle,1,0,osm_nodes,53,0.032372,0.213,
2253,seattle,1,0,osm_nodes,53,0.033328,0.2071,
2254,seattle,0,0,osm_nodes,15,0.0032,0.1593,
2255,seattle,1,0,osm_nodes,57,0.03159,0.2434,
2256,seattle,0,0,osm_nodes,12,0.001793,0.1318,
2257,seattle,1,0,osm_nodes,54,0.027599,0.2288,
2258,seattle,1,0,osm_nodes,25,0.01077,0.1149,
2259,seattle,0,0,osm_nodes,17,0.000512,0.1962,
2260,seattle,0,0,osm_nodes,9,0.0,0.1342,
2261,seattle,1,0,osm_nodes,26,0.009376,0.1496,
2262,seattle,0,0,osm_nodes,8,0.0,0.1438,
2263,seattle,1,0,osm_nodes,20,0.020564,0.2246,
2264,seattle,1,0,osm_nodes,33,0.020493,0.2647,
2265,seattle,1,0,osm_nodes,34,0.020697,0.2609,
2266,seattle,1,0,osm_nodes,38,0.020091,0.2731,
2267,seattle,1,0,osm_nodes,23,0.022379,0.2375,
2268,seattle,1,1,osm_nodes,27,0.022205,0.2149,
2269,seattle,1,0,osm_nodes,42,0.023402,0.2576,
2270,seattle,1,0,osm_nodes,29,0.023544,0.2083,
2271,seattle,1,0,osm_nodes,28,0.022785,0.2191,
2272,seattle,1,0,osm_nodes,29,0.024806,0.2238,
2273,seattle,1,0,osm_nodes,34,0.023275,0.2021,
2274,seattle,1,0,osm_nodes,33,0.02046,0.263,
2275,seattle,1,0,osm_nodes,39,0.025945,0.2534,
2276,seattle,1,0,osm_nodes,53,0.023883,0.1516,
2277,seattle,1,0,osm_nodes,26,0.020481,0.2346,
2278,seattle,1,0,osm_nodes,45,0.017302,0.0824,
2279,seattle,1,0,osm_nodes,42,0.018146,0.0965,
2280,seattle,0,0,osm_nodes,43,0.01722,0.1126,
2281,seattle,1,0,osm_nodes,56,0.022544,0.2023,
2282,seattle,1,0,osm_nodes,61,0.035011,0.1712,
2283,seattle,1,0,osm_nodes,58,0.035337,0.1953,
2284,seattle,1,0,osm_nodes,47,0.029767,0.1718,
2285,seattle,1,0,osm_nodes,35,0.015643,0.0719,
2286,seattle,1,0,osm_nodes,48,0.031307,0.2109,
2287,seattle,1,0,osm_nodes,49,0.024818,0.2555,
2288,seattle,1,0,osm_nodes,52,0.026786,0.2822,
2289,seattle,1,0,osm_nodes,30,0.023253,0.1773,
2290,seattle,1,0,osm_nodes,30,0.023182,0.1779,
2291,seattle,1,0,osm_nodes,31,0.023003,0.2735,
2292,seattle,1,0,osm_nodes,38,0.018791,0.2254,
2293,seattle,1,0,osm_nodes,38,0.022233,0.1944,
2294,seattle,1,0,osm_nodes,48,0.025243,0.1648,
2295,seattle,1,0,osm_nodes,45,0.028855,0.2132,
2296,seattle,1,0,osm_nodes,43,0.024661,0.1733,
2297,seattle,1,0,osm_nodes,65,0.027513,0.2559,
2298,seattle,1,0,osm_nodes,14,0.023018,0.2323,
2299,seattle,1,1,osm_nodes,23,0.020574,0.2388,
2300,seattle,1,1,osm_nodes,31,0.019712,0.2642,
2301,seattle,1,1,osm_nodes,27,0.020288,0.2548,
2302,seattle,1,0,osm_nodes,69,0.026285,0.1723,
2303,seattle,1,1,osm_nodes,31,0.021054,0.2477,
2304,seattle,1,0,osm_nodes,38,0.026688,0.1813,
2305,seattle,1,0,osm_nodes,86,0.032455,0.2284,
2306,seattle,1,0,osm_nodes,49,0.028003,0.2309,
2307,seattle,1,0,osm_nodes,89,0.027681,0.1868,
2308,seattle,1,0,osm_nodes,77,0.027106,0.1653,
2309,seattle,1,0,osm_nodes,57,0.034243,0.1687,
2310,seattle,1,1,osm_nodes,117,0.035045,0.3964,
2311,seattle,1,0,osm_nodes,65,0.030888,0.1728,
2312,seattle,1,1,osm_nodes,102,0.028109,0.2697,
2313,seattle,1,1,osm_nodes,105,0.030289,0.2799,
2314,seattle,1,1,osm_nodes,91,0.030259,0.3511,
2315,seattle,1,0,osm_nodes,58,0.034935,0.156,
2316,seattle,1,0,osm_nodes,59,0.031578,0.184,
2317,seattle,1,0,osm_nodes,54,0.031393,0.1927,
2318,seattle,1,0,osm_nodes,66,0.028923,0.1844,
2319,seattle,1,0,osm_nodes,56,0.03006,0.1731,
2320,seattle,1,1,osm_nodes,115,0.035115,0.4643,
2321,seattle,1,0,osm_nodes,50,0.031038,0.2098,
2322,seattle,1,0,osm_nodes,96,0.030521,0.3004,
2323,seattle,1,0,osm_nodes,47,0.030594,0.2166,
2324,seattle,1,0,osm_nodes,53,0.030616,0.1973,
2325,seattle,1,0,osm_nodes,57,0.031013,0.1527,
2326,seattle,1,0,osm_nodes,92,0.028726,0.3917,
2327,seattle,1,0,osm_nodes,48,0.030189,0.2407,
2328,seattle,1,0,osm_nodes,74,0.033839,0.1759,
2329,seattle,1,0,osm_nodes,63,0.034714,0.2137,
2330,seattle,1,0,osm_nodes,70,0.027579,0.1509,
2331,seattle,1,1,osm_nodes,53,0.026044,0.2578,
2332,seattle,1,1,osm_nodes,52,0.025308,0.2483,
2333,seattle,1,1,osm_nodes,58,0.026705,0.272,
2334,seattle,1,1,osm_nodes,50,0.028939,0.1863,
2335,seattle,1,1,osm_nodes,52,0.024749,0.2447,
2336,seattle,1,0,osm_nodes,61,0.035168,0.1878,
2337,seattle,1,1,osm_nodes,54,0.025986,0.2429,
2338,seattle,1,1,osm_nodes,50,0.028726,0.1784,
2339,seattle,1,1,osm_nodes,69,0.030635,0.1776,
2340,seattle,1,0,osm_nodes,40,0.021135,0.1841,
2341,seattle,1,1,osm_nodes,53,0.025017,0.0612,
2342,seattle,1,0,osm_nodes,34,0.025275,0.2211,
2343,seattle,1,0,osm_nodes,51,0.02733,0.1892,
2344,seattle,1,0,osm_nodes,36,0.025336,0.2165,
2345,seattle,1,0,osm_nodes,29,0.023777,0.2037,
2346,seattle,1,0,osm_nodes,27,0.02355,0.193,
2347,seattle,1,0,osm_nodes,31,0.024708,0.2396,
2348,seattle,1,0,osm_nodes,47,0.025448,0.1954,
2349,seattle,1,0,osm_nodes,50,0.025679,0.2137,
2350,seattle,1,0,osm_nodes,52,0.026788,0.2223,
2351,seattle,1,0,osm_nodes,37,0.015615,0.195,
2352,seattle,1,0,osm_nodes,35,0.020986,0.186,
2353,seattle,1,0,osm_nodes,43,0.020539,0.1968,
2354,seattle,1,1,osm_nodes,35,0.015589,0.1541,
2355,seattle,1,1,osm_nodes,35,0.015147,0.1496,
2356,seattle,1,0,osm_nodes,35,0.020967,0.1941,
2357,seattle,1,0,osm_nodes,28,0.020605,0.1639,
2358,seattle,1,0,osm_nodes,43,0.020582,0.2039,
2359,seattle,1,0,osm_nodes,41,0.020504,0.2022,
2360,seattle,1,0,osm_nodes,29,0.020642,0.228,
2361,seattle,1,0,osm_nodes,27,0.02109,0.2078,
2362,seattle,1,0,osm_nodes,27,0.020683,0.2268,
2363,seattle,1,0,osm_nodes,31,0.024082,0.197,
2364,seattle,1,0,osm_nodes,31,0.023949,0.1995,
2365,seattle,1,0,osm_nodes,33,0.015376,0.2063,
2366,seattle,1,0,osm_nodes,30,0.022232,0.1945,
2367,seattle,1,0,osm_nodes,47,0.023037,0.2054,
2368,seattle,1,0,osm_nodes,49,0.02285,0.2158,
2369,seattle,1,0,osm_nodes,30,0.020423,0.2494,
2370,seattle,1,0,osm_nodes,34,0.020361,0.1901,
2371,seattle,1,0,osm_nodes,33,0.02093,0.1765,
2372,seattle,1,0,osm_nodes,31,0.020785,0.2088,
2373,seattle,1,0,osm_nodes,25,0.02022,0.2284,
2374,seattle,1,0,osm_nodes,36,0.020989,0.1992,
2375,seattle,1,0,osm_nodes,27,0.02011,0.224,
2376,seattle,1,0,osm_nodes,28,0.017644,0.1823,
2377,seattle,1,0,osm_nodes,26,0.016215,0.1874,
2378,seattle,1,0,osm_nodes,28,0.01728,0.1902,
2379,seattle,1,0,osm_nodes,51,0.02153,0.219,
2380,seattle,1,0,osm_nodes,33,0.02193,0.2115,
2381,seattle,1,0,osm_nodes,36,0.019128,0.187,
2382,seattle,1,0,osm_nodes,51,0.021473,0.2202,
2383,seattle,1,0,osm_nodes,28,0.018781,0.2608,
2384,seattle,1,1,osm_nodes,15,0.016415,0.1573,
2385,seattle,1,0,osm_nodes,22,0.018187,0.1994,
2386,seattle,1,1,osm_nodes,28,0.020776,0.1575,
2387,seattle,1,0,osm_nodes,23,0.019228,0.1563,
2388,seattle,1,0,osm_nodes,29,0.021876,0.1994,
2389,seattle,1,0,osm_nodes,29,0.01856,0.268,
2390,seattle,1,0,osm_nodes,34,0.017621,0.3068,
2391,seattle,1,0,osm_nodes,24,0.016993,0.2205,
2392,seattle,1,0,osm_nodes,26,0.018694,0.2544,
2393,seattle,1,0,osm_nodes,30,0.018792,0.2004,
2394,seattle,1,0,osm_nodes,18,0.012114,0.1645,
2395,seattle,1,0,osm_nodes,21,0.015591,0.2161,
2396,seattle,1,0,osm_nodes,32,0.017738,0.2577,
2397,seattle,1,0,osm_nodes,32,0.020122,0.2002,
2398,seattle,1,0,osm_nodes,43,0.019576,0.2324,
2399,seattle,1,0,osm_nodes,44,0.024632,0.3048,
2400,seattle,1,0,osm_nodes,39,0.018731,0.2167,
2401,seattle,1,0,osm_nodes,41,0.01984,0.2409,
2402,seattle,1,0,osm_nodes,48,0.015001,0.1719,
2403,seattle,1,0,osm_nodes,55,0.019433,0.1795,
2404,seattle,1,0,osm_nodes,51,0.018844,0.2077,
2405,seattle,1,0,osm_nodes,39,0.019067,0.2123,
2406,seattle,1,0,osm_nodes,49,0.027405,0.2182,
2407,seattle,1,0,osm_nodes,38,0.022694,0.2662,
2408,seattle,1,1,osm_nodes,23,0.018049,0.1523,
2409,seattle,1,0,osm_nodes,37,0.018577,0.2186,
2410,seattle,1,0,osm_nodes,38,0.019288,0.2034,
2411,seattle,1,0,osm_nodes,47,0.026107,0.193,
2412,seattle,1,1,osm_nodes,27,0.022217,0.215,
2413,seattle,1,0,osm_nodes,54,0.027292,0.2388,
2414,seattle,1,0,osm_nodes,31,0.02359,0.2642,
2415,seattle,1,0,osm_nodes,42,0.02147,0.1942,
2416,seattle,1,1,osm_nodes,16,0.018504,0.1679,
2417,seattle,1,0,osm_nodes,39,0.017199,0.1861,
2418,seattle,1,0,osm_nodes,52,0.018561,0.2098,
2419,seattle,1,0,osm_nodes,46,0.021334,0.2088,
2420,seattle,1,0,osm_nodes,42,0.021397,0.1883,
2421,seattle,1,0,osm_nodes,56,0.02605,0.224,
2422,seattle,1,0,osm_nodes,58,0.026473,0.2284,
2423,seattle,1,0,osm_nodes,47,0.026588,0.2564,
2424,seattle,1,0,osm_nodes,46,0.026862,0.224,
2425,seattle,1,0,osm_nodes,54,0.026406,0.2363,
2426,seattle,1,0,osm_nodes,49,0.020748,0.2476,
2427,seattle,1,0,osm_nodes,19,0.020434,0.1629,
2428,seattle,1,0,osm_nodes,27,0.021942,0.1981,
2429,seattle,1,0,osm_nodes,64,0.02593,0.2028,
2430,seattle,1,0,osm_nodes,65,0.02585,0.2231,
2431,seattle,1,0,osm_nodes,19,0.020432,0.1723,
2432,seattle,1,0,osm_nodes,28,0.023231,0.2224,
2433,seattle,1,0,osm_nodes,66,0.024325,0.1933,
2434,seattle,1,0,osm_nodes,71,0.026207,0.2246,
2435,seattle,1,0,osm_nodes,46,0.020806,0.2969,
2436,seattle,1,0,osm_nodes,48,0.024995,0.2226,
2437,seattle,1,0,osm_nodes,45,0.020293,0.2938,
2438,seattle,1,0,osm_nodes,43,0.022862,0.3277,
2439,seattle,1,0,osm_nodes,38,0.022523,0.259,
2440,seattle,1,0,osm_nodes,41,0.02307,0.2709,
2441,seattle,1,0,osm_nodes,81,0.020465,0.2119,
2442,seattle,1,0,osm_nodes,78,0.019644,0.3021,
2443,seattle,1,0,osm_nodes,37,0.022827,0.2763,
2444,seattle,1,0,osm_nodes,34,0.021724,0.2577,
2445,seattle,1,0,osm_nodes,34,0.021613,0.2595,
2446,seattle,1,0,osm_nodes,40,0.02173,0.3251,
2447,seattle,1,0,osm_nodes,75,0.020094,0.0989,
2448,seattle,1,0,osm_nodes,59,0.02006,0.4471,
2449,seattle,1,0,osm_nodes,31,0.022588,0.2576,
2450,seattle,1,0,osm_nodes,41,0.024054,0.2424,
2451,seattle,1,0,osm_nodes,48,0.024641,0.2377,
2452,seattle,1,0,osm_nodes,50,0.023838,0.2546,
2453,seattle,1,1,osm_nodes,40,0.016778,0.2538,
2454,seattle,1,0,osm_nodes,54,0.019637,0.3364,
2455,seattle,1,0,osm_nodes,45,0.017711,0.2544,
2456,seattle,1,1,osm_nodes,30,0.020947,0.2927,
2457,seattle,1,0,osm_nodes,62,0.02894,0.2376,
2458,seattle,1,0,osm_nodes,85,0.033563,0.2417,
2459,seattle,1,0,osm_nodes,87,0.034177,0.2432,
2460,seattle,1,0,osm_nodes,83,0.032299,0.2188,
2461,seattle,1,0,osm_nodes,80,0.032399,0.1826,
2462,seattle,1,0,osm_nodes,76,0.033546,0.1896,
2463,seattle,1,0,osm_nodes,71,0.032123,0.1998,
2464,seattle,1,0,osm_nodes,71,0.032847,0.1787,
2465,seattle,1,0,osm_nodes,75,0.033329,0.1792,
2466,seattle,1,0,osm_nodes,50,0.024479,0.2438,
2467,seattle,1,1,osm_nodes,76,0.032534,0.2232,
2468,seattle,1,0,osm_nodes,73,0.031827,0.1927,
2469,seattle,1,0,osm_nodes,70,0.032544,0.1819,
2470,seattle,1,1,osm_nodes,73,0.03164,0.228,
2471,seattle,1,0,osm_nodes,69,0.032656,0.1859,
2472,seattle,1,0,osm_nodes,47,0.028923,0.2483,
2473,seattle,1,0,osm_nodes,68,0.03119,0.2538,
2474,seattle,1,0,osm_nodes,71,0.031326,0.2519,
2475,seattle,1,1,osm_nodes,22,0.01663,0.1862,
2476,seattle,1,0,osm_nodes,57,0.029405,0.2536,
2477,seattle,1,0,osm_nodes,58,0.030123,0.2462,
2478,seattle,1,0,osm_nodes,58,0.029915,0.217,
2479,seattle,1,0,osm_nodes,61,0.030155,0.2101,
2480,seattle,1,0,osm_nodes,48,0.024138,0.2506,
2481,seattle,1,0,osm_nodes,44,0.024066,0.2531,
2482,seattle,1,0,osm_nodes,60,0.030402,0.2025,
2483,seattle,1,0,osm_nodes,64,0.030385,0.2052,
2484,seattle,1,0,osm_nodes,44,0.023982,0.2589,
2485,seattle,1,0,osm_nodes,58,0.030405,0.1933,
2486,seattle,1,0,osm_nodes,61,0.031532,0.2554,
2487,seattle,1,0,osm_nodes,63,0.0315,0.2659,
2488,seattle,1,0,osm_nodes,46,0.025932,0.2622,
2489,seattle,1,0,osm_nodes,49,0.027733,0.2623,
2490,seattle,1,0,osm_nodes,70,0.03139,0.2228,
2491,seattle,1,0,osm_nodes,71,0.029133,0.1717,
2492,seattle,1,0,osm_nodes,61,0.026271,0.1378,
2493,seattle,1,1,osm_nodes,38,0.023014,0.2223,
2494,seattle,1,0,osm_nodes,71,0.031835,0.2307,
2495,seattle,1,0,osm_nodes,69,0.033104,0.2414,
2496,seattle,1,0,osm_nodes,41,0.029313,0.2626,
2497,seattle,1,0,osm_nodes,44,0.029196,0.2319,
2498,seattle,1,0,osm_nodes,47,0.029786,0.2545,
2499,seattle,1,1,osm_nodes,10,0.008889,0.0916,
2500,seattle,1,0,osm_nodes,44,0.02718,0.2225,
2501,seattle,1,0,osm_nodes,72,0.032396,0.2096,
2502,seattle,1,0,osm_nodes,70,0.032357,0.2062,
2503,seattle,1,0,osm_nodes,76,0.030235,0.2239,
2504,seattle,1,0,osm_nodes,68,0.031869,0.2223,
2505,seattle,1,0,osm_nodes,77,0.029347,0.267,
2506,seattle,1,0,osm_nodes,70,0.032222,0.2237,
2507,seattle,1,0,osm_nodes,28,0.017431,0.2099,
2508,seattle,1,0,osm_nodes,30,0.017737,0.2087,
2509,seattle,1,0,osm_nodes,44,0.025027,0.2328,
2510,seattle,1,0,osm_nodes,47,0.024869,0.251,
2511,seattle,1,0,osm_nodes,52,0.02496,0.2398,
2512,seattle,1,0,osm_nodes,37,0.016949,0.1764,
2513,seattle,0,0,osm_nodes,43,0.014182,0.1455,
2514,seattle,1,0,osm_nodes,57,0.02382,0.2142,
2515,seattle,1,0,osm_nodes,43,0.024136,0.2579,
2516,seattle,1,0,osm_nodes,37,0.023266,0.2379,
2517,seattle,1,0,osm_nodes,90,0.024488,0.2794,
2518,seattle,1,0,osm_nodes,41,0.020672,0.2039,
2519,seattle,1,0,osm_nodes,43,0.020721,0.1773,
2520,seattle,1,0,osm_nodes,88,0.022752,0.216,
2521,seattle,1,0,osm_nodes,71,0.020184,0.1547,
2522,seattle,1,0,osm_nodes,87,0.022841,0.2269,
2523,seattle,1,0,osm_nodes,53,0.020522,0.2817,
2524,seattle,1,0,osm_nodes,31,0.021832,0.174,
2525,seattle,1,0,osm_nodes,68,0.019128,0.083,
2526,seattle,1,0,osm_nodes,65,0.019386,0.1284,
2527,seattle,1,0,osm_nodes,34,0.019483,0.1775,
2528,seattle,1,0,osm_nodes,33,0.022205,0.2053,
2529,seattle,1,0,osm_nodes,66,0.019123,0.1342,
2530,seattle,1,0,osm_nodes,62,0.021222,0.15,
2531,seattle,1,0,osm_nodes,53,0.020242,0.2858,
2532,seattle,1,0,osm_nodes,70,0.019305,0.1372,
2533,seattle,1,1,osm_nodes,40,0.01455,0.046,
2534,seattle,1,0,osm_nodes,64,0.018613,0.1462,
2535,seattle,1,0,osm_nodes,38,0.02123,0.1703,
2536,seattle,1,0,osm_nodes,46,0.015947,0.1529,
2537,seattle,1,0,osm_nodes,51,0.020868,0.2354,
2538,seattle,1,0,osm_nodes,40,0.017286,0.1342,
2539,seattle,1,0,osm_nodes,38,0.024098,0.1719,
2540,seattle,1,0,osm_nodes,34,0.023734,0.1691,
2541,seattle,1,0,osm_nodes,38,0.02398,0.1554,
2542,seattle,1,0,osm_nodes,36,0.02385,0.1085,
2543,seattle,1,0,osm_nodes,24,0.021436,0.2656,
2544,seattle,1,0,osm_nodes,40,0.021557,0.3384,
2545,seattle,1,1,osm_nodes,49,0.024897,0.4166,
2546,seattle,1,1,osm_nodes,48,0.025242,0.4239,
2547,seattle,1,0,osm_nodes,61,0.031145,0.2396,
2548,seattle,1,0,osm_nodes,58,0.03054,0.288,
2549,seattle,1,0,osm_nodes,67,0.034126,0.1973,
2550,seattle,1,0,osm_nodes,72,0.034179,0.1977,
2551,seattle,1,0,osm_nodes,47,0.022758,0.3067,
2552,seattle,1,1,osm_nodes,40,0.022852,0.2875,
2553,seattle,1,0,osm_nodes,27,0.022124,0.2835,
2554,seattle,1,1,osm_nodes,41,0.023574,0.3017,
2555,seattle,1,1,osm_nodes,45,0.024039,0.2325,
2556,seattle,1,0,osm_nodes,27,0.021532,0.2941,
2557,seattle,1,0,osm_nodes,44,0.027486,0.4058,
2558,seattle,1,0,osm_nodes,58,0.030713,0.2812,
2559,seattle,1,0,osm_nodes,60,0.030456,0.2648,
2560,seattle,1,0,osm_nodes,50,0.030609,0.3264,
2561,seattle,1,0,osm_nodes,57,0.030711,0.2816,
2562,seattle,1,0,osm_nodes,39,0.02144,0.2015,
2563,seattle,1,0,osm_nodes,41,0.022794,0.2266,
2564,seattle,1,1,osm_nodes,27,0.021768,0.3021,
2565,seattle,1,1,osm_nodes,27,0.021588,0.3032,
2566,seattle,1,1,osm_nodes,43,0.028737,0.3942,
2567,seattle,1,0,osm_nodes,40,0.02397,0.2186,
2568,seattle,1,0,osm_nodes,47,0.030157,0.2945,
2569,seattle,1,0,osm_nodes,56,0.030786,0.2628,
2570,seattle,1,0,osm_nodes,69,0.028537,0.2378,
2571,seattle,1,0,osm_nodes,45,0.02613,0.2655,
2572,seattle,1,0,osm_nodes,32,0.024848,0.2673,
2573,seattle,1,1,osm_nodes,56,0.026936,0.2759,
2574,seattle,1,0,osm_nodes,39,0.024073,0.2775,
2575,seattle,1,0,osm_nodes,32,0.025268,0.2399,
2576,seattle,1,1,osm_nodes,36,0.024133,0.2689,
2577,seattle,1,0,osm_nodes,35,0.023881,0.2826,
2578,seattle,1,1,osm_nodes,35,0.024279,0.2385,
2579,seattle,1,0,osm_nodes,36,0.023465,0.2718,
2580,seattle,1,0,osm_nodes,48,0.017809,0.1352,
2581,seattle,1,0,osm_nodes,35,0.023573,0.2729,
2582,seattle,1,0,osm_nodes,34,0.026532,0.2445,
2583,seattle,1,0,osm_nodes,35,0.02664,0.2477,
2584,seattle,1,0,osm_nodes,63,0.027486,0.1189,
2585,seattle,1,0,osm_nodes,36,0.02704,0.2452,
2586,seattle,1,0,osm_nodes,59,0.025806,0.1288,
2587,seattle,1,0,osm_nodes,56,0.026698,0.1196,
2588,seattle,1,0,osm_nodes,47,0.025157,0.1959,
2589,seattle,1,0,osm_nodes,58,0.0253,0.1245,
2590,seattle,1,0,osm_nodes,53,0.024185,0.1299,
2591,seattle,1,0,osm_nodes,42,0.023623,0.2216,
2592,seattle,1,0,osm_nodes,35,0.021563,0.2087,
2593,seattle,1,0,osm_nodes,44,0.024217,0.2862,
2594,seattle,1,0,osm_nodes,41,0.023045,0.2598,
2595,seattle,1,0,osm_nodes,42,0.020847,0.2871,
2596,seattle,1,0,osm_nodes,41,0.021361,0.2763,
2597,seattle,1,0,osm_nodes,42,0.020887,0.2892,
2598,seattle,1,0,osm_nodes,41,0.021338,0.2749,
2599,seattle,1,0,osm_nodes,20,0.016127,0.2558,
2600,seattle,1,1,osm_nodes,41,0.019247,0.0903,
2601,seattle,1,1,osm_nodes,67,0.020677,0.1866,
2602,seattle,1,1,osm_nodes,68,0.020787,0.1913,
2603,seattle,1,1,osm_nodes,46,0.017697,0.1147,
2604,seattle,1,0,osm_nodes,29,0.012333,0.2076,
2605,seattle,1,0,osm_nodes,20,0.01116,0.2283,
2606,seattle,1,0,osm_nodes,35,0.014897,0.1859,
2607,seattle,1,0,osm_nodes,33,0.022248,0.1969,
2608,seattle,1,0,osm_nodes,28,0.016675,0.1625,
2609,seattle,1,0,osm_nodes,33,0.022495,0.1815,
2610,seattle,1,0,osm_nodes,35,0.014346,0.1798,
2611,seattle,1,0,osm_nodes,40,0.017541,0.2226,
2612,seattle,1,0,osm_nodes,40,0.017387,0.2124,
2613,seattle,1,0,osm_nodes,18,0.010652,0.2182,
2614,seattle,1,0,osm_nodes,23,0.019343,0.1835,
2615,seattle,1,1,osm_nodes,19,0.018885,0.1624,
2616,seattle,1,0,osm_nodes,41,0.025079,0.1218,
2617,seattle,1,0,osm_nodes,47,0.020326,0.0926,
2618,seattle,1,0,osm_nodes,47,0.021935,0.1063,
2619,seattle,1,0,osm_nodes,57,0.024477,0.2582,
2620,seattle,1,0,osm_nodes,50,0.022302,0.1592,
2621,seattle,1,0,osm_nodes,51,0.022253,0.1555,
2622,seattle,1,0,osm_nodes,35,0.015842,0.161,
2623,seattle,1,0,osm_nodes,37,0.022061,0.2626,
2624,seattle,1,0,osm_nodes,36,0.022011,0.2532,
2625,seattle,1,0,osm_nodes,34,0.021795,0.2359,
2626,seattle,1,0,osm_nodes,36,0.02083,0.2867,
2627,seattle,1,0,osm_nodes,36,0.018484,0.1973,
2628,seattle,1,0,osm_nodes,38,0.019871,0.2431,
2629,seattle,1,0,osm_nodes,36,0.018396,0.1995,
2630,seattle,1,0,osm_nodes,62,0.019384,0.2354,
2631,seattle,1,0,osm_nodes,46,0.01897,0.1773,
2632,seattle,1,0,osm_nodes,70,0.018501,0.2219,
2633,seattle,1,0,osm_nodes,76,0.019315,0.2512,
2634,seattle,1,1,osm_nodes,44,0.023821,0.1781,
2635,seattle,1,0,osm_nodes,68,0.023235,0.3102,
2636,seattle,1,1,osm_nodes,49,0.022638,0.3035,
2637,seattle,1,0,osm_nodes,80,0.024014,0.3339,
2638,seattle,1,1,osm_nodes,72,0.021124,0.2864,
2639,seattle,1,1,osm_nodes,42,0.019854,0.3117,
2640,seattle,1,1,osm_nodes,49,0.019793,0.3978,
2641,seattle,1,1,osm_nodes,53,0.021598,0.419,
2642,seattle,1,1,osm_nodes,48,0.020508,0.409,
2643,seattle,1,0,osm_nodes,73,0.033996,0.4834,
2644,seattle,1,0,osm_nodes,89,0.023664,0.3028,
2645,seattle,1,0,osm_nodes,97,0.02366,0.3075,
2646,seattle,1,0,osm_nodes,85,0.023456,0.2643,
2647,seattle,1,0,osm_nodes,88,0.023442,0.2701,
2648,seattle,1,0,osm_nodes,85,0.023137,0.2423,
2649,seattle,1,0,osm_nodes,97,0.023106,0.2578,
2650,seattle,1,1,osm_nodes,44,0.018303,0.3461,
2651,seattle,1,1,osm_nodes,48,0.019057,0.3637,
2652,seattle,1,0,osm_nodes,66,0.028412,0.2864,
2653,seattle,1,0,osm_nodes,78,0.020118,0.1822,
2654,seattle,1,0,osm_nodes,73,0.019172,0.1784,
2655,seattle,1,1,osm_nodes,48,0.019398,0.2936,
2656,seattle,1,0,osm_nodes,69,0.018601,0.1521,
2657,seattle,1,1,osm_nodes,31,0.014536,0.1375,
2658,seattle,1,1,osm_nodes,32,0.014485,0.0913,
2659,seattle,1,0,osm_nodes,77,0.018304,0.1829,
2660,seattle,1,0,osm_nodes,48,0.025407,0.4283,
2661,seattle,1,0,osm_nodes,61,0.031909,0.2352,
2662,seattle,1,0,osm_nodes,61,0.031928,0.2395,
2663,seattle,1,1,osm_nodes,141,0.033128,0.1523,
2664,seattle,1,1,osm_nodes,138,0.031276,0.1224,
2665,seattle,1,0,osm_nodes,51,0.025008,0.3553,
2666,seattle,1,0,osm_nodes,64,0.017938,0.1183,
2667,seattle,1,1,osm_nodes,36,0.017276,0.2317,
2668,seattle,1,1,osm_nodes,62,0.028641,0.3257,
2669,seattle,1,1,osm_nodes,21,0.017734,0.0962,
2670,seattle,1,1,osm_nodes,53,0.020442,0.2148,
2671,seattle,1,1,osm_nodes,38,0.015614,0.1906,
2672,seattle,1,0,osm_nodes,54,0.027559,0.2916,
2673,seattle,1,0,osm_nodes,57,0.022471,0.2576,
2674,seattle,1,0,osm_nodes,51,0.020057,0.1783,
2675,seattle,1,0,osm_nodes,59,0.023525,0.2847,
2676,seattle,1,0,osm_nodes,59,0.023197,0.2661,
2677,seattle,1,0,osm_nodes,55,0.023143,0.237,
2678,seattle,1,1,osm_nodes,63,0.026556,0.3076,
2679,seattle,1,0,osm_nodes,41,0.025469,0.34,
2680,seattle,1,0,osm_nodes,43,0.026142,0.3593,
2681,seattle,1,0,osm_nodes,43,0.026414,0.3397,
2682,seattle,1,0,osm_nodes,43,0.027175,0.3645,
2683,seattle,1,0,osm_nodes,44,0.026114,0.3684,
2684,seattle,1,1,osm_nodes,32,0.019418,0.1874,
2685,seattle,1,1,osm_nodes,24,0.01481,0.1908,
2686,seattle,1,1,osm_nodes,22,0.0137,0.2223,
2687,seattle,1,0,osm_nodes,24,0.016883,0.2733,
2688,seattle,1,0,osm_nodes,26,0.014305,0.2575,
2689,seattle,1,0,osm_nodes,30,0.022328,0.3395,
2690,seattle,1,0,osm_nodes,32,0.01732,0.2887,
2691,seattle,1,0,osm_nodes,24,0.010909,0.2539,
2692,seattle,1,0,osm_nodes,9,0.013956,0.1221,
2693,seattle,1,0,osm_nodes,8,0.013004,0.1051,
2694,seattle,1,0,osm_nodes,20,0.020455,0.3367,
2695,seattle,1,0,osm_nodes,30,0.023776,0.3632,
2696,seattle,1,0,osm_nodes,30,0.024827,0.323,
2697,seattle,1,0,osm_nodes,30,0.025399,0.2798,
2698,seattle,1,0,osm_nodes,16,0.006761,0.2972,
2699,seattle,1,0,osm_nodes,20,0.00948,0.1198,
2700,seattle,1,0,osm_nodes,19,0.009031,0.2271,
2701,seattle,1,0,osm_nodes,41,0.027017,0.2034,
2702,seattle,1,0,osm_nodes,33,0.020498,0.3125,
2703,seattle,1,0,osm_nodes,21,0.011639,0.1986,
2704,seattle,1,0,osm_nodes,23,0.014675,0.2578,
2705,seattle,1,0,osm_nodes,41,0.02553,0.2523,
2706,seattle,1,0,osm_nodes,29,0.01166,0.3127,
2707,seattle,1,0,osm_nodes,20,0.015404,0.1024,
2708,seattle,1,0,osm_nodes,21,0.015864,0.1132,
2709,seattle,1,0,osm_nodes,11,0.009529,0.0069,
2710,seattle,1,0,osm_nodes,35,0.021921,0.2787,
2711,seattle,1,0,osm_nodes,23,0.013647,0.123,
2712,seattle,1,0,osm_nodes,49,0.022689,0.3222,
2713,seattle,1,0,osm_nodes,22,0.015487,0.1903,
2714,seattle,1,0,osm_nodes,26,0.017172,0.2822,
2715,seattle,1,0,osm_nodes,41,0.018381,0.0799,
2716,seattle,1,0,osm_nodes,26,0.015096,0.1832,
2717,seattle,1,1,osm_nodes,32,0.019961,0.1252,
2718,seattle,1,1,osm_nodes,32,0.020054,0.1234,
2719,seattle,1,0,osm_nodes,38,0.016677,0.0441,
2720,seattle,1,1,osm_nodes,25,0.01689,0.1679,
2721,seattle,1,1,osm_nodes,21,0.015799,0.1845,
2722,seattle,1,1,osm_nodes,45,0.019864,0.0893,
2723,seattle,1,1,osm_nodes,44,0.018015,0.0681,
2724,seattle,1,1,osm_nodes,51,0.020591,0.1038,
2725,seattle,1,0,osm_nodes,24,0.01508,0.137,
2726,seattle,1,0,osm_nodes,40,0.018181,0.2171,
2727,seattle,1,0,osm_nodes,48,0.02345,0.282,
2728,seattle,1,1,osm_nodes,47,0.023285,0.2806,
2729,seattle,1,0,osm_nodes,38,0.018706,0.1594,
2730,seattle,1,0,osm_nodes,43,0.026081,0.4768,
2731,seattle,1,0,osm_nodes,47,0.028553,0.4424,
2732,seattle,1,0,osm_nodes,44,0.027546,0.4406,
2733,seattle,1,0,osm_nodes,21,0.010847,0.082,
2734,seattle,1,1,osm_nodes,44,0.026368,0.3971,
2735,seattle,1,1,osm_nodes,45,0.026572,0.3893,
2736,seattle,1,0,osm_nodes,27,0.014444,0.2232,
2737,seattle,1,0,osm_nodes,38,0.02258,0.1061,
2738,seattle,1,0,osm_nodes,51,0.021996,0.3242,
2739,seattle,1,0,osm_nodes,46,0.017703,0.3422,
2740,seattle,1,1,osm_nodes,42,0.025124,0.1443,
2741,seattle,1,1,osm_nodes,42,0.025288,0.1443,
2742,seattle,1,1,osm_nodes,46,0.025269,0.1376,
2743,seattle,1,0,osm_nodes,25,0.018554,0.1489,
2744,seattle,1,0,osm_nodes,23,0.00689,0.2448,
2745,seattle,1,0,osm_nodes,63,0.026655,0.3782,
2746,seattle,1,0,osm_nodes,63,0.026706,0.3775,
2747,seattle,1,0,osm_nodes,65,0.027766,0.3894,
2748,seattle,1,0,osm_nodes,46,0.02013,0.2532,
2749,seattle,1,0,osm_nodes,24,0.023316,0.2398,
2750,seattle,1,0,osm_nodes,23,0.022838,0.2649,
2751,seattle,1,0,osm_nodes,24,0.023139,0.2381,
2752,seattle,1,0,osm_nodes,55,0.025555,0.3948,
2753,seattle,1,0,osm_nodes,21,0.022066,0.2369,
2754,seattle,1,0,osm_nodes,22,0.022299,0.2564,
2755,seattle,1,0,osm_nodes,23,0.02252,0.2565,
2756,seattle,1,0,osm_nodes,24,0.023143,0.2432,
2757,seattle,1,0,osm_nodes,28,0.024707,0.289,
2758,seattle,1,0,osm_nodes,29,0.020984,0.2081,
2759,seattle,1,0,osm_nodes,29,0.020803,0.2103,
2760,seattle,1,1,osm_nodes,30,0.022317,0.1295,
2761,seattle,1,0,osm_nodes,26,0.024759,0.2941,
2762,seattle,1,0,osm_nodes,17,0.016893,0.2041,
2763,seattle,1,0,osm_nodes,7,0.00662,0.0683,
2764,seattle,1,0,osm_nodes,31,0.023854,0.2391,
2765,seattle,1,1,osm_nodes,35,0.022045,0.2423,
2766,seattle,1,1,osm_nodes,35,0.021738,0.2297,
2767,seattle,1,0,osm_nodes,32,0.018733,0.2119,
2768,seattle,1,0,osm_nodes,30,0.017703,0.2047,
2769,seattle,1,0,osm_nodes,25,0.022905,0.2097,
2770,seattle,1,0,osm_nodes,28,0.024547,0.2436,
2771,seattle,1,0,osm_nodes,25,0.022035,0.2435,
2772,seattle,1,0,osm_nodes,30,0.017983,0.2091,
2773,seattle,1,0,osm_nodes,45,0.024464,0.2428,
2774,seattle,1,0,osm_nodes,31,0.016338,0.217,
2775,seattle,1,0,osm_nodes,30,0.022435,0.2303,
2776,seattle,1,0,osm_nodes,32,0.025958,0.2503,
2777,seattle,1,0,osm_nodes,44,0.021138,0.2566,
2778,seattle,1,0,osm_nodes,29,0.023512,0.2527,
2779,seattle,1,0,osm_nodes,34,0.023145,0.2037,
2780,seattle,1,0,osm_nodes,34,0.022649,0.2013,
2781,seattle,0,0,osm_nodes,19,0.009075,0.1781,
2782,seattle,1,0,osm_nodes,39,0.029017,0.2514,
2783,seattle,1,0,osm_nodes,22,0.020992,0.29,
2784,seattle,1,0,osm_nodes,39,0.028397,0.2813,
2785,seattle,1,0,osm_nodes,37,0.027123,0.2988,
2786,seattle,1,0,osm_nodes,21,0.022201,0.2871,
2787,seattle,1,0,osm_nodes,21,0.022286,0.2859,
2788,seattle,1,0,osm_nodes,42,0.015091,0.2148,
2789,seattle,1,0,osm_nodes,41,0.017682,0.2862,
2790,seattle,1,0,osm_nodes,29,0.017122,0.1599,
2791,seattle,0,0,osm_nodes,42,0.018023,0.2158,
2792,seattle,1,1,osm_nodes,42,0.018823,0.1842,
2793,seattle,1,0,osm_nodes,32,0.027299,0.2705,
2794,seattle,1,1,osm_nodes,33,0.026601,0.2298,
2795,seattle,1,0,osm_nodes,18,0.016213,0.1172,
2796,seattle,1,0,osm_nodes,40,0.026218,0.3323,
2797,seattle,1,0,osm_nodes,18,0.018793,0.2675,
2798,seattle,1,1,osm_nodes,25,0.022909,0.3343,
2799,seattle,1,1,osm_nodes,25,0.023232,0.327,
2800,seattle,1,0,osm_nodes,40,0.0262,0.3325,
2801,seattle,1,1,osm_nodes,25,0.023219,0.3274,
2802,seattle,1,0,osm_nodes,29,0.024994,0.2907,
2803,seattle,1,1,osm_nodes,31,0.022695,0.1835,
2804,seattle,1,1,osm_nodes,31,0.020603,0.1746,
2805,seattle,1,1,osm_nodes,42,0.025677,0.1741,
2806,seattle,1,0,osm_nodes,42,0.025027,0.226,
2807,seattle,1,0,osm_nodes,43,0.026358,0.3007,
2808,seattle,1,1,osm_nodes,44,0.027492,0.2522,
2809,seattle,1,0,osm_nodes,43,0.025517,0.2169,
2810,seattle,1,0,osm_nodes,58,0.029232,0.242,
2811,seattle,1,0,osm_nodes,45,0.023999,0.2083,
2812,seattle,1,0,osm_nodes,22,0.016328,0.1569,
2813,seattle,1,0,osm_nodes,27,0.02347,0.3099,
2814,seattle,1,0,osm_nodes,31,0.017632,0.1887,
2815,seattle,1,0,osm_nodes,21,0.015044,0.0871,
2816,seattle,1,0,osm_nodes,27,0.02238,0.277,
2817,seattle,1,0,osm_nodes,41,0.026057,0.248,
2818,seattle,1,0,osm_nodes,49,0.024056,0.1193,
2819,seattle,1,0,osm_nodes,36,0.025591,0.2445,
2820,seattle,1,0,osm_nodes,55,0.02427,0.1276,
2821,seattle,1,0,osm_nodes,41,0.026201,0.2449,
2822,seattle,1,0,osm_nodes,35,0.02429,0.2927,
2823,seattle,1,0,osm_nodes,35,0.02389,0.3305,
2824,seattle,1,0,osm_nodes,24,0.012681,0.2138,
2825,seattle,1,0,osm_nodes,20,0.011874,0.1901,
2826,seattle,1,0,osm_nodes,30,0.019803,0.1753,
2827,seattle,1,0,osm_nodes,31,0.020373,0.1659,
2828,seattle,1,0,osm_nodes,34,0.023866,0.1523,
2829,seattle,1,0,osm_nodes,37,0.027698,0.2174,
2830,seattle,1,0,osm_nodes,14,0.011074,0.1546,
2831,seattle,1,0,osm_nodes,36,0.021306,0.1752,
2832,seattle,1,0,osm_nodes,35,0.018186,0.1453,
2833,seattle,1,0,osm_nodes,35,0.018218,0.1414,
2834,seattle,1,0,osm_nodes,23,0.019689,0.0429,
2835,seattle,1,0,osm_nodes,34,0.022275,0.2352,
2836,seattle,1,0,osm_nodes,22,0.015659,0.1798,
2837,seattle,1,1,osm_nodes,34,0.02599,0.1897,
2838,seattle,1,0,osm_nodes,29,0.016651,0.0913,
2839,seattle,1,0,osm_nodes,30,0.019515,0.0958,
2840,seattle,1,0,osm_nodes,34,0.022356,0.2266,
2841,seattle,1,1,osm_nodes,33,0.025398,0.1656,
2842,seattle,1,1,osm_nodes,28,0.02157,0.1311,
2843,seattle,1,1,osm_nodes,27,0.022846,0.1109,
2844,seattle,1,0,osm_nodes,27,0.023789,0.0519,
2845,seattle,1,0,osm_nodes,26,0.020073,0.1843,
2846,seattle,1,0,osm_nodes,26,0.016093,0.1353,
2847,seattle,1,0,osm_nodes,32,0.023777,0.0811,
2848,seattle,1,0,osm_nodes,37,0.022553,0.1158,
2849,seattle,1,0,osm_nodes,36,0.022337,0.1093,
2850,seattle,1,0,osm_nodes,28,0.019004,0.0631,
2851,seattle,1,0,osm_nodes,27,0.02805,0.2092,
2852,seattle,1,0,osm_nodes,29,0.025376,0.1986,
2853,seattle,1,0,osm_nodes,22,0.017708,0.0329,
2854,seattle,1,0,osm_nodes,21,0.016824,0.2195,
2855,seattle,1,0,osm_nodes,25,0.021307,0.2225,
2856,seattle,1,0,osm_nodes,26,0.022198,0.2277,
2857,seattle,1,0,osm_nodes,25,0.021133,0.2248,
2858,seattle,1,0,osm_nodes,39,0.021174,0.2158,
2859,seattle,1,0,osm_nodes,42,0.025342,0.0979,
2860,seattle,1,0,osm_nodes,41,0.025332,0.0979,
2861,seattle,1,0,osm_nodes,29,0.014723,0.1978,
2862,seattle,1,0,osm_nodes,33,0.021768,0.2462,
2863,seattle,1,0,osm_nodes,30,0.015803,0.2066,
2864,seattle,1,0,osm_nodes,19,0.018266,0.2271,
2865,seattle,1,0,osm_nodes,43,0.01687,0.2241,
2866,seattle,1,0,osm_nodes,29,0.012535,0.223,
2867,seattle,1,0,osm_nodes,40,0.020389,0.251,
2868,seattle,1,0,osm_nodes,45,0.020853,0.3609,
2869,seattle,1,0,osm_nodes,50,0.02166,0.5241,
2870,seattle,1,0,osm_nodes,27,0.013339,0.1932,
2871,seattle,1,0,osm_nodes,26,0.013402,0.1929,
2872,seattle,1,0,osm_nodes,64,0.019925,0.0045,
2873,seattle,0,0,osm_nodes,60,0.019356,0.0244,
2874,seattle,1,0,osm_nodes,50,0.016216,0.0817,
2875,seattle,0,0,osm_nodes,56,0.017761,0.0154,
2876,seattle,1,0,osm_nodes,28,0.014996,0.1912,
2877,seattle,1,0,osm_nodes,45,0.016184,0.6712,
2878,seattle,1,0,osm_nodes,44,0.015846,0.6646,
2879,seattle,1,0,osm_nodes,60,0.025151,0.1551,
2880,seattle,1,0,osm_nodes,62,0.011484,0.1777,
2881,seattle,1,0,osm_nodes,44,0.013591,0.6466,
2882,seattle,1,1,osm_nodes,56,0.02584,0.1472,
2883,seattle,1,0,osm_nodes,58,0.024835,0.1468,
2884,seattle,1,0,osm_nodes,57,0.013679,0.6029,
2885,seattle,1,0,osm_nodes,60,0.01382,0.6259,
2886,seattle,1,0,osm_nodes,56,0.025773,0.0915,
2887,seattle,1,0,osm_nodes,40,0.026675,0.292,
2888,seattle,1,0,osm_nodes,66,0.025032,0.2859,
2889,seattle,1,0,osm_nodes,60,0.028752,0.1412,
2890,seattle,1,0,osm_nodes,61,0.026879,0.02,
2891,seattle,1,0,osm_nodes,60,0.028082,0.0135,
2892,seattle,1,1,osm_nodes,71,0.019745,0.5198,
2893,seattle,1,0,osm_nodes,39,0.017773,0.2522,
2894,seattle,1,0,osm_nodes,39,0.01823,0.2121,
2895,seattle,1,0,osm_nodes,52,0.023939,0.0362,
2896,seattle,1,1,osm_nodes,73,0.020665,0.4782,
2897,seattle,1,0,osm_nodes,42,0.019842,0.116,
2898,seattle,1,0,osm_nodes,38,0.019709,0.1347,
2899,seattle,1,0,osm_nodes,38,0.019127,0.1605,
2900,seattle,1,0,osm_nodes,39,0.018795,0.3337,
2901,seattle,1,0,osm_nodes,74,0.024221,0.2381,
2902,seattle,1,0,osm_nodes,45,0.022147,0.0654,
2903,seattle,1,0,osm_nodes,73,0.024748,0.33,
2904,seattle,1,1,osm_nodes,69,0.030199,0.2193,
2905,seattle,1,0,osm_nodes,29,0.022153,0.248,
2906,seattle,1,0,osm_nodes,30,0.021942,0.2423,
2907,seattle,1,0,osm_nodes,37,0.024325,0.2641,
2908,seattle,1,0,osm_nodes,32,0.023052,0.2317,
2909,seattle,1,0,osm_nodes,31,0.022728,0.2398,
2910,seattle,1,0,osm_nodes,36,0.023855,0.2405,
2911,seattle,1,0,osm_nodes,34,0.023625,0.226,
2912,seattle,1,0,osm_nodes,20,0.015883,0.2211,
2913,seattle,1,0,osm_nodes,28,0.021817,0.2691,
2914,seattle,1,0,osm_nodes,23,0.021389,0.2468,
2915,seattle,1,0,osm_nodes,28,0.021759,0.0979,
2916,seattle,1,0,osm_nodes,38,0.020126,0.0,
2917,seattle,1,0,osm_nodes,31,0.017751,0.2179,
2918,seattle,1,0,osm_nodes,32,0.018162,0.0743,
2919,seattle,1,0,osm_nodes,32,0.018178,0.1011,
2920,seattle,1,0,osm_nodes,32,0.01849,0.1729,
2921,seattle,1,0,osm_nodes,14,0.016155,0.2753,
2922,seattle,1,0,osm_nodes,16,0.014837,0.222,
2923,seattle,1,0,osm_nodes,14,0.015509,0.0,
2924,seattle,1,1,osm_nodes,31,0.015768,0.0343,
2925,seattle,1,0,osm_nodes,28,0.019471,0.101,
2926,seattle,1,0,osm_nodes,32,0.020951,0.1284,
2927,seattle,1,0,osm_nodes,19,0.013955,0.0,
2928,seattle,1,0,osm_nodes,39,0.013192,0.1343,
2929,seattle,1,1,osm_nodes,67,0.028605,0.1888,
2930,seattle,1,0,osm_nodes,64,0.026386,0.1533,
2931,seattle,1,0,osm_nodes,60,0.024605,0.1369,
2932,seattle,1,0,osm_nodes,43,0.017718,0.207,
2933,seattle,1,0,osm_nodes,53,0.017253,0.2077,
2934,seattle,1,0,osm_nodes,55,0.017599,0.1926,
2935,seattle,1,1,osm_nodes,41,0.013106,0.239,
2936,seattle,1,1,osm_nodes,43,0.011753,0.19,
2937,seattle,1,1,osm_nodes,48,0.012982,0.2024,
2938,seattle,1,0,osm_nodes,39,0.01072,0.1315,
2939,seattle,1,0,osm_nodes,33,0.016922,0.1906,
2940,seattle,1,1,osm_nodes,46,0.014348,0.201,
2941,seattle,0,0,osm_nodes,38,0.008601,0.1306,
2942,seattle,1,0,osm_nodes,56,0.025741,0.265,
2943,seattle,1,0,osm_nodes,57,0.025895,0.2704,
2944,seattle,1,0,osm_nodes,56,0.02557,0.2714,
2945,seattle,1,0,osm_nodes,45,0.021073,0.1611,
2946,seattle,1,0,osm_nodes,44,0.021233,0.1792,
2947,seattle,1,0,osm_nodes,72,0.019632,0.2251,
2948,seattle,1,0,osm_nodes,63,0.025384,0.2219,
2949,seattle,1,0,osm_nodes,77,0.020623,0.2238,
2950,seattle,1,0,osm_nodes,32,0.017182,0.105,
2951,seattle,1,0,osm_nodes,78,0.025967,0.2227,
2952,seattle,1,0,osm_nodes,56,0.030457,0.2477,
2953,seattle,1,0,osm_nodes,54,0.029828,0.2507,
2954,seattle,1,0,osm_nodes,53,0.030701,0.238,
2955,seattle,1,0,osm_nodes,55,0.02991,0.2389,
2956,seattle,1,0,osm_nodes,75,0.027093,0.2202,
2957,seattle,1,0,osm_nodes,78,0.026283,0.2175,
2958,seattle,1,0,osm_nodes,62,0.018252,0.1889,
2959,seattle,1,0,osm_nodes,31,0.007476,0.1951,
2960,seattle,1,0,osm_nodes,36,0.025376,0.1449,
2961,seattle,1,0,osm_nodes,51,0.030869,0.2405,
2962,seattle,1,0,osm_nodes,29,0.023462,0.1072,
2963,seattle,1,0,osm_nodes,49,0.031506,0.2239,
2964,seattle,1,0,osm_nodes,63,0.027745,0.2153,
2965,seattle,1,0,osm_nodes,23,0.015978,0.0072,
2966,seattle,1,0,osm_nodes,16,0.011596,0.0912,
2967,seattle,1,1,osm_nodes,65,0.029988,0.2107,
2968,seattle,1,1,osm_nodes,56,0.028759,0.215,
2969,seattle,1,0,osm_nodes,50,0.031431,0.2118,
2970,seattle,1,1,osm_nodes,61,0.030663,0.2155,
2971,seattle,1,0,osm_nodes,30,0.020123,0.2485,
2972,seattle,0,0,osm_nodes,51,0.016001,0.091,
2973,seattle,1,0,osm_nodes,46,0.019048,0.0412,
2974,seattle,1,0,osm_nodes,53,0.019077,0.0719,
2975,seattle,1,1,osm_nodes,64,0.023516,0.177,
2976,seattle,1,0,osm_nodes,37,0.014074,0.2278,
2977,seattle,1,0,osm_nodes,63,0.022859,0.1807,
2978,seattle,1,0,osm_nodes,61,0.023896,0.1848,
2979,seattle,1,1,osm_nodes,39,0.014868,0.1542,
2980,seattle,1,1,osm_nodes,40,0.014451,0.2173,
2981,seattle,1,0,osm_nodes,81,0.025412,0.1914,
2982,seattle,1,0,osm_nodes,66,0.025809,0.2319,
2983,seattle,1,0,osm_nodes,38,0.012919,0.2331,
2984,seattle,1,0,osm_nodes,74,0.026971,0.1407,
2985,seattle,1,0,osm_nodes,48,0.02472,0.2515,
2986,seattle,1,0,osm_nodes,14,0.007526,0.1921,
2987,seattle,1,0,osm_nodes,68,0.026652,0.24,
2988,seattle,1,0,osm_nodes,33,0.018263,0.208,
2989,seattle,1,0,osm_nodes,40,0.019642,0.2031,
2990,seattle,1,0,osm_nodes,18,0.008104,0.2517,
2991,seattle,1,1,osm_nodes,27,0.01224,0.233,
2992,seattle,0,1,osm_nodes,27,0.012267,0.1396,
2993,seattle,1,1,osm_nodes,33,0.012462,0.2018,
2994,seattle,1,0,osm_nodes,23,0.014055,0.0523,
2995,seattle,1,0,osm_nodes,39,0.01309,0.4081,
2996,seattle,1,0,osm_nodes,32,0.012924,0.2446,
2997,seattle,1,1,osm_nodes,12,0.011287,0.1213,
2998,seattle,1,1,osm_nodes,12,0.01127,0.1483,
2999,seattle,1,0,osm_nodes,37,0.022681,0.268,
3000,seattle,1,0,osm_nodes,41,0.02416,0.2164,
3001,seattle,1,0,osm_nodes,30,0.012685,0.2765,
3002,seattle,1,0,osm_nodes,36,0.022494,0.2575,
3003,seattle,1,0,osm_nodes,25,0.021121,0.2377,
3004,seattle,1,0,osm_nodes,26,0.021265,0.2427,
3005,seattle,1,0,osm_nodes,8,0.005611,0.005,
3006,seattle,1,0,osm_nodes,28,0.021368,0.2494,
3007,seattle,1,0,osm_nodes,34,0.022169,0.2664,
3008,seattle,1,0,osm_nodes,27,0.02133,0.251,
3009,seattle,1,0,osm_nodes,35,0.022325,0.2674,
3010,seattle,1,0,osm_nodes,28,0.011882,0.2826,
3011,seattle,1,0,osm_nodes,23,0.013527,0.2049,
3012,seattle,1,0,osm_nodes,41,0.022286,0.2216,
3013,seattle,1,0,osm_nodes,42,0.02266,0.2181,
3014,seattle,1,0,osm_nodes,48,0.02235,0.2202,
3015,seattle,1,0,osm_nodes,39,0.019427,0.2933,
3016,seattle,1,0,osm_nodes,27,0.013585,0.2004,
3017,seattle,1,0,osm_nodes,43,0.01246,0.2473,
3018,seattle,0,0,osm_nodes,49,0.014868,0.1302,
3019,seattle,0,0,osm_nodes,50,0.015058,0.1485,
3020,seattle,0,0,osm_nodes,54,0.016281,0.1815,
3021,seattle,1,1,osm_nodes,107,0.035645,0.305,
3022,seattle,1,0,osm_nodes,57,0.02495,0.3057,
3023,seattle,1,0,osm_nodes,54,0.023621,0.3231,
3024,seattle,1,0,osm_nodes,93,0.035184,0.4071,
3025,seattle,1,0,osm_nodes,102,0.03459,0.2447,
3026,seattle,1,0,osm_nodes,57,0.022296,0.1233,
3027,seattle,1,0,osm_nodes,56,0.026369,0.3968,
3028,seattle,1,0,osm_nodes,53,0.019415,0.1223,
3029,seattle,1,0,osm_nodes,55,0.019605,0.1299,
3030,seattle,1,0,osm_nodes,113,0.035714,0.3498,
3031,seattle,1,0,osm_nodes,87,0.033923,0.4379,
3032,seattle,1,0,osm_nodes,91,0.034487,0.3492,
3033,seattle,1,0,osm_nodes,69,0.027634,0.5134,
3034,seattle,0,0,osm_nodes,50,0.022256,0.1482,
3035,seattle,1,1,osm_nodes,50,0.024788,0.4127,
3036,seattle,1,0,osm_nodes,67,0.02646,0.2636,
3037,seattle,1,0,osm_nodes,69,0.025522,0.2481,
3038,seattle,1,0,osm_nodes,56,0.019916,0.0578,
3039,seattle,1,1,osm_nodes,47,0.024753,0.4614,
3040,seattle,1,1,osm_nodes,56,0.025017,0.3278,
3041,seattle,1,0,osm_nodes,71,0.027085,0.324,
3042,seattle,1,0,osm_nodes,77,0.0276,0.245,
3043,seattle,1,0,osm_nodes,41,0.025247,0.401,
3044,seattle,1,0,osm_nodes,45,0.025794,0.632,
3045,seattle,1,0,osm_nodes,44,0.014161,0.2748,
3046,seattle,1,0,osm_nodes,71,0.025591,0.4556,
3047,seattle,1,1,osm_nodes,47,0.024857,0.4804,
3048,seattle,1,0,osm_nodes,42,0.015058,0.3081,
3049,seattle,1,0,osm_nodes,40,0.015316,0.1556,
3050,seattle,1,0,osm_nodes,44,0.020723,0.4926,
3051,seattle,1,1,osm_nodes,53,0.023588,0.4464,
3052,seattle,1,1,osm_nodes,52,0.024402,0.4531,
3053,seattle,1,0,osm_nodes,63,0.022947,0.2881,
3054,seattle,0,0,osm_nodes,27,0.008154,0.2056,
3055,seattle,1,1,osm_nodes,51,0.023151,0.4282,
3056,seattle,1,1,osm_nodes,51,0.023114,0.426,
3057,seattle,1,0,osm_nodes,56,0.022914,0.3727,
3058,seattle,1,0,osm_nodes,53,0.021511,0.3483,
3059,seattle,1,0,osm_nodes,42,0.015815,0.1726,
3060,seattle,1,0,osm_nodes,56,0.027427,0.3403,
3061,seattle,1,0,osm_nodes,41,0.016557,0.1905,
3062,seattle,1,0,osm_nodes,28,0.025169,0.0888,
3063,seattle,1,0,osm_nodes,48,0.02381,0.2825,
3064,seattle,1,0,osm_nodes,41,0.020955,0.4568,
3065,seattle,1,0,osm_nodes,54,0.026215,0.3194,
3066,seattle,1,0,osm_nodes,47,0.022279,0.349,
3067,seattle,1,0,osm_nodes,43,0.022769,0.2789,
3068,seattle,1,1,osm_nodes,52,0.022007,0.3244,
3069,seattle,1,1,osm_nodes,51,0.022323,0.297,
3070,seattle,1,0,osm_nodes,46,0.019974,0.2905,
3071,seattle,1,0,osm_nodes,52,0.0251,0.52,
3072,seattle,1,0,osm_nodes,51,0.025175,0.517,
3073,seattle,1,1,osm_nodes,56,0.02323,0.3124,
3074,seattle,1,0,osm_nodes,71,0.032402,0.5259,
3075,seattle,1,1,osm_nodes,70,0.028876,0.3609,
3076,seattle,1,0,osm_nodes,53,0.027437,0.3624,
3077,seattle,1,0,osm_nodes,46,0.021451,0.3963,
3078,seattle,1,0,osm_nodes,66,0.027486,0.3022,
3079,seattle,1,0,osm_nodes,66,0.027036,0.3242,
3080,seattle,1,0,osm_nodes,56,0.029366,0.3211,
3081,seattle,1,0,osm_nodes,66,0.030196,0.2947,
3082,seattle,1,0,osm_nodes,61,0.02851,0.3426,
3083,seattle,1,0,osm_nodes,64,0.030083,0.3235,
3084,seattle,1,0,osm_nodes,66,0.02959,0.3308,
3085,seattle,1,0,osm_nodes,62,0.029444,0.4366,
3086,seattle,1,0,osm_nodes,60,0.029494,0.4154,
3087,seattle,1,1,osm_nodes,57,0.022899,0.2763,
3088,seattle,1,1,osm_nodes,58,0.025003,0.3079,
3089,seattle,1,0,osm_nodes,49,0.019407,0.1083,
3090,seattle,1,0,osm_nodes,60,0.031988,0.3935,
3091,seattle,1,0,osm_nodes,54,0.028167,0.361,
3092,seattle,1,0,osm_nodes,62,0.032061,0.388,
3093,seattle,1,0,osm_nodes,54,0.025728,0.3831,
3094,seattle,1,0,osm_nodes,59,0.03064,0.2825,
3095,seattle,1,0,osm_nodes,56,0.030517,0.3915,
3096,seattle,1,0,osm_nodes,50,0.027785,0.3184,
3097,seattle,1,0,osm_nodes,55,0.030295,0.3884,
3098,seattle,1,0,osm_nodes,58,0.030891,0.4198,
3099,seattle,1,0,osm_nodes,46,0.026928,0.2734,
3100,seattle,1,0,osm_nodes,50,0.02812,0.3081,
3101,seattle,1,0,osm_nodes,62,0.027487,0.3112,
3102,seattle,1,0,osm_nodes,53,0.021818,0.1628,
3103,seattle,1,0,osm_nodes,51,0.022847,0.1773,
3104,seattle,1,0,osm_nodes,59,0.023875,0.2405,
3105,seattle,1,0,osm_nodes,60,0.021185,0.2518,
3106,seattle,1,0,osm_nodes,51,0.027169,0.3585,
3107,seattle,1,0,osm_nodes,48,0.026865,0.2086,
3108,seattle,1,0,osm_nodes,57,0.031977,0.2632,
3109,seattle,1,0,osm_nodes,80,0.027475,0.2733,
3110,seattle,1,0,osm_nodes,54,0.028221,0.3347,
3111,seattle,1,0,osm_nodes,72,0.025979,0.2805,
3112,seattle,1,0,osm_nodes,55,0.031957,0.2889,
3113,seattle,1,0,osm_nodes,39,0.025372,0.2832,
3114,seattle,1,0,osm_nodes,45,0.027419,0.1892,
3115,seattle,1,0,osm_nodes,51,0.024807,0.2375,
3116,seattle,1,0,osm_nodes,57,0.029064,0.2015,
3117,seattle,1,0,osm_nodes,51,0.027668,0.1458,
3118,seattle,1,0,osm_nodes,50,0.027485,0.1523,
3119,seattle,1,0,osm_nodes,65,0.026652,0.2711,
3120,seattle,1,0,osm_nodes,48,0.027598,0.2388,
3121,seattle,1,0,osm_nodes,57,0.029396,0.3042,
3122,seattle,1,0,osm_nodes,65,0.030988,0.1978,
3123,seattle,1,0,osm_nodes,33,0.02833,0.3261,
3124,seattle,1,0,osm_nodes,52,0.028382,0.2612,
3125,seattle,1,0,osm_nodes,53,0.028565,0.2609,
3126,seattle,1,0,osm_nodes,46,0.028452,0.2488,
3127,seattle,1,0,osm_nodes,47,0.024645,0.3175,
3128,seattle,1,0,osm_nodes,51,0.028389,0.2535,
3129,seattle,1,0,osm_nodes,73,0.030884,0.1551,
3130,seattle,1,0,osm_nodes,52,0.028214,0.2552,
3131,seattle,1,0,osm_nodes,44,0.026724,0.2398,
3132,seattle,1,0,osm_nodes,52,0.028012,0.251,
3133,seattle,1,0,osm_nodes,44,0.0278,0.1438,
3134,seattle,1,1,osm_nodes,46,0.027525,0.2799,
3135,seattle,1,0,osm_nodes,65,0.026355,0.2405,
3136,seattle,1,0,osm_nodes,40,0.023298,0.2589,
3137,seattle,1,0,osm_nodes,40,0.023265,0.2583,
3138,seattle,1,0,osm_nodes,56,0.024362,0.2487,
3139,seattle,1,0,osm_nodes,47,0.026011,0.237,
3140,seattle,1,0,osm_nodes,41,0.02406,0.3203,
3141,seattle,1,0,osm_nodes,52,0.02932,0.2128,
3142,seattle,1,0,osm_nodes,56,0.027961,0.2177,
3143,seattle,1,1,osm_nodes,39,0.02295,0.3408,
3144,seattle,1,1,osm_nodes,34,0.023415,0.3585,
3145,seattle,1,0,osm_nodes,65,0.029713,0.2083,
3146,seattle,1,0,osm_nodes,53,0.029688,0.2206,
3147,seattle,1,0,osm_nodes,62,0.030084,0.2214,
3148,seattle,1,0,osm_nodes,51,0.018883,0.2035,
3149,seattle,1,0,osm_nodes,45,0.025708,0.3508,
3150,seattle,1,0,osm_nodes,46,0.025639,0.3475,
3151,seattle,1,0,osm_nodes,46,0.02483,0.2114,
3152,seattle,1,1,osm_nodes,52,0.025419,0.3723,
3153,seattle,1,0,osm_nodes,29,0.022913,0.2204,
3154,seattle,1,0,osm_nodes,31,0.023163,0.246,
3155,seattle,1,0,osm_nodes,35,0.025429,0.239,
3156,seattle,1,0,osm_nodes,46,0.030948,0.2458,
3157,seattle,1,0,osm_nodes,72,0.031104,0.2746,
3158,seattle,1,0,osm_nodes,53,0.030584,0.2913,
3159,seattle,1,0,osm_nodes,61,0.027814,0.287,
3160,seattle,1,0,osm_nodes,48,0.030142,0.2576,
3161,seattle,1,0,osm_nodes,61,0.031095,0.2992,
3162,seattle,1,1,osm_nodes,44,0.023614,0.3158,
3163,seattle,1,0,osm_nodes,63,0.031432,0.2946,
3164,seattle,1,0,osm_nodes,50,0.030143,0.2586,
3165,seattle,1,0,osm_nodes,48,0.02957,0.2576,
3166,seattle,1,0,osm_nodes,41,0.02112,0.1853,
3167,seattle,1,0,osm_nodes,44,0.025865,0.1162,
3168,seattle,1,0,osm_nodes,50,0.030137,0.265,
3169,seattle,1,0,osm_nodes,66,0.033884,0.2264,
3170,seattle,1,0,osm_nodes,41,0.023127,0.0787,
3171,seattle,1,0,osm_nodes,65,0.03391,0.2194,
3172,seattle,1,0,osm_nodes,61,0.031307,0.2865,
3173,seattle,1,1,osm_nodes,82,0.033034,0.255,
3174,seattle,1,0,osm_nodes,81,0.032648,0.1694,
3175,seattle,1,0,osm_nodes,62,0.028678,0.3762,
3176,seattle,1,0,osm_nodes,58,0.028631,0.3846,
3177,seattle,1,0,osm_nodes,84,0.033589,0.1667,
3178,seattle,1,0,osm_nodes,79,0.032686,0.0819,
3179,seattle,1,0,osm_nodes,69,0.028203,0.4398,
3180,seattle,1,0,osm_nodes,72,0.026587,0.4178,
3181,seattle,1,0,osm_nodes,82,0.034431,0.3761,
3182,seattle,1,0,osm_nodes,59,0.028551,0.4672,
3183,seattle,1,0,osm_nodes,50,0.025137,0.4589,
3184,seattle,1,0,osm_nodes,49,0.025224,0.5211,
3185,seattle,1,0,osm_nodes,59,0.029632,0.5074,
3186,seattle,1,1,osm_nodes,81,0.035618,0.3865,
3187,seattle,1,1,osm_nodes,53,0.025922,0.5422,
3188,seattle,1,0,osm_nodes,32,0.018717,0.2677,
3189,seattle,1,0,osm_nodes,70,0.025175,0.3207,
3190,seattle,1,0,osm_nodes,66,0.026308,0.3275,
3191,seattle,1,0,osm_nodes,54,0.02531,0.4616,
3192,seattle,1,0,osm_nodes,50,0.025538,0.4453,
3193,seattle,1,0,osm_nodes,50,0.024576,0.4258,
3194,seattle,1,0,osm_nodes,54,0.027531,0.4714,
3195,seattle,1,1,osm_nodes,43,0.023845,0.5382,
3196,seattle,1,1,osm_nodes,58,0.028037,0.4672,
3197,seattle,1,1,osm_nodes,46,0.024452,0.621,
3198,seattle,1,0,osm_nodes,53,0.028021,0.597,
3199,seattle,1,0,osm_nodes,63,0.031451,0.363,
3200,seattle,1,0,osm_nodes,44,0.024186,0.3531,
3201,seattle,1,0,osm_nodes,41,0.028087,0.1314,
3202,seattle,1,0,osm_nodes,48,0.027791,0.0444,
3203,seattle,1,0,osm_nodes,50,0.027482,0.3587,
3204,seattle,1,0,osm_nodes,28,0.017501,0.1492,
3205,seattle,1,1,osm_nodes,55,0.028605,0.3541,
3206,seattle,1,0,osm_nodes,53,0.028805,0.3423,
3207,seattle,1,0,osm_nodes,33,0.0209,0.3464,
3208,seattle,1,1,osm_nodes,54,0.02714,0.3981,
3209,seattle,1,0,osm_nodes,48,0.029647,0.3824,
3210,seattle,1,0,osm_nodes,34,0.021756,0.3421,
3211,seattle,1,0,osm_nodes,52,0.028929,0.3517,
3212,seattle,1,0,osm_nodes,51,0.030979,0.3712,
3213,seattle,1,0,osm_nodes,47,0.027531,0.286,
3214,seattle,1,0,osm_nodes,56,0.023906,0.3553,
3215,seattle,1,0,osm_nodes,47,0.025904,0.3173,
3216,seattle,1,0,osm_nodes,46,0.025537,0.3252,
3217,seattle,1,0,osm_nodes,50,0.02656,0.4973,
3218,seattle,1,0,osm_nodes,66,0.026862,0.1821,
3219,seattle,1,0,osm_nodes,49,0.026198,0.3969,
3220,seattle,1,0,osm_nodes,69,0.032203,0.1718,
3221,seattle,1,0,osm_nodes,66,0.026518,0.1214,
3222,seattle,1,0,osm_nodes,68,0.027362,0.2243,
3223,seattle,1,0,osm_nodes,44,0.02282,0.3629,
3224,seattle,1,0,osm_nodes,82,0.028254,0.0777,
3225,seattle,1,0,osm_nodes,65,0.03487,0.0065,
3226,seattle,1,0,osm_nodes,53,0.026628,0.2552,
3227,seattle,1,0,osm_nodes,79,0.024717,0.0767,
3228,seattle,1,0,osm_nodes,98,0.03136,0.2306,
3229,seattle,1,0,osm_nodes,88,0.031567,0.6656,
3230,seattle,1,0,osm_nodes,20,0.022352,0.3044,
3231,seattle,1,1,osm_nodes,32,0.023553,0.1736,
3232,seattle,1,0,osm_nodes,84,0.03213,0.5127,
3233,seattle,1,1,osm_nodes,44,0.022671,0.2145,
3234,seattle,1,0,osm_nodes,35,0.019884,0.3684,
3235,seattle,1,0,osm_nodes,36,0.020305,0.3463,
3236,seattle,1,0,osm_nodes,37,0.021163,0.3535,
3237,seattle,1,0,osm_nodes,38,0.025408,0.559,
3238,seattle,1,0,osm_nodes,58,0.026468,0.0919,
3239,seattle,1,0,osm_nodes,43,0.026371,0.3191,
3240,seattle,1,0,osm_nodes,84,0.030328,0.4139,
3241,seattle,1,0,osm_nodes,37,0.02556,0.5209,
3242,seattle,1,0,osm_nodes,87,0.029263,0.1478,
3243,seattle,1,0,osm_nodes,79,0.028961,0.1748,
3244,seattle,1,0,osm_nodes,85,0.027539,0.1713,
3245,seattle,1,0,osm_nodes,80,0.028701,0.1425,
3246,seattle,1,0,osm_nodes,36,0.022785,0.3242,
3247,seattle,1,0,osm_nodes,44,0.018429,0.0045,
3248,seattle,1,1,osm_nodes,51,0.017338,0.0828,
3249,seattle,1,0,osm_nodes,14,0.014795,0.1457,
3250,seattle,1,0,osm_nodes,34,0.022409,0.6156,
3251,seattle,1,0,osm_nodes,28,0.023844,0.2366,
3252,seattle,1,0,osm_nodes,48,0.019446,0.418,
3253,seattle,1,1,osm_nodes,58,0.016246,0.0714,
3254,seattle,1,0,osm_nodes,31,0.024942,0.1085,
3255,seattle,1,0,osm_nodes,30,0.024812,0.108,
3256,seattle,1,1,osm_nodes,70,0.01806,0.0577,
3257,seattle,1,0,osm_nodes,46,0.025094,0.3545,
3258,seattle,1,0,osm_nodes,73,0.019013,0.0787,
3259,seattle,1,0,osm_nodes,55,0.022368,0.2552,
3260,seattle,1,0,osm_nodes,53,0.020142,0.0817,
3261,seattle,1,0,osm_nodes,55,0.022581,0.2422,
3262,seattle,0,1,osm_nodes,67,0.015571,0.0471,
3263,seattle,1,1,osm_nodes,60,0.012942,0.1602,
3264,seattle,1,1,osm_nodes,67,0.016863,0.1208,
3265,seattle,1,1,osm_nodes,55,0.024125,0.4601,
3266,seattle,1,0,osm_nodes,43,0.016364,0.3618,
3267,seattle,1,0,osm_nodes,23,0.017891,0.2415,
3268,seattle,1,1,osm_nodes,15,0.016961,0.4043,
3269,seattle,1,0,osm_nodes,33,0.020125,0.4846,
3270,seattle,1,0,osm_nodes,21,0.017642,0.1293,
3271,seattle,1,1,osm_nodes,46,0.021414,0.3267,
3272,seattle,1,0,osm_nodes,33,0.020412,0.3618,
3273,seattle,1,1,osm_nodes,45,0.01846,0.2562,
3274,seattle,1,1,osm_nodes,47,0.019627,0.2659,
3275,seattle,1,1,osm_nodes,46,0.01947,0.2509,
3276,seattle,1,0,osm_nodes,61,0.02763,0.505,
3277,seattle,1,0,osm_nodes,14,0.008978,0.0537,
3278,seattle,1,0,osm_nodes,30,0.01682,0.1882,
3279,seattle,1,0,osm_nodes,35,0.022082,0.4436,
3280,seattle,1,0,osm_nodes,38,0.020233,0.4286,
3281,seattle,1,0,osm_nodes,42,0.018996,0.4225,
3282,seattle,1,0,osm_nodes,42,0.018667,0.4165,
3283,seattle,1,0,osm_nodes,36,0.018363,0.4186,
3284,seattle,1,0,osm_nodes,37,0.019731,0.4175,
3285,seattle,1,1,osm_nodes,55,0.023554,0.4508,
3286,seattle,1,0,osm_nodes,88,0.029831,0.436,
3287,seattle,1,0,osm_nodes,80,0.028809,0.4308,
3288,seattle,1,0,osm_nodes,50,0.028074,0.3386,
3289,seattle,1,0,osm_nodes,69,0.026707,0.3486,
3290,seattle,1,0,osm_nodes,69,0.026474,0.3186,
3291,seattle,1,0,osm_nodes,70,0.026609,0.3291,
3292,seattle,1,1,osm_nodes,59,0.02555,0.3563,
3293,seattle,1,0,osm_nodes,60,0.028565,0.3475,
3294,seattle,1,0,osm_nodes,46,0.02858,0.336,
3295,seattle,1,0,osm_nodes,53,0.028722,0.4357,
3296,seattle,1,0,osm_nodes,55,0.029875,0.3553,
3297,seattle,1,1,osm_nodes,61,0.026652,0.3516,
3298,seattle,1,0,osm_nodes,51,0.029672,0.34,
3299,seattle,1,0,osm_nodes,50,0.023742,0.2845,
3300,seattle,1,1,osm_nodes,59,0.024783,0.1785,
3301,seattle,1,0,osm_nodes,44,0.026936,0.5189,
3302,seattle,1,0,osm_nodes,49,0.025126,0.3353,
3303,seattle,1,0,osm_nodes,39,0.027184,0.3533,
3304,seattle,1,0,osm_nodes,25,0.023578,0.2986,
3305,seattle,1,0,osm_nodes,25,0.024021,0.2437,
3306,seattle,1,0,osm_nodes,50,0.025082,0.3509,
3307,seattle,1,0,osm_nodes,41,0.02372,0.2834,
3308,seattle,1,0,osm_nodes,49,0.025733,0.3544,
3309,seattle,1,0,osm_nodes,33,0.024103,0.2739,
3310,seattle,1,1,osm_nodes,46,0.028856,0.3834,
3311,seattle,1,0,osm_nodes,47,0.028243,0.4169,
3312,seattle,1,1,osm_nodes,45,0.028654,0.4156,
3313,seattle,1,1,osm_nodes,46,0.028646,0.4178,
3314,seattle,1,0,osm_nodes,47,0.028203,0.4174,
3315,seattle,1,0,osm_nodes,38,0.025741,0.3344,
3316,seattle,1,1,osm_nodes,36,0.02596,0.3384,
3317,seattle,1,0,osm_nodes,30,0.025781,0.2242,
3318,seattle,1,0,osm_nodes,33,0.027126,0.2697,
3319,seattle,1,0,osm_nodes,50,0.028609,0.2343,
3320,seattle,1,0,osm_nodes,53,0.028827,0.3241,
3321,seattle,1,0,osm_nodes,49,0.026351,0.4232,
3322,seattle,1,0,osm_nodes,48,0.027883,0.2377,
3323,seattle,1,0,osm_nodes,63,0.027921,0.3957,
3324,seattle,1,0,osm_nodes,59,0.028257,0.4563,
3325,seattle,1,0,osm_nodes,47,0.027206,0.2831,
3326,seattle,1,0,osm_nodes,42,0.026076,0.237,
3327,seattle,1,0,osm_nodes,39,0.025595,0.2509,
3328,seattle,1,1,osm_nodes,42,0.026262,0.2652,
3329,seattle,1,0,osm_nodes,48,0.028003,0.3449,
3330,seattle,1,0,osm_nodes,39,0.026178,0.2847,
3331,seattle,1,0,osm_nodes,39,0.025201,0.2445,
3332,seattle,1,0,osm_nodes,37,0.02464,0.2963,
3333,seattle,1,0,osm_nodes,38,0.024758,0.3002,
3334,seattle,1,0,osm_nodes,33,0.026275,0.2465,
3335,seattle,1,0,osm_nodes,37,0.026343,0.2468,
3336,seattle,1,0,osm_nodes,27,0.023678,0.2601,
3337,seattle,1,1,osm_nodes,38,0.024862,0.2485,
3338,seattle,1,0,osm_nodes,30,0.023698,0.1315,
3339,seattle,1,1,osm_nodes,26,0.022338,0.2417,
3340,seattle,1,0,osm_nodes,29,0.022689,0.3378,
3341,seattle,1,0,osm_nodes,26,0.023887,0.1681,
3342,seattle,1,0,osm_nodes,53,0.028262,0.2108,
3343,seattle,1,1,osm_nodes,33,0.023045,0.281,
3344,seattle,1,1,osm_nodes,31,0.02332,0.2582,
3345,seattle,1,0,osm_nodes,33,0.021732,0.2452,
3346,seattle,1,0,osm_nodes,29,0.022775,0.2917,
3347,seattle,1,0,osm_nodes,23,0.022377,0.3139,
3348,seattle,1,0,osm_nodes,27,0.025205,0.2091,
3349,seattle,1,0,osm_nodes,25,0.022191,0.2577,
3350,seattle,1,0,osm_nodes,23,0.022363,0.2958,
3351,seattle,1,1,osm_nodes,25,0.02166,0.2586,
3352,seattle,1,1,osm_nodes,25,0.021638,0.2623,
3353,seattle,1,1,osm_nodes,21,0.022741,0.2272,
3354,seattle,1,0,osm_nodes,24,0.022224,0.2552,
3355,seattle,1,0,osm_nodes,24,0.022137,0.2471,
3356,seattle,1,0,osm_nodes,40,0.025326,0.2181,
3357,seattle,1,0,osm_nodes,20,0.022085,0.2124,
3358,seattle,1,0,osm_nodes,34,0.027587,0.1348,
3359,seattle,1,0,osm_nodes,25,0.02631,0.1922,
3360,seattle,1,1,osm_nodes,21,0.022851,0.3413,
3361,seattle,1,0,osm_nodes,21,0.02118,0.3129,
3362,seattle,1,0,osm_nodes,20,0.021013,0.2884,
3363,seattle,1,0,osm_nodes,22,0.021074,0.2559,
3364,seattle,1,0,osm_nodes,37,0.029432,0.0737,
3365,seattle,1,0,osm_nodes,20,0.021055,0.2894,
3366,seattle,1,0,osm_nodes,28,0.027176,0.1577,
3367,seattle,1,1,osm_nodes,19,0.02293,0.3464,
3368,seattle,1,0,osm_nodes,40,0.029394,0.0227,
3369,seattle,1,1,osm_nodes,35,0.024866,0.2186,
3370,seattle,1,0,osm_nodes,25,0.028409,0.1108,
3371,seattle,1,0,osm_nodes,56,0.031027,0.0,
3372,seattle,1,0,osm_nodes,53,0.029058,0.0221,
3374,seattle,1,0,osm_nodes,45,0.024391,0.0,
3375,seattle,1,0,osm_nodes,47,0.024616,0.1134,
3376,seattle,1,0,osm_nodes,45,0.024057,0.0,
3377,seattle,1,0,osm_nodes,22,0.024279,0.2404,
3378,seattle,1,0,osm_nodes,27,0.018707,0.2089,
3379,seattle,1,1,osm_nodes,22,0.020998,0.2876,
3380,seattle,1,0,osm_nodes,24,0.021045,0.268,
3381,seattle,1,0,osm_nodes,23,0.026087,0.0668,
3382,seattle,1,0,osm_nodes,39,0.022655,0.1222,
3383,seattle,1,0,osm_nodes,24,0.021042,0.265,
3384,seattle,1,0,osm_nodes,45,0.023506,0.0216,
3385,seattle,1,0,osm_nodes,21,0.023504,0.0039,
3386,seattle,1,1,osm_nodes,31,0.020086,0.0,
3387,seattle,1,0,osm_nodes,21,0.015728,0.0952,
3388,seattle,1,0,osm_nodes,37,0.021338,0.0,
3389,seattle,1,1,osm_nodes,32,0.020198,0.0034,
3390,seattle,1,1,osm_nodes,33,0.019399,0.0074,
3391,seattle,1,1,osm_nodes,32,0.019257,0.0103,
3392,seattle,1,0,osm_nodes,37,0.023744,0.2115,
3393,seattle,1,1,osm_nodes,26,0.021476,0.219,
3394,seattle,1,1,osm_nodes,27,0.020982,0.2775,
3395,seattle,1,0,osm_nodes,26,0.021085,0.2602,
3396,seattle,1,0,osm_nodes,26,0.022778,0.2266,
3397,seattle,1,0,osm_nodes,41,0.028149,0.1551,
3398,seattle,1,1,osm_nodes,32,0.021483,0.1638,
3399,seattle,1,0,osm_nodes,26,0.02294,0.2231,
3400,seattle,1,1,osm_nodes,27,0.021385,0.1344,
3401,seattle,1,0,osm_nodes,32,0.017295,0.2049,
3402,seattle,1,0,osm_nodes,32,0.017293,0.1972,
3403,seattle,1,0,osm_nodes,23,0.01172,0.1169,
3404,seattle,1,0,osm_nodes,20,0.014557,0.1813,
3405,seattle,1,0,osm_nodes,22,0.01502,0.1838,
3406,seattle,1,0,osm_nodes,19,0.019,0.0934,
3407,seattle,1,0,osm_nodes,18,0.018465,0.0771,
3408,seattle,1,0,osm_nodes,25,0.019103,0.229,
3409,seattle,1,0,osm_nodes,25,0.019013,0.2103,
3410,seattle,1,0,osm_nodes,35,0.0213,0.0997,
3411,seattle,1,0,osm_nodes,25,0.018203,0.2143,
3412,seattle,1,0,osm_nodes,24,0.0216,0.2643,
3413,seattle,1,0,osm_nodes,27,0.023031,0.1741,
3414,seattle,1,0,osm_nodes,27,0.022164,0.2627,
3415,seattle,1,0,osm_nodes,36,0.019839,0.1756,
3416,seattle,1,0,osm_nodes,14,0.010861,0.0023,
3417,seattle,1,0,osm_nodes,39,0.02184,0.1752,
3418,seattle,1,0,osm_nodes,42,0.024269,0.1531,
3419,seattle,1,0,osm_nodes,73,0.02841,0.2752,
3420,seattle,1,0,osm_nodes,32,0.021397,0.0697,
3421,seattle,1,0,osm_nodes,37,0.02497,0.1519,
3422,seattle,1,0,osm_nodes,88,0.031293,0.281,
3423,seattle,1,0,osm_nodes,90,0.031451,0.3121,
3424,seattle,1,0,osm_nodes,42,0.027015,0.1931,
3425,seattle,1,0,osm_nodes,53,0.025503,0.2558,
3426,seattle,1,0,osm_nodes,49,0.025224,0.2231,
3427,seattle,1,0,osm_nodes,35,0.025936,0.1816,
3428,seattle,1,0,osm_nodes,35,0.025914,0.1825,
3429,seattle,1,0,osm_nodes,56,0.025556,0.267,
3430,seattle,1,0,osm_nodes,42,0.024529,0.118,
3431,seattle,1,0,osm_nodes,51,0.025247,0.2442,
3432,seattle,1,0,osm_nodes,46,0.024692,0.1466,
3433,seattle,1,0,osm_nodes,48,0.024162,0.2411,
3434,seattle,1,0,osm_nodes,42,0.021958,0.1275,
3435,seattle,1,0,osm_nodes,47,0.021488,0.2659,
3436,seattle,1,0,osm_nodes,47,0.021475,0.266,
3437,seattle,1,0,osm_nodes,44,0.019857,0.2369,
3438,seattle,1,1,osm_nodes,20,0.015201,0.0033,
3439,seattle,1,1,osm_nodes,19,0.015169,0.0291,
3440,seattle,1,0,osm_nodes,13,0.017245,0.1252,
3441,seattle,1,0,osm_nodes,28,0.011642,0.096,
3442,seattle,1,0,osm_nodes,29,0.021233,0.0195,
3443,seattle,1,0,osm_nodes,18,0.022447,0.1873,
3444,seattle,1,0,osm_nodes,34,0.023666,0.1619,
3445,seattle,1,0,osm_nodes,35,0.021096,0.2112,
3446,seattle,1,0,osm_nodes,18,0.010962,0.2635,
3447,seattle,1,0,osm_nodes,33,0.016711,0.2262,
3448,seattle,1,0,osm_nodes,27,0.021958,0.1952,
3449,seattle,1,0,osm_nodes,22,0.012988,0.2889,
3450,seattle,1,0,osm_nodes,40,0.017961,0.2245,
3451,seattle,1,0,osm_nodes,35,0.016486,0.2563,
3452,seattle,1,1,osm_nodes,38,0.025162,0.1401,
3453,seattle,1,1,osm_nodes,37,0.025273,0.1333,
3454,seattle,1,0,osm_nodes,32,0.023408,0.0049,
3455,seattle,1,1,osm_nodes,36,0.025275,0.1517,
3456,seattle,1,1,osm_nodes,40,0.024974,0.0946,
3457,seattle,1,0,osm_nodes,31,0.020651,0.0012,
3458,seattle,1,0,osm_nodes,29,0.018793,0.0001,
3459,seattle,1,0,osm_nodes,26,0.015472,0.2411,
3460,seattle,1,0,osm_nodes,28,0.018354,0.0,
3461,seattle,1,0,osm_nodes,41,0.023432,0.2099,
3462,seattle,1,0,osm_nodes,31,0.01675,0.2367,
3463,seattle,1,0,osm_nodes,30,0.015172,0.2413,
3464,seattle,1,0,osm_nodes,44,0.022705,0.2198,
3465,seattle,1,0,osm_nodes,42,0.022278,0.212,
3466,seattle,1,0,osm_nodes,27,0.024083,0.0,
3467,seattle,1,0,osm_nodes,37,0.021112,0.2061,
3468,seattle,1,0,osm_nodes,19,0.022839,0.0021,
3469,seattle,1,0,osm_nodes,20,0.023802,0.0021,
3470,seattle,1,0,osm_nodes,43,0.025563,0.1617,
3471,seattle,1,0,osm_nodes,44,0.024498,0.2191,
3472,seattle,1,0,osm_nodes,37,0.022264,0.2328,
3473,seattle,1,0,osm_nodes,43,0.024379,0.1589,
3474,seattle,1,0,osm_nodes,54,0.027185,0.1737,
3475,seattle,1,0,osm_nodes,25,0.015264,0.1584,
3476,seattle,1,0,osm_nodes,48,0.025756,0.2232,
3477,seattle,1,0,osm_nodes,42,0.023942,0.1536,
3478,seattle,1,0,osm_nodes,43,0.022654,0.1777,
3479,seattle,1,0,osm_nodes,39,0.023625,0.1803,
3480,seattle,1,0,osm_nodes,53,0.02738,0.17,
3481,seattle,1,0,osm_nodes,53,0.027417,0.1686,
3482,seattle,1,0,osm_nodes,34,0.019838,0.2221,
3483,seattle,1,1,osm_nodes,61,0.027755,0.1813,
3484,seattle,1,1,osm_nodes,58,0.02472,0.1524,
3485,seattle,1,1,osm_nodes,33,0.021389,0.1577,
3486,seattle,1,1,osm_nodes,24,0.018256,0.1369,
3487,seattle,1,1,osm_nodes,64,0.028924,0.1721,
3488,seattle,1,0,osm_nodes,19,0.017345,0.1277,
3489,seattle,1,1,osm_nodes,61,0.027755,0.315,
3490,seattle,1,0,osm_nodes,47,0.023936,0.2135,
3491,seattle,1,0,osm_nodes,31,0.023821,0.2304,
3492,seattle,1,0,osm_nodes,57,0.024997,0.2422,
3493,seattle,1,0,osm_nodes,49,0.024376,0.234,
3494,seattle,1,0,osm_nodes,31,0.02367,0.2146,
3495,seattle,1,0,osm_nodes,60,0.02734,0.2199,
3496,seattle,1,1,osm_nodes,70,0.03269,0.1864,
3497,seattle,1,1,osm_nodes,72,0.03232,0.242,
3498,seattle,1,1,osm_nodes,73,0.032832,0.247,
3499,seattle,1,0,osm_nodes,27,0.012191,0.2521,
3500,seattle,1,0,osm_nodes,35,0.016227,0.2462,
3501,seattle,1,1,osm_nodes,17,0.018819,0.2005,
3502,seattle,1,0,osm_nodes,36,0.019395,0.2271,
3503,seattle,1,0,osm_nodes,37,0.020873,0.2595,
3504,seattle,1,0,osm_nodes,37,0.020237,0.2589,
3505,seattle,1,0,osm_nodes,44,0.024773,0.2856,
3506,seattle,1,0,osm_nodes,42,0.024999,0.2856,
3507,seattle,1,0,osm_nodes,63,0.031228,0.3067,
3508,seattle,1,0,osm_nodes,34,0.020471,0.3253,
3509,seattle,1,0,osm_nodes,61,0.031755,0.4313,
3510,seattle,1,0,osm_nodes,67,0.030237,0.3172,
3511,seattle,1,0,osm_nodes,42,0.024826,0.3843,
3512,seattle,1,0,osm_nodes,55,0.02861,0.3392,
3513,seattle,1,0,osm_nodes,58,0.02671,0.5186,
3514,seattle,1,1,osm_nodes,66,0.028021,0.2921,
3515,seattle,1,0,osm_nodes,64,0.029845,0.398,
3516,seattle,1,0,osm_nodes,60,0.027267,0.3524,
3517,seattle,1,0,osm_nodes,55,0.02469,0.3634,
3518,seattle,1,0,osm_nodes,59,0.02531,0.3743,
3519,seattle,1,0,osm_nodes,51,0.023929,0.4849,
3520,seattle,1,0,osm_nodes,49,0.025886,0.5226,
3521,seattle,1,0,osm_nodes,47,0.021665,0.3074,
3522,seattle,1,0,osm_nodes,41,0.019411,0.0563,
3523,seattle,1,0,osm_nodes,48,0.021594,0.1715,
3524,seattle,1,0,osm_nodes,54,0.026362,0.3328,
3525,seattle,1,0,osm_nodes,53,0.026602,0.2718,
3526,seattle,1,0,osm_nodes,45,0.021817,0.4666,
3527,seattle,1,0,osm_nodes,22,0.013919,0.2008,
3528,seattle,1,0,osm_nodes,60,0.025581,0.4036,
3529,seattle,1,0,osm_nodes,61,0.026507,0.3115,
3530,seattle,1,0,osm_nodes,63,0.029086,0.4833,
3531,seattle,1,0,osm_nodes,32,0.019545,0.3038,
3532,seattle,1,0,osm_nodes,44,0.024004,0.1891,
3533,seattle,1,0,osm_nodes,47,0.024831,0.4442,
3534,seattle,1,0,osm_nodes,64,0.029229,0.3981,
3535,seattle,0,0,osm_nodes,46,0.02261,0.3791,
3536,seattle,1,0,osm_nodes,35,0.025587,0.2286,
3537,seattle,1,0,osm_nodes,63,0.030698,0.4614,
3538,seattle,1,0,osm_nodes,71,0.029939,0.3949,
3539,seattle,1,0,osm_nodes,65,0.03261,0.5678,
3540,seattle,1,0,osm_nodes,64,0.028121,0.4664,
3541,seattle,1,0,osm_nodes,67,0.030043,0.3824,
3542,seattle,1,0,osm_nodes,62,0.037273,0.2874,
3543,seattle,1,0,osm_nodes,62,0.026825,0.417,
3544,seattle,1,0,osm_nodes,56,0.024679,0.41,
3545,seattle,1,0,osm_nodes,60,0.028315,0.4668,
3546,seattle,1,0,osm_nodes,59,0.035959,0.3592,
3547,seattle,1,0,osm_nodes,24,0.017404,0.0,
3548,seattle,1,1,osm_nodes,72,0.029976,0.495,
3549,seattle,1,0,osm_nodes,49,0.037526,0.1151,
3550,seattle,1,0,osm_nodes,70,0.030543,0.3514,
3551,seattle,1,0,osm_nodes,66,0.027186,0.3799,
3552,seattle,1,0,osm_nodes,68,0.027109,0.3849,
3553,seattle,1,1,osm_nodes,65,0.028363,0.4228,
3554,seattle,1,0,osm_nodes,71,0.030411,0.4076,
3555,seattle,1,1,osm_nodes,70,0.029687,0.4462,
3556,seattle,1,0,osm_nodes,32,0.025969,0.1833,
3557,seattle,1,1,osm_nodes,75,0.029592,0.4512,
3558,seattle,1,1,osm_nodes,30,0.023092,0.1587,
3559,seattle,1,1,osm_nodes,98,0.031849,0.4386,
3560,seattle,1,0,osm_nodes,61,0.028978,0.3751,
3561,seattle,1,0,osm_nodes,45,0.027308,0.4762,
3562,seattle,1,0,osm_nodes,93,0.03037,0.2309,
3563,seattle,1,0,osm_nodes,79,0.032853,0.268,
3564,seattle,1,0,osm_nodes,95,0.031092,0.2812,
3565,seattle,1,0,osm_nodes,14,0.009133,0.006,
3566,seattle,1,0,osm_nodes,87,0.031825,0.3476,
3567,seattle,1,0,osm_nodes,34,0.020256,0.3483,
3568,seattle,1,0,osm_nodes,95,0.028796,0.2799,
3569,seattle,1,0,osm_nodes,40,0.021383,0.3571,
3570,seattle,1,0,osm_nodes,103,0.033286,0.2726,
3571,seattle,1,0,osm_nodes,78,0.02793,0.3474,
3572,seattle,1,1,osm_nodes,71,0.025921,0.3807,
3573,seattle,1,0,osm_nodes,53,0.024772,0.4348,
3574,seattle,1,0,osm_nodes,74,0.025381,0.4433,
3575,seattle,1,1,osm_nodes,58,0.027345,0.3893,
3576,seattle,1,1,osm_nodes,67,0.025106,0.2856,
3577,seattle,1,0,osm_nodes,40,0.019534,0.3686,
3578,seattle,1,0,osm_nodes,70,0.028049,0.335,
3579,seattle,1,0,osm_nodes,36,0.017343,0.2819,
3580,seattle,1,0,osm_nodes,66,0.025699,0.3795,
3581,seattle,1,0,osm_nodes,54,0.026345,0.2658,
3582,seattle,1,1,osm_nodes,62,0.025795,0.2442,
3583,seattle,1,1,osm_nodes,61,0.025164,0.4295,
3584,seattle,1,1,osm_nodes,61,0.025049,0.4373,
3585,seattle,1,0,osm_nodes,48,0.024959,0.2773,
3586,seattle,1,0,osm_nodes,76,0.032122,0.4374,
3587,seattle,0,0,osm_nodes,43,0.017823,0.0664,
3588,seattle,1,0,osm_nodes,71,0.03012,0.5224,
3589,seattle,1,0,osm_nodes,77,0.033865,0.4649,
3590,seattle,1,0,osm_nodes,71,0.031008,0.5387,
3591,seattle,1,0,osm_nodes,76,0.032426,0.5717,
3592,seattle,1,0,osm_nodes,73,0.0283,0.4078,
3593,seattle,1,0,osm_nodes,58,0.024871,0.4598,
3594,seattle,1,0,osm_nodes,66,0.029314,0.5475,
3595,seattle,1,0,osm_nodes,60,0.027459,0.3583,
3596,seattle,1,0,osm_nodes,71,0.027264,0.3961,
3597,seattle,1,0,osm_nodes,67,0.029764,0.3064,
3598,seattle,1,0,osm_nodes,64,0.027437,0.4863,
3599,seattle,1,0,osm_nodes,69,0.029014,0.4977,
3600,seattle,1,1,osm_nodes,54,0.023909,0.35,
3601,seattle,1,0,osm_nodes,57,0.026705,0.5802,
3602,seattle,1,0,osm_nodes,71,0.030928,0.438,
3603,seattle,1,0,osm_nodes,69,0.027302,0.4782,
3604,seattle,1,0,osm_nodes,74,0.03681,0.2855,
3605,seattle,1,0,osm_nodes,57,0.027447,0.497,
3606,seattle,1,0,osm_nodes,71,0.030009,0.3545,
3607,seattle,1,1,osm_nodes,57,0.025991,0.3317,
3608,seattle,1,0,osm_nodes,34,0.021656,0.515,
3609,seattle,1,1,osm_nodes,68,0.029007,0.5302,
3610,seattle,1,0,osm_nodes,112,0.04473,0.6216,
3611,seattle,1,0,osm_nodes,67,0.027271,0.3055,
3612,seattle,1,1,osm_nodes,59,0.025877,0.315,
3613,seattle,1,0,osm_nodes,89,0.033027,0.5178,
3614,seattle,1,0,osm_nodes,77,0.035572,0.4807,
3615,seattle,1,0,osm_nodes,99,0.038061,0.4509,
3616,seattle,1,0,osm_nodes,56,0.026339,0.593,
3617,seattle,1,0,osm_nodes,70,0.030977,0.4853,
3618,seattle,1,1,osm_nodes,60,0.033874,0.2835,
3619,seattle,1,1,osm_nodes,68,0.0288,0.475,
3620,seattle,1,0,osm_nodes,66,0.028844,0.4148,
3621,seattle,1,0,osm_nodes,62,0.029659,0.4332,
3622,seattle,1,0,osm_nodes,77,0.034732,0.431,
3623,seattle,1,1,osm_nodes,62,0.028526,0.6485,
3624,seattle,1,0,osm_nodes,62,0.02724,0.4858,
3625,seattle,1,0,osm_nodes,76,0.033424,0.5237,
3626,seattle,1,0,osm_nodes,64,0.028403,0.4153,
3627,seattle,0,0,osm_nodes,57,0.026534,0.4521,
3628,seattle,1,0,osm_nodes,69,0.030995,0.3316,
3629,seattle,1,0,osm_nodes,53,0.027684,0.4853,
3630,seattle,1,0,osm_nodes,77,0.032076,0.2362,
3631,seattle,1,0,osm_nodes,41,0.022252,0.5445,
3632,seattle,1,0,osm_nodes,72,0.028937,0.3773,
3633,seattle,1,0,osm_nodes,67,0.030928,0.4236,
3634,seattle,1,0,osm_nodes,46,0.024405,0.4858,
3635,seattle,1,0,osm_nodes,48,0.025881,0.5597,
3636,seattle,1,0,osm_nodes,69,0.027802,0.3082,
3637,seattle,1,0,osm_nodes,47,0.024487,0.5028,
3638,seattle,1,0,osm_nodes,77,0.030165,0.3375,
3639,seattle,1,0,osm_nodes,61,0.028262,0.4951,
3640,seattle,1,0,osm_nodes,46,0.024339,0.5553,
3641,seattle,1,0,osm_nodes,87,0.032985,0.4187,
3642,seattle,1,0,osm_nodes,52,0.024442,0.4894,
3643,seattle,1,0,osm_nodes,50,0.024611,0.8611,
3644,seattle,1,0,osm_nodes,46,0.024562,0.4679,
3645,seattle,1,0,osm_nodes,50,0.02484,0.849,
3646,seattle,1,0,osm_nodes,47,0.021874,0.5493,
3647,seattle,1,0,osm_nodes,69,0.028753,0.3712,
3648,seattle,1,0,osm_nodes,68,0.028581,0.3426,
3649,seattle,1,0,osm_nodes,71,0.029219,0.2724,
3650,seattle,1,1,osm_nodes,85,0.032719,0.4551,
3651,seattle,1,0,osm_nodes,73,0.029808,0.4193,
3652,seattle,1,0,osm_nodes,76,0.031294,0.5529,
3653,seattle,1,0,osm_nodes,50,0.025573,0.3795,
3654,seattle,1,0,osm_nodes,56,0.025271,0.4487,
3655,seattle,1,0,osm_nodes,65,0.027234,0.4694,
3656,seattle,1,0,osm_nodes,48,0.022453,0.4037,
3657,seattle,1,0,osm_nodes,49,0.028038,0.4249,
3658,seattle,1,1,osm_nodes,55,0.024443,0.4294,
3659,seattle,1,0,osm_nodes,62,0.027056,0.5098,
3660,seattle,1,1,osm_nodes,54,0.029183,0.4625,
3661,seattle,1,1,osm_nodes,62,0.031434,0.5489,
3662,seattle,1,0,osm_nodes,66,0.03071,0.4093,
3663,seattle,1,0,osm_nodes,41,0.021727,0.4256,
3664,seattle,1,0,osm_nodes,52,0.026529,0.2458,
3665,seattle,1,1,osm_nodes,52,0.028084,0.5394,
3666,seattle,1,1,osm_nodes,50,0.029118,0.4353,
3667,seattle,1,0,osm_nodes,44,0.023047,0.3867,
3668,seattle,1,0,osm_nodes,33,0.021167,0.2359,
3669,seattle,1,1,osm_nodes,70,0.033137,0.3855,
3670,seattle,1,0,osm_nodes,45,0.024668,0.5161,
3671,seattle,1,1,osm_nodes,71,0.033566,0.3699,
3672,seattle,1,0,osm_nodes,47,0.026676,0.4499,
3673,seattle,1,0,osm_nodes,41,0.025515,0.4221,
3674,seattle,1,0,osm_nodes,56,0.031913,0.3711,
3675,seattle,1,0,osm_nodes,34,0.024628,0.4165,
3676,seattle,1,0,osm_nodes,50,0.025663,0.64,
3677,seattle,1,0,osm_nodes,37,0.022164,0.4082,
3678,seattle,1,0,osm_nodes,52,0.028634,0.3625,
3679,seattle,1,0,osm_nodes,59,0.031972,0.3283,
3680,seattle,1,0,osm_nodes,47,0.024842,0.5461,
3681,seattle,1,0,osm_nodes,48,0.025242,0.4905,
3682,seattle,1,0,osm_nodes,63,0.031023,0.2769,
3683,seattle,1,0,osm_nodes,48,0.024463,0.3475,
3684,seattle,1,0,osm_nodes,48,0.024646,0.3627,
3685,seattle,1,1,osm_nodes,54,0.028074,0.2976,
3686,seattle,1,0,osm_nodes,64,0.028932,0.4048,
3687,seattle,1,0,osm_nodes,58,0.027388,0.4085,
3688,seattle,1,0,osm_nodes,48,0.025426,0.3583,
3689,seattle,1,0,osm_nodes,63,0.031266,0.3928,
3690,seattle,1,0,osm_nodes,56,0.030572,0.2907,
3691,seattle,1,0,osm_nodes,49,0.026492,0.4134,
3692,seattle,1,1,osm_nodes,45,0.024573,0.4561,
3693,seattle,1,1,osm_nodes,59,0.032422,0.3197,
3694,seattle,1,0,osm_nodes,78,0.031921,0.3371,
3695,seattle,1,0,osm_nodes,59,0.026212,0.4169,
3696,seattle,1,0,osm_nodes,61,0.027229,0.4016,
3697,seattle,1,0,osm_nodes,51,0.029616,0.0873,
3698,seattle,1,1,osm_nodes,50,0.018736,0.107,
3699,seattle,1,1,osm_nodes,60,0.020865,0.192,
3700,seattle,1,1,osm_nodes,40,0.021206,0.3758,
3701,seattle,1,0,osm_nodes,62,0.024442,0.2513,
3702,seattle,1,1,osm_nodes,49,0.028107,0.2022,
3703,seattle,1,0,osm_nodes,46,0.026067,0.3693,
3704,seattle,1,0,osm_nodes,78,0.032648,0.2777,
3705,seattle,1,0,osm_nodes,76,0.032385,0.3676,
3706,seattle,1,1,osm_nodes,72,0.030075,0.4631,
3707,seattle,1,1,osm_nodes,81,0.034029,0.4363,
3708,seattle,1,0,osm_nodes,30,0.019788,0.344,
3709,seattle,1,0,osm_nodes,52,0.024896,0.5139,
3710,seattle,1,0,osm_nodes,44,0.024739,0.5315,
3711,seattle,1,0,osm_nodes,29,0.018785,0.3976,
3712,seattle,1,1,osm_nodes,85,0.03485,0.3204,
3713,seattle,1,0,osm_nodes,44,0.024778,0.5106,
3714,seattle,1,0,osm_nodes,45,0.022432,0.4948,
3715,seattle,1,0,osm_nodes,40,0.025199,0.2561,
3716,seattle,1,1,osm_nodes,47,0.026009,0.2011,
3717,seattle,1,0,osm_nodes,39,0.024237,0.3519,
3718,seattle,1,1,osm_nodes,49,0.026942,0.3227,
3719,seattle,1,0,osm_nodes,56,0.025866,0.1968,
3720,seattle,1,1,osm_nodes,61,0.030236,0.3167,
3721,seattle,1,1,osm_nodes,62,0.030118,0.3138,
3722,seattle,1,0,osm_nodes,65,0.032483,0.3692,
3723,seattle,1,0,osm_nodes,57,0.026859,0.5438,
3724,seattle,1,0,osm_nodes,48,0.027647,0.2042,
3725,seattle,1,0,osm_nodes,81,0.032715,0.281,
3726,seattle,1,0,osm_nodes,53,0.024797,0.2372,
3727,seattle,1,0,osm_nodes,64,0.029215,0.2587,
3728,seattle,1,0,osm_nodes,42,0.026741,0.1668,
3729,seattle,1,0,osm_nodes,66,0.03044,0.295,
3730,seattle,1,0,osm_nodes,40,0.02048,0.2902,
3731,seattle,1,0,osm_nodes,38,0.021992,0.3693,
3732,seattle,1,0,osm_nodes,44,0.022048,0.473,
3733,seattle,1,1,osm_nodes,51,0.025443,0.2797,
3734,seattle,1,1,osm_nodes,51,0.024952,0.2145,
3735,seattle,1,0,osm_nodes,64,0.029494,0.2659,
3736,seattle,1,0,osm_nodes,48,0.029412,0.1417,
3737,seattle,1,0,osm_nodes,63,0.028668,0.2398,
3738,seattle,1,0,osm_nodes,64,0.029031,0.2457,
3739,seattle,1,1,osm_nodes,60,0.029392,0.234,
3740,seattle,1,1,osm_nodes,52,0.025951,0.2542,
3741,seattle,1,0,osm_nodes,65,0.028838,0.247,
3742,seattle,1,0,osm_nodes,58,0.02774,0.3864,
3743,seattle,1,0,osm_nodes,39,0.024136,0.2802,
3744,seattle,1,0,osm_nodes,39,0.024126,0.27,
3745,seattle,1,0,osm_nodes,39,0.024476,0.235,
3746,seattle,1,1,osm_nodes,39,0.023742,0.2974,
3747,seattle,1,0,osm_nodes,80,0.028279,0.2275,
3748,seattle,1,0,osm_nodes,78,0.033391,0.4076,
3749,seattle,1,0,osm_nodes,91,0.035928,0.326,
3750,seattle,1,0,osm_nodes,71,0.030515,0.4378,
3751,seattle,1,0,osm_nodes,35,0.02504,0.2862,
3752,seattle,1,0,osm_nodes,41,0.024408,0.2667,
3753,seattle,1,1,osm_nodes,28,0.023191,0.2512,
3754,seattle,1,0,osm_nodes,67,0.026729,0.3714,
3755,seattle,1,0,osm_nodes,37,0.024579,0.2241,
3756,seattle,1,0,osm_nodes,21,0.018718,0.1903,
3757,seattle,1,0,osm_nodes,33,0.023851,0.3784,
3758,seattle,1,0,osm_nodes,33,0.02387,0.3423,
3759,seattle,1,0,osm_nodes,34,0.020343,0.2649,
3760,seattle,1,0,osm_nodes,34,0.020552,0.2715,
3761,seattle,1,0,osm_nodes,33,0.022144,0.2919,
3762,seattle,1,0,osm_nodes,19,0.017778,0.2076,
3763,seattle,1,0,osm_nodes,31,0.01992,0.2869,
3764,seattle,1,0,osm_nodes,61,0.030832,0.3321,
3765,seattle,1,0,osm_nodes,69,0.032147,0.343,
3766,seattle,1,0,osm_nodes,69,0.0333,0.3697,
3767,seattle,1,0,osm_nodes,77,0.034058,0.3273,
3768,seattle,1,1,osm_nodes,92,0.03273,0.4657,
3769,seattle,1,0,osm_nodes,27,0.022525,0.3169,
3770,seattle,1,0,osm_nodes,40,0.02393,0.1584,
3771,seattle,1,1,osm_nodes,53,0.029324,0.3864,
3772,seattle,1,1,osm_nodes,88,0.032977,0.4652,
3773,seattle,1,1,osm_nodes,63,0.030424,0.4794,
3774,seattle,1,1,osm_nodes,52,0.029355,0.4408,
3775,seattle,1,0,osm_nodes,34,0.024487,0.3504,
3776,seattle,1,0,osm_nodes,57,0.028352,0.356,
3777,seattle,1,0,osm_nodes,43,0.024084,0.2843,
3778,seattle,1,1,osm_nodes,56,0.029906,0.3481,
3779,seattle,1,0,osm_nodes,51,0.028371,0.152,
3780,seattle,1,0,osm_nodes,75,0.031045,0.2909,
3781,seattle,1,0,osm_nodes,70,0.029756,0.2584,
3782,seattle,1,0,osm_nodes,24,0.01971,0.2562,
3783,seattle,1,0,osm_nodes,61,0.028561,0.3038,
3784,seattle,1,1,osm_nodes,61,0.030412,0.3562,
3785,seattle,1,0,osm_nodes,71,0.029823,0.2777,
3786,seattle,1,0,osm_nodes,72,0.03128,0.3636,
3787,seattle,1,0,osm_nodes,69,0.030938,0.3263,
3788,seattle,1,0,osm_nodes,63,0.028485,0.3328,
3789,seattle,1,0,osm_nodes,57,0.02819,0.2415,
3790,seattle,1,0,osm_nodes,47,0.026155,0.1575,
3791,seattle,1,0,osm_nodes,62,0.029793,0.2642,
3792,seattle,1,0,osm_nodes,65,0.028197,0.2379,
3793,seattle,1,0,osm_nodes,52,0.027293,0.3685,
3794,seattle,1,0,osm_nodes,45,0.026172,0.3597,
3795,seattle,1,0,osm_nodes,32,0.024485,0.3028,
3796,seattle,1,0,osm_nodes,36,0.023913,0.28,
3797,seattle,1,0,osm_nodes,55,0.027634,0.3397,
3798,seattle,1,0,osm_nodes,28,0.021642,0.2839,
3799,seattle,1,0,osm_nodes,36,0.024646,0.2887,
3800,seattle,1,0,osm_nodes,37,0.023786,0.2671,
3801,seattle,1,0,osm_nodes,38,0.023489,0.2999,
3802,seattle,1,0,osm_nodes,37,0.023801,0.2668,
3803,seattle,1,0,osm_nodes,48,0.022378,0.3574,
3804,seattle,1,0,osm_nodes,47,0.023869,0.2465,
3805,seattle,1,0,osm_nodes,47,0.023731,0.2739,
3806,seattle,1,1,osm_nodes,109,0.040403,0.2245,
3807,seattle,1,1,osm_nodes,52,0.029133,0.4088,
3808,seattle,1,0,osm_nodes,38,0.022325,0.2283,
3809,seattle,1,0,osm_nodes,54,0.027132,0.3779,
3810,seattle,1,0,osm_nodes,44,0.025475,0.3019,
3811,seattle,1,0,osm_nodes,74,0.027597,0.3213,
3812,seattle,1,0,osm_nodes,74,0.030485,0.3746,
3813,seattle,1,1,osm_nodes,45,0.027316,0.3989,
3814,seattle,1,0,osm_nodes,105,0.035595,0.244,
3815,seattle,1,0,osm_nodes,106,0.035629,0.2434,
3816,seattle,1,1,osm_nodes,44,0.02626,0.3605,
3817,seattle,1,0,osm_nodes,29,0.022198,0.2509,
3818,seattle,1,0,osm_nodes,82,0.028827,0.2709,
3819,seattle,1,0,osm_nodes,115,0.033699,0.3408,
3820,seattle,1,0,osm_nodes,101,0.030852,0.2992,
3821,seattle,1,0,osm_nodes,54,0.027038,0.35,
3822,seattle,1,0,osm_nodes,58,0.029937,0.2543,
3823,seattle,1,0,osm_nodes,76,0.026503,0.4515,
3824,seattle,1,0,osm_nodes,83,0.029522,0.4222,
3825,seattle,1,0,osm_nodes,45,0.024703,0.3224,
3826,seattle,1,0,osm_nodes,52,0.028825,0.2474,
3827,seattle,1,0,osm_nodes,29,0.025366,0.2487,
3828,seattle,1,0,osm_nodes,44,0.028763,0.285,
3829,seattle,1,0,osm_nodes,56,0.028953,0.2267,
3830,seattle,1,0,osm_nodes,43,0.027849,0.2692,
3831,seattle,1,0,osm_nodes,67,0.027722,0.2281,
3832,seattle,1,0,osm_nodes,43,0.028938,0.2835,
3833,seattle,1,1,osm_nodes,63,0.03121,0.2252,
3834,seattle,1,0,osm_nodes,49,0.023824,0.2119,
3835,seattle,1,0,osm_nodes,57,0.02534,0.2311,
3836,seattle,1,0,osm_nodes,54,0.023284,0.2227,
3837,seattle,1,0,osm_nodes,43,0.028088,0.1229,
3838,seattle,1,1,osm_nodes,24,0.022192,0.1073,
3839,seattle,1,0,osm_nodes,17,0.023105,0.2266,
3840,seattle,1,0,osm_nodes,15,0.021864,0.212,
3841,seattle,1,1,osm_nodes,29,0.025513,0.2626,
3842,seattle,1,0,osm_nodes,36,0.022547,0.2511,
3843,seattle,1,0,osm_nodes,36,0.023162,0.2667,
3844,seattle,1,0,osm_nodes,36,0.023151,0.266,
3845,seattle,1,0,osm_nodes,50,0.027395,0.2033,
3846,seattle,1,0,osm_nodes,42,0.026485,0.2444,
3847,seattle,1,1,osm_nodes,28,0.024317,0.2581,
3848,seattle,1,0,osm_nodes,46,0.027502,0.2365,
3849,seattle,1,0,osm_nodes,41,0.024062,0.2349,
3850,seattle,1,0,osm_nodes,41,0.024124,0.2355,
3851,seattle,1,0,osm_nodes,48,0.027709,0.213,
3852,seattle,1,0,osm_nodes,53,0.028349,0.2159,
3853,seattle,1,0,osm_nodes,57,0.028376,0.2499,
3854,seattle,1,1,osm_nodes,57,0.028159,0.2612,
3855,seattle,1,1,osm_nodes,41,0.024857,0.2546,
3856,seattle,1,1,osm_nodes,39,0.023951,0.2493,
3857,seattle,1,1,osm_nodes,25,0.015355,0.0385,
3858,seattle,1,0,osm_nodes,45,0.028141,0.2432,
3859,seattle,1,1,osm_nodes,32,0.025065,0.2257,
3860,seattle,1,0,osm_nodes,26,0.023299,0.2232,
3861,seattle,1,0,osm_nodes,32,0.021104,0.2362,
3862,seattle,1,0,osm_nodes,31,0.021065,0.2551,
3863,seattle,1,0,osm_nodes,30,0.021743,0.2344,
3864,seattle,1,0,osm_nodes,45,0.027442,0.3025,
3865,seattle,1,0,osm_nodes,29,0.022391,0.2575,
3866,seattle,1,0,osm_nodes,32,0.022609,0.2696,
3867,seattle,1,1,osm_nodes,27,0.01859,0.0862,
3868,seattle,1,0,osm_nodes,40,0.024326,0.2071,
3869,seattle,1,1,osm_nodes,38,0.024839,0.3891,
3870,seattle,1,1,osm_nodes,40,0.024836,0.4112,
3871,seattle,1,0,osm_nodes,27,0.023554,0.2338,
3872,seattle,1,0,osm_nodes,27,0.023677,0.2344,
3873,seattle,1,0,osm_nodes,27,0.023686,0.2348,
3874,seattle,1,0,osm_nodes,28,0.023401,0.1933,
3875,seattle,1,0,osm_nodes,37,0.022944,0.1403,
3876,seattle,1,1,osm_nodes,41,0.025932,0.3827,
3877,seattle,1,0,osm_nodes,28,0.023914,0.1997,
3878,seattle,1,0,osm_nodes,29,0.023942,0.1967,
3879,seattle,1,0,osm_nodes,45,0.02358,0.2118,
3880,seattle,1,0,osm_nodes,32,0.024956,0.2276,
3881,seattle,1,0,osm_nodes,30,0.025025,0.2209,
3882,seattle,1,0,osm_nodes,30,0.025073,0.221,
3883,seattle,1,0,osm_nodes,33,0.024546,0.1612,
3884,seattle,1,0,osm_nodes,38,0.02439,0.1985,
3885,seattle,1,0,osm_nodes,38,0.024446,0.1978,
3886,seattle,1,0,osm_nodes,39,0.024143,0.1845,
3887,seattle,1,1,osm_nodes,36,0.02463,0.1534,
3888,seattle,1,0,osm_nodes,42,0.024325,0.1898,
3889,seattle,1,0,osm_nodes,44,0.024838,0.2071,
3890,seattle,1,0,osm_nodes,34,0.023982,0.179,
3891,seattle,1,0,osm_nodes,34,0.023537,0.1767,
3892,seattle,1,0,osm_nodes,37,0.024231,0.2036,
3893,seattle,1,0,osm_nodes,27,0.02309,0.2448,
3894,seattle,1,0,osm_nodes,33,0.022353,0.259,
3895,seattle,1,1,osm_nodes,26,0.01634,0.2336,
3896,seattle,1,0,osm_nodes,26,0.016483,0.2899,
3897,seattle,1,0,osm_nodes,34,0.014895,0.0713,
3898,seattle,1,0,osm_nodes,28,0.014296,0.0737,
3899,seattle,1,0,osm_nodes,24,0.014043,0.0202,
3900,seattle,1,0,osm_nodes,26,0.013325,0.1458,
3901,seattle,1,0,osm_nodes,22,0.015236,0.3719,
3902,seattle,1,0,osm_nodes,25,0.016584,0.2413,
3903,seattle,1,1,osm_nodes,32,0.019432,0.1994,
3904,seattle,1,0,osm_nodes,54,0.020119,0.0993,
3905,seattle,1,0,osm_nodes,71,0.024013,0.1805,
3906,seattle,1,0,osm_nodes,67,0.024275,0.2452,
3907,seattle,1,0,osm_nodes,74,0.028363,0.302,
3908,seattle,1,0,osm_nodes,66,0.022844,0.2052,
3909,seattle,1,0,osm_nodes,60,0.020165,0.1202,
3910,seattle,1,1,osm_nodes,53,0.022663,0.2863,
3911,seattle,1,0,osm_nodes,84,0.031193,0.3378,
3912,seattle,1,0,osm_nodes,64,0.021369,0.0897,
3913,seattle,1,0,osm_nodes,62,0.022269,0.0802,
3914,seattle,1,0,osm_nodes,90,0.031551,0.4375,
3915,seattle,1,0,osm_nodes,86,0.02858,0.2711,
3916,seattle,1,0,osm_nodes,90,0.030714,0.3349,
3917,seattle,1,0,osm_nodes,86,0.028506,0.2644,
3918,seattle,1,0,osm_nodes,65,0.025218,0.0682,
3919,seattle,1,0,osm_nodes,79,0.027373,0.1893,
3920,seattle,1,1,osm_nodes,61,0.024614,0.2158,
3921,seattle,1,0,osm_nodes,30,0.019193,0.1738,
3922,seattle,1,1,osm_nodes,62,0.025117,0.2009,
3923,seattle,1,1,osm_nodes,84,0.028863,0.3687,
3924,seattle,1,1,osm_nodes,89,0.031077,0.3181,
3925,seattle,1,1,osm_nodes,85,0.029041,0.3706,
3926,seattle,1,0,osm_nodes,21,0.012683,0.1104,
3927,seattle,1,1,osm_nodes,67,0.024112,0.3439,
3928,seattle,1,1,osm_nodes,91,0.030332,0.3196,
3929,seattle,1,1,osm_nodes,92,0.029678,0.3037,
3930,seattle,1,0,osm_nodes,51,0.023443,0.1893,
3931,seattle,1,0,osm_nodes,35,0.021241,0.3775,
3932,seattle,1,1,osm_nodes,96,0.03316,0.526,
3933,seattle,1,0,osm_nodes,81,0.027948,0.2598,
3934,seattle,1,0,osm_nodes,57,0.028833,0.4501,
3935,seattle,1,0,osm_nodes,70,0.025332,0.3512,
3936,seattle,1,0,osm_nodes,82,0.028433,0.3288,
3937,seattle,1,1,osm_nodes,60,0.022836,0.2604,
3938,seattle,1,1,osm_nodes,108,0.035216,0.4661,
3939,seattle,1,0,osm_nodes,76,0.032427,0.4467,
3940,seattle,1,1,osm_nodes,85,0.030679,0.4521,
3941,seattle,1,1,osm_nodes,61,0.023166,0.2756,
3942,seattle,1,0,osm_nodes,66,0.032103,0.452,
3943,seattle,1,0,osm_nodes,69,0.026176,0.44,
3944,seattle,1,1,osm_nodes,37,0.01817,0.2214,
3945,seattle,1,0,osm_nodes,70,0.029167,0.6029,
3946,seattle,1,1,osm_nodes,74,0.027507,0.5299,
3947,seattle,1,1,osm_nodes,54,0.025448,0.5242,
3948,seattle,1,0,osm_nodes,89,0.032068,0.538,
3949,seattle,1,1,osm_nodes,109,0.037651,0.2424,
3950,seattle,1,1,osm_nodes,108,0.037585,0.2406,
3951,seattle,1,0,osm_nodes,106,0.034395,0.2608,
3952,seattle,1,0,osm_nodes,69,0.029849,0.5171,
3953,seattle,1,0,osm_nodes,47,0.021016,0.362,
3954,seattle,1,0,osm_nodes,86,0.034389,0.4412,
3955,seattle,1,0,osm_nodes,108,0.035631,0.3537,
3956,seattle,1,0,osm_nodes,96,0.032344,0.2853,
3957,seattle,1,0,osm_nodes,29,0.013806,0.1233,
3958,seattle,1,0,osm_nodes,72,0.031063,0.1945,
3959,seattle,1,0,osm_nodes,75,0.031672,0.4433,
3968,seattle,1,0,osm_nodes,80,0.031172,0.3189,
3969,seattle,1,1,osm_nodes,74,0.027952,0.387,
3970,seattle,1,1,osm_nodes,78,0.0295,0.4197,
3971,seattle,1,0,osm_nodes,66,0.031524,0.375,
3972,seattle,1,0,osm_nodes,36,0.008996,0.0716,
3973,seattle,1,1,osm_nodes,47,0.019627,0.2794,
3974,seattle,1,1,osm_nodes,96,0.038931,0.3719,
3975,seattle,1,1,osm_nodes,96,0.038037,0.4152,
3976,seattle,1,1,osm_nodes,96,0.038134,0.415,
3977,seattle,1,0,osm_nodes,66,0.03196,0.4581,
3978,seattle,1,1,osm_nodes,89,0.03481,0.4079,
3979,seattle,1,1,osm_nodes,86,0.034507,0.4062,
3980,seattle,1,1,osm_nodes,85,0.036753,0.1324,
3981,seattle,1,1,osm_nodes,83,0.036568,0.1265,
3982,seattle,0,0,osm_nodes,74,0.025341,0.1089,
3983,seattle,1,0,osm_nodes,93,0.035899,0.522,
3984,seattle,1,0,osm_nodes,80,0.029119,0.1216,
3985,seattle,1,0,osm_nodes,83,0.035545,0.4909,
3986,seattle,1,1,osm_nodes,72,0.029754,0.3854,
3987,seattle,1,0,osm_nodes,79,0.027302,0.1658,
3988,seattle,1,0,osm_nodes,76,0.03291,0.51,
3989,seattle,1,0,osm_nodes,86,0.037615,0.4577,
3990,seattle,1,0,osm_nodes,64,0.030637,0.3894,
3991,seattle,1,0,osm_nodes,75,0.035248,0.5404,
3992,seattle,1,1,osm_nodes,54,0.023484,0.5285,
3993,seattle,1,0,osm_nodes,61,0.0288,0.4872,
3994,seattle,1,0,osm_nodes,67,0.031964,0.4952,
3995,seattle,1,1,osm_nodes,81,0.039419,0.5676,
3996,seattle,1,0,osm_nodes,70,0.032356,0.4332,
3997,seattle,1,0,osm_nodes,72,0.03673,0.4549,
3998,seattle,1,0,osm_nodes,75,0.0325,0.4883,
3999,seattle,1,1,osm_nodes,52,0.024229,0.8264,
4000,seattle,1,0,osm_nodes,38,0.018766,0.381,
4001,seattle,1,0,osm_nodes,61,0.028659,0.1408,
4002,seattle,1,0,osm_nodes,63,0.028472,0.3471,
4003,seattle,1,0,osm_nodes,70,0.032725,0.5042,
4004,seattle,1,0,osm_nodes,74,0.031688,0.5325,
4005,seattle,1,0,osm_nodes,50,0.025615,0.2464,
4006,seattle,1,0,osm_nodes,75,0.033797,0.4969,
4007,seattle,1,0,osm_nodes,70,0.034272,0.5343,
4008,seattle,1,0,osm_nodes,79,0.034296,0.4619,
4009,seattle,1,0,osm_nodes,64,0.027007,0.5547,
4010,seattle,1,0,osm_nodes,64,0.027841,0.3271,
4011,seattle,1,0,osm_nodes,73,0.030189,0.3617,
4012,seattle,1,0,osm_nodes,71,0.034412,0.4948,
4013,seattle,1,0,osm_nodes,73,0.028563,0.2801,
4014,seattle,1,0,osm_nodes,61,0.030582,0.5316,
4015,seattle,1,0,osm_nodes,69,0.029326,0.286,
4016,seattle,1,1,osm_nodes,61,0.029519,0.4274,
4017,seattle,1,0,osm_nodes,66,0.024629,0.1585,
4018,seattle,1,0,osm_nodes,76,0.029215,0.155,
4019,seattle,1,0,osm_nodes,75,0.029572,0.1669,
4020,seattle,1,0,osm_nodes,57,0.022201,0.1513,
4021,seattle,1,0,osm_nodes,24,0.019091,0.2013,
4022,seattle,1,0,osm_nodes,58,0.022206,0.1019,
4023,seattle,1,0,osm_nodes,60,0.022646,0.0927,
4024,seattle,1,0,osm_nodes,38,0.021163,0.1637,
4025,seattle,1,0,osm_nodes,33,0.021406,0.2215,
4026,seattle,1,0,osm_nodes,32,0.021479,0.2277,
4027,seattle,1,0,osm_nodes,40,0.021982,0.1405,
4028,seattle,1,0,osm_nodes,40,0.023775,0.2427,
4029,seattle,1,1,osm_nodes,57,0.026072,0.2535,
4030,seattle,1,1,osm_nodes,57,0.025855,0.2644,
4031,seattle,1,0,osm_nodes,17,0.013102,0.1014,
4032,seattle,1,1,osm_nodes,35,0.020312,0.2464,
4033,seattle,1,0,osm_nodes,61,0.017831,0.2584,
4034,seattle,1,0,osm_nodes,51,0.008213,0.301,
4035,seattle,1,0,osm_nodes,52,0.008222,0.3193,
4036,seattle,1,0,osm_nodes,18,0.015183,0.0,
4037,seattle,1,0,osm_nodes,66,0.016583,0.3018,
4038,seattle,1,1,osm_nodes,17,0.014985,0.0,
4039,seattle,1,0,osm_nodes,56,0.024263,0.3216,
4040,seattle,1,0,osm_nodes,64,0.019443,0.3325,
4041,seattle,1,0,osm_nodes,57,0.024538,0.3307,
4042,seattle,1,0,osm_nodes,52,0.017929,0.2777,
4043,seattle,0,0,osm_nodes,26,0.013873,0.3069,
4044,seattle,1,0,osm_nodes,36,0.017985,0.2038,
4045,seattle,1,0,osm_nodes,32,0.015993,0.2172,
4046,seattle,1,0,osm_nodes,46,0.02447,0.3397,
4047,seattle,1,0,osm_nodes,39,0.021336,0.3263,
4048,seattle,1,0,osm_nodes,39,0.021366,0.3128,
4049,seattle,1,0,osm_nodes,41,0.024593,0.3468,
4050,seattle,1,0,osm_nodes,41,0.025096,0.3376,
4051,seattle,1,0,osm_nodes,57,0.020671,0.2265,
4052,seattle,1,1,osm_nodes,30,0.013552,0.2258,
4053,seattle,1,0,osm_nodes,40,0.024944,0.292,
4054,seattle,1,0,osm_nodes,36,0.023335,0.2673,
4055,seattle,1,0,osm_nodes,35,0.02316,0.2448,
4056,seattle,1,0,osm_nodes,53,0.023333,0.2239,
4057,seattle,1,0,osm_nodes,50,0.020567,0.2826,
4058,seattle,1,0,osm_nodes,66,0.022045,0.3051,
4059,seattle,1,1,osm_nodes,49,0.019656,0.3741,
4060,seattle,1,0,osm_nodes,54,0.020908,0.2438,
4061,seattle,1,0,osm_nodes,67,0.022263,0.3284,
4062,seattle,1,0,osm_nodes,40,0.020097,0.0299,
4063,seattle,1,0,osm_nodes,66,0.0245,0.2043,
4064,seattle,1,0,osm_nodes,49,0.024597,0.2554,
4065,seattle,1,0,osm_nodes,68,0.026079,0.3669,
4066,seattle,1,0,osm_nodes,56,0.02928,0.4201,
4067,seattle,1,0,osm_nodes,50,0.023192,0.2254,
4068,seattle,1,0,osm_nodes,69,0.026841,0.2644,
4069,seattle,1,0,osm_nodes,66,0.028871,0.2272,
4070,seattle,1,0,osm_nodes,64,0.028432,0.2401,
4071,seattle,1,0,osm_nodes,64,0.028075,0.2485,
4072,seattle,1,0,osm_nodes,77,0.032507,0.1949,
4073,seattle,1,0,osm_nodes,73,0.031969,0.2549,
4074,seattle,1,1,osm_nodes,64,0.031576,0.2482,
4075,seattle,1,0,osm_nodes,82,0.035774,0.2144,
4076,seattle,1,0,osm_nodes,85,0.034974,0.1764,
4077,seattle,1,0,osm_nodes,52,0.027771,0.3416,
4078,seattle,1,0,osm_nodes,48,0.025848,0.2809,
4079,seattle,1,0,osm_nodes,47,0.029587,0.2362,
4080,seattle,1,0,osm_nodes,63,0.029087,0.1975,
4081,seattle,1,0,osm_nodes,68,0.027966,0.2971,
4082,seattle,1,0,osm_nodes,67,0.028046,0.2586,
4083,seattle,1,0,osm_nodes,62,0.028898,0.1987,
4084,seattle,1,0,osm_nodes,52,0.02774,0.2564,
4085,seattle,1,0,osm_nodes,55,0.029911,0.2587,
4086,seattle,1,0,osm_nodes,64,0.028619,0.263,
4087,seattle,1,0,osm_nodes,56,0.030469,0.2916,
4088,seattle,1,0,osm_nodes,62,0.029757,0.2163,
4089,seattle,1,1,osm_nodes,86,0.036404,0.4164,
4090,seattle,1,0,osm_nodes,92,0.038139,0.4005,
4091,seattle,1,0,osm_nodes,51,0.028763,0.2833,
4092,seattle,1,1,osm_nodes,98,0.035603,0.4153,
4093,seattle,1,0,osm_nodes,77,0.032873,0.2625,
4094,seattle,1,0,osm_nodes,50,0.029202,0.2679,
4095,seattle,1,0,osm_nodes,47,0.029732,0.2931,
4096,seattle,1,0,osm_nodes,45,0.029359,0.2855,
4097,seattle,1,0,osm_nodes,45,0.02962,0.2966,
4098,seattle,1,0,osm_nodes,63,0.028025,0.4605,
4099,seattle,1,0,osm_nodes,77,0.030276,0.259,
4100,seattle,1,0,osm_nodes,47,0.029172,0.3099,
4101,seattle,1,0,osm_nodes,49,0.028844,0.2871,
4102,seattle,1,0,osm_nodes,54,0.026566,0.4164,
4103,seattle,1,0,osm_nodes,86,0.034619,0.2326,
4104,seattle,1,0,osm_nodes,53,0.030788,0.325,
4105,seattle,1,1,osm_nodes,73,0.032177,0.4262,
4106,seattle,1,0,osm_nodes,36,0.024201,0.196,
4107,seattle,1,0,osm_nodes,53,0.030394,0.318,
4108,seattle,1,0,osm_nodes,53,0.030376,0.3309,
4109,seattle,1,0,osm_nodes,40,0.024501,0.1357,
4110,seattle,1,0,osm_nodes,40,0.026356,0.2503,
4111,seattle,1,0,osm_nodes,45,0.026968,0.2383,
4112,seattle,1,0,osm_nodes,53,0.030668,0.3051,
4113,seattle,1,0,osm_nodes,52,0.030168,0.3032,
4114,seattle,1,1,osm_nodes,30,0.024029,0.2092,
4115,seattle,1,0,osm_nodes,36,0.025732,0.2309,
4116,seattle,1,0,osm_nodes,32,0.023884,0.2517,
4117,seattle,1,0,osm_nodes,51,0.02925,0.333,
4118,seattle,1,0,osm_nodes,67,0.033504,0.3357,
4119,seattle,1,0,osm_nodes,51,0.023877,0.3813,
4120,seattle,1,0,osm_nodes,58,0.02652,0.2651,
4121,seattle,1,0,osm_nodes,28,0.021376,0.2269,
4122,seattle,1,0,osm_nodes,60,0.025815,0.2681,
4123,seattle,1,1,osm_nodes,40,0.026003,0.3084,
4124,seattle,1,0,osm_nodes,40,0.023938,0.3117,
4125,seattle,1,1,osm_nodes,43,0.024831,0.2172,
4126,seattle,1,0,osm_nodes,45,0.028895,0.2274,
4127,seattle,1,0,osm_nodes,40,0.025735,0.2422,
4128,seattle,1,0,osm_nodes,47,0.029177,0.232,
4129,seattle,1,0,osm_nodes,49,0.029452,0.2648,
4130,seattle,1,0,osm_nodes,36,0.023048,0.229,
4131,seattle,1,0,osm_nodes,19,0.015114,0.2019,
4132,seattle,1,0,osm_nodes,40,0.029222,0.2301,
4133,seattle,1,0,osm_nodes,28,0.022645,0.2061,
4134,seattle,1,1,osm_nodes,44,0.026795,0.2187,
4135,seattle,1,0,osm_nodes,44,0.028839,0.2599,
4136,seattle,1,0,osm_nodes,48,0.030219,0.2655,
4137,seattle,1,1,osm_nodes,44,0.022988,0.2153,
4138,seattle,1,1,osm_nodes,41,0.026163,0.2179,
4139,seattle,1,0,osm_nodes,49,0.031242,0.2125,
4140,seattle,1,1,osm_nodes,41,0.02451,0.1464,
4141,seattle,1,0,osm_nodes,29,0.016413,0.1908,
4142,seattle,1,0,osm_nodes,51,0.030934,0.144,
4143,seattle,1,0,osm_nodes,23,0.023621,0.2209,
4144,seattle,1,0,osm_nodes,25,0.023852,0.2712,
4145,seattle,1,0,osm_nodes,48,0.028865,0.2521,
4146,seattle,1,1,osm_nodes,46,0.03102,0.1209,
4147,seattle,1,0,osm_nodes,23,0.023957,0.2272,
4148,seattle,1,0,osm_nodes,23,0.023903,0.2261,
4149,seattle,1,0,osm_nodes,45,0.029472,0.0734,
4150,seattle,1,0,osm_nodes,43,0.026669,0.2919,
4151,seattle,1,0,osm_nodes,42,0.026669,0.2775,
4152,seattle,1,0,osm_nodes,41,0.026625,0.2807,
4153,seattle,1,0,osm_nodes,39,0.026965,0.1317,
4154,seattle,0,0,osm_nodes,18,0.000514,0.1303,
4155,seattle,1,0,osm_nodes,11,0.00711,0.0823,
4156,seattle,0,0,osm_nodes,6,0.000313,0.0302,
4157,seattle,1,0,osm_nodes,19,0.011441,0.005,
4158,seattle,0,0,osm_nodes,10,0.0,0.103,
4159,seattle,1,0,osm_nodes,17,0.011018,0.0086,
4160,seattle,0,0,osm_nodes,17,0.0,0.1759,
4161,seattle,0,0,osm_nodes,25,0.0,0.1359,
4162,seattle,0,0,osm_nodes,27,0.0,0.1417,
4163,seattle,1,1,osm_nodes,51,0.022175,0.1762,
4164,seattle,1,0,osm_nodes,13,0.016452,0.0767,
4165,seattle,1,0,osm_nodes,13,0.016573,0.0939,
4166,seattle,1,0,osm_nodes,46,0.022494,0.1776,
4167,seattle,1,1,osm_nodes,50,0.022611,0.2004,
4168,seattle,1,1,osm_nodes,43,0.018974,0.1206,
4169,seattle,1,1,osm_nodes,23,0.017389,0.1972,
4170,seattle,1,0,osm_nodes,18,0.008458,0.2933,
4171,seattle,1,0,osm_nodes,18,0.008279,0.3418,
4172,seattle,1,0,osm_nodes,29,0.009914,0.2474,
4173,seattle,1,0,osm_nodes,29,0.010044,0.2512,
4174,seattle,1,0,osm_nodes,18,0.00808,0.3768,
4175,seattle,1,0,osm_nodes,27,0.013167,0.3063,
4176,seattle,1,0,osm_nodes,25,0.013072,0.2372,
4177,seattle,1,0,osm_nodes,27,0.01352,0.2633,
4178,seattle,1,0,osm_nodes,26,0.013775,0.1801,
4179,seattle,1,1,osm_nodes,50,0.018873,0.15,
4180,seattle,1,0,osm_nodes,56,0.021018,0.2654,
4181,seattle,1,0,osm_nodes,36,0.016231,0.2465,
4182,seattle,1,0,osm_nodes,60,0.021687,0.1978,
4183,seattle,0,1,osm_nodes,48,0.016063,0.1537,
4184,seattle,1,0,osm_nodes,58,0.021662,0.2141,
4185,seattle,1,0,osm_nodes,32,0.016764,0.1999,
4186,seattle,1,0,osm_nodes,56,0.020987,0.385,
4187,seattle,1,0,osm_nodes,61,0.0197,0.239,
4188,seattle,1,0,osm_nodes,46,0.015211,0.1637,
4189,seattle,1,0,osm_nodes,46,0.014757,0.272,
4190,seattle,1,0,osm_nodes,24,0.008552,0.345,
4191,seattle,1,0,osm_nodes,46,0.014896,0.1703,
4192,seattle,1,0,osm_nodes,42,0.014443,0.2093,
4193,seattle,1,0,osm_nodes,39,0.014105,0.2824,
4194,seattle,1,0,osm_nodes,24,0.009248,0.3053,
4195,seattle,0,0,osm_nodes,32,0.008878,0.2942,
4196,seattle,1,0,osm_nodes,21,0.009959,0.3376,
4197,seattle,1,0,osm_nodes,20,0.01053,0.3116,
4198,seattle,1,0,osm_nodes,19,0.010493,0.2977,
4199,seattle,1,0,osm_nodes,27,0.01106,0.3008,
4200,seattle,1,0,osm_nodes,34,0.013784,0.193,
4201,seattle,1,0,osm_nodes,42,0.013016,0.1925,
4202,seattle,1,1,osm_nodes,30,0.00973,0.2173,
4203,seattle,1,0,osm_nodes,22,0.006599,0.2196,
4204,seattle,1,0,osm_nodes,27,0.015408,0.368,
4205,seattle,1,0,osm_nodes,28,0.015395,0.4152,
4206,seattle,1,0,osm_nodes,17,0.007301,0.1002,
4207,seattle,1,0,osm_nodes,18,0.007199,0.1689,
4208,seattle,1,0,osm_nodes,24,0.01965,0.2206,
4209,seattle,1,0,osm_nodes,24,0.015071,0.3714,
4210,seattle,1,0,osm_nodes,24,0.014347,0.2693,
4211,seattle,1,0,osm_nodes,22,0.01369,0.2448,
4212,seattle,1,0,osm_nodes,16,0.011979,0.1486,
4213,seattle,0,0,osm_nodes,16,0.012606,0.0518,
4214,seattle,1,0,osm_nodes,47,0.030901,0.2313,
4215,seattle,1,1,osm_nodes,42,0.028285,0.2369,
4216,seattle,1,0,osm_nodes,50,0.031611,0.237,
4217,seattle,1,0,osm_nodes,43,0.029701,0.212,
4218,seattle,1,1,osm_nodes,44,0.028402,0.2242,
4219,seattle,1,1,osm_nodes,48,0.029868,0.2356,
4220,seattle,1,1,osm_nodes,69,0.034765,0.2388,
4221,seattle,1,0,osm_nodes,69,0.032237,0.2122,
4222,seattle,1,0,osm_nodes,48,0.029765,0.2255,
4223,seattle,1,1,osm_nodes,72,0.033689,0.2241,
4224,seattle,1,0,osm_nodes,44,0.029731,0.1798,
4225,seattle,1,0,osm_nodes,49,0.029826,0.2339,
4226,seattle,1,0,osm_nodes,40,0.027938,0.1579,
4227,seattle,1,0,osm_nodes,49,0.029791,0.2362,
4228,seattle,1,0,osm_nodes,53,0.029921,0.2334,
4229,seattle,1,0,osm_nodes,44,0.029681,0.1798,
4230,seattle,1,1,osm_nodes,68,0.034814,0.2448,
4231,seattle,1,0,osm_nodes,54,0.029978,0.2303,
4232,seattle,1,0,osm_nodes,38,0.023288,0.183,
4233,seattle,1,1,osm_nodes,84,0.033089,0.2483,
4234,seattle,1,1,osm_nodes,96,0.035191,0.2215,
4235,seattle,1,0,osm_nodes,81,0.032466,0.2138,
4236,seattle,1,1,osm_nodes,87,0.034019,0.2056,
4237,seattle,1,0,osm_nodes,27,0.011508,0.1348,
4238,seattle,1,0,osm_nodes,71,0.028545,0.3602,
4239,seattle,0,0,osm_nodes,47,0.027513,0.2143,
4240,seattle,1,0,osm_nodes,64,0.024781,0.2633,
4241,seattle,1,0,osm_nodes,65,0.024813,0.2628,
4242,seattle,1,0,osm_nodes,50,0.020184,0.2087,
4243,seattle,1,0,osm_nodes,49,0.014466,0.1898,
4244,seattle,1,0,osm_nodes,64,0.026103,0.2597,
4245,seattle,1,0,osm_nodes,44,0.027357,0.1887,
4246,seattle,1,0,osm_nodes,55,0.026889,0.2432,
4247,seattle,1,0,osm_nodes,44,0.027331,0.1875,
4248,seattle,1,0,osm_nodes,70,0.025166,0.23,
4249,seattle,1,0,osm_nodes,67,0.025486,0.2297,
4250,seattle,1,0,osm_nodes,62,0.023585,0.1804,
4251,seattle,1,1,osm_nodes,64,0.025682,0.2538,
4252,seattle,1,1,osm_nodes,69,0.027424,0.2504,
4253,seattle,1,1,osm_nodes,67,0.027306,0.2373,
4254,seattle,1,1,osm_nodes,69,0.027453,0.2548,
4255,seattle,0,0,osm_nodes,48,0.02063,0.2261,
4256,seattle,0,0,osm_nodes,34,0.018885,0.2127,
4257,seattle,1,1,osm_nodes,57,0.01988,0.1734,
4258,seattle,1,0,osm_nodes,35,0.024178,0.2218,
4259,seattle,1,0,osm_nodes,37,0.024531,0.2129,
4260,seattle,1,0,osm_nodes,40,0.02517,0.2146,
4261,seattle,1,0,osm_nodes,44,0.026561,0.2506,
4262,seattle,1,1,osm_nodes,65,0.023432,0.2339,
4263,seattle,1,1,osm_nodes,71,0.024944,0.2321,
4264,seattle,1,1,osm_nodes,69,0.025547,0.2236,
4265,seattle,1,0,osm_nodes,80,0.029277,0.2488,
4266,seattle,1,0,osm_nodes,53,0.02866,0.2005,
4267,seattle,1,0,osm_nodes,47,0.026011,0.1836,
4268,seattle,1,0,osm_nodes,58,0.030727,0.2676,
4269,seattle,1,0,osm_nodes,83,0.028854,0.2291,
4270,seattle,1,0,osm_nodes,88,0.031921,0.2731,
4271,seattle,1,1,osm_nodes,44,0.027288,0.3116,
4272,seattle,1,0,osm_nodes,47,0.025513,0.1943,
4273,seattle,1,0,osm_nodes,34,0.023407,0.2759,
4274,seattle,1,0,osm_nodes,77,0.031657,0.2515,
4275,seattle,1,0,osm_nodes,44,0.025502,0.1884,
4276,seattle,1,1,osm_nodes,48,0.027709,0.3098,
4277,seattle,1,1,osm_nodes,68,0.020973,0.0941,
4278,seattle,1,1,osm_nodes,78,0.024724,0.134,
4279,seattle,1,0,osm_nodes,80,0.025087,0.141,
4280,seattle,1,0,osm_nodes,41,0.02804,0.2758,
4281,seattle,1,0,osm_nodes,69,0.03101,0.3196,
4282,seattle,1,0,osm_nodes,72,0.030698,0.3214,
4283,seattle,1,0,osm_nodes,39,0.023076,0.1955,
4284,seattle,1,0,osm_nodes,39,0.026417,0.2672,
4285,seattle,1,0,osm_nodes,43,0.027475,0.2816,
4286,seattle,1,0,osm_nodes,5,0.004042,0.0274,
4287,seattle,1,1,osm_nodes,31,0.015507,0.183,
4288,seattle,1,1,osm_nodes,31,0.015542,0.1734,
4289,seattle,1,1,osm_nodes,36,0.025471,0.1071,
4290,seattle,1,0,osm_nodes,38,0.023975,0.1993,
4291,seattle,1,0,osm_nodes,36,0.022668,0.2423,
4292,seattle,1,0,osm_nodes,28,0.015143,0.1967,
4293,seattle,1,0,osm_nodes,56,0.028297,0.261,
4294,seattle,1,0,osm_nodes,83,0.024012,0.4244,
4295,seattle,1,0,osm_nodes,57,0.030211,0.1366,
4296,seattle,1,0,osm_nodes,59,0.026136,0.0938,
4297,seattle,1,0,osm_nodes,72,0.028139,0.2959,
4298,seattle,1,1,osm_nodes,28,0.018174,0.2491,
4299,seattle,1,0,osm_nodes,58,0.025491,0.1047,
4300,seattle,1,0,osm_nodes,31,0.021993,0.2774,
4301,seattle,1,0,osm_nodes,31,0.021806,0.274,
4302,seattle,1,0,osm_nodes,31,0.021982,0.2777,
4303,seattle,1,0,osm_nodes,70,0.026941,0.2206,
4304,seattle,1,0,osm_nodes,34,0.023387,0.2325,
4305,seattle,1,1,osm_nodes,28,0.018142,0.242,
4306,seattle,1,0,osm_nodes,21,0.022473,0.3039,
4307,seattle,1,0,osm_nodes,16,0.0122,0.2307,
4308,seattle,1,0,osm_nodes,16,0.012225,0.232,
4309,seattle,1,0,osm_nodes,19,0.017151,0.208,
4310,seattle,1,0,osm_nodes,23,0.017264,0.2162,
4311,seattle,1,0,osm_nodes,10,0.011078,0.0484,
4312,seattle,1,0,osm_nodes,11,0.010609,0.0484,
4313,seattle,1,0,osm_nodes,10,0.009749,0.0366,
4314,seattle,1,1,osm_nodes,22,0.022604,0.1524,
4315,seattle,1,0,osm_nodes,50,0.024679,0.1238,
4316,seattle,1,0,osm_nodes,48,0.024252,0.1263,
4317,seattle,1,0,osm_nodes,39,0.017993,0.1875,
4318,seattle,1,0,osm_nodes,42,0.022484,0.2715,
4319,seattle,1,0,osm_nodes,43,0.022496,0.2733,
4320,seattle,1,1,osm_nodes,25,0.023695,0.2123,
4321,seattle,1,0,osm_nodes,19,0.022843,0.2597,
4322,seattle,1,0,osm_nodes,39,0.024295,0.2429,
4323,seattle,1,0,osm_nodes,35,0.02382,0.2368,
4324,seattle,1,0,osm_nodes,26,0.022841,0.2769,
4325,seattle,1,0,osm_nodes,26,0.02344,0.2645,
4326,seattle,1,0,osm_nodes,32,0.020118,0.1186,
4327,seattle,1,0,osm_nodes,28,0.02215,0.1722,
4328,seattle,1,1,osm_nodes,27,0.013648,0.0562,
4329,seattle,1,0,osm_nodes,35,0.024936,0.2051,
4330,seattle,1,0,osm_nodes,51,0.02819,0.3083,
4331,seattle,1,1,osm_nodes,24,0.017454,0.1053,
4332,seattle,1,1,osm_nodes,24,0.017649,0.1072,
4333,seattle,1,0,osm_nodes,36,0.026461,0.1934,
4334,seattle,1,0,osm_nodes,38,0.026447,0.1939,
4335,seattle,1,0,osm_nodes,44,0.028553,0.2047,
4336,seattle,1,0,osm_nodes,43,0.023265,0.1641,
4337,seattle,1,0,osm_nodes,43,0.028691,0.2043,
4338,seattle,0,0,osm_nodes,8,0.000143,0.1469,
4339,seattle,0,0,osm_nodes,30,0.002141,0.4297,
4340,seattle,0,0,osm_nodes,13,0.001896,0.221,
4341,seattle,0,0,osm_nodes,12,0.001228,0.2034,
4342,seattle,0,0,osm_nodes,26,0.004416,0.2722,
4343,seattle,1,0,osm_nodes,24,0.003056,0.3157,
4344,seattle,0,0,osm_nodes,26,0.005694,0.1592,
4345,seattle,0,0,osm_nodes,29,0.001653,0.1369,
4346,seattle,1,0,osm_nodes,11,0.001236,0.1206,
4347,seattle,1,0,osm_nodes,46,0.011471,0.2345,
4348,seattle,1,0,osm_nodes,62,0.015862,0.3431,
4349,seattle,1,0,osm_nodes,60,0.01587,0.355,
4350,seattle,1,0,osm_nodes,20,0.007552,0.1007,
4351,seattle,1,0,osm_nodes,26,0.008871,0.1367,
4352,seattle,1,1,osm_nodes,19,0.007905,0.1379,
4353,seattle,1,1,osm_nodes,18,0.001187,0.0325,
4354,seattle,0,0,osm_nodes,20,0.000514,0.065,
4355,seattle,1,1,osm_nodes,22,0.016252,0.1296,
4356,seattle,1,1,osm_nodes,22,0.017538,0.1661,
4357,seattle,1,0,osm_nodes,23,0.017061,0.1908,
4358,seattle,1,1,osm_nodes,13,0.011541,0.207,
4359,seattle,1,0,osm_nodes,22,0.018331,0.1933,
4360,seattle,1,0,osm_nodes,51,0.024527,0.1866,
4361,seattle,1,0,osm_nodes,51,0.024546,0.1766,
4362,seattle,1,0,osm_nodes,51,0.024435,0.1824,
4363,seattle,1,0,osm_nodes,48,0.022741,0.1541,
4364,seattle,1,0,osm_nodes,46,0.025297,0.2557,
4365,seattle,1,0,osm_nodes,39,0.023881,0.2129,
4366,seattle,1,0,osm_nodes,42,0.024824,0.2575,
4367,seattle,1,0,osm_nodes,65,0.027399,0.2249,
4368,seattle,1,0,osm_nodes,65,0.027404,0.2235,
4369,seattle,1,0,osm_nodes,53,0.02094,0.2207,
4370,seattle,1,0,osm_nodes,64,0.027511,0.2211,
4371,seattle,1,0,osm_nodes,55,0.022694,0.1847,
4372,seattle,1,0,osm_nodes,39,0.022115,0.2825,
4373,seattle,1,0,osm_nodes,19,0.019907,0.2189,
4374,seattle,1,0,osm_nodes,20,0.018996,0.1787,
4375,seattle,1,0,osm_nodes,18,0.020951,0.1983,
4376,seattle,1,0,osm_nodes,37,0.022143,0.2436,
4377,seattle,1,0,osm_nodes,27,0.00811,0.1178,
4378,seattle,1,0,osm_nodes,26,0.009095,0.1055,
4379,seattle,1,0,osm_nodes,24,0.007822,0.0471,
4380,seattle,1,1,osm_nodes,31,0.008536,0.0504,
4381,seattle,1,0,osm_nodes,30,0.013571,0.0871,
4382,seattle,1,0,osm_nodes,34,0.008546,0.037,
4383,seattle,1,1,osm_nodes,24,0.006712,0.0003,
4384,seattle,1,1,osm_nodes,26,0.01113,0.1855,
4385,seattle,1,0,osm_nodes,42,0.006675,0.0499,
4386,seattle,0,0,osm_nodes,39,0.006586,0.1063,
4387,seattle,1,0,osm_nodes,43,0.006606,0.0453,
4388,seattle,1,1,osm_nodes,70,0.012705,0.0156,
4389,seattle,0,1,osm_nodes,70,0.012927,0.0215,
4390,seattle,1,1,osm_nodes,66,0.013498,0.0233,
4391,seattle,1,1,osm_nodes,59,0.012827,0.2102,
4392,seattle,1,0,osm_nodes,38,0.009838,0.2548,
4393,seattle,1,0,osm_nodes,39,0.009936,0.2907,
4394,seattle,1,0,osm_nodes,34,0.013052,0.2689,
4395,seattle,0,0,osm_nodes,18,0.004594,0.3919,
4396,seattle,1,0,osm_nodes,28,0.00816,0.2862,
4397,seattle,1,0,osm_nodes,28,0.008587,0.3192,
4398,seattle,1,0,osm_nodes,27,0.008985,0.0179,
4399,seattle,1,0,osm_nodes,29,0.007339,0.2812,
4400,seattle,0,0,osm_nodes,32,0.005198,0.1467,
4401,seattle,0,0,osm_nodes,18,0.004082,0.2017,
4402,seattle,0,0,osm_nodes,16,0.004382,0.0447,
4403,seattle,1,0,osm_nodes,20,0.005401,0.3095,
4404,seattle,0,0,osm_nodes,13,0.002346,0.1737,
4405,seattle,0,0,osm_nodes,13,0.002389,0.1785,
4406,seattle,1,0,osm_nodes,27,0.012952,0.3132,
4407,seattle,1,1,osm_nodes,30,0.011213,0.2964,
4408,seattle,1,1,osm_nodes,29,0.0111,0.2665,
4409,seattle,1,1,osm_nodes,28,0.010073,0.1509,
4410,seattle,1,0,osm_nodes,23,0.013655,0.2099,
4411,seattle,1,1,osm_nodes,28,0.010652,0.1623,
4412,seattle,1,0,osm_nodes,20,0.012587,0.1941,
4413,seattle,1,0,osm_nodes,27,0.014953,0.0584,
4414,seattle,1,0,osm_nodes,35,0.013958,0.1395,
4415,seattle,1,1,osm_nodes,33,0.013291,0.2416,
4416,seattle,1,1,osm_nodes,32,0.012108,0.2703,
4417,seattle,1,1,osm_nodes,34,0.013521,0.2683,
4418,seattle,1,0,osm_nodes,25,0.015326,0.0735,
4419,seattle,1,0,osm_nodes,27,0.01625,0.1604,
4420,seattle,1,0,osm_nodes,29,0.012892,0.1382,
4421,seattle,1,1,osm_nodes,24,0.011776,0.2005,
4422,seattle,1,0,osm_nodes,22,0.011795,0.1939,
4423,seattle,1,0,osm_nodes,23,0.013551,0.0273,
4424,seattle,1,1,osm_nodes,40,0.009218,0.0879,
4425,seattle,1,1,osm_nodes,40,0.009172,0.0885,
4426,seattle,1,0,osm_nodes,16,0.008078,0.224,
4427,seattle,0,0,osm_nodes,10,0.001512,0.5252,
4428,seattle,0,0,osm_nodes,34,0.005946,0.4506,
4429,seattle,1,1,osm_nodes,43,0.009374,0.1394,
4430,seattle,1,0,osm_nodes,17,0.00839,0.1756,
4431,seattle,1,0,osm_nodes,49,0.012976,0.3285,
4432,seattle,1,0,osm_nodes,47,0.01272,0.2814,
4433,seattle,1,0,osm_nodes,16,0.006905,0.0078,
4434,seattle,1,0,osm_nodes,50,0.012842,0.2837,
4435,seattle,1,0,osm_nodes,26,0.013661,0.173,
4436,seattle,1,1,osm_nodes,25,0.022003,0.2076,
4437,seattle,1,0,osm_nodes,16,0.010335,0.0904,
4438,seattle,1,0,osm_nodes,17,0.016952,0.1705,
4439,seattle,1,0,osm_nodes,28,0.022548,0.1697,
4440,seattle,1,0,osm_nodes,30,0.022789,0.1257,
4441,seattle,1,0,osm_nodes,29,0.025278,0.1481,
4442,seattle,1,0,osm_nodes,24,0.01899,0.1783,
4443,seattle,1,0,osm_nodes,29,0.024257,0.1483,
4444,seattle,1,0,osm_nodes,48,0.031467,0.2289,
4445,seattle,1,0,osm_nodes,45,0.031556,0.26,
4446,seattle,1,0,osm_nodes,34,0.02737,0.274,
4447,seattle,1,0,osm_nodes,31,0.011221,0.1553,
4448,seattle,1,0,osm_nodes,38,0.029744,0.2713,
4449,seattle,1,0,osm_nodes,30,0.024119,0.2541,
4450,seattle,1,0,osm_nodes,44,0.03073,0.2887,
4451,seattle,1,0,osm_nodes,42,0.029228,0.2694,
4452,seattle,1,0,osm_nodes,34,0.026101,0.296,
4453,seattle,1,0,osm_nodes,52,0.032936,0.3012,
4454,seattle,1,0,osm_nodes,54,0.033588,0.3192,
4455,seattle,1,0,osm_nodes,52,0.031847,0.3386,
4456,seattle,1,0,osm_nodes,48,0.028312,0.2686,
4457,seattle,1,0,osm_nodes,45,0.028409,0.306,
4458,seattle,1,0,osm_nodes,46,0.027386,0.2002,
4459,seattle,1,0,osm_nodes,49,0.028604,0.206,
4460,seattle,1,0,osm_nodes,42,0.025578,0.1843,
4461,seattle,1,0,osm_nodes,46,0.026201,0.1853,
4462,seattle,1,0,osm_nodes,50,0.029928,0.2085,
4463,seattle,1,0,osm_nodes,44,0.026784,0.188,
4464,seattle,1,0,osm_nodes,48,0.030101,0.1971,
4465,seattle,1,0,osm_nodes,33,0.019951,0.2185,
4466,seattle,1,0,osm_nodes,58,0.027766,0.2269,
4467,seattle,1,0,osm_nodes,51,0.024571,0.1472,
4468,seattle,1,0,osm_nodes,34,0.018957,0.1938,
4469,seattle,1,0,osm_nodes,69,0.030579,0.3253,
4470,seattle,1,0,osm_nodes,66,0.028783,0.2261,
4471,seattle,1,0,osm_nodes,61,0.028164,0.2679,
4472,seattle,1,0,osm_nodes,60,0.028719,0.1689,
4473,seattle,1,0,osm_nodes,31,0.018456,0.2073,
4474,seattle,1,0,osm_nodes,31,0.016775,0.1887,
4475,seattle,1,0,osm_nodes,60,0.027747,0.2794,
4476,seattle,1,0,osm_nodes,53,0.025378,0.1663,
4477,seattle,1,0,osm_nodes,52,0.024798,0.1635,
4478,seattle,1,0,osm_nodes,89,0.027475,0.259,
4479,seattle,1,1,osm_nodes,92,0.028739,0.2676,
4480,seattle,1,1,osm_nodes,80,0.027816,0.3137,
4481,seattle,1,0,osm_nodes,23,0.018365,0.0803,
4482,seattle,1,0,osm_nodes,76,0.02573,0.1364,
4483,seattle,1,0,osm_nodes,79,0.026684,0.1955,
4484,seattle,1,0,osm_nodes,24,0.018816,0.0714,
4485,seattle,1,1,osm_nodes,67,0.025078,0.2786,
4486,seattle,1,1,osm_nodes,24,0.022698,0.2042,
4487,seattle,1,1,osm_nodes,24,0.02274,0.2025,
4488,seattle,1,0,osm_nodes,23,0.022183,0.213,
4489,seattle,1,0,osm_nodes,75,0.030786,0.2277,
4490,seattle,1,0,osm_nodes,32,0.012483,0.2151,
4491,seattle,1,1,osm_nodes,74,0.031612,0.2592,
4492,seattle,1,1,osm_nodes,75,0.031433,0.2607,
4493,seattle,1,1,osm_nodes,70,0.030119,0.2642,
4494,seattle,0,0,osm_nodes,13,0.00512,0.2203,
4495,seattle,1,1,osm_nodes,64,0.028035,0.2564,
4496,seattle,1,0,osm_nodes,33,0.015895,0.2528,
4497,seattle,1,0,osm_nodes,23,0.014504,0.3068,
4498,seattle,1,0,osm_nodes,27,0.015171,0.3023,
4499,seattle,1,0,osm_nodes,37,0.021122,0.0996,
4500,seattle,1,0,osm_nodes,30,0.017042,0.2427,
4501,seattle,1,0,osm_nodes,25,0.018329,0.1785,
4502,seattle,1,0,osm_nodes,26,0.018196,0.1698,
4503,seattle,1,0,osm_nodes,37,0.023687,0.1565,
4504,seattle,1,1,osm_nodes,22,0.020488,0.2264,
4505,seattle,1,0,osm_nodes,18,0.014036,0.0721,
4506,seattle,1,0,osm_nodes,24,0.017435,0.1795,
4507,seattle,1,0,osm_nodes,38,0.016007,0.188,
4508,seattle,1,0,osm_nodes,26,0.02161,0.137,
4509,seattle,1,0,osm_nodes,17,0.022824,0.2264,
4510,seattle,1,0,osm_nodes,23,0.022965,0.1972,
4511,seattle,1,0,osm_nodes,30,0.02005,0.1176,
4512,seattle,1,0,osm_nodes,45,0.01687,0.1106,
4513,seattle,0,0,osm_nodes,12,0.002851,0.1939,
4514,seattle,1,1,osm_nodes,75,0.02073,0.2143,
4515,seattle,1,0,osm_nodes,74,0.019978,0.0737,
4516,seattle,1,0,osm_nodes,48,0.021735,0.3574,
4517,seattle,1,0,osm_nodes,52,0.02041,0.3493,
4518,seattle,0,0,osm_nodes,18,0.010462,0.0842,
4519,seattle,1,0,osm_nodes,68,0.020384,0.144,
4520,seattle,1,0,osm_nodes,51,0.018582,0.2699,
4521,seattle,1,0,osm_nodes,58,0.024803,0.3525,
4522,seattle,1,0,osm_nodes,56,0.020518,0.2125,
4523,seattle,1,0,osm_nodes,59,0.023464,0.1789,
4524,seattle,1,0,osm_nodes,47,0.01734,0.1686,
4525,seattle,1,0,osm_nodes,56,0.023015,0.1719,
4526,seattle,1,0,osm_nodes,53,0.022405,0.1682,
4527,seattle,1,0,osm_nodes,46,0.022746,0.1766,
4528,seattle,1,0,osm_nodes,46,0.023304,0.3619,
4529,seattle,1,0,osm_nodes,58,0.027929,0.2281,
4530,seattle,1,0,osm_nodes,62,0.029111,0.2332,
4531,seattle,1,0,osm_nodes,47,0.022492,0.3462,
4532,seattle,1,0,osm_nodes,58,0.028279,0.2226,
4533,seattle,1,0,osm_nodes,28,0.009038,0.2809,
4534,seattle,1,0,osm_nodes,30,0.010037,0.2879,
4535,seattle,1,0,osm_nodes,39,0.021445,0.1799,
4536,seattle,1,0,osm_nodes,54,0.025545,0.227,
4537,seattle,1,0,osm_nodes,53,0.025551,0.2276,
4538,seattle,1,0,osm_nodes,46,0.026042,0.219,
4539,seattle,1,0,osm_nodes,53,0.025578,0.2319,
4540,seattle,1,0,osm_nodes,55,0.026108,0.2322,
4541,seattle,1,0,osm_nodes,47,0.026192,0.223,
4542,seattle,1,0,osm_nodes,28,0.019812,0.2272,
4543,seattle,1,0,osm_nodes,55,0.026448,0.2313,
4544,seattle,1,0,osm_nodes,48,0.026237,0.2219,
4545,seattle,1,0,osm_nodes,42,0.019036,0.1485,
4546,seattle,1,1,osm_nodes,16,0.005773,0.0661,
4547,seattle,1,1,osm_nodes,17,0.006407,0.0715,
4548,seattle,1,1,osm_nodes,17,0.006054,0.0767,
4549,seattle,1,1,osm_nodes,17,0.006251,0.0781,
4550,seattle,1,0,osm_nodes,43,0.018037,0.2654,
4551,seattle,1,0,osm_nodes,56,0.023019,0.1855,
4552,seattle,1,0,osm_nodes,39,0.021939,0.1731,
4553,seattle,1,0,osm_nodes,39,0.021778,0.1743,
4554,seattle,1,0,osm_nodes,34,0.021802,0.173,
4555,seattle,1,0,osm_nodes,46,0.019395,0.2973,
4556,seattle,1,0,osm_nodes,35,0.020987,0.1639,
4557,seattle,1,1,osm_nodes,32,0.023335,0.2543,
4558,seattle,1,0,osm_nodes,43,0.022132,0.1765,
4559,seattle,1,0,osm_nodes,38,0.021993,0.1847,
4560,seattle,1,1,osm_nodes,31,0.023208,0.2049,
4561,seattle,1,1,osm_nodes,30,0.022757,0.2186,
4562,seattle,1,0,osm_nodes,35,0.023639,0.2364,
4563,seattle,1,0,osm_nodes,29,0.024617,0.2368,
4564,seattle,1,1,osm_nodes,38,0.023094,0.2893,
4565,seattle,1,1,osm_nodes,42,0.023639,0.2106,
4566,seattle,1,1,osm_nodes,42,0.023615,0.2042,
4567,seattle,1,1,osm_nodes,36,0.021004,0.1488,
4568,seattle,1,0,osm_nodes,29,0.024382,0.246,
4569,seattle,1,1,osm_nodes,28,0.022447,0.2062,
4570,seattle,1,0,osm_nodes,24,0.023055,0.2769,
4571,seattle,1,0,osm_nodes,29,0.024352,0.2553,
4572,seattle,1,0,osm_nodes,40,0.024125,0.1922,
4573,seattle,1,1,osm_nodes,29,0.023475,0.2357,
4574,seattle,1,0,osm_nodes,46,0.019749,0.2551,
4575,seattle,1,0,osm_nodes,45,0.019822,0.2261,
4576,seattle,1,0,osm_nodes,42,0.022796,0.1988,
4577,seattle,1,0,osm_nodes,48,0.024029,0.2012,
4578,seattle,1,0,osm_nodes,34,0.026539,0.2219,
4579,seattle,1,0,osm_nodes,34,0.026542,0.2218,
4580,seattle,1,1,osm_nodes,37,0.02537,0.2152,
4581,seattle,1,0,osm_nodes,34,0.025299,0.1901,
4582,seattle,1,0,osm_nodes,22,0.022835,0.2727,
4583,seattle,1,0,osm_nodes,24,0.023825,0.2662,
4584,seattle,1,1,osm_nodes,43,0.028267,0.1997,
4585,seattle,1,0,osm_nodes,66,0.029511,0.2702,
4586,seattle,1,0,osm_nodes,31,0.022077,0.2013,
4587,seattle,1,0,osm_nodes,67,0.030306,0.3292,
4588,seattle,1,0,osm_nodes,68,0.030279,0.3281,
4589,seattle,1,0,osm_nodes,56,0.029837,0.3406,
4590,seattle,1,0,osm_nodes,71,0.032103,0.3744,
4591,seattle,1,0,osm_nodes,80,0.028496,0.2511,
4592,seattle,1,0,osm_nodes,65,0.022484,0.1633,
4593,seattle,1,0,osm_nodes,69,0.02287,0.1748,
4594,seattle,1,0,osm_nodes,66,0.022382,0.1682,
4595,seattle,1,1,osm_nodes,58,0.023325,0.0491,
4596,seattle,1,0,osm_nodes,65,0.030567,0.1777,
4597,seattle,1,1,osm_nodes,78,0.026503,0.244,
4598,seattle,1,1,osm_nodes,46,0.02866,0.2429,
4599,seattle,1,0,osm_nodes,65,0.029489,0.1693,
4600,seattle,1,0,osm_nodes,41,0.0224,0.197,
4601,seattle,1,0,osm_nodes,67,0.031216,0.1431,
4602,seattle,1,0,osm_nodes,64,0.028669,0.1517,
4603,seattle,1,0,osm_nodes,42,0.025468,0.1741,
4604,seattle,1,1,osm_nodes,68,0.028614,0.2544,
4605,seattle,1,1,osm_nodes,34,0.026473,0.1588,
4606,seattle,1,0,osm_nodes,37,0.021564,0.1681,
4607,seattle,1,1,osm_nodes,66,0.028728,0.2521,
4608,seattle,1,1,osm_nodes,56,0.021211,0.2458,
4609,seattle,1,1,osm_nodes,19,0.01263,0.0033,
4610,seattle,1,0,osm_nodes,25,0.01968,0.1405,
4611,seattle,1,0,osm_nodes,28,0.019451,0.1266,
4612,seattle,1,0,osm_nodes,32,0.020156,0.1912,
4613,seattle,1,0,osm_nodes,22,0.015844,0.1488,
4614,seattle,1,0,osm_nodes,37,0.020015,0.2027,
4615,seattle,1,0,osm_nodes,23,0.015961,0.1453,
4616,seattle,1,0,osm_nodes,30,0.0241,0.1787,
4617,seattle,1,0,osm_nodes,26,0.017921,0.1783,
4618,seattle,1,0,osm_nodes,30,0.023945,0.167,
4619,seattle,1,0,osm_nodes,22,0.016053,0.1564,
4620,seattle,0,0,osm_nodes,26,0.014215,0.1081,
4621,seattle,1,0,osm_nodes,22,0.019032,0.1809,
4622,seattle,1,0,osm_nodes,18,0.013231,0.1947,
4623,seattle,1,0,osm_nodes,10,0.009515,0.0192,
4624,seattle,1,0,osm_nodes,15,0.012467,0.1691,
4625,seattle,1,1,osm_nodes,27,0.013429,0.0568,
4626,seattle,1,1,osm_nodes,27,0.013507,0.058,
4627,seattle,1,1,osm_nodes,27,0.012064,0.0694,
4628,seattle,1,1,osm_nodes,27,0.011524,0.0604,
4629,seattle,0,0,osm_nodes,7,0.0,0.1024,
4630,seattle,0,0,osm_nodes,8,0.000258,0.1438,
4631,seattle,1,0,osm_nodes,45,0.024118,0.2147,
4632,seattle,1,0,osm_nodes,54,0.02287,0.3688,
4633,seattle,1,0,osm_nodes,23,0.013361,0.0167,
4634,seattle,1,0,osm_nodes,9,0.004168,0.0877,
4635,seattle,1,0,osm_nodes,9,0.004269,0.1065,
4636,seattle,1,1,osm_nodes,20,0.004188,0.0971,
4637,seattle,1,0,osm_nodes,22,0.004241,0.1528,
4638,seattle,0,0,osm_nodes,31,0.000824,0.3399,
4639,seattle,0,0,osm_nodes,28,0.0,0.254,
4640,seattle,1,0,osm_nodes,31,0.003199,0.2691,
4641,seattle,0,0,osm_nodes,30,0.003103,0.1399,
4642,seattle,0,0,osm_nodes,28,0.002784,0.085,
4643,seattle,0,0,osm_nodes,26,0.000269,0.3052,
4644,seattle,0,0,osm_nodes,24,0.002276,0.2087,
4645,seattle,1,0,osm_nodes,35,0.003199,0.2348,
4646,seattle,1,1,osm_nodes,29,0.003077,0.3312,
4647,seattle,1,1,osm_nodes,31,0.002895,0.2836,
4648,seattle,0,0,osm_nodes,30,0.000569,0.3971,
4649,seattle,0,0,osm_nodes,28,0.000242,0.1992,
4650,seattle,1,0,osm_nodes,25,0.009869,0.3718,
4651,seattle,1,0,osm_nodes,47,0.009653,0.4366,
4652,seattle,0,0,osm_nodes,65,0.004115,0.3363,
4653,seattle,1,0,osm_nodes,42,0.010015,0.3651,
4654,seattle,1,0,osm_nodes,37,0.008776,0.3757,
4655,seattle,1,0,osm_nodes,33,0.007434,0.3699,
4656,seattle,1,0,osm_nodes,48,0.009843,0.384,
4657,seattle,1,0,osm_nodes,40,0.009743,0.3392,
4658,seattle,1,0,osm_nodes,41,0.009509,0.2307,
4659,seattle,1,0,osm_nodes,33,0.009592,0.186,
4660,seattle,1,0,osm_nodes,32,0.00576,0.488,
4661,seattle,0,0,osm_nodes,13,0.000996,0.3038,
4662,seattle,1,1,osm_nodes,27,0.005733,0.37,
4663,seattle,1,0,osm_nodes,26,0.005117,0.3017,
4664,seattle,1,0,osm_nodes,24,0.004974,0.2712,
4665,seattle,1,0,osm_nodes,26,0.004969,0.2856,
4666,seattle,1,0,osm_nodes,25,0.004828,0.2431,
4667,seattle,0,0,osm_nodes,22,0.004162,0.1964,
4668,seattle,0,0,osm_nodes,14,0.00259,0.2615,
4669,seattle,1,0,osm_nodes,18,0.006282,0.3141,
4670,seattle,1,0,osm_nodes,17,0.006247,0.2525,
4671,seattle,1,0,osm_nodes,51,0.014869,0.2094,
4672,seattle,1,0,osm_nodes,51,0.015271,0.1825,
4673,seattle,1,0,osm_nodes,47,0.014516,0.2013,
4674,seattle,1,0,osm_nodes,54,0.015262,0.1486,
4675,seattle,1,1,osm_nodes,38,0.013157,0.1481,
4676,seattle,1,0,osm_nodes,39,0.017797,0.239,
4677,seattle,1,0,osm_nodes,33,0.016798,0.2163,
4678,seattle,1,1,osm_nodes,56,0.015585,0.1618,
4679,seattle,1,0,osm_nodes,26,0.01667,0.0814,
4680,seattle,1,0,osm_nodes,26,0.016943,0.0969,
4681,seattle,1,1,osm_nodes,43,0.015506,0.1623,
4682,seattle,0,0,osm_nodes,37,0.01093,0.234,
4683,seattle,1,1,osm_nodes,36,0.021125,0.0981,
4684,seattle,1,1,osm_nodes,37,0.022129,0.0461,
4685,seattle,1,0,osm_nodes,33,0.011762,0.2305,
4686,seattle,1,1,osm_nodes,46,0.016139,0.3797,
4687,seattle,1,1,osm_nodes,51,0.016476,0.4225,
4688,seattle,1,0,osm_nodes,42,0.01427,0.3395,
4689,seattle,1,0,osm_nodes,24,0.019062,0.1044,
4690,seattle,1,0,osm_nodes,34,0.010605,0.4225,
4691,seattle,1,0,osm_nodes,24,0.009665,0.4988,
4692,seattle,1,0,osm_nodes,21,0.009381,0.3595,
4693,seattle,1,0,osm_nodes,19,0.00833,0.3667,
4694,seattle,1,1,osm_nodes,16,0.016095,0.3425,
4695,seattle,1,0,osm_nodes,19,0.00843,0.2876,
4696,seattle,1,0,osm_nodes,15,0.008152,0.2172,
4697,seattle,1,0,osm_nodes,24,0.017095,0.1268,
4698,seattle,1,0,osm_nodes,38,0.00967,0.3484,
4699,seattle,1,0,osm_nodes,37,0.013212,0.2401,
4700,seattle,1,0,osm_nodes,40,0.018163,0.2344,
4701,seattle,1,1,osm_nodes,80,0.021428,0.3006,
4702,seattle,1,1,osm_nodes,81,0.022321,0.2767,
4703,seattle,1,1,osm_nodes,37,0.021994,0.2159,
4704,seattle,1,1,osm_nodes,37,0.022008,0.2219,
4705,seattle,1,0,osm_nodes,41,0.026275,0.161,
4706,seattle,1,0,osm_nodes,41,0.024856,0.0729,
4707,seattle,1,0,osm_nodes,42,0.025191,0.091,
4708,seattle,1,0,osm_nodes,60,0.022712,0.0754,
4709,seattle,1,0,osm_nodes,54,0.0204,0.2723,
4710,seattle,1,0,osm_nodes,54,0.021981,0.0437,
4711,seattle,1,0,osm_nodes,57,0.022346,0.0441,
4712,seattle,1,0,osm_nodes,62,0.024614,0.076,
4713,seattle,1,0,osm_nodes,52,0.020412,0.2397,
4714,seattle,1,0,osm_nodes,52,0.020043,0.2245,
4715,seattle,1,0,osm_nodes,42,0.022351,0.2207,
4716,seattle,1,0,osm_nodes,38,0.025053,0.2393,
4717,seattle,1,0,osm_nodes,56,0.025383,0.1643,
4718,seattle,1,0,osm_nodes,21,0.020413,0.2077,
4719,seattle,1,0,osm_nodes,61,0.022459,0.1781,
4720,seattle,1,0,osm_nodes,46,0.021584,0.209,
4721,seattle,1,0,osm_nodes,59,0.021986,0.2056,
4722,seattle,1,0,osm_nodes,23,0.012302,0.169,
4723,seattle,1,0,osm_nodes,27,0.01291,0.189,
4724,seattle,1,0,osm_nodes,24,0.012712,0.1131,
4725,seattle,1,0,osm_nodes,23,0.016751,0.2725,
4726,seattle,1,0,osm_nodes,24,0.014351,0.256,
4727,seattle,1,0,osm_nodes,49,0.011319,0.2081,
4728,seattle,1,0,osm_nodes,44,0.013808,0.167,
4729,seattle,0,0,osm_nodes,30,0.008394,0.2509,
4730,seattle,1,0,osm_nodes,56,0.01402,0.0332,
4731,seattle,1,0,osm_nodes,61,0.014645,0.0279,
4732,seattle,1,1,osm_nodes,45,0.011406,0.032,
4733,seattle,1,0,osm_nodes,43,0.010819,0.0244,
4734,seattle,1,0,osm_nodes,44,0.010618,0.0244,
4735,seattle,1,1,osm_nodes,42,0.010432,0.0243,
4736,seattle,0,0,osm_nodes,28,0.001865,0.0706,
4737,seattle,1,0,osm_nodes,18,0.003999,0.0844,
4738,seattle,1,0,osm_nodes,31,0.003149,0.0656,
4739,seattle,1,0,osm_nodes,22,0.007342,0.0963,
4740,seattle,1,0,osm_nodes,24,0.007399,0.107,
4741,seattle,1,0,osm_nodes,28,0.009197,0.1343,
4742,seattle,1,0,osm_nodes,19,0.003161,0.0841,
4743,seattle,1,0,osm_nodes,35,0.012806,0.1335,
4744,seattle,1,0,osm_nodes,34,0.012221,0.2015,
4745,seattle,1,0,osm_nodes,35,0.012431,0.1921,
4746,seattle,1,0,osm_nodes,30,0.015809,0.2196,
4747,seattle,0,0,osm_nodes,8,0.00313,0.2661,
4748,seattle,1,0,osm_nodes,8,0.003174,0.2153,
4749,seattle,0,0,osm_nodes,8,0.003121,0.331,
4750,seattle,0,0,osm_nodes,3,0.003135,0.2356,
4751,seattle,0,0,osm_nodes,20,0.007113,0.3319,
4752,seattle,1,1,osm_nodes,12,0.013175,0.2397,
4753,seattle,1,0,osm_nodes,26,0.015958,0.2578,
4754,seattle,1,0,osm_nodes,16,0.010773,0.253,
4755,seattle,1,0,osm_nodes,20,0.012581,0.0237,
4756,seattle,1,0,osm_nodes,21,0.015705,0.2916,
4757,seattle,1,0,osm_nodes,26,0.014354,0.079,
4758,seattle,1,0,osm_nodes,27,0.014656,0.0227,
4759,seattle,1,0,osm_nodes,23,0.016834,0.2624,
4760,seattle,1,0,osm_nodes,31,0.021989,0.1276,
4761,seattle,1,0,osm_nodes,47,0.024072,0.0398,
4762,seattle,1,0,osm_nodes,27,0.012946,0.0322,
4763,seattle,1,0,osm_nodes,31,0.013741,0.0205,
4764,seattle,1,0,osm_nodes,33,0.015116,0.0108,
4765,seattle,1,0,osm_nodes,34,0.015659,0.0184,
4766,seattle,1,0,osm_nodes,34,0.01608,0.0295,
4767,seattle,1,0,osm_nodes,34,0.016532,0.0387,
4768,seattle,1,0,osm_nodes,35,0.016237,0.0408,
4769,seattle,1,0,osm_nodes,34,0.016698,0.045,
4770,seattle,1,0,osm_nodes,69,0.02075,0.1437,
4771,seattle,1,0,osm_nodes,52,0.014862,0.2296,
4772,seattle,1,0,osm_nodes,58,0.015001,0.1559,
4773,seattle,1,0,osm_nodes,24,0.02027,0.256,
4774,seattle,1,0,osm_nodes,29,0.014934,0.2334,
4775,seattle,1,0,osm_nodes,32,0.014994,0.2041,
4776,seattle,1,0,osm_nodes,36,0.02365,0.0563,
4777,seattle,1,0,osm_nodes,44,0.024187,0.0218,
4778,seattle,1,0,osm_nodes,25,0.016943,0.2324,
4779,seattle,1,0,osm_nodes,24,0.017134,0.2351,
4780,seattle,1,0,osm_nodes,14,0.0115,0.2461,
4781,seattle,1,0,osm_nodes,17,0.01191,0.1457,
4782,seattle,1,0,osm_nodes,21,0.013015,0.1587,
4783,seattle,1,0,osm_nodes,20,0.013723,0.2007,
4784,seattle,1,0,osm_nodes,29,0.019939,0.1777,
4785,seattle,1,0,osm_nodes,22,0.017084,0.1321,
4786,seattle,0,0,osm_nodes,12,0.013617,0.1415,
4787,seattle,0,0,osm_nodes,12,0.003633,0.2648,
4788,seattle,1,0,osm_nodes,39,0.015197,0.1949,
4789,seattle,1,0,osm_nodes,37,0.014158,0.2106,
4790,seattle,1,0,osm_nodes,24,0.011121,0.1495,
4791,seattle,1,0,osm_nodes,11,0.008763,0.0994,
4792,seattle,0,0,osm_nodes,32,0.003861,0.0033,
4793,seattle,0,0,osm_nodes,33,0.004244,0.0074,
4794,seattle,1,0,osm_nodes,39,0.015809,0.2571,
4795,seattle,1,0,osm_nodes,36,0.016363,0.2528,
4796,seattle,1,0,osm_nodes,35,0.015137,0.186,
4797,seattle,0,0,osm_nodes,26,0.008781,0.1146,
4798,seattle,1,0,osm_nodes,36,0.017027,0.3099,
4799,seattle,1,0,osm_nodes,37,0.016763,0.3338,
4800,seattle,0,0,osm_nodes,21,0.011005,0.067,
4801,seattle,1,0,osm_nodes,37,0.017711,0.3071,
4802,seattle,1,0,osm_nodes,14,0.011764,0.1454,
4803,seattle,1,0,osm_nodes,41,0.02079,0.2514,
4804,seattle,1,0,osm_nodes,36,0.017996,0.2107,
4805,seattle,1,1,osm_nodes,20,0.021666,0.2409,
4806,seattle,1,1,osm_nodes,20,0.021673,0.2318,
4807,seattle,1,0,osm_nodes,61,0.02426,0.2611,
4808,seattle,1,1,osm_nodes,21,0.021704,0.2162,
4809,seattle,1,0,osm_nodes,61,0.024308,0.2645,
4810,seattle,1,0,osm_nodes,62,0.025049,0.2454,
4811,seattle,1,0,osm_nodes,27,0.00997,0.0347,
4812,seattle,1,0,osm_nodes,35,0.012696,0.1499,
4813,seattle,1,0,osm_nodes,63,0.023964,0.2399,
4814,seattle,1,0,osm_nodes,66,0.02549,0.2143,
4815,seattle,1,0,osm_nodes,67,0.025439,0.2101,
4816,seattle,1,0,osm_nodes,65,0.025817,0.1589,
4817,seattle,1,0,osm_nodes,28,0.019996,0.2851,
4818,seattle,1,0,osm_nodes,26,0.020079,0.2549,
4819,seattle,1,0,osm_nodes,29,0.014635,0.244,
4820,seattle,0,0,osm_nodes,20,0.007258,0.3603,
4821,seattle,1,0,osm_nodes,42,0.017451,0.2751,
4822,seattle,1,0,osm_nodes,38,0.018344,0.2982,
4823,seattle,1,0,osm_nodes,28,0.008311,0.5134,
4824,seattle,1,0,osm_nodes,29,0.008268,0.5003,
4825,seattle,0,0,osm_nodes,14,0.007464,0.2622,
4826,seattle,1,0,osm_nodes,31,0.021648,0.1764,
4827,seattle,1,0,osm_nodes,29,0.020609,0.1697,
4828,seattle,1,0,osm_nodes,30,0.022381,0.1858,
4829,seattle,1,0,osm_nodes,46,0.021974,0.1539,
4830,seattle,1,1,osm_nodes,59,0.019771,0.1953,
4831,seattle,1,1,osm_nodes,44,0.013005,0.1066,
4832,seattle,1,0,osm_nodes,36,0.012348,0.1246,
4833,seattle,1,0,osm_nodes,57,0.016671,0.1561,
4834,seattle,1,0,osm_nodes,49,0.012973,0.1707,
4835,seattle,1,0,osm_nodes,50,0.013418,0.1804,
4836,seattle,0,0,osm_nodes,12,0.004894,0.138,
4837,seattle,1,1,osm_nodes,38,0.014018,0.0379,
4838,seattle,1,0,osm_nodes,21,0.005076,0.1853,
4839,seattle,1,0,osm_nodes,22,0.006114,0.1936,
4840,seattle,1,0,osm_nodes,18,0.006896,0.2056,
4841,seattle,0,0,osm_nodes,3,0.001005,0.1456,
4842,seattle,1,0,osm_nodes,16,0.010518,0.0,
4843,seattle,1,0,osm_nodes,15,0.011726,0.0,
4844,seattle,1,1,osm_nodes,28,0.00624,0.0924,
4845,seattle,1,0,osm_nodes,43,0.007996,0.0438,
4846,seattle,1,0,osm_nodes,43,0.007901,0.0319,
4847,seattle,1,0,osm_nodes,30,0.02115,0.005,
4848,seattle,1,0,osm_nodes,30,0.020714,0.0066,
4849,seattle,1,0,osm_nodes,41,0.024023,0.0098,
4850,seattle,1,0,osm_nodes,43,0.028567,0.0,
4851,seattle,1,0,osm_nodes,40,0.022145,0.1545,
4852,seattle,1,0,osm_nodes,36,0.020102,0.1473,
4853,seattle,1,0,osm_nodes,39,0.021676,0.1835,
4854,seattle,1,0,osm_nodes,36,0.021468,0.1668,
4855,seattle,1,1,osm_nodes,34,0.015495,0.137,
4856,seattle,1,1,osm_nodes,32,0.016365,0.1278,
4857,seattle,1,1,osm_nodes,36,0.016305,0.1409,
4858,seattle,1,0,osm_nodes,3,0.002103,0.1095,
4859,seattle,1,0,osm_nodes,32,0.008671,0.1071,
4860,seattle,1,0,osm_nodes,27,0.001622,0.1764,
4861,seattle,1,0,osm_nodes,14,0.011269,0.0004,
4862,seattle,1,0,osm_nodes,14,0.011753,0.0015,
4863,seattle,1,0,osm_nodes,20,0.013375,0.0,
4864,seattle,1,0,osm_nodes,20,0.013814,0.0,
4865,seattle,1,0,osm_nodes,15,0.011417,0.1114,
4866,seattle,1,0,osm_nodes,11,0.00849,0.0279,
4867,seattle,1,0,osm_nodes,6,0.005295,0.0632,
4868,seattle,1,0,osm_nodes,17,0.012638,0.0,
4869,seattle,1,0,osm_nodes,9,0.006566,0.0579,
4870,seattle,1,0,osm_nodes,8,0.005471,0.117,
4871,seattle,1,0,osm_nodes,13,0.006462,0.0288,
4872,seattle,1,0,osm_nodes,20,0.005398,0.1497,
4873,seattle,0,0,osm_nodes,5,0.0,0.1597,
0,dc,1,0,osm_nodes,33,0.014571,0.095,
1,dc,0,0,osm_nodes,5,0.001079,0.2196,
2,dc,1,0,osm_nodes,72,0.027409,0.098,
3,dc,1,0,osm_nodes,69,0.026671,0.1069,
4,dc,1,0,osm_nodes,107,0.027529,0.3644,
5,dc,1,0,osm_nodes,98,0.032391,0.2246,
6,dc,1,1,osm_nodes,87,0.026149,0.1847,
7,dc,1,1,osm_nodes,134,0.041179,0.3715,
8,dc,1,0,osm_nodes,76,0.022623,0.2749,
9,dc,1,0,osm_nodes,104,0.025533,0.4155,
10,dc,1,0,osm_nodes,80,0.030939,0.0916,
11,dc,1,0,osm_nodes,104,0.025687,0.2718,
12,dc,1,1,osm_nodes,95,0.028758,0.3005,
13,dc,1,0,osm_nodes,113,0.032275,0.2446,
14,dc,1,0,osm_nodes,102,0.025435,0.3478,
15,dc,1,1,osm_nodes,103,0.025835,0.2725,
16,dc,1,1,osm_nodes,75,0.021517,0.3487,
17,dc,1,1,osm_nodes,68,0.020727,0.3238,
18,dc,1,1,osm_nodes,99,0.028854,0.2419,
19,dc,1,1,osm_nodes,68,0.020746,0.3354,
20,dc,1,1,osm_nodes,98,0.023019,0.4608,
21,dc,1,0,osm_nodes,93,0.025722,0.3306,
22,dc,1,1,osm_nodes,86,0.024741,0.2808,
23,dc,1,0,osm_nodes,121,0.037641,0.076,
24,dc,1,1,osm_nodes,77,0.03043,0.2092,
25,dc,1,1,osm_nodes,57,0.022407,0.5667,
26,dc,1,1,osm_nodes,54,0.020711,0.4566,
27,dc,1,0,osm_nodes,38,0.024776,0.4625,
28,dc,1,0,osm_nodes,22,0.013021,0.1618,
29,dc,1,0,osm_nodes,23,0.013892,0.1882,
30,dc,1,0,osm_nodes,48,0.021458,0.1562,
31,dc,1,0,osm_nodes,41,0.020027,0.1673,
32,dc,1,0,osm_nodes,53,0.02228,0.1413,
33,dc,1,0,osm_nodes,42,0.02109,0.1503,
34,dc,1,0,osm_nodes,32,0.01482,0.1323,
35,dc,1,0,osm_nodes,31,0.008634,0.1582,
36,dc,0,0,osm_nodes,67,0.014634,0.268,
37,dc,1,0,osm_nodes,11,0.003181,0.0761,
38,dc,1,0,osm_nodes,64,0.01613,0.2236,
39,dc,1,0,osm_nodes,27,0.000831,0.1482,
40,dc,1,0,osm_nodes,56,0.01222,0.2249,
41,dc,1,0,osm_nodes,62,0.015132,0.196,
42,dc,1,0,osm_nodes,63,0.01672,0.3235,
43,dc,1,0,osm_nodes,61,0.014948,0.1985,
44,dc,1,0,osm_nodes,62,0.018749,0.1151,
45,dc,1,0,osm_nodes,33,0.009246,0.2602,
46,dc,1,0,osm_nodes,43,0.012444,0.2553,
47,dc,1,1,osm_nodes,80,0.026009,0.2174,
48,dc,1,0,osm_nodes,98,0.02865,0.4172,
49,dc,1,0,osm_nodes,71,0.026235,0.2562,
50,dc,1,1,osm_nodes,82,0.027878,0.2933,
51,dc,1,1,osm_nodes,67,0.029067,0.3822,
52,dc,1,0,osm_nodes,54,0.023906,0.5647,
53,dc,1,0,osm_nodes,123,0.036577,0.279,
54,dc,1,0,osm_nodes,59,0.019964,0.5543,
55,dc,1,0,osm_nodes,61,0.027246,0.4397,
56,dc,1,0,osm_nodes,101,0.034847,0.1366,
57,dc,1,1,osm_nodes,98,0.034313,0.1028,
58,dc,1,0,osm_nodes,90,0.032933,0.1254,
59,dc,1,0,osm_nodes,63,0.032631,0.5402,
60,dc,1,0,osm_nodes,57,0.022592,0.4341,
61,dc,1,0,osm_nodes,47,0.022089,0.3078,
62,dc,1,0,osm_nodes,61,0.031949,0.4062,
63,dc,1,0,osm_nodes,50,0.019887,0.3557,
64,dc,1,0,osm_nodes,76,0.035845,0.4404,
65,dc,1,0,osm_nodes,44,0.024133,0.4388,
66,dc,1,0,osm_nodes,84,0.031029,0.2789,
67,dc,1,0,osm_nodes,84,0.03,0.2861,
68,dc,1,0,osm_nodes,92,0.034884,0.3104,
69,dc,1,0,osm_nodes,37,0.019808,0.3098,
70,dc,0,0,osm_nodes,39,0.013056,0.2271,
71,dc,1,1,osm_nodes,60,0.018735,0.5657,
72,dc,1,0,osm_nodes,88,0.03929,0.4093,
73,dc,1,0,osm_nodes,97,0.04307,0.4243,
74,dc,1,0,osm_nodes,116,0.045494,0.3577,
75,dc,1,0,osm_nodes,99,0.043097,0.4014,
76,dc,1,0,osm_nodes,108,0.0419,0.3067,
77,dc,1,0,osm_nodes,107,0.044466,0.3712,
78,dc,1,0,osm_nodes,96,0.03504,0.3595,
79,dc,1,0,osm_nodes,92,0.039501,0.3262,
80,dc,1,0,osm_nodes,106,0.044071,0.3158,
81,dc,1,1,osm_nodes,77,0.029013,0.3253,
82,dc,1,0,osm_nodes,83,0.033097,0.391,
83,dc,1,0,osm_nodes,77,0.031053,0.4249,
84,dc,1,0,osm_nodes,68,0.02632,0.4256,
85,dc,1,0,osm_nodes,64,0.023986,0.4257,
86,dc,1,0,osm_nodes,54,0.02328,0.2559,
87,dc,1,0,osm_nodes,73,0.030314,0.6378,
88,dc,1,0,osm_nodes,44,0.01674,0.2057,
89,dc,1,0,osm_nodes,96,0.025606,0.4139,
90,dc,1,0,osm_nodes,16,0.01019,0.0832,
91,dc,1,0,osm_nodes,12,0.014487,0.1578,
92,dc,0,0,osm_nodes,8,0.004106,0.1321,
93,dc,1,0,osm_nodes,3,0.005614,0.1255,
94,dc,1,0,osm_nodes,3,0.001939,0.1347,
95,dc,1,0,osm_nodes,16,0.012628,0.0963,
96,dc,1,0,osm_nodes,16,0.012918,0.0722,
97,dc,1,0,osm_nodes,24,0.007578,0.1559,
98,dc,1,1,osm_nodes,16,0.007146,0.1165,
99,dc,1,0,osm_nodes,12,0.005607,0.0059,
100,dc,1,0,osm_nodes,14,0.014704,0.0782,
101,dc,1,0,osm_nodes,4,0.005791,0.0994,
102,dc,1,1,osm_nodes,25,0.01683,0.1393,
103,dc,1,0,osm_nodes,4,0.001655,0.0,
104,dc,0,0,osm_nodes,4,0.001539,0.1689,
105,dc,1,0,osm_nodes,35,0.013041,0.057,
107,dc,1,1,osm_nodes,27,0.012835,0.0623,
108,dc,1,0,osm_nodes,15,0.016176,0.1141,
109,dc,1,0,osm_nodes,28,0.017526,0.1045,
110,dc,1,0,osm_nodes,26,0.017203,0.098,
111,dc,0,0,osm_nodes,10,0.00221,0.1036,
112,dc,0,0,osm_nodes,6,0.0,0.1402,
113,dc,0,0,osm_nodes,15,0.00849,0.0367,
114,dc,1,1,osm_nodes,32,0.016408,0.1463,
115,dc,1,0,osm_nodes,16,0.005583,0.0647,
116,dc,1,1,osm_nodes,25,0.014661,0.153,
117,dc,1,0,osm_nodes,35,0.019577,0.0605,
118,dc,1,1,osm_nodes,17,0.009056,0.0845,
119,dc,1,0,osm_nodes,20,0.006486,0.104,
120,dc,0,0,osm_nodes,3,0.001703,0.0799,
121,dc,1,1,osm_nodes,41,0.019147,0.1433,
122,dc,0,0,osm_nodes,39,0.012863,0.154,
123,dc,0,0,osm_nodes,14,0.008561,0.2051,
124,dc,1,0,osm_nodes,29,0.008531,0.0681,
125,dc,1,0,osm_nodes,42,0.013905,0.0654,
126,dc,1,1,osm_nodes,49,0.019143,0.1902,
127,dc,1,1,osm_nodes,77,0.022964,0.2783,
128,dc,1,1,osm_nodes,30,0.021079,0.1612,
129,dc,1,1,osm_nodes,47,0.011024,0.1768,
130,dc,1,1,osm_nodes,79,0.021237,0.2657,
131,dc,1,1,osm_nodes,52,0.026121,0.2012,
132,dc,1,0,osm_nodes,17,0.012408,0.061,
133,dc,1,1,osm_nodes,50,0.024375,0.1545,
134,dc,1,1,osm_nodes,47,0.011288,0.1778,
135,dc,1,1,osm_nodes,56,0.024368,0.2163,
136,dc,1,1,osm_nodes,53,0.024107,0.1357,
137,dc,1,1,osm_nodes,27,0.020353,0.1902,
138,dc,1,1,osm_nodes,47,0.024931,0.1518,
139,dc,1,1,osm_nodes,45,0.01262,0.1685,
140,dc,1,1,osm_nodes,34,0.023245,0.1835,
141,dc,1,0,osm_nodes,27,0.019334,0.1785,
142,dc,1,1,osm_nodes,60,0.020995,0.1603,
143,dc,1,0,osm_nodes,46,0.026849,0.1734,
144,dc,1,1,osm_nodes,38,0.024934,0.1585,
145,dc,0,0,osm_nodes,42,0.012345,0.1737,
146,dc,1,0,osm_nodes,43,0.025583,0.171,
147,dc,1,0,osm_nodes,43,0.02555,0.1704,
148,dc,1,0,osm_nodes,45,0.026661,0.1801,
149,dc,1,1,osm_nodes,71,0.019819,0.1937,
150,dc,1,0,osm_nodes,76,0.018954,0.2168,
151,dc,0,0,osm_nodes,76,0.017915,0.2043,
152,dc,1,0,osm_nodes,46,0.025612,0.1526,
153,dc,1,1,osm_nodes,52,0.025848,0.1307,
154,dc,1,1,osm_nodes,32,0.021068,0.1621,
155,dc,1,0,osm_nodes,35,0.020692,0.1466,
156,dc,1,1,osm_nodes,53,0.026108,0.1318,
157,dc,1,0,osm_nodes,78,0.02115,0.1847,
158,dc,1,1,osm_nodes,56,0.02816,0.1176,
159,dc,1,1,osm_nodes,38,0.0136,0.1777,
160,dc,1,1,osm_nodes,53,0.026277,0.1107,
161,dc,1,0,osm_nodes,28,0.021325,0.1505,
162,dc,1,1,osm_nodes,71,0.022107,0.1897,
163,dc,1,1,osm_nodes,54,0.020849,0.204,
164,dc,1,1,osm_nodes,69,0.021568,0.221,
165,dc,1,1,osm_nodes,71,0.02324,0.2053,
166,dc,1,1,osm_nodes,64,0.020462,0.1587,
167,dc,1,1,osm_nodes,75,0.023654,0.2362,
168,dc,0,0,osm_nodes,76,0.026606,0.1651,
169,dc,1,1,osm_nodes,67,0.021861,0.1068,
170,dc,1,1,osm_nodes,92,0.028673,0.2633,
171,dc,1,0,osm_nodes,77,0.030437,0.1779,
172,dc,1,0,osm_nodes,84,0.031364,0.1915,
173,dc,1,1,osm_nodes,78,0.027959,0.2858,
174,dc,1,0,osm_nodes,84,0.031367,0.1932,
175,dc,1,0,osm_nodes,72,0.029661,0.213,
176,dc,1,0,osm_nodes,78,0.030367,0.1928,
177,dc,1,0,osm_nodes,79,0.030634,0.1998,
178,dc,1,1,osm_nodes,63,0.025744,0.2824,
179,dc,1,0,osm_nodes,64,0.027689,0.2327,
180,dc,1,1,osm_nodes,39,0.025171,0.1545,
181,dc,1,0,osm_nodes,61,0.0266,0.2561,
182,dc,1,0,osm_nodes,49,0.026061,0.1828,
183,dc,1,0,osm_nodes,64,0.026913,0.2244,
184,dc,1,0,osm_nodes,67,0.029315,0.1692,
185,dc,1,0,osm_nodes,33,0.021182,0.257,
186,dc,1,1,osm_nodes,47,0.026008,0.1614,
187,dc,1,0,osm_nodes,19,0.019158,0.1346,
188,dc,1,0,osm_nodes,29,0.022607,0.1448,
189,dc,1,1,osm_nodes,31,0.023015,0.1487,
190,dc,1,0,osm_nodes,52,0.024694,0.1572,
191,dc,1,0,osm_nodes,19,0.018964,0.1238,
192,dc,1,1,osm_nodes,40,0.019013,0.183,
193,dc,1,1,osm_nodes,36,0.021346,0.1359,
194,dc,1,1,osm_nodes,56,0.022689,0.2195,
195,dc,0,0,osm_nodes,26,0.015097,0.1499,
196,dc,1,0,osm_nodes,36,0.017338,0.2032,
197,dc,1,0,osm_nodes,46,0.021352,0.2316,
198,dc,1,1,osm_nodes,29,0.016643,0.1373,
199,dc,1,0,osm_nodes,77,0.023434,0.2878,
200,dc,1,0,osm_nodes,69,0.023586,0.235,
201,dc,1,0,osm_nodes,70,0.0233,0.2412,
202,dc,1,0,osm_nodes,66,0.022967,0.2534,
203,dc,1,0,osm_nodes,58,0.022634,0.2869,
204,dc,1,1,osm_nodes,32,0.019075,0.2916,
205,dc,1,1,osm_nodes,36,0.019437,0.1353,
206,dc,1,0,osm_nodes,56,0.022769,0.3238,
207,dc,1,0,osm_nodes,57,0.026116,0.3865,
208,dc,1,0,osm_nodes,39,0.02131,0.2247,
209,dc,1,0,osm_nodes,62,0.024845,0.4557,
210,dc,1,1,osm_nodes,64,0.021747,0.2768,
211,dc,1,0,osm_nodes,71,0.030025,0.1678,
212,dc,1,0,osm_nodes,66,0.027992,0.1314,
213,dc,1,0,osm_nodes,75,0.030838,0.1411,
214,dc,1,0,osm_nodes,76,0.031321,0.1529,
215,dc,1,0,osm_nodes,74,0.028197,0.1128,
216,dc,1,0,osm_nodes,78,0.032069,0.1509,
217,dc,1,0,osm_nodes,89,0.034343,0.1844,
218,dc,1,0,osm_nodes,83,0.025597,0.3177,
219,dc,1,1,osm_nodes,75,0.022473,0.3988,
220,dc,1,1,osm_nodes,85,0.022601,0.4153,
221,dc,1,1,osm_nodes,106,0.032775,0.6286,
222,dc,1,1,osm_nodes,96,0.026615,0.2393,
223,dc,1,1,osm_nodes,112,0.035979,0.4595,
224,dc,1,1,osm_nodes,88,0.022507,0.4141,
225,dc,1,0,osm_nodes,104,0.02682,0.3386,
226,dc,1,1,osm_nodes,95,0.027141,0.2152,
227,dc,1,1,osm_nodes,88,0.026966,0.2175,
228,dc,1,1,osm_nodes,122,0.037579,0.4992,
229,dc,0,0,osm_nodes,9,0.000328,0.139,
230,dc,0,0,osm_nodes,3,0.0,0.1333,
231,dc,1,1,osm_nodes,41,0.014191,0.2345,
232,dc,1,1,osm_nodes,60,0.019758,0.1637,
233,dc,1,1,osm_nodes,62,0.019653,0.1897,
234,dc,1,1,osm_nodes,60,0.019917,0.2038,
235,dc,1,1,osm_nodes,63,0.01898,0.2105,
236,dc,1,0,osm_nodes,7,0.001897,0.148,
237,dc,1,0,osm_nodes,57,0.0246,0.2029,
238,dc,1,0,osm_nodes,36,0.017719,0.0757,
239,dc,1,0,osm_nodes,27,0.011993,0.1308,
240,dc,1,1,osm_nodes,8,0.000498,0.0429,
241,dc,1,1,osm_nodes,8,0.000498,0.0428,
242,dc,0,0,osm_nodes,9,0.0,0.1342,
243,dc,0,1,osm_nodes,9,0.0,0.0921,
244,dc,0,0,osm_nodes,36,0.006195,0.046,
245,dc,1,1,osm_nodes,51,0.01012,0.1094,
246,dc,1,0,osm_nodes,6,0.001654,0.0689,
247,dc,0,1,osm_nodes,8,0.000486,0.0449,
248,dc,1,0,osm_nodes,20,0.009378,0.0841,
249,dc,1,1,osm_nodes,79,0.005439,0.1018,
250,dc,1,1,osm_nodes,48,0.004018,0.1338,
251,dc,0,0,osm_nodes,54,0.003648,0.1223,
252,dc,1,1,osm_nodes,47,0.005338,0.0699,
253,dc,1,1,osm_nodes,47,0.004556,0.0732,
254,dc,0,0,osm_nodes,75,0.002658,0.13,
255,dc,0,0,osm_nodes,68,0.002058,0.1126,
256,dc,0,0,osm_nodes,64,0.001815,0.0944,
257,dc,1,0,osm_nodes,15,0.020931,0.1213,
258,dc,1,0,osm_nodes,15,0.015196,0.142,
259,dc,0,0,osm_nodes,57,0.007268,0.1225,
260,dc,1,0,osm_nodes,16,0.014174,0.1453,
261,dc,1,0,osm_nodes,68,0.009112,0.1301,
262,dc,1,1,osm_nodes,79,0.008651,0.1354,
263,dc,1,1,osm_nodes,71,0.00801,0.1247,
264,dc,1,1,osm_nodes,93,0.009941,0.1907,
265,dc,1,1,osm_nodes,90,0.009124,0.184,
266,dc,1,1,osm_nodes,98,0.010591,0.2054,
267,dc,1,0,osm_nodes,121,0.013593,0.1513,
268,dc,1,0,osm_nodes,117,0.012171,0.0628,
269,dc,1,1,osm_nodes,126,0.012108,0.0378,
270,dc,1,1,osm_nodes,119,0.011768,0.0337,
271,dc,1,1,osm_nodes,120,0.010204,0.0743,
272,dc,1,1,osm_nodes,89,0.00553,0.1088,
273,dc,1,1,osm_nodes,82,0.004516,0.0605,
274,dc,0,0,osm_nodes,38,0.007816,0.1745,
275,dc,0,0,osm_nodes,28,0.009813,0.1482,
276,dc,0,0,osm_nodes,35,0.003978,0.1332,
277,dc,0,0,osm_nodes,50,0.002564,0.112,
278,dc,0,0,osm_nodes,51,0.00189,0.1028,
279,dc,1,0,osm_nodes,29,0.009961,0.0607,
280,dc,1,1,osm_nodes,12,0.002311,0.0825,
281,dc,0,0,osm_nodes,5,0.003041,0.0,
282,dc,1,0,osm_nodes,53,0.014773,0.0658,
283,dc,1,0,osm_nodes,46,0.013151,0.0715,
284,dc,1,0,osm_nodes,100,0.02263,0.1154,
285,dc,0,0,osm_nodes,95,0.015089,0.0,
286,dc,0,0,osm_nodes,43,0.005671,0.0,
287,dc,1,0,osm_nodes,75,0.016386,0.0645,
288,dc,1,1,osm_nodes,122,0.036517,0.1255,
289,dc,1,1,osm_nodes,28,0.019365,0.0709,
290,dc,1,1,osm_nodes,31,0.021373,0.0867,
291,dc,1,1,osm_nodes,27,0.01864,0.0713,
292,dc,1,0,osm_nodes,85,0.021262,0.3053,
293,dc,1,1,osm_nodes,17,0.019722,0.1327,
294,dc,1,0,osm_nodes,118,0.033885,0.275,
295,dc,1,0,osm_nodes,107,0.031418,0.2006,
296,dc,1,0,osm_nodes,94,0.030231,0.1681,
297,dc,1,0,osm_nodes,92,0.030367,0.1387,
298,dc,1,0,osm_nodes,4,0.003761,0.1777,
299,dc,1,0,osm_nodes,77,0.028713,0.0211,
300,dc,1,0,osm_nodes,141,0.038704,0.1225,
301,dc,1,1,osm_nodes,110,0.029283,0.1255,
302,dc,1,1,osm_nodes,118,0.031653,0.0454,
303,dc,1,1,osm_nodes,125,0.031925,0.0592,
304,dc,1,1,osm_nodes,109,0.028896,0.029,
305,dc,1,0,osm_nodes,166,0.049136,0.2507,
306,dc,1,1,osm_nodes,79,0.022945,0.1722,
307,dc,1,0,osm_nodes,155,0.045218,0.1952,
308,dc,1,0,osm_nodes,101,0.032316,0.3466,
309,dc,1,1,osm_nodes,122,0.036898,0.2513,
310,dc,1,1,osm_nodes,118,0.036211,0.3351,
311,dc,1,0,osm_nodes,157,0.043639,0.1939,
312,dc,1,0,osm_nodes,150,0.04258,0.1712,
313,dc,1,1,osm_nodes,75,0.017851,0.1767,
314,dc,1,1,osm_nodes,78,0.018673,0.2227,
315,dc,1,0,osm_nodes,159,0.043311,0.2407,
316,dc,1,0,osm_nodes,136,0.047493,0.2408,
317,dc,1,0,osm_nodes,175,0.053081,0.3079,
318,dc,1,0,osm_nodes,152,0.050344,0.1639,
319,dc,0,1,osm_nodes,71,0.016026,0.1419,
320,dc,1,0,osm_nodes,133,0.042819,0.2439,
321,dc,1,1,osm_nodes,107,0.033027,0.0059,
322,dc,1,0,osm_nodes,129,0.039483,0.1112,
323,dc,1,0,osm_nodes,174,0.052868,0.347,
324,dc,1,1,osm_nodes,147,0.041318,0.4094,
325,dc,1,0,osm_nodes,151,0.049844,0.3888,
326,dc,1,0,osm_nodes,143,0.048334,0.359,
327,dc,1,0,osm_nodes,148,0.049771,0.2471,
328,dc,1,0,osm_nodes,68,0.016161,0.0319,
329,dc,1,0,osm_nodes,81,0.024494,0.0307,
330,dc,1,0,osm_nodes,85,0.028821,0.2302,
331,dc,1,0,osm_nodes,86,0.029161,0.2433,
332,dc,1,0,osm_nodes,97,0.027729,0.0683,
333,dc,1,0,osm_nodes,90,0.026909,0.0349,
334,dc,1,0,osm_nodes,91,0.027499,0.0416,
335,dc,1,0,osm_nodes,109,0.034143,0.3494,
336,dc,1,0,osm_nodes,53,0.020662,0.0672,
337,dc,1,0,osm_nodes,110,0.03468,0.369,
338,dc,1,0,osm_nodes,101,0.028185,0.1259,
339,dc,1,1,osm_nodes,76,0.021969,0.0143,
340,dc,1,1,osm_nodes,74,0.021446,0.0289,
341,dc,1,1,osm_nodes,61,0.020816,0.0884,
342,dc,1,1,osm_nodes,118,0.034664,0.2568,
343,dc,1,1,osm_nodes,60,0.020273,0.088,
344,dc,1,0,osm_nodes,52,0.017434,0.2491,
345,dc,1,0,osm_nodes,75,0.02102,0.3994,
346,dc,1,0,osm_nodes,77,0.023047,0.2368,
347,dc,1,1,osm_nodes,128,0.039544,0.2751,
348,dc,1,1,osm_nodes,92,0.026771,0.3916,
349,dc,1,1,osm_nodes,129,0.038473,0.2421,
350,dc,1,1,osm_nodes,119,0.0366,0.2747,
351,dc,1,1,osm_nodes,88,0.025215,0.4333,
352,dc,1,1,osm_nodes,81,0.023527,0.3852,
353,dc,1,1,osm_nodes,92,0.027197,0.4521,
354,dc,1,1,osm_nodes,85,0.025534,0.4601,
355,dc,1,1,osm_nodes,110,0.023185,0.3943,
356,dc,1,1,osm_nodes,104,0.022379,0.355,
357,dc,1,0,osm_nodes,84,0.017831,0.5555,
358,dc,1,0,osm_nodes,116,0.02325,0.2366,
359,dc,1,1,osm_nodes,66,0.017129,0.16,
360,dc,1,0,osm_nodes,61,0.015779,0.0375,
361,dc,1,0,osm_nodes,34,0.008108,0.0,
362,dc,1,0,osm_nodes,24,0.010987,0.1359,
363,dc,1,0,osm_nodes,53,0.007093,0.2897,
364,dc,1,0,osm_nodes,53,0.007008,0.2774,
365,dc,1,1,osm_nodes,54,0.007502,0.194,
366,dc,1,0,osm_nodes,37,0.018258,0.1244,
367,dc,1,0,osm_nodes,40,0.017741,0.1241,
368,dc,1,0,osm_nodes,34,0.018264,0.1296,
369,dc,1,0,osm_nodes,47,0.010811,0.1782,
370,dc,1,0,osm_nodes,38,0.017758,0.1137,
371,dc,1,1,osm_nodes,34,0.008048,0.0684,
372,dc,1,1,osm_nodes,19,0.004299,0.1169,
373,dc,1,0,osm_nodes,68,0.009801,0.12,
374,dc,1,0,osm_nodes,68,0.009255,0.0993,
375,dc,1,0,osm_nodes,14,0.008784,0.1358,
376,dc,1,0,osm_nodes,48,0.027051,0.2872,
377,dc,1,0,osm_nodes,50,0.028776,0.3521,
378,dc,1,0,osm_nodes,55,0.029435,0.5778,
379,dc,1,0,osm_nodes,56,0.029862,0.5999,
380,dc,1,0,osm_nodes,15,0.011357,0.0906,
381,dc,1,0,osm_nodes,38,0.022624,0.2084,
382,dc,1,0,osm_nodes,28,0.022647,0.2045,
383,dc,1,0,osm_nodes,73,0.030363,0.3996,
384,dc,1,0,osm_nodes,82,0.03231,0.3267,
385,dc,1,0,osm_nodes,81,0.025287,0.417,
386,dc,1,0,osm_nodes,22,0.007953,0.1364,
387,dc,1,0,osm_nodes,22,0.008047,0.1245,
388,dc,1,0,osm_nodes,42,0.023834,0.1978,
389,dc,1,0,osm_nodes,49,0.025592,0.1959,
390,dc,1,0,osm_nodes,53,0.017195,0.0962,
391,dc,1,0,osm_nodes,32,0.00711,0.0685,
392,dc,1,0,osm_nodes,45,0.015157,0.0081,
393,dc,1,0,osm_nodes,36,0.007289,0.0997,
394,dc,1,0,osm_nodes,41,0.024222,0.1771,
395,dc,1,0,osm_nodes,45,0.019222,0.1461,
396,dc,1,0,osm_nodes,37,0.007274,0.0882,
397,dc,1,0,osm_nodes,43,0.019582,0.1364,
398,dc,1,0,osm_nodes,46,0.007255,0.2133,
399,dc,1,0,osm_nodes,35,0.021016,0.0864,
400,dc,1,0,osm_nodes,30,0.017338,0.0923,
401,dc,1,0,osm_nodes,21,0.005474,0.0507,
402,dc,1,1,osm_nodes,39,0.011641,0.1003,
403,dc,1,0,osm_nodes,34,0.026929,0.2776,
404,dc,1,0,osm_nodes,39,0.027976,0.1686,
405,dc,1,0,osm_nodes,31,0.027298,0.1789,
406,dc,0,0,osm_nodes,36,0.020596,0.1552,
407,dc,1,0,osm_nodes,35,0.025446,0.2808,
408,dc,1,0,osm_nodes,33,0.024519,0.2689,
409,dc,1,0,osm_nodes,32,0.02067,0.1254,
410,dc,1,0,osm_nodes,36,0.022265,0.15,
411,dc,1,0,osm_nodes,18,0.013818,0.0845,
412,dc,1,0,osm_nodes,30,0.022,0.1805,
413,dc,1,0,osm_nodes,17,0.013652,0.067,
414,dc,1,0,osm_nodes,43,0.024234,0.165,
415,dc,1,0,osm_nodes,38,0.017666,0.159,
416,dc,1,0,osm_nodes,18,0.014248,0.0709,
417,dc,1,0,osm_nodes,29,0.021175,0.1204,
418,dc,1,0,osm_nodes,19,0.01496,0.0561,
419,dc,1,0,osm_nodes,33,0.021331,0.2679,
420,dc,1,1,osm_nodes,30,0.021044,0.1968,
421,dc,1,0,osm_nodes,26,0.022569,0.1891,
422,dc,1,0,osm_nodes,29,0.023783,0.2114,
423,dc,1,0,osm_nodes,41,0.022208,0.1866,
424,dc,1,0,osm_nodes,38,0.02622,0.1573,
425,dc,1,0,osm_nodes,25,0.021989,0.1548,
426,dc,1,0,osm_nodes,44,0.027749,0.1741,
427,dc,1,0,osm_nodes,42,0.022859,0.2173,
428,dc,1,0,osm_nodes,45,0.022764,0.2216,
429,dc,1,0,osm_nodes,28,0.022523,0.1991,
430,dc,1,0,osm_nodes,54,0.023306,0.2561,
431,dc,1,0,osm_nodes,34,0.02155,0.1643,
432,dc,1,0,osm_nodes,35,0.026375,0.1552,
433,dc,1,0,osm_nodes,44,0.022043,0.2133,
434,dc,0,0,osm_nodes,63,0.02404,0.1842,
435,dc,1,0,osm_nodes,33,0.025016,0.1491,
436,dc,1,0,osm_nodes,75,0.028854,0.2587,
437,dc,1,0,osm_nodes,39,0.026816,0.1803,
438,dc,1,0,osm_nodes,47,0.027862,0.1927,
439,dc,1,0,osm_nodes,32,0.019366,0.2195,
440,dc,1,0,osm_nodes,36,0.025254,0.1507,
441,dc,1,0,osm_nodes,35,0.022002,0.2009,
442,dc,1,0,osm_nodes,39,0.025456,0.2121,
443,dc,1,0,osm_nodes,39,0.026501,0.1877,
444,dc,1,0,osm_nodes,39,0.024774,0.1832,
445,dc,1,0,osm_nodes,50,0.029033,0.1494,
446,dc,1,0,osm_nodes,31,0.024447,0.1634,
447,dc,1,0,osm_nodes,34,0.024729,0.1832,
448,dc,1,0,osm_nodes,67,0.026637,0.2622,
449,dc,1,0,osm_nodes,73,0.027122,0.3129,
450,dc,1,0,osm_nodes,72,0.026071,0.2741,
451,dc,1,0,osm_nodes,67,0.025486,0.2842,
452,dc,1,0,osm_nodes,34,0.026363,0.1535,
453,dc,1,0,osm_nodes,45,0.029114,0.1944,
454,dc,1,0,osm_nodes,32,0.02418,0.1524,
455,dc,1,0,osm_nodes,45,0.026068,0.2374,
456,dc,1,0,osm_nodes,53,0.021758,0.2534,
457,dc,1,0,osm_nodes,48,0.023892,0.1929,
458,dc,1,0,osm_nodes,71,0.026642,0.2781,
459,dc,1,0,osm_nodes,35,0.017381,0.235,
460,dc,1,0,osm_nodes,35,0.024715,0.1724,
461,dc,1,0,osm_nodes,33,0.024788,0.1564,
462,dc,1,0,osm_nodes,49,0.027268,0.2316,
463,dc,1,0,osm_nodes,37,0.023301,0.2385,
464,dc,1,0,osm_nodes,37,0.023383,0.2106,
465,dc,1,0,osm_nodes,18,0.01757,0.1334,
466,dc,1,0,osm_nodes,60,0.025578,0.1747,
467,dc,1,0,osm_nodes,66,0.026225,0.1201,
468,dc,1,0,osm_nodes,23,0.020021,0.1153,
469,dc,1,0,osm_nodes,24,0.022233,0.161,
470,dc,1,0,osm_nodes,19,0.017757,0.0906,
471,dc,1,0,osm_nodes,49,0.022167,0.0604,
472,dc,1,0,osm_nodes,56,0.024759,0.095,
473,dc,1,0,osm_nodes,20,0.014875,0.1535,
474,dc,1,0,osm_nodes,44,0.02548,0.1462,
475,dc,1,0,osm_nodes,43,0.017896,0.131,
476,dc,1,0,osm_nodes,46,0.021434,0.0147,
477,dc,1,0,osm_nodes,23,0.018453,0.1283,
478,dc,1,0,osm_nodes,19,0.010344,0.1331,
479,dc,1,0,osm_nodes,23,0.01588,0.1854,
480,dc,0,0,osm_nodes,31,0.013364,0.2085,
481,dc,1,0,osm_nodes,23,0.020892,0.1801,
482,dc,1,0,osm_nodes,12,0.005972,0.1556,
483,dc,1,0,osm_nodes,22,0.020866,0.142,
484,dc,1,0,osm_nodes,24,0.014411,0.1153,
485,dc,0,0,osm_nodes,25,0.011413,0.1296,
486,dc,1,0,osm_nodes,17,0.015989,0.151,
487,dc,0,0,osm_nodes,26,0.010087,0.1748,
488,dc,1,0,osm_nodes,15,0.018603,0.1837,
489,dc,1,0,osm_nodes,14,0.015326,0.155,
490,dc,1,0,osm_nodes,19,0.016557,0.1684,
491,dc,0,0,osm_nodes,25,0.003975,0.1701,
492,dc,1,0,osm_nodes,15,0.013716,0.1584,
493,dc,1,0,osm_nodes,15,0.01697,0.1872,
494,dc,1,0,osm_nodes,26,0.015401,0.1126,
495,dc,0,0,osm_nodes,20,0.00134,0.154,
496,dc,1,0,osm_nodes,8,0.010666,0.1615,
497,dc,1,0,osm_nodes,22,0.012031,0.1166,
498,dc,1,0,osm_nodes,4,0.006631,0.1107,
499,dc,0,0,osm_nodes,19,0.004907,0.1462,
500,dc,0,0,osm_nodes,11,0.004247,0.16,
501,dc,0,0,osm_nodes,4,0.002678,0.1089,
502,dc,1,0,osm_nodes,23,0.014325,0.1706,
503,dc,1,0,osm_nodes,14,0.007655,0.0,
504,dc,1,0,osm_nodes,32,0.016585,0.101,
505,dc,1,0,osm_nodes,32,0.016309,0.1244,
506,dc,1,0,osm_nodes,32,0.015938,0.1377,
507,dc,0,0,osm_nodes,26,0.013925,0.1026,
508,dc,1,0,osm_nodes,24,0.015556,0.1799,
509,dc,1,0,osm_nodes,20,0.013316,0.0983,
510,dc,1,0,osm_nodes,9,0.006287,0.0763,
511,dc,1,0,osm_nodes,11,0.007276,0.1329,
512,dc,1,0,osm_nodes,3,0.009702,0.0093,
513,dc,1,0,osm_nodes,13,0.006939,0.0814,
514,dc,1,0,osm_nodes,10,0.006194,0.1265,
515,dc,1,0,osm_nodes,10,0.007216,0.0,
516,dc,1,0,osm_nodes,9,0.006884,0.0,
517,dc,1,0,osm_nodes,9,0.008126,0.0,
518,dc,1,0,osm_nodes,23,0.019145,0.0611,
519,dc,1,0,osm_nodes,23,0.01965,0.111,
520,dc,1,0,osm_nodes,16,0.010211,0.1311,
521,dc,1,0,osm_nodes,29,0.015358,0.1462,
522,dc,1,0,osm_nodes,13,0.011043,0.0746,
523,dc,1,0,osm_nodes,15,0.009947,0.1056,
524,dc,1,0,osm_nodes,18,0.012295,0.1537,
525,dc,1,0,osm_nodes,11,0.00775,0.1133,
526,dc,1,0,osm_nodes,22,0.016366,0.0834,
527,dc,1,0,osm_nodes,11,0.010914,0.0152,
528,dc,1,0,osm_nodes,18,0.017834,0.0562,
529,dc,1,0,osm_nodes,18,0.018796,0.0816,
530,dc,1,0,osm_nodes,12,0.008634,0.0475,
531,dc,1,0,osm_nodes,10,0.002428,0.1564,
532,dc,1,0,osm_nodes,13,0.008522,0.0641,
533,dc,1,0,osm_nodes,22,0.008278,0.0785,
534,dc,0,0,osm_nodes,8,0.003397,0.1275,
535,dc,1,0,osm_nodes,6,0.010579,0.0134,
536,dc,1,1,osm_nodes,6,0.005972,0.0028,
537,dc,0,0,osm_nodes,3,0.0,0.1414,
538,dc,1,0,osm_nodes,32,0.016635,0.1846,
539,dc,1,0,osm_nodes,29,0.016655,0.1682,
540,dc,1,0,osm_nodes,27,0.020022,0.1799,
541,dc,1,0,osm_nodes,31,0.018167,0.2967,
542,dc,1,0,osm_nodes,46,0.020079,0.2703,
543,dc,1,1,osm_nodes,43,0.023112,0.2061,
544,dc,1,1,osm_nodes,40,0.023268,0.2279,
545,dc,1,1,osm_nodes,43,0.025013,0.2039,
546,dc,1,0,osm_nodes,32,0.015258,0.0929,
547,dc,1,0,osm_nodes,29,0.016182,0.1357,
548,dc,1,0,osm_nodes,27,0.013137,0.1723,
549,dc,1,0,osm_nodes,30,0.015188,0.1786,
550,dc,0,0,osm_nodes,59,0.024697,0.2773,
551,dc,1,0,osm_nodes,33,0.019044,0.1598,
552,dc,1,0,osm_nodes,27,0.01985,0.3433,
553,dc,1,0,osm_nodes,53,0.0249,0.2027,
554,dc,1,1,osm_nodes,41,0.026764,0.2323,
555,dc,1,0,osm_nodes,47,0.022426,0.209,
556,dc,1,0,osm_nodes,29,0.019594,0.2485,
557,dc,1,0,osm_nodes,44,0.021879,0.1579,
558,dc,1,1,osm_nodes,34,0.019885,0.1876,
559,dc,1,1,osm_nodes,49,0.020715,0.2213,
560,dc,1,1,osm_nodes,27,0.022018,0.1951,
561,dc,1,1,osm_nodes,70,0.02445,0.2374,
562,dc,1,0,osm_nodes,40,0.018605,0.1352,
563,dc,1,0,osm_nodes,38,0.022137,0.0303,
564,dc,1,1,osm_nodes,34,0.020137,0.1911,
565,dc,1,1,osm_nodes,29,0.018851,0.1849,
566,dc,0,0,osm_nodes,47,0.017019,0.2198,
567,dc,1,0,osm_nodes,19,0.016016,0.1915,
568,dc,1,0,osm_nodes,27,0.019536,0.0881,
569,dc,0,0,osm_nodes,38,0.016805,0.2162,
570,dc,1,0,osm_nodes,49,0.021312,0.3698,
571,dc,1,0,osm_nodes,65,0.019259,0.2083,
572,dc,1,0,osm_nodes,51,0.019003,0.2181,
573,dc,1,0,osm_nodes,51,0.021449,0.3091,
574,dc,1,0,osm_nodes,30,0.022932,0.1672,
575,dc,0,0,osm_nodes,31,0.021545,0.3079,
576,dc,1,0,osm_nodes,31,0.022654,0.1716,
577,dc,0,0,osm_nodes,64,0.020192,0.3034,
578,dc,1,1,osm_nodes,23,0.022688,0.2172,
579,dc,1,0,osm_nodes,56,0.01147,0.2414,
580,dc,1,0,osm_nodes,56,0.022004,0.1844,
581,dc,1,0,osm_nodes,57,0.023339,0.2057,
582,dc,1,0,osm_nodes,32,0.021502,0.1781,
583,dc,1,0,osm_nodes,69,0.019928,0.2223,
584,dc,1,1,osm_nodes,27,0.024746,0.2374,
585,dc,1,0,osm_nodes,59,0.021302,0.1874,
586,dc,1,0,osm_nodes,67,0.021847,0.1855,
587,dc,1,0,osm_nodes,56,0.017466,0.216,
588,dc,1,1,osm_nodes,40,0.024227,0.1987,
589,dc,0,0,osm_nodes,56,0.022719,0.2401,
590,dc,1,1,osm_nodes,23,0.019635,0.167,
591,dc,1,1,osm_nodes,25,0.024926,0.2191,
592,dc,1,1,osm_nodes,63,0.015786,0.3697,
593,dc,1,0,osm_nodes,87,0.018873,0.1103,
594,dc,1,0,osm_nodes,98,0.022747,0.1833,
595,dc,1,0,osm_nodes,32,0.024199,0.1774,
596,dc,1,1,osm_nodes,44,0.023041,0.1694,
597,dc,1,0,osm_nodes,31,0.023177,0.1736,
599,dc,1,1,osm_nodes,29,0.010766,0.1995,
600,dc,1,1,osm_nodes,84,0.019923,0.1857,
601,dc,1,0,osm_nodes,32,0.01944,0.1666,
602,dc,1,1,osm_nodes,34,0.021485,0.1036,
603,dc,1,0,osm_nodes,42,0.023101,0.1369,
604,dc,1,1,osm_nodes,33,0.019966,0.1102,
605,dc,1,0,osm_nodes,47,0.016724,0.2125,
606,dc,1,0,osm_nodes,35,0.026197,0.2089,
607,dc,1,0,osm_nodes,30,0.022919,0.2354,
608,dc,1,0,osm_nodes,25,0.019248,0.2339,
609,dc,1,1,osm_nodes,34,0.023588,0.106,
610,dc,1,0,osm_nodes,33,0.018172,0.1786,
611,dc,1,1,osm_nodes,44,0.024016,0.0846,
612,dc,1,0,osm_nodes,43,0.019331,0.178,
613,dc,1,1,osm_nodes,43,0.02389,0.0834,
614,dc,1,1,osm_nodes,28,0.017381,0.1906,
615,dc,0,0,osm_nodes,30,0.008818,0.2325,
616,dc,1,0,osm_nodes,41,0.017768,0.1959,
617,dc,1,1,osm_nodes,33,0.022938,0.1545,
618,dc,1,1,osm_nodes,35,0.023424,0.1876,
619,dc,1,0,osm_nodes,27,0.017952,0.2391,
620,dc,1,1,osm_nodes,36,0.022163,0.1805,
621,dc,1,0,osm_nodes,39,0.017616,0.1712,
622,dc,1,0,osm_nodes,29,0.013669,0.192,
623,dc,1,0,osm_nodes,29,0.013425,0.1883,
624,dc,0,0,osm_nodes,44,0.014625,0.2131,
625,dc,1,1,osm_nodes,36,0.020509,0.3152,
626,dc,1,1,osm_nodes,36,0.018503,0.2726,
627,dc,1,1,osm_nodes,35,0.019155,0.144,
628,dc,1,0,osm_nodes,94,0.031681,0.3293,
629,dc,1,0,osm_nodes,93,0.031965,0.2442,
630,dc,1,0,osm_nodes,83,0.029822,0.2282,
631,dc,1,1,osm_nodes,65,0.025596,0.3093,
632,dc,1,1,osm_nodes,50,0.027839,0.1089,
633,dc,1,0,osm_nodes,65,0.024898,0.2953,
634,dc,1,0,osm_nodes,66,0.024257,0.3323,
635,dc,1,0,osm_nodes,57,0.024523,0.293,
636,dc,1,0,osm_nodes,83,0.02904,0.2724,
637,dc,1,0,osm_nodes,83,0.028912,0.2618,
638,dc,1,0,osm_nodes,64,0.023262,0.2908,
639,dc,1,0,osm_nodes,29,0.01778,0.1579,
640,dc,1,0,osm_nodes,34,0.017491,0.2297,
641,dc,1,0,osm_nodes,39,0.020402,0.0974,
642,dc,0,0,osm_nodes,27,0.0,0.1632,
643,dc,1,1,osm_nodes,32,0.023007,0.1421,
644,dc,1,0,osm_nodes,26,0.015752,0.0406,
645,dc,1,1,osm_nodes,32,0.01855,0.0708,
646,dc,1,0,osm_nodes,63,0.01427,0.0636,
647,dc,0,0,osm_nodes,25,0.0,0.1862,
648,dc,0,0,osm_nodes,30,0.0,0.1479,
649,dc,0,0,osm_nodes,29,0.0,0.1408,
650,dc,1,1,osm_nodes,17,0.013524,0.0644,
651,dc,1,0,osm_nodes,44,0.014308,0.1938,
652,dc,1,0,osm_nodes,45,0.011495,0.1386,
653,dc,1,1,osm_nodes,51,0.014562,0.1517,
654,dc,1,1,osm_nodes,54,0.019109,0.1935,
655,dc,1,1,osm_nodes,53,0.015394,0.1646,
656,dc,0,0,osm_nodes,30,0.009454,0.0965,
657,dc,1,0,osm_nodes,30,0.01882,0.0624,
658,dc,1,1,osm_nodes,41,0.012737,0.183,
659,dc,1,0,osm_nodes,41,0.014127,0.1824,
660,dc,1,0,osm_nodes,47,0.013896,0.2416,
661,dc,1,0,osm_nodes,53,0.026984,0.3516,
662,dc,1,0,osm_nodes,38,0.012968,0.1878,
663,dc,1,0,osm_nodes,48,0.013994,0.2426,
664,dc,1,0,osm_nodes,27,0.014154,0.1711,
665,dc,1,1,osm_nodes,37,0.016205,0.1726,
666,dc,1,1,osm_nodes,49,0.025011,0.2326,
667,dc,1,0,osm_nodes,27,0.016252,0.2695,
668,dc,1,0,osm_nodes,37,0.007982,0.1499,
669,dc,0,0,osm_nodes,26,0.005269,0.1569,
670,dc,1,1,osm_nodes,42,0.012773,0.1875,
671,dc,1,0,osm_nodes,40,0.011619,0.149,
672,dc,1,0,osm_nodes,36,0.011029,0.1364,
673,dc,1,0,osm_nodes,61,0.014736,0.1595,
674,dc,1,1,osm_nodes,52,0.014731,0.1597,
675,dc,1,1,osm_nodes,34,0.024971,0.1519,
676,dc,1,0,osm_nodes,27,0.017632,0.2812,
677,dc,1,0,osm_nodes,54,0.016205,0.2419,
678,dc,1,0,osm_nodes,63,0.011179,0.0937,
679,dc,1,1,osm_nodes,71,0.012735,0.1117,
680,dc,1,0,osm_nodes,66,0.010904,0.0971,
681,dc,1,0,osm_nodes,77,0.011429,0.0927,
682,dc,1,1,osm_nodes,37,0.016706,0.1293,
683,dc,1,0,osm_nodes,59,0.023467,0.1284,
684,dc,1,1,osm_nodes,49,0.018917,0.1239,
685,dc,1,0,osm_nodes,75,0.013354,0.1027,
686,dc,0,0,osm_nodes,74,0.010141,0.1275,
687,dc,1,1,osm_nodes,22,0.014765,0.0969,
688,dc,1,0,osm_nodes,29,0.012001,0.2607,
689,dc,0,0,osm_nodes,62,0.005332,0.1957,
690,dc,1,1,osm_nodes,60,0.01676,0.1002,
691,dc,1,1,osm_nodes,60,0.024411,0.285,
692,dc,0,0,osm_nodes,67,0.011569,0.1509,
693,dc,1,1,osm_nodes,59,0.016028,0.0985,
694,dc,1,1,osm_nodes,54,0.016765,0.0992,
695,dc,1,1,osm_nodes,62,0.014982,0.0994,
696,dc,1,1,osm_nodes,56,0.014122,0.095,
697,dc,0,0,osm_nodes,58,0.004049,0.2162,
698,dc,1,0,osm_nodes,43,0.017739,0.3213,
699,dc,0,0,osm_nodes,30,0.000338,0.1158,
700,dc,1,0,osm_nodes,26,0.012814,0.1097,
701,dc,1,1,osm_nodes,43,0.026311,0.1903,
702,dc,1,1,osm_nodes,28,0.020832,0.1016,
703,dc,1,1,osm_nodes,34,0.022954,0.1129,
704,dc,0,0,osm_nodes,47,0.000531,0.1359,
705,dc,1,1,osm_nodes,43,0.000531,0.1026,
706,dc,1,1,osm_nodes,43,0.000531,0.0826,
707,dc,1,1,osm_nodes,42,0.000531,0.08,
708,dc,0,1,osm_nodes,37,0.000531,0.0885,
709,dc,1,1,osm_nodes,29,0.021099,0.1737,
710,dc,1,0,osm_nodes,18,0.014339,0.1564,
711,dc,0,0,osm_nodes,32,0.000531,0.0929,
712,dc,1,1,osm_nodes,19,0.018461,0.1544,
713,dc,1,1,osm_nodes,28,0.024183,0.1884,
714,dc,1,1,osm_nodes,25,0.022729,0.1999,
715,dc,1,1,osm_nodes,24,0.022304,0.1958,
716,dc,1,1,osm_nodes,30,0.021616,0.2005,
717,dc,1,0,osm_nodes,26,0.001281,0.0864,
718,dc,1,1,osm_nodes,28,0.01958,0.1685,
719,dc,1,0,osm_nodes,61,0.022082,0.1927,
720,dc,0,0,osm_nodes,49,0.002235,0.1625,
721,dc,1,0,osm_nodes,95,0.028599,0.2783,
722,dc,1,0,osm_nodes,100,0.032084,0.3305,
723,dc,1,1,osm_nodes,58,0.007849,0.2399,
724,dc,1,1,osm_nodes,93,0.031221,0.1699,
725,dc,1,1,osm_nodes,60,0.012075,0.1164,
726,dc,1,1,osm_nodes,60,0.012161,0.1117,
727,dc,1,0,osm_nodes,41,0.011388,0.1825,
728,dc,1,0,osm_nodes,51,0.013439,0.0781,
729,dc,1,0,osm_nodes,51,0.013272,0.0951,
730,dc,1,0,osm_nodes,14,0.003506,0.1178,
731,dc,1,0,osm_nodes,41,0.012345,0.1164,
732,dc,1,0,osm_nodes,26,0.012242,0.0962,
733,dc,1,0,osm_nodes,26,0.013834,0.1136,
734,dc,1,0,osm_nodes,20,0.018736,0.1496,
735,dc,1,1,osm_nodes,22,0.018462,0.1078,
736,dc,1,0,osm_nodes,42,0.009797,0.0694,
737,dc,1,0,osm_nodes,38,0.012178,0.1033,
738,dc,1,0,osm_nodes,17,0.012173,0.0702,
739,dc,1,0,osm_nodes,21,0.017581,0.1353,
740,dc,1,0,osm_nodes,26,0.018223,0.1175,
741,dc,1,0,osm_nodes,16,0.015303,0.1289,
742,dc,1,0,osm_nodes,26,0.016554,0.102,
743,dc,1,0,osm_nodes,28,0.016668,0.0716,
744,dc,1,1,osm_nodes,41,0.023201,0.1812,
745,dc,1,1,osm_nodes,37,0.025123,0.1315,
746,dc,1,0,osm_nodes,89,0.019878,0.0808,
747,dc,1,0,osm_nodes,36,0.017408,0.0404,
748,dc,1,0,osm_nodes,54,0.023388,0.0752,
749,dc,1,0,osm_nodes,41,0.017106,0.3246,
750,dc,1,0,osm_nodes,55,0.024433,0.0799,
751,dc,1,0,osm_nodes,53,0.01682,0.048,
752,dc,1,0,osm_nodes,56,0.016001,0.0964,
753,dc,1,0,osm_nodes,39,0.019455,0.1189,
754,dc,1,0,osm_nodes,34,0.015296,0.0439,
755,dc,1,0,osm_nodes,34,0.015402,0.0545,
756,dc,1,0,osm_nodes,33,0.015013,0.0607,
757,dc,1,1,osm_nodes,12,0.008502,0.1216,
758,dc,0,0,osm_nodes,26,0.002164,0.0574,
759,dc,0,0,osm_nodes,32,0.0,0.1422,
760,dc,0,0,osm_nodes,33,0.0,0.1824,
761,dc,1,0,osm_nodes,18,0.00244,0.0858,
762,dc,1,0,osm_nodes,19,0.004914,0.0363,
763,dc,1,0,osm_nodes,33,0.01396,0.1021,
764,dc,1,0,osm_nodes,39,0.013768,0.1254,
765,dc,1,0,osm_nodes,89,0.01306,0.0011,
766,dc,1,0,osm_nodes,87,0.012784,0.0021,
767,dc,1,0,osm_nodes,87,0.012675,0.0033,
768,dc,1,0,osm_nodes,87,0.012926,0.0159,
769,dc,1,0,osm_nodes,85,0.013178,0.038,
770,dc,1,0,osm_nodes,14,0.010476,0.0,
771,dc,0,0,osm_nodes,14,0.003857,0.1359,
772,dc,1,0,osm_nodes,29,0.014456,0.08,
773,dc,1,0,osm_nodes,29,0.017286,0.042,
774,dc,1,0,osm_nodes,7,0.007695,0.1031,
775,dc,1,0,osm_nodes,21,0.006974,0.1392,
776,dc,0,0,osm_nodes,25,0.008849,0.1865,
777,dc,0,0,osm_nodes,25,0.009259,0.1863,
778,dc,1,0,osm_nodes,9,0.010579,0.088,
779,dc,1,0,osm_nodes,26,0.017612,0.0984,
780,dc,1,0,osm_nodes,24,0.015192,0.1762,
781,dc,1,0,osm_nodes,31,0.015358,0.1734,
782,dc,1,0,osm_nodes,36,0.015985,0.1847,
783,dc,1,0,osm_nodes,33,0.016495,0.3057,
784,dc,1,0,osm_nodes,18,0.011968,0.1665,
785,dc,1,0,osm_nodes,29,0.017683,0.2669,
786,dc,1,0,osm_nodes,31,0.017107,0.1902,
787,dc,1,0,osm_nodes,59,0.019496,0.145,
788,dc,1,0,osm_nodes,57,0.019223,0.1505,
789,dc,1,0,osm_nodes,58,0.018448,0.1945,
790,dc,1,0,osm_nodes,21,0.023254,0.1643,
791,dc,1,0,osm_nodes,24,0.020188,0.1494,
792,dc,1,0,osm_nodes,58,0.021914,0.1752,
793,dc,1,0,osm_nodes,25,0.023312,0.1207,
794,dc,1,0,osm_nodes,28,0.018327,0.1691,
795,dc,1,0,osm_nodes,40,0.023619,0.1156,
796,dc,1,0,osm_nodes,34,0.020983,0.1344,
797,dc,1,0,osm_nodes,25,0.023128,0.1237,
798,dc,1,0,osm_nodes,25,0.012008,0.1661,
799,dc,1,0,osm_nodes,24,0.015146,0.1581,
800,dc,1,0,osm_nodes,14,0.008799,0.0261,
801,dc,0,0,osm_nodes,27,0.011395,0.1793,
802,dc,1,0,osm_nodes,27,0.012016,0.1641,
803,dc,0,0,osm_nodes,63,0.026736,0.2844,
804,dc,1,0,osm_nodes,36,0.024104,0.14,
805,dc,1,0,osm_nodes,60,0.025549,0.2976,
806,dc,1,0,osm_nodes,24,0.01192,0.1653,
807,dc,1,0,osm_nodes,35,0.022129,0.1717,
808,dc,1,0,osm_nodes,31,0.012781,0.1722,
809,dc,1,0,osm_nodes,27,0.019129,0.1465,
810,dc,1,0,osm_nodes,28,0.018533,0.1464,
811,dc,1,0,osm_nodes,54,0.028889,0.222,
812,dc,1,0,osm_nodes,43,0.025757,0.1839,
813,dc,1,0,osm_nodes,53,0.028757,0.1956,
814,dc,1,0,osm_nodes,35,0.024001,0.1722,
815,dc,1,0,osm_nodes,16,0.007148,0.1313,
816,dc,1,0,osm_nodes,40,0.025391,0.1689,
817,dc,1,0,osm_nodes,36,0.022355,0.1352,
818,dc,1,0,osm_nodes,36,0.020063,0.1775,
819,dc,1,0,osm_nodes,21,0.012698,0.1267,
820,dc,1,0,osm_nodes,42,0.021944,0.125,
821,dc,1,0,osm_nodes,32,0.018207,0.1787,
822,dc,1,0,osm_nodes,41,0.023175,0.1218,
823,dc,1,0,osm_nodes,38,0.025476,0.1483,
824,dc,1,0,osm_nodes,47,0.025314,0.0888,
825,dc,1,0,osm_nodes,47,0.02445,0.136,
826,dc,1,0,osm_nodes,48,0.027673,0.1176,
827,dc,1,0,osm_nodes,42,0.022568,0.2348,
828,dc,1,0,osm_nodes,31,0.019784,0.1474,
829,dc,1,0,osm_nodes,33,0.018545,0.1635,
830,dc,1,0,osm_nodes,49,0.027798,0.1394,
831,dc,1,0,osm_nodes,29,0.017022,0.1454,
832,dc,0,0,osm_nodes,48,0.025565,0.2794,
833,dc,1,0,osm_nodes,52,0.027332,0.1738,
834,dc,1,0,osm_nodes,50,0.026243,0.1383,
835,dc,1,0,osm_nodes,27,0.02002,0.1343,
836,dc,1,0,osm_nodes,27,0.013127,0.1574,
837,dc,1,0,osm_nodes,55,0.027521,0.1638,
838,dc,1,0,osm_nodes,27,0.015123,0.1038,
839,dc,1,0,osm_nodes,32,0.01594,0.1158,
840,dc,1,0,osm_nodes,33,0.016964,0.1153,
841,dc,1,0,osm_nodes,24,0.013398,0.1382,
842,dc,1,1,osm_nodes,60,0.026476,0.2148,
843,dc,1,0,osm_nodes,30,0.015022,0.142,
844,dc,1,1,osm_nodes,62,0.026731,0.2345,
845,dc,0,0,osm_nodes,33,0.019399,0.1688,
846,dc,1,0,osm_nodes,26,0.017634,0.171,
847,dc,1,0,osm_nodes,50,0.026676,0.1771,
848,dc,1,1,osm_nodes,60,0.026728,0.2146,
849,dc,1,0,osm_nodes,61,0.025991,0.1683,
850,dc,1,0,osm_nodes,39,0.020232,0.1894,
851,dc,1,0,osm_nodes,54,0.02365,0.2112,
852,dc,1,0,osm_nodes,19,0.015204,0.0938,
853,dc,1,0,osm_nodes,24,0.024502,0.1362,
854,dc,1,0,osm_nodes,28,0.02139,0.1525,
855,dc,1,0,osm_nodes,32,0.025454,0.1795,
856,dc,1,0,osm_nodes,33,0.026245,0.1654,
857,dc,1,0,osm_nodes,29,0.025593,0.1746,
858,dc,1,0,osm_nodes,48,0.020595,0.1165,
859,dc,1,0,osm_nodes,29,0.022042,0.1481,
860,dc,1,0,osm_nodes,34,0.02161,0.1439,
861,dc,1,0,osm_nodes,46,0.023514,0.2391,
862,dc,1,0,osm_nodes,50,0.018196,0.1669,
863,dc,1,0,osm_nodes,34,0.020865,0.17,
864,dc,1,0,osm_nodes,39,0.016903,0.1716,
865,dc,1,0,osm_nodes,46,0.020277,0.2835,
866,dc,1,0,osm_nodes,15,0.010946,0.1302,
867,dc,1,0,osm_nodes,53,0.028157,0.2537,
868,dc,1,0,osm_nodes,35,0.023734,0.1751,
869,dc,1,0,osm_nodes,43,0.021478,0.2681,
870,dc,1,0,osm_nodes,42,0.023764,0.4031,
871,dc,0,0,osm_nodes,40,0.022937,0.1863,
872,dc,1,0,osm_nodes,41,0.021893,0.1923,
873,dc,1,0,osm_nodes,42,0.018985,0.2529,
874,dc,1,0,osm_nodes,27,0.015498,0.1546,
875,dc,1,0,osm_nodes,46,0.022032,0.3329,
876,dc,1,0,osm_nodes,51,0.023473,0.3529,
877,dc,1,0,osm_nodes,35,0.021533,0.2145,
878,dc,1,0,osm_nodes,27,0.016983,0.1698,
879,dc,1,0,osm_nodes,21,0.009631,0.1496,
880,dc,1,0,osm_nodes,25,0.010815,0.1605,
881,dc,1,0,osm_nodes,29,0.021095,0.1818,
882,dc,1,0,osm_nodes,57,0.02583,0.2937,
883,dc,1,0,osm_nodes,40,0.024754,0.2395,
884,dc,1,0,osm_nodes,60,0.026121,0.3144,
885,dc,1,0,osm_nodes,55,0.025066,0.2508,
886,dc,0,0,osm_nodes,45,0.01553,0.4176,
887,dc,1,0,osm_nodes,59,0.02158,0.3223,
888,dc,1,0,osm_nodes,63,0.020819,0.3589,
889,dc,1,0,osm_nodes,35,0.024269,0.223,
890,dc,1,0,osm_nodes,33,0.025734,0.1817,
891,dc,1,0,osm_nodes,70,0.030907,0.197,
892,dc,1,0,osm_nodes,68,0.031434,0.2288,
893,dc,1,0,osm_nodes,28,0.025713,0.1547,
894,dc,1,0,osm_nodes,28,0.022047,0.1561,
895,dc,1,0,osm_nodes,33,0.019482,0.1831,
896,dc,1,0,osm_nodes,24,0.023124,0.1353,
897,dc,1,0,osm_nodes,30,0.021989,0.1599,
898,dc,1,0,osm_nodes,68,0.032826,0.1367,
899,dc,1,0,osm_nodes,46,0.026485,0.1182,
900,dc,1,0,osm_nodes,52,0.028755,0.1012,
901,dc,1,0,osm_nodes,30,0.021807,0.1335,
902,dc,1,0,osm_nodes,47,0.017475,0.2686,
903,dc,1,0,osm_nodes,6,0.004921,0.1445,
904,dc,1,0,osm_nodes,36,0.018671,0.2512,
905,dc,1,0,osm_nodes,34,0.022824,0.1473,
906,dc,1,0,osm_nodes,41,0.025205,0.2023,
907,dc,1,0,osm_nodes,64,0.027511,0.4709,
908,dc,1,0,osm_nodes,30,0.01349,0.2421,
909,dc,1,0,osm_nodes,18,0.022433,0.1505,
910,dc,1,0,osm_nodes,14,0.012419,0.1225,
911,dc,1,0,osm_nodes,21,0.021864,0.1352,
912,dc,1,0,osm_nodes,36,0.021354,0.1536,
913,dc,1,0,osm_nodes,34,0.021618,0.1362,
914,dc,1,1,osm_nodes,47,0.022763,0.302,
915,dc,1,0,osm_nodes,23,0.01302,0.1284,
916,dc,1,0,osm_nodes,35,0.02247,0.0978,
917,dc,1,0,osm_nodes,28,0.017075,0.0672,
918,dc,1,0,osm_nodes,33,0.024212,0.1486,
919,dc,1,0,osm_nodes,27,0.015823,0.0822,
920,dc,1,0,osm_nodes,43,0.025449,0.1266,
921,dc,1,0,osm_nodes,32,0.024605,0.145,
922,dc,1,0,osm_nodes,23,0.013381,0.125,
923,dc,1,0,osm_nodes,43,0.027982,0.153,
924,dc,1,0,osm_nodes,33,0.024827,0.1456,
925,dc,1,0,osm_nodes,44,0.026952,0.1582,
926,dc,1,0,osm_nodes,46,0.021376,0.2844,
927,dc,1,0,osm_nodes,46,0.023439,0.29,
928,dc,1,0,osm_nodes,41,0.0203,0.3159,
929,dc,1,0,osm_nodes,46,0.027809,0.2661,
930,dc,1,0,osm_nodes,47,0.02739,0.246,
931,dc,1,0,osm_nodes,13,0.007189,0.1266,
932,dc,1,0,osm_nodes,33,0.023679,0.1233,
933,dc,1,0,osm_nodes,10,0.009594,0.1428,
934,dc,1,0,osm_nodes,60,0.024509,0.0858,
935,dc,0,0,osm_nodes,65,0.028476,0.1582,
936,dc,1,0,osm_nodes,61,0.024109,0.0876,
937,dc,1,0,osm_nodes,64,0.024618,0.0883,
938,dc,1,0,osm_nodes,65,0.027695,0.1548,
939,dc,1,0,osm_nodes,52,0.025395,0.1206,
940,dc,1,0,osm_nodes,60,0.024907,0.2254,
941,dc,1,0,osm_nodes,30,0.014727,0.1411,
942,dc,1,0,osm_nodes,61,0.0264,0.1477,
943,dc,1,0,osm_nodes,65,0.023517,0.2359,
944,dc,1,0,osm_nodes,7,0.009666,0.0777,
945,dc,1,0,osm_nodes,53,0.021479,0.2619,
946,dc,0,0,osm_nodes,25,0.013428,0.1513,
947,dc,1,0,osm_nodes,46,0.020013,0.2408,
948,dc,1,0,osm_nodes,23,0.012635,0.1798,
949,dc,1,0,osm_nodes,31,0.016611,0.1718,
950,dc,1,0,osm_nodes,47,0.018353,0.2303,
951,dc,0,0,osm_nodes,22,0.009984,0.1455,
952,dc,1,0,osm_nodes,24,0.011842,0.1877,
953,dc,0,0,osm_nodes,4,0.000166,0.0,
954,dc,1,0,osm_nodes,33,0.017112,0.2115,
955,dc,1,0,osm_nodes,39,0.021184,0.2479,
956,dc,1,0,osm_nodes,6,0.002212,0.0073,
957,dc,1,0,osm_nodes,36,0.029205,0.1427,
958,dc,1,0,osm_nodes,40,0.02876,0.1828,
959,dc,1,0,osm_nodes,41,0.023541,0.216,
960,dc,1,0,osm_nodes,47,0.025321,0.2395,
961,dc,1,0,osm_nodes,42,0.023689,0.2189,
962,dc,1,0,osm_nodes,44,0.031358,0.1553,
963,dc,1,0,osm_nodes,31,0.022803,0.2212,
964,dc,1,1,osm_nodes,25,0.02125,0.199,
965,dc,1,0,osm_nodes,9,0.006387,0.1193,
966,dc,1,0,osm_nodes,33,0.02287,0.2269,
967,dc,1,0,osm_nodes,22,0.017373,0.1519,
968,dc,1,1,osm_nodes,24,0.013636,0.0,
969,dc,1,0,osm_nodes,29,0.020565,0.244,
970,dc,0,1,osm_nodes,14,0.01366,0.1105,
971,dc,1,0,osm_nodes,34,0.020842,0.1654,
972,dc,1,0,osm_nodes,35,0.021914,0.1749,
973,dc,1,0,osm_nodes,25,0.019103,0.1715,
974,dc,0,0,osm_nodes,4,0.002337,0.1123,
975,dc,1,1,osm_nodes,43,0.022263,0.1851,
976,dc,1,1,osm_nodes,17,0.015593,0.1522,
977,dc,1,0,osm_nodes,33,0.023394,0.1616,
978,dc,1,0,osm_nodes,9,0.008928,0.1413,
979,dc,1,0,osm_nodes,37,0.022828,0.1638,
980,dc,1,0,osm_nodes,33,0.020888,0.1668,
981,dc,1,0,osm_nodes,5,0.014385,0.0,
982,dc,1,1,osm_nodes,30,0.02003,0.1423,
983,dc,1,0,osm_nodes,15,0.013813,0.163,
984,dc,1,1,osm_nodes,21,0.019832,0.0899,
985,dc,1,0,osm_nodes,16,0.01226,0.1555,
986,dc,1,0,osm_nodes,19,0.015112,0.2043,
987,dc,1,0,osm_nodes,11,0.008591,0.1293,
988,dc,1,0,osm_nodes,40,0.020938,0.1428,
989,dc,1,0,osm_nodes,3,0.008145,0.0,
990,dc,1,0,osm_nodes,32,0.019805,0.1612,
991,dc,1,0,osm_nodes,23,0.017723,0.1306,
992,dc,1,1,osm_nodes,29,0.020248,0.2008,
993,dc,1,0,osm_nodes,29,0.021862,0.1765,
994,dc,1,0,osm_nodes,26,0.017608,0.2391,
995,dc,1,0,osm_nodes,68,0.032042,0.1816,
996,dc,1,0,osm_nodes,38,0.024677,0.2465,
997,dc,1,1,osm_nodes,73,0.03641,0.1929,
998,dc,1,0,osm_nodes,39,0.02283,0.3468,
999,dc,1,0,osm_nodes,73,0.037348,0.1816,
1000,dc,1,0,osm_nodes,51,0.02632,0.1272,
1001,dc,1,0,osm_nodes,41,0.021438,0.3072,
1002,dc,1,1,osm_nodes,47,0.03113,0.2126,
1003,dc,1,0,osm_nodes,66,0.029972,0.2344,
1004,dc,1,1,osm_nodes,40,0.027474,0.1554,
1005,dc,1,1,osm_nodes,39,0.026913,0.1438,
1006,dc,1,1,osm_nodes,46,0.025562,0.239,
1007,dc,1,1,osm_nodes,39,0.022392,0.2857,
1008,dc,1,1,osm_nodes,36,0.020052,0.2887,
1009,dc,1,0,osm_nodes,37,0.022096,0.1805,
1010,dc,1,0,osm_nodes,56,0.025308,0.1433,
1011,dc,1,0,osm_nodes,39,0.023088,0.1147,
1012,dc,1,0,osm_nodes,61,0.03089,0.2022,
1013,dc,1,0,osm_nodes,35,0.025144,0.1966,
1014,dc,1,1,osm_nodes,52,0.024841,0.2844,
1015,dc,1,0,osm_nodes,52,0.025196,0.1725,
1016,dc,1,0,osm_nodes,42,0.026644,0.1951,
1017,dc,1,0,osm_nodes,47,0.026065,0.2191,
1018,dc,1,1,osm_nodes,49,0.030701,0.2484,
1019,dc,1,0,osm_nodes,32,0.014599,0.1899,
1020,dc,1,0,osm_nodes,30,0.013433,0.1875,
1021,dc,1,1,osm_nodes,45,0.02739,0.2529,
1022,dc,1,1,osm_nodes,38,0.023929,0.2237,
1023,dc,1,0,osm_nodes,62,0.031381,0.2083,
1024,dc,1,1,osm_nodes,66,0.032943,0.0937,
1025,dc,1,0,osm_nodes,71,0.037279,0.0958,
1026,dc,1,1,osm_nodes,38,0.0249,0.2471,
1027,dc,1,0,osm_nodes,83,0.039797,0.1728,
1028,dc,1,1,osm_nodes,36,0.02129,0.1202,
1029,dc,1,0,osm_nodes,78,0.036808,0.1352,
1030,dc,1,1,osm_nodes,38,0.025337,0.1487,
1031,dc,1,0,osm_nodes,69,0.035216,0.2098,
1032,dc,1,0,osm_nodes,67,0.031965,0.196,
1033,dc,1,0,osm_nodes,53,0.029487,0.3236,
1034,dc,1,0,osm_nodes,68,0.032565,0.1569,
1035,dc,1,1,osm_nodes,37,0.023694,0.1883,
1036,dc,1,1,osm_nodes,34,0.026997,0.2745,
1037,dc,1,0,osm_nodes,52,0.027945,0.2189,
1038,dc,1,0,osm_nodes,24,0.024015,0.2326,
1039,dc,1,1,osm_nodes,36,0.028563,0.1442,
1040,dc,1,1,osm_nodes,31,0.025281,0.3082,
1041,dc,1,1,osm_nodes,36,0.025625,0.261,
1042,dc,1,1,osm_nodes,38,0.027892,0.1332,
1043,dc,1,1,osm_nodes,44,0.024283,0.198,
1044,dc,1,1,osm_nodes,36,0.027361,0.136,
1045,dc,1,1,osm_nodes,55,0.026812,0.3093,
1046,dc,1,1,osm_nodes,36,0.025927,0.2881,
1047,dc,1,1,osm_nodes,19,0.020893,0.2165,
1048,dc,1,1,osm_nodes,36,0.02471,0.3109,
1049,dc,1,1,osm_nodes,48,0.026261,0.2462,
1050,dc,1,0,osm_nodes,46,0.025227,0.2189,
1051,dc,1,0,osm_nodes,52,0.027015,0.2467,
1052,dc,1,1,osm_nodes,32,0.023979,0.2058,
1053,dc,1,1,osm_nodes,50,0.026086,0.1935,
1054,dc,1,1,osm_nodes,68,0.032948,0.2401,
1055,dc,1,0,osm_nodes,56,0.026838,0.2401,
1056,dc,1,1,osm_nodes,35,0.018552,0.1465,
1057,dc,1,1,osm_nodes,43,0.027274,0.3094,
1058,dc,1,1,osm_nodes,54,0.032558,0.2727,
1059,dc,1,1,osm_nodes,53,0.029395,0.2259,
1060,dc,1,1,osm_nodes,55,0.029879,0.229,
1061,dc,1,1,osm_nodes,51,0.026066,0.2378,
1062,dc,1,1,osm_nodes,42,0.019121,0.2485,
1063,dc,1,1,osm_nodes,56,0.028223,0.1771,
1064,dc,1,1,osm_nodes,29,0.020742,0.1803,
1065,dc,1,0,osm_nodes,30,0.019047,0.1159,
1066,dc,1,1,osm_nodes,58,0.028801,0.1881,
1067,dc,1,0,osm_nodes,39,0.017577,0.2044,
1068,dc,1,0,osm_nodes,31,0.013352,0.143,
1069,dc,1,0,osm_nodes,36,0.02215,0.1894,
1070,dc,1,0,osm_nodes,36,0.021816,0.2171,
1071,dc,1,1,osm_nodes,25,0.018955,0.1916,
1072,dc,1,0,osm_nodes,36,0.023813,0.2461,
1073,dc,1,1,osm_nodes,27,0.019973,0.2375,
1074,dc,1,0,osm_nodes,34,0.021874,0.188,
1075,dc,1,1,osm_nodes,33,0.02242,0.2514,
1076,dc,1,1,osm_nodes,43,0.020956,0.2096,
1077,dc,1,1,osm_nodes,36,0.022611,0.1634,
1078,dc,1,1,osm_nodes,49,0.029131,0.2635,
1079,dc,1,1,osm_nodes,47,0.02857,0.2628,
1080,dc,1,0,osm_nodes,36,0.023657,0.2677,
1081,dc,1,1,osm_nodes,29,0.021607,0.2646,
1082,dc,1,1,osm_nodes,70,0.025863,0.2316,
1083,dc,1,0,osm_nodes,31,0.020845,0.1405,
1084,dc,1,0,osm_nodes,26,0.018074,0.2586,
1085,dc,1,1,osm_nodes,47,0.025261,0.2999,
1086,dc,1,0,osm_nodes,66,0.025523,0.2258,
1087,dc,1,0,osm_nodes,33,0.020722,0.3234,
1088,dc,1,1,osm_nodes,57,0.026426,0.3253,
1089,dc,1,0,osm_nodes,41,0.02487,0.2534,
1090,dc,1,0,osm_nodes,79,0.028991,0.209,
1091,dc,1,1,osm_nodes,58,0.027472,0.3204,
1092,dc,1,0,osm_nodes,73,0.030209,0.3274,
1093,dc,1,0,osm_nodes,84,0.022468,0.201,
1094,dc,1,0,osm_nodes,87,0.029375,0.2172,
1095,dc,0,0,osm_nodes,78,0.032306,0.2515,
1096,dc,1,1,osm_nodes,40,0.022613,0.3462,
1097,dc,1,1,osm_nodes,48,0.024359,0.2233,
1098,dc,1,1,osm_nodes,44,0.023267,0.3207,
1099,dc,1,0,osm_nodes,47,0.022974,0.2902,
1100,dc,1,1,osm_nodes,55,0.028687,0.2344,
1101,dc,1,0,osm_nodes,86,0.030377,0.2574,
1102,dc,1,0,osm_nodes,46,0.023665,0.2618,
1103,dc,1,0,osm_nodes,72,0.027791,0.2732,
1104,dc,1,0,osm_nodes,72,0.028179,0.2435,
1105,dc,1,1,osm_nodes,45,0.023851,0.243,
1106,dc,1,1,osm_nodes,31,0.023785,0.2209,
1107,dc,1,1,osm_nodes,61,0.029399,0.1947,
1108,dc,1,1,osm_nodes,35,0.024749,0.1446,
1109,dc,1,0,osm_nodes,31,0.02133,0.2207,
1110,dc,1,1,osm_nodes,34,0.021873,0.2342,
1111,dc,1,0,osm_nodes,39,0.01936,0.2943,
1112,dc,1,1,osm_nodes,33,0.021618,0.2363,
1113,dc,1,1,osm_nodes,51,0.028059,0.3014,
1114,dc,1,1,osm_nodes,42,0.027089,0.1747,
1115,dc,1,1,osm_nodes,59,0.027858,0.1692,
1116,dc,1,1,osm_nodes,57,0.027929,0.1564,
1117,dc,1,1,osm_nodes,45,0.02703,0.147,
1118,dc,1,0,osm_nodes,24,0.010967,0.0,
1119,dc,1,0,osm_nodes,18,0.002942,0.1617,
1120,dc,1,1,osm_nodes,35,0.006281,0.1451,
1121,dc,1,0,osm_nodes,57,0.010634,0.175,
1122,dc,1,0,osm_nodes,65,0.01554,0.2017,
1123,dc,1,0,osm_nodes,67,0.014826,0.2083,
1124,dc,1,0,osm_nodes,67,0.014796,0.2315,
1125,dc,1,0,osm_nodes,10,0.00871,0.1583,
1126,dc,1,0,osm_nodes,45,0.024112,0.1743,
1127,dc,1,1,osm_nodes,60,0.018157,0.1496,
1128,dc,1,1,osm_nodes,54,0.017073,0.1499,
1129,dc,1,1,osm_nodes,43,0.02644,0.3049,
1130,dc,1,0,osm_nodes,48,0.02541,0.1697,
1131,dc,1,0,osm_nodes,48,0.027579,0.182,
1132,dc,1,0,osm_nodes,49,0.028322,0.1761,
1133,dc,1,0,osm_nodes,43,0.026972,0.1869,
1134,dc,1,1,osm_nodes,26,0.013738,0.1042,
1135,dc,1,0,osm_nodes,23,0.017217,0.1029,
1136,dc,0,0,osm_nodes,9,0.001373,0.1832,
1137,dc,1,0,osm_nodes,23,0.011904,0.1077,
1138,dc,1,0,osm_nodes,31,0.021637,0.2589,
1139,dc,1,0,osm_nodes,24,0.01086,0.0223,
1140,dc,1,0,osm_nodes,29,0.021119,0.2086,
1141,dc,1,0,osm_nodes,24,0.016665,0.1316,
1142,dc,1,0,osm_nodes,26,0.010826,0.0337,
1143,dc,1,0,osm_nodes,35,0.009637,0.0962,
1144,dc,1,0,osm_nodes,15,0.008842,0.0,
1145,dc,1,0,osm_nodes,34,0.009853,0.1083,
1146,dc,0,0,osm_nodes,12,0.000816,0.2117,
1147,dc,1,0,osm_nodes,21,0.01515,0.0971,
1148,dc,1,0,osm_nodes,4,0.003809,0.0212,
1149,dc,0,0,osm_nodes,23,0.00236,0.2033,
1150,dc,0,0,osm_nodes,26,0.004879,0.183,
1151,dc,1,0,osm_nodes,38,0.010493,0.2073,
1152,dc,1,0,osm_nodes,32,0.01842,0.2056,
1153,dc,1,0,osm_nodes,19,0.015074,0.1132,
1154,dc,1,0,osm_nodes,29,0.013515,0.1172,
1155,dc,0,0,osm_nodes,24,0.0,0.1741,
1156,dc,0,0,osm_nodes,22,0.0,0.1879,
1157,dc,1,0,osm_nodes,25,0.013054,0.1003,
1158,dc,0,0,osm_nodes,24,0.0,0.1927,
1159,dc,1,0,osm_nodes,59,0.013626,0.0976,
1160,dc,0,0,osm_nodes,31,0.007996,0.1801,
1161,dc,1,0,osm_nodes,37,0.014019,0.1304,
1162,dc,0,0,osm_nodes,57,0.006279,0.1068,
1163,dc,1,0,osm_nodes,59,0.012331,0.0933,
1164,dc,0,0,osm_nodes,34,0.001373,0.1604,
1165,dc,1,0,osm_nodes,61,0.011422,0.1154,
1166,dc,0,0,osm_nodes,28,0.005146,0.2677,
1167,dc,1,0,osm_nodes,63,0.011002,0.1096,
1168,dc,1,0,osm_nodes,58,0.013482,0.1034,
1169,dc,1,0,osm_nodes,40,0.01669,0.136,
1170,dc,1,0,osm_nodes,40,0.015195,0.0937,
1171,dc,1,0,osm_nodes,36,0.016098,0.1668,
1172,dc,0,0,osm_nodes,16,0.000802,0.2054,
1173,dc,0,0,osm_nodes,31,0.004758,0.1761,
1174,dc,0,0,osm_nodes,12,0.000904,0.1985,
1175,dc,1,1,osm_nodes,34,0.022649,0.1782,
1176,dc,1,0,osm_nodes,28,0.006641,0.2377,
1177,dc,1,0,osm_nodes,46,0.015736,0.1891,
1178,dc,1,0,osm_nodes,39,0.015217,0.2423,
1179,dc,1,0,osm_nodes,28,0.012514,0.2247,
1180,dc,1,0,osm_nodes,15,0.007445,0.0392,
1181,dc,1,0,osm_nodes,21,0.010483,0.0889,
1182,dc,1,1,osm_nodes,56,0.01746,0.3263,
1183,dc,1,0,osm_nodes,55,0.016863,0.2095,
1184,dc,1,0,osm_nodes,58,0.017316,0.2347,
1185,dc,0,0,osm_nodes,65,0.018525,0.1987,
1186,dc,1,0,osm_nodes,34,0.005459,0.2162,
1187,dc,1,1,osm_nodes,36,0.018347,0.2521,
1188,dc,0,0,osm_nodes,39,0.001906,0.2933,
1189,dc,1,1,osm_nodes,33,0.020193,0.1837,
1190,dc,1,1,osm_nodes,31,0.017904,0.1882,
1191,dc,1,0,osm_nodes,47,0.015348,0.1915,
1192,dc,1,0,osm_nodes,59,0.022752,0.1774,
1193,dc,1,1,osm_nodes,50,0.023706,0.2094,
1194,dc,1,0,osm_nodes,63,0.025319,0.196,
1195,dc,1,0,osm_nodes,26,0.018326,0.2157,
1196,dc,1,0,osm_nodes,51,0.013093,0.2436,
1197,dc,1,0,osm_nodes,48,0.008232,0.083,
1198,dc,1,1,osm_nodes,30,0.016849,0.2011,
1199,dc,1,0,osm_nodes,72,0.018678,0.2634,
1200,dc,1,0,osm_nodes,33,0.019079,0.1284,
1201,dc,1,1,osm_nodes,51,0.00726,0.107,
1202,dc,1,1,osm_nodes,37,0.022018,0.1802,
1203,dc,1,1,osm_nodes,47,0.019822,0.1944,
1204,dc,1,0,osm_nodes,46,0.022268,0.2127,
1205,dc,1,1,osm_nodes,53,0.02116,0.1965,
1206,dc,1,1,osm_nodes,61,0.027744,0.1422,
1207,dc,1,0,osm_nodes,52,0.018158,0.2869,
1208,dc,1,0,osm_nodes,63,0.010966,0.2028,
1209,dc,1,1,osm_nodes,45,0.01354,0.2141,
1210,dc,1,1,osm_nodes,61,0.02951,0.1383,
1211,dc,1,0,osm_nodes,27,0.014278,0.133,
1212,dc,1,0,osm_nodes,69,0.026489,0.2576,
1213,dc,1,0,osm_nodes,58,0.021721,0.1838,
1214,dc,1,0,osm_nodes,70,0.022708,0.2014,
1215,dc,1,0,osm_nodes,47,0.010848,0.252,
1216,dc,1,1,osm_nodes,74,0.022097,0.1994,
1217,dc,1,0,osm_nodes,39,0.018597,0.1368,
1218,dc,1,0,osm_nodes,39,0.018374,0.1352,
1219,dc,1,1,osm_nodes,67,0.021428,0.2014,
1220,dc,1,1,osm_nodes,53,0.029924,0.1312,
1221,dc,1,0,osm_nodes,50,0.021312,0.1726,
1222,dc,1,0,osm_nodes,46,0.014596,0.1915,
1223,dc,1,1,osm_nodes,34,0.022562,0.204,
1224,dc,1,1,osm_nodes,48,0.024515,0.1997,
1225,dc,1,1,osm_nodes,32,0.012456,0.1511,
1226,dc,1,1,osm_nodes,39,0.016126,0.1205,
1227,dc,1,1,osm_nodes,49,0.024147,0.1336,
1228,dc,1,1,osm_nodes,44,0.017363,0.1325,
1229,dc,1,1,osm_nodes,24,0.00891,0.0981,
1230,dc,1,1,osm_nodes,34,0.01457,0.1181,
1231,dc,1,1,osm_nodes,29,0.013296,0.0808,
1232,dc,1,0,osm_nodes,39,0.016775,0.1855,
1233,dc,1,0,osm_nodes,40,0.016135,0.1158,
1234,dc,1,1,osm_nodes,31,0.01181,0.1396,
1235,dc,1,0,osm_nodes,17,0.010731,0.1123,
1236,dc,1,0,osm_nodes,13,0.010189,0.1182,
1237,dc,1,1,osm_nodes,41,0.016374,0.1974,
1238,dc,1,1,osm_nodes,90,0.03276,0.2378,
1239,dc,1,1,osm_nodes,73,0.026538,0.2204,
1240,dc,1,1,osm_nodes,75,0.026636,0.195,
1241,dc,1,1,osm_nodes,46,0.017225,0.1907,
1242,dc,1,0,osm_nodes,49,0.016923,0.1268,
1243,dc,1,1,osm_nodes,47,0.018077,0.1665,
1244,dc,1,0,osm_nodes,38,0.017837,0.1789,
1245,dc,1,0,osm_nodes,45,0.019178,0.2049,
1246,dc,1,0,osm_nodes,36,0.017649,0.2104,
1247,dc,1,0,osm_nodes,59,0.016257,0.0925,
1248,dc,1,1,osm_nodes,31,0.016807,0.1846,
1249,dc,1,0,osm_nodes,52,0.020758,0.1318,
1250,dc,1,0,osm_nodes,48,0.019741,0.0612,
1251,dc,1,1,osm_nodes,65,0.023805,0.1479,
1252,dc,1,1,osm_nodes,88,0.029718,0.1666,
1253,dc,1,0,osm_nodes,51,0.020533,0.0405,
1254,dc,1,0,osm_nodes,50,0.020677,0.0469,
1255,dc,1,1,osm_nodes,19,0.014136,0.1118,
1256,dc,1,1,osm_nodes,75,0.025,0.1417,
1257,dc,1,0,osm_nodes,13,0.014848,0.1223,
1258,dc,1,1,osm_nodes,59,0.02029,0.1543,
1259,dc,1,1,osm_nodes,50,0.017694,0.1216,
1260,dc,1,0,osm_nodes,10,0.013658,0.1342,
1261,dc,1,1,osm_nodes,42,0.016384,0.2036,
1262,dc,1,1,osm_nodes,46,0.017964,0.2213,
1263,dc,1,1,osm_nodes,58,0.024062,0.1727,
1264,dc,1,0,osm_nodes,45,0.022604,0.1525,
1265,dc,1,1,osm_nodes,57,0.024132,0.1685,
1266,dc,1,1,osm_nodes,54,0.022693,0.1811,
1267,dc,1,1,osm_nodes,50,0.021476,0.2272,
1268,dc,1,1,osm_nodes,43,0.019209,0.1684,
1269,dc,1,1,osm_nodes,44,0.020919,0.212,
1270,dc,1,1,osm_nodes,56,0.024166,0.1659,
1271,dc,1,1,osm_nodes,57,0.024582,0.2185,
1272,dc,1,1,osm_nodes,25,0.011098,0.0619,
1273,dc,1,0,osm_nodes,33,0.014917,0.1056,
1274,dc,1,0,osm_nodes,44,0.022547,0.2309,
1275,dc,1,1,osm_nodes,55,0.01951,0.1524,
1276,dc,1,1,osm_nodes,55,0.019693,0.1604,
1277,dc,1,1,osm_nodes,43,0.016728,0.1289,
1278,dc,1,1,osm_nodes,38,0.012045,0.0979,
1279,dc,1,1,osm_nodes,36,0.011933,0.106,
1280,dc,1,1,osm_nodes,50,0.017546,0.0957,
1281,dc,1,1,osm_nodes,54,0.018973,0.124,
1282,dc,1,1,osm_nodes,51,0.018785,0.1047,
1283,dc,1,1,osm_nodes,52,0.019102,0.1065,
1284,dc,1,1,osm_nodes,51,0.018968,0.0886,
1285,dc,1,1,osm_nodes,51,0.019108,0.0989,
1286,dc,1,1,osm_nodes,48,0.01791,0.2016,
1287,dc,1,1,osm_nodes,58,0.020846,0.1773,
1288,dc,1,1,osm_nodes,45,0.017462,0.0922,
1289,dc,1,1,osm_nodes,47,0.020647,0.2198,
1290,dc,1,1,osm_nodes,37,0.017813,0.1968,
1291,dc,1,1,osm_nodes,36,0.017147,0.1656,
1292,dc,1,1,osm_nodes,52,0.02183,0.1792,
1293,dc,1,1,osm_nodes,48,0.017355,0.1603,
1294,dc,0,0,osm_nodes,42,0.018636,0.1607,
1295,dc,1,1,osm_nodes,36,0.01707,0.1113,
1296,dc,1,1,osm_nodes,33,0.016777,0.1107,
1297,dc,1,1,osm_nodes,29,0.016124,0.0875,
1298,dc,1,1,osm_nodes,47,0.017473,0.1108,
1299,dc,1,1,osm_nodes,41,0.01511,0.1884,
1300,dc,1,1,osm_nodes,42,0.016403,0.1621,
1301,dc,1,0,osm_nodes,28,0.011704,0.2148,
1302,dc,1,0,osm_nodes,54,0.016703,0.0779,
1303,dc,1,1,osm_nodes,7,0.004353,0.0109,
1304,dc,1,0,osm_nodes,37,0.014432,0.0897,
1305,dc,1,0,osm_nodes,44,0.014369,0.127,
1306,dc,1,0,osm_nodes,68,0.01912,0.2058,
1307,dc,1,0,osm_nodes,69,0.024215,0.1743,
1308,dc,1,0,osm_nodes,62,0.026367,0.1473,
1309,dc,1,0,osm_nodes,55,0.027146,0.1489,
1310,dc,1,0,osm_nodes,20,0.009967,0.1305,
1311,dc,1,0,osm_nodes,13,0.008668,0.0307,
1312,dc,1,0,osm_nodes,35,0.007466,0.0603,
1313,dc,1,0,osm_nodes,38,0.006427,0.0659,
1314,dc,0,0,osm_nodes,29,0.006621,0.105,
1315,dc,1,0,osm_nodes,40,0.007137,0.1336,
1316,dc,1,0,osm_nodes,40,0.007276,0.1276,
1317,dc,1,0,osm_nodes,45,0.008211,0.0886,
1318,dc,1,0,osm_nodes,60,0.011872,0.1251,
1319,dc,1,0,osm_nodes,58,0.012585,0.1451,
1320,dc,1,1,osm_nodes,40,0.01269,0.1905,
1321,dc,1,1,osm_nodes,23,0.011817,0.0428,
1322,dc,1,1,osm_nodes,38,0.012835,0.2197,
1323,dc,1,1,osm_nodes,23,0.011686,0.0572,
1324,dc,1,0,osm_nodes,53,0.023451,0.1317,
1325,dc,0,0,osm_nodes,9,0.004315,0.0589,
1326,dc,1,0,osm_nodes,52,0.023426,0.1275,
1327,dc,1,1,osm_nodes,54,0.020772,0.2498,
1328,dc,1,1,osm_nodes,46,0.017596,0.1415,
1329,dc,1,0,osm_nodes,44,0.015439,0.0761,
1330,dc,1,0,osm_nodes,25,0.014582,0.152,
1331,dc,1,1,osm_nodes,14,0.00829,0.1109,
1332,dc,1,0,osm_nodes,27,0.01001,0.2179,
1333,dc,1,0,osm_nodes,22,0.010502,0.1249,
1334,dc,0,0,osm_nodes,17,0.002219,0.1792,
1335,dc,1,0,osm_nodes,25,0.0137,0.1055,
1336,dc,0,0,osm_nodes,23,0.003076,0.1685,
1337,dc,1,0,osm_nodes,14,0.003643,0.1255,
1338,dc,1,0,osm_nodes,16,0.003918,0.1843,
1339,dc,0,0,osm_nodes,27,0.010342,0.1506,
1340,dc,1,0,osm_nodes,4,0.005654,0.0,
1341,dc,1,0,osm_nodes,30,0.00945,0.2065,
1342,dc,1,0,osm_nodes,37,0.01208,0.1663,
1343,dc,1,0,osm_nodes,2,0.00525,0.0127,
1344,dc,1,0,osm_nodes,45,0.016202,0.1758,
1345,dc,1,0,osm_nodes,35,0.013724,0.1936,
1346,dc,1,0,osm_nodes,32,0.01363,0.1967,
1347,dc,0,0,osm_nodes,21,0.010206,0.1526,
1348,dc,0,0,osm_nodes,8,0.0,0.1788,
1349,dc,1,0,osm_nodes,34,0.012321,0.1598,
1350,dc,0,0,osm_nodes,8,0.0,0.161,
1351,dc,1,0,osm_nodes,16,0.009436,0.114,
1352,dc,1,0,osm_nodes,23,0.011632,0.1411,
1353,dc,0,0,osm_nodes,12,0.0,0.1867,
1354,dc,0,0,osm_nodes,6,0.0007,0.1556,
1355,dc,1,0,osm_nodes,20,0.009381,0.1388,
1356,dc,0,0,osm_nodes,12,0.005954,0.1365,
1357,dc,1,0,osm_nodes,20,0.011433,0.1497,
1358,dc,0,0,osm_nodes,9,0.0,0.1185,
1359,dc,0,0,osm_nodes,10,0.000395,0.1178,
1360,dc,0,0,osm_nodes,17,0.008273,0.1476,
1361,dc,1,0,osm_nodes,18,0.010672,0.1126,
1362,dc,0,0,osm_nodes,13,0.003038,0.139,
1363,dc,1,0,osm_nodes,22,0.011375,0.1575,
1364,dc,1,0,osm_nodes,19,0.011018,0.1434,
1365,dc,1,0,osm_nodes,20,0.011745,0.1919,
1366,dc,1,0,osm_nodes,40,0.007509,0.066,
1367,dc,1,0,osm_nodes,41,0.008772,0.0885,
1368,dc,1,0,osm_nodes,48,0.007889,0.0517,
1369,dc,0,0,osm_nodes,32,0.006319,0.0342,
1370,dc,0,0,osm_nodes,8,0.0,0.1179,
1371,dc,1,0,osm_nodes,43,0.019104,0.1071,
1372,dc,1,0,osm_nodes,7,0.007226,0.0537,
1373,dc,0,0,osm_nodes,7,0.008755,0.0225,
1374,dc,1,0,osm_nodes,9,0.00167,0.1415,
1375,dc,1,0,osm_nodes,14,0.003959,0.0866,
1376,dc,1,0,osm_nodes,18,0.009358,0.0663,
1377,dc,1,0,osm_nodes,12,0.001509,0.1418,
1378,dc,0,0,osm_nodes,20,0.002619,0.1123,
1379,dc,1,0,osm_nodes,11,0.001516,0.1464,
1380,dc,0,0,osm_nodes,21,0.003724,0.1087,
1381,dc,1,0,osm_nodes,31,0.011764,0.1206,
1382,dc,0,0,osm_nodes,19,0.0,0.1522,
1383,dc,0,0,osm_nodes,35,0.008548,0.1225,
1384,dc,0,0,osm_nodes,18,0.0,0.1449,
1385,dc,1,0,osm_nodes,38,0.012666,0.1393,
1386,dc,1,0,osm_nodes,39,0.013788,0.1568,
1387,dc,1,0,osm_nodes,34,0.011667,0.1069,
1388,dc,1,1,osm_nodes,10,0.006708,0.1595,
1389,dc,0,0,osm_nodes,16,0.0,0.1364,
1390,dc,1,0,osm_nodes,16,0.007324,0.1334,
1391,dc,0,0,osm_nodes,13,0.004617,0.2024,
1392,dc,1,0,osm_nodes,9,0.006119,0.1226,
1393,dc,1,1,osm_nodes,10,0.006704,0.1665,
1394,dc,1,1,osm_nodes,16,0.01056,0.0874,
1395,dc,1,0,osm_nodes,27,0.011219,0.1201,
1396,dc,0,0,osm_nodes,13,0.004463,0.1895,
1397,dc,1,0,osm_nodes,4,0.006742,0.0981,
1398,dc,0,0,osm_nodes,26,0.004378,0.1524,
1399,dc,0,0,osm_nodes,13,0.0,0.152,
1400,dc,1,0,osm_nodes,14,0.009318,0.1395,
1401,dc,1,0,osm_nodes,30,0.008078,0.139,
1402,dc,1,0,osm_nodes,17,0.012958,0.0948,
1403,dc,1,0,osm_nodes,7,0.008254,0.0943,
1404,dc,1,0,osm_nodes,10,0.007593,0.1128,
1405,dc,1,1,osm_nodes,50,0.019439,0.1699,
1406,dc,1,1,osm_nodes,65,0.028296,0.2174,
1407,dc,0,0,osm_nodes,4,0.000567,0.0939,
1408,dc,1,1,osm_nodes,81,0.032731,0.2182,
1409,dc,1,0,osm_nodes,17,0.009675,0.0602,
1410,dc,1,1,osm_nodes,96,0.037309,0.16,
1411,dc,1,0,osm_nodes,96,0.039948,0.2425,
1412,dc,1,0,osm_nodes,97,0.040337,0.2357,
1413,dc,0,0,osm_nodes,12,0.002004,0.0796,
1414,dc,1,0,osm_nodes,93,0.03806,0.1183,
1415,dc,0,0,osm_nodes,9,0.0,0.1217,
1416,dc,1,0,osm_nodes,103,0.037911,0.1468,
1417,dc,0,0,osm_nodes,14,0.006386,0.1757,
1418,dc,1,0,osm_nodes,105,0.036927,0.1911,
1419,dc,1,0,osm_nodes,26,0.008099,0.1447,
1420,dc,1,0,osm_nodes,102,0.036194,0.205,
1421,dc,0,0,osm_nodes,14,0.002633,0.1384,
1422,dc,0,0,osm_nodes,16,0.003214,0.1233,
1423,dc,1,0,osm_nodes,15,0.003763,0.1079,
1424,dc,1,0,osm_nodes,53,0.025691,0.1954,
1425,dc,1,0,osm_nodes,46,0.021837,0.1895,
1426,dc,1,0,osm_nodes,42,0.018796,0.2821,
1427,dc,0,0,osm_nodes,25,5.7e-05,0.1185,
1428,dc,0,0,osm_nodes,22,0.011524,0.1925,
1429,dc,1,0,osm_nodes,16,0.012606,0.0498,
1430,dc,1,0,osm_nodes,19,0.012048,0.1229,
1431,dc,0,0,osm_nodes,13,0.002415,0.147,
1432,dc,1,0,osm_nodes,17,0.011337,0.1051,
1433,dc,1,0,osm_nodes,20,0.009119,0.049,
1434,dc,1,0,osm_nodes,20,0.010529,0.0484,
1435,dc,1,0,osm_nodes,14,0.007166,0.0788,
1436,dc,1,0,osm_nodes,25,0.011004,0.1811,
1437,dc,1,0,osm_nodes,20,0.008817,0.1696,
1438,dc,1,0,osm_nodes,19,0.005696,0.1429,
1439,dc,1,0,osm_nodes,23,0.006544,0.1381,
1440,dc,1,0,osm_nodes,15,0.004139,0.1324,
1441,dc,1,0,osm_nodes,41,0.0205,0.1278,
1442,dc,1,0,osm_nodes,46,0.027246,0.1536,
1443,dc,1,0,osm_nodes,27,0.023881,0.1391,
1444,dc,1,0,osm_nodes,19,0.017135,0.1418,
1445,dc,1,0,osm_nodes,46,0.029439,0.2047,
1446,dc,1,0,osm_nodes,47,0.020015,0.097,
1447,dc,1,0,osm_nodes,32,0.026079,0.146,
1448,dc,1,0,osm_nodes,44,0.025857,0.2071,
1449,dc,1,0,osm_nodes,46,0.02776,0.1632,
1450,dc,1,0,osm_nodes,47,0.027871,0.1316,
1451,dc,1,0,osm_nodes,39,0.019323,0.2201,
1452,dc,1,0,osm_nodes,67,0.036283,0.2046,
1453,dc,1,0,osm_nodes,63,0.022188,0.1433,
1454,dc,1,0,osm_nodes,62,0.027351,0.2029,
1455,dc,1,1,osm_nodes,59,0.025399,0.2132,
1456,dc,1,0,osm_nodes,64,0.023051,0.1764,
1457,dc,1,1,osm_nodes,52,0.023934,0.1426,
1458,dc,1,0,osm_nodes,30,0.025528,0.1423,
1459,dc,1,0,osm_nodes,43,0.023393,0.2123,
1460,dc,1,0,osm_nodes,32,0.025781,0.1364,
1461,dc,1,0,osm_nodes,47,0.022095,0.1415,
1462,dc,1,0,osm_nodes,49,0.024696,0.2357,
1463,dc,1,0,osm_nodes,31,0.019262,0.1398,
1464,dc,1,0,osm_nodes,72,0.031454,0.1265,
1465,dc,0,0,osm_nodes,35,0.020623,0.1908,
1466,dc,1,1,osm_nodes,95,0.033831,0.159,
1467,dc,1,0,osm_nodes,30,0.019238,0.1106,
1468,dc,1,0,osm_nodes,45,0.02601,0.202,
1469,dc,1,1,osm_nodes,24,0.017323,0.1565,
1470,dc,1,1,osm_nodes,41,0.024101,0.1871,
1471,dc,1,0,osm_nodes,36,0.023886,0.1867,
1472,dc,1,0,osm_nodes,49,0.024397,0.2267,
1473,dc,1,0,osm_nodes,44,0.025141,0.2143,
1474,dc,1,0,osm_nodes,74,0.027659,0.2154,
1475,dc,1,0,osm_nodes,29,0.014047,0.0861,
1476,dc,1,0,osm_nodes,46,0.023463,0.213,
1477,dc,1,0,osm_nodes,39,0.022905,0.1707,
1478,dc,1,0,osm_nodes,67,0.025878,0.1087,
1479,dc,1,0,osm_nodes,35,0.021509,0.1542,
1480,dc,1,0,osm_nodes,26,0.015606,0.0754,
1481,dc,1,1,osm_nodes,34,0.025233,0.2025,
1482,dc,1,0,osm_nodes,55,0.027491,0.0773,
1483,dc,1,1,osm_nodes,53,0.026569,0.0789,
1484,dc,1,0,osm_nodes,28,0.01926,0.126,
1485,dc,1,0,osm_nodes,25,0.019964,0.1635,
1486,dc,1,0,osm_nodes,28,0.017795,0.0766,
1487,dc,0,0,osm_nodes,41,0.021003,0.1692,
1488,dc,1,0,osm_nodes,35,0.025739,0.0138,
1489,dc,1,0,osm_nodes,49,0.026484,0.0035,
1490,dc,1,0,osm_nodes,38,0.019765,0.1007,
1491,dc,1,0,osm_nodes,91,0.027122,0.1527,
1492,dc,1,0,osm_nodes,20,0.020152,0.1767,
1493,dc,1,0,osm_nodes,69,0.028993,0.2402,
1494,dc,1,0,osm_nodes,69,0.025103,0.317,
1495,dc,1,0,osm_nodes,30,0.01594,0.2212,
1496,dc,1,0,osm_nodes,53,0.026628,0.4029,
1497,dc,1,0,osm_nodes,14,0.012165,0.1449,
1498,dc,1,0,osm_nodes,20,0.014215,0.1361,
1499,dc,1,0,osm_nodes,34,0.018346,0.2262,
1500,dc,1,0,osm_nodes,44,0.024004,0.3534,
1501,dc,1,0,osm_nodes,25,0.020675,0.2052,
1502,dc,1,0,osm_nodes,44,0.024536,0.3522,
1503,dc,1,0,osm_nodes,39,0.020179,0.2855,
1504,dc,1,0,osm_nodes,22,0.020212,0.1638,
1505,dc,1,0,osm_nodes,26,0.023488,0.1286,
1506,dc,1,0,osm_nodes,32,0.025259,0.3365,
1507,dc,1,0,osm_nodes,15,0.014433,0.2082,
1508,dc,1,0,osm_nodes,48,0.024201,0.2789,
1509,dc,1,0,osm_nodes,52,0.023235,0.0758,
1510,dc,0,0,osm_nodes,23,0.010083,0.2298,
1511,dc,1,0,osm_nodes,55,0.024958,0.2129,
1512,dc,1,0,osm_nodes,19,0.020079,0.1989,
1513,dc,1,0,osm_nodes,51,0.017832,0.2521,
1514,dc,1,0,osm_nodes,31,0.011704,0.2166,
1515,dc,1,0,osm_nodes,8,0.011846,0.1506,
1516,dc,1,0,osm_nodes,27,0.0118,0.2136,
1517,dc,1,0,osm_nodes,17,0.011818,0.194,
1518,dc,1,0,osm_nodes,46,0.027187,0.205,
1519,dc,1,0,osm_nodes,35,0.024665,0.218,
1520,dc,1,0,osm_nodes,17,0.012445,0.1819,
1521,dc,1,0,osm_nodes,56,0.022355,0.2396,
1522,dc,1,0,osm_nodes,47,0.024946,0.1755,
1523,dc,1,0,osm_nodes,26,0.015162,0.2531,
1524,dc,1,0,osm_nodes,50,0.018673,0.1704,
1525,dc,1,0,osm_nodes,49,0.018269,0.0995,
1526,dc,1,0,osm_nodes,53,0.018353,0.1989,
1527,dc,1,0,osm_nodes,42,0.024903,0.1891,
1528,dc,1,0,osm_nodes,44,0.030092,0.1972,
1529,dc,1,0,osm_nodes,46,0.030793,0.1757,
1530,dc,1,0,osm_nodes,36,0.024927,0.2388,
1531,dc,1,0,osm_nodes,42,0.025318,0.2146,
1532,dc,1,0,osm_nodes,38,0.023364,0.2346,
1533,dc,1,0,osm_nodes,34,0.024826,0.1898,
1534,dc,1,0,osm_nodes,35,0.024575,0.1952,
1535,dc,1,0,osm_nodes,38,0.018306,0.3153,
1536,dc,1,0,osm_nodes,37,0.027613,0.1806,
1537,dc,1,0,osm_nodes,19,0.016856,0.1368,
1538,dc,1,0,osm_nodes,32,0.0165,0.2879,
1539,dc,1,0,osm_nodes,24,0.020129,0.1983,
1540,dc,1,0,osm_nodes,38,0.028371,0.1189,
1541,dc,1,0,osm_nodes,18,0.016361,0.1172,
1542,dc,1,0,osm_nodes,31,0.016083,0.2701,
1543,dc,1,0,osm_nodes,26,0.013658,0.245,
1544,dc,1,0,osm_nodes,21,0.017873,0.1874,
1545,dc,1,0,osm_nodes,26,0.015069,0.2888,
1546,dc,1,0,osm_nodes,35,0.018051,0.1021,
1547,dc,1,0,osm_nodes,30,0.016534,0.3682,
1548,dc,1,0,osm_nodes,25,0.014313,0.0535,
1549,dc,1,0,osm_nodes,32,0.016333,0.0813,
1550,dc,1,0,osm_nodes,41,0.014761,0.1028,
1551,dc,1,0,osm_nodes,15,0.012277,0.1122,
1552,dc,1,0,osm_nodes,26,0.016143,0.164,
1553,dc,1,0,osm_nodes,19,0.016938,0.016,
1554,dc,1,0,osm_nodes,27,0.019461,0.1972,
1555,dc,1,0,osm_nodes,25,0.013792,0.1202,
1556,dc,1,0,osm_nodes,36,0.023306,0.2856,
1557,dc,1,1,osm_nodes,28,0.018987,0.1174,
1558,dc,1,1,osm_nodes,26,0.019445,0.199,
1559,dc,1,0,osm_nodes,20,0.015806,0.0861,
1560,dc,1,0,osm_nodes,45,0.020423,0.2498,
1561,dc,1,0,osm_nodes,21,0.015777,0.1115,
1562,dc,1,0,osm_nodes,30,0.020093,0.3578,
1563,dc,1,0,osm_nodes,55,0.025581,0.4187,
1564,dc,1,0,osm_nodes,54,0.025531,0.3852,
1565,dc,1,1,osm_nodes,70,0.031104,0.342,
1566,dc,1,0,osm_nodes,33,0.016357,0.2596,
1567,dc,1,1,osm_nodes,31,0.015229,0.2354,
1568,dc,1,1,osm_nodes,54,0.027145,0.376,
1569,dc,1,1,osm_nodes,29,0.017873,0.1797,
1570,dc,1,0,osm_nodes,34,0.017113,0.2972,
1571,dc,1,1,osm_nodes,25,0.02084,0.3519,
1572,dc,1,0,osm_nodes,70,0.03338,0.1889,
1573,dc,1,0,osm_nodes,66,0.032757,0.294,
1574,dc,1,0,osm_nodes,67,0.032748,0.2979,
1575,dc,1,0,osm_nodes,42,0.02774,0.3442,
1576,dc,0,0,osm_nodes,33,0.019464,0.3291,
1577,dc,1,0,osm_nodes,23,0.014559,0.1666,
1578,dc,1,1,osm_nodes,39,0.025548,0.0549,
1579,dc,1,0,osm_nodes,14,0.0134,0.1985,
1580,dc,1,0,osm_nodes,33,0.019813,0.3198,
1581,dc,1,0,osm_nodes,27,0.023232,0.1147,
1582,dc,1,1,osm_nodes,35,0.019995,0.2947,
1583,dc,1,1,osm_nodes,32,0.019059,0.3259,
1584,dc,1,1,osm_nodes,34,0.020258,0.2573,
1585,dc,1,1,osm_nodes,33,0.019729,0.2449,
1586,dc,1,0,osm_nodes,43,0.026978,0.3038,
1587,dc,1,1,osm_nodes,33,0.019628,0.2282,
1588,dc,1,1,osm_nodes,27,0.022889,0.3192,
1589,dc,1,1,osm_nodes,15,0.017718,0.1836,
1590,dc,1,0,osm_nodes,17,0.012503,0.2625,
1591,dc,1,1,osm_nodes,48,0.025662,0.2087,
1592,dc,1,1,osm_nodes,29,0.023484,0.3581,
1593,dc,1,0,osm_nodes,32,0.024407,0.3517,
1594,dc,1,1,osm_nodes,44,0.0273,0.3602,
1595,dc,1,1,osm_nodes,52,0.027951,0.4027,
1596,dc,1,1,osm_nodes,18,0.016741,0.3495,
1597,dc,1,1,osm_nodes,22,0.021985,0.345,
1598,dc,1,1,osm_nodes,22,0.022064,0.3442,
1599,dc,1,1,osm_nodes,23,0.013413,0.182,
1600,dc,1,1,osm_nodes,28,0.020508,0.3118,
1601,dc,1,1,osm_nodes,30,0.021249,0.3004,
1602,dc,1,1,osm_nodes,13,0.012332,0.2251,
1603,dc,1,0,osm_nodes,52,0.025242,0.2943,
1604,dc,1,1,osm_nodes,13,0.012313,0.1926,
1605,dc,1,0,osm_nodes,39,0.020305,0.2419,
1606,dc,1,0,osm_nodes,42,0.024347,0.2486,
1607,dc,1,0,osm_nodes,29,0.022025,0.2987,
1608,dc,1,0,osm_nodes,32,0.015198,0.1901,
1609,dc,1,0,osm_nodes,29,0.022838,0.2886,
1610,dc,1,1,osm_nodes,47,0.02387,0.2909,
1611,dc,1,1,osm_nodes,44,0.025154,0.333,
1612,dc,1,1,osm_nodes,38,0.02289,0.2554,
1613,dc,1,1,osm_nodes,44,0.023338,0.2804,
1614,dc,1,1,osm_nodes,37,0.021485,0.2623,
1615,dc,1,1,osm_nodes,47,0.026416,0.3097,
1616,dc,1,0,osm_nodes,41,0.022042,0.2987,
1617,dc,1,1,osm_nodes,31,0.022016,0.2783,
1618,dc,1,0,osm_nodes,26,0.02018,0.2742,
1619,dc,0,0,osm_nodes,23,0.02008,0.3373,
1620,dc,1,0,osm_nodes,27,0.022396,0.3396,
1621,dc,1,0,osm_nodes,12,0.007896,0.185,
1622,dc,1,1,osm_nodes,21,0.020995,0.3229,
1623,dc,1,0,osm_nodes,24,0.022813,0.3612,
1624,dc,1,1,osm_nodes,10,0.009519,0.0,
1625,dc,1,1,osm_nodes,20,0.020696,0.3106,
1626,dc,1,0,osm_nodes,33,0.021167,0.4235,
1627,dc,1,0,osm_nodes,58,0.028567,0.2531,
1628,dc,1,1,osm_nodes,33,0.012597,0.0695,
1629,dc,1,1,osm_nodes,33,0.012623,0.0689,
1630,dc,1,0,osm_nodes,35,0.020688,0.4585,
1631,dc,1,1,osm_nodes,35,0.012628,0.0943,
1632,dc,1,0,osm_nodes,18,0.011933,0.0,
1633,dc,1,0,osm_nodes,22,0.011547,0.1673,
1634,dc,1,0,osm_nodes,21,0.012526,0.1401,
1635,dc,1,1,osm_nodes,40,0.023272,0.246,
1636,dc,1,0,osm_nodes,19,0.017038,0.1578,
1637,dc,1,0,osm_nodes,42,0.018751,0.1359,
1638,dc,1,0,osm_nodes,72,0.023891,0.3279,
1639,dc,1,0,osm_nodes,69,0.023602,0.3609,
1640,dc,1,0,osm_nodes,8,0.0084,0.1048,
1641,dc,1,0,osm_nodes,22,0.011961,0.1378,
1642,dc,1,0,osm_nodes,37,0.01603,0.2218,
1643,dc,1,0,osm_nodes,31,0.017258,0.177,
1644,dc,1,1,osm_nodes,29,0.016227,0.1624,
1645,dc,1,1,osm_nodes,21,0.012446,0.1775,
1646,dc,1,1,osm_nodes,21,0.013206,0.1732,
1647,dc,1,0,osm_nodes,23,0.007374,0.023,
1648,dc,1,0,osm_nodes,9,0.006796,0.0779,
1649,dc,0,0,osm_nodes,8,0.003238,0.0828,
1650,dc,1,0,osm_nodes,24,0.02014,0.1675,
1651,dc,1,1,osm_nodes,26,0.01826,0.1879,
1652,dc,1,1,osm_nodes,26,0.018072,0.1869,
1653,dc,1,1,osm_nodes,24,0.020277,0.1529,
1654,dc,1,0,osm_nodes,37,0.022368,0.297,
1655,dc,1,0,osm_nodes,43,0.027399,0.2774,
1656,dc,1,0,osm_nodes,22,0.010948,0.1878,
1657,dc,1,0,osm_nodes,28,0.011406,0.2545,
1658,dc,1,0,osm_nodes,41,0.027622,0.2898,
1659,dc,1,0,osm_nodes,40,0.031778,0.3368,
1660,dc,1,0,osm_nodes,37,0.026829,0.315,
1661,dc,1,0,osm_nodes,26,0.011445,0.2512,
1662,dc,1,0,osm_nodes,47,0.030337,0.3237,
1663,dc,1,1,osm_nodes,49,0.031224,0.3418,
1664,dc,0,0,osm_nodes,46,0.033183,0.3799,
1665,dc,1,1,osm_nodes,53,0.029216,0.3231,
1666,dc,1,0,osm_nodes,38,0.024423,0.4346,
1667,dc,1,0,osm_nodes,46,0.031037,0.2341,
1668,dc,0,0,osm_nodes,49,0.03303,0.2804,
1669,dc,1,0,osm_nodes,46,0.02941,0.363,
1670,dc,1,0,osm_nodes,46,0.029235,0.2938,
1671,dc,1,0,osm_nodes,43,0.029242,0.3503,
1672,dc,1,0,osm_nodes,43,0.029549,0.3266,
1673,dc,1,0,osm_nodes,62,0.031763,0.2651,
1674,dc,1,0,osm_nodes,60,0.030022,0.2705,
1675,dc,1,0,osm_nodes,34,0.025127,0.3055,
1676,dc,1,0,osm_nodes,52,0.027068,0.2806,
1677,dc,1,1,osm_nodes,21,0.019374,0.3436,
1678,dc,1,1,osm_nodes,39,0.026211,0.3184,
1679,dc,1,1,osm_nodes,39,0.026123,0.3094,
1680,dc,1,1,osm_nodes,33,0.025038,0.3144,
1681,dc,1,0,osm_nodes,44,0.024977,0.3231,
1682,dc,1,1,osm_nodes,45,0.02484,0.3169,
1683,dc,1,1,osm_nodes,54,0.02514,0.349,
1684,dc,1,0,osm_nodes,25,0.018819,0.468,
1685,dc,1,1,osm_nodes,22,0.009618,0.193,
1686,dc,1,1,osm_nodes,40,0.024951,0.4497,
1687,dc,1,1,osm_nodes,13,0.008026,0.0994,
1688,dc,1,0,osm_nodes,39,0.02203,0.44,
1689,dc,1,0,osm_nodes,49,0.026822,0.3403,
1690,dc,1,1,osm_nodes,60,0.026164,0.3347,
1691,dc,1,1,osm_nodes,59,0.026069,0.3363,
1692,dc,1,1,osm_nodes,39,0.024012,0.3177,
1693,dc,1,0,osm_nodes,37,0.023528,0.2623,
1694,dc,1,0,osm_nodes,48,0.025964,0.2775,
1695,dc,1,0,osm_nodes,53,0.027898,0.3379,
1696,dc,1,1,osm_nodes,43,0.023712,0.2315,
1697,dc,1,1,osm_nodes,42,0.023759,0.2295,
1698,dc,1,1,osm_nodes,50,0.027084,0.3178,
1699,dc,1,1,osm_nodes,49,0.026745,0.333,
1700,dc,1,1,osm_nodes,67,0.027246,0.3301,
1701,dc,1,1,osm_nodes,63,0.027658,0.3024,
1702,dc,1,1,osm_nodes,71,0.029766,0.2999,
1703,dc,1,1,osm_nodes,43,0.026173,0.3313,
1704,dc,1,1,osm_nodes,27,0.025615,0.3031,
1705,dc,1,1,osm_nodes,44,0.027483,0.3895,
1706,dc,1,1,osm_nodes,55,0.029545,0.3142,
1707,dc,1,0,osm_nodes,77,0.032987,0.3444,
1708,dc,1,1,osm_nodes,72,0.030683,0.3132,
1709,dc,1,1,osm_nodes,64,0.030186,0.3115,
1710,dc,1,1,osm_nodes,50,0.028489,0.3749,
1711,dc,1,1,osm_nodes,51,0.028311,0.3059,
1712,dc,1,1,osm_nodes,50,0.029355,0.301,
1713,dc,1,1,osm_nodes,38,0.025508,0.3252,
1714,dc,1,0,osm_nodes,51,0.031604,0.2555,
1715,dc,1,0,osm_nodes,54,0.026963,0.3444,
1716,dc,1,1,osm_nodes,30,0.01995,0.16,
1717,dc,1,0,osm_nodes,56,0.024761,0.2499,
1718,dc,1,1,osm_nodes,35,0.02636,0.2925,
1719,dc,1,0,osm_nodes,45,0.025331,0.3594,
1720,dc,1,0,osm_nodes,42,0.024158,0.2973,
1721,dc,1,0,osm_nodes,33,0.023329,0.3303,
1722,dc,1,0,osm_nodes,28,0.018977,0.063,
1723,dc,1,0,osm_nodes,52,0.025011,0.2254,
1724,dc,1,0,osm_nodes,50,0.023809,0.2946,
1725,dc,1,0,osm_nodes,54,0.024241,0.2642,
1726,dc,1,0,osm_nodes,51,0.023779,0.2363,
1727,dc,1,1,osm_nodes,45,0.022829,0.2817,
1728,dc,1,0,osm_nodes,37,0.017488,0.2794,
1729,dc,1,1,osm_nodes,45,0.022756,0.2866,
1730,dc,1,1,osm_nodes,47,0.027166,0.2409,
1731,dc,1,0,osm_nodes,64,0.028155,0.2921,
1732,dc,1,1,osm_nodes,45,0.026203,0.3084,
1733,dc,1,0,osm_nodes,63,0.023944,0.3897,
1734,dc,1,1,osm_nodes,45,0.028209,0.2406,
1735,dc,1,1,osm_nodes,38,0.026521,0.241,
1736,dc,1,1,osm_nodes,46,0.022144,0.2856,
1737,dc,1,0,osm_nodes,29,0.019927,0.293,
1738,dc,1,1,osm_nodes,39,0.023845,0.2729,
1739,dc,1,0,osm_nodes,34,0.023691,0.2658,
1740,dc,1,1,osm_nodes,47,0.025788,0.2323,
1741,dc,1,0,osm_nodes,32,0.024066,0.2786,
1742,dc,1,1,osm_nodes,45,0.026114,0.2419,
1743,dc,1,0,osm_nodes,56,0.023785,0.3845,
1744,dc,1,1,osm_nodes,56,0.031368,0.2331,
1745,dc,1,1,osm_nodes,53,0.030131,0.2512,
1746,dc,1,1,osm_nodes,41,0.024641,0.2813,
1747,dc,1,0,osm_nodes,82,0.032581,0.2265,
1748,dc,1,0,osm_nodes,84,0.035123,0.1982,
1749,dc,1,0,osm_nodes,34,0.020066,0.2415,
1750,dc,1,0,osm_nodes,83,0.033773,0.1697,
1751,dc,1,0,osm_nodes,61,0.032916,0.2195,
1752,dc,1,0,osm_nodes,74,0.035353,0.2182,
1753,dc,1,0,osm_nodes,81,0.03288,0.0996,
1754,dc,1,1,osm_nodes,40,0.021708,0.3901,
1755,dc,1,1,osm_nodes,41,0.017249,0.2723,
1756,dc,1,0,osm_nodes,37,0.018008,0.1003,
1757,dc,1,1,osm_nodes,52,0.029289,0.2134,
1758,dc,1,1,osm_nodes,56,0.029354,0.2265,
1759,dc,1,0,osm_nodes,50,0.027357,0.0152,
1760,dc,1,0,osm_nodes,45,0.024705,0.0,
1761,dc,1,0,osm_nodes,38,0.019594,0.1884,
1762,dc,1,0,osm_nodes,47,0.026329,0.0758,
1763,dc,1,1,osm_nodes,46,0.01721,0.1872,
1764,dc,1,0,osm_nodes,29,0.012897,0.0208,
1765,dc,1,0,osm_nodes,28,0.010266,0.1793,
1766,dc,1,0,osm_nodes,35,0.012503,0.0475,
1767,dc,1,0,osm_nodes,42,0.012726,0.0962,
1768,dc,1,0,osm_nodes,36,0.012062,0.0239,
1769,dc,1,0,osm_nodes,43,0.0236,0.0598,
1770,dc,1,0,osm_nodes,54,0.026179,0.2305,
1771,dc,1,1,osm_nodes,59,0.021734,0.2368,
1772,dc,1,1,osm_nodes,57,0.021093,0.226,
1773,dc,1,1,osm_nodes,50,0.021586,0.2588,
1774,dc,1,1,osm_nodes,34,0.020838,0.2174,
1775,dc,1,1,osm_nodes,66,0.025183,0.2217,
1776,dc,1,0,osm_nodes,24,0.015571,0.1053,
1777,dc,1,1,osm_nodes,39,0.01914,0.2933,
1778,dc,1,1,osm_nodes,30,0.020895,0.207,
1779,dc,1,1,osm_nodes,54,0.026256,0.1923,
1780,dc,1,1,osm_nodes,38,0.020125,0.3359,
1781,dc,1,1,osm_nodes,42,0.022289,0.2845,
1782,dc,1,1,osm_nodes,42,0.025802,0.1974,
1783,dc,1,1,osm_nodes,43,0.022304,0.2841,
1784,dc,1,1,osm_nodes,46,0.022725,0.2787,
1785,dc,1,1,osm_nodes,44,0.025327,0.2081,
1786,dc,1,1,osm_nodes,50,0.017099,0.0125,
1787,dc,1,1,osm_nodes,49,0.024646,0.1825,
1788,dc,1,1,osm_nodes,51,0.024347,0.1696,
1789,dc,1,1,osm_nodes,45,0.025827,0.2233,
1790,dc,1,1,osm_nodes,43,0.025607,0.3284,
1791,dc,1,0,osm_nodes,67,0.029751,0.2462,
1792,dc,1,0,osm_nodes,68,0.030344,0.2421,
1793,dc,1,0,osm_nodes,76,0.035457,0.2491,
1794,dc,1,1,osm_nodes,49,0.02697,0.2873,
1795,dc,1,0,osm_nodes,80,0.03601,0.2544,
1796,dc,1,1,osm_nodes,75,0.021734,0.1096,
1797,dc,1,0,osm_nodes,54,0.023874,0.2136,
1798,dc,1,1,osm_nodes,90,0.02003,0.1076,
1799,dc,1,1,osm_nodes,81,0.019581,0.1729,
1800,dc,1,1,osm_nodes,80,0.019488,0.1537,
1801,dc,1,0,osm_nodes,45,0.016662,0.2344,
1802,dc,1,0,osm_nodes,44,0.015373,0.2433,
1803,dc,1,1,osm_nodes,84,0.018384,0.1106,
1804,dc,1,1,osm_nodes,74,0.01668,0.2203,
1805,dc,1,1,osm_nodes,73,0.016871,0.1886,
1806,dc,1,1,osm_nodes,58,0.01602,0.1452,
1807,dc,1,1,osm_nodes,49,0.015016,0.158,
1808,dc,1,0,osm_nodes,40,0.018294,0.0985,
1809,dc,1,1,osm_nodes,43,0.003385,0.2159,
1810,dc,1,0,osm_nodes,10,0.003503,0.1714,
1811,dc,1,0,osm_nodes,14,0.012995,0.0169,
1812,dc,0,0,osm_nodes,21,0.015177,0.0,
1813,dc,1,0,osm_nodes,42,0.018568,0.1631,
1814,dc,1,0,osm_nodes,45,0.019652,0.1519,
1815,dc,1,0,osm_nodes,33,0.013413,0.1173,
1816,dc,1,1,osm_nodes,61,0.016029,0.1966,
1817,dc,1,1,osm_nodes,62,0.016743,0.1984,
1818,dc,1,0,osm_nodes,43,0.020349,0.1786,
1819,dc,1,1,osm_nodes,27,0.017466,0.1585,
1820,dc,1,1,osm_nodes,36,0.022687,0.1704,
1821,dc,1,1,osm_nodes,27,0.017068,0.1543,
1822,dc,1,1,osm_nodes,61,0.022407,0.1759,
1823,dc,1,0,osm_nodes,46,0.020633,0.1024,
1824,dc,1,1,osm_nodes,34,0.021729,0.1614,
1825,dc,1,0,osm_nodes,49,0.025773,0.1999,
1826,dc,1,0,osm_nodes,67,0.024896,0.1826,
1827,dc,1,0,osm_nodes,68,0.027187,0.1683,
1828,dc,1,0,osm_nodes,67,0.02622,0.1831,
1829,dc,1,1,osm_nodes,61,0.027945,0.1223,
1830,dc,1,0,osm_nodes,45,0.023252,0.2504,
1831,dc,1,0,osm_nodes,42,0.022406,0.205,
1832,dc,1,1,osm_nodes,45,0.020352,0.1686,
1833,dc,1,1,osm_nodes,15,0.019329,0.1277,
1834,dc,1,1,osm_nodes,42,0.02078,0.1312,
1835,dc,1,0,osm_nodes,61,0.028318,0.1372,
1836,dc,1,1,osm_nodes,32,0.017681,0.1323,
1837,dc,1,0,osm_nodes,42,0.025817,0.121,
1838,dc,1,0,osm_nodes,59,0.028994,0.1534,
1839,dc,1,1,osm_nodes,39,0.021116,0.1595,
1840,dc,1,0,osm_nodes,58,0.026825,0.1443,
1841,dc,1,1,osm_nodes,16,0.021292,0.1432,
1842,dc,1,1,osm_nodes,36,0.021952,0.1797,
1843,dc,1,0,osm_nodes,38,0.019682,0.2148,
1844,dc,1,1,osm_nodes,45,0.02626,0.1398,
1845,dc,1,1,osm_nodes,43,0.021695,0.1682,
1846,dc,1,0,osm_nodes,40,0.022201,0.2652,
1847,dc,1,0,osm_nodes,37,0.021594,0.2412,
1848,dc,1,1,osm_nodes,18,0.021614,0.1492,
1849,dc,1,1,osm_nodes,22,0.022112,0.1394,
1850,dc,1,0,osm_nodes,44,0.024532,0.1602,
1851,dc,1,0,osm_nodes,45,0.02471,0.1587,
1852,dc,1,1,osm_nodes,28,0.02208,0.1808,
1853,dc,1,1,osm_nodes,33,0.021991,0.1437,
1854,dc,1,1,osm_nodes,30,0.021026,0.1436,
1855,dc,1,1,osm_nodes,28,0.016661,0.2026,
1856,dc,1,1,osm_nodes,42,0.024614,0.1538,
1857,dc,1,0,osm_nodes,42,0.022761,0.1361,
1858,dc,1,1,osm_nodes,31,0.021262,0.2734,
1859,dc,1,1,osm_nodes,59,0.02426,0.2353,
1860,dc,1,0,osm_nodes,18,0.014449,0.2031,
1861,dc,1,0,osm_nodes,69,0.027096,0.2632,
1862,dc,1,1,osm_nodes,55,0.023827,0.2179,
1863,dc,1,1,osm_nodes,92,0.02906,0.1574,
1864,dc,1,1,osm_nodes,109,0.030553,0.1796,
1865,dc,1,1,osm_nodes,102,0.029696,0.1809,
1866,dc,1,1,osm_nodes,76,0.02425,0.144,
1867,dc,1,0,osm_nodes,18,0.009097,0.1904,
1868,dc,1,0,osm_nodes,40,0.017108,0.2876,
1869,dc,1,0,osm_nodes,30,0.012903,0.2916,
1870,dc,1,0,osm_nodes,9,0.012698,0.152,
1871,dc,1,1,osm_nodes,34,0.024579,0.2387,
1872,dc,1,1,osm_nodes,108,0.030301,0.1659,
1873,dc,1,1,osm_nodes,80,0.026039,0.2207,
1875,dc,1,1,osm_nodes,61,0.022525,0.1994,
1876,dc,1,1,osm_nodes,56,0.022281,0.196,
1877,dc,1,1,osm_nodes,73,0.026241,0.1567,
1878,dc,0,0,osm_nodes,14,0.01119,0.0779,
1879,dc,0,0,osm_nodes,45,0.007538,0.1934,
1880,dc,1,1,osm_nodes,67,0.029262,0.1704,
1881,dc,1,1,osm_nodes,46,0.02701,0.1412,
1882,dc,1,1,osm_nodes,62,0.024341,0.2075,
1883,dc,1,1,osm_nodes,45,0.026674,0.2035,
1884,dc,1,1,osm_nodes,38,0.025547,0.1573,
1885,dc,1,1,osm_nodes,53,0.025948,0.0962,
1886,dc,1,1,osm_nodes,52,0.025646,0.1339,
1887,dc,1,1,osm_nodes,61,0.020814,0.2155,
1888,dc,1,1,osm_nodes,60,0.026831,0.1575,
1889,dc,1,0,osm_nodes,105,0.025982,0.0433,
1890,dc,1,1,osm_nodes,52,0.024221,0.1424,
1891,dc,1,0,osm_nodes,26,0.007804,0.2221,
1892,dc,1,0,osm_nodes,103,0.026057,0.1847,
1893,dc,1,0,osm_nodes,102,0.026474,0.2053,
1894,dc,1,0,osm_nodes,100,0.026396,0.1845,
1895,dc,0,0,osm_nodes,80,0.024616,0.1498,
1896,dc,1,0,osm_nodes,100,0.026792,0.1697,
1897,dc,1,0,osm_nodes,100,0.02695,0.1736,
1898,dc,1,1,osm_nodes,54,0.02326,0.197,
1899,dc,1,1,osm_nodes,63,0.025709,0.1737,
1900,dc,1,1,osm_nodes,49,0.016839,0.086,
1901,dc,1,1,osm_nodes,69,0.026109,0.1487,
1902,dc,1,1,osm_nodes,75,0.026772,0.1536,
1903,dc,1,1,osm_nodes,49,0.017191,0.0967,
1904,dc,1,1,osm_nodes,50,0.016617,0.0914,
1905,dc,1,0,osm_nodes,56,0.019318,0.142,
1906,dc,1,0,osm_nodes,35,0.00671,0.1349,
1907,dc,1,1,osm_nodes,86,0.026602,0.1532,
1908,dc,1,1,osm_nodes,86,0.026167,0.1536,
1909,dc,1,1,osm_nodes,55,0.021253,0.095,
1910,dc,1,0,osm_nodes,46,0.014844,0.1801,
1911,dc,1,1,osm_nodes,80,0.027984,0.1621,
1912,dc,1,1,osm_nodes,64,0.024382,0.1325,
1913,dc,0,0,osm_nodes,50,0.015914,0.1936,
1914,dc,1,0,osm_nodes,35,0.009905,0.1207,
1915,dc,1,1,osm_nodes,80,0.026746,0.1669,
1916,dc,1,1,osm_nodes,92,0.028197,0.1615,
1917,dc,1,1,osm_nodes,39,0.014393,0.093,
1918,dc,1,1,osm_nodes,86,0.027987,0.2021,
1919,dc,1,0,osm_nodes,41,0.010431,0.1342,
1920,dc,0,0,osm_nodes,48,0.007506,0.1741,
1921,dc,1,1,osm_nodes,87,0.027555,0.2118,
1922,dc,1,0,osm_nodes,43,0.013313,0.1435,
1923,dc,1,1,osm_nodes,63,0.026874,0.2721,
1924,dc,0,0,osm_nodes,48,0.017071,0.2219,
1925,dc,1,1,osm_nodes,81,0.027769,0.1603,
1926,dc,1,0,osm_nodes,52,0.018057,0.1738,
1927,dc,1,1,osm_nodes,77,0.027735,0.1534,
1928,dc,1,1,osm_nodes,56,0.020722,0.2189,
1929,dc,1,1,osm_nodes,77,0.027479,0.1622,
1930,dc,1,1,osm_nodes,97,0.02802,0.1402,
1931,dc,1,0,osm_nodes,34,0.018278,0.0951,
1932,dc,1,1,osm_nodes,29,0.022081,0.1843,
1933,dc,1,0,osm_nodes,47,0.012052,0.1005,
1934,dc,1,1,osm_nodes,37,0.021718,0.1739,
1935,dc,1,1,osm_nodes,48,0.016386,0.2226,
1936,dc,1,1,osm_nodes,48,0.016394,0.2288,
1937,dc,1,0,osm_nodes,42,0.015746,0.2064,
1938,dc,1,1,osm_nodes,29,0.015243,0.0628,
1939,dc,1,1,osm_nodes,29,0.014847,0.0662,
1940,dc,1,1,osm_nodes,28,0.015562,0.088,
1941,dc,1,1,osm_nodes,32,0.019509,0.165,
1942,dc,1,1,osm_nodes,33,0.015285,0.0847,
1943,dc,1,1,osm_nodes,43,0.016487,0.1406,
1944,dc,1,1,osm_nodes,41,0.018113,0.1826,
1945,dc,1,1,osm_nodes,41,0.018378,0.2036,
1946,dc,1,1,osm_nodes,40,0.018454,0.2506,
1947,dc,0,0,osm_nodes,24,0.012112,0.0702,
1948,dc,1,1,osm_nodes,16,0.012702,0.1782,
1949,dc,1,1,osm_nodes,16,0.013217,0.1789,
1950,dc,1,1,osm_nodes,24,0.016421,0.1596,
1951,dc,1,1,osm_nodes,16,0.013345,0.1756,
1952,dc,1,0,osm_nodes,18,0.00633,0.2521,
1953,dc,1,1,osm_nodes,60,0.02138,0.1824,
1954,dc,1,1,osm_nodes,69,0.026077,0.1627,
1955,dc,1,1,osm_nodes,69,0.026466,0.1588,
1956,dc,1,1,osm_nodes,69,0.026562,0.1606,
1957,dc,1,0,osm_nodes,26,0.008944,0.1329,
1958,dc,1,1,osm_nodes,68,0.020392,0.1163,
1959,dc,1,0,osm_nodes,48,0.012708,0.0238,
1960,dc,1,1,osm_nodes,74,0.020312,0.1086,
1961,dc,1,0,osm_nodes,44,0.012706,0.0425,
1962,dc,1,1,osm_nodes,70,0.019677,0.1163,
1963,dc,1,1,osm_nodes,68,0.02228,0.1414,
1964,dc,1,1,osm_nodes,90,0.02246,0.1644,
1965,dc,1,1,osm_nodes,62,0.021582,0.1354,
1966,dc,1,1,osm_nodes,75,0.019129,0.1035,
1967,dc,1,0,osm_nodes,80,0.02181,0.1244,
1968,dc,1,1,osm_nodes,45,0.01735,0.123,
1969,dc,1,1,osm_nodes,74,0.025808,0.0736,
1970,dc,1,1,osm_nodes,65,0.025394,0.0501,
1971,dc,1,0,osm_nodes,35,0.017016,0.1272,
1972,dc,1,1,osm_nodes,31,0.019927,0.0896,
1973,dc,1,1,osm_nodes,30,0.019336,0.0937,
1974,dc,1,1,osm_nodes,39,0.021104,0.1104,
1975,dc,1,1,osm_nodes,40,0.02187,0.116,
1976,dc,1,1,osm_nodes,27,0.018119,0.0791,
1977,dc,1,1,osm_nodes,26,0.019023,0.0764,
1978,dc,1,1,osm_nodes,21,0.018152,0.1039,
1979,dc,1,1,osm_nodes,23,0.019569,0.0945,
1980,dc,1,0,osm_nodes,25,0.023403,0.1608,
1981,dc,1,0,osm_nodes,14,0.021601,0.1902,
1982,dc,1,0,osm_nodes,6,0.019115,0.1234,
1983,dc,1,1,osm_nodes,11,0.014644,0.0785,
1984,dc,1,0,osm_nodes,14,0.022423,0.1397,
1985,dc,1,0,osm_nodes,19,0.004048,0.0547,
1986,dc,1,0,osm_nodes,18,0.009193,0.0223,
1987,dc,1,0,osm_nodes,21,0.016865,0.181,
1988,dc,1,0,osm_nodes,24,0.020416,0.1842,
1989,dc,1,0,osm_nodes,21,0.015844,0.1815,
1990,dc,1,0,osm_nodes,21,0.015533,0.1584,
1991,dc,1,0,osm_nodes,25,0.018113,0.1926,
1992,dc,1,0,osm_nodes,23,0.015022,0.1594,
1993,dc,1,0,osm_nodes,42,0.018954,0.1381,
1994,dc,1,0,osm_nodes,32,0.018838,0.2452,
1995,dc,1,0,osm_nodes,31,0.018357,0.2571,
1996,dc,1,0,osm_nodes,35,0.017323,0.0898,
1997,dc,1,0,osm_nodes,30,0.017251,0.1138,
1998,dc,1,0,osm_nodes,32,0.017964,0.1238,
1999,dc,1,0,osm_nodes,40,0.019982,0.1579,
2000,dc,1,0,osm_nodes,36,0.020764,0.1633,
2001,dc,1,1,osm_nodes,22,0.017518,0.1861,
2002,dc,1,0,osm_nodes,18,0.01382,0.1592,
2003,dc,1,0,osm_nodes,43,0.023196,0.2024,
2004,dc,1,0,osm_nodes,16,0.01377,0.1788,
2005,dc,1,0,osm_nodes,43,0.024172,0.22,
2006,dc,1,0,osm_nodes,25,0.023654,0.1144,
2007,dc,1,0,osm_nodes,14,0.021139,0.1782,
2008,dc,1,0,osm_nodes,28,0.020186,0.0888,
2009,dc,1,0,osm_nodes,28,0.021758,0.1739,
2010,dc,1,1,osm_nodes,6,0.013923,0.1314,
2011,dc,1,0,osm_nodes,17,0.012625,0.0564,
2012,dc,1,0,osm_nodes,24,0.017456,0.1757,
2013,dc,1,0,osm_nodes,24,0.017056,0.1824,
2014,dc,1,1,osm_nodes,28,0.016736,0.2562,
2015,dc,1,1,osm_nodes,17,0.013042,0.2466,
2016,dc,0,0,osm_nodes,20,0.011669,0.3056,
2017,dc,1,0,osm_nodes,21,0.017217,0.2478,
2018,dc,0,0,osm_nodes,11,0.005397,0.1503,
2019,dc,0,0,osm_nodes,9,0.005002,0.1453,
2020,dc,1,0,osm_nodes,19,0.014161,0.1251,
2021,dc,1,1,osm_nodes,13,0.006936,0.1104,
2022,dc,1,0,osm_nodes,57,0.029395,0.2038,
2023,dc,1,0,osm_nodes,44,0.020559,0.1122,
2024,dc,1,0,osm_nodes,55,0.026888,0.2213,
2025,dc,1,0,osm_nodes,46,0.023659,0.2401,
2026,dc,1,0,osm_nodes,16,0.011494,0.1524,
2027,dc,1,0,osm_nodes,21,0.010234,0.0952,
2028,dc,1,0,osm_nodes,26,0.017546,0.1439,
2029,dc,1,0,osm_nodes,26,0.018829,0.1362,
2030,dc,1,0,osm_nodes,14,0.005403,0.1258,
2031,dc,1,0,osm_nodes,13,0.003716,0.1209,
2032,dc,1,0,osm_nodes,13,0.003543,0.1349,
2033,dc,1,0,osm_nodes,17,0.007085,0.237,
2034,dc,1,1,osm_nodes,28,0.028319,0.3287,
2035,dc,1,0,osm_nodes,17,0.015525,0.0935,
2036,dc,1,1,osm_nodes,103,0.033019,0.1266,
2037,dc,1,0,osm_nodes,32,0.024767,0.3426,
2038,dc,1,0,osm_nodes,56,0.027607,0.3013,
2039,dc,1,1,osm_nodes,56,0.024772,0.2565,
2040,dc,1,0,osm_nodes,53,0.025643,0.2945,
2041,dc,1,0,osm_nodes,24,0.019519,0.2113,
2042,dc,1,1,osm_nodes,27,0.02514,0.3322,
2043,dc,1,1,osm_nodes,38,0.029019,0.211,
2044,dc,1,0,osm_nodes,49,0.026788,0.3035,
2045,dc,1,1,osm_nodes,39,0.024537,0.3175,
2046,dc,1,0,osm_nodes,48,0.025712,0.3138,
2047,dc,1,0,osm_nodes,44,0.023801,0.3317,
2048,dc,1,0,osm_nodes,38,0.017928,0.266,
2049,dc,1,0,osm_nodes,42,0.017801,0.206,
2050,dc,1,0,osm_nodes,51,0.024062,0.2524,
2051,dc,1,0,osm_nodes,62,0.024678,0.212,
2052,dc,1,1,osm_nodes,143,0.042484,0.1386,
2053,dc,1,0,osm_nodes,67,0.026039,0.1016,
2054,dc,1,0,osm_nodes,41,0.019334,0.1189,
2055,dc,1,0,osm_nodes,40,0.01863,0.0888,
2056,dc,1,0,osm_nodes,34,0.012625,0.0326,
2057,dc,1,0,osm_nodes,37,0.024497,0.1905,
2058,dc,1,0,osm_nodes,62,0.025506,0.0332,
2059,dc,1,0,osm_nodes,123,0.037746,0.1755,
2060,dc,1,1,osm_nodes,44,0.021619,0.3973,
2061,dc,1,1,osm_nodes,34,0.023247,0.1925,
2062,dc,1,0,osm_nodes,33,0.011842,0.0418,
2063,dc,1,1,osm_nodes,151,0.044006,0.1015,
2064,dc,1,1,osm_nodes,51,0.023443,0.1281,
2065,dc,1,0,osm_nodes,57,0.027366,0.1395,
2066,dc,1,1,osm_nodes,50,0.024749,0.1597,
2067,dc,1,1,osm_nodes,52,0.029085,0.1972,
2068,dc,1,1,osm_nodes,26,0.019844,0.2285,
2069,dc,1,1,osm_nodes,29,0.025207,0.2652,
2070,dc,1,1,osm_nodes,34,0.026052,0.2191,
2071,dc,1,0,osm_nodes,44,0.020746,0.2954,
2072,dc,1,0,osm_nodes,38,0.023286,0.1957,
2073,dc,0,0,osm_nodes,38,0.023791,0.242,
2074,dc,1,1,osm_nodes,27,0.017078,0.2562,
2075,dc,1,1,osm_nodes,33,0.021239,0.2299,
2076,dc,1,1,osm_nodes,40,0.014767,0.3322,
2077,dc,1,0,osm_nodes,42,0.025525,0.2534,
2078,dc,1,0,osm_nodes,36,0.024698,0.2785,
2079,dc,1,0,osm_nodes,54,0.026339,0.2998,
2080,dc,1,0,osm_nodes,53,0.020501,0.3307,
2081,dc,1,0,osm_nodes,32,0.019806,0.2258,
2082,dc,1,0,osm_nodes,45,0.026769,0.1468,
2083,dc,1,1,osm_nodes,66,0.02586,0.1649,
2084,dc,1,0,osm_nodes,60,0.027211,0.0854,
2085,dc,1,1,osm_nodes,23,0.01787,0.1133,
2086,dc,1,0,osm_nodes,47,0.019083,0.3781,
2087,dc,1,0,osm_nodes,45,0.022932,0.1348,
2088,dc,1,0,osm_nodes,41,0.021117,0.225,
2089,dc,1,0,osm_nodes,10,0.018646,0.0345,
2090,dc,1,0,osm_nodes,30,0.017113,0.4648,
2091,dc,1,0,osm_nodes,37,0.020669,0.2604,
2092,dc,1,0,osm_nodes,10,0.009382,0.1747,
2093,dc,1,0,osm_nodes,30,0.017634,0.4834,
2094,dc,1,1,osm_nodes,38,0.02405,0.2653,
2095,dc,1,0,osm_nodes,26,0.018396,0.1473,
2096,dc,1,0,osm_nodes,30,0.016695,0.4793,
2097,dc,1,0,osm_nodes,20,0.014101,0.1823,
2098,dc,1,0,osm_nodes,8,0.008487,0.1308,
2099,dc,1,1,osm_nodes,29,0.018174,0.4847,
2100,dc,1,0,osm_nodes,39,0.025949,0.251,
2101,dc,1,0,osm_nodes,45,0.028218,0.2396,
2102,dc,1,1,osm_nodes,51,0.029393,0.2804,
2103,dc,1,0,osm_nodes,59,0.028911,0.2923,
2104,dc,1,0,osm_nodes,37,0.025492,0.2604,
2105,dc,1,0,osm_nodes,53,0.02771,0.2494,
2106,dc,1,0,osm_nodes,42,0.022514,0.3697,
2107,dc,1,0,osm_nodes,50,0.026354,0.3167,
2108,dc,1,0,osm_nodes,58,0.029359,0.3225,
2109,dc,1,0,osm_nodes,64,0.027813,0.2367,
2110,dc,1,0,osm_nodes,58,0.028221,0.2999,
2111,dc,1,0,osm_nodes,45,0.027045,0.3212,
2112,dc,1,0,osm_nodes,66,0.025365,0.2044,
2113,dc,0,0,osm_nodes,35,0.01591,0.019,
2114,dc,1,0,osm_nodes,13,0.010156,0.0684,
2115,dc,1,0,osm_nodes,65,0.026599,0.2249,
2116,dc,1,0,osm_nodes,53,0.022208,0.2883,
2117,dc,1,0,osm_nodes,41,0.021088,0.3022,
2118,dc,1,0,osm_nodes,34,0.026314,0.198,
2119,dc,1,1,osm_nodes,43,0.021978,0.0828,
2120,dc,1,0,osm_nodes,57,0.025297,0.2622,
2121,dc,1,0,osm_nodes,19,0.014981,0.1141,
2122,dc,1,0,osm_nodes,21,0.018573,0.1057,
2123,dc,1,0,osm_nodes,19,0.014995,0.2104,
2124,dc,1,0,osm_nodes,19,0.014996,0.2106,
2125,dc,1,0,osm_nodes,34,0.023356,0.1493,
2126,dc,1,0,osm_nodes,41,0.026171,0.1846,
2127,dc,1,0,osm_nodes,47,0.026735,0.2034,
2128,dc,1,0,osm_nodes,33,0.021711,0.1279,
2129,dc,1,0,osm_nodes,12,0.015111,0.0983,
2130,dc,1,0,osm_nodes,18,0.014648,0.0555,
2131,dc,1,0,osm_nodes,22,0.016604,0.0395,
2132,dc,1,0,osm_nodes,13,0.011603,0.2421,
2133,dc,1,0,osm_nodes,25,0.017873,0.0594,
2134,dc,1,0,osm_nodes,22,0.018399,0.0927,
2135,dc,1,0,osm_nodes,33,0.022033,0.1368,
2136,dc,1,0,osm_nodes,17,0.020715,0.1466,
2137,dc,1,0,osm_nodes,38,0.02514,0.1557,
2138,dc,1,0,osm_nodes,31,0.021867,0.0701,
2139,dc,1,0,osm_nodes,57,0.029922,0.2803,
2140,dc,1,0,osm_nodes,58,0.025916,0.2542,
2141,dc,1,0,osm_nodes,32,0.022307,0.0694,
2142,dc,1,0,osm_nodes,33,0.024487,0.1137,
2143,dc,1,1,osm_nodes,70,0.027324,0.3113,
2144,dc,1,0,osm_nodes,33,0.023849,0.0901,
2145,dc,1,0,osm_nodes,33,0.023663,0.0863,
2146,dc,1,1,osm_nodes,33,0.029861,0.2858,
2147,dc,1,0,osm_nodes,63,0.026194,0.3081,
2148,dc,1,0,osm_nodes,83,0.042203,0.2896,
2149,dc,1,0,osm_nodes,86,0.042072,0.2686,
2150,dc,1,0,osm_nodes,73,0.040205,0.13,
2151,dc,1,1,osm_nodes,34,0.025115,0.2584,
2152,dc,1,1,osm_nodes,35,0.024931,0.2355,
2153,dc,1,0,osm_nodes,34,0.019469,0.3745,
2154,dc,1,1,osm_nodes,22,0.015407,0.1282,
2155,dc,1,0,osm_nodes,89,0.040425,0.2538,
2156,dc,1,0,osm_nodes,50,0.022642,0.3413,
2157,dc,1,1,osm_nodes,23,0.015229,0.2084,
2158,dc,1,0,osm_nodes,89,0.040677,0.2225,
2159,dc,1,0,osm_nodes,82,0.038337,0.2211,
2160,dc,1,1,osm_nodes,35,0.025653,0.3299,
2161,dc,1,1,osm_nodes,59,0.030562,0.4135,
2162,dc,1,1,osm_nodes,42,0.022551,0.3413,
2163,dc,1,1,osm_nodes,48,0.024473,0.3159,
2164,dc,1,1,osm_nodes,64,0.027547,0.1472,
2165,dc,1,0,osm_nodes,81,0.025517,0.2901,
2166,dc,1,0,osm_nodes,67,0.022689,0.213,
2167,dc,1,1,osm_nodes,44,0.023328,0.3365,
2168,dc,1,0,osm_nodes,65,0.022575,0.188,
2169,dc,1,0,osm_nodes,74,0.025538,0.2133,
2170,dc,1,0,osm_nodes,53,0.018526,0.1854,
2171,dc,1,1,osm_nodes,62,0.03257,0.3675,
2172,dc,1,0,osm_nodes,61,0.02027,0.1935,
2173,dc,1,0,osm_nodes,57,0.019066,0.1926,
2174,dc,1,0,osm_nodes,78,0.027461,0.2257,
2175,dc,1,1,osm_nodes,73,0.030031,0.4043,
2176,dc,1,1,osm_nodes,44,0.024107,0.4142,
2177,dc,1,1,osm_nodes,48,0.025067,0.419,
2178,dc,1,0,osm_nodes,76,0.024263,0.2015,
2179,dc,0,0,osm_nodes,60,0.030147,0.4161,
2180,dc,1,0,osm_nodes,71,0.024088,0.199,
2181,dc,1,1,osm_nodes,162,0.053042,0.0425,
2182,dc,1,0,osm_nodes,57,0.017746,0.2283,
2183,dc,1,0,osm_nodes,55,0.017955,0.2224,
2184,dc,1,1,osm_nodes,69,0.027117,0.3615,
2185,dc,1,0,osm_nodes,46,0.024591,0.3678,
2186,dc,1,0,osm_nodes,195,0.057849,0.0511,
2187,dc,1,0,osm_nodes,70,0.027588,0.4056,
2188,dc,1,1,osm_nodes,51,0.025805,0.4346,
2189,dc,1,1,osm_nodes,44,0.022053,0.3452,
2190,dc,1,0,osm_nodes,38,0.014425,0.1962,
2191,dc,1,0,osm_nodes,40,0.014451,0.1938,
2192,dc,1,1,osm_nodes,66,0.025651,0.3706,
2193,dc,1,1,osm_nodes,83,0.0265,0.3732,
2194,dc,1,0,osm_nodes,50,0.028289,0.3755,
2195,dc,1,1,osm_nodes,78,0.028825,0.3631,
2196,dc,1,1,osm_nodes,58,0.025798,0.3702,
2197,dc,1,1,osm_nodes,29,0.022818,0.356,
2198,dc,1,0,osm_nodes,55,0.024593,0.2827,
2199,dc,1,0,osm_nodes,47,0.022486,0.3639,
2200,dc,1,0,osm_nodes,41,0.018263,0.2928,
2201,dc,1,1,osm_nodes,28,0.021962,0.2764,
2202,dc,1,0,osm_nodes,47,0.022345,0.4774,
2203,dc,1,0,osm_nodes,53,0.02799,0.4255,
2204,dc,1,0,osm_nodes,40,0.017681,0.2668,
2205,dc,1,1,osm_nodes,26,0.023731,0.2395,
2206,dc,1,0,osm_nodes,58,0.023573,0.2387,
2207,dc,1,1,osm_nodes,58,0.022174,0.2237,
2208,dc,1,1,osm_nodes,26,0.021639,0.2168,
2209,dc,1,0,osm_nodes,53,0.028283,0.3934,
2210,dc,1,1,osm_nodes,77,0.032601,0.303,
2211,dc,1,1,osm_nodes,49,0.022983,0.4141,
2212,dc,1,1,osm_nodes,17,0.019034,0.2042,
2213,dc,1,0,osm_nodes,87,0.038613,0.2963,
2214,dc,1,1,osm_nodes,46,0.022371,0.2375,
2215,dc,1,0,osm_nodes,55,0.023119,0.3096,
2216,dc,1,1,osm_nodes,64,0.034562,0.3746,
2217,dc,1,1,osm_nodes,80,0.031814,0.2543,
2218,dc,1,1,osm_nodes,52,0.023528,0.3023,
2219,dc,1,1,osm_nodes,78,0.030628,0.3779,
2220,dc,1,0,osm_nodes,76,0.032953,0.3055,
2221,dc,1,1,osm_nodes,79,0.035168,0.4265,
2222,dc,1,0,osm_nodes,78,0.03454,0.2776,
2223,dc,1,1,osm_nodes,81,0.031467,0.2932,
2224,dc,1,1,osm_nodes,78,0.030775,0.3007,
2225,dc,1,0,osm_nodes,8,0.017806,0.0935,
2226,dc,1,1,osm_nodes,48,0.0307,0.3066,
2227,dc,1,1,osm_nodes,53,0.030364,0.3082,
2228,dc,1,0,osm_nodes,69,0.02961,0.1727,
2229,dc,1,0,osm_nodes,7,0.014402,0.0792,
2230,dc,1,1,osm_nodes,33,0.02233,0.3016,
2231,dc,1,1,osm_nodes,53,0.029059,0.4247,
2232,dc,1,0,osm_nodes,4,0.014517,0.0805,
2233,dc,1,1,osm_nodes,42,0.025246,0.425,
2234,dc,1,1,osm_nodes,31,0.019028,0.5626,
2235,dc,1,0,osm_nodes,47,0.02425,0.4348,
2236,dc,1,0,osm_nodes,25,0.022378,0.2349,
2237,dc,1,1,osm_nodes,48,0.023555,0.3848,
2238,dc,1,0,osm_nodes,47,0.026101,0.3669,
2239,dc,1,0,osm_nodes,26,0.020078,0.1774,
2240,dc,1,0,osm_nodes,27,0.020198,0.1823,
2241,dc,1,1,osm_nodes,19,0.01855,0.0759,
2242,dc,1,0,osm_nodes,28,0.017893,0.3131,
2243,dc,1,0,osm_nodes,49,0.015558,0.3399,
2244,dc,1,0,osm_nodes,18,0.021197,0.3781,
2245,dc,1,0,osm_nodes,29,0.013783,0.349,
2246,dc,1,0,osm_nodes,29,0.020371,0.178,
2247,dc,1,0,osm_nodes,44,0.013453,0.3809,
2248,dc,1,0,osm_nodes,50,0.014648,0.3449,
2249,dc,1,1,osm_nodes,23,0.018331,0.1745,
2250,dc,1,0,osm_nodes,45,0.021838,0.1995,
2251,dc,1,0,osm_nodes,48,0.021428,0.2034,
2252,dc,1,0,osm_nodes,32,0.012313,0.3145,
2253,dc,1,0,osm_nodes,29,0.019576,0.1661,
2254,dc,1,1,osm_nodes,18,0.017523,0.2304,
2255,dc,1,0,osm_nodes,49,0.021971,0.2666,
2256,dc,1,0,osm_nodes,14,0.015624,0.1227,
2257,dc,1,1,osm_nodes,41,0.024709,0.4604,
2258,dc,1,0,osm_nodes,21,0.013263,0.2924,
2259,dc,1,1,osm_nodes,39,0.024813,0.4656,
2260,dc,1,1,osm_nodes,48,0.025,0.4074,
2261,dc,1,0,osm_nodes,22,0.013276,0.2554,
2262,dc,1,1,osm_nodes,32,0.019952,0.1912,
2263,dc,1,1,osm_nodes,40,0.023836,0.3683,
2264,dc,1,0,osm_nodes,62,0.030662,0.2057,
2265,dc,1,0,osm_nodes,64,0.023839,0.3865,
2266,dc,1,0,osm_nodes,26,0.019149,0.3802,
2267,dc,1,0,osm_nodes,26,0.021113,0.5132,
2268,dc,1,0,osm_nodes,62,0.025613,0.3387,
2269,dc,1,1,osm_nodes,50,0.025089,0.2785,
2270,dc,1,0,osm_nodes,72,0.032893,0.2206,
2271,dc,1,1,osm_nodes,42,0.026039,0.3122,
2272,dc,1,1,osm_nodes,45,0.026318,0.333,
2273,dc,1,0,osm_nodes,37,0.020106,0.0842,
2274,dc,1,0,osm_nodes,35,0.024257,0.3029,
2275,dc,1,0,osm_nodes,45,0.025726,0.4065,
2276,dc,1,0,osm_nodes,62,0.02962,0.323,
2277,dc,1,0,osm_nodes,52,0.029541,0.2677,
2278,dc,1,0,osm_nodes,34,0.019305,0.3075,
2279,dc,1,0,osm_nodes,55,0.031456,0.2757,
2280,dc,1,0,osm_nodes,45,0.025434,0.2723,
2281,dc,1,0,osm_nodes,43,0.022559,0.3474,
2282,dc,0,0,osm_nodes,57,0.024436,0.2236,
2283,dc,1,0,osm_nodes,64,0.026069,0.2101,
2284,dc,1,0,osm_nodes,91,0.034078,0.2041,
2285,dc,1,0,osm_nodes,88,0.03195,0.1287,
2286,dc,1,0,osm_nodes,55,0.028667,0.2342,
2287,dc,1,0,osm_nodes,84,0.029574,0.1655,
2288,dc,1,0,osm_nodes,84,0.030409,0.1904,
2289,dc,1,0,osm_nodes,28,0.019959,0.3101,
2290,dc,1,0,osm_nodes,45,0.018949,0.3165,
2291,dc,1,0,osm_nodes,38,0.02128,0.4096,
2292,dc,1,0,osm_nodes,79,0.028815,0.1748,
2293,dc,1,0,osm_nodes,44,0.028761,0.3205,
2294,dc,0,0,osm_nodes,42,0.026401,0.3245,
2295,dc,1,0,osm_nodes,42,0.020996,0.4699,
2296,dc,0,0,osm_nodes,43,0.026487,0.3216,
2297,dc,1,1,osm_nodes,49,0.026262,0.2993,
2298,dc,1,0,osm_nodes,61,0.02728,0.4177,
2299,dc,1,0,osm_nodes,34,0.024273,0.3107,
2300,dc,1,0,osm_nodes,47,0.026999,0.2733,
2301,dc,1,0,osm_nodes,57,0.02926,0.2925,
2302,dc,1,0,osm_nodes,70,0.031504,0.2991,
2303,dc,1,0,osm_nodes,65,0.026652,0.2985,
2304,dc,1,0,osm_nodes,63,0.026495,0.295,
2305,dc,1,0,osm_nodes,83,0.031215,0.2861,
2306,dc,1,0,osm_nodes,70,0.028256,0.3005,
2307,dc,1,0,osm_nodes,80,0.029776,0.3174,
2308,dc,1,0,osm_nodes,74,0.029711,0.3274,
2309,dc,1,0,osm_nodes,49,0.019162,0.3083,
2310,dc,1,0,osm_nodes,87,0.032941,0.2938,
2311,dc,1,1,osm_nodes,66,0.029111,0.3018,
2312,dc,1,0,osm_nodes,48,0.018596,0.3002,
2313,dc,1,1,osm_nodes,69,0.028331,0.4473,
2314,dc,1,0,osm_nodes,63,0.027757,0.301,
2315,dc,1,0,osm_nodes,50,0.024694,0.3713,
2316,dc,1,1,osm_nodes,69,0.02804,0.4324,
2317,dc,1,0,osm_nodes,62,0.030127,0.3352,
2318,dc,1,0,osm_nodes,39,0.024247,0.4879,
2319,dc,1,0,osm_nodes,91,0.02767,0.1816,
2320,dc,1,0,osm_nodes,80,0.032736,0.2652,
2321,dc,1,0,osm_nodes,82,0.032813,0.259,
2322,dc,1,0,osm_nodes,51,0.026803,0.4408,
2323,dc,0,0,osm_nodes,33,0.022425,0.3443,
2324,dc,1,0,osm_nodes,63,0.029357,0.3621,
2325,dc,1,0,osm_nodes,66,0.031149,0.2119,
2326,dc,1,0,osm_nodes,79,0.030068,0.4056,
2327,dc,1,0,osm_nodes,86,0.024815,0.2008,
2328,dc,1,0,osm_nodes,86,0.031471,0.515,
2329,dc,1,0,osm_nodes,85,0.030602,0.251,
2330,dc,1,0,osm_nodes,81,0.031812,0.3518,
2331,dc,1,0,osm_nodes,59,0.030802,0.284,
2332,dc,1,1,osm_nodes,79,0.029547,0.3117,
2333,dc,1,0,osm_nodes,68,0.030747,0.2884,
2334,dc,1,0,osm_nodes,67,0.026335,0.4417,
2335,dc,1,0,osm_nodes,48,0.028739,0.3328,
2336,dc,1,0,osm_nodes,61,0.028719,0.3091,
2337,dc,1,0,osm_nodes,70,0.023976,0.3979,
2338,dc,1,1,osm_nodes,76,0.034487,0.1964,
2339,dc,1,1,osm_nodes,54,0.030828,0.2513,
2340,dc,1,0,osm_nodes,60,0.029071,0.3279,
2341,dc,1,0,osm_nodes,48,0.026282,0.3625,
2342,dc,1,0,osm_nodes,50,0.027442,0.3323,
2343,dc,1,0,osm_nodes,53,0.027023,0.361,
2344,dc,1,1,osm_nodes,71,0.035397,0.2069,
2345,dc,1,0,osm_nodes,53,0.019916,0.1357,
2346,dc,1,0,osm_nodes,69,0.031066,0.2744,
2347,dc,1,0,osm_nodes,52,0.026519,0.3729,
2348,dc,1,1,osm_nodes,65,0.026641,0.3504,
2349,dc,1,0,osm_nodes,53,0.025879,0.2369,
2350,dc,0,0,osm_nodes,47,0.024569,0.3996,
2351,dc,1,0,osm_nodes,66,0.030374,0.3011,
2352,dc,1,0,osm_nodes,66,0.030386,0.3083,
2353,dc,1,0,osm_nodes,48,0.023218,0.2962,
2354,dc,1,0,osm_nodes,57,0.02816,0.3013,
2355,dc,1,0,osm_nodes,45,0.023482,0.3631,
2356,dc,1,1,osm_nodes,82,0.039783,0.0975,
2357,dc,1,0,osm_nodes,41,0.020671,0.2681,
2358,dc,1,0,osm_nodes,47,0.024946,0.1953,
2359,dc,1,0,osm_nodes,36,0.017545,0.3241,
2360,dc,1,1,osm_nodes,37,0.020645,0.3882,
2361,dc,1,0,osm_nodes,32,0.020241,0.2453,
2362,dc,1,0,osm_nodes,34,0.017243,0.3131,
2363,dc,1,0,osm_nodes,39,0.019414,0.2053,
2364,dc,1,1,osm_nodes,27,0.018607,0.1868,
2365,dc,1,0,osm_nodes,35,0.01787,0.4292,
2366,dc,1,1,osm_nodes,27,0.019103,0.1979,
2367,dc,1,0,osm_nodes,39,0.019774,0.3126,
2368,dc,1,1,osm_nodes,31,0.023352,0.2491,
2369,dc,1,1,osm_nodes,66,0.029521,0.2035,
2370,dc,1,1,osm_nodes,67,0.029075,0.2784,
2371,dc,1,0,osm_nodes,45,0.023665,0.3013,
2372,dc,1,0,osm_nodes,42,0.023785,0.2897,
2373,dc,1,0,osm_nodes,58,0.025605,0.3668,
2374,dc,1,0,osm_nodes,21,0.021631,0.3485,
2375,dc,1,0,osm_nodes,56,0.02594,0.3467,
2376,dc,1,0,osm_nodes,67,0.028338,0.052,
2377,dc,1,0,osm_nodes,70,0.026996,0.0902,
2378,dc,1,0,osm_nodes,38,0.018882,0.3398,
2379,dc,1,0,osm_nodes,42,0.01937,0.5108,
2380,dc,1,0,osm_nodes,66,0.025397,0.067,
2381,dc,1,1,osm_nodes,44,0.020138,0.5589,
2382,dc,1,0,osm_nodes,15,0.011357,0.083,
2383,dc,1,0,osm_nodes,61,0.024999,0.3534,
2384,dc,1,0,osm_nodes,27,0.016333,0.3284,
2385,dc,1,0,osm_nodes,39,0.022382,0.2333,
2386,dc,1,0,osm_nodes,38,0.019739,0.5307,
2387,dc,1,0,osm_nodes,35,0.020722,0.5161,
2388,dc,1,0,osm_nodes,46,0.025322,0.3013,
2389,dc,1,0,osm_nodes,33,0.018625,0.3685,
2390,dc,1,0,osm_nodes,28,0.012003,0.0456,
2391,dc,1,0,osm_nodes,55,0.025987,0.3171,
2392,dc,1,0,osm_nodes,21,0.015952,0.3768,
2393,dc,1,0,osm_nodes,31,0.020264,0.3859,
2394,dc,1,0,osm_nodes,53,0.027357,0.1896,
2395,dc,1,0,osm_nodes,75,0.030753,0.2545,
2396,dc,1,0,osm_nodes,72,0.030135,0.2859,
2397,dc,1,0,osm_nodes,50,0.026506,0.34,
2398,dc,1,1,osm_nodes,27,0.022034,0.3288,
2399,dc,1,0,osm_nodes,18,0.006325,0.0709,
2400,dc,1,1,osm_nodes,25,0.018539,0.3429,
2401,dc,1,0,osm_nodes,42,0.02602,0.2886,
2402,dc,1,0,osm_nodes,44,0.028674,0.3615,
2403,dc,1,1,osm_nodes,32,0.021115,0.3708,
2404,dc,1,0,osm_nodes,19,0.012275,0.3043,
2405,dc,1,1,osm_nodes,33,0.021194,0.3167,
2406,dc,1,1,osm_nodes,23,0.01808,0.2921,
2407,dc,1,0,osm_nodes,18,0.015947,0.2642,
2408,dc,1,1,osm_nodes,28,0.019661,0.3905,
2409,dc,1,1,osm_nodes,44,0.027599,0.2704,
2410,dc,1,1,osm_nodes,33,0.021246,0.3068,
2411,dc,1,1,osm_nodes,25,0.018502,0.3929,
2412,dc,1,1,osm_nodes,34,0.023562,0.3049,
2413,dc,1,0,osm_nodes,22,0.014113,0.2689,
2414,dc,1,1,osm_nodes,38,0.027143,0.245,
2415,dc,1,0,osm_nodes,43,0.027108,0.1932,
2416,dc,1,0,osm_nodes,41,0.027582,0.3171,
2417,dc,1,1,osm_nodes,44,0.028984,0.3144,
2418,dc,1,0,osm_nodes,39,0.024129,0.3924,
2419,dc,1,0,osm_nodes,37,0.02516,0.2943,
2420,dc,1,0,osm_nodes,50,0.029205,0.3245,
2421,dc,1,1,osm_nodes,49,0.027384,0.2818,
2422,dc,1,1,osm_nodes,46,0.027531,0.2679,
2423,dc,1,0,osm_nodes,38,0.017683,0.4174,
2424,dc,1,0,osm_nodes,42,0.025417,0.3185,
2425,dc,1,0,osm_nodes,55,0.030752,0.364,
2426,dc,1,1,osm_nodes,54,0.029078,0.3634,
2427,dc,1,1,osm_nodes,42,0.023505,0.2868,
2428,dc,1,1,osm_nodes,41,0.019354,0.2755,
2429,dc,1,1,osm_nodes,42,0.020838,0.2666,
2430,dc,1,1,osm_nodes,40,0.025393,0.2396,
2431,dc,1,0,osm_nodes,49,0.02615,0.3692,
2432,dc,1,1,osm_nodes,50,0.026898,0.2488,
2433,dc,1,1,osm_nodes,48,0.026075,0.2019,
2434,dc,1,1,osm_nodes,51,0.025736,0.2968,
2435,dc,1,1,osm_nodes,39,0.016412,0.2703,
2436,dc,1,0,osm_nodes,56,0.029816,0.3786,
2437,dc,1,1,osm_nodes,46,0.025634,0.172,
2438,dc,1,0,osm_nodes,51,0.02737,0.1389,
2439,dc,1,0,osm_nodes,29,0.017392,0.1915,
2440,dc,1,1,osm_nodes,64,0.022323,0.3639,
2441,dc,1,0,osm_nodes,42,0.02448,0.3697,
2442,dc,1,0,osm_nodes,56,0.025625,0.321,
2443,dc,1,1,osm_nodes,84,0.028224,0.3152,
2444,dc,1,0,osm_nodes,47,0.024956,0.3675,
2445,dc,1,1,osm_nodes,45,0.01067,0.3054,
2446,dc,1,0,osm_nodes,5,0.004936,0.0087,
2447,dc,1,1,osm_nodes,83,0.029732,0.3215,
2448,dc,1,1,osm_nodes,66,0.017466,0.2087,
2449,dc,1,1,osm_nodes,64,0.016641,0.2129,
2450,dc,1,1,osm_nodes,60,0.025835,0.2962,
2451,dc,0,0,osm_nodes,37,0.0163,0.2608,
2452,dc,1,1,osm_nodes,65,0.017135,0.213,
2453,dc,1,1,osm_nodes,76,0.021615,0.2984,
2454,dc,1,0,osm_nodes,64,0.017131,0.254,
2455,dc,1,1,osm_nodes,65,0.016752,0.0827,
2456,dc,1,0,osm_nodes,32,0.017917,0.2532,
2457,dc,1,0,osm_nodes,25,0.018606,0.2475,
2458,dc,1,0,osm_nodes,45,0.019587,0.2717,
2459,dc,1,1,osm_nodes,62,0.028382,0.2764,
2460,dc,1,1,osm_nodes,63,0.019174,0.1376,
2461,dc,1,0,osm_nodes,45,0.018126,0.2586,
2462,dc,1,1,osm_nodes,68,0.029584,0.2626,
2463,dc,1,1,osm_nodes,66,0.028374,0.2684,
2464,dc,1,1,osm_nodes,61,0.027603,0.2162,
2465,dc,1,0,osm_nodes,39,0.018949,0.0974,
2466,dc,1,0,osm_nodes,39,0.018079,0.0968,
2467,dc,1,1,osm_nodes,63,0.028109,0.2306,
2468,dc,1,1,osm_nodes,35,0.017815,0.2392,
2469,dc,1,1,osm_nodes,50,0.027753,0.2724,
2470,dc,1,1,osm_nodes,36,0.018853,0.2408,
2471,dc,1,0,osm_nodes,44,0.016662,0.0885,
2472,dc,1,1,osm_nodes,45,0.022041,0.4137,
2473,dc,1,1,osm_nodes,52,0.025103,0.2876,
2474,dc,1,0,osm_nodes,38,0.020055,0.255,
2475,dc,1,1,osm_nodes,53,0.025326,0.272,
2476,dc,1,0,osm_nodes,33,0.016563,0.2678,
2477,dc,1,1,osm_nodes,62,0.030233,0.2035,
2478,dc,1,0,osm_nodes,58,0.022128,0.3388,
2479,dc,0,0,osm_nodes,49,0.028496,0.2702,
2480,dc,1,0,osm_nodes,20,0.010558,0.0835,
2481,dc,1,1,osm_nodes,38,0.026167,0.2273,
2482,dc,1,1,osm_nodes,38,0.012673,0.0285,
2483,dc,1,0,osm_nodes,66,0.026717,0.2112,
2484,dc,1,0,osm_nodes,64,0.027275,0.2139,
2485,dc,1,0,osm_nodes,35,0.010035,0.299,
2486,dc,1,1,osm_nodes,44,0.023852,0.2209,
2487,dc,1,0,osm_nodes,55,0.023438,0.2486,
2488,dc,1,0,osm_nodes,41,0.023284,0.2106,
2489,dc,1,0,osm_nodes,45,0.023247,0.2123,
2490,dc,1,1,osm_nodes,54,0.023476,0.268,
2491,dc,1,1,osm_nodes,53,0.023813,0.2478,
2492,dc,1,1,osm_nodes,57,0.02583,0.1821,
2493,dc,1,0,osm_nodes,44,0.022544,0.2052,
2494,dc,0,0,osm_nodes,22,0.005838,0.2565,
2495,dc,1,1,osm_nodes,49,0.023259,0.2466,
2496,dc,1,1,osm_nodes,39,0.022995,0.2228,
2497,dc,1,0,osm_nodes,23,0.01118,0.1186,
2498,dc,1,1,osm_nodes,63,0.017594,0.0198,
2499,dc,1,0,osm_nodes,27,0.015128,0.3046,
2500,dc,1,1,osm_nodes,14,0.012475,0.1511,
2501,dc,1,1,osm_nodes,32,0.010757,0.1069,
2502,dc,1,0,osm_nodes,21,0.010572,0.1349,
2503,dc,0,0,osm_nodes,56,0.01506,0.0412,
2504,dc,1,1,osm_nodes,52,0.016592,0.0986,
2505,dc,1,1,osm_nodes,50,0.017201,0.0703,
2506,dc,1,1,osm_nodes,49,0.018726,0.0861,
2507,dc,0,0,osm_nodes,8,0.00771,0.1537,
2508,dc,1,1,osm_nodes,45,0.018171,0.1484,
2509,dc,1,1,osm_nodes,46,0.017528,0.0879,
2510,dc,1,0,osm_nodes,36,0.010052,0.0884,
2511,dc,1,0,osm_nodes,36,0.009995,0.0765,
2512,dc,1,0,osm_nodes,36,0.010389,0.0773,
2513,dc,1,0,osm_nodes,33,0.008842,0.0436,
2514,dc,1,0,osm_nodes,26,0.011117,0.5633,
2515,dc,1,0,osm_nodes,34,0.010875,0.0367,
2516,dc,1,0,osm_nodes,19,0.010195,0.378,
2517,dc,1,0,osm_nodes,24,0.011366,0.1474,
2518,dc,1,0,osm_nodes,21,0.010137,0.1587,
2519,dc,1,1,osm_nodes,32,0.009416,0.1528,
2520,dc,1,0,osm_nodes,31,0.015612,0.3235,
2521,dc,1,1,osm_nodes,36,0.013494,0.1624,
2522,dc,1,0,osm_nodes,27,0.010675,0.301,
2523,dc,1,0,osm_nodes,23,0.011008,0.2331,
2524,dc,1,0,osm_nodes,67,0.013981,0.2511,
2525,dc,1,0,osm_nodes,71,0.022407,0.1057,
2526,dc,1,0,osm_nodes,71,0.01411,0.1734,
2527,dc,1,0,osm_nodes,34,0.011755,0.1394,
2528,dc,1,0,osm_nodes,69,0.019949,0.0065,
2529,dc,1,0,osm_nodes,28,0.010077,0.1681,
2530,dc,1,0,osm_nodes,34,0.010667,0.1381,
2531,dc,1,0,osm_nodes,63,0.019127,0.0347,
2532,dc,1,0,osm_nodes,32,0.009555,0.1199,
2533,dc,1,0,osm_nodes,65,0.012917,0.1176,
2534,dc,1,0,osm_nodes,59,0.017183,0.0005,
2535,dc,1,0,osm_nodes,26,0.006818,0.1797,
2536,dc,1,0,osm_nodes,34,0.008641,0.1482,
2537,dc,1,0,osm_nodes,54,0.01592,0.028,
2538,dc,1,0,osm_nodes,58,0.016377,0.0235,
2539,dc,1,0,osm_nodes,61,0.012231,0.1157,
2540,dc,1,0,osm_nodes,54,0.011118,0.1916,
2541,dc,1,0,osm_nodes,60,0.013199,0.034,
2542,dc,1,0,osm_nodes,55,0.012632,0.0455,
2543,dc,1,1,osm_nodes,26,0.01491,0.1706,
2544,dc,1,1,osm_nodes,19,0.012781,0.1507,
2545,dc,1,0,osm_nodes,51,0.01592,0.1998,
2546,dc,1,1,osm_nodes,65,0.015038,0.0743,
2547,dc,1,1,osm_nodes,54,0.018917,0.1387,
2548,dc,1,1,osm_nodes,5,0.007564,0.5777,
2549,dc,1,1,osm_nodes,4,0.007332,0.5519,
2550,dc,1,1,osm_nodes,64,0.01436,0.0791,
2551,dc,1,1,osm_nodes,64,0.014316,0.0706,
2552,dc,1,1,osm_nodes,57,0.021698,0.1156,
2553,dc,1,0,osm_nodes,34,0.020896,0.2831,
2554,dc,1,0,osm_nodes,25,0.013417,0.3203,
2555,dc,1,0,osm_nodes,37,0.022568,0.2679,
2556,dc,1,1,osm_nodes,29,0.016513,0.1514,
2557,dc,1,1,osm_nodes,30,0.020782,0.1182,
2558,dc,1,1,osm_nodes,53,0.020858,0.1702,
2559,dc,1,1,osm_nodes,41,0.025238,0.2113,
2560,dc,1,1,osm_nodes,60,0.01313,0.1657,
2561,dc,1,1,osm_nodes,54,0.012686,0.1425,
2562,dc,1,1,osm_nodes,53,0.013187,0.1469,
2563,dc,1,0,osm_nodes,21,0.007405,0.1378,
2564,dc,1,0,osm_nodes,62,0.017177,0.15,
2565,dc,1,1,osm_nodes,66,0.017686,0.1671,
2566,dc,1,0,osm_nodes,38,0.027824,0.2077,
2567,dc,1,0,osm_nodes,39,0.030621,0.1486,
2568,dc,1,0,osm_nodes,43,0.031341,0.1314,
2569,dc,1,0,osm_nodes,29,0.024182,0.1298,
2570,dc,1,0,osm_nodes,29,0.023679,0.1258,
2571,dc,1,1,osm_nodes,26,0.02398,0.1577,
2572,dc,1,1,osm_nodes,57,0.023628,0.1861,
2573,dc,1,1,osm_nodes,22,0.023445,0.1771,
2574,dc,1,1,osm_nodes,57,0.023552,0.1792,
2575,dc,1,1,osm_nodes,34,0.019344,0.1711,
2576,dc,1,1,osm_nodes,51,0.030065,0.219,
2577,dc,1,1,osm_nodes,30,0.022864,0.1084,
2578,dc,1,0,osm_nodes,56,0.028442,0.1523,
2579,dc,1,0,osm_nodes,25,0.016832,0.116,
2580,dc,1,1,osm_nodes,26,0.018475,0.1435,
2581,dc,1,1,osm_nodes,17,0.020832,0.1021,
2582,dc,1,1,osm_nodes,54,0.027328,0.0871,
2583,dc,1,1,osm_nodes,47,0.024659,0.1173,
2584,dc,0,0,osm_nodes,8,0.000873,0.0817,
2585,dc,0,0,osm_nodes,14,0.00104,0.1586,
2586,dc,1,0,osm_nodes,10,0.007043,0.3918,
2587,dc,1,0,osm_nodes,53,0.004913,0.1624,
2588,dc,1,0,osm_nodes,60,0.007586,0.2471,
2589,dc,1,0,osm_nodes,61,0.007146,0.2,
2590,dc,1,1,osm_nodes,67,0.014345,0.1137,
2591,dc,1,0,osm_nodes,65,0.008893,0.2678,
2592,dc,1,0,osm_nodes,65,0.009248,0.2963,
2593,dc,1,1,osm_nodes,64,0.014388,0.0828,
2594,dc,1,1,osm_nodes,63,0.01426,0.0819,
2595,dc,1,0,osm_nodes,79,0.014843,0.0879,
2596,dc,0,0,osm_nodes,76,0.016997,0.1129,
2597,dc,1,0,osm_nodes,15,0.01381,0.1029,
2598,dc,1,0,osm_nodes,61,0.017172,0.1422,
2599,dc,1,0,osm_nodes,21,0.012934,0.147,
2600,dc,1,1,osm_nodes,37,0.018784,0.1433,
2601,dc,1,1,osm_nodes,38,0.019412,0.1447,
2602,dc,1,1,osm_nodes,38,0.019377,0.1272,
2603,dc,1,0,osm_nodes,59,0.019319,0.1278,
2604,dc,1,0,osm_nodes,41,0.006949,0.0753,
2605,dc,1,1,osm_nodes,40,0.020584,0.1169,
2606,dc,1,0,osm_nodes,39,0.018625,0.1264,
2607,dc,1,0,osm_nodes,82,0.025682,0.3286,
2608,dc,1,1,osm_nodes,86,0.014797,0.0524,
2609,dc,1,1,osm_nodes,91,0.026911,0.2477,
2610,dc,1,0,osm_nodes,40,0.024181,0.0673,
2611,dc,1,0,osm_nodes,90,0.018238,0.1157,
2612,dc,1,1,osm_nodes,52,0.02274,0.1308,
2613,dc,1,0,osm_nodes,90,0.018751,0.1005,
2614,dc,1,1,osm_nodes,37,0.026271,0.0877,
2615,dc,1,1,osm_nodes,56,0.023259,0.1279,
2616,dc,1,1,osm_nodes,88,0.022417,0.1493,
2617,dc,1,0,osm_nodes,50,0.012598,0.0832,
2618,dc,1,1,osm_nodes,38,0.011143,0.0471,
2619,dc,1,0,osm_nodes,71,0.030626,0.1141,
2620,dc,1,0,osm_nodes,57,0.024346,0.1288,
2621,dc,1,1,osm_nodes,116,0.029487,0.1433,
2622,dc,1,0,osm_nodes,112,0.029283,0.1687,
2623,dc,1,0,osm_nodes,107,0.029003,0.1708,
2624,dc,1,0,osm_nodes,28,0.021029,0.0948,
2625,dc,1,0,osm_nodes,64,0.024922,0.1054,
2626,dc,1,0,osm_nodes,28,0.020356,0.0883,
2627,dc,1,0,osm_nodes,27,0.019384,0.0862,
2628,dc,1,1,osm_nodes,24,0.018995,0.05,
2629,dc,1,1,osm_nodes,112,0.029092,0.1926,
2630,dc,1,1,osm_nodes,69,0.017536,0.0351,
2631,dc,0,0,osm_nodes,28,0.002268,0.1389,
2632,dc,1,0,osm_nodes,37,0.006484,0.2294,
2633,dc,1,0,osm_nodes,35,0.006772,0.1856,
2634,dc,0,0,osm_nodes,42,0.007217,0.0632,
2635,dc,1,0,osm_nodes,25,0.003915,0.1356,
2636,dc,1,0,osm_nodes,27,0.004323,0.1483,
2637,dc,0,0,osm_nodes,11,0.0,0.1512,
2638,dc,0,0,osm_nodes,27,0.003121,0.0836,
2639,dc,0,0,osm_nodes,17,0.000287,0.1357,
2640,dc,0,0,osm_nodes,19,0.0,0.1445,
2641,dc,0,0,osm_nodes,18,0.000244,0.142,
2642,dc,0,0,osm_nodes,4,0.0,0.0579,
2643,dc,0,0,osm_nodes,28,0.0,0.1349,
2644,dc,0,0,osm_nodes,27,0.0,0.1227,
2645,dc,0,0,osm_nodes,27,0.0,0.108,
2646,dc,0,0,osm_nodes,26,0.0,0.0614,
2647,dc,0,0,osm_nodes,5,0.0,0.0158,
2648,dc,1,0,osm_nodes,121,0.036054,0.4037,
2649,dc,1,1,osm_nodes,112,0.03562,0.3047,
2650,dc,1,1,osm_nodes,116,0.036249,0.3332,
2651,dc,1,0,osm_nodes,113,0.033837,0.3113,
2652,dc,1,1,osm_nodes,170,0.034637,0.2655,
2653,dc,1,0,osm_nodes,48,0.016275,0.0259,
2654,dc,1,1,osm_nodes,70,0.016109,0.1689,
2655,dc,1,0,osm_nodes,57,0.018357,0.0446,
2656,dc,1,0,osm_nodes,63,0.019357,0.0401,
2657,dc,1,0,osm_nodes,59,0.013339,0.2391,
2658,dc,1,0,osm_nodes,61,0.012879,0.2137,
2659,dc,1,1,osm_nodes,83,0.024118,0.1442,
2660,dc,1,1,osm_nodes,83,0.025208,0.1846,
2661,dc,1,0,osm_nodes,26,0.015285,0.2451,
2662,dc,1,1,osm_nodes,104,0.023044,0.1753,
2663,dc,1,1,osm_nodes,104,0.02291,0.192,
2664,dc,1,1,osm_nodes,60,0.021541,0.1494,
2665,dc,1,1,osm_nodes,60,0.021213,0.1342,
2666,dc,1,0,osm_nodes,53,0.017003,0.2414,
2667,dc,1,0,osm_nodes,62,0.016817,0.2138,
2668,dc,1,0,osm_nodes,182,0.035316,0.1673,
2669,dc,1,1,osm_nodes,84,0.025424,0.0964,
2670,dc,1,0,osm_nodes,93,0.027692,0.3264,
2671,dc,1,0,osm_nodes,98,0.028329,0.3329,
2672,dc,1,0,osm_nodes,116,0.030335,0.5134,
2673,dc,1,0,osm_nodes,162,0.034775,0.3133,
2674,dc,1,1,osm_nodes,55,0.019518,0.3634,
2675,dc,1,1,osm_nodes,160,0.034709,0.3996,
2676,dc,1,0,osm_nodes,88,0.032261,0.4868,
2677,dc,1,1,osm_nodes,167,0.035724,0.4477,
2678,dc,1,0,osm_nodes,90,0.030197,0.5025,
2679,dc,1,0,osm_nodes,167,0.035337,0.5843,
2680,dc,1,0,osm_nodes,83,0.02333,0.2864,
2681,dc,1,0,osm_nodes,103,0.020633,0.402,
2682,dc,1,0,osm_nodes,75,0.02319,0.2588,
2683,dc,1,0,osm_nodes,107,0.021123,0.4198,
2684,dc,1,0,osm_nodes,104,0.020111,0.4059,
2685,dc,1,0,osm_nodes,103,0.019304,0.3849,
2686,dc,1,0,osm_nodes,98,0.032384,0.3515,
2687,dc,1,0,osm_nodes,109,0.020613,0.5489,
2688,dc,1,0,osm_nodes,106,0.020027,0.5363,
2689,dc,1,0,osm_nodes,97,0.016756,0.4123,
2690,dc,1,0,osm_nodes,106,0.018599,0.5793,
2691,dc,1,0,osm_nodes,113,0.019297,0.5689,
2692,dc,1,0,osm_nodes,104,0.032776,0.3136,
2693,dc,1,0,osm_nodes,96,0.032034,0.2429,
2694,dc,1,1,osm_nodes,87,0.024848,0.0855,
2695,dc,1,1,osm_nodes,86,0.024817,0.1125,
2696,dc,1,0,osm_nodes,90,0.034539,0.1436,
2697,dc,1,0,osm_nodes,92,0.034702,0.1047,
2698,dc,1,0,osm_nodes,86,0.025756,0.1075,
2699,dc,1,0,osm_nodes,81,0.032096,0.0116,
2700,dc,1,0,osm_nodes,95,0.028077,0.1747,
2701,dc,1,0,osm_nodes,52,0.022237,0.1808,
2702,dc,1,0,osm_nodes,50,0.019584,0.2408,
2703,dc,1,0,osm_nodes,81,0.025544,0.2573,
2704,dc,1,0,osm_nodes,79,0.029251,0.1987,
2705,dc,1,0,osm_nodes,66,0.021372,0.2651,
2706,dc,1,0,osm_nodes,22,0.006852,0.1907,
2707,dc,1,0,osm_nodes,43,0.015253,0.3048,
2708,dc,1,0,osm_nodes,22,0.007286,0.1505,
2709,dc,1,0,osm_nodes,63,0.022792,0.1841,
2710,dc,1,0,osm_nodes,41,0.014382,0.2871,
2711,dc,1,0,osm_nodes,42,0.022525,0.355,
2712,dc,1,0,osm_nodes,42,0.023988,0.4735,
2713,dc,1,0,osm_nodes,47,0.023876,0.2884,
2714,dc,1,0,osm_nodes,38,0.021172,0.1927,
2715,dc,1,1,osm_nodes,30,0.021481,0.1594,
2716,dc,1,1,osm_nodes,28,0.021212,0.1484,
2717,dc,1,0,osm_nodes,50,0.027928,0.4704,
2718,dc,1,0,osm_nodes,48,0.027631,0.4317,
2719,dc,1,0,osm_nodes,41,0.02814,0.1377,
2720,dc,1,0,osm_nodes,53,0.02288,0.5031,
2721,dc,1,0,osm_nodes,47,0.02178,0.512,
2722,dc,1,0,osm_nodes,43,0.020256,0.5013,
2723,dc,1,0,osm_nodes,42,0.026683,0.4118,
2724,dc,1,0,osm_nodes,46,0.028353,0.4281,
2725,dc,1,0,osm_nodes,32,0.020961,0.2698,
2726,dc,1,0,osm_nodes,42,0.019536,0.4494,
2727,dc,1,0,osm_nodes,51,0.033073,0.3456,
2728,dc,1,1,osm_nodes,46,0.029947,0.3691,
2729,dc,1,0,osm_nodes,40,0.02939,0.3972,
2730,dc,1,1,osm_nodes,39,0.026393,0.296,
2731,dc,1,1,osm_nodes,41,0.026423,0.3162,
2732,dc,1,1,osm_nodes,49,0.030994,0.4203,
2733,dc,1,0,osm_nodes,165,0.041921,0.3951,
2734,dc,1,0,osm_nodes,162,0.042102,0.3689,
2735,dc,1,0,osm_nodes,89,0.035802,0.2625,
2736,dc,1,1,osm_nodes,59,0.032586,0.3542,
2737,dc,1,1,osm_nodes,53,0.033906,0.3986,
2738,dc,1,1,osm_nodes,32,0.028953,0.3835,
2739,dc,1,1,osm_nodes,38,0.029415,0.3644,
2740,dc,1,1,osm_nodes,27,0.019766,0.3711,
2741,dc,1,0,osm_nodes,40,0.028448,0.3673,
2742,dc,1,1,osm_nodes,55,0.034333,0.395,
2743,dc,1,1,osm_nodes,30,0.025109,0.309,
2744,dc,1,1,osm_nodes,35,0.027773,0.3307,
2745,dc,1,0,osm_nodes,42,0.022742,0.4437,
2746,dc,1,0,osm_nodes,41,0.023864,0.4248,
2747,dc,1,1,osm_nodes,35,0.028461,0.3624,
2748,dc,1,0,osm_nodes,38,0.025532,0.4451,
2749,dc,1,1,osm_nodes,160,0.043689,0.2203,
2750,dc,1,1,osm_nodes,156,0.043307,0.2011,
2751,dc,1,1,osm_nodes,28,0.028103,0.3555,
2752,dc,1,0,osm_nodes,28,0.025059,0.3153,
2753,dc,1,0,osm_nodes,43,0.02396,0.4502,
2754,dc,1,0,osm_nodes,64,0.032002,0.0096,
2755,dc,1,0,osm_nodes,49,0.028557,0.0031,
2756,dc,1,0,osm_nodes,41,0.027754,0.004,
2757,dc,1,1,osm_nodes,58,0.031372,0.0005,
2758,dc,1,1,osm_nodes,31,0.02053,0.0274,
2759,dc,1,0,osm_nodes,66,0.03635,0.1278,
2760,dc,1,1,osm_nodes,67,0.034821,0.1149,
2761,dc,1,0,osm_nodes,63,0.033744,0.219,
2762,dc,1,0,osm_nodes,56,0.031658,0.1697,
2763,dc,1,1,osm_nodes,42,0.02599,0.324,
2764,dc,1,0,osm_nodes,47,0.03037,0.1099,
2765,dc,1,0,osm_nodes,49,0.029218,0.1883,
2766,dc,1,0,osm_nodes,63,0.034184,0.0601,
2767,dc,1,0,osm_nodes,41,0.0188,0.1322,
2768,dc,1,0,osm_nodes,30,0.019617,0.0883,
2769,dc,1,1,osm_nodes,45,0.020205,0.1286,
2770,dc,1,0,osm_nodes,52,0.024615,0.2937,
2771,dc,1,0,osm_nodes,43,0.021688,0.1715,
2772,dc,1,0,osm_nodes,31,0.014492,0.0623,
2773,dc,1,0,osm_nodes,76,0.029931,0.3661,
2774,dc,1,0,osm_nodes,56,0.024466,0.3729,
2775,dc,1,0,osm_nodes,35,0.024489,0.4814,
2776,dc,1,0,osm_nodes,37,0.015268,0.0633,
2777,dc,1,1,osm_nodes,48,0.025146,0.3948,
2778,dc,1,0,osm_nodes,71,0.028638,0.3293,
2779,dc,1,0,osm_nodes,34,0.023951,0.5109,
2780,dc,1,0,osm_nodes,37,0.016472,0.2008,
2781,dc,1,0,osm_nodes,78,0.030348,0.4316,
2782,dc,1,0,osm_nodes,49,0.02105,0.494,
2783,dc,1,1,osm_nodes,25,0.028835,0.4554,
2784,dc,1,0,osm_nodes,46,0.018884,0.0954,
2785,dc,1,0,osm_nodes,42,0.020642,0.3919,
2786,dc,1,0,osm_nodes,47,0.018237,0.2605,
2787,dc,1,0,osm_nodes,45,0.022376,0.3736,
2788,dc,1,0,osm_nodes,50,0.019841,0.2162,
2789,dc,1,0,osm_nodes,70,0.031854,0.4157,
2790,dc,1,0,osm_nodes,70,0.032864,0.3047,
2791,dc,1,0,osm_nodes,50,0.023361,0.2629,
2792,dc,1,0,osm_nodes,60,0.022534,0.1062,
2793,dc,1,0,osm_nodes,81,0.034106,0.3739,
2794,dc,1,0,osm_nodes,73,0.033514,0.3995,
2795,dc,1,0,osm_nodes,65,0.024033,0.0728,
2796,dc,1,0,osm_nodes,66,0.024591,0.1012,
2797,dc,1,0,osm_nodes,75,0.033039,0.3843,
2798,dc,1,0,osm_nodes,61,0.025723,0.1437,
2799,dc,1,0,osm_nodes,57,0.038237,0.0021,
2800,dc,1,0,osm_nodes,57,0.025033,0.1388,
2801,dc,1,0,osm_nodes,58,0.026298,0.2068,
2802,dc,1,0,osm_nodes,62,0.034354,0.1537,
2803,dc,1,0,osm_nodes,56,0.02696,0.2278,
2804,dc,1,0,osm_nodes,51,0.030268,0.3005,
2805,dc,1,0,osm_nodes,70,0.031444,0.46,
2806,dc,1,0,osm_nodes,72,0.03233,0.4152,
2807,dc,1,0,osm_nodes,26,0.02305,0.4895,
2808,dc,1,0,osm_nodes,66,0.03417,0.249,
2809,dc,1,0,osm_nodes,56,0.02722,0.2964,
2810,dc,1,0,osm_nodes,53,0.029328,0.2646,
2811,dc,1,0,osm_nodes,55,0.025651,0.404,
2812,dc,1,0,osm_nodes,70,0.030993,0.3927,
2813,dc,1,0,osm_nodes,50,0.032113,0.3408,
2814,dc,1,0,osm_nodes,54,0.02661,0.4658,
2815,dc,1,0,osm_nodes,15,0.011294,0.1946,
2816,dc,1,0,osm_nodes,52,0.029328,0.3922,
2817,dc,1,0,osm_nodes,62,0.034341,0.3833,
2818,dc,1,0,osm_nodes,50,0.027196,0.3705,
2819,dc,1,0,osm_nodes,45,0.027933,0.3845,
2820,dc,1,0,osm_nodes,65,0.028969,0.3676,
2821,dc,0,0,osm_nodes,28,0.01282,0.0353,
2822,dc,0,0,osm_nodes,57,0.022201,0.4122,
2823,dc,1,0,osm_nodes,53,0.02818,0.135,
2824,dc,1,0,osm_nodes,78,0.033406,0.1962,
2825,dc,1,0,osm_nodes,75,0.035373,0.1558,
2826,dc,1,0,osm_nodes,73,0.031649,0.1705,
2827,dc,1,0,osm_nodes,66,0.03251,0.2443,
2828,dc,1,0,osm_nodes,51,0.022787,0.3909,
2829,dc,1,0,osm_nodes,42,0.017469,0.4032,
2830,dc,1,0,osm_nodes,47,0.025159,0.3027,
2831,dc,1,0,osm_nodes,45,0.023925,0.3168,
2832,dc,1,0,osm_nodes,46,0.023248,0.3043,
2833,dc,1,0,osm_nodes,51,0.024813,0.3111,
2834,dc,1,0,osm_nodes,35,0.015748,0.3782,
2835,dc,1,0,osm_nodes,40,0.020019,0.5513,
2836,dc,1,0,osm_nodes,38,0.02267,0.1884,
2837,dc,1,0,osm_nodes,37,0.024357,0.1971,
2838,dc,1,1,osm_nodes,48,0.024984,0.5692,
2839,dc,1,1,osm_nodes,47,0.026446,0.5205,
2840,dc,1,0,osm_nodes,34,0.021445,0.5346,
2841,dc,1,0,osm_nodes,29,0.018561,0.5276,
2842,dc,1,0,osm_nodes,35,0.02041,0.5522,
2843,dc,1,0,osm_nodes,44,0.023601,0.3325,
2844,dc,1,1,osm_nodes,44,0.025025,0.4822,
2845,dc,1,0,osm_nodes,65,0.027915,0.4232,
2846,dc,1,0,osm_nodes,55,0.027977,0.4734,
2847,dc,1,1,osm_nodes,35,0.030792,0.3247,
2848,dc,1,0,osm_nodes,22,0.015947,0.5277,
2849,dc,1,0,osm_nodes,70,0.025168,0.2515,
2850,dc,1,1,osm_nodes,53,0.026025,0.3217,
2851,dc,1,1,osm_nodes,52,0.0252,0.3505,
2852,dc,1,0,osm_nodes,80,0.028539,0.1784,
2853,dc,1,0,osm_nodes,55,0.026077,0.3825,
2854,dc,1,0,osm_nodes,52,0.027007,0.4523,
2855,dc,1,0,osm_nodes,82,0.030008,0.184,
2856,dc,1,0,osm_nodes,83,0.03164,0.2133,
2857,dc,1,0,osm_nodes,82,0.03145,0.2593,
2858,dc,1,0,osm_nodes,35,0.025732,0.2136,
2859,dc,1,0,osm_nodes,36,0.026306,0.2456,
2860,dc,1,0,osm_nodes,50,0.028341,0.2824,
2861,dc,1,0,osm_nodes,50,0.028658,0.2922,
2862,dc,1,0,osm_nodes,60,0.029546,0.0016,
2863,dc,1,0,osm_nodes,87,0.030336,0.0896,
2864,dc,1,0,osm_nodes,80,0.029085,0.3022,
2865,dc,1,0,osm_nodes,50,0.027374,0.0448,
2866,dc,1,0,osm_nodes,39,0.025919,0.0443,
2867,dc,1,0,osm_nodes,45,0.025076,0.1176,
2868,dc,1,1,osm_nodes,55,0.026963,0.0543,
2869,dc,1,0,osm_nodes,43,0.028975,0.0722,
2870,dc,1,0,osm_nodes,85,0.028935,0.0981,
2871,dc,1,0,osm_nodes,47,0.025962,0.1471,
2872,dc,1,0,osm_nodes,30,0.021469,0.0662,
2873,dc,1,0,osm_nodes,54,0.028558,0.1476,
2874,dc,1,0,osm_nodes,92,0.031011,0.0724,
2875,dc,1,0,osm_nodes,61,0.030509,0.3424,
2876,dc,1,0,osm_nodes,13,0.015043,0.4519,
2877,dc,1,0,osm_nodes,60,0.03208,0.4864,
2878,dc,1,0,osm_nodes,52,0.021231,0.4528,
2879,dc,1,0,osm_nodes,45,0.024003,0.2005,
2880,dc,1,1,osm_nodes,62,0.03276,0.5748,
2881,dc,1,0,osm_nodes,47,0.029452,0.3396,
2882,dc,1,1,osm_nodes,58,0.031141,0.5768,
2883,dc,1,0,osm_nodes,27,0.020637,0.3157,
2884,dc,1,0,osm_nodes,63,0.031324,0.5626,
2885,dc,1,1,osm_nodes,56,0.030873,0.5812,
2886,dc,1,0,osm_nodes,38,0.025008,0.5223,
2887,dc,1,0,osm_nodes,69,0.028685,0.4128,
2888,dc,1,0,osm_nodes,59,0.03286,0.1596,
2889,dc,1,0,osm_nodes,245,0.036689,0.206,
2890,dc,1,0,osm_nodes,254,0.039515,0.1645,
2891,dc,1,0,osm_nodes,66,0.035226,0.0522,
2892,dc,1,0,osm_nodes,277,0.044662,0.1692,
2893,dc,1,0,osm_nodes,253,0.038986,0.1711,
2894,dc,1,0,osm_nodes,254,0.039763,0.1801,
2895,dc,1,0,osm_nodes,276,0.044833,0.1723,
2896,dc,1,0,osm_nodes,253,0.039624,0.1961,
2897,dc,1,0,osm_nodes,255,0.040447,0.215,
2898,dc,1,0,osm_nodes,245,0.037486,0.2983,
2899,dc,1,0,osm_nodes,257,0.041433,0.2542,
2900,dc,1,0,osm_nodes,28,0.025769,0.5952,
2901,dc,1,0,osm_nodes,244,0.037513,0.3269,
2902,dc,1,0,osm_nodes,272,0.045952,0.2442,
2903,dc,1,0,osm_nodes,40,0.022777,0.485,
2904,dc,1,0,osm_nodes,246,0.038895,0.4195,
2905,dc,1,0,osm_nodes,38,0.028177,0.5267,
2906,dc,1,0,osm_nodes,36,0.02389,0.5064,
2907,dc,1,0,osm_nodes,76,0.031154,0.3881,
2908,dc,1,0,osm_nodes,46,0.027498,0.5036,
2909,dc,1,0,osm_nodes,37,0.024271,0.5056,
2910,dc,1,0,osm_nodes,47,0.02765,0.4347,
2911,dc,1,0,osm_nodes,71,0.029961,0.3891,
2912,dc,1,0,osm_nodes,37,0.023495,0.4803,
2913,dc,1,1,osm_nodes,67,0.032872,0.2571,
2914,dc,1,0,osm_nodes,26,0.023287,0.5142,
2915,dc,1,0,osm_nodes,40,0.027522,0.5633,
2916,dc,1,0,osm_nodes,23,0.020824,0.5133,
2917,dc,1,0,osm_nodes,60,0.029877,0.1716,
2918,dc,1,1,osm_nodes,48,0.027978,0.5036,
2919,dc,1,1,osm_nodes,47,0.027857,0.4919,
2920,dc,1,0,osm_nodes,23,0.0224,0.5175,
2921,dc,1,0,osm_nodes,62,0.028882,0.3725,
2922,dc,1,0,osm_nodes,40,0.025012,0.4804,
2923,dc,1,0,osm_nodes,43,0.022353,0.5379,
2924,dc,1,1,osm_nodes,46,0.027707,0.5394,
2925,dc,1,0,osm_nodes,64,0.030945,0.3797,
2926,dc,1,1,osm_nodes,26,0.022608,0.331,
2927,dc,1,0,osm_nodes,42,0.029895,0.0693,
2928,dc,1,0,osm_nodes,45,0.029825,0.1677,
2929,dc,1,0,osm_nodes,30,0.023381,0.4181,
2930,dc,1,0,osm_nodes,42,0.023332,0.4262,
2931,dc,1,1,osm_nodes,49,0.029951,0.49,
2932,dc,1,0,osm_nodes,42,0.025117,0.3776,
2933,dc,1,0,osm_nodes,62,0.03345,0.0442,
2934,dc,1,0,osm_nodes,37,0.024435,0.5428,
2935,dc,1,0,osm_nodes,40,0.024693,0.5342,
2936,dc,1,0,osm_nodes,44,0.025618,0.3192,
2937,dc,1,0,osm_nodes,50,0.025817,0.3967,
2938,dc,1,0,osm_nodes,44,0.025015,0.2679,
2939,dc,1,0,osm_nodes,42,0.028284,0.462,
2940,dc,1,0,osm_nodes,43,0.028843,0.4777,
2941,dc,1,1,osm_nodes,39,0.024816,0.5341,
2942,dc,1,1,osm_nodes,55,0.034386,0.2288,
2943,dc,1,0,osm_nodes,86,0.035741,0.3091,
2944,dc,1,0,osm_nodes,85,0.034681,0.2035,
2945,dc,1,0,osm_nodes,55,0.029277,0.1501,
2946,dc,1,0,osm_nodes,55,0.028946,0.2283,
2947,dc,1,1,osm_nodes,99,0.034265,0.1932,
2948,dc,1,0,osm_nodes,87,0.033675,0.1846,
2949,dc,1,0,osm_nodes,51,0.027837,0.2021,
2950,dc,1,0,osm_nodes,51,0.028267,0.2861,
2951,dc,1,0,osm_nodes,59,0.029243,0.4126,
2952,dc,1,0,osm_nodes,59,0.029711,0.5234,
2953,dc,1,1,osm_nodes,53,0.02033,0.1438,
2954,dc,1,1,osm_nodes,72,0.03383,0.2537,
2955,dc,1,0,osm_nodes,57,0.028189,0.2615,
2956,dc,1,0,osm_nodes,61,0.029519,0.2862,
2957,dc,1,0,osm_nodes,69,0.031306,0.2462,
2958,dc,1,0,osm_nodes,28,0.01729,0.5716,
2959,dc,1,0,osm_nodes,39,0.023404,0.418,
2960,dc,1,0,osm_nodes,35,0.022269,0.2123,
2961,dc,1,0,osm_nodes,33,0.023753,0.3504,
2962,dc,1,0,osm_nodes,35,0.023387,0.3434,
2963,dc,1,0,osm_nodes,67,0.024804,0.2858,
2964,dc,1,0,osm_nodes,35,0.014461,0.4912,
2965,dc,1,0,osm_nodes,43,0.017152,0.3637,
2966,dc,1,0,osm_nodes,54,0.025053,0.3837,
2967,dc,1,1,osm_nodes,48,0.027973,0.1859,
2968,dc,1,0,osm_nodes,49,0.022929,0.3512,
2969,dc,1,1,osm_nodes,45,0.018253,0.383,
2970,dc,1,0,osm_nodes,42,0.023039,0.331,
2971,dc,1,0,osm_nodes,60,0.026311,0.1665,
2972,dc,1,1,osm_nodes,53,0.031072,0.2476,
2973,dc,1,0,osm_nodes,46,0.028043,0.3207,
2974,dc,1,0,osm_nodes,51,0.028571,0.3545,
2975,dc,1,0,osm_nodes,45,0.021872,0.4088,
2976,dc,1,1,osm_nodes,50,0.021723,0.2681,
2977,dc,1,0,osm_nodes,38,0.023595,0.1669,
2978,dc,1,0,osm_nodes,34,0.023684,0.2154,
2979,dc,1,0,osm_nodes,61,0.032169,0.2411,
2980,dc,1,1,osm_nodes,62,0.024792,0.4298,
2981,dc,1,0,osm_nodes,81,0.030976,0.2502,
2982,dc,1,0,osm_nodes,63,0.027593,0.2837,
2983,dc,1,0,osm_nodes,54,0.032287,0.2961,
2984,dc,1,1,osm_nodes,44,0.028068,0.3033,
2985,dc,1,0,osm_nodes,60,0.032124,0.2487,
2986,dc,1,0,osm_nodes,58,0.031798,0.2653,
2987,dc,1,1,osm_nodes,40,0.028062,0.3619,
2988,dc,1,1,osm_nodes,44,0.031023,0.1081,
2989,dc,1,0,osm_nodes,48,0.029163,0.0007,
2990,dc,1,1,osm_nodes,40,0.025951,0.24,
2991,dc,1,0,osm_nodes,68,0.031861,0.2125,
2992,dc,1,0,osm_nodes,74,0.033057,0.1786,
2993,dc,1,0,osm_nodes,45,0.025174,0.3297,
2994,dc,1,0,osm_nodes,34,0.026795,0.3732,
2995,dc,1,1,osm_nodes,62,0.031137,0.3552,
2996,dc,1,0,osm_nodes,37,0.026207,0.3392,
2997,dc,1,1,osm_nodes,54,0.030028,0.32,
2998,dc,1,1,osm_nodes,63,0.034462,0.1617,
2999,dc,1,0,osm_nodes,41,0.027646,0.3799,
3000,dc,1,0,osm_nodes,89,0.035901,0.2057,
3001,dc,1,0,osm_nodes,62,0.034569,0.0268,
3002,dc,1,0,osm_nodes,76,0.031721,0.3174,
3003,dc,1,0,osm_nodes,57,0.033832,0.2644,
3004,dc,1,1,osm_nodes,59,0.029219,0.5453,
3005,dc,1,1,osm_nodes,82,0.027619,0.1202,
3006,dc,1,1,osm_nodes,47,0.023976,0.3022,
3007,dc,1,1,osm_nodes,43,0.030941,0.2449,
3008,dc,0,0,osm_nodes,48,0.029704,0.2941,
3009,dc,1,1,osm_nodes,81,0.028042,0.1774,
3010,dc,1,0,osm_nodes,97,0.032041,0.0126,
3011,dc,1,0,osm_nodes,69,0.029785,0.3204,
3012,dc,1,0,osm_nodes,55,0.033033,0.2527,
3013,dc,0,0,osm_nodes,33,0.028312,0.3389,
3014,dc,1,0,osm_nodes,51,0.031745,0.2867,
3015,dc,1,1,osm_nodes,60,0.026886,0.2912,
3016,dc,1,0,osm_nodes,57,0.029374,0.3794,
3017,dc,1,0,osm_nodes,104,0.043874,0.0023,
3018,dc,1,1,osm_nodes,52,0.033115,0.316,
3019,dc,1,0,osm_nodes,53,0.031102,0.2661,
3020,dc,1,0,osm_nodes,99,0.042876,0.0041,
3021,dc,1,0,osm_nodes,114,0.04496,0.022,
3022,dc,1,1,osm_nodes,133,0.048162,0.1826,
3023,dc,1,1,osm_nodes,94,0.038094,0.2219,
3024,dc,1,0,osm_nodes,70,0.030678,0.2565,
3025,dc,1,1,osm_nodes,37,0.030049,0.3268,
3026,dc,1,0,osm_nodes,76,0.03165,0.2587,
3027,dc,1,0,osm_nodes,79,0.032373,0.3366,
3028,dc,1,0,osm_nodes,40,0.028444,0.2597,
3029,dc,1,0,osm_nodes,62,0.028784,0.4243,
3030,dc,1,1,osm_nodes,82,0.028822,0.107,
3031,dc,1,0,osm_nodes,37,0.025848,0.2567,
3032,dc,1,0,osm_nodes,38,0.021723,0.3895,
3033,dc,1,0,osm_nodes,44,0.028511,0.3525,
3034,dc,1,1,osm_nodes,36,0.023876,0.3092,
3035,dc,1,0,osm_nodes,42,0.028172,0.285,
3036,dc,1,0,osm_nodes,93,0.033149,0.0687,
3037,dc,1,0,osm_nodes,30,0.023084,0.2597,
3038,dc,1,0,osm_nodes,92,0.033308,0.0775,
3039,dc,1,0,osm_nodes,77,0.034913,0.345,
3040,dc,1,1,osm_nodes,29,0.022663,0.6013,
3041,dc,1,0,osm_nodes,41,0.02176,0.4275,
3042,dc,1,0,osm_nodes,73,0.03178,0.1778,
3043,dc,1,0,osm_nodes,73,0.028652,0.1997,
3044,dc,1,1,osm_nodes,48,0.029306,0.2925,
3045,dc,1,1,osm_nodes,51,0.027802,0.3394,
3046,dc,1,0,osm_nodes,63,0.024954,0.3038,
3047,dc,1,0,osm_nodes,50,0.028764,0.2739,
3048,dc,1,0,osm_nodes,55,0.028126,0.2869,
3049,dc,1,0,osm_nodes,57,0.02985,0.2866,
3050,dc,1,0,osm_nodes,43,0.024907,0.2932,
3051,dc,1,0,osm_nodes,56,0.028155,0.2623,
3052,dc,1,0,osm_nodes,55,0.029194,0.3108,
3053,dc,1,0,osm_nodes,53,0.026142,0.3481,
3054,dc,1,1,osm_nodes,56,0.020173,0.3904,
3055,dc,1,1,osm_nodes,56,0.032274,0.244,
3056,dc,1,0,osm_nodes,56,0.028122,0.3039,
3057,dc,1,0,osm_nodes,59,0.024473,0.2304,
3058,dc,1,0,osm_nodes,38,0.018983,0.1744,
3059,dc,1,0,osm_nodes,68,0.032175,0.2456,
3060,dc,1,0,osm_nodes,72,0.023721,0.4234,
3061,dc,1,0,osm_nodes,33,0.019741,0.288,
3062,dc,1,1,osm_nodes,54,0.02455,0.2004,
3063,dc,1,0,osm_nodes,63,0.029863,0.1803,
3064,dc,1,0,osm_nodes,46,0.026663,0.2622,
3065,dc,1,0,osm_nodes,47,0.027155,0.3191,
3066,dc,1,0,osm_nodes,41,0.024957,0.3711,
3067,dc,1,0,osm_nodes,32,0.017944,0.3022,
3068,dc,1,0,osm_nodes,30,0.016436,0.4283,
3069,dc,1,1,osm_nodes,50,0.018566,0.2645,
3070,dc,1,0,osm_nodes,78,0.033715,0.1756,
3071,dc,1,0,osm_nodes,36,0.020549,0.222,
3072,dc,1,0,osm_nodes,63,0.030153,0.3678,
3073,dc,1,1,osm_nodes,64,0.028091,0.1249,
3074,dc,1,0,osm_nodes,30,0.021499,0.3712,
3075,dc,1,0,osm_nodes,35,0.021185,0.3028,
3076,dc,1,0,osm_nodes,22,0.019,0.3403,
3077,dc,1,0,osm_nodes,66,0.028837,0.2933,
3078,dc,1,0,osm_nodes,20,0.012724,0.4432,
3079,dc,1,0,osm_nodes,72,0.028227,0.2585,
3080,dc,1,1,osm_nodes,69,0.02749,0.0369,
3081,dc,1,1,osm_nodes,68,0.027404,0.0363,
3082,dc,1,0,osm_nodes,38,0.023013,0.4552,
3083,dc,1,0,osm_nodes,38,0.022143,0.4221,
3084,dc,1,1,osm_nodes,77,0.03051,0.326,
3085,dc,1,0,osm_nodes,65,0.026607,0.3066,
3087,dc,1,0,osm_nodes,42,0.023549,0.1716,
3088,dc,1,0,osm_nodes,39,0.022979,0.1784,
3089,dc,1,1,osm_nodes,58,0.025999,0.3137,
3090,dc,1,0,osm_nodes,35,0.025003,0.2926,
3091,dc,1,0,osm_nodes,36,0.023121,0.121,
3092,dc,1,1,osm_nodes,30,0.015796,0.5082,
3093,dc,0,0,osm_nodes,56,0.026284,0.4302,
3094,dc,1,0,osm_nodes,49,0.025318,0.1914,
3095,dc,1,0,osm_nodes,61,0.028411,0.4482,
3096,dc,1,0,osm_nodes,56,0.027397,0.1671,
3097,dc,1,0,osm_nodes,53,0.028364,0.1878,
3098,dc,1,1,osm_nodes,44,0.025797,0.2706,
3099,dc,1,1,osm_nodes,41,0.024787,0.2978,
3100,dc,1,1,osm_nodes,51,0.025568,0.2423,
3101,dc,1,1,osm_nodes,59,0.02642,0.3032,
3102,dc,1,1,osm_nodes,66,0.031949,0.2553,
3103,dc,1,1,osm_nodes,65,0.030215,0.249,
3104,dc,1,0,osm_nodes,33,0.015169,0.0993,
3105,dc,1,1,osm_nodes,52,0.022366,0.176,
3106,dc,1,1,osm_nodes,66,0.028845,0.2603,
3107,dc,1,1,osm_nodes,66,0.026766,0.2555,
3108,dc,1,1,osm_nodes,65,0.026743,0.2294,
3109,dc,1,1,osm_nodes,55,0.028712,0.2843,
3110,dc,1,1,osm_nodes,68,0.026918,0.2306,
3111,dc,1,0,osm_nodes,43,0.018581,0.2063,
3112,dc,1,1,osm_nodes,60,0.027844,0.2524,
3113,dc,1,1,osm_nodes,61,0.024817,0.2988,
3114,dc,1,1,osm_nodes,58,0.024003,0.2857,
3115,dc,1,0,osm_nodes,17,0.009714,0.0053,
3116,dc,1,1,osm_nodes,59,0.023235,0.3112,
3117,dc,1,0,osm_nodes,50,0.021196,0.2208,
3118,dc,1,1,osm_nodes,72,0.02849,0.3084,
3119,dc,1,1,osm_nodes,79,0.031119,0.2473,
3120,dc,1,0,osm_nodes,48,0.024557,0.3044,
3121,dc,1,0,osm_nodes,50,0.01838,0.1511,
3122,dc,1,0,osm_nodes,38,0.016877,0.1451,
3123,dc,1,0,osm_nodes,81,0.028529,0.2263,
3124,dc,1,1,osm_nodes,63,0.028749,0.2242,
3125,dc,1,1,osm_nodes,71,0.033685,0.3115,
3126,dc,1,0,osm_nodes,25,0.013825,0.1164,
3127,dc,1,0,osm_nodes,43,0.022643,0.2599,
3128,dc,1,0,osm_nodes,54,0.026209,0.3102,
3129,dc,1,1,osm_nodes,66,0.029152,0.3498,
3130,dc,1,1,osm_nodes,33,0.024873,0.3168,
3131,dc,1,1,osm_nodes,46,0.028877,0.3215,
3132,dc,1,1,osm_nodes,56,0.026161,0.2529,
3133,dc,1,0,osm_nodes,58,0.025158,0.2665,
3134,dc,0,1,osm_nodes,68,0.027363,0.3291,
3135,dc,1,1,osm_nodes,36,0.025612,0.2352,
3136,dc,1,1,osm_nodes,66,0.028131,0.3144,
3137,dc,1,1,osm_nodes,41,0.023469,0.2512,
3138,dc,1,1,osm_nodes,29,0.025501,0.2343,
3139,dc,1,0,osm_nodes,61,0.029923,0.1355,
3140,dc,1,0,osm_nodes,64,0.028128,0.2034,
3141,dc,1,0,osm_nodes,51,0.022825,0.2532,
3142,dc,1,0,osm_nodes,58,0.025077,0.2363,
3143,dc,1,0,osm_nodes,64,0.026265,0.2217,
3144,dc,1,1,osm_nodes,54,0.025565,0.2314,
3145,dc,1,1,osm_nodes,59,0.028216,0.2072,
3146,dc,1,0,osm_nodes,68,0.027216,0.2344,
3147,dc,1,0,osm_nodes,66,0.017427,0.1845,
3148,dc,1,0,osm_nodes,61,0.017656,0.252,
3149,dc,1,0,osm_nodes,69,0.017213,0.2298,
3150,dc,1,1,osm_nodes,74,0.0222,0.1867,
3151,dc,1,0,osm_nodes,64,0.030237,0.2465,
3152,dc,1,1,osm_nodes,29,0.025005,0.2353,
3153,dc,1,1,osm_nodes,85,0.031563,0.2078,
3154,dc,1,1,osm_nodes,43,0.024766,0.3393,
3155,dc,1,0,osm_nodes,71,0.022183,0.1895,
3156,dc,1,1,osm_nodes,75,0.02548,0.1065,
3157,dc,1,0,osm_nodes,68,0.02223,0.1649,
3158,dc,1,0,osm_nodes,70,0.023225,0.1167,
3159,dc,1,1,osm_nodes,63,0.025106,0.2373,
3160,dc,1,0,osm_nodes,74,0.029069,0.2043,
3161,dc,1,1,osm_nodes,64,0.023011,0.191,
3162,dc,1,0,osm_nodes,76,0.028255,0.3052,
3163,dc,1,0,osm_nodes,71,0.020817,0.1369,
3164,dc,1,1,osm_nodes,61,0.023904,0.2431,
3165,dc,1,1,osm_nodes,70,0.027502,0.2861,
3166,dc,1,0,osm_nodes,63,0.021726,0.1609,
3167,dc,1,0,osm_nodes,84,0.031133,0.2713,
3168,dc,1,0,osm_nodes,59,0.02492,0.0567,
3169,dc,1,0,osm_nodes,56,0.029457,0.3304,
3170,dc,1,1,osm_nodes,46,0.025721,0.2563,
3171,dc,1,0,osm_nodes,55,0.024066,0.1136,
3172,dc,1,0,osm_nodes,57,0.023628,0.1724,
3173,dc,1,0,osm_nodes,62,0.02501,0.324,
3174,dc,1,0,osm_nodes,23,0.01875,0.2597,
3175,dc,1,0,osm_nodes,51,0.027436,0.2211,
3176,dc,1,1,osm_nodes,59,0.026133,0.2545,
3177,dc,1,0,osm_nodes,27,0.02347,0.2482,
3178,dc,1,0,osm_nodes,64,0.035221,0.3203,
3179,dc,1,0,osm_nodes,29,0.020868,0.2576,
3180,dc,1,0,osm_nodes,42,0.027478,0.1983,
3181,dc,1,0,osm_nodes,63,0.027079,0.2575,
3182,dc,1,0,osm_nodes,31,0.022764,0.2099,
3183,dc,1,0,osm_nodes,44,0.027064,0.2787,
3184,dc,1,1,osm_nodes,53,0.025481,0.2586,
3185,dc,1,0,osm_nodes,60,0.026705,0.2731,
3186,dc,1,0,osm_nodes,55,0.02956,0.2643,
3187,dc,1,0,osm_nodes,47,0.02824,0.318,
3188,dc,1,0,osm_nodes,63,0.028803,0.2796,
3189,dc,1,0,osm_nodes,41,0.027041,0.3082,
3190,dc,1,1,osm_nodes,30,0.018208,0.1503,
3191,dc,1,1,osm_nodes,28,0.018038,0.1449,
3192,dc,1,0,osm_nodes,39,0.024405,0.2352,
3193,dc,1,0,osm_nodes,15,0.011061,0.0585,
3194,dc,1,0,osm_nodes,74,0.030378,0.2749,
3195,dc,1,0,osm_nodes,31,0.019526,0.2033,
3196,dc,1,0,osm_nodes,29,0.017822,0.2514,
3197,dc,1,1,osm_nodes,72,0.031998,0.3272,
3198,dc,1,1,osm_nodes,69,0.031556,0.3216,
3199,dc,1,1,osm_nodes,33,0.020805,0.1161,
3200,dc,1,0,osm_nodes,29,0.016748,0.2363,
3201,dc,1,1,osm_nodes,69,0.031778,0.3321,
3202,dc,1,0,osm_nodes,51,0.029204,0.2713,
3203,dc,1,0,osm_nodes,29,0.017297,0.1227,
3204,dc,1,1,osm_nodes,65,0.032277,0.315,
3205,dc,0,0,osm_nodes,63,0.032388,0.2386,
3206,dc,0,0,osm_nodes,57,0.007556,0.2376,
3207,dc,0,0,osm_nodes,16,0.0,0.1096,
3208,dc,0,0,osm_nodes,18,0.0,0.1898,
3209,dc,1,0,osm_nodes,55,0.007428,0.2159,
3210,dc,0,0,osm_nodes,18,0.000182,0.2561,
3211,dc,0,0,osm_nodes,26,0.0,0.2633,
3212,dc,0,0,osm_nodes,50,0.006662,0.2951,
3213,dc,0,0,osm_nodes,14,0.000421,0.1264,
3214,dc,1,0,osm_nodes,63,0.008004,0.1621,
3215,dc,0,0,osm_nodes,45,0.005021,0.1758,
3216,dc,1,0,osm_nodes,59,0.006712,0.2033,
3217,dc,0,0,osm_nodes,54,0.00597,0.3655,
3218,dc,0,0,osm_nodes,45,0.004593,0.3924,
3219,dc,0,0,osm_nodes,19,0.001579,0.1523,
3220,dc,0,0,osm_nodes,26,0.0,0.2537,
3221,dc,0,0,osm_nodes,15,0.002329,0.1927,
3222,dc,0,0,osm_nodes,59,0.007067,0.2432,
3223,dc,1,0,osm_nodes,18,0.00166,0.0936,
3224,dc,0,0,osm_nodes,28,0.0,0.2558,
3225,dc,1,0,osm_nodes,19,0.006644,0.2177,
3226,dc,0,0,osm_nodes,24,0.0,0.2513,
3227,dc,0,0,osm_nodes,21,0.001328,0.1193,
3228,dc,1,0,osm_nodes,47,0.011633,0.2394,
3229,dc,0,0,osm_nodes,6,0.004047,0.0041,
3230,dc,1,0,osm_nodes,24,0.008996,0.0943,
3231,dc,1,0,osm_nodes,27,0.006632,0.1744,
3232,dc,1,0,osm_nodes,23,0.008955,0.4101,
3233,dc,1,0,osm_nodes,32,0.005207,0.1351,
3234,dc,1,0,osm_nodes,31,0.003409,0.1144,
3235,dc,1,0,osm_nodes,27,0.005254,0.1031,
3236,dc,1,0,osm_nodes,21,0.00178,0.0411,
3237,dc,1,0,osm_nodes,21,0.002135,0.0666,
3238,dc,1,1,osm_nodes,37,0.016026,0.0549,
3239,dc,1,1,osm_nodes,37,0.016653,0.0711,
3240,dc,0,0,osm_nodes,22,0.002623,0.3277,
3241,dc,1,1,osm_nodes,15,0.003239,0.1264,
3242,dc,1,0,osm_nodes,26,0.011352,0.3514,
3243,dc,1,1,osm_nodes,76,0.019461,0.2453,
3244,dc,1,1,osm_nodes,64,0.019881,0.1908,
3245,dc,1,1,osm_nodes,75,0.019709,0.2016,
3246,dc,1,1,osm_nodes,75,0.019911,0.2004,
3247,dc,1,1,osm_nodes,75,0.01975,0.2124,
3248,dc,1,1,osm_nodes,58,0.020921,0.1772,
3249,dc,1,1,osm_nodes,76,0.019906,0.1883,
3250,dc,1,0,osm_nodes,77,0.010123,0.1073,
3251,dc,0,0,osm_nodes,14,0.0,0.2008,
3252,dc,1,1,osm_nodes,71,0.009683,0.1335,
3253,dc,0,1,osm_nodes,79,0.010227,0.1022,
3254,dc,1,1,osm_nodes,70,0.009653,0.1392,
3255,dc,1,1,osm_nodes,77,0.015388,0.1355,
3256,dc,1,1,osm_nodes,54,0.011912,0.159,
3257,dc,1,1,osm_nodes,55,0.012544,0.1509,
3258,dc,1,1,osm_nodes,55,0.012238,0.1597,
3259,dc,1,1,osm_nodes,76,0.016535,0.1295,
3260,dc,1,1,osm_nodes,70,0.014355,0.1305,
3261,dc,1,1,osm_nodes,71,0.014276,0.1313,
3262,dc,1,1,osm_nodes,52,0.008232,0.1569,
3263,dc,1,1,osm_nodes,46,0.008191,0.1463,
3264,dc,1,1,osm_nodes,55,0.012088,0.1569,
3265,dc,0,0,osm_nodes,33,0.003753,0.1854,
3266,dc,1,1,osm_nodes,56,0.014073,0.1375,
3267,dc,0,0,osm_nodes,18,0.001289,0.1878,
3268,dc,0,0,osm_nodes,64,0.011026,0.0847,
3269,dc,1,0,osm_nodes,21,0.001209,0.1842,
3270,dc,0,0,osm_nodes,76,0.015234,0.2018,
3271,dc,1,0,osm_nodes,24,0.00137,0.2144,
3272,dc,1,0,osm_nodes,24,0.001847,0.1862,
3273,dc,1,1,osm_nodes,41,0.009048,0.1477,
3274,dc,1,0,osm_nodes,48,0.009413,0.1897,
3275,dc,1,0,osm_nodes,54,0.013242,0.2394,
3276,dc,1,1,osm_nodes,54,0.013245,0.223,
3277,dc,1,1,osm_nodes,53,0.013233,0.2265,
3278,dc,0,0,osm_nodes,46,0.004992,0.1506,
3279,dc,1,1,osm_nodes,55,0.013847,0.2211,
3280,dc,1,1,osm_nodes,55,0.013913,0.221,
3281,dc,0,1,osm_nodes,35,0.009757,0.2134,
3282,dc,0,0,osm_nodes,26,0.003006,0.191,
3283,dc,0,0,osm_nodes,21,0.0,0.2025,
3284,dc,0,0,osm_nodes,13,0.0,0.1706,
3285,dc,0,0,osm_nodes,15,0.004303,0.0856,
3286,dc,0,0,osm_nodes,17,0.0,0.1659,
3287,dc,0,0,osm_nodes,14,4.8e-05,0.1582,
3288,dc,1,0,osm_nodes,23,0.009937,0.3572,
3289,dc,0,0,osm_nodes,24,0.0,0.1396,
3290,dc,0,0,osm_nodes,14,0.0,0.1926,
3291,dc,0,0,osm_nodes,23,0.0,0.1797,
3292,dc,1,1,osm_nodes,44,0.012979,0.3046,
3293,dc,0,0,osm_nodes,15,0.0,0.1643,
3294,dc,0,0,osm_nodes,12,0.0,0.1237,
3295,dc,0,0,osm_nodes,11,0.0,0.1017,
3296,dc,1,1,osm_nodes,29,0.010767,0.1085,
3297,dc,1,0,osm_nodes,47,0.013728,0.1121,
3298,dc,1,0,osm_nodes,48,0.009908,0.087,
3299,dc,1,1,osm_nodes,47,0.012404,0.1678,
3300,dc,1,1,osm_nodes,48,0.012647,0.163,
3301,dc,1,0,osm_nodes,50,0.010683,0.1036,
3302,dc,1,0,osm_nodes,48,0.013259,0.1322,
3303,dc,1,0,osm_nodes,55,0.012052,0.1162,
3304,dc,0,0,osm_nodes,15,0.00157,0.1139,
3305,dc,1,0,osm_nodes,32,0.008785,0.1538,
3306,dc,0,0,osm_nodes,11,0.000214,0.1179,
3307,dc,1,1,osm_nodes,46,0.011757,0.1395,
3308,dc,1,1,osm_nodes,46,0.011564,0.1215,
3309,dc,1,0,osm_nodes,30,0.006558,0.0997,
3310,dc,1,1,osm_nodes,33,0.014453,0.1693,
3311,dc,1,0,osm_nodes,24,0.011845,0.1373,
3312,dc,1,1,osm_nodes,26,0.011169,0.3048,
3313,dc,0,0,osm_nodes,51,0.007566,0.1455,
3314,dc,0,0,osm_nodes,25,0.010821,0.1333,
3315,dc,1,1,osm_nodes,51,0.009724,0.1462,
3316,dc,0,0,osm_nodes,25,0.002173,0.0852,
3317,dc,1,1,osm_nodes,27,0.004859,0.063,
3318,dc,1,1,osm_nodes,54,0.009839,0.1382,
3319,dc,1,0,osm_nodes,40,0.00805,0.1512,
3320,dc,1,1,osm_nodes,37,0.007683,0.1687,
3321,dc,1,1,osm_nodes,45,0.008156,0.1792,
3322,dc,1,1,osm_nodes,38,0.00776,0.1759,
3323,dc,1,1,osm_nodes,57,0.009833,0.1225,
3324,dc,1,0,osm_nodes,48,0.018186,0.1553,
3325,dc,1,1,osm_nodes,28,0.015809,0.2656,
3326,dc,1,1,osm_nodes,25,0.016316,0.2214,
3327,dc,1,1,osm_nodes,54,0.014745,0.1468,
3328,dc,1,1,osm_nodes,45,0.006979,0.1743,
3329,dc,1,1,osm_nodes,52,0.011095,0.1476,
3330,dc,1,1,osm_nodes,53,0.010957,0.1559,
3331,dc,1,1,osm_nodes,47,0.017061,0.1788,
3332,dc,0,0,osm_nodes,55,0.011846,0.187,
3333,dc,1,1,osm_nodes,66,0.012161,0.1392,
3334,dc,1,1,osm_nodes,51,0.014453,0.1344,
3335,dc,1,0,osm_nodes,43,0.017284,0.1532,
3336,dc,1,0,osm_nodes,48,0.009312,0.1931,
3337,dc,1,1,osm_nodes,46,0.008741,0.1723,
3338,dc,1,1,osm_nodes,53,0.01201,0.1854,
3339,dc,1,1,osm_nodes,58,0.012817,0.182,
3340,dc,1,1,osm_nodes,59,0.011552,0.1391,
3341,dc,1,1,osm_nodes,38,0.009771,0.1795,
3342,dc,1,0,osm_nodes,33,0.011389,0.1504,
3343,dc,0,0,osm_nodes,22,0.002627,0.0147,
3344,dc,1,0,osm_nodes,64,0.012296,0.1809,
3345,dc,1,0,osm_nodes,63,0.012334,0.1835,
3346,dc,0,0,osm_nodes,21,0.002085,0.0592,
3347,dc,1,0,osm_nodes,36,0.00898,0.2617,
3348,dc,0,0,osm_nodes,55,0.009899,0.202,
3349,dc,0,0,osm_nodes,49,0.009257,0.1684,
3350,dc,1,0,osm_nodes,60,0.01655,0.167,
3351,dc,0,0,osm_nodes,26,0.003438,0.2534,
3352,dc,0,0,osm_nodes,29,0.003234,0.2571,
3353,dc,1,0,osm_nodes,56,0.011648,0.1883,
3354,dc,1,0,osm_nodes,44,0.01296,0.1417,
3355,dc,0,0,osm_nodes,33,0.006526,0.1162,
3356,dc,0,0,osm_nodes,29,0.003047,0.1321,
3357,dc,0,0,osm_nodes,16,0.00299,0.1672,
3358,dc,0,0,osm_nodes,25,0.0,0.1724,
3359,dc,0,0,osm_nodes,18,0.001553,0.3184,
3360,dc,0,0,osm_nodes,17,0.000161,0.0872,
3361,dc,0,0,osm_nodes,13,0.00284,0.0848,
3362,dc,0,0,osm_nodes,40,0.004181,0.1995,
3363,dc,0,0,osm_nodes,22,0.000669,0.1693,
3364,dc,1,1,osm_nodes,12,0.003031,0.0616,
3365,dc,1,1,osm_nodes,12,0.00286,0.0379,
3366,dc,0,0,osm_nodes,24,0.001442,0.195,
3367,dc,0,0,osm_nodes,20,0.0,0.1581,
3368,dc,1,1,osm_nodes,41,0.004655,0.0667,
3369,dc,1,1,osm_nodes,22,0.008718,0.0849,
3370,dc,0,0,osm_nodes,19,0.009239,0.0941,
3371,dc,1,0,osm_nodes,43,0.009192,0.1526,
3372,dc,1,0,osm_nodes,38,0.007065,0.1036,
3373,dc,1,0,osm_nodes,37,0.006988,0.1192,
3374,dc,0,0,osm_nodes,33,0.008802,0.151,
3375,dc,1,0,osm_nodes,29,0.005408,0.0475,
3376,dc,0,0,osm_nodes,41,0.014003,0.1144,
3377,dc,0,0,osm_nodes,42,0.006039,0.1515,
3378,dc,1,0,osm_nodes,41,0.014043,0.1296,
3379,dc,1,0,osm_nodes,34,0.007709,0.1854,
3380,dc,0,0,osm_nodes,12,0.003055,0.1135,
3381,dc,1,0,osm_nodes,60,0.017432,0.1229,
3382,dc,1,0,osm_nodes,45,0.014441,0.1042,
3383,dc,1,1,osm_nodes,71,0.017332,0.1877,
3384,dc,1,0,osm_nodes,30,0.009126,0.115,
3385,dc,1,1,osm_nodes,73,0.01954,0.1516,
3386,dc,1,0,osm_nodes,80,0.02066,0.1315,
3387,dc,1,1,osm_nodes,77,0.020552,0.1258,
3388,dc,1,1,osm_nodes,94,0.016079,0.19,
3389,dc,1,1,osm_nodes,94,0.018847,0.1677,
3390,dc,1,1,osm_nodes,77,0.018483,0.122,
3391,dc,1,1,osm_nodes,84,0.011772,0.1375,
3392,dc,1,0,osm_nodes,78,0.011636,0.1168,
3393,dc,1,1,osm_nodes,86,0.013004,0.1239,
3394,dc,1,1,osm_nodes,102,0.017301,0.1955,
3395,dc,1,1,osm_nodes,69,0.012975,0.135,
3396,dc,1,1,osm_nodes,95,0.015415,0.2291,
3397,dc,1,1,osm_nodes,83,0.012812,0.1413,
3398,dc,1,1,osm_nodes,73,0.018416,0.1336,
3399,dc,1,0,osm_nodes,48,0.010479,0.1474,
3400,dc,1,0,osm_nodes,76,0.017976,0.1483,
3401,dc,1,0,osm_nodes,56,0.014213,0.1588,
3402,dc,1,0,osm_nodes,100,0.022328,0.1365,
3403,dc,1,0,osm_nodes,64,0.01454,0.1369,
3404,dc,0,0,osm_nodes,28,0.010124,0.1479,
3405,dc,1,0,osm_nodes,34,0.010397,0.1498,
3406,dc,1,1,osm_nodes,55,0.014498,0.1391,
3407,dc,1,1,osm_nodes,55,0.013044,0.1725,
3408,dc,1,0,osm_nodes,25,0.007627,0.1734,
3409,dc,1,0,osm_nodes,18,0.009516,0.1491,
3410,dc,0,1,osm_nodes,25,0.007978,0.179,
3411,dc,1,0,osm_nodes,13,0.006343,0.1712,
3412,dc,0,0,osm_nodes,28,0.004622,0.136,
3413,dc,1,0,osm_nodes,30,0.003686,0.1322,
3414,dc,1,0,osm_nodes,27,0.021829,0.1394,
3415,dc,1,0,osm_nodes,21,0.01996,0.0927,
3416,dc,1,1,osm_nodes,75,0.031746,0.1295,
3417,dc,1,0,osm_nodes,21,0.019894,0.1619,
3418,dc,1,1,osm_nodes,96,0.027847,0.1364,
3419,dc,1,1,osm_nodes,97,0.028578,0.1223,
3420,dc,1,1,osm_nodes,99,0.025607,0.1323,
3421,dc,1,1,osm_nodes,96,0.027186,0.1157,
3422,dc,1,0,osm_nodes,48,0.016665,0.1728,
3423,dc,1,0,osm_nodes,48,0.016957,0.1789,
3424,dc,1,0,osm_nodes,19,0.018474,0.189,
3425,dc,1,0,osm_nodes,17,0.017335,0.1823,
3426,dc,1,1,osm_nodes,58,0.018105,0.1891,
3427,dc,1,1,osm_nodes,56,0.017237,0.172,
3428,dc,1,1,osm_nodes,65,0.019485,0.2153,
3429,dc,1,1,osm_nodes,75,0.023341,0.2282,
3430,dc,1,1,osm_nodes,69,0.020671,0.2488,
3431,dc,1,1,osm_nodes,68,0.020939,0.2493,
3432,dc,1,1,osm_nodes,78,0.023949,0.2459,
3433,dc,1,1,osm_nodes,76,0.024587,0.2616,
3434,dc,0,0,osm_nodes,35,0.011154,0.1449,
3435,dc,1,0,osm_nodes,81,0.025199,0.2678,
3436,dc,1,0,osm_nodes,76,0.023016,0.2696,
3437,dc,0,0,osm_nodes,19,0.005913,0.1346,
3438,dc,1,0,osm_nodes,102,0.027172,0.33,
3439,dc,1,0,osm_nodes,99,0.027094,0.33,
3440,dc,1,1,osm_nodes,107,0.027008,0.3357,
3441,dc,1,0,osm_nodes,79,0.025318,0.3369,
3442,dc,1,0,osm_nodes,75,0.022855,0.3593,
3443,dc,1,0,osm_nodes,86,0.027533,0.4274,
3444,dc,1,0,osm_nodes,85,0.025226,0.4148,
3445,dc,1,0,osm_nodes,81,0.024874,0.4062,
3446,dc,1,0,osm_nodes,78,0.020589,0.4818,
3447,dc,1,0,osm_nodes,74,0.023233,0.4408,
3448,dc,1,0,osm_nodes,75,0.02317,0.4463,
3449,dc,1,0,osm_nodes,103,0.029675,0.2061,
3450,dc,1,1,osm_nodes,77,0.022882,0.4173,
3451,dc,1,0,osm_nodes,72,0.022721,0.4646,
3452,dc,1,0,osm_nodes,107,0.028251,0.1884,
3453,dc,1,0,osm_nodes,51,0.009232,0.1276,
3454,dc,1,0,osm_nodes,118,0.032006,0.3539,
3455,dc,1,0,osm_nodes,74,0.014593,0.4036,
3456,dc,1,0,osm_nodes,118,0.032102,0.3415,
3457,dc,1,0,osm_nodes,119,0.031294,0.3099,
3458,dc,1,0,osm_nodes,116,0.031141,0.3223,
3459,dc,1,0,osm_nodes,77,0.01501,0.2936,
3460,dc,1,1,osm_nodes,110,0.027853,0.2657,
3461,dc,1,1,osm_nodes,91,0.024262,0.287,
3462,dc,1,1,osm_nodes,113,0.027185,0.3526,
3463,dc,1,0,osm_nodes,75,0.018651,0.3609,
3464,dc,1,0,osm_nodes,73,0.018682,0.3641,
3465,dc,1,0,osm_nodes,78,0.019654,0.3643,
3466,dc,0,0,osm_nodes,55,0.012405,0.2586,
3467,dc,1,1,osm_nodes,153,0.03658,0.2787,
3468,dc,1,0,osm_nodes,77,0.018499,0.3564,
3469,dc,1,0,osm_nodes,107,0.029912,0.2419,
3470,dc,1,0,osm_nodes,106,0.029753,0.2411,
3471,dc,1,1,osm_nodes,139,0.032902,0.3149,
3472,dc,1,0,osm_nodes,96,0.027449,0.1757,
3473,dc,1,0,osm_nodes,86,0.025603,0.2305,
3474,dc,1,0,osm_nodes,81,0.026498,0.1815,
3475,dc,1,0,osm_nodes,91,0.024816,0.2356,
3476,dc,1,0,osm_nodes,73,0.019517,0.2274,
3477,dc,1,0,osm_nodes,75,0.020556,0.2696,
3478,dc,1,0,osm_nodes,16,0.006721,0.0757,
3479,dc,1,0,osm_nodes,47,0.018016,0.0819,
3480,dc,1,0,osm_nodes,18,0.010649,0.1576,
3481,dc,1,1,osm_nodes,48,0.019563,0.1463,
3482,dc,1,1,osm_nodes,49,0.019323,0.1551,
3483,dc,1,1,osm_nodes,45,0.022437,0.1844,
3484,dc,1,1,osm_nodes,75,0.021429,0.1618,
3485,dc,1,0,osm_nodes,77,0.028592,0.1451,
3486,dc,1,0,osm_nodes,76,0.029047,0.1513,
3487,dc,1,0,osm_nodes,89,0.029598,0.1692,
3488,dc,1,0,osm_nodes,114,0.026783,0.2075,
3489,dc,1,0,osm_nodes,111,0.026623,0.1859,
3490,dc,1,0,osm_nodes,56,0.014163,0.1818,
3491,dc,1,0,osm_nodes,57,0.014846,0.1824,
3492,dc,1,0,osm_nodes,68,0.025909,0.2244,
3493,dc,1,0,osm_nodes,65,0.027616,0.1843,
3494,dc,1,1,osm_nodes,103,0.025372,0.3175,
3495,dc,1,0,osm_nodes,69,0.030282,0.3186,
3496,dc,1,0,osm_nodes,105,0.024988,0.2288,
3497,dc,1,0,osm_nodes,66,0.022417,0.1232,
3498,dc,1,0,osm_nodes,120,0.028494,0.2461,
3499,dc,1,0,osm_nodes,112,0.028191,0.2988,
3500,dc,1,0,osm_nodes,110,0.028137,0.3234,
3501,dc,1,0,osm_nodes,121,0.031794,0.1489,
3502,dc,1,0,osm_nodes,102,0.030159,0.1295,
3503,dc,1,0,osm_nodes,113,0.032463,0.2172,
3504,dc,1,0,osm_nodes,86,0.031351,0.2677,
3505,dc,1,0,osm_nodes,106,0.035211,0.2839,
3506,dc,1,1,osm_nodes,61,0.024608,0.0857,
3507,dc,1,0,osm_nodes,133,0.038947,0.2063,
3508,dc,1,0,osm_nodes,145,0.038582,0.2307,
3509,dc,1,1,osm_nodes,64,0.02672,0.0822,
3510,dc,1,1,osm_nodes,66,0.027679,0.0769,
3511,dc,1,1,osm_nodes,66,0.027755,0.0772,
3512,dc,1,0,osm_nodes,55,0.0254,0.2876,
3513,dc,1,0,osm_nodes,141,0.044421,0.3548,
3514,dc,1,0,osm_nodes,148,0.044154,0.3662,
3515,dc,1,1,osm_nodes,73,0.029915,0.1105,
3516,dc,1,1,osm_nodes,81,0.029627,0.0986,
3517,dc,1,1,osm_nodes,135,0.041796,0.489,
3518,dc,1,1,osm_nodes,135,0.041488,0.4851,
3519,dc,1,1,osm_nodes,79,0.029377,0.1396,
3520,dc,1,1,osm_nodes,79,0.029307,0.1533,
3521,dc,1,1,osm_nodes,141,0.04046,0.3812,
3522,dc,1,1,osm_nodes,77,0.029317,0.1739,
3523,dc,1,0,osm_nodes,103,0.021244,0.2325,
3524,dc,1,1,osm_nodes,100,0.031052,0.2907,
3525,dc,1,1,osm_nodes,139,0.038677,0.3623,
3526,dc,1,0,osm_nodes,104,0.02242,0.2787,
3527,dc,1,1,osm_nodes,88,0.031223,0.2601,
3528,dc,1,0,osm_nodes,103,0.023076,0.3116,
3529,dc,1,1,osm_nodes,93,0.029464,0.2216,
3530,dc,1,1,osm_nodes,109,0.033603,0.3489,
3531,dc,1,1,osm_nodes,75,0.028053,0.266,
3532,dc,1,1,osm_nodes,71,0.027284,0.2644,
3533,dc,1,1,osm_nodes,113,0.031927,0.4465,
3534,dc,1,1,osm_nodes,127,0.031424,0.3841,
3535,dc,1,1,osm_nodes,66,0.02744,0.2469,
3536,dc,1,1,osm_nodes,68,0.027461,0.2507,
3537,dc,1,1,osm_nodes,148,0.032858,0.4244,
3538,dc,1,1,osm_nodes,146,0.033866,0.395,
3539,dc,1,0,osm_nodes,144,0.034567,0.2723,
3540,dc,1,1,osm_nodes,139,0.033698,0.4405,
3541,dc,1,0,osm_nodes,148,0.03374,0.3288,
3542,dc,1,0,osm_nodes,139,0.039143,0.3468,
3543,dc,1,0,osm_nodes,139,0.038706,0.3454,
3544,dc,1,1,osm_nodes,122,0.034473,0.4414,
3545,dc,1,1,osm_nodes,76,0.021575,0.1568,
3546,dc,1,1,osm_nodes,88,0.025347,0.2068,
3547,dc,1,0,osm_nodes,79,0.024106,0.1865,
3548,dc,1,0,osm_nodes,79,0.0241,0.183,
3549,dc,1,0,osm_nodes,115,0.029338,0.2086,
3550,dc,1,0,osm_nodes,129,0.031146,0.3065,
3551,dc,0,0,osm_nodes,21,0.00901,0.0,
3552,dc,1,0,osm_nodes,131,0.031577,0.2778,
3553,dc,1,0,osm_nodes,113,0.027552,0.1695,
3554,dc,1,0,osm_nodes,135,0.03169,0.2395,
3555,dc,1,0,osm_nodes,135,0.031987,0.2236,
3556,dc,1,0,osm_nodes,122,0.028028,0.2853,
3557,dc,1,0,osm_nodes,130,0.028053,0.2573,
3558,dc,1,0,osm_nodes,129,0.027916,0.249,
3559,dc,1,0,osm_nodes,142,0.027156,0.1231,
3560,dc,1,0,osm_nodes,106,0.023027,0.1639,
3561,dc,1,1,osm_nodes,30,0.01304,0.0008,
3562,dc,1,1,osm_nodes,31,0.011536,0.0146,
3563,dc,1,0,osm_nodes,21,0.004733,0.003,
3564,dc,1,1,osm_nodes,30,0.017277,0.0013,
3565,dc,1,1,osm_nodes,31,0.01743,0.0013,
3566,dc,1,0,osm_nodes,24,0.019866,0.0302,
3567,dc,1,1,osm_nodes,24,0.019546,0.0282,
3568,dc,1,0,osm_nodes,26,0.020985,0.051,
3569,dc,0,0,osm_nodes,13,0.017634,0.0006,
3570,dc,1,0,osm_nodes,59,0.036597,0.01,
3571,dc,1,0,osm_nodes,52,0.035012,0.006,
3572,dc,1,0,osm_nodes,46,0.0326,0.0042,
3573,dc,1,1,osm_nodes,23,0.025443,0.2479,
3574,dc,1,1,osm_nodes,22,0.024721,0.262,
3575,dc,1,0,osm_nodes,50,0.022005,0.2713,
3576,dc,1,0,osm_nodes,51,0.027111,0.3014,
3577,dc,1,0,osm_nodes,21,0.007805,0.0048,
3578,dc,1,0,osm_nodes,37,0.022937,0.1475,
3579,dc,0,0,osm_nodes,26,0.006039,0.0005,
3580,dc,1,1,osm_nodes,30,0.011133,0.1085,
3581,dc,1,1,osm_nodes,24,0.009493,0.1282,
3582,dc,0,1,osm_nodes,37,0.013032,0.1395,
3583,dc,1,1,osm_nodes,36,0.012883,0.2481,
3584,dc,1,1,osm_nodes,39,0.011007,0.1202,
3585,dc,1,1,osm_nodes,30,0.006952,0.1958,
3586,dc,1,1,osm_nodes,37,0.015567,0.396,
3587,dc,1,0,osm_nodes,43,0.018101,0.1663,
3588,dc,1,0,osm_nodes,52,0.021104,0.3093,
3589,dc,1,0,osm_nodes,39,0.01742,0.157,
3590,dc,1,0,osm_nodes,16,0.013388,0.0,
3591,dc,1,1,osm_nodes,39,0.017611,0.2654,
3592,dc,1,0,osm_nodes,39,0.019737,0.1674,
3593,dc,1,0,osm_nodes,42,0.016439,0.2887,
3594,dc,1,0,osm_nodes,38,0.016688,0.1847,
3595,dc,1,0,osm_nodes,35,0.015808,0.2316,
3596,dc,1,0,osm_nodes,31,0.018114,0.5678,
3597,dc,1,1,osm_nodes,43,0.017067,0.2142,
3598,dc,1,1,osm_nodes,44,0.014596,0.256,
3599,dc,1,0,osm_nodes,24,0.011025,0.1293,
3600,dc,1,0,osm_nodes,52,0.028212,0.2138,
3601,dc,1,0,osm_nodes,51,0.018929,0.2485,
3602,dc,1,0,osm_nodes,42,0.024764,0.0,
3603,dc,1,0,osm_nodes,28,0.010149,0.3048,
3604,dc,1,0,osm_nodes,25,0.011299,0.1911,
3605,dc,1,0,osm_nodes,42,0.011533,0.2626,
3606,dc,1,0,osm_nodes,42,0.011061,0.2677,
3607,dc,1,0,osm_nodes,45,0.024959,0.2427,
3608,dc,1,0,osm_nodes,26,0.011305,0.1896,
3609,dc,1,0,osm_nodes,42,0.011363,0.265,
3610,dc,1,0,osm_nodes,37,0.019903,0.2129,
3611,dc,1,0,osm_nodes,26,0.011285,0.1867,
3612,dc,1,0,osm_nodes,39,0.018617,0.1404,
3613,dc,1,0,osm_nodes,45,0.024939,0.1253,
3614,dc,1,0,osm_nodes,37,0.018958,0.1366,
3615,dc,0,0,osm_nodes,29,0.010554,0.231,
3616,dc,1,0,osm_nodes,41,0.024945,0.0,
3617,dc,1,0,osm_nodes,28,0.013755,0.1733,
3618,dc,1,1,osm_nodes,15,0.012615,0.0,
3619,dc,1,0,osm_nodes,18,0.014351,0.0,
3620,dc,1,0,osm_nodes,26,0.012692,0.0233,
3621,dc,1,0,osm_nodes,23,0.016207,0.0669,
3622,dc,1,0,osm_nodes,22,0.015801,0.0915,
3623,dc,1,0,osm_nodes,53,0.026243,0.1827,
3624,dc,1,0,osm_nodes,14,0.016989,0.4177,
3625,dc,1,0,osm_nodes,15,0.014396,0.344,
3626,dc,1,0,osm_nodes,23,0.016963,0.3436,
3627,dc,1,0,osm_nodes,19,0.017123,0.1944,
3628,dc,1,0,osm_nodes,24,0.014758,0.0086,
3629,dc,1,0,osm_nodes,30,0.019537,0.4339,
3630,dc,1,0,osm_nodes,29,0.019251,0.2777,
3631,dc,1,0,osm_nodes,27,0.018653,0.2632,
3632,dc,1,1,osm_nodes,23,0.013517,0.0053,
3633,dc,1,0,osm_nodes,23,0.020149,0.1837,
3634,dc,1,0,osm_nodes,29,0.019052,0.238,
3635,dc,1,1,osm_nodes,25,0.020644,0.3705,
3636,dc,1,1,osm_nodes,47,0.026712,0.3011,
3637,dc,1,1,osm_nodes,18,0.015517,0.4398,
3638,dc,1,0,osm_nodes,36,0.023886,0.1762,
3639,dc,1,1,osm_nodes,40,0.020851,0.2998,
3640,dc,1,1,osm_nodes,62,0.021459,0.1299,
3641,dc,1,1,osm_nodes,57,0.020919,0.2023,
3642,dc,1,0,osm_nodes,49,0.029119,0.0593,
3643,dc,1,0,osm_nodes,43,0.025529,0.1556,
3644,dc,1,0,osm_nodes,126,0.03801,0.0823,
3645,dc,1,1,osm_nodes,46,0.030443,0.2321,
3646,dc,1,0,osm_nodes,66,0.032112,0.0864,
3647,dc,1,0,osm_nodes,129,0.038162,0.0767,
3648,dc,1,1,osm_nodes,62,0.032637,0.4476,
3649,dc,1,0,osm_nodes,70,0.030528,0.1537,
3650,dc,1,0,osm_nodes,73,0.030139,0.175,
3651,dc,1,0,osm_nodes,68,0.027443,0.1261,
3652,dc,1,0,osm_nodes,67,0.027243,0.1168,
3653,dc,1,0,osm_nodes,67,0.027097,0.112,
3654,dc,1,1,osm_nodes,68,0.027429,0.1161,
3655,dc,1,1,osm_nodes,67,0.027271,0.1079,
3656,dc,1,0,osm_nodes,40,0.028295,0.0674,
3657,dc,1,1,osm_nodes,39,0.024479,0.1808,
3658,dc,1,0,osm_nodes,51,0.033809,0.1957,
3659,dc,1,0,osm_nodes,62,0.031874,0.0469,
3660,dc,1,0,osm_nodes,72,0.034132,0.0768,
3661,dc,1,1,osm_nodes,44,0.028447,0.001,
3662,dc,1,0,osm_nodes,62,0.036823,0.0187,
3663,dc,1,1,osm_nodes,83,0.032073,0.1462,
3664,dc,1,1,osm_nodes,76,0.029404,0.1112,
3665,dc,1,0,osm_nodes,51,0.032578,0.0423,
3666,dc,1,0,osm_nodes,44,0.028108,0.0078,
3667,dc,1,1,osm_nodes,77,0.030648,0.0572,
3668,dc,1,0,osm_nodes,80,0.030937,0.0155,
3669,dc,1,0,osm_nodes,44,0.031383,0.0,
3670,dc,1,1,osm_nodes,54,0.030632,0.0997,
3671,dc,1,0,osm_nodes,29,0.019276,0.1538,
3672,dc,1,0,osm_nodes,48,0.020961,0.3656,
3673,dc,1,0,osm_nodes,39,0.011917,0.2025,
3674,dc,1,0,osm_nodes,37,0.011938,0.208,
3675,dc,0,0,osm_nodes,57,0.016185,0.3712,
3676,dc,1,0,osm_nodes,33,0.009499,0.1283,
3677,dc,1,0,osm_nodes,65,0.033035,0.1233,
3678,dc,1,0,osm_nodes,51,0.025295,0.4294,
3679,dc,1,0,osm_nodes,66,0.032301,0.176,
3680,dc,1,0,osm_nodes,48,0.023479,0.3624,
3681,dc,1,0,osm_nodes,49,0.02301,0.353,
3682,dc,1,0,osm_nodes,49,0.022072,0.3542,
3683,dc,0,0,osm_nodes,45,0.01343,0.2591,
3684,dc,1,0,osm_nodes,41,0.011051,0.1907,
3685,dc,1,0,osm_nodes,38,0.013197,0.2219,
3686,dc,1,0,osm_nodes,75,0.035237,0.2175,
3687,dc,1,0,osm_nodes,68,0.032581,0.43,
3688,dc,1,0,osm_nodes,62,0.008723,0.2707,
3689,dc,1,0,osm_nodes,76,0.035216,0.224,
3690,dc,1,0,osm_nodes,56,0.027073,0.3694,
3691,dc,0,0,osm_nodes,59,0.009042,0.2362,
3692,dc,1,0,osm_nodes,98,0.042118,0.1942,
3693,dc,1,0,osm_nodes,96,0.042343,0.1542,
3694,dc,1,0,osm_nodes,97,0.037851,0.3907,
3695,dc,1,0,osm_nodes,92,0.041919,0.1672,
3696,dc,1,1,osm_nodes,38,0.023546,0.0932,
3697,dc,1,0,osm_nodes,73,0.032421,0.292,
3698,dc,1,0,osm_nodes,57,0.019924,0.3279,
3699,dc,1,0,osm_nodes,96,0.040654,0.048,
3700,dc,1,0,osm_nodes,37,0.020162,0.1215,
3701,dc,1,0,osm_nodes,32,0.019261,0.1393,
3702,dc,1,0,osm_nodes,110,0.041913,0.2238,
3703,dc,1,0,osm_nodes,95,0.036867,0.2999,
3704,dc,1,0,osm_nodes,62,0.031496,0.2204,
3705,dc,1,0,osm_nodes,44,0.025359,0.3808,
3706,dc,1,0,osm_nodes,93,0.035392,0.3067,
3707,dc,1,0,osm_nodes,99,0.038365,0.212,
3708,dc,1,1,osm_nodes,41,0.02676,0.1496,
3709,dc,1,0,osm_nodes,21,0.018003,0.2513,
3710,dc,1,0,osm_nodes,54,0.021611,0.2521,
3711,dc,1,1,osm_nodes,42,0.025737,0.1316,
3712,dc,1,0,osm_nodes,62,0.030742,0.3569,
3713,dc,1,1,osm_nodes,35,0.018423,0.4238,
3714,dc,1,1,osm_nodes,42,0.02469,0.2418,
3715,dc,1,0,osm_nodes,34,0.019892,0.0823,
3716,dc,1,1,osm_nodes,82,0.030947,0.058,
3717,dc,1,0,osm_nodes,41,0.021698,0.195,
3718,dc,1,0,osm_nodes,27,0.031933,0.2994,
3719,dc,1,0,osm_nodes,67,0.029239,0.1268,
3720,dc,1,1,osm_nodes,47,0.026744,0.1556,
3721,dc,1,0,osm_nodes,20,0.008503,0.2114,
3722,dc,1,0,osm_nodes,28,0.01867,0.322,
3723,dc,1,0,osm_nodes,35,0.021365,0.3246,
3724,dc,1,0,osm_nodes,29,0.029453,0.3431,
3725,dc,1,0,osm_nodes,18,0.008526,0.2258,
3726,dc,1,0,osm_nodes,13,0.009658,0.002,
3727,dc,1,0,osm_nodes,45,0.031121,0.1178,
3728,dc,1,0,osm_nodes,36,0.024846,0.3172,
3729,dc,1,1,osm_nodes,60,0.033374,0.2003,
3730,dc,1,0,osm_nodes,51,0.035117,0.1539,
3731,dc,1,1,osm_nodes,47,0.032669,0.1907,
3732,dc,1,0,osm_nodes,46,0.033735,0.1878,
3733,dc,1,0,osm_nodes,51,0.024933,0.237,
3734,dc,1,1,osm_nodes,71,0.039267,0.2058,
3735,dc,1,0,osm_nodes,51,0.024997,0.2361,
3736,dc,1,1,osm_nodes,67,0.037558,0.3009,
3737,dc,1,0,osm_nodes,87,0.036619,0.1306,
3738,dc,1,1,osm_nodes,57,0.035766,0.2862,
3739,dc,1,1,osm_nodes,86,0.038247,0.1179,
3740,dc,1,0,osm_nodes,61,0.036642,0.1637,
3741,dc,1,0,osm_nodes,72,0.034635,0.1573,
3742,dc,1,1,osm_nodes,89,0.037701,0.2031,
3743,dc,1,0,osm_nodes,65,0.023002,0.0023,
3744,dc,1,1,osm_nodes,49,0.02537,0.2847,
3745,dc,1,1,osm_nodes,61,0.032387,0.1519,
3746,dc,1,1,osm_nodes,61,0.032494,0.1514,
3747,dc,1,1,osm_nodes,79,0.042368,0.0413,
3748,dc,1,1,osm_nodes,50,0.024776,0.2387,
3749,dc,1,0,osm_nodes,66,0.03743,0.232,
3750,dc,1,1,osm_nodes,64,0.033746,0.136,
3751,dc,1,1,osm_nodes,49,0.024428,0.2449,
3752,dc,1,1,osm_nodes,72,0.036608,0.0377,
3753,dc,1,1,osm_nodes,64,0.035146,0.1266,
3754,dc,1,1,osm_nodes,78,0.028255,0.0929,
3755,dc,1,0,osm_nodes,33,0.022619,0.3515,
3756,dc,1,1,osm_nodes,98,0.031993,0.0937,
3757,dc,1,1,osm_nodes,100,0.033865,0.2764,
3758,dc,1,1,osm_nodes,77,0.038344,0.0711,
3759,dc,1,0,osm_nodes,73,0.034972,0.2047,
3760,dc,1,0,osm_nodes,159,0.038183,0.0131,
3761,dc,1,0,osm_nodes,218,0.050113,0.1674,
3762,dc,1,0,osm_nodes,69,0.028453,0.2363,
3763,dc,1,1,osm_nodes,37,0.026839,0.2235,
3764,dc,1,0,osm_nodes,78,0.030788,0.2532,
3765,dc,1,1,osm_nodes,39,0.026593,0.1991,
3766,dc,1,0,osm_nodes,68,0.027965,0.1932,
3767,dc,1,0,osm_nodes,35,0.027112,0.3578,
3768,dc,1,0,osm_nodes,40,0.028471,0.3386,
3769,dc,1,1,osm_nodes,52,0.02891,0.111,
3770,dc,1,0,osm_nodes,220,0.053914,0.1636,
3771,dc,1,0,osm_nodes,218,0.053691,0.1701,
3772,dc,1,0,osm_nodes,193,0.049052,0.0439,
3773,dc,1,1,osm_nodes,59,0.033693,0.2576,
3774,dc,1,0,osm_nodes,175,0.046044,0.097,
3775,dc,1,0,osm_nodes,164,0.043965,0.1544,
3776,dc,1,0,osm_nodes,160,0.04377,0.0018,
3777,dc,1,1,osm_nodes,36,0.025574,0.3537,
3778,dc,1,1,osm_nodes,57,0.034916,0.2606,
3779,dc,1,0,osm_nodes,48,0.03266,0.2485,
3780,dc,1,0,osm_nodes,62,0.027071,0.3123,
3781,dc,1,0,osm_nodes,67,0.029558,0.3632,
3782,dc,1,0,osm_nodes,67,0.030658,0.3556,
3783,dc,1,0,osm_nodes,62,0.029147,0.3231,
3784,dc,1,0,osm_nodes,56,0.028939,0.2542,
3785,dc,1,0,osm_nodes,33,0.029521,0.2647,
3786,dc,1,1,osm_nodes,39,0.030118,0.2632,
3787,dc,1,0,osm_nodes,27,0.024161,0.0033,
3788,dc,1,1,osm_nodes,50,0.032955,0.2785,
3789,dc,1,0,osm_nodes,36,0.02651,0.0022,
3790,dc,1,0,osm_nodes,95,0.015303,0.1411,
3791,dc,1,0,osm_nodes,86,0.013028,0.2535,
3792,dc,0,0,osm_nodes,58,0.004358,0.1648,
3793,dc,0,0,osm_nodes,59,0.004247,0.1352,
3794,dc,1,0,osm_nodes,45,0.004795,0.1491,
3795,dc,1,0,osm_nodes,82,0.013201,0.205,
3796,dc,0,0,osm_nodes,52,0.00394,0.107,
3797,dc,1,0,osm_nodes,36,0.004669,0.1073,
3798,dc,1,0,osm_nodes,50,0.003697,0.085,
3799,dc,1,0,osm_nodes,65,0.008211,0.1239,
3800,dc,1,0,osm_nodes,64,0.008278,0.1171,
3801,dc,1,0,osm_nodes,61,0.007613,0.0641,
3802,dc,0,0,osm_nodes,51,0.009722,0.0901,
3803,dc,1,0,osm_nodes,22,0.020994,0.0853,
3804,dc,1,0,osm_nodes,23,0.018545,0.0147,
3805,dc,1,1,osm_nodes,20,0.013269,0.1217,
3806,dc,1,1,osm_nodes,35,0.02072,0.2333,
3807,dc,1,0,osm_nodes,44,0.022649,0.1239,
3808,dc,1,1,osm_nodes,40,0.021761,0.0943,
3809,dc,1,1,osm_nodes,45,0.024099,0.1702,
3810,dc,1,0,osm_nodes,39,0.020246,0.2638,
3811,dc,1,1,osm_nodes,45,0.025067,0.203,
3812,dc,1,1,osm_nodes,33,0.020655,0.2372,
3813,dc,1,1,osm_nodes,37,0.023948,0.2554,
3814,dc,1,0,osm_nodes,26,0.014004,0.0982,
3815,dc,1,0,osm_nodes,35,0.025976,0.1675,
3816,dc,1,0,osm_nodes,46,0.024323,0.2449,
3817,dc,1,1,osm_nodes,40,0.021223,0.2512,
3818,dc,1,1,osm_nodes,42,0.021711,0.1287,
3819,dc,1,1,osm_nodes,53,0.02697,0.2416,
3820,dc,1,1,osm_nodes,80,0.032865,0.2018,
3821,dc,1,1,osm_nodes,50,0.02747,0.115,
3822,dc,1,1,osm_nodes,57,0.029294,0.1185,
3823,dc,1,0,osm_nodes,29,0.017623,0.2635,
3824,dc,1,1,osm_nodes,66,0.030024,0.165,
3825,dc,1,0,osm_nodes,89,0.032472,0.1785,
3826,dc,1,0,osm_nodes,85,0.031701,0.1696,
3827,dc,1,0,osm_nodes,91,0.032408,0.1899,
3828,dc,1,0,osm_nodes,79,0.02953,0.1727,
3829,dc,1,1,osm_nodes,32,0.024153,0.333,
3830,dc,1,0,osm_nodes,77,0.030865,0.2334,
3831,dc,1,0,osm_nodes,82,0.030213,0.1797,
3832,dc,1,1,osm_nodes,50,0.024598,0.1759,
3833,dc,1,1,osm_nodes,76,0.031269,0.2024,
3834,dc,1,1,osm_nodes,78,0.031254,0.2291,
3835,dc,1,1,osm_nodes,44,0.026095,0.2142,
3836,dc,1,1,osm_nodes,86,0.033544,0.2052,
3837,dc,1,1,osm_nodes,44,0.026692,0.2515,
3838,dc,1,1,osm_nodes,44,0.021846,0.2903,
3839,dc,1,1,osm_nodes,40,0.026739,0.2452,
3840,dc,1,0,osm_nodes,54,0.025109,0.0917,
3841,dc,1,0,osm_nodes,59,0.024943,0.1167,
3842,dc,1,1,osm_nodes,41,0.025633,0.2372,
3843,dc,1,1,osm_nodes,31,0.018861,0.3632,
3844,dc,1,1,osm_nodes,44,0.024165,0.2691,
3845,dc,1,0,osm_nodes,60,0.026276,0.2094,
3846,dc,1,0,osm_nodes,55,0.026848,0.2311,
3847,dc,1,0,osm_nodes,40,0.011644,0.0575,
3848,dc,0,0,osm_nodes,35,0.010447,0.0749,
3849,dc,1,1,osm_nodes,47,0.015676,0.2812,
3850,dc,1,0,osm_nodes,40,0.025044,0.284,
3851,dc,1,0,osm_nodes,39,0.025161,0.2797,
3852,dc,1,1,osm_nodes,29,0.020676,0.2372,
3853,dc,1,1,osm_nodes,33,0.023231,0.202,
3854,dc,1,0,osm_nodes,42,0.02483,0.2722,
3855,dc,1,0,osm_nodes,38,0.024574,0.2422,
3856,dc,1,1,osm_nodes,27,0.021603,0.2413,
3857,dc,1,0,osm_nodes,43,0.025999,0.2371,
3858,dc,1,1,osm_nodes,25,0.023357,0.313,
3859,dc,1,1,osm_nodes,54,0.026393,0.2503,
3860,dc,1,1,osm_nodes,52,0.02645,0.3063,
3861,dc,1,1,osm_nodes,56,0.025413,0.215,
3862,dc,1,0,osm_nodes,47,0.029652,0.2087,
3863,dc,1,1,osm_nodes,19,0.021647,0.3141,
3864,dc,1,1,osm_nodes,40,0.028468,0.2396,
3865,dc,1,1,osm_nodes,46,0.02541,0.2348,
3866,dc,1,1,osm_nodes,37,0.027425,0.276,
3867,dc,1,1,osm_nodes,44,0.027225,0.2471,
3868,dc,1,1,osm_nodes,40,0.027891,0.2916,
3869,dc,1,1,osm_nodes,49,0.025113,0.2543,
3870,dc,1,0,osm_nodes,47,0.022125,0.3634,
3871,dc,1,0,osm_nodes,39,0.022755,0.2685,
3872,dc,1,1,osm_nodes,38,0.025031,0.3044,
3873,dc,1,1,osm_nodes,42,0.025563,0.2363,
3874,dc,1,1,osm_nodes,49,0.0246,0.2814,
3875,dc,1,0,osm_nodes,47,0.028406,0.3719,
3876,dc,1,1,osm_nodes,49,0.01966,0.1996,
3877,dc,1,0,osm_nodes,64,0.031582,0.1952,
3878,dc,1,0,osm_nodes,66,0.031768,0.1983,
3879,dc,1,0,osm_nodes,38,0.008544,0.2364,
3880,dc,1,0,osm_nodes,51,0.027878,0.2778,
3881,dc,1,0,osm_nodes,61,0.023566,0.2089,
3882,dc,1,1,osm_nodes,48,0.024811,0.2447,
3883,dc,1,1,osm_nodes,49,0.025214,0.2525,
3884,dc,1,0,osm_nodes,49,0.025742,0.2312,
3885,dc,1,1,osm_nodes,47,0.029596,0.2489,
3886,dc,1,0,osm_nodes,36,0.019699,0.1178,
3887,dc,1,0,osm_nodes,47,0.03076,0.1603,
3888,dc,1,0,osm_nodes,30,0.023962,0.1597,
3889,dc,1,1,osm_nodes,23,0.021519,0.2404,
3890,dc,1,0,osm_nodes,36,0.020953,0.0551,
3891,dc,1,1,osm_nodes,56,0.030241,0.1707,
3892,dc,1,1,osm_nodes,45,0.028303,0.2955,
3893,dc,1,1,osm_nodes,45,0.02781,0.3128,
3894,dc,1,1,osm_nodes,35,0.018811,0.0262,
3895,dc,1,1,osm_nodes,39,0.025266,0.2161,
3896,dc,1,0,osm_nodes,93,0.017284,0.2384,
3897,dc,1,0,osm_nodes,76,0.012655,0.2237,
3898,dc,1,0,osm_nodes,61,0.009731,0.2006,
3899,dc,0,0,osm_nodes,5,0.0,0.1994,
3900,dc,1,1,osm_nodes,60,0.007033,0.1769,
3901,dc,1,0,osm_nodes,54,0.006397,0.1594,
3902,dc,0,0,osm_nodes,41,0.004533,0.1752,
3903,dc,0,0,osm_nodes,39,0.008108,0.116,
3904,dc,0,0,osm_nodes,16,0.002563,0.1847,
3905,dc,1,1,osm_nodes,26,0.006765,0.1041,
3906,dc,0,0,osm_nodes,6,0.002158,0.0291,
3907,dc,1,0,osm_nodes,62,0.015485,0.1705,
3908,dc,1,1,osm_nodes,49,0.016595,0.0856,
3909,dc,1,0,osm_nodes,99,0.024047,0.0616,
3910,dc,1,0,osm_nodes,97,0.023741,0.0485,
3911,dc,1,1,osm_nodes,87,0.021409,0.0689,
3912,dc,1,0,osm_nodes,80,0.022012,0.1217,
3913,dc,1,1,osm_nodes,44,0.01304,0.1893,
3914,dc,1,0,osm_nodes,57,0.016262,0.0411,
3915,dc,1,1,osm_nodes,60,0.016661,0.0689,
3916,dc,1,1,osm_nodes,43,0.011933,0.1455,
3917,dc,0,1,osm_nodes,35,0.009239,0.1686,
3918,dc,1,1,osm_nodes,40,0.007092,0.1065,
3919,dc,1,0,osm_nodes,22,0.012764,0.0503,
3920,dc,1,1,osm_nodes,40,0.011369,0.1155,
3921,dc,1,0,osm_nodes,22,0.012898,0.0627,
3922,dc,1,1,osm_nodes,28,0.008515,0.0367,
3923,dc,0,0,osm_nodes,9,0.0,0.0777,
3924,dc,1,1,osm_nodes,38,0.010493,0.2723,
3925,dc,0,0,osm_nodes,22,0.002517,0.1735,
3926,dc,0,0,osm_nodes,18,0.001049,0.1616,
3927,dc,1,0,osm_nodes,40,0.011458,0.2407,
3928,dc,1,0,osm_nodes,31,0.009783,0.1014,
3929,dc,1,0,osm_nodes,42,0.011461,0.2006,
3930,dc,1,0,osm_nodes,31,0.009845,0.121,
3931,dc,0,0,osm_nodes,13,0.001078,0.1794,
3932,dc,0,0,osm_nodes,22,0.006099,0.2142,
3933,dc,1,0,osm_nodes,22,0.006593,0.2115,
3934,dc,1,0,osm_nodes,22,0.006344,0.2297,
3935,dc,0,0,osm_nodes,19,0.00419,0.2265,
3936,dc,1,0,osm_nodes,31,0.010298,0.1254,
3937,dc,1,0,osm_nodes,30,0.010641,0.1233,
3938,dc,0,0,osm_nodes,17,0.001628,0.146,
3939,dc,0,0,osm_nodes,18,0.001628,0.1432,
3940,dc,0,0,osm_nodes,18,0.001255,0.2278,
3941,dc,1,0,osm_nodes,33,0.014921,0.1578,
3942,dc,0,0,osm_nodes,17,0.003055,0.226,
3943,dc,1,0,osm_nodes,38,0.01524,0.1609,
3944,dc,1,0,osm_nodes,29,0.009855,0.1063,
3945,dc,1,0,osm_nodes,21,0.000534,0.1288,
3946,dc,1,0,osm_nodes,23,0.01163,0.2471,
3947,dc,1,0,osm_nodes,35,0.006984,0.1794,
3948,dc,0,0,osm_nodes,53,0.006853,0.0938,
3949,dc,1,0,osm_nodes,11,0.004281,0.1209,
3950,dc,1,0,osm_nodes,49,0.00915,0.2623,
3951,dc,1,1,osm_nodes,51,0.008158,0.1601,
3952,dc,1,0,osm_nodes,40,0.009046,0.2563,
3953,dc,0,0,osm_nodes,41,0.009158,0.1238,
3954,dc,0,0,osm_nodes,38,0.006571,0.1613,
3955,dc,1,0,osm_nodes,5,0.005348,0.0199,
3956,dc,1,0,osm_nodes,32,0.01351,0.1297,
3957,dc,0,0,osm_nodes,15,0.002235,0.1497,
3958,dc,1,0,osm_nodes,29,0.011945,0.1358,
3959,dc,0,0,osm_nodes,10,0.0,0.1302,
3960,dc,0,0,osm_nodes,16,0.00127,0.1552,
3961,dc,0,0,osm_nodes,25,0.003499,0.1863,
3962,dc,1,0,osm_nodes,14,0.013607,0.084,
3963,dc,0,0,osm_nodes,13,0.0,0.0918,
3964,dc,0,0,osm_nodes,17,0.002189,0.1884,
3965,dc,0,0,osm_nodes,25,0.001369,0.147,
3966,dc,1,0,osm_nodes,37,0.009654,0.1798,
3967,dc,0,0,osm_nodes,8,0.003315,0.0752,
3968,dc,1,1,osm_nodes,40,0.007946,0.161,
3969,dc,0,0,osm_nodes,14,0.0001,0.1453,
3970,dc,0,0,osm_nodes,38,0.006875,0.1806,
3971,dc,1,0,osm_nodes,24,0.006991,0.1106,
3972,dc,1,0,osm_nodes,19,0.008375,0.1765,
3973,dc,1,0,osm_nodes,13,0.007547,0.0256,
3974,dc,1,0,osm_nodes,13,0.007903,0.0138,
3975,dc,1,0,osm_nodes,44,0.012795,0.1711,
3976,dc,1,0,osm_nodes,13,0.007415,0.0235,
3977,dc,1,0,osm_nodes,44,0.012952,0.1526,
3978,dc,0,0,osm_nodes,15,0.004756,0.0784,
3979,dc,1,0,osm_nodes,33,0.007443,0.1782,
3980,dc,1,0,osm_nodes,48,0.012594,0.195,
3981,dc,1,0,osm_nodes,50,0.012879,0.1889,
3982,dc,1,0,osm_nodes,23,0.00845,0.1644,
3983,dc,1,0,osm_nodes,23,0.008251,0.1632,
3984,dc,1,0,osm_nodes,54,0.013964,0.1814,
3985,dc,1,0,osm_nodes,31,0.009987,0.0722,
3986,dc,1,0,osm_nodes,31,0.010004,0.063,
3987,dc,1,1,osm_nodes,32,0.01045,0.166,
3988,dc,0,0,osm_nodes,27,0.00702,0.1585,
3989,dc,1,0,osm_nodes,41,0.009145,0.1894,
3990,dc,0,0,osm_nodes,11,0.000779,0.0967,
3991,dc,1,1,osm_nodes,59,0.013831,0.2222,
3992,dc,0,0,osm_nodes,20,0.0,0.1296,
3993,dc,0,0,osm_nodes,13,0.000365,0.1273,
3994,dc,1,0,osm_nodes,37,0.010274,0.2074,
3995,dc,1,1,osm_nodes,60,0.014003,0.2545,
3996,dc,0,0,osm_nodes,10,0.003182,0.0704,
3997,dc,1,1,osm_nodes,63,0.015651,0.1971,
3998,dc,0,0,osm_nodes,22,4.4e-05,0.141,
3999,dc,0,0,osm_nodes,16,0.0,0.129,
4000,dc,1,1,osm_nodes,21,0.003542,0.1519,
4001,dc,1,0,osm_nodes,50,0.009701,0.232,
4002,dc,1,0,osm_nodes,48,0.008922,0.2322,
4003,dc,1,0,osm_nodes,37,0.007627,0.2339,
4004,dc,0,0,osm_nodes,14,0.0,0.1502,
4005,dc,0,0,osm_nodes,9,0.002058,0.0856,
4006,dc,0,0,osm_nodes,10,0.002359,0.1421,
4007,dc,1,1,osm_nodes,14,0.005382,0.0643,
4008,dc,1,1,osm_nodes,24,0.006799,0.1179,
4009,dc,1,1,osm_nodes,25,0.007028,0.1161,
4010,dc,0,0,osm_nodes,30,0.001321,0.2638,
4011,dc,0,0,osm_nodes,29,0.001339,0.2523,
4012,dc,1,1,osm_nodes,23,0.007041,0.1251,
4013,dc,1,1,osm_nodes,23,0.007193,0.1207,
4014,dc,0,0,osm_nodes,9,0.004193,0.0249,
4015,dc,0,0,osm_nodes,7,0.0,0.1905,
4016,dc,0,0,osm_nodes,15,0.0,0.1356,
4017,dc,1,1,osm_nodes,33,0.008396,0.1719,
4018,dc,1,1,osm_nodes,35,0.008418,0.1682,
4019,dc,1,1,osm_nodes,37,0.008202,0.1593,
4020,dc,1,0,osm_nodes,31,0.0087,0.179,
4021,dc,1,1,osm_nodes,52,0.010358,0.2144,
4022,dc,1,1,osm_nodes,61,0.012259,0.2147,
4023,dc,1,0,osm_nodes,42,0.01188,0.1718,
4024,dc,1,0,osm_nodes,63,0.009075,0.0851,
4025,dc,1,0,osm_nodes,68,0.010664,0.061,
4026,dc,1,0,osm_nodes,44,0.013847,0.1459,
4027,dc,1,1,osm_nodes,80,0.017016,0.1047,
4028,dc,1,1,osm_nodes,79,0.017108,0.0903,
4029,dc,1,0,osm_nodes,14,0.004509,0.0595,
4030,dc,0,0,osm_nodes,20,0.006961,0.0376,
4031,dc,1,0,osm_nodes,35,0.015102,0.1386,
4032,dc,1,0,osm_nodes,68,0.016537,0.0786,
4033,dc,1,0,osm_nodes,69,0.012008,0.0483,
4034,dc,1,1,osm_nodes,96,0.019088,0.123,
4035,dc,1,0,osm_nodes,70,0.011956,0.0594,
4036,dc,1,0,osm_nodes,69,0.0127,0.0819,
4037,dc,1,0,osm_nodes,52,0.014168,0.1405,
4038,dc,1,0,osm_nodes,69,0.013678,0.106,
4039,dc,1,0,osm_nodes,56,0.018335,0.1498,
4040,dc,1,1,osm_nodes,34,0.013038,0.2004,
4041,dc,1,1,osm_nodes,54,0.014882,0.2222,
4042,dc,1,0,osm_nodes,95,0.014051,0.1125,
4043,dc,1,1,osm_nodes,49,0.013078,0.1772,
4044,dc,1,1,osm_nodes,103,0.022165,0.1354,
4045,dc,1,1,osm_nodes,64,0.017995,0.1679,
4046,dc,0,0,osm_nodes,19,0.006241,0.3145,
4047,dc,1,0,osm_nodes,26,0.006055,0.0308,
4048,dc,0,0,osm_nodes,21,0.001964,0.211,
4049,dc,0,0,osm_nodes,4,0.0,0.159,
4050,dc,0,0,osm_nodes,39,0.002757,0.1588,
4051,dc,0,0,osm_nodes,38,0.002993,0.1397,
4052,dc,0,0,osm_nodes,20,0.004471,0.149,
4053,dc,0,0,osm_nodes,12,0.002798,0.1661,
4054,dc,1,1,osm_nodes,21,0.005824,0.1534,
4055,dc,1,0,osm_nodes,25,0.006678,0.158,
4056,dc,1,0,osm_nodes,17,0.007084,0.166,
4057,dc,0,0,osm_nodes,20,0.004216,0.1921,
4058,dc,0,0,osm_nodes,19,0.003208,0.2008,
4059,dc,1,0,osm_nodes,8,0.004877,0.1242,
4060,dc,1,0,osm_nodes,7,0.004879,0.1293,
4061,dc,0,0,osm_nodes,23,0.00161,0.1461,
4062,dc,0,0,osm_nodes,37,0.0067,0.1526,
4063,dc,1,0,osm_nodes,59,0.022091,0.013,
4064,dc,0,0,osm_nodes,29,0.007248,0.1729,
4065,dc,0,1,osm_nodes,42,0.009271,0.1781,
4066,dc,1,0,osm_nodes,39,0.012777,0.0509,
4067,dc,1,1,osm_nodes,31,0.009447,0.2126,
4068,dc,1,0,osm_nodes,32,0.007748,0.0975,
4069,dc,1,0,osm_nodes,32,0.007747,0.1038,
4070,dc,1,1,osm_nodes,37,0.011775,0.2882,
4071,dc,1,1,osm_nodes,47,0.008374,0.1637,
4072,dc,1,1,osm_nodes,49,0.008491,0.1522,
4073,dc,1,1,osm_nodes,43,0.008301,0.1517,
4074,dc,1,0,osm_nodes,47,0.013922,0.0361,
4075,dc,1,1,osm_nodes,44,0.013628,0.07,
4076,dc,1,1,osm_nodes,43,0.012222,0.1274,
4077,dc,1,1,osm_nodes,43,0.011536,0.1609,
4078,dc,1,0,osm_nodes,73,0.02289,0.1547,
4079,dc,1,0,osm_nodes,72,0.022802,0.1554,
4080,dc,1,0,osm_nodes,71,0.02219,0.1552,
4081,dc,1,0,osm_nodes,70,0.019963,0.1518,
4082,dc,1,0,osm_nodes,59,0.013624,0.1812,
4083,dc,1,0,osm_nodes,42,0.014294,0.0732,
4084,dc,1,0,osm_nodes,19,0.017797,0.1287,
4085,dc,1,1,osm_nodes,51,0.023997,0.0668,
4086,dc,1,1,osm_nodes,52,0.024184,0.0515,
4087,dc,1,1,osm_nodes,50,0.025428,0.0536,
4088,dc,1,0,osm_nodes,27,0.015971,0.0562,
4089,dc,1,0,osm_nodes,26,0.015264,0.0582,
4090,dc,1,1,osm_nodes,27,0.014941,0.0442,
4091,dc,1,0,osm_nodes,37,0.018081,0.1817,
4092,dc,1,0,osm_nodes,37,0.01902,0.1756,
4093,dc,1,0,osm_nodes,34,0.017532,0.1822,
4094,dc,1,0,osm_nodes,38,0.018636,0.1749,
4095,dc,1,0,osm_nodes,32,0.019049,0.0802,
4096,dc,1,1,osm_nodes,55,0.020202,0.1473,
4097,dc,1,1,osm_nodes,43,0.020156,0.1144,
4098,dc,1,1,osm_nodes,57,0.019728,0.1611,
4099,dc,1,0,osm_nodes,37,0.020358,0.1413,
4100,dc,1,0,osm_nodes,54,0.024227,0.1236,
4101,dc,1,0,osm_nodes,62,0.023785,0.1092,
4102,dc,1,0,osm_nodes,50,0.023456,0.1625,
4103,dc,1,0,osm_nodes,86,0.021844,0.2015,
4104,dc,1,0,osm_nodes,87,0.021184,0.1046,
4105,dc,1,0,osm_nodes,81,0.020078,0.1726,
4106,dc,1,0,osm_nodes,51,0.020821,0.1557,
4107,dc,1,0,osm_nodes,87,0.02124,0.1159,
4108,dc,1,0,osm_nodes,81,0.020219,0.1013,
4109,dc,1,0,osm_nodes,82,0.019253,0.1064,
4110,dc,1,0,osm_nodes,68,0.024916,0.1553,
4111,dc,1,0,osm_nodes,66,0.014976,0.2199,
4112,dc,1,0,osm_nodes,67,0.015161,0.1927,
4113,dc,1,0,osm_nodes,69,0.025356,0.1684,
4114,dc,1,0,osm_nodes,133,0.026735,0.1718,
4115,dc,1,0,osm_nodes,135,0.026894,0.1896,
4116,dc,1,0,osm_nodes,133,0.026332,0.2178,
4117,dc,1,0,osm_nodes,135,0.026707,0.2539,
4118,dc,1,0,osm_nodes,136,0.026834,0.3622,
4119,dc,1,0,osm_nodes,133,0.026854,0.2824,
4120,dc,1,0,osm_nodes,140,0.027052,0.3662,
4121,dc,1,0,osm_nodes,136,0.024798,0.3455,
4122,dc,1,0,osm_nodes,92,0.017881,0.2265,
4123,dc,1,0,osm_nodes,137,0.025097,0.2684,
4124,dc,1,0,osm_nodes,85,0.023149,0.2818,
4125,dc,1,0,osm_nodes,82,0.021692,0.2875,
4126,dc,1,0,osm_nodes,82,0.018786,0.1628,
4127,dc,1,1,osm_nodes,100,0.025919,0.2979,
4128,dc,1,1,osm_nodes,60,0.022947,0.1438,
4129,dc,1,0,osm_nodes,35,0.016769,0.0779,
4130,dc,1,0,osm_nodes,72,0.021366,0.1652,
4131,dc,1,0,osm_nodes,33,0.018096,0.127,
4132,dc,1,1,osm_nodes,46,0.019914,0.1743,
4133,dc,1,1,osm_nodes,50,0.022131,0.1738,
4134,dc,1,0,osm_nodes,51,0.022959,0.1819,
4135,dc,1,1,osm_nodes,71,0.029716,0.2851,
4136,dc,1,1,osm_nodes,69,0.028934,0.3029,
4137,dc,1,0,osm_nodes,58,0.025426,0.1583,
4138,dc,1,0,osm_nodes,67,0.020634,0.0462,
4139,dc,1,0,osm_nodes,12,0.011598,0.0179,
4140,dc,1,0,osm_nodes,19,0.011796,0.0957,
4141,dc,1,0,osm_nodes,68,0.025394,0.2314,
4142,dc,1,0,osm_nodes,53,0.018457,0.2331,
4143,dc,1,0,osm_nodes,47,0.023431,0.2731,
4144,dc,1,0,osm_nodes,48,0.023844,0.1814,
4145,dc,1,0,osm_nodes,44,0.021473,0.2928,
4146,dc,1,0,osm_nodes,51,0.01829,0.3704,
4147,dc,1,0,osm_nodes,43,0.021675,0.244,
4148,dc,1,0,osm_nodes,91,0.034028,0.0945,
4149,dc,1,1,osm_nodes,129,0.042109,0.1895,
4150,dc,1,1,osm_nodes,124,0.042326,0.1124,
4151,dc,1,1,osm_nodes,123,0.041674,0.1194,
4152,dc,1,1,osm_nodes,124,0.043034,0.173,
4153,dc,1,0,osm_nodes,38,0.017426,0.1441,
4154,dc,1,0,osm_nodes,42,0.019672,0.2096,
4155,dc,1,0,osm_nodes,44,0.020126,0.1818,
4156,dc,1,0,osm_nodes,39,0.021417,0.1604,
4157,dc,1,0,osm_nodes,45,0.022571,0.2023,
4158,dc,1,0,osm_nodes,34,0.019082,0.2537,
4159,dc,1,0,osm_nodes,25,0.014416,0.0106,
4160,dc,1,0,osm_nodes,33,0.015595,0.1197,
4161,dc,1,0,osm_nodes,30,0.018105,0.015,
4162,dc,1,0,osm_nodes,43,0.018079,0.0033,
4163,dc,1,0,osm_nodes,43,0.013862,0.0003,
4164,dc,1,1,osm_nodes,46,0.008963,0.0006,
4165,dc,1,0,osm_nodes,31,0.016431,0.1963,
4166,dc,1,0,osm_nodes,30,0.016432,0.2251,
4167,dc,1,1,osm_nodes,36,0.021566,0.2465,
4168,dc,1,1,osm_nodes,37,0.023031,0.2129,
4169,dc,1,1,osm_nodes,36,0.023038,0.2333,
4170,dc,0,0,osm_nodes,35,0.00258,0.23,
4171,dc,1,1,osm_nodes,37,0.007202,0.2012,
4172,dc,1,1,osm_nodes,26,0.005556,0.2366,
4173,dc,1,0,osm_nodes,43,0.008274,0.0529,
4174,dc,1,0,osm_nodes,42,0.008421,0.0518,
4175,dc,1,0,osm_nodes,38,0.008087,0.0706,
4176,dc,1,0,osm_nodes,36,0.008091,0.1208,
4177,dc,1,0,osm_nodes,36,0.008062,0.1479,
4178,dc,1,0,osm_nodes,39,0.008104,0.1404,
4179,dc,1,0,osm_nodes,49,0.012116,0.0484,
4180,dc,1,0,osm_nodes,38,0.007938,0.1483,
4181,dc,1,0,osm_nodes,36,0.008044,0.1652,
4182,dc,1,1,osm_nodes,48,0.013318,0.1555,
4183,dc,1,0,osm_nodes,52,0.015979,0.0616,
4184,dc,1,0,osm_nodes,52,0.016157,0.0709,
4185,dc,1,0,osm_nodes,49,0.015202,0.2404,
4186,dc,1,0,osm_nodes,50,0.016748,0.1599,
4187,dc,1,0,osm_nodes,58,0.014675,0.3447,
4188,dc,1,0,osm_nodes,62,0.018343,0.1234,
4189,dc,1,0,osm_nodes,58,0.015216,0.3676,
4190,dc,1,0,osm_nodes,46,0.015342,0.0599,
4191,dc,1,1,osm_nodes,26,0.011639,0.0006,
4192,dc,1,0,osm_nodes,14,0.005761,0.0806,
4193,dc,1,0,osm_nodes,16,0.005554,0.0975,
4194,dc,1,1,osm_nodes,39,0.013351,0.3566,
4195,dc,1,1,osm_nodes,37,0.012523,0.3225,
4196,dc,1,0,osm_nodes,47,0.014081,0.2198,
4197,dc,1,1,osm_nodes,36,0.01286,0.3487,
4198,dc,1,0,osm_nodes,3,0.004072,0.2485,
4199,dc,0,1,osm_nodes,3,0.003251,0.0,
4200,dc,1,0,osm_nodes,32,0.011827,0.2159,
4201,dc,1,0,osm_nodes,62,0.019181,0.2185,
4202,dc,1,1,osm_nodes,32,0.012583,0.2656,
4203,dc,1,1,osm_nodes,32,0.012698,0.2852,
4204,dc,1,1,osm_nodes,51,0.017544,0.2798,
4205,dc,1,1,osm_nodes,66,0.021143,0.1015,
4206,dc,1,1,osm_nodes,66,0.02122,0.0978,
4207,dc,1,0,osm_nodes,77,0.026348,0.0697,
4208,dc,1,1,osm_nodes,78,0.026051,0.0893,
4209,dc,1,1,osm_nodes,38,0.018535,0.2694,
4210,dc,1,1,osm_nodes,76,0.026135,0.0649,
4211,dc,1,0,osm_nodes,81,0.027643,0.0,
4212,dc,1,0,osm_nodes,74,0.027623,0.0,
4213,dc,1,0,osm_nodes,59,0.020327,0.2644,
4214,dc,1,0,osm_nodes,82,0.025505,0.2061,
4215,dc,1,0,osm_nodes,53,0.018181,0.1416,
4216,dc,1,0,osm_nodes,50,0.019457,0.0189,
4217,dc,1,0,osm_nodes,62,0.022392,0.1977,
4218,dc,1,0,osm_nodes,38,0.020768,0.2446,
4219,dc,1,0,osm_nodes,66,0.024586,0.3849,
4220,dc,1,1,osm_nodes,83,0.022947,0.3282,
4221,dc,1,1,osm_nodes,68,0.020482,0.2022,
4222,dc,1,0,osm_nodes,76,0.024553,0.1321,
4223,dc,1,1,osm_nodes,76,0.025826,0.384,
4224,dc,1,1,osm_nodes,81,0.025833,0.4024,
4225,dc,1,1,osm_nodes,80,0.023582,0.376,
4226,dc,1,1,osm_nodes,68,0.019758,0.2154,
4227,dc,1,0,osm_nodes,67,0.023026,0.4609,
4228,dc,1,0,osm_nodes,60,0.020366,0.1428,
4229,dc,1,0,osm_nodes,60,0.019878,0.1485,
4230,dc,1,0,osm_nodes,55,0.023323,0.1164,
4231,dc,1,0,osm_nodes,53,0.019343,0.2452,
4232,dc,1,0,osm_nodes,60,0.0302,0.1456,
4233,dc,1,0,osm_nodes,25,0.011876,0.0937,
4234,dc,1,1,osm_nodes,33,0.00579,0.1612,
4235,dc,1,1,osm_nodes,30,0.008242,0.1211,
4236,dc,1,0,osm_nodes,57,0.021175,0.2665,
4237,dc,1,0,osm_nodes,22,0.011093,0.0688,
4238,dc,1,0,osm_nodes,61,0.022138,0.23,
4239,dc,1,1,osm_nodes,63,0.019351,0.2972,
4240,dc,1,1,osm_nodes,18,0.00318,0.1204,
4241,dc,1,1,osm_nodes,15,0.003182,0.1768,
4242,dc,1,1,osm_nodes,35,0.009527,0.0605,
4243,dc,1,0,osm_nodes,60,0.027243,0.2249,
4244,dc,1,0,osm_nodes,52,0.021499,0.2497,
4245,dc,1,1,osm_nodes,56,0.015051,0.0649,
4246,dc,1,1,osm_nodes,34,0.014161,0.1789,
4247,dc,0,0,osm_nodes,43,0.007905,0.2005,
4248,dc,1,0,osm_nodes,37,0.006068,0.2035,
4249,dc,1,0,osm_nodes,36,0.005908,0.2069,
4250,dc,0,0,osm_nodes,6,0.0,0.1895,
4251,dc,0,0,osm_nodes,12,0.004077,0.2415,
4252,dc,0,0,osm_nodes,6,0.0,0.1797,
4253,dc,0,0,osm_nodes,15,0.0,0.1663,
4254,dc,1,1,osm_nodes,32,0.007696,0.1394,
4255,dc,1,1,osm_nodes,40,0.011533,0.1917,
4256,dc,0,0,osm_nodes,28,0.008804,0.1123,
4257,dc,0,0,osm_nodes,30,0.003998,0.227,
4258,dc,1,0,osm_nodes,50,0.015619,0.2205,
4259,dc,0,0,osm_nodes,19,0.004508,0.1656,
4260,dc,1,0,osm_nodes,23,0.006785,0.2207,
4261,dc,1,1,osm_nodes,72,0.021954,0.1968,
4262,dc,1,0,osm_nodes,57,0.016621,0.311,
4263,dc,1,0,osm_nodes,57,0.016525,0.3057,
4264,dc,1,0,osm_nodes,81,0.022999,0.2036,
4265,dc,1,1,osm_nodes,77,0.021398,0.3086,
4266,dc,1,0,osm_nodes,102,0.024828,0.2465,
4267,dc,1,0,osm_nodes,71,0.020259,0.2092,
4268,dc,1,0,osm_nodes,53,0.018787,0.2119,
4269,dc,1,0,osm_nodes,110,0.027361,0.2081,
4270,dc,1,0,osm_nodes,72,0.023671,0.2082,
4271,dc,1,1,osm_nodes,111,0.023765,0.1666,
4272,dc,1,0,osm_nodes,63,0.024152,0.2251,
4273,dc,1,0,osm_nodes,30,0.011669,0.1694,
4274,dc,1,0,osm_nodes,71,0.023774,0.2277,
4275,dc,1,0,osm_nodes,76,0.024175,0.2199,
4276,dc,1,0,osm_nodes,87,0.027153,0.2666,
4277,dc,1,1,osm_nodes,83,0.022811,0.1972,
4278,dc,1,1,osm_nodes,87,0.02313,0.2301,
4279,dc,1,0,osm_nodes,84,0.017838,0.4017,
4280,dc,1,0,osm_nodes,99,0.027657,0.3111,
4281,dc,1,0,osm_nodes,96,0.027458,0.303,
4282,dc,1,0,osm_nodes,81,0.018027,0.3714,
4283,dc,1,0,osm_nodes,90,0.024885,0.2948,
4284,dc,1,0,osm_nodes,53,0.016716,0.1998,
4285,dc,1,0,osm_nodes,76,0.023887,0.3159,
4286,dc,1,1,osm_nodes,58,0.021188,0.2059,
4287,dc,1,1,osm_nodes,52,0.021911,0.1808,
4288,dc,1,0,osm_nodes,91,0.029405,0.1863,
4289,dc,1,1,osm_nodes,108,0.027787,0.2467,
4290,dc,1,1,osm_nodes,52,0.022247,0.2063,
4291,dc,1,0,osm_nodes,90,0.030988,0.1912,
4292,dc,1,0,osm_nodes,86,0.029431,0.2919,
4293,dc,1,0,osm_nodes,86,0.029606,0.2897,
4294,dc,0,0,osm_nodes,73,0.026236,0.2584,
4295,dc,1,1,osm_nodes,66,0.021417,0.1535,
4296,dc,1,0,osm_nodes,42,0.016917,0.1294,
4297,dc,1,0,osm_nodes,106,0.032176,0.2097,
4298,dc,1,0,osm_nodes,47,0.021087,0.2951,
4299,dc,1,0,osm_nodes,99,0.030248,0.263,
4300,dc,0,0,osm_nodes,61,0.024371,0.1816,
4302,dc,1,0,osm_nodes,66,0.023175,0.1705,
4303,dc,1,0,osm_nodes,43,0.018962,0.2565,
4304,dc,1,0,osm_nodes,43,0.018843,0.2652,
4305,dc,1,0,osm_nodes,43,0.018347,0.2573,
4306,dc,1,1,osm_nodes,59,0.024832,0.1805,
4307,dc,1,0,osm_nodes,42,0.017082,0.271,
4308,dc,0,0,osm_nodes,80,0.023759,0.2511,
4309,dc,1,1,osm_nodes,65,0.025895,0.1517,
4310,dc,1,0,osm_nodes,62,0.020282,0.2597,
4311,dc,1,0,osm_nodes,63,0.018759,0.2212,
4312,dc,1,1,osm_nodes,92,0.032061,0.2277,
4313,dc,1,0,osm_nodes,58,0.017466,0.2344,
4314,dc,1,1,osm_nodes,74,0.023539,0.204,
4315,dc,1,1,osm_nodes,64,0.023147,0.1557,
4316,dc,1,1,osm_nodes,99,0.028593,0.1914,
4317,dc,1,1,osm_nodes,99,0.029428,0.1372,
4318,dc,1,1,osm_nodes,61,0.01917,0.1904,
4319,dc,1,0,osm_nodes,43,0.011299,0.2747,
4320,dc,0,0,osm_nodes,24,0.007125,0.1696,
4321,dc,1,1,osm_nodes,94,0.027314,0.1392,
4322,dc,1,0,osm_nodes,35,0.010303,0.2463,
4323,dc,1,0,osm_nodes,77,0.0231,0.2152,
4324,dc,1,1,osm_nodes,74,0.021496,0.2553,
4325,dc,1,0,osm_nodes,46,0.015791,0.2669,
4326,dc,1,0,osm_nodes,53,0.015387,0.2177,
4327,dc,1,0,osm_nodes,62,0.008744,0.2291,
4329,dc,0,0,osm_nodes,73,0.008612,0.235,
4330,dc,1,0,osm_nodes,98,0.017543,0.1619,
4331,dc,1,1,osm_nodes,91,0.014939,0.1867,
4332,dc,1,0,osm_nodes,40,0.01345,0.1281,
4333,dc,1,0,osm_nodes,95,0.016486,0.1044,
4334,dc,1,0,osm_nodes,92,0.016427,0.084,
4335,dc,0,0,osm_nodes,62,0.006731,0.2077,
4336,dc,1,0,osm_nodes,100,0.017992,0.1079,
4337,dc,1,0,osm_nodes,100,0.015136,0.1859,
4338,dc,1,0,osm_nodes,30,0.013029,0.2202,
4339,dc,1,0,osm_nodes,32,0.013739,0.1781,
4340,dc,1,0,osm_nodes,32,0.013633,0.1658,
4341,dc,0,0,osm_nodes,10,0.001496,0.2725,
4342,dc,1,0,osm_nodes,19,0.009169,0.1266,
4343,dc,0,0,osm_nodes,39,0.012712,0.1307,
4344,dc,0,0,osm_nodes,8,0.0,0.1119,
4345,dc,0,0,osm_nodes,51,0.007211,0.3041,
4346,dc,1,0,osm_nodes,18,0.005176,0.079,
4347,dc,0,0,osm_nodes,53,0.00536,0.1375,
4348,dc,0,0,osm_nodes,14,0.002927,0.1075,
4349,dc,0,0,osm_nodes,38,0.000893,0.1812,
4350,dc,1,1,osm_nodes,7,0.000139,0.1438,
4351,dc,0,0,osm_nodes,57,0.00198,0.184,
4352,dc,0,0,osm_nodes,61,0.000893,0.166,
4353,dc,0,0,osm_nodes,35,0.000893,0.0884,
4354,dc,0,0,osm_nodes,32,0.000893,0.1292,
4355,dc,1,0,osm_nodes,18,0.004073,0.299,
4356,dc,0,0,osm_nodes,8,0.000127,0.0814,
4357,dc,0,0,osm_nodes,24,0.000463,0.2223,
4358,dc,0,0,osm_nodes,20,0.0,0.1235,
4359,dc,1,1,osm_nodes,21,0.005622,0.2356,
4360,dc,0,0,osm_nodes,22,0.0,0.1271,
4361,dc,0,0,osm_nodes,27,0.0,0.171,
4362,dc,0,0,osm_nodes,22,0.0,0.1157,
4363,dc,0,0,osm_nodes,25,0.0,0.1259,
4364,dc,0,0,osm_nodes,33,0.0,0.1776,
4365,dc,0,0,osm_nodes,22,0.0,0.1446,
4366,dc,0,0,osm_nodes,23,0.0,0.1629,
4367,dc,0,0,osm_nodes,13,0.0,0.1702,
4368,dc,0,0,osm_nodes,18,0.0,0.1455,
4369,dc,1,0,osm_nodes,30,0.008002,0.1832,
4370,dc,1,0,osm_nodes,37,0.007317,0.1763,
4371,dc,1,0,osm_nodes,39,0.007441,0.1788,
4372,dc,1,0,osm_nodes,41,0.007667,0.1918,
4373,dc,1,0,osm_nodes,42,0.008213,0.2111,
4374,dc,0,0,osm_nodes,5,0.000218,0.0777,
4375,dc,1,0,osm_nodes,46,0.008715,0.0981,
4376,dc,0,0,osm_nodes,6,0.003311,0.0473,
4377,dc,0,0,osm_nodes,12,0.00326,0.0631,
4378,dc,0,0,osm_nodes,5,0.002214,0.0435,
4379,dc,0,0,osm_nodes,12,0.002791,0.0676,
4380,dc,0,0,osm_nodes,12,0.002559,0.0642,
4381,dc,1,0,osm_nodes,47,0.008861,0.0931,
4382,dc,0,0,osm_nodes,16,0.003479,0.0795,
4383,dc,1,0,osm_nodes,40,0.009289,0.0266,
4384,dc,1,0,osm_nodes,45,0.008343,0.0511,
4385,dc,1,0,osm_nodes,29,0.009408,0.0071,
4386,dc,1,0,osm_nodes,26,0.009263,0.0113,
4387,dc,0,0,osm_nodes,30,0.003815,0.132,
4388,dc,1,0,osm_nodes,18,0.005218,0.0781,
4389,dc,1,1,osm_nodes,30,0.004592,0.0741,
4390,dc,0,0,osm_nodes,17,0.002026,0.1959,
4391,dc,1,0,osm_nodes,51,0.006298,0.0833,
4392,dc,0,0,osm_nodes,14,0.0,0.2582,
4393,dc,0,0,osm_nodes,14,0.0,0.2423,
4394,dc,1,0,osm_nodes,63,0.007645,0.1576,
4395,dc,1,0,osm_nodes,63,0.00813,0.1085,
4396,dc,0,0,osm_nodes,54,0.00813,0.0657,
4397,dc,1,0,osm_nodes,65,0.008167,0.117,
4398,dc,1,0,osm_nodes,60,0.007237,0.1134,
4399,dc,1,0,osm_nodes,64,0.008359,0.0664,
4400,dc,1,0,osm_nodes,66,0.00805,0.1618,
4401,dc,1,0,osm_nodes,66,0.0084,0.0758,
4402,dc,0,0,osm_nodes,4,0.0,0.1168,
4403,dc,1,0,osm_nodes,15,0.006848,0.1302,
4404,dc,1,0,osm_nodes,23,0.007293,0.1108,
4405,dc,0,0,osm_nodes,21,0.003735,0.0437,
4406,dc,1,1,osm_nodes,31,0.006352,0.2033,
4407,dc,1,1,osm_nodes,32,0.009562,0.0826,
4408,dc,0,0,osm_nodes,31,0.007132,0.1314,
4409,dc,1,0,osm_nodes,53,0.012977,0.1925,
4410,dc,1,0,osm_nodes,51,0.01238,0.1785,
4411,dc,1,0,osm_nodes,56,0.013227,0.185,
4412,dc,1,0,osm_nodes,50,0.012631,0.1836,
4413,dc,0,0,osm_nodes,6,0.0,0.1709,
4414,dc,0,0,osm_nodes,2,0.0,0.1052,
4415,dc,1,0,osm_nodes,70,0.010232,0.1837,
4416,dc,1,0,osm_nodes,67,0.011334,0.1607,
4417,dc,1,0,osm_nodes,99,0.0146,0.2378,
4418,dc,1,0,osm_nodes,92,0.013039,0.1835,
4419,dc,1,0,osm_nodes,101,0.015628,0.2347,
4420,dc,1,0,osm_nodes,103,0.019078,0.2042,
4421,dc,0,0,osm_nodes,10,0.0,0.1577,
4422,dc,0,0,osm_nodes,9,0.0,0.1743,
4423,dc,0,0,osm_nodes,10,0.000706,0.0964,
4424,dc,1,0,osm_nodes,12,0.004266,0.2075,
4425,dc,1,0,osm_nodes,24,0.007223,0.1649,
4426,dc,1,1,osm_nodes,48,0.012034,0.09,
4427,dc,1,1,osm_nodes,49,0.012381,0.0802,
4428,dc,1,1,osm_nodes,46,0.012747,0.0872,
4429,dc,1,0,osm_nodes,27,0.01071,0.1879,
4430,dc,1,0,osm_nodes,35,0.013592,0.1835,
4431,dc,0,0,osm_nodes,19,0.0,0.1777,
4432,dc,0,0,osm_nodes,27,0.010718,0.207,
4433,dc,0,0,osm_nodes,9,0.0,0.1288,
4434,dc,0,0,osm_nodes,16,0.00136,0.205,
4435,dc,1,0,osm_nodes,21,0.010172,0.1736,
4436,dc,1,0,osm_nodes,25,0.010222,0.1851,
4437,dc,1,0,osm_nodes,24,0.01063,0.2247,
4438,dc,0,0,osm_nodes,23,0.006589,0.1993,
4439,dc,0,0,osm_nodes,10,0.0,0.079,
4440,dc,1,0,osm_nodes,24,0.006843,0.1818,
4441,dc,1,0,osm_nodes,31,0.007572,0.136,
4442,dc,0,0,osm_nodes,25,0.006382,0.1814,
4443,dc,1,0,osm_nodes,21,0.004636,0.0474,
4444,dc,0,0,osm_nodes,51,0.010896,0.1557,
4445,dc,0,0,osm_nodes,58,0.01348,0.1567,
4446,dc,0,0,osm_nodes,60,0.014647,0.1389,
4447,dc,1,1,osm_nodes,60,0.013493,0.1938,
4448,dc,1,1,osm_nodes,59,0.012339,0.1751,
4449,dc,1,1,osm_nodes,56,0.01287,0.1866,
4450,dc,1,1,osm_nodes,64,0.013161,0.2108,
4451,dc,1,0,osm_nodes,48,0.010892,0.2732,
4452,dc,1,0,osm_nodes,50,0.010872,0.2294,
4453,dc,1,0,osm_nodes,39,0.009205,0.2785,
4454,dc,1,0,osm_nodes,16,0.004712,0.0217,
4455,dc,1,0,osm_nodes,35,0.006811,0.0199,
4456,dc,1,0,osm_nodes,36,0.006594,0.0378,
4457,dc,1,0,osm_nodes,29,0.016438,0.1141,
4458,dc,1,0,osm_nodes,43,0.020394,0.1489,
4459,dc,1,0,osm_nodes,52,0.025454,0.1266,
4460,dc,1,0,osm_nodes,49,0.019309,0.1227,
4461,dc,1,0,osm_nodes,51,0.024171,0.083,
4462,dc,1,1,osm_nodes,51,0.02486,0.0738,
4463,dc,1,0,osm_nodes,43,0.015094,0.1929,
4464,dc,1,0,osm_nodes,35,0.01415,0.1574,
4465,dc,1,0,osm_nodes,57,0.01729,0.2279,
4466,dc,1,0,osm_nodes,41,0.014828,0.1581,
4467,dc,1,0,osm_nodes,42,0.014686,0.1436,
4468,dc,1,0,osm_nodes,46,0.015939,0.1537,
4469,dc,1,1,osm_nodes,57,0.023154,0.1853,
4470,dc,1,1,osm_nodes,54,0.023124,0.1079,
4471,dc,1,1,osm_nodes,45,0.02208,0.1093,
4472,dc,1,1,osm_nodes,42,0.019489,0.0869,
4473,dc,1,0,osm_nodes,13,0.011651,0.0908,
4474,dc,0,0,osm_nodes,38,0.01892,0.0963,
4475,dc,1,1,osm_nodes,34,0.020538,0.109,
4476,dc,1,0,osm_nodes,42,0.021128,0.0709,
4477,dc,1,0,osm_nodes,34,0.013801,0.1411,
4478,dc,1,0,osm_nodes,34,0.013861,0.1443,
4479,dc,1,1,osm_nodes,30,0.020534,0.1106,
4480,dc,1,1,osm_nodes,30,0.020524,0.1091,
4481,dc,1,0,osm_nodes,46,0.02294,0.0698,
4482,dc,1,0,osm_nodes,57,0.025576,0.1662,
4483,dc,1,0,osm_nodes,60,0.02588,0.1586,
4484,dc,1,0,osm_nodes,61,0.015826,0.1866,
4485,dc,1,0,osm_nodes,58,0.015464,0.1981,
4486,dc,1,0,osm_nodes,64,0.020436,0.1005,
4487,dc,1,0,osm_nodes,59,0.018302,0.052,
4488,dc,1,0,osm_nodes,72,0.019375,0.1041,
4489,dc,1,0,osm_nodes,55,0.017491,0.0318,
4490,dc,1,1,osm_nodes,49,0.017595,0.3624,
4491,dc,1,1,osm_nodes,48,0.017513,0.3568,
4492,dc,1,0,osm_nodes,48,0.013786,0.1634,
4493,dc,1,0,osm_nodes,51,0.014641,0.1478,
4494,dc,1,1,osm_nodes,25,0.008777,0.0832,
4495,dc,1,0,osm_nodes,35,0.021404,0.0775,
4496,dc,1,0,osm_nodes,56,0.022057,0.128,
4497,dc,1,0,osm_nodes,89,0.028571,0.244,
4498,dc,1,0,osm_nodes,90,0.029073,0.2583,
4499,dc,1,0,osm_nodes,75,0.022403,0.1,
4500,dc,1,0,osm_nodes,75,0.022799,0.0874,
4501,dc,1,1,osm_nodes,56,0.017783,0.1003,
4502,dc,1,0,osm_nodes,71,0.025276,0.3813,
4503,dc,1,0,osm_nodes,21,0.005288,0.3661,
4504,dc,1,1,osm_nodes,41,0.014717,0.0622,
4505,dc,1,0,osm_nodes,26,0.014303,0.0946,
4506,dc,1,0,osm_nodes,26,0.014393,0.0761,
4507,dc,1,0,osm_nodes,32,0.013211,0.2178,
4508,dc,1,0,osm_nodes,33,0.018439,0.079,
4509,dc,1,0,osm_nodes,48,0.016219,0.2212,
4510,dc,1,0,osm_nodes,33,0.024583,0.135,
4511,dc,1,0,osm_nodes,43,0.026268,0.1252,
4512,dc,1,0,osm_nodes,54,0.018073,0.1434,
4513,dc,1,0,osm_nodes,52,0.019471,0.061,
4514,dc,1,0,osm_nodes,35,0.014907,0.1392,
4515,dc,0,0,osm_nodes,36,0.012822,0.2725,
4516,dc,1,0,osm_nodes,45,0.024139,0.0617,
4517,dc,1,0,osm_nodes,39,0.013566,0.3087,
4518,dc,1,0,osm_nodes,40,0.013632,0.3141,
4519,dc,1,0,osm_nodes,50,0.0265,0.1355,
4520,dc,1,0,osm_nodes,40,0.013478,0.2634,
4521,dc,1,0,osm_nodes,40,0.013694,0.2501,
4522,dc,1,0,osm_nodes,56,0.015372,0.1633,
4523,dc,1,0,osm_nodes,53,0.014372,0.1336,
4524,dc,1,0,osm_nodes,18,0.01402,0.0793,
4525,dc,1,0,osm_nodes,29,0.013754,0.1528,
4526,dc,1,0,osm_nodes,25,0.020115,0.16,
4527,dc,1,0,osm_nodes,48,0.026976,0.1315,
4528,dc,1,0,osm_nodes,67,0.02718,0.0982,
4529,dc,1,0,osm_nodes,39,0.019862,0.1295,
4530,dc,1,0,osm_nodes,37,0.01989,0.1099,
4531,dc,1,0,osm_nodes,76,0.025485,0.1074,
4532,dc,1,0,osm_nodes,72,0.024702,0.1095,
4533,dc,1,0,osm_nodes,63,0.022666,0.1294,
4534,dc,1,0,osm_nodes,36,0.021004,0.1065,
4535,dc,1,0,osm_nodes,37,0.02112,0.1077,
4536,dc,1,0,osm_nodes,37,0.021633,0.1094,
4537,dc,1,0,osm_nodes,38,0.021893,0.1134,
4538,dc,1,0,osm_nodes,54,0.01646,0.0898,
4539,dc,1,0,osm_nodes,67,0.020002,0.2137,
4540,dc,1,0,osm_nodes,41,0.016194,0.0865,
4541,dc,1,1,osm_nodes,78,0.034108,0.1258,
4542,dc,1,1,osm_nodes,78,0.034103,0.1183,
4543,dc,1,1,osm_nodes,79,0.034345,0.107,
4544,dc,1,0,osm_nodes,39,0.008592,0.0339,
4545,dc,1,0,osm_nodes,54,0.021166,0.259,
4546,dc,1,0,osm_nodes,62,0.017659,0.4118,
4547,dc,1,0,osm_nodes,69,0.017723,0.6064,
4548,dc,1,0,osm_nodes,75,0.018631,0.5914,
4549,dc,1,0,osm_nodes,84,0.01957,0.5111,
4550,dc,1,0,osm_nodes,84,0.019665,0.5117,
4551,dc,1,0,osm_nodes,46,0.021928,0.2372,
4552,dc,1,0,osm_nodes,73,0.02361,0.1535,
4553,dc,1,0,osm_nodes,75,0.020435,0.626,
4554,dc,0,0,osm_nodes,7,0.0,0.0553,
4555,dc,0,0,osm_nodes,11,9.4e-05,0.1932,
4556,dc,0,0,osm_nodes,19,0.0,0.1792,
4557,dc,1,0,osm_nodes,30,0.007736,0.2474,
4558,dc,1,0,osm_nodes,33,0.007963,0.2314,
4559,dc,0,0,osm_nodes,31,0.003248,0.1578,
4560,dc,1,0,osm_nodes,42,0.006653,0.2121,
4561,dc,1,0,osm_nodes,49,0.013713,0.2383,
4562,dc,1,0,osm_nodes,69,0.014934,0.2798,
4563,dc,1,0,osm_nodes,50,0.013935,0.247,
4564,dc,1,0,osm_nodes,61,0.013958,0.2881,
4565,dc,1,0,osm_nodes,52,0.012058,0.3062,
4566,dc,0,0,osm_nodes,45,0.007892,0.246,
4567,dc,1,0,osm_nodes,36,0.010687,0.1718,
4568,dc,0,0,osm_nodes,24,0.002812,0.2113,
4569,dc,1,0,osm_nodes,49,0.009685,0.1863,
4570,dc,1,0,osm_nodes,48,0.009487,0.1592,
4571,dc,1,0,osm_nodes,52,0.010478,0.1954,
4572,dc,1,0,osm_nodes,54,0.012768,0.2096,
4573,dc,0,0,osm_nodes,76,0.013001,0.1097,
4574,dc,0,0,osm_nodes,99,0.017472,0.2008,
4575,dc,1,0,osm_nodes,87,0.013818,0.1608,
4576,dc,1,0,osm_nodes,106,0.017361,0.1989,
4577,dc,1,0,osm_nodes,103,0.016916,0.1849,
4578,dc,1,0,osm_nodes,17,0.006341,0.0,
4579,dc,1,0,osm_nodes,85,0.012942,0.1586,
4580,dc,1,1,osm_nodes,14,0.010137,0.0522,
4581,dc,1,0,osm_nodes,51,0.012288,0.1168,
4582,dc,1,0,osm_nodes,102,0.016042,0.1834,
4583,dc,1,1,osm_nodes,51,0.012817,0.1976,
4584,dc,1,1,osm_nodes,48,0.012166,0.1813,
4585,dc,1,0,osm_nodes,69,0.014328,0.1082,
4586,dc,1,0,osm_nodes,70,0.014195,0.0867,
4587,dc,1,0,osm_nodes,98,0.015047,0.2451,
4588,dc,1,1,osm_nodes,65,0.012882,0.047,
4589,dc,1,0,osm_nodes,90,0.013189,0.218,
4590,dc,1,1,osm_nodes,55,0.012113,0.0333,
4591,dc,1,0,osm_nodes,26,0.012455,0.1629,
4592,dc,1,0,osm_nodes,91,0.012699,0.2144,
4593,dc,1,0,osm_nodes,26,0.009882,0.1173,
4594,dc,0,0,osm_nodes,23,0.00949,0.1675,
4595,dc,0,0,osm_nodes,71,0.008834,0.1852,
4596,dc,1,0,osm_nodes,30,0.008913,0.1733,
4597,dc,1,0,osm_nodes,28,0.007211,0.099,
4598,dc,1,0,osm_nodes,29,0.007552,0.1094,
4599,dc,1,0,osm_nodes,28,0.007263,0.1113,
4600,dc,1,0,osm_nodes,29,0.008475,0.1729,
4601,dc,0,0,osm_nodes,27,0.00636,0.1699,
4602,dc,1,0,osm_nodes,20,0.006372,0.1762,
4603,dc,1,0,osm_nodes,40,0.007829,0.192,
4604,dc,0,0,osm_nodes,12,0.0,0.1551,
4605,dc,0,0,osm_nodes,8,0.002306,0.1831,
4606,dc,1,0,osm_nodes,25,0.010733,0.134,
4607,dc,1,0,osm_nodes,18,0.003005,0.0874,
4608,dc,0,0,osm_nodes,6,0.005371,0.0184,
4609,dc,1,1,osm_nodes,39,0.008868,0.0866,
4610,dc,1,1,osm_nodes,45,0.008565,0.1808,
4611,dc,0,0,osm_nodes,26,0.008449,0.2098,
4612,dc,0,0,osm_nodes,21,0.0,0.1955,
4613,dc,1,0,osm_nodes,29,0.005606,0.1526,
4614,dc,1,0,osm_nodes,35,0.007793,0.1946,
4615,dc,0,0,osm_nodes,32,0.0,0.1844,
4616,dc,0,0,osm_nodes,33,0.000602,0.172,
4617,dc,1,0,osm_nodes,25,0.005816,0.0986,
4618,dc,1,0,osm_nodes,34,0.015259,0.0665,
4619,dc,1,0,osm_nodes,42,0.016674,0.0767,
4620,dc,1,0,osm_nodes,33,0.015118,0.0928,
4621,dc,0,0,osm_nodes,42,0.003438,0.2084,
4622,dc,0,0,osm_nodes,34,0.00402,0.194,
4623,dc,1,0,osm_nodes,60,0.022303,0.1113,
4624,dc,1,0,osm_nodes,34,0.013903,0.1904,
4625,dc,1,0,osm_nodes,39,0.015317,0.1999,
4626,dc,1,0,osm_nodes,64,0.024051,0.2003,
4627,dc,1,0,osm_nodes,20,0.011349,0.1541,
4628,dc,1,0,osm_nodes,71,0.027915,0.1705,
4629,dc,1,0,osm_nodes,65,0.025149,0.2205,
4630,dc,0,0,osm_nodes,31,0.005309,0.0652,
4631,dc,1,0,osm_nodes,21,0.011575,0.1424,
4632,dc,0,0,osm_nodes,25,0.004453,0.0875,
4633,dc,1,0,osm_nodes,31,0.012305,0.0501,
4634,dc,1,0,osm_nodes,33,0.012331,0.0701,
4635,dc,0,0,osm_nodes,25,0.00415,0.0919,
4636,dc,1,0,osm_nodes,69,0.028635,0.2014,
4637,dc,1,0,osm_nodes,34,0.005566,0.0891,
4638,dc,1,0,osm_nodes,39,0.006182,0.0694,
4639,dc,1,0,osm_nodes,31,0.00816,0.1254,
4640,dc,1,0,osm_nodes,41,0.006341,0.0672,
4641,dc,1,0,osm_nodes,38,0.006372,0.0756,
4642,dc,1,1,osm_nodes,42,0.014416,0.0713,
4643,dc,1,0,osm_nodes,84,0.033433,0.1809,
4644,dc,1,0,osm_nodes,38,0.007232,0.1142,
4645,dc,1,0,osm_nodes,68,0.030137,0.1319,
4646,dc,1,0,osm_nodes,39,0.007386,0.0755,
4647,dc,1,0,osm_nodes,44,0.022175,0.1774,
4648,dc,1,0,osm_nodes,46,0.022417,0.169,
4649,dc,1,1,osm_nodes,52,0.015138,0.108,
4650,dc,1,1,osm_nodes,56,0.016097,0.1546,
4651,dc,1,0,osm_nodes,49,0.020323,0.156,
4652,dc,1,0,osm_nodes,77,0.022421,0.1281,
4653,dc,1,0,osm_nodes,77,0.02382,0.1228,
4654,dc,0,0,osm_nodes,43,0.005991,0.104,
4655,dc,1,0,osm_nodes,13,0.006315,0.1668,
4656,dc,1,0,osm_nodes,18,0.001972,0.2491,
4657,dc,1,0,osm_nodes,55,0.016517,0.113,
4658,dc,1,0,osm_nodes,72,0.017863,0.1715,
4659,dc,1,0,osm_nodes,51,0.015429,0.1299,
4660,dc,1,0,osm_nodes,47,0.014844,0.1319,
4661,dc,1,0,osm_nodes,51,0.014485,0.1304,
4662,dc,1,0,osm_nodes,81,0.02371,0.1501,
4663,dc,1,0,osm_nodes,48,0.015073,0.1681,
4664,dc,0,0,osm_nodes,24,0.0,0.1645,
4665,dc,0,0,osm_nodes,20,0.0,0.1633,
4666,dc,1,0,osm_nodes,33,0.007842,0.2384,
4667,dc,1,0,osm_nodes,34,0.007898,0.2126,
4668,dc,0,0,osm_nodes,17,0.0,0.2034,
4669,dc,1,0,osm_nodes,38,0.00939,0.1487,
4670,dc,0,0,osm_nodes,16,0.0,0.1862,
4671,dc,1,0,osm_nodes,33,0.011063,0.0781,
4672,dc,0,0,osm_nodes,57,0.014399,0.1998,
4673,dc,0,0,osm_nodes,25,0.006142,0.1926,
4674,dc,0,0,osm_nodes,22,0.0,0.1823,
4675,dc,0,0,osm_nodes,20,0.0,0.1654,
4676,dc,1,0,osm_nodes,32,0.010866,0.0518,
4677,dc,1,0,osm_nodes,26,0.011487,0.175,
4678,dc,0,0,osm_nodes,14,0.0,0.2792,
4679,dc,0,0,osm_nodes,16,0.000307,0.1524,
4680,dc,0,0,osm_nodes,16,0.0,0.1261,
4681,dc,0,0,osm_nodes,10,5e-05,0.119,
4682,dc,0,0,osm_nodes,6,0.0,0.086,
4683,dc,1,0,osm_nodes,50,0.013452,0.1719,
4684,dc,1,1,osm_nodes,13,0.006049,0.0367,
4685,dc,1,1,osm_nodes,13,0.00591,0.0389,
4686,dc,1,0,osm_nodes,30,0.012224,0.1679,
4687,dc,1,0,osm_nodes,54,0.015804,0.2057,
4688,dc,1,0,osm_nodes,30,0.010649,0.2034,
4689,dc,1,0,osm_nodes,12,0.009304,0.1472,
4690,dc,1,0,osm_nodes,39,0.014986,0.1841,
4691,dc,1,0,osm_nodes,39,0.011504,0.0963,
4692,dc,1,1,osm_nodes,33,0.012579,0.2028,
4693,dc,1,1,osm_nodes,36,0.012854,0.2001,
4694,dc,1,1,osm_nodes,38,0.013825,0.1864,
4695,dc,1,1,osm_nodes,31,0.010365,0.0541,
4696,dc,1,1,osm_nodes,31,0.010386,0.0328,
4697,dc,1,1,osm_nodes,29,0.009604,0.0801,
4698,dc,1,1,osm_nodes,35,0.011057,0.1512,
4699,dc,1,1,osm_nodes,31,0.010275,0.0416,
4700,dc,0,0,osm_nodes,45,0.01613,0.2842,
4701,dc,1,0,osm_nodes,59,0.021348,0.1863,
4702,dc,1,0,osm_nodes,63,0.021546,0.1994,
4703,dc,1,0,osm_nodes,57,0.021755,0.218,
4704,dc,1,0,osm_nodes,27,0.015306,0.1832,
4705,dc,1,0,osm_nodes,61,0.025491,0.2463,
4706,dc,1,0,osm_nodes,66,0.026652,0.251,
4707,dc,1,0,osm_nodes,70,0.027643,0.2512,
4708,dc,1,0,osm_nodes,57,0.015066,0.2031,
4709,dc,1,0,osm_nodes,32,0.013676,0.2603,
4710,dc,0,0,osm_nodes,23,0.006557,0.1299,
4711,dc,1,1,osm_nodes,42,0.020377,0.0955,
4712,dc,1,0,osm_nodes,51,0.015585,0.2225,
4713,dc,1,1,osm_nodes,50,0.023654,0.1145,
4714,dc,1,0,osm_nodes,52,0.017484,0.2441,
4715,dc,1,0,osm_nodes,53,0.01842,0.2054,
4716,dc,0,0,osm_nodes,32,0.0,0.1487,
4717,dc,0,0,osm_nodes,32,0.0,0.1111,
4718,dc,0,0,osm_nodes,30,0.0,0.0838,
4719,dc,0,0,osm_nodes,31,0.0,0.0604,
4720,dc,1,1,osm_nodes,51,0.017403,0.1559,
4721,dc,1,1,osm_nodes,53,0.01755,0.1576,
4722,dc,1,0,osm_nodes,52,0.018625,0.1466,
4723,dc,0,0,osm_nodes,28,0.003181,0.0154,
4724,dc,1,0,osm_nodes,35,0.003951,0.0364,
4725,dc,1,0,osm_nodes,30,0.015497,0.1355,
4726,dc,1,0,osm_nodes,11,0.004198,0.1109,
4727,dc,1,0,osm_nodes,14,0.002632,0.0581,
4728,dc,0,0,osm_nodes,33,0.008404,0.1238,
4729,dc,0,0,osm_nodes,9,0.000186,0.0604,
4730,dc,1,0,osm_nodes,40,0.01069,0.1193,
4731,dc,1,0,osm_nodes,36,0.010893,0.1681,
4732,dc,1,0,osm_nodes,49,0.014107,0.1889,
4733,dc,0,0,osm_nodes,21,0.003724,0.1323,
4734,dc,1,0,osm_nodes,11,0.003148,0.0259,
4735,dc,1,0,osm_nodes,18,0.007885,0.13,
4736,dc,1,1,osm_nodes,59,0.015936,0.1544,
4737,dc,1,0,osm_nodes,18,0.012517,0.2247,
4738,dc,1,1,osm_nodes,53,0.015693,0.1583,
4739,dc,0,0,osm_nodes,13,0.005234,0.0361,
4740,dc,1,0,osm_nodes,60,0.015749,0.204,
4741,dc,0,0,osm_nodes,17,0.002924,0.1452,
4742,dc,1,0,osm_nodes,51,0.014787,0.2398,
4743,dc,0,0,osm_nodes,16,8.4e-05,0.1081,
4744,dc,1,0,osm_nodes,20,0.010627,0.1308,
4745,dc,0,0,osm_nodes,39,0.003773,0.0339,
4746,dc,1,0,osm_nodes,46,0.012688,0.0369,
4747,dc,0,0,osm_nodes,39,0.0,0.1337,
4748,dc,0,0,osm_nodes,32,0.0,0.1708,
4749,dc,0,0,osm_nodes,34,0.0,0.1709,
4750,dc,1,0,osm_nodes,33,0.009213,0.0766,
4751,dc,1,0,osm_nodes,39,0.011353,0.0656,
4752,dc,1,0,osm_nodes,39,0.009148,0.1465,
4753,dc,1,0,osm_nodes,56,0.01335,0.0224,
4754,dc,1,0,osm_nodes,56,0.01352,0.0182,
4755,dc,1,0,osm_nodes,29,0.012162,0.0936,
4756,dc,1,0,osm_nodes,17,0.004824,0.1488,
4757,dc,0,0,osm_nodes,21,0.001375,0.0983,
4758,dc,0,0,osm_nodes,22,0.001255,0.0905,
4759,dc,0,0,osm_nodes,6,0.00279,0.0323,
4760,dc,1,0,osm_nodes,51,0.009771,0.1179,
4761,dc,1,0,osm_nodes,49,0.00809,0.1452,
4762,dc,1,0,osm_nodes,66,0.01234,0.0529,
4763,dc,1,0,osm_nodes,65,0.013075,0.1373,
4764,dc,1,0,osm_nodes,69,0.012965,0.1535,
4765,dc,1,0,osm_nodes,56,0.012739,0.1667,
4766,dc,1,0,osm_nodes,73,0.012449,0.1806,
4767,dc,1,0,osm_nodes,30,0.009511,0.1798,
4768,dc,1,0,osm_nodes,68,0.011474,0.2006,
4769,dc,1,0,osm_nodes,29,0.006366,0.1548,
4770,dc,1,0,osm_nodes,35,0.006514,0.0751,
4771,dc,1,0,osm_nodes,30,0.009156,0.0171,
4772,dc,1,1,osm_nodes,46,0.015471,0.1679,
4773,dc,1,1,osm_nodes,37,0.014227,0.1563,
4774,dc,0,1,osm_nodes,40,0.016087,0.094,
4775,dc,1,0,osm_nodes,12,0.009668,0.0985,
4776,dc,1,0,osm_nodes,29,0.008842,0.1229,
4777,dc,1,0,osm_nodes,60,0.017246,0.1886,
4778,dc,1,0,osm_nodes,38,0.012994,0.1529,
4779,dc,1,0,osm_nodes,64,0.017871,0.1597,
4780,dc,1,0,osm_nodes,41,0.013892,0.16,
4781,dc,1,0,osm_nodes,82,0.020588,0.0828,
4782,dc,1,0,osm_nodes,82,0.021194,0.0931,
4783,dc,1,0,osm_nodes,63,0.018262,0.1389,
4784,dc,1,0,osm_nodes,97,0.016195,0.3043,
4785,dc,1,0,osm_nodes,96,0.015031,0.1576,
4786,dc,1,0,osm_nodes,97,0.020093,0.0837,
4787,dc,1,0,osm_nodes,46,0.014418,0.1027,
4788,dc,1,1,osm_nodes,60,0.017976,0.0666,
4789,dc,1,1,osm_nodes,30,0.009501,0.1423,
4790,dc,1,0,osm_nodes,33,0.013834,0.1849,
4791,dc,0,0,osm_nodes,5,0.004485,0.0149,
4792,dc,1,0,osm_nodes,15,0.008588,0.018,
4793,dc,1,0,osm_nodes,23,0.012482,0.0586,
4794,dc,1,1,osm_nodes,40,0.025668,0.164,
4795,dc,1,1,osm_nodes,36,0.025032,0.1532,
4796,dc,1,0,osm_nodes,36,0.014922,0.0836,
4797,dc,1,0,osm_nodes,23,0.005111,0.1068,
4798,dc,1,0,osm_nodes,41,0.020632,0.205,
4799,dc,1,0,osm_nodes,29,0.006536,0.1591,
4800,dc,1,0,osm_nodes,37,0.017335,0.2394,
4801,dc,1,1,osm_nodes,38,0.020906,0.2118,
4802,dc,1,0,osm_nodes,19,0.017103,0.1718,
4803,dc,1,0,osm_nodes,67,0.0153,0.1825,
4804,dc,1,0,osm_nodes,35,0.008912,0.2115,
4805,dc,1,0,osm_nodes,48,0.012611,0.1307,
4806,dc,1,1,osm_nodes,53,0.02006,0.225,
4807,dc,1,1,osm_nodes,53,0.020523,0.232,
4808,dc,1,0,osm_nodes,29,0.01573,0.0791,
4809,dc,1,0,osm_nodes,38,0.009773,0.1674,
4810,dc,1,0,osm_nodes,53,0.012195,0.1819,
4811,dc,0,0,osm_nodes,42,0.010008,0.1361,
4812,dc,1,0,osm_nodes,35,0.009888,0.1533,
4813,dc,1,1,osm_nodes,50,0.017177,0.1467,
4814,dc,1,0,osm_nodes,37,0.006837,0.0974,
4815,dc,1,0,osm_nodes,21,0.011661,0.1335,
4816,dc,1,0,osm_nodes,24,0.014947,0.1327,
4817,dc,1,0,osm_nodes,32,0.009394,0.3007,
4818,dc,1,1,osm_nodes,21,0.006536,0.1997,
4819,dc,1,0,osm_nodes,45,0.011705,0.1415,
4820,dc,1,0,osm_nodes,28,0.009787,0.2788,
4821,dc,1,0,osm_nodes,43,0.011221,0.1364,
4822,dc,1,0,osm_nodes,37,0.008437,0.1699,
4823,dc,0,0,osm_nodes,37,0.008017,0.1926,
4824,dc,1,0,osm_nodes,30,0.013415,0.2511,
4825,dc,1,1,osm_nodes,41,0.01,0.1089,
4826,dc,1,0,osm_nodes,38,0.011141,0.1813,
4827,dc,1,0,osm_nodes,39,0.011463,0.1682,
4828,dc,1,0,osm_nodes,36,0.009379,0.1371,
4829,dc,1,1,osm_nodes,47,0.017467,0.1477,
4830,dc,1,0,osm_nodes,36,0.011161,0.0844,
4831,dc,1,0,osm_nodes,29,0.009809,0.1554,
4832,dc,1,0,osm_nodes,37,0.010006,0.0856,
4833,dc,1,1,osm_nodes,45,0.01801,0.162,
4834,dc,1,0,osm_nodes,34,0.015434,0.1492,
4835,dc,1,0,osm_nodes,40,0.020974,0.1676,
4836,dc,1,0,osm_nodes,18,0.017941,0.2137,
4837,dc,1,1,osm_nodes,45,0.023346,0.1564,
4838,dc,1,0,osm_nodes,41,0.006683,0.2426,
4839,dc,1,0,osm_nodes,37,0.007016,0.1354,
4840,dc,1,0,osm_nodes,38,0.019038,0.1353,
4841,dc,1,0,osm_nodes,16,0.002753,0.1611,
4842,dc,1,0,osm_nodes,38,0.019039,0.1078,
4843,dc,1,0,osm_nodes,20,0.013444,0.0655,
4844,dc,0,0,osm_nodes,32,0.003089,0.1768,
4845,dc,1,1,osm_nodes,38,0.020933,0.155,
4846,dc,1,1,osm_nodes,38,0.025168,0.17,
4847,dc,1,0,osm_nodes,42,0.018822,0.1544,
4848,dc,0,0,osm_nodes,15,0.003686,0.0787,
4849,dc,1,1,osm_nodes,41,0.015358,0.2435,
4850,dc,1,1,osm_nodes,38,0.025333,0.1581,
4851,dc,1,0,osm_nodes,21,0.013076,0.0609,
4852,dc,1,1,osm_nodes,42,0.021692,0.1462,
4853,dc,0,0,osm_nodes,32,0.004293,0.1816,
4854,dc,1,0,osm_nodes,41,0.019249,0.1418,
4855,dc,1,0,osm_nodes,27,0.00567,0.14,
4856,dc,1,0,osm_nodes,27,0.005671,0.1373,
4857,dc,1,0,osm_nodes,25,0.002361,0.1564,
4858,dc,1,0,osm_nodes,25,0.004395,0.1488,
4859,dc,1,0,osm_nodes,25,0.004198,0.1534,
4860,dc,0,0,osm_nodes,27,0.005197,0.1204,
4861,dc,1,0,osm_nodes,24,0.004523,0.1429,
4862,dc,0,0,osm_nodes,22,0.003599,0.2311,
4863,dc,1,1,osm_nodes,48,0.01975,0.1352,
4864,dc,1,1,osm_nodes,48,0.026982,0.0621,
4865,dc,1,1,osm_nodes,59,0.027247,0.0881,
4866,dc,1,1,osm_nodes,53,0.019068,0.1353,
4867,dc,0,0,osm_nodes,24,0.004538,0.1869,
4868,dc,0,0,osm_nodes,24,0.004085,0.158,
4869,dc,0,0,osm_nodes,20,0.003131,0.1519,
4870,dc,1,1,osm_nodes,31,0.010896,0.2158,
4871,dc,1,0,osm_nodes,15,0.013928,0.085,
4872,dc,1,1,osm_nodes,24,0.010263,0.1894,
4873,dc,1,1,osm_nodes,27,0.014702,0.1636,
4874,dc,0,0,osm_nodes,17,0.0,0.1581,
4875,dc,0,0,osm_nodes,14,0.002008,0.1054,
4876,dc,1,0,osm_nodes,16,0.01174,0.0664,
4877,dc,1,0,osm_nodes,18,0.002786,0.1483,
4878,dc,1,0,osm_nodes,21,0.003357,0.1381,
4879,dc,1,0,osm_nodes,6,0.010808,0.0663,
4880,dc,1,0,osm_nodes,7,0.01111,0.0534,
4881,dc,1,0,osm_nodes,25,0.003807,0.1914,
4882,dc,1,0,osm_nodes,22,0.003274,0.1845,
4883,dc,1,1,osm_nodes,13,0.015773,0.0,
4884,dc,1,1,osm_nodes,40,0.011901,0.1027,
4885,dc,1,0,osm_nodes,22,0.010779,0.1131,
4886,dc,0,0,osm_nodes,29,8.9e-05,0.2581,
4887,dc,1,0,osm_nodes,25,0.014826,0.0562,
4888,dc,0,0,osm_nodes,27,0.014155,0.0617,
4889,dc,0,0,osm_nodes,16,0.006771,0.0734,
4890,dc,0,0,osm_nodes,19,0.0,0.1519,
4891,dc,1,0,osm_nodes,26,0.011125,0.3629,
4892,dc,1,0,osm_nodes,55,0.013035,0.2043,
4893,dc,1,0,osm_nodes,44,0.010729,0.1121,
4894,dc,1,1,osm_nodes,34,0.010868,0.1453,
4895,dc,1,0,osm_nodes,41,0.014297,0.1756,
4896,dc,1,0,osm_nodes,49,0.013534,0.1722,
4897,dc,1,1,osm_nodes,53,0.013343,0.1719,
4898,dc,1,1,osm_nodes,52,0.013062,0.1707,
4899,dc,0,1,osm_nodes,57,0.012864,0.1662,
4900,dc,1,1,osm_nodes,54,0.014334,0.1284,
4901,dc,1,1,osm_nodes,59,0.013114,0.1959,
4902,dc,1,0,osm_nodes,56,0.011116,0.1485,
4903,dc,1,0,osm_nodes,41,0.014124,0.1814,
4904,dc,1,1,osm_nodes,48,0.016786,0.1544,
4905,dc,1,0,osm_nodes,23,0.009069,0.2345,
4906,dc,1,1,osm_nodes,30,0.008212,0.0454,
4907,dc,1,1,osm_nodes,29,0.008272,0.0528,
4908,dc,1,1,osm_nodes,31,0.007571,0.0445,
4909,dc,1,0,osm_nodes,32,0.013182,0.1727,
4910,dc,1,0,osm_nodes,38,0.004019,0.1712,
4911,dc,0,0,osm_nodes,24,0.00353,0.1952,
4912,dc,1,0,osm_nodes,43,0.006605,0.0496,
4913,dc,1,0,osm_nodes,36,0.007973,0.0367,
4914,dc,1,1,osm_nodes,35,0.004022,0.217,
4915,dc,1,1,osm_nodes,37,0.008147,0.0798,
4916,dc,0,0,osm_nodes,45,0.004181,0.2674,
4917,dc,0,0,osm_nodes,33,0.006872,0.1391,
4918,dc,1,0,osm_nodes,17,0.007286,0.1111,
4919,dc,0,0,osm_nodes,45,0.000169,0.1309,
4920,dc,0,0,osm_nodes,29,0.0,0.1228,
4921,dc,0,0,osm_nodes,47,0.0,0.1652,
4922,dc,0,0,osm_nodes,49,0.0,0.1179,
4923,dc,0,0,osm_nodes,65,0.000597,0.1758,
4924,dc,0,0,osm_nodes,54,0.001694,0.2231,
4925,dc,1,0,osm_nodes,36,0.003875,0.0955,
4926,dc,1,0,osm_nodes,35,0.004805,0.151,
4927,dc,0,0,osm_nodes,61,0.0,0.0227,
4928,dc,0,0,osm_nodes,32,0.0,0.1315,
4929,dc,1,1,osm_nodes,22,0.004931,0.0401,
4930,dc,0,0,osm_nodes,27,0.0,0.0737,
4931,dc,0,0,osm_nodes,46,0.004317,0.1715,
4932,dc,1,1,osm_nodes,87,0.03439,0.3752,
4933,dc,1,1,osm_nodes,82,0.033688,0.2801,
4934,dc,1,1,osm_nodes,83,0.032657,0.2609,
4935,dc,0,0,osm_nodes,32,0.007604,0.0379,
4936,dc,1,0,osm_nodes,25,0.006403,0.0833,
4937,dc,1,0,osm_nodes,26,0.005224,0.0909,
4938,dc,1,0,osm_nodes,27,0.006059,0.2044,
4939,dc,1,0,osm_nodes,27,0.005968,0.1758,
4940,dc,1,0,osm_nodes,20,0.010118,0.0335,
4941,dc,1,1,osm_nodes,11,0.009148,0.0794,
4942,dc,1,0,osm_nodes,92,0.034432,0.4053,
4943,dc,1,0,osm_nodes,90,0.034628,0.415,
4944,dc,1,0,osm_nodes,87,0.034502,0.4318,
4945,dc,1,0,osm_nodes,100,0.027193,0.3363,
4946,dc,1,0,osm_nodes,94,0.027616,0.3225,
4947,dc,1,0,osm_nodes,93,0.027654,0.3289,
4948,dc,1,0,osm_nodes,62,0.02428,0.4852,
4949,dc,1,0,osm_nodes,64,0.022414,0.4018,
4950,dc,1,0,osm_nodes,72,0.031712,0.4463,
4951,dc,0,0,osm_nodes,10,0.0,0.0305,
4952,dc,1,0,osm_nodes,19,0.00518,0.1288,
4953,dc,1,1,osm_nodes,19,0.006751,0.0175,
4954,dc,1,0,osm_nodes,5,0.005768,0.0216,
4955,dc,1,0,osm_nodes,99,0.008899,0.09,
4956,dc,1,0,osm_nodes,104,0.010301,0.0655,
4957,dc,1,1,osm_nodes,75,0.011183,0.0353,
4958,dc,1,1,osm_nodes,78,0.011962,0.0075,
4959,dc,0,0,osm_nodes,13,0.005101,0.2118,
4960,dc,1,1,osm_nodes,86,0.012343,0.0798,
4961,dc,1,1,osm_nodes,88,0.012953,0.053,
4962,dc,1,0,osm_nodes,74,0.013538,0.1366,
4963,dc,1,1,osm_nodes,71,0.012879,0.1894,
4964,dc,1,1,osm_nodes,73,0.013939,0.1916,
4965,dc,1,0,osm_nodes,63,0.015952,0.224,
4966,dc,1,1,osm_nodes,62,0.011626,0.1165,
4967,dc,1,1,osm_nodes,66,0.013246,0.166,
4968,dc,1,1,osm_nodes,63,0.012138,0.1278,
4969,dc,1,1,osm_nodes,63,0.012063,0.143,
4970,dc,1,0,osm_nodes,32,0.005534,0.0655,
4971,dc,1,0,osm_nodes,27,0.006479,0.0005,
4972,dc,1,0,osm_nodes,31,0.00663,0.0098,
4973,dc,1,1,osm_nodes,31,0.010812,0.0692,
4974,dc,1,1,osm_nodes,28,0.011132,0.0533,
4975,dc,1,1,osm_nodes,29,0.011156,0.051,
4976,dc,1,0,osm_nodes,16,0.007108,0.0404,
4977,dc,1,0,osm_nodes,14,0.006374,0.0538,
4978,dc,1,0,osm_nodes,13,0.006143,0.0842,
4979,dc,1,0,osm_nodes,19,0.006772,0.1181,
4980,dc,1,1,osm_nodes,16,0.006774,0.0512,
4981,dc,1,0,osm_nodes,23,0.003979,0.036,
4982,dc,0,0,osm_nodes,25,0.004246,0.0,
4983,dc,1,0,osm_nodes,77,0.017219,0.2813,
4984,dc,1,0,osm_nodes,40,0.012003,0.6217,
4985,dc,1,0,osm_nodes,35,0.013759,0.512,
4986,dc,1,0,osm_nodes,34,0.023168,0.0629,
4987,dc,1,1,osm_nodes,94,0.032326,0.3662,
4988,dc,1,1,osm_nodes,93,0.032526,0.3708,
4989,dc,1,1,osm_nodes,156,0.04158,0.3537,
4990,dc,1,1,osm_nodes,146,0.039201,0.3273,
4991,dc,1,1,osm_nodes,154,0.039851,0.33,
4992,dc,1,1,osm_nodes,155,0.039926,0.329,
4993,dc,0,0,osm_nodes,24,0.005577,0.3787,
4994,dc,0,0,osm_nodes,37,0.006916,0.0006,
4995,dc,1,0,osm_nodes,33,0.011027,0.0163,
4996,dc,1,0,osm_nodes,9,0.010675,0.0,
4997,dc,1,0,osm_nodes,12,0.011659,0.0,
4998,dc,0,0,osm_nodes,11,0.003103,0.0275,
4999,dc,0,0,osm_nodes,40,0.0,0.1968,
0,pittsburgh,1,0,osm_nodes,12,0.015433,0.1037,
1,pittsburgh,1,0,osm_nodes,13,0.015243,0.1009,
2,pittsburgh,1,0,osm_nodes,15,0.014781,0.1264,
3,pittsburgh,1,0,osm_nodes,15,0.016336,0.1505,
4,pittsburgh,1,0,osm_nodes,15,0.015234,0.124,
5,pittsburgh,1,0,osm_nodes,15,0.01645,0.1433,
6,pittsburgh,1,0,osm_nodes,15,0.016888,0.1402,
7,pittsburgh,1,0,osm_nodes,14,0.019549,0.1406,
8,pittsburgh,1,0,osm_nodes,14,0.015063,0.1318,
9,pittsburgh,1,0,osm_nodes,14,0.019106,0.1393,
10,pittsburgh,1,0,osm_nodes,9,0.012148,0.1035,
11,pittsburgh,1,1,osm_nodes,68,0.020936,0.3227,
12,pittsburgh,1,1,osm_nodes,69,0.0211,0.327,
13,pittsburgh,1,1,osm_nodes,69,0.021069,0.3481,
14,pittsburgh,1,0,osm_nodes,57,0.019193,0.2008,
15,pittsburgh,1,0,osm_nodes,63,0.020914,0.3009,
16,pittsburgh,1,0,osm_nodes,58,0.019701,0.2105,
17,pittsburgh,1,0,osm_nodes,63,0.020699,0.2896,
18,pittsburgh,1,0,osm_nodes,63,0.019965,0.2182,
19,pittsburgh,1,0,osm_nodes,45,0.016016,0.2239,
20,pittsburgh,1,0,osm_nodes,64,0.021007,0.2948,
21,pittsburgh,1,0,osm_nodes,48,0.016641,0.1996,
22,pittsburgh,1,0,osm_nodes,44,0.016288,0.2144,
23,pittsburgh,1,0,osm_nodes,44,0.016447,0.2068,
24,pittsburgh,1,0,osm_nodes,49,0.017293,0.1878,
25,pittsburgh,1,0,osm_nodes,42,0.016851,0.2211,
26,pittsburgh,1,0,osm_nodes,42,0.017119,0.2087,
27,pittsburgh,1,0,osm_nodes,42,0.017375,0.197,
28,pittsburgh,1,0,osm_nodes,42,0.017487,0.194,
29,pittsburgh,0,0,osm_nodes,8,0.000466,0.006,
30,pittsburgh,1,0,osm_nodes,7,0.000718,0.1359,
31,pittsburgh,1,0,osm_nodes,7,0.000981,0.16,
32,pittsburgh,1,0,osm_nodes,6,0.001343,0.3295,
33,pittsburgh,0,0,osm_nodes,13,0.004971,0.0838,
34,pittsburgh,1,0,osm_nodes,15,0.005404,0.0471,
35,pittsburgh,1,0,osm_nodes,16,0.005578,0.0617,
36,pittsburgh,1,0,osm_nodes,16,0.005602,0.0484,
37,pittsburgh,1,0,osm_nodes,16,0.00574,0.0771,
38,pittsburgh,1,0,osm_nodes,16,0.005855,0.0782,
39,pittsburgh,1,0,osm_nodes,17,0.005964,0.0815,
40,pittsburgh,1,0,osm_nodes,17,0.006044,0.1076,
41,pittsburgh,1,0,osm_nodes,17,0.006157,0.1066,
42,pittsburgh,1,0,osm_nodes,17,0.00641,0.1343,
43,pittsburgh,1,0,osm_nodes,17,0.006505,0.1298,
44,pittsburgh,1,0,osm_nodes,28,0.005882,0.1351,
45,pittsburgh,1,0,osm_nodes,29,0.005555,0.1305,
46,pittsburgh,1,0,osm_nodes,22,0.003887,0.1448,
47,pittsburgh,0,0,osm_nodes,27,0.006683,0.1728,
48,pittsburgh,0,0,osm_nodes,21,0.003655,0.0834,
49,pittsburgh,1,0,osm_nodes,21,0.003685,0.1124,
50,pittsburgh,1,0,osm_nodes,22,0.003685,0.1162,
51,pittsburgh,1,0,osm_nodes,21,0.003671,0.0899,
52,pittsburgh,1,0,osm_nodes,22,0.003684,0.0975,
53,pittsburgh,1,0,osm_nodes,22,0.003684,0.1008,
54,pittsburgh,1,0,osm_nodes,22,0.003684,0.1053,
55,pittsburgh,1,0,osm_nodes,22,0.003657,0.0747,
56,pittsburgh,1,0,osm_nodes,23,0.003674,0.0785,
57,pittsburgh,1,0,osm_nodes,23,0.003684,0.0807,
58,pittsburgh,1,0,osm_nodes,23,0.003684,0.0833,
59,pittsburgh,0,0,osm_nodes,18,0.0071,0.1902,
60,pittsburgh,1,0,osm_nodes,22,0.003684,0.0683,
61,pittsburgh,1,0,osm_nodes,20,0.003472,0.0749,
62,pittsburgh,0,0,osm_nodes,22,0.003494,0.0934,
63,pittsburgh,0,0,osm_nodes,21,0.003429,0.0813,
64,pittsburgh,1,0,osm_nodes,19,0.003732,0.0885,
65,pittsburgh,1,0,osm_nodes,11,0.004019,0.0801,
66,pittsburgh,0,0,osm_nodes,18,0.003761,0.1014,
67,pittsburgh,0,0,osm_nodes,15,0.00448,0.2255,
68,pittsburgh,1,0,osm_nodes,14,0.010561,0.0672,
69,pittsburgh,1,0,osm_nodes,14,0.010901,0.081,
70,pittsburgh,1,0,osm_nodes,19,0.010054,0.0453,
71,pittsburgh,1,0,osm_nodes,19,0.010492,0.0649,
72,pittsburgh,1,0,osm_nodes,26,0.009548,0.0643,
73,pittsburgh,1,0,osm_nodes,32,0.009852,0.0959,
74,pittsburgh,1,0,osm_nodes,32,0.009898,0.0979,
75,pittsburgh,1,0,osm_nodes,17,0.005631,0.1133,
76,pittsburgh,1,0,osm_nodes,39,0.010104,0.0777,
77,pittsburgh,1,0,osm_nodes,39,0.0102,0.0818,
78,pittsburgh,1,0,osm_nodes,39,0.010269,0.0852,
79,pittsburgh,1,0,osm_nodes,21,0.005323,0.1262,
80,pittsburgh,1,0,osm_nodes,21,0.005309,0.127,
81,pittsburgh,1,0,osm_nodes,37,0.010264,0.0697,
82,pittsburgh,1,0,osm_nodes,37,0.010431,0.0749,
83,pittsburgh,1,0,osm_nodes,21,0.005297,0.1283,
84,pittsburgh,1,0,osm_nodes,21,0.004866,0.1276,
85,pittsburgh,1,0,osm_nodes,22,0.004799,0.1372,
86,pittsburgh,1,0,osm_nodes,38,0.010746,0.0853,
87,pittsburgh,1,0,osm_nodes,39,0.010816,0.0906,
88,pittsburgh,1,0,osm_nodes,22,0.004948,0.1486,
89,pittsburgh,1,0,osm_nodes,22,0.004875,0.1569,
90,pittsburgh,1,0,osm_nodes,34,0.010412,0.0693,
91,pittsburgh,1,0,osm_nodes,22,0.004895,0.1602,
92,pittsburgh,1,0,osm_nodes,37,0.010956,0.0813,
93,pittsburgh,1,0,osm_nodes,36,0.010247,0.0537,
94,pittsburgh,1,0,osm_nodes,37,0.011049,0.0764,
95,pittsburgh,1,0,osm_nodes,36,0.010504,0.0577,
96,pittsburgh,1,0,osm_nodes,21,0.004904,0.1544,
97,pittsburgh,1,0,osm_nodes,36,0.011177,0.0652,
98,pittsburgh,1,0,osm_nodes,38,0.010673,0.0582,
99,pittsburgh,1,0,osm_nodes,36,0.011452,0.0675,
100,pittsburgh,1,0,osm_nodes,36,0.011883,0.0683,
101,pittsburgh,0,0,osm_nodes,38,0.011771,0.078,
102,pittsburgh,1,0,osm_nodes,38,0.011975,0.074,
103,pittsburgh,1,0,osm_nodes,43,0.010778,0.0631,
104,pittsburgh,1,0,osm_nodes,20,0.007981,0.1981,
105,pittsburgh,1,0,osm_nodes,21,0.007689,0.2038,
106,pittsburgh,0,0,osm_nodes,41,0.012122,0.0875,
107,pittsburgh,1,0,osm_nodes,40,0.012307,0.0925,
108,pittsburgh,0,0,osm_nodes,47,0.012668,0.0958,
109,pittsburgh,1,0,osm_nodes,18,0.006513,0.2435,
110,pittsburgh,1,0,osm_nodes,18,0.006514,0.235,
111,pittsburgh,1,0,osm_nodes,38,0.011801,0.0698,
112,pittsburgh,1,0,osm_nodes,38,0.012227,0.0808,
113,pittsburgh,1,0,osm_nodes,19,0.006505,0.2316,
114,pittsburgh,1,0,osm_nodes,18,0.006513,0.2443,
115,pittsburgh,0,0,osm_nodes,32,0.009194,0.0642,
116,pittsburgh,1,0,osm_nodes,32,0.010279,0.0706,
117,pittsburgh,1,0,osm_nodes,18,0.006508,0.2444,
118,pittsburgh,1,0,osm_nodes,37,0.012313,0.0824,
119,pittsburgh,1,0,osm_nodes,38,0.009238,0.0496,
120,pittsburgh,0,0,osm_nodes,34,0.007135,0.0321,
121,pittsburgh,0,0,osm_nodes,34,0.007358,0.0359,
122,pittsburgh,1,0,osm_nodes,35,0.007604,0.0362,
123,pittsburgh,1,0,osm_nodes,37,0.009097,0.0394,
124,pittsburgh,1,0,osm_nodes,39,0.010341,0.0413,
125,pittsburgh,1,0,osm_nodes,24,0.006505,0.2549,
126,pittsburgh,1,0,osm_nodes,24,0.006508,0.2478,
127,pittsburgh,1,0,osm_nodes,25,0.006505,0.2475,
128,pittsburgh,0,0,osm_nodes,13,0.004473,0.1749,
129,pittsburgh,0,0,osm_nodes,30,0.006912,0.0209,
130,pittsburgh,0,0,osm_nodes,30,0.007047,0.0242,
131,pittsburgh,1,0,osm_nodes,32,0.007284,0.0287,
132,pittsburgh,1,0,osm_nodes,25,0.006508,0.2524,
133,pittsburgh,1,0,osm_nodes,33,0.007536,0.0328,
134,pittsburgh,1,0,osm_nodes,25,0.006508,0.257,
135,pittsburgh,1,0,osm_nodes,33,0.008175,0.0359,
136,pittsburgh,1,0,osm_nodes,33,0.008654,0.0359,
137,pittsburgh,1,0,osm_nodes,25,0.006504,0.2461,
138,pittsburgh,1,0,osm_nodes,34,0.009037,0.0359,
139,pittsburgh,1,0,osm_nodes,25,0.006505,0.2455,
140,pittsburgh,1,0,osm_nodes,35,0.008886,0.2251,
141,pittsburgh,1,0,osm_nodes,34,0.008893,0.2192,
142,pittsburgh,1,0,osm_nodes,41,0.009893,0.2288,
143,pittsburgh,1,0,osm_nodes,40,0.009907,0.2338,
144,pittsburgh,1,0,osm_nodes,37,0.009432,0.2467,
145,pittsburgh,1,0,osm_nodes,40,0.010034,0.2405,
146,pittsburgh,1,0,osm_nodes,37,0.00955,0.2415,
147,pittsburgh,1,0,osm_nodes,39,0.01009,0.2448,
148,pittsburgh,1,0,osm_nodes,37,0.009572,0.0783,
149,pittsburgh,1,0,osm_nodes,41,0.011423,0.2603,
150,pittsburgh,1,0,osm_nodes,39,0.011024,0.0935,
151,pittsburgh,1,0,osm_nodes,43,0.011675,0.2614,
152,pittsburgh,1,0,osm_nodes,40,0.011773,0.0931,
153,pittsburgh,1,0,osm_nodes,48,0.013202,0.2932,
154,pittsburgh,1,0,osm_nodes,39,0.01185,0.101,
155,pittsburgh,1,0,osm_nodes,40,0.012632,0.0831,
156,pittsburgh,1,0,osm_nodes,35,0.009864,0.0999,
157,pittsburgh,1,0,osm_nodes,50,0.013443,0.2992,
158,pittsburgh,1,0,osm_nodes,40,0.012805,0.1003,
159,pittsburgh,1,0,osm_nodes,49,0.013593,0.2987,
160,pittsburgh,1,0,osm_nodes,50,0.013771,0.305,
161,pittsburgh,1,0,osm_nodes,50,0.013966,0.3006,
162,pittsburgh,1,0,osm_nodes,26,0.008845,0.1271,
163,pittsburgh,1,0,osm_nodes,49,0.014171,0.2978,
164,pittsburgh,1,0,osm_nodes,50,0.014206,0.3096,
165,pittsburgh,1,0,osm_nodes,49,0.014295,0.2976,
166,pittsburgh,1,0,osm_nodes,28,0.010389,0.1427,
167,pittsburgh,1,0,osm_nodes,49,0.014485,0.3014,
168,pittsburgh,1,0,osm_nodes,49,0.014623,0.2943,
169,pittsburgh,1,0,osm_nodes,50,0.014386,0.2653,
170,pittsburgh,1,0,osm_nodes,50,0.014598,0.2841,
171,pittsburgh,1,0,osm_nodes,50,0.014353,0.2594,
172,pittsburgh,1,0,osm_nodes,32,0.013016,0.1263,
173,pittsburgh,1,0,osm_nodes,34,0.009215,0.1151,
174,pittsburgh,1,0,osm_nodes,49,0.014587,0.258,
175,pittsburgh,1,0,osm_nodes,34,0.010519,0.1167,
176,pittsburgh,1,0,osm_nodes,32,0.014182,0.134,
177,pittsburgh,1,0,osm_nodes,49,0.014497,0.2425,
178,pittsburgh,1,0,osm_nodes,36,0.013086,0.1133,
179,pittsburgh,1,0,osm_nodes,48,0.014779,0.2367,
180,pittsburgh,1,0,osm_nodes,49,0.014763,0.2353,
181,pittsburgh,1,0,osm_nodes,35,0.01034,0.1386,
182,pittsburgh,1,0,osm_nodes,38,0.012954,0.1217,
183,pittsburgh,1,0,osm_nodes,30,0.009021,0.1339,
184,pittsburgh,1,0,osm_nodes,38,0.013841,0.1171,
185,pittsburgh,1,0,osm_nodes,29,0.009875,0.1431,
186,pittsburgh,1,0,osm_nodes,30,0.012625,0.1351,
187,pittsburgh,1,0,osm_nodes,36,0.010676,0.1771,
188,pittsburgh,1,0,osm_nodes,36,0.011035,0.1862,
189,pittsburgh,1,0,osm_nodes,36,0.011025,0.1723,
190,pittsburgh,1,0,osm_nodes,36,0.011112,0.1763,
191,pittsburgh,1,0,osm_nodes,36,0.011265,0.1831,
192,pittsburgh,1,0,osm_nodes,77,0.016452,0.2592,
193,pittsburgh,1,0,osm_nodes,38,0.013711,0.1836,
194,pittsburgh,1,0,osm_nodes,77,0.015362,0.2839,
195,pittsburgh,1,0,osm_nodes,80,0.016037,0.2967,
196,pittsburgh,1,0,osm_nodes,82,0.016275,0.2957,
197,pittsburgh,1,0,osm_nodes,81,0.01573,0.2621,
198,pittsburgh,1,0,osm_nodes,35,0.01129,0.1854,
199,pittsburgh,1,0,osm_nodes,82,0.016348,0.2652,
200,pittsburgh,1,0,osm_nodes,84,0.017292,0.2981,
201,pittsburgh,1,0,osm_nodes,82,0.016247,0.2509,
202,pittsburgh,1,0,osm_nodes,35,0.01198,0.1626,
203,pittsburgh,1,0,osm_nodes,82,0.016575,0.2525,
204,pittsburgh,1,0,osm_nodes,36,0.01229,0.1714,
205,pittsburgh,1,0,osm_nodes,82,0.017059,0.2507,
206,pittsburgh,1,0,osm_nodes,83,0.017341,0.2517,
207,pittsburgh,1,0,osm_nodes,82,0.017404,0.2515,
208,pittsburgh,1,0,osm_nodes,24,0.011922,0.1505,
209,pittsburgh,1,0,osm_nodes,37,0.01461,0.1862,
210,pittsburgh,1,0,osm_nodes,23,0.011846,0.1846,
211,pittsburgh,1,0,osm_nodes,36,0.0135,0.0761,
212,pittsburgh,1,0,osm_nodes,35,0.013963,0.0554,
213,pittsburgh,1,0,osm_nodes,38,0.015855,0.1174,
214,pittsburgh,1,0,osm_nodes,34,0.013684,0.0409,
215,pittsburgh,1,0,osm_nodes,38,0.016178,0.116,
216,pittsburgh,1,0,osm_nodes,34,0.014509,0.0529,
217,pittsburgh,1,0,osm_nodes,37,0.016354,0.0903,
218,pittsburgh,1,0,osm_nodes,37,0.016616,0.095,
219,pittsburgh,1,0,osm_nodes,26,0.013978,0.0404,
220,pittsburgh,1,0,osm_nodes,26,0.014797,0.049,
221,pittsburgh,1,0,osm_nodes,29,0.016515,0.0721,
222,pittsburgh,1,0,osm_nodes,28,0.016407,0.0675,
223,pittsburgh,1,0,osm_nodes,22,0.013404,0.0549,
224,pittsburgh,1,0,osm_nodes,96,0.024525,0.4151,
225,pittsburgh,1,0,osm_nodes,29,0.016272,0.059,
226,pittsburgh,1,0,osm_nodes,24,0.014284,0.0646,
227,pittsburgh,1,0,osm_nodes,98,0.024516,0.4119,
228,pittsburgh,1,0,osm_nodes,96,0.024427,0.4132,
229,pittsburgh,1,0,osm_nodes,85,0.025484,0.4143,
230,pittsburgh,1,0,osm_nodes,84,0.02447,0.4242,
231,pittsburgh,1,0,osm_nodes,91,0.025886,0.4007,
232,pittsburgh,1,0,osm_nodes,84,0.02367,0.4287,
233,pittsburgh,1,0,osm_nodes,89,0.025116,0.3977,
234,pittsburgh,1,0,osm_nodes,85,0.024227,0.4141,
235,pittsburgh,1,0,osm_nodes,90,0.02474,0.3908,
236,pittsburgh,1,0,osm_nodes,84,0.023124,0.3571,
237,pittsburgh,1,0,osm_nodes,81,0.023062,0.3888,
238,pittsburgh,1,0,osm_nodes,83,0.023198,0.3488,
239,pittsburgh,1,0,osm_nodes,81,0.023024,0.3901,
240,pittsburgh,1,0,osm_nodes,80,0.023217,0.3892,
241,pittsburgh,1,0,osm_nodes,82,0.022925,0.3937,
242,pittsburgh,1,0,osm_nodes,81,0.022844,0.3944,
243,pittsburgh,1,0,osm_nodes,81,0.023305,0.3882,
244,pittsburgh,1,0,osm_nodes,82,0.022666,0.3919,
245,pittsburgh,1,0,osm_nodes,80,0.023131,0.3916,
246,pittsburgh,1,0,osm_nodes,82,0.02287,0.3906,
247,pittsburgh,1,0,osm_nodes,81,0.023196,0.3981,
248,pittsburgh,1,0,osm_nodes,83,0.023016,0.3883,
249,pittsburgh,1,0,osm_nodes,78,0.021912,0.3641,
250,pittsburgh,1,0,osm_nodes,77,0.021967,0.3684,
251,pittsburgh,1,0,osm_nodes,77,0.023311,0.3894,
252,pittsburgh,1,0,osm_nodes,37,0.021087,0.1102,
253,pittsburgh,0,0,osm_nodes,42,0.023235,0.1287,
254,pittsburgh,1,0,osm_nodes,40,0.021946,0.1249,
255,pittsburgh,1,0,osm_nodes,41,0.025199,0.1684,
256,pittsburgh,1,0,osm_nodes,40,0.025306,0.1683,
257,pittsburgh,1,0,osm_nodes,41,0.02542,0.1659,
258,pittsburgh,1,0,osm_nodes,4,0.006254,0.0891,
259,pittsburgh,1,0,osm_nodes,4,0.006457,0.0989,
260,pittsburgh,1,0,osm_nodes,43,0.026536,0.1837,
261,pittsburgh,1,0,osm_nodes,35,0.025739,0.1733,
262,pittsburgh,1,0,osm_nodes,39,0.025914,0.1682,
263,pittsburgh,1,0,osm_nodes,37,0.025932,0.173,
264,pittsburgh,1,0,osm_nodes,38,0.027035,0.1731,
265,pittsburgh,1,0,osm_nodes,38,0.025707,0.1789,
266,pittsburgh,1,0,osm_nodes,39,0.025755,0.1805,
267,pittsburgh,1,0,osm_nodes,38,0.026065,0.1753,
268,pittsburgh,1,0,osm_nodes,40,0.026752,0.1711,
269,pittsburgh,1,0,osm_nodes,43,0.027812,0.1644,
270,pittsburgh,1,0,osm_nodes,24,0.02127,0.181,
271,pittsburgh,1,0,osm_nodes,24,0.021193,0.1925,
272,pittsburgh,1,0,osm_nodes,26,0.021287,0.194,
273,pittsburgh,1,0,osm_nodes,24,0.020645,0.2009,
274,pittsburgh,1,0,osm_nodes,24,0.020649,0.2006,
275,pittsburgh,1,0,osm_nodes,23,0.020694,0.1995,
276,pittsburgh,1,0,osm_nodes,25,0.020436,0.2026,
277,pittsburgh,1,0,osm_nodes,22,0.019786,0.2021,
278,pittsburgh,1,0,osm_nodes,27,0.016604,0.2005,
279,pittsburgh,1,0,osm_nodes,28,0.017496,0.2086,
280,pittsburgh,1,0,osm_nodes,27,0.018206,0.1959,
281,pittsburgh,1,0,osm_nodes,28,0.018044,0.2085,
282,pittsburgh,1,0,osm_nodes,29,0.017948,0.213,
283,pittsburgh,1,0,osm_nodes,32,0.017482,0.2175,
284,pittsburgh,1,0,osm_nodes,38,0.018828,0.1738,
285,pittsburgh,1,0,osm_nodes,36,0.017607,0.1675,
286,pittsburgh,1,0,osm_nodes,36,0.018215,0.1767,
287,pittsburgh,1,0,osm_nodes,39,0.019191,0.1714,
288,pittsburgh,1,0,osm_nodes,36,0.01792,0.1706,
289,pittsburgh,1,0,osm_nodes,33,0.014734,0.1413,
290,pittsburgh,1,0,osm_nodes,34,0.014297,0.1376,
291,pittsburgh,1,0,osm_nodes,27,0.008689,0.0963,
292,pittsburgh,1,0,osm_nodes,25,0.008241,0.0887,
293,pittsburgh,1,0,osm_nodes,24,0.007354,0.1314,
294,pittsburgh,1,0,osm_nodes,23,0.006915,0.1076,
295,pittsburgh,1,0,osm_nodes,21,0.006497,0.0837,
296,pittsburgh,1,0,osm_nodes,26,0.005111,0.1047,
297,pittsburgh,1,0,osm_nodes,25,0.004315,0.0525,
298,pittsburgh,0,0,osm_nodes,18,0.001231,0.0393,
299,pittsburgh,0,0,osm_nodes,16,0.000981,0.0454,
300,pittsburgh,0,0,osm_nodes,2,0.0,0.0624,
301,pittsburgh,1,0,osm_nodes,7,0.001996,0.0,
302,pittsburgh,0,0,osm_nodes,2,0.0,0.0452,
303,pittsburgh,1,1,osm_nodes,19,0.011255,0.0019,
304,pittsburgh,1,1,osm_nodes,19,0.011314,0.0019,
305,pittsburgh,1,0,osm_nodes,19,0.010751,0.0236,
306,pittsburgh,1,0,osm_nodes,19,0.010507,0.0269,
307,pittsburgh,1,0,osm_nodes,17,0.01167,0.0679,
308,pittsburgh,1,0,osm_nodes,26,0.021268,0.0767,
309,pittsburgh,1,0,osm_nodes,24,0.021678,0.2876,
310,pittsburgh,0,0,osm_nodes,39,0.005463,0.0,
311,pittsburgh,1,0,osm_nodes,22,0.02081,0.3014,
312,pittsburgh,1,0,osm_nodes,25,0.022035,0.3075,
313,pittsburgh,1,0,osm_nodes,23,0.021138,0.3054,
314,pittsburgh,0,0,osm_nodes,43,0.004651,0.0,
315,pittsburgh,0,0,osm_nodes,42,0.00473,0.0,
316,pittsburgh,1,0,osm_nodes,31,0.024451,0.2738,
317,pittsburgh,1,0,osm_nodes,31,0.024027,0.2593,
318,pittsburgh,1,0,osm_nodes,2,0.002102,0.0513,
319,pittsburgh,1,0,osm_nodes,2,0.00159,0.0542,
320,pittsburgh,1,0,osm_nodes,15,0.010923,0.2278,
321,pittsburgh,0,0,osm_nodes,9,0.0,0.0378,
322,pittsburgh,1,0,osm_nodes,15,0.021735,0.0,
323,pittsburgh,1,0,osm_nodes,3,0.013375,0.0,
324,pittsburgh,1,0,osm_nodes,13,0.020146,0.0,
325,pittsburgh,0,0,osm_nodes,3,0.001659,0.0,
326,pittsburgh,0,0,osm_nodes,6,0.001157,0.0125,
327,pittsburgh,0,0,osm_nodes,7,0.000375,0.0175,
328,pittsburgh,1,0,osm_nodes,20,0.008343,0.0732,
329,pittsburgh,1,0,osm_nodes,21,0.007807,0.0939,
330,pittsburgh,1,0,osm_nodes,20,0.009002,0.0727,
331,pittsburgh,1,0,osm_nodes,26,0.00832,0.0669,
332,pittsburgh,0,0,osm_nodes,29,0.008823,0.0367,
333,pittsburgh,1,0,osm_nodes,31,0.011175,0.0829,
334,pittsburgh,1,0,osm_nodes,25,0.008728,0.0715,
335,pittsburgh,1,0,osm_nodes,24,0.009627,0.0671,
336,pittsburgh,1,0,osm_nodes,35,0.011845,0.0997,
337,pittsburgh,1,0,osm_nodes,28,0.009338,0.0082,
338,pittsburgh,1,0,osm_nodes,34,0.013214,0.1655,
339,pittsburgh,0,0,osm_nodes,20,0.004173,0.093,
340,pittsburgh,0,0,osm_nodes,21,0.004132,0.1357,
341,pittsburgh,1,0,osm_nodes,22,0.003025,0.0716,
342,pittsburgh,0,0,osm_nodes,17,0.00209,0.0721,
343,pittsburgh,1,0,osm_nodes,24,0.002135,0.1478,
344,pittsburgh,0,0,osm_nodes,11,0.001615,0.1152,
345,pittsburgh,0,0,osm_nodes,12,0.000439,0.2012,
346,pittsburgh,0,0,osm_nodes,10,0.001003,0.2407,
347,pittsburgh,0,0,osm_nodes,10,0.000765,0.3247,
348,pittsburgh,0,0,osm_nodes,17,0.00133,0.1589,
349,pittsburgh,1,0,osm_nodes,20,0.003579,0.0328,
350,pittsburgh,1,0,osm_nodes,20,0.003581,0.0249,
351,pittsburgh,1,0,osm_nodes,10,0.005875,0.1524,
352,pittsburgh,0,0,osm_nodes,10,0.001366,0.1895,
353,pittsburgh,1,0,osm_nodes,14,0.00753,0.116,
354,pittsburgh,1,0,osm_nodes,35,0.011363,0.1587,
355,pittsburgh,1,0,osm_nodes,36,0.011789,0.1717,
356,pittsburgh,1,0,osm_nodes,30,0.01104,0.1686,
357,pittsburgh,1,0,osm_nodes,36,0.011835,0.1802,
358,pittsburgh,1,0,osm_nodes,27,0.010958,0.2124,
359,pittsburgh,1,0,osm_nodes,34,0.01225,0.2284,
360,pittsburgh,1,0,osm_nodes,30,0.006782,0.1588,
361,pittsburgh,1,0,osm_nodes,29,0.006531,0.1165,
362,pittsburgh,1,0,osm_nodes,29,0.006111,0.0946,
363,pittsburgh,1,0,osm_nodes,27,0.010926,0.1642,
364,pittsburgh,1,0,osm_nodes,25,0.01061,0.147,
365,pittsburgh,1,0,osm_nodes,37,0.010387,0.0852,
366,pittsburgh,1,0,osm_nodes,23,0.003038,0.0123,
367,pittsburgh,0,0,osm_nodes,45,0.000435,0.0774,
368,pittsburgh,0,0,osm_nodes,5,0.0,0.0851,
369,pittsburgh,0,0,osm_nodes,3,0.0,0.1027,
370,pittsburgh,0,0,osm_nodes,21,0.005458,0.077,
371,pittsburgh,1,0,osm_nodes,20,0.003327,0.1698,
372,pittsburgh,0,0,osm_nodes,21,0.00331,0.1737,
373,pittsburgh,0,0,osm_nodes,11,0.001991,0.0806,
374,pittsburgh,0,0,osm_nodes,18,0.0,0.2145,
375,pittsburgh,0,0,osm_nodes,42,0.003191,0.1625,
376,pittsburgh,1,0,osm_nodes,44,0.003376,0.1581,
377,pittsburgh,1,0,osm_nodes,43,0.003416,0.1549,
378,pittsburgh,0,0,osm_nodes,40,0.003005,0.1627,
379,pittsburgh,1,0,osm_nodes,46,0.00399,0.1394,
380,pittsburgh,1,0,osm_nodes,46,0.004286,0.1178,
381,pittsburgh,1,0,osm_nodes,41,0.00319,0.1616,
382,pittsburgh,1,0,osm_nodes,44,0.004084,0.1391,
383,pittsburgh,1,0,osm_nodes,44,0.004021,0.1465,
384,pittsburgh,1,0,osm_nodes,45,0.004717,0.0962,
385,pittsburgh,1,0,osm_nodes,44,0.005464,0.0701,
386,pittsburgh,0,0,osm_nodes,39,0.002414,0.1687,
387,pittsburgh,0,0,osm_nodes,39,0.002457,0.1686,
388,pittsburgh,0,0,osm_nodes,39,0.002728,0.1647,
389,pittsburgh,0,0,osm_nodes,38,0.002241,0.1638,
390,pittsburgh,1,0,osm_nodes,23,0.008156,0.2169,
391,pittsburgh,1,0,osm_nodes,22,0.008179,0.1578,
392,pittsburgh,1,0,osm_nodes,27,0.008082,0.2294,
393,pittsburgh,1,0,osm_nodes,28,0.008145,0.2398,
394,pittsburgh,1,0,osm_nodes,24,0.008158,0.1743,
395,pittsburgh,1,0,osm_nodes,27,0.008135,0.1962,
396,pittsburgh,1,0,osm_nodes,37,0.008614,0.1492,
397,pittsburgh,1,0,osm_nodes,38,0.008637,0.1439,
398,pittsburgh,1,0,osm_nodes,41,0.008647,0.1434,
399,pittsburgh,1,0,osm_nodes,39,0.008647,0.1443,
400,pittsburgh,1,0,osm_nodes,35,0.008322,0.1128,
401,pittsburgh,1,0,osm_nodes,39,0.00857,0.1639,
402,pittsburgh,1,0,osm_nodes,38,0.008532,0.1584,
403,pittsburgh,1,0,osm_nodes,38,0.00851,0.1577,
404,pittsburgh,1,0,osm_nodes,38,0.008487,0.1571,
405,pittsburgh,0,0,osm_nodes,10,0.0,0.1377,
406,pittsburgh,1,0,osm_nodes,34,0.007967,0.1459,
407,pittsburgh,0,0,osm_nodes,10,0.0,0.1397,
408,pittsburgh,0,0,osm_nodes,8,0.0,0.1442,
409,pittsburgh,0,0,osm_nodes,8,0.0,0.1594,
410,pittsburgh,0,0,osm_nodes,8,0.0,0.1588,
411,pittsburgh,0,0,osm_nodes,8,0.0,0.1619,
412,pittsburgh,1,0,osm_nodes,13,0.001535,0.0111,
413,pittsburgh,0,0,osm_nodes,11,0.0,0.0718,
414,pittsburgh,0,0,osm_nodes,8,0.0,0.0355,
415,pittsburgh,0,0,osm_nodes,9,0.0,0.0579,
416,pittsburgh,0,0,osm_nodes,12,0.0,0.131,
417,pittsburgh,0,0,osm_nodes,13,0.0,0.2322,
418,pittsburgh,0,0,osm_nodes,13,0.0,0.2737,
419,pittsburgh,0,0,osm_nodes,13,0.0,0.1601,
420,pittsburgh,0,0,osm_nodes,7,0.0,0.2109,
421,pittsburgh,0,0,osm_nodes,4,0.0,0.2537,
422,pittsburgh,0,0,osm_nodes,8,0.001531,0.0635,
423,pittsburgh,0,0,osm_nodes,6,0.001171,0.0454,
424,pittsburgh,1,0,osm_nodes,21,0.01278,0.0,
425,pittsburgh,1,0,osm_nodes,19,0.011989,0.0,
426,pittsburgh,1,0,osm_nodes,31,0.015045,0.0054,
427,pittsburgh,1,0,osm_nodes,25,0.013606,0.002,
428,pittsburgh,1,0,osm_nodes,31,0.014857,0.0083,
429,pittsburgh,1,0,osm_nodes,22,0.013464,0.0093,
430,pittsburgh,1,0,osm_nodes,22,0.013548,0.015,
431,pittsburgh,1,0,osm_nodes,13,0.010244,0.005,
432,pittsburgh,0,0,osm_nodes,29,0.007222,0.1394,
433,pittsburgh,0,0,osm_nodes,29,0.009852,0.0529,
434,pittsburgh,0,0,osm_nodes,29,0.007998,0.1077,
435,pittsburgh,0,0,osm_nodes,30,0.009114,0.0402,
436,pittsburgh,0,0,osm_nodes,30,0.008359,0.0447,
437,pittsburgh,1,0,osm_nodes,27,0.005935,0.097,
438,pittsburgh,1,0,osm_nodes,12,0.008265,0.0,
439,pittsburgh,1,0,osm_nodes,8,0.006763,0.0079,
440,pittsburgh,0,0,osm_nodes,19,0.005459,0.276,
441,pittsburgh,0,0,osm_nodes,18,0.006102,0.2981,
442,pittsburgh,1,0,osm_nodes,7,0.006125,0.0075,
443,pittsburgh,1,0,osm_nodes,7,0.006001,0.0073,
444,pittsburgh,0,0,osm_nodes,11,0.004433,0.2481,
445,pittsburgh,0,0,osm_nodes,11,0.004412,0.2506,
446,pittsburgh,1,0,osm_nodes,41,0.025166,0.1461,
447,pittsburgh,0,0,osm_nodes,11,0.004512,0.234,
448,pittsburgh,1,0,osm_nodes,40,0.025487,0.1457,
449,pittsburgh,1,0,osm_nodes,11,0.004181,0.2538,
450,pittsburgh,1,0,osm_nodes,11,0.004118,0.2406,
451,pittsburgh,1,0,osm_nodes,42,0.026702,0.1618,
452,pittsburgh,0,0,osm_nodes,10,0.000768,0.035,
453,pittsburgh,1,0,osm_nodes,53,0.019802,0.239,
454,pittsburgh,1,0,osm_nodes,53,0.019757,0.2383,
455,pittsburgh,1,0,osm_nodes,53,0.019135,0.2432,
456,pittsburgh,1,0,osm_nodes,53,0.019384,0.2168,
457,pittsburgh,1,0,osm_nodes,53,0.019039,0.2438,
458,pittsburgh,1,0,osm_nodes,52,0.018989,0.218,
459,pittsburgh,1,0,osm_nodes,52,0.01877,0.2304,
460,pittsburgh,1,0,osm_nodes,50,0.018511,0.2448,
461,pittsburgh,1,0,osm_nodes,51,0.018607,0.221,
462,pittsburgh,0,0,osm_nodes,10,0.001113,0.09,
463,pittsburgh,1,0,osm_nodes,49,0.018291,0.2273,
464,pittsburgh,0,0,osm_nodes,9,0.001061,0.0445,
465,pittsburgh,0,0,osm_nodes,8,0.001443,0.0375,
466,pittsburgh,1,0,osm_nodes,58,0.019037,0.1216,
467,pittsburgh,1,0,osm_nodes,54,0.017593,0.1778,
468,pittsburgh,1,0,osm_nodes,54,0.019417,0.1248,
469,pittsburgh,1,0,osm_nodes,56,0.019633,0.1348,
470,pittsburgh,1,0,osm_nodes,57,0.020956,0.2032,
471,pittsburgh,1,0,osm_nodes,54,0.019192,0.1221,
472,pittsburgh,1,0,osm_nodes,54,0.020117,0.1771,
473,pittsburgh,1,0,osm_nodes,54,0.020153,0.1782,
474,pittsburgh,1,0,osm_nodes,55,0.019562,0.1414,
475,pittsburgh,1,0,osm_nodes,59,0.021683,0.2102,
476,pittsburgh,1,0,osm_nodes,54,0.019364,0.2014,
477,pittsburgh,1,0,osm_nodes,57,0.020776,0.197,
478,pittsburgh,1,0,osm_nodes,55,0.02036,0.1831,
479,pittsburgh,1,0,osm_nodes,57,0.02032,0.2398,
480,pittsburgh,1,0,osm_nodes,56,0.020933,0.196,
481,pittsburgh,1,0,osm_nodes,56,0.020521,0.2482,
482,pittsburgh,1,0,osm_nodes,56,0.02097,0.1963,
483,pittsburgh,1,0,osm_nodes,58,0.021149,0.2074,
484,pittsburgh,1,0,osm_nodes,55,0.021383,0.2045,
485,pittsburgh,1,0,osm_nodes,57,0.022013,0.2089,
486,pittsburgh,1,0,osm_nodes,60,0.022452,0.2175,
487,pittsburgh,1,0,osm_nodes,55,0.020658,0.2769,
488,pittsburgh,1,0,osm_nodes,50,0.021585,0.2873,
489,pittsburgh,1,0,osm_nodes,55,0.022319,0.2469,
490,pittsburgh,0,0,osm_nodes,55,0.022376,0.2459,
491,pittsburgh,1,1,osm_nodes,38,0.019709,0.1899,
492,pittsburgh,1,1,osm_nodes,25,0.020135,0.1829,
493,pittsburgh,1,0,osm_nodes,25,0.019773,0.2382,
494,pittsburgh,1,0,osm_nodes,23,0.018973,0.1889,
495,pittsburgh,1,0,osm_nodes,2,0.004889,0.0,
496,pittsburgh,1,0,osm_nodes,2,0.004955,0.0,
497,pittsburgh,0,0,osm_nodes,15,0.007056,0.0727,
498,pittsburgh,1,0,osm_nodes,15,0.006667,0.0383,
499,pittsburgh,1,0,osm_nodes,15,0.006798,0.0307,
500,pittsburgh,1,0,osm_nodes,16,0.006962,0.0185,
501,pittsburgh,1,0,osm_nodes,18,0.008197,0.0737,
502,pittsburgh,0,0,osm_nodes,24,0.003044,0.3495,
503,pittsburgh,1,0,osm_nodes,34,0.003378,0.3406,
504,pittsburgh,1,0,osm_nodes,67,0.024128,0.1599,
505,pittsburgh,1,0,osm_nodes,63,0.024364,0.1836,
506,pittsburgh,1,0,osm_nodes,64,0.024564,0.1831,
507,pittsburgh,1,0,osm_nodes,60,0.023693,0.1949,
508,pittsburgh,1,0,osm_nodes,65,0.024635,0.1957,
509,pittsburgh,1,0,osm_nodes,64,0.024504,0.2036,
510,pittsburgh,1,0,osm_nodes,58,0.023802,0.2226,
511,pittsburgh,1,0,osm_nodes,66,0.024116,0.1977,
512,pittsburgh,1,0,osm_nodes,63,0.025578,0.2388,
513,pittsburgh,1,0,osm_nodes,34,0.025231,0.3552,
514,pittsburgh,1,0,osm_nodes,35,0.025455,0.3562,
515,pittsburgh,1,0,osm_nodes,32,0.024652,0.3464,
516,pittsburgh,1,0,osm_nodes,34,0.025274,0.3631,
517,pittsburgh,1,0,osm_nodes,33,0.024575,0.3451,
518,pittsburgh,1,0,osm_nodes,33,0.024549,0.3579,
519,pittsburgh,1,0,osm_nodes,39,0.004793,0.0733,
520,pittsburgh,1,0,osm_nodes,41,0.004791,0.076,
521,pittsburgh,0,0,osm_nodes,6,0.0,0.1403,
522,pittsburgh,0,0,osm_nodes,5,0.0,0.1196,
523,pittsburgh,0,0,osm_nodes,13,0.000145,0.1373,
524,pittsburgh,0,0,osm_nodes,12,0.0,0.0842,
525,pittsburgh,0,0,osm_nodes,12,0.0,0.0936,
526,pittsburgh,0,0,osm_nodes,11,0.0,0.0959,
527,pittsburgh,0,0,osm_nodes,16,0.0,0.1492,
528,pittsburgh,0,0,osm_nodes,17,0.0,0.1666,
529,pittsburgh,0,0,osm_nodes,14,0.0,0.1533,
530,pittsburgh,0,0,osm_nodes,13,0.0,0.1722,
531,pittsburgh,0,0,osm_nodes,11,0.0,0.1561,
532,pittsburgh,0,0,osm_nodes,9,0.0,0.1262,
533,pittsburgh,0,0,osm_nodes,10,0.0,0.0951,
534,pittsburgh,0,0,osm_nodes,10,0.0,0.0862,
535,pittsburgh,0,0,osm_nodes,1,0.0,0.0,
536,pittsburgh,1,0,osm_nodes,18,0.006445,0.0487,
537,pittsburgh,1,0,osm_nodes,18,0.006426,0.0487,
538,pittsburgh,1,0,osm_nodes,18,0.006652,0.0487,
539,pittsburgh,1,0,osm_nodes,18,0.00655,0.0479,
540,pittsburgh,1,0,osm_nodes,18,0.006764,0.0487,
541,pittsburgh,1,0,osm_nodes,18,0.006886,0.0487,
542,pittsburgh,1,0,osm_nodes,18,0.006727,0.046,
543,pittsburgh,1,0,osm_nodes,18,0.007009,0.0487,
544,pittsburgh,1,0,osm_nodes,18,0.007063,0.0487,
545,pittsburgh,1,0,osm_nodes,18,0.007922,0.0487,
546,pittsburgh,1,0,osm_nodes,18,0.007284,0.0487,
547,pittsburgh,1,0,osm_nodes,19,0.009089,0.0404,
548,pittsburgh,1,0,osm_nodes,20,0.010081,0.028,
549,pittsburgh,1,0,osm_nodes,19,0.008347,0.0003,
550,pittsburgh,0,0,osm_nodes,3,0.0,0.0,
551,pittsburgh,0,0,osm_nodes,3,0.0,0.0,
552,pittsburgh,0,0,osm_nodes,9,0.0,0.0,
553,pittsburgh,0,0,osm_nodes,9,0.0,0.0494,
554,pittsburgh,0,0,osm_nodes,6,0.0,0.0576,
555,pittsburgh,0,0,osm_nodes,6,0.0,0.0015,
556,pittsburgh,0,0,osm_nodes,6,0.0,0.0348,
557,pittsburgh,1,0,osm_nodes,3,0.010506,0.0,
558,pittsburgh,1,0,osm_nodes,5,0.011098,0.0,
559,pittsburgh,1,0,osm_nodes,14,0.015517,0.0078,
560,pittsburgh,0,0,osm_nodes,9,0.0,0.0,
561,pittsburgh,0,0,osm_nodes,5,0.0,0.0056,
562,pittsburgh,0,0,osm_nodes,13,0.0,0.043,
563,pittsburgh,0,0,osm_nodes,9,0.0,0.2241,
564,pittsburgh,0,0,osm_nodes,9,0.0,0.0814,
565,pittsburgh,0,0,osm_nodes,15,0.0,0.0629,
566,pittsburgh,0,0,osm_nodes,12,0.0,0.0266,
567,pittsburgh,0,0,osm_nodes,16,0.0,0.0263,
568,pittsburgh,0,0,osm_nodes,16,0.0,0.0434,
569,pittsburgh,0,0,osm_nodes,13,0.0,0.0434,
570,pittsburgh,0,0,osm_nodes,2,0.0,0.0,
571,pittsburgh,0,0,osm_nodes,8,0.0,0.0371,
572,pittsburgh,0,0,osm_nodes,8,0.0,0.0627,
573,pittsburgh,0,0,osm_nodes,8,0.0,0.0521,
574,pittsburgh,0,0,osm_nodes,1,0.0,0.0,
575,pittsburgh,0,0,osm_nodes,1,0.0,0.0007,
576,pittsburgh,0,0,osm_nodes,6,0.0,0.1162,
577,pittsburgh,1,1,osm_nodes,15,0.000675,0.1304,
578,pittsburgh,1,1,osm_nodes,15,0.000675,0.1306,
579,pittsburgh,1,1,osm_nodes,15,0.000675,0.1297,
580,pittsburgh,1,1,osm_nodes,15,0.000675,0.1275,
581,pittsburgh,1,1,osm_nodes,15,0.000675,0.1293,
582,pittsburgh,0,0,osm_nodes,4,0.0,0.0034,
583,pittsburgh,0,0,osm_nodes,3,0.0,0.0159,
584,pittsburgh,0,0,osm_nodes,1,0.0,0.0,
585,pittsburgh,0,0,osm_nodes,8,0.001196,0.0827,
586,pittsburgh,0,0,osm_nodes,15,0.0,0.2379,
587,pittsburgh,0,0,osm_nodes,18,0.0,0.2301,
588,pittsburgh,0,0,osm_nodes,29,0.004495,0.0617,
589,pittsburgh,0,0,osm_nodes,25,0.006014,0.0637,
590,pittsburgh,0,0,osm_nodes,28,0.005659,0.0894,
591,pittsburgh,0,0,osm_nodes,26,0.006828,0.0357,
592,pittsburgh,0,0,osm_nodes,26,0.006913,0.0515,
593,pittsburgh,0,0,osm_nodes,25,0.006659,0.1218,
594,pittsburgh,0,0,osm_nodes,24,0.006232,0.1534,
595,pittsburgh,1,0,osm_nodes,2,0.004793,0.0213,
596,pittsburgh,1,0,osm_nodes,3,0.004805,0.03,
597,pittsburgh,1,0,osm_nodes,23,0.012577,0.1411,
598,pittsburgh,1,0,osm_nodes,22,0.012869,0.1425,
599,pittsburgh,1,0,osm_nodes,17,0.014538,0.0114,
600,pittsburgh,1,1,osm_nodes,15,0.012103,0.0904,
601,pittsburgh,1,1,osm_nodes,17,0.012884,0.0569,
602,pittsburgh,1,0,osm_nodes,19,0.014805,0.0072,
603,pittsburgh,1,0,osm_nodes,17,0.009168,0.323,
604,pittsburgh,1,0,osm_nodes,19,0.010258,0.2722,
605,pittsburgh,1,0,osm_nodes,19,0.009925,0.2724,
606,pittsburgh,1,0,osm_nodes,20,0.011595,0.1725,
607,pittsburgh,1,0,osm_nodes,8,0.003229,0.1783,
608,pittsburgh,1,0,osm_nodes,73,0.023536,0.1017,
609,pittsburgh,1,0,osm_nodes,74,0.023294,0.1255,
610,pittsburgh,1,0,osm_nodes,70,0.022024,0.156,
611,pittsburgh,1,0,osm_nodes,73,0.021964,0.1401,
612,pittsburgh,1,0,osm_nodes,73,0.02188,0.1707,
613,pittsburgh,1,0,osm_nodes,75,0.025589,0.3641,
614,pittsburgh,1,0,osm_nodes,70,0.021272,0.1999,
615,pittsburgh,1,0,osm_nodes,77,0.026367,0.3423,
616,pittsburgh,1,0,osm_nodes,71,0.020378,0.2048,
617,pittsburgh,1,0,osm_nodes,68,0.022482,0.3488,
618,pittsburgh,1,0,osm_nodes,68,0.022953,0.3533,
619,pittsburgh,1,0,osm_nodes,65,0.022994,0.2515,
620,pittsburgh,1,0,osm_nodes,66,0.022237,0.2396,
621,pittsburgh,0,0,osm_nodes,54,0.017224,0.0388,
622,pittsburgh,1,0,osm_nodes,62,0.020978,0.2346,
623,pittsburgh,0,0,osm_nodes,44,0.01634,0.0503,
624,pittsburgh,1,0,osm_nodes,43,0.015333,0.0726,
625,pittsburgh,1,0,osm_nodes,53,0.019471,0.1072,
626,pittsburgh,1,0,osm_nodes,60,0.021525,0.1375,
627,pittsburgh,1,0,osm_nodes,41,0.014595,0.0756,
628,pittsburgh,1,0,osm_nodes,57,0.021143,0.1293,
629,pittsburgh,1,0,osm_nodes,54,0.020743,0.2058,
630,pittsburgh,1,0,osm_nodes,40,0.015969,0.1121,
631,pittsburgh,1,0,osm_nodes,42,0.012955,0.0957,
632,pittsburgh,1,0,osm_nodes,43,0.01404,0.0676,
633,pittsburgh,1,0,osm_nodes,42,0.01322,0.0805,
634,pittsburgh,0,0,osm_nodes,50,0.017866,0.1522,
635,pittsburgh,1,0,osm_nodes,44,0.013285,0.0776,
636,pittsburgh,0,0,osm_nodes,45,0.015934,0.11,
637,pittsburgh,0,0,osm_nodes,41,0.013166,0.1055,
638,pittsburgh,0,0,osm_nodes,42,0.010499,0.1192,
639,pittsburgh,0,0,osm_nodes,39,0.010532,0.0896,
640,pittsburgh,0,0,osm_nodes,37,0.010742,0.1241,
641,pittsburgh,1,0,osm_nodes,36,0.015117,0.1171,
642,pittsburgh,1,0,osm_nodes,39,0.019457,0.1246,
643,pittsburgh,1,0,osm_nodes,41,0.017234,0.0715,
644,pittsburgh,1,0,osm_nodes,35,0.01576,0.1012,
645,pittsburgh,1,0,osm_nodes,38,0.020342,0.118,
646,pittsburgh,1,0,osm_nodes,39,0.020254,0.0893,
647,pittsburgh,1,0,osm_nodes,36,0.017492,0.0642,
648,pittsburgh,1,0,osm_nodes,37,0.020992,0.0967,
649,pittsburgh,1,0,osm_nodes,37,0.021155,0.1009,
650,pittsburgh,1,0,osm_nodes,36,0.021596,0.0826,
651,pittsburgh,0,0,osm_nodes,23,0.006538,0.4326,
652,pittsburgh,1,0,osm_nodes,75,0.023477,0.0018,
653,pittsburgh,1,0,osm_nodes,67,0.02074,0.0005,
654,pittsburgh,0,0,osm_nodes,56,0.015227,0.005,
655,pittsburgh,0,0,osm_nodes,78,0.024856,0.0848,
656,pittsburgh,1,0,osm_nodes,84,0.022481,0.0805,
657,pittsburgh,1,0,osm_nodes,27,0.016434,0.1248,
658,pittsburgh,1,0,osm_nodes,84,0.022227,0.0884,
659,pittsburgh,0,0,osm_nodes,49,0.013375,0.0015,
660,pittsburgh,1,0,osm_nodes,87,0.022002,0.1129,
661,pittsburgh,1,0,osm_nodes,82,0.025763,0.0442,
662,pittsburgh,1,0,osm_nodes,88,0.021641,0.1318,
663,pittsburgh,1,0,osm_nodes,84,0.021193,0.1187,
664,pittsburgh,1,0,osm_nodes,80,0.025749,0.0337,
665,pittsburgh,1,0,osm_nodes,84,0.021034,0.1516,
666,pittsburgh,1,0,osm_nodes,84,0.020565,0.1623,
667,pittsburgh,1,0,osm_nodes,84,0.0259,0.0379,
668,pittsburgh,1,0,osm_nodes,80,0.020528,0.1403,
669,pittsburgh,1,0,osm_nodes,82,0.020457,0.1698,
670,pittsburgh,1,0,osm_nodes,81,0.020079,0.1752,
671,pittsburgh,0,0,osm_nodes,53,0.013586,0.0011,
672,pittsburgh,1,0,osm_nodes,74,0.018877,0.1105,
673,pittsburgh,1,0,osm_nodes,11,0.009748,0.075,
674,pittsburgh,1,0,osm_nodes,77,0.018506,0.1435,
675,pittsburgh,1,1,osm_nodes,92,0.021683,0.178,
676,pittsburgh,1,1,osm_nodes,92,0.021678,0.1739,
677,pittsburgh,0,0,osm_nodes,47,0.012316,0.0001,
678,pittsburgh,1,0,osm_nodes,11,0.009308,0.0708,
679,pittsburgh,1,0,osm_nodes,8,0.008746,0.0595,
680,pittsburgh,1,1,osm_nodes,87,0.020605,0.2291,
681,pittsburgh,1,0,osm_nodes,56,0.013309,0.1241,
682,pittsburgh,1,1,osm_nodes,83,0.020674,0.2014,
683,pittsburgh,1,1,osm_nodes,85,0.019854,0.2698,
684,pittsburgh,1,0,osm_nodes,79,0.026623,0.2682,
685,pittsburgh,1,0,osm_nodes,74,0.02171,0.0399,
686,pittsburgh,1,0,osm_nodes,73,0.021498,0.0369,
687,pittsburgh,1,0,osm_nodes,76,0.026183,0.2973,
688,pittsburgh,1,0,osm_nodes,72,0.02065,0.0676,
689,pittsburgh,1,0,osm_nodes,63,0.017937,0.2357,
690,pittsburgh,1,0,osm_nodes,67,0.019878,0.0912,
691,pittsburgh,0,1,osm_nodes,63,0.021269,0.1624,
692,pittsburgh,1,0,osm_nodes,64,0.018404,0.1246,
693,pittsburgh,1,0,osm_nodes,33,0.012828,0.2361,
694,pittsburgh,1,0,osm_nodes,57,0.017818,0.0777,
695,pittsburgh,1,1,osm_nodes,60,0.019886,0.1956,
696,pittsburgh,1,1,osm_nodes,55,0.018054,0.1387,
697,pittsburgh,1,1,osm_nodes,51,0.017743,0.1102,
698,pittsburgh,0,0,osm_nodes,37,0.011228,0.1043,
699,pittsburgh,0,1,osm_nodes,44,0.014729,0.0368,
700,pittsburgh,0,1,osm_nodes,45,0.015385,0.0449,
701,pittsburgh,0,1,osm_nodes,44,0.014763,0.0668,
702,pittsburgh,1,0,osm_nodes,56,0.017469,0.3638,
703,pittsburgh,0,0,osm_nodes,35,0.00914,0.0005,
704,pittsburgh,1,0,osm_nodes,51,0.016706,0.2877,
705,pittsburgh,1,0,osm_nodes,41,0.013016,0.133,
706,pittsburgh,1,0,osm_nodes,43,0.014039,0.1628,
707,pittsburgh,1,0,osm_nodes,40,0.014035,0.1591,
708,pittsburgh,1,1,osm_nodes,56,0.018751,0.3024,
709,pittsburgh,1,1,osm_nodes,55,0.019209,0.3018,
710,pittsburgh,1,1,osm_nodes,56,0.018107,0.2458,
711,pittsburgh,1,0,osm_nodes,45,0.015938,0.1755,
712,pittsburgh,1,1,osm_nodes,51,0.019942,0.2771,
713,pittsburgh,1,0,osm_nodes,45,0.016021,0.1748,
714,pittsburgh,0,1,osm_nodes,50,0.014858,0.1068,
715,pittsburgh,1,1,osm_nodes,50,0.018358,0.1919,
716,pittsburgh,1,0,osm_nodes,43,0.014645,0.1559,
717,pittsburgh,1,1,osm_nodes,45,0.020318,0.1961,
718,pittsburgh,1,1,osm_nodes,46,0.019424,0.1702,
719,pittsburgh,1,1,osm_nodes,43,0.019866,0.1561,
720,pittsburgh,1,0,osm_nodes,47,0.016638,0.179,
721,pittsburgh,1,0,osm_nodes,56,0.025054,0.2128,
722,pittsburgh,1,0,osm_nodes,48,0.016993,0.1874,
723,pittsburgh,1,0,osm_nodes,57,0.025187,0.2023,
724,pittsburgh,1,1,osm_nodes,47,0.01775,0.0743,
725,pittsburgh,1,0,osm_nodes,51,0.022113,0.1292,
726,pittsburgh,1,0,osm_nodes,40,0.014558,0.0223,
727,pittsburgh,1,0,osm_nodes,48,0.021529,0.101,
728,pittsburgh,1,0,osm_nodes,50,0.022303,0.1032,
729,pittsburgh,1,0,osm_nodes,57,0.024895,0.18,
730,pittsburgh,1,0,osm_nodes,45,0.020584,0.0726,
731,pittsburgh,0,0,osm_nodes,34,0.017097,0.0233,
732,pittsburgh,1,0,osm_nodes,30,0.013338,0.0,
733,pittsburgh,1,0,osm_nodes,41,0.020822,0.0663,
734,pittsburgh,1,0,osm_nodes,41,0.020799,0.07,
735,pittsburgh,1,0,osm_nodes,39,0.020323,0.0699,
736,pittsburgh,0,0,osm_nodes,28,0.015651,0.0002,
737,pittsburgh,1,0,osm_nodes,32,0.01827,0.0818,
738,pittsburgh,1,0,osm_nodes,43,0.020612,0.2603,
739,pittsburgh,1,1,osm_nodes,44,0.018914,0.4264,
740,pittsburgh,1,1,osm_nodes,47,0.018113,0.4258,
741,pittsburgh,1,1,osm_nodes,46,0.018149,0.4268,
742,pittsburgh,1,1,osm_nodes,38,0.018372,0.4558,
743,pittsburgh,1,1,osm_nodes,38,0.01768,0.4528,
744,pittsburgh,1,1,osm_nodes,35,0.017337,0.461,
745,pittsburgh,1,1,osm_nodes,37,0.016601,0.4536,
746,pittsburgh,1,1,osm_nodes,38,0.016291,0.4523,
747,pittsburgh,1,1,osm_nodes,37,0.01585,0.4575,
748,pittsburgh,1,1,osm_nodes,41,0.016191,0.4512,
749,pittsburgh,1,1,osm_nodes,37,0.014951,0.4556,
750,pittsburgh,1,1,osm_nodes,61,0.020027,0.4201,
751,pittsburgh,1,1,osm_nodes,60,0.019979,0.4178,
752,pittsburgh,1,1,osm_nodes,50,0.017228,0.4261,
753,pittsburgh,1,1,osm_nodes,48,0.017448,0.4079,
754,pittsburgh,1,1,osm_nodes,45,0.015565,0.4389,
755,pittsburgh,1,1,osm_nodes,50,0.017409,0.3979,
756,pittsburgh,1,1,osm_nodes,45,0.015289,0.4273,
757,pittsburgh,1,1,osm_nodes,45,0.015383,0.4236,
758,pittsburgh,1,0,osm_nodes,11,0.00473,0.2314,
759,pittsburgh,1,0,osm_nodes,11,0.00434,0.264,
760,pittsburgh,1,0,osm_nodes,27,0.006859,0.0389,
761,pittsburgh,1,0,osm_nodes,29,0.007311,0.0434,
762,pittsburgh,1,0,osm_nodes,27,0.007439,0.0516,
763,pittsburgh,1,0,osm_nodes,25,0.007495,0.0389,
764,pittsburgh,1,0,osm_nodes,28,0.007834,0.0337,
765,pittsburgh,1,0,osm_nodes,28,0.007986,0.0365,
766,pittsburgh,1,0,osm_nodes,29,0.008165,0.0413,
767,pittsburgh,1,0,osm_nodes,27,0.007999,0.0344,
768,pittsburgh,1,0,osm_nodes,34,0.012487,0.3819,
769,pittsburgh,1,0,osm_nodes,29,0.011603,0.2927,
770,pittsburgh,1,0,osm_nodes,39,0.014385,0.4141,
771,pittsburgh,1,0,osm_nodes,35,0.013733,0.3593,
772,pittsburgh,1,0,osm_nodes,37,0.013882,0.3422,
773,pittsburgh,1,0,osm_nodes,33,0.012521,0.259,
774,pittsburgh,1,0,osm_nodes,38,0.013724,0.2388,
775,pittsburgh,1,0,osm_nodes,40,0.014315,0.2598,
776,pittsburgh,0,0,osm_nodes,28,0.008557,0.1156,
777,pittsburgh,1,0,osm_nodes,50,0.012136,0.3257,
778,pittsburgh,1,0,osm_nodes,11,0.004202,0.115,
779,pittsburgh,0,0,osm_nodes,9,0.003982,0.0724,
780,pittsburgh,1,0,osm_nodes,5,0.002679,0.0,
781,pittsburgh,1,0,osm_nodes,8,0.002694,0.0,
782,pittsburgh,1,1,osm_nodes,18,0.018399,0.0508,
783,pittsburgh,1,0,osm_nodes,10,0.014059,0.092,
784,pittsburgh,1,0,osm_nodes,10,0.014061,0.0913,
785,pittsburgh,1,0,osm_nodes,10,0.014278,0.065,
786,pittsburgh,1,0,osm_nodes,10,0.013691,0.1128,
787,pittsburgh,1,0,osm_nodes,10,0.013723,0.1092,
788,pittsburgh,1,0,osm_nodes,10,0.014101,0.0948,
789,pittsburgh,1,0,osm_nodes,10,0.01431,0.0952,
790,pittsburgh,1,0,osm_nodes,10,0.014059,0.0987,
791,pittsburgh,1,0,osm_nodes,24,0.016968,0.0576,
792,pittsburgh,1,0,osm_nodes,20,0.016148,0.0529,
793,pittsburgh,1,0,osm_nodes,20,0.016161,0.0525,
794,pittsburgh,1,0,osm_nodes,24,0.017178,0.0666,
795,pittsburgh,1,0,osm_nodes,24,0.017229,0.0671,
796,pittsburgh,1,0,osm_nodes,20,0.016339,0.057,
797,pittsburgh,1,0,osm_nodes,20,0.016346,0.0563,
798,pittsburgh,1,0,osm_nodes,19,0.014552,0.0103,
799,pittsburgh,1,0,osm_nodes,27,0.019898,0.1284,
800,pittsburgh,1,0,osm_nodes,27,0.01987,0.1315,
801,pittsburgh,1,0,osm_nodes,29,0.020098,0.1544,
802,pittsburgh,1,0,osm_nodes,28,0.019748,0.1402,
803,pittsburgh,1,0,osm_nodes,28,0.019509,0.1463,
804,pittsburgh,1,0,osm_nodes,28,0.019395,0.1543,
805,pittsburgh,1,0,osm_nodes,29,0.019674,0.1634,
806,pittsburgh,1,0,osm_nodes,27,0.017538,0.1384,
807,pittsburgh,1,0,osm_nodes,27,0.017248,0.1324,
808,pittsburgh,1,0,osm_nodes,27,0.017245,0.1354,
809,pittsburgh,1,0,osm_nodes,28,0.01458,0.1113,
810,pittsburgh,1,0,osm_nodes,29,0.014584,0.1135,
811,pittsburgh,1,0,osm_nodes,28,0.021043,0.1308,
812,pittsburgh,1,0,osm_nodes,28,0.021409,0.1332,
813,pittsburgh,1,0,osm_nodes,26,0.019466,0.114,
814,pittsburgh,1,0,osm_nodes,26,0.019453,0.1109,
815,pittsburgh,1,0,osm_nodes,32,0.022484,0.1325,
816,pittsburgh,1,0,osm_nodes,32,0.022591,0.1325,
817,pittsburgh,1,0,osm_nodes,26,0.01942,0.0924,
818,pittsburgh,1,0,osm_nodes,27,0.020523,0.1086,
819,pittsburgh,1,0,osm_nodes,27,0.021538,0.1146,
820,pittsburgh,1,0,osm_nodes,26,0.0197,0.0953,
821,pittsburgh,1,0,osm_nodes,36,0.027021,0.1566,
822,pittsburgh,1,0,osm_nodes,34,0.025473,0.1497,
823,pittsburgh,1,0,osm_nodes,28,0.02455,0.209,
824,pittsburgh,1,0,osm_nodes,29,0.025154,0.179,
825,pittsburgh,1,0,osm_nodes,26,0.024166,0.1867,
826,pittsburgh,1,0,osm_nodes,28,0.025319,0.1813,
827,pittsburgh,1,0,osm_nodes,28,0.024722,0.1781,
828,pittsburgh,1,0,osm_nodes,18,0.01334,0.084,
829,pittsburgh,1,0,osm_nodes,26,0.019001,0.1893,
830,pittsburgh,1,0,osm_nodes,18,0.013797,0.0826,
831,pittsburgh,1,0,osm_nodes,24,0.018478,0.1929,
832,pittsburgh,1,0,osm_nodes,24,0.018326,0.1915,
833,pittsburgh,1,0,osm_nodes,24,0.017793,0.169,
834,pittsburgh,1,0,osm_nodes,19,0.014862,0.0903,
835,pittsburgh,1,0,osm_nodes,20,0.01571,0.091,
836,pittsburgh,1,0,osm_nodes,20,0.015568,0.0852,
837,pittsburgh,1,0,osm_nodes,20,0.016851,0.067,
838,pittsburgh,1,0,osm_nodes,41,0.016104,0.2362,
839,pittsburgh,1,1,osm_nodes,32,0.022162,0.0627,
840,pittsburgh,1,1,osm_nodes,32,0.023618,0.0952,
841,pittsburgh,1,1,osm_nodes,36,0.025308,0.1081,
842,pittsburgh,1,1,osm_nodes,36,0.025411,0.1091,
843,pittsburgh,1,1,osm_nodes,32,0.023941,0.1066,
844,pittsburgh,1,0,osm_nodes,24,0.017382,0.0984,
845,pittsburgh,1,0,osm_nodes,26,0.018484,0.0956,
846,pittsburgh,1,0,osm_nodes,32,0.023941,0.1202,
847,pittsburgh,1,0,osm_nodes,30,0.022513,0.1001,
848,pittsburgh,1,0,osm_nodes,30,0.023154,0.1032,
849,pittsburgh,1,0,osm_nodes,56,0.013615,0.3343,
850,pittsburgh,1,0,osm_nodes,55,0.013485,0.344,
851,pittsburgh,1,0,osm_nodes,55,0.013472,0.3446,
852,pittsburgh,1,0,osm_nodes,53,0.01336,0.3451,
853,pittsburgh,1,0,osm_nodes,53,0.013333,0.3448,
854,pittsburgh,1,0,osm_nodes,51,0.013093,0.3364,
855,pittsburgh,1,0,osm_nodes,53,0.013145,0.3355,
856,pittsburgh,1,0,osm_nodes,54,0.012686,0.2977,
857,pittsburgh,1,0,osm_nodes,54,0.012452,0.2897,
858,pittsburgh,1,0,osm_nodes,37,0.009215,0.2531,
859,pittsburgh,1,0,osm_nodes,38,0.009125,0.2498,
860,pittsburgh,1,0,osm_nodes,27,0.007971,0.1744,
861,pittsburgh,0,0,osm_nodes,16,0.005181,0.1947,
862,pittsburgh,1,0,osm_nodes,37,0.016167,0.3714,
863,pittsburgh,1,0,osm_nodes,71,0.020828,0.2145,
864,pittsburgh,1,0,osm_nodes,73,0.020405,0.2087,
865,pittsburgh,1,0,osm_nodes,69,0.020584,0.2256,
866,pittsburgh,1,0,osm_nodes,26,0.014171,0.2222,
867,pittsburgh,1,0,osm_nodes,63,0.020717,0.2874,
868,pittsburgh,1,0,osm_nodes,28,0.015395,0.2644,
869,pittsburgh,1,0,osm_nodes,64,0.020852,0.2977,
870,pittsburgh,1,0,osm_nodes,32,0.01543,0.2485,
871,pittsburgh,1,0,osm_nodes,42,0.022383,0.4188,
872,pittsburgh,1,0,osm_nodes,42,0.021872,0.4167,
873,pittsburgh,1,0,osm_nodes,48,0.022864,0.4517,
874,pittsburgh,1,0,osm_nodes,47,0.022328,0.4469,
875,pittsburgh,1,0,osm_nodes,53,0.020991,0.3774,
876,pittsburgh,1,0,osm_nodes,47,0.019617,0.2763,
877,pittsburgh,1,0,osm_nodes,46,0.01932,0.2554,
878,pittsburgh,1,0,osm_nodes,48,0.01958,0.2886,
879,pittsburgh,1,0,osm_nodes,46,0.01887,0.2432,
880,pittsburgh,1,0,osm_nodes,49,0.019035,0.2657,
881,pittsburgh,1,0,osm_nodes,48,0.019441,0.301,
882,pittsburgh,1,0,osm_nodes,47,0.018873,0.2751,
883,pittsburgh,1,0,osm_nodes,44,0.018093,0.2613,
884,pittsburgh,1,0,osm_nodes,67,0.019807,0.3215,
885,pittsburgh,1,0,osm_nodes,67,0.019871,0.3256,
886,pittsburgh,1,0,osm_nodes,61,0.020001,0.323,
887,pittsburgh,1,0,osm_nodes,65,0.020151,0.3378,
888,pittsburgh,1,0,osm_nodes,46,0.019249,0.3586,
889,pittsburgh,1,0,osm_nodes,46,0.019237,0.3559,
890,pittsburgh,1,0,osm_nodes,46,0.019687,0.3462,
891,pittsburgh,1,0,osm_nodes,46,0.019805,0.3624,
892,pittsburgh,1,0,osm_nodes,46,0.019084,0.3258,
893,pittsburgh,1,0,osm_nodes,47,0.020077,0.3727,
894,pittsburgh,1,0,osm_nodes,50,0.02057,0.3631,
895,pittsburgh,1,0,osm_nodes,51,0.020924,0.378,
896,pittsburgh,1,0,osm_nodes,31,0.008545,0.1603,
897,pittsburgh,1,0,osm_nodes,31,0.008746,0.169,
898,pittsburgh,1,0,osm_nodes,30,0.008586,0.1501,
899,pittsburgh,1,0,osm_nodes,30,0.0085,0.1651,
900,pittsburgh,1,0,osm_nodes,31,0.008792,0.1589,
901,pittsburgh,1,0,osm_nodes,30,0.008568,0.1589,
902,pittsburgh,1,0,osm_nodes,31,0.009111,0.1682,
903,pittsburgh,1,0,osm_nodes,31,0.009029,0.1536,
904,pittsburgh,1,0,osm_nodes,31,0.009514,0.1655,
905,pittsburgh,1,0,osm_nodes,31,0.009885,0.1548,
906,pittsburgh,1,0,osm_nodes,31,0.009598,0.1796,
907,pittsburgh,1,0,osm_nodes,31,0.009647,0.1719,
908,pittsburgh,1,0,osm_nodes,31,0.009572,0.1757,
909,pittsburgh,1,0,osm_nodes,31,0.009698,0.1678,
910,pittsburgh,1,0,osm_nodes,27,0.009563,0.1201,
911,pittsburgh,1,0,osm_nodes,27,0.010628,0.1064,
912,pittsburgh,1,0,osm_nodes,65,0.023214,0.2626,
913,pittsburgh,1,0,osm_nodes,20,0.017204,0.2036,
914,pittsburgh,1,0,osm_nodes,63,0.022479,0.2896,
915,pittsburgh,1,0,osm_nodes,61,0.02278,0.3239,
916,pittsburgh,1,0,osm_nodes,19,0.016746,0.2078,
917,pittsburgh,1,0,osm_nodes,20,0.016117,0.2191,
918,pittsburgh,1,0,osm_nodes,33,0.020778,0.349,
919,pittsburgh,1,0,osm_nodes,19,0.016212,0.2517,
920,pittsburgh,1,0,osm_nodes,20,0.015778,0.2467,
921,pittsburgh,1,0,osm_nodes,23,0.016955,0.2656,
922,pittsburgh,1,0,osm_nodes,40,0.018624,0.2509,
923,pittsburgh,1,0,osm_nodes,45,0.019398,0.2177,
924,pittsburgh,1,0,osm_nodes,67,0.021575,0.2249,
925,pittsburgh,1,0,osm_nodes,66,0.02226,0.2076,
926,pittsburgh,1,0,osm_nodes,65,0.021746,0.2466,
927,pittsburgh,1,0,osm_nodes,64,0.021044,0.1954,
928,pittsburgh,1,0,osm_nodes,61,0.021458,0.2541,
929,pittsburgh,1,0,osm_nodes,62,0.021161,0.2187,
930,pittsburgh,1,0,osm_nodes,61,0.021169,0.2244,
931,pittsburgh,1,0,osm_nodes,18,0.015555,0.2222,
932,pittsburgh,1,0,osm_nodes,26,0.017088,0.2257,
933,pittsburgh,1,0,osm_nodes,60,0.019965,0.1995,
934,pittsburgh,1,0,osm_nodes,27,0.017426,0.2045,
935,pittsburgh,1,0,osm_nodes,25,0.017438,0.2284,
936,pittsburgh,1,0,osm_nodes,24,0.016632,0.2907,
937,pittsburgh,1,0,osm_nodes,11,0.012565,0.1851,
938,pittsburgh,1,0,osm_nodes,17,0.016009,0.2102,
939,pittsburgh,1,0,osm_nodes,11,0.012561,0.1962,
940,pittsburgh,1,0,osm_nodes,15,0.01438,0.1662,
941,pittsburgh,1,0,osm_nodes,15,0.01776,0.1269,
942,pittsburgh,1,0,osm_nodes,68,0.020834,0.3826,
943,pittsburgh,1,0,osm_nodes,61,0.020327,0.4007,
944,pittsburgh,1,0,osm_nodes,61,0.020372,0.3996,
945,pittsburgh,1,0,osm_nodes,59,0.020746,0.3896,
946,pittsburgh,1,0,osm_nodes,59,0.019752,0.4059,
947,pittsburgh,1,0,osm_nodes,56,0.018773,0.3469,
948,pittsburgh,1,0,osm_nodes,60,0.019853,0.3635,
949,pittsburgh,1,0,osm_nodes,60,0.020151,0.3691,
950,pittsburgh,1,0,osm_nodes,58,0.019734,0.39,
951,pittsburgh,1,0,osm_nodes,17,0.01641,0.2276,
952,pittsburgh,1,0,osm_nodes,60,0.020161,0.3894,
953,pittsburgh,1,0,osm_nodes,59,0.02018,0.3966,
954,pittsburgh,1,0,osm_nodes,19,0.016386,0.2527,
955,pittsburgh,1,0,osm_nodes,59,0.020012,0.3973,
956,pittsburgh,1,0,osm_nodes,56,0.019715,0.39,
957,pittsburgh,1,0,osm_nodes,58,0.019832,0.406,
958,pittsburgh,1,0,osm_nodes,56,0.019662,0.3864,
959,pittsburgh,1,0,osm_nodes,21,0.01678,0.2586,
960,pittsburgh,1,0,osm_nodes,20,0.01654,0.2862,
961,pittsburgh,1,0,osm_nodes,22,0.017333,0.3221,
962,pittsburgh,1,0,osm_nodes,22,0.017053,0.3177,
963,pittsburgh,1,0,osm_nodes,16,0.016887,0.1272,
964,pittsburgh,1,0,osm_nodes,16,0.017162,0.1468,
965,pittsburgh,1,0,osm_nodes,16,0.015695,0.1206,
966,pittsburgh,1,0,osm_nodes,16,0.016197,0.1288,
967,pittsburgh,1,0,osm_nodes,12,0.017926,0.1962,
968,pittsburgh,1,0,osm_nodes,11,0.017898,0.1748,
969,pittsburgh,1,0,osm_nodes,65,0.015823,0.4059,
970,pittsburgh,1,0,osm_nodes,63,0.015755,0.4036,
971,pittsburgh,1,0,osm_nodes,62,0.01549,0.3605,
972,pittsburgh,1,0,osm_nodes,14,0.017549,0.1907,
973,pittsburgh,1,0,osm_nodes,57,0.014667,0.4019,
974,pittsburgh,1,0,osm_nodes,12,0.017728,0.199,
975,pittsburgh,1,0,osm_nodes,57,0.014444,0.3923,
976,pittsburgh,1,0,osm_nodes,55,0.014434,0.3705,
977,pittsburgh,1,0,osm_nodes,13,0.018909,0.1981,
978,pittsburgh,1,0,osm_nodes,46,0.013216,0.2793,
979,pittsburgh,1,0,osm_nodes,53,0.016237,0.3049,
980,pittsburgh,1,0,osm_nodes,53,0.016289,0.3083,
981,pittsburgh,1,0,osm_nodes,53,0.015632,0.3013,
982,pittsburgh,1,0,osm_nodes,13,0.018376,0.2076,
983,pittsburgh,1,0,osm_nodes,53,0.015572,0.3011,
984,pittsburgh,1,0,osm_nodes,14,0.01816,0.2135,
985,pittsburgh,1,0,osm_nodes,50,0.013542,0.2942,
986,pittsburgh,1,0,osm_nodes,53,0.015615,0.3032,
987,pittsburgh,1,0,osm_nodes,51,0.014496,0.2964,
988,pittsburgh,1,0,osm_nodes,52,0.014537,0.3077,
989,pittsburgh,1,0,osm_nodes,52,0.014468,0.3084,
990,pittsburgh,1,0,osm_nodes,52,0.014577,0.3115,
991,pittsburgh,1,0,osm_nodes,20,0.020432,0.2281,
992,pittsburgh,1,0,osm_nodes,18,0.019731,0.2378,
993,pittsburgh,1,0,osm_nodes,20,0.020498,0.2337,
994,pittsburgh,1,0,osm_nodes,18,0.020033,0.2454,
995,pittsburgh,1,0,osm_nodes,49,0.013101,0.2854,
996,pittsburgh,1,0,osm_nodes,46,0.014518,0.3295,
997,pittsburgh,1,0,osm_nodes,40,0.014543,0.2969,
998,pittsburgh,1,0,osm_nodes,40,0.01453,0.2751,
999,pittsburgh,1,0,osm_nodes,45,0.013148,0.3187,
1000,pittsburgh,1,0,osm_nodes,26,0.023114,0.2502,
1001,pittsburgh,1,0,osm_nodes,40,0.01393,0.262,
1002,pittsburgh,1,0,osm_nodes,40,0.01362,0.2932,
1003,pittsburgh,1,0,osm_nodes,29,0.024412,0.2478,
1004,pittsburgh,1,0,osm_nodes,42,0.013926,0.2774,
1005,pittsburgh,1,0,osm_nodes,40,0.014067,0.2468,
1006,pittsburgh,1,0,osm_nodes,29,0.023422,0.2596,
1007,pittsburgh,1,0,osm_nodes,34,0.025869,0.2439,
1008,pittsburgh,1,0,osm_nodes,32,0.013626,0.2137,
1009,pittsburgh,1,0,osm_nodes,29,0.023549,0.2433,
1010,pittsburgh,1,0,osm_nodes,37,0.014084,0.2164,
1011,pittsburgh,1,0,osm_nodes,31,0.024852,0.2408,
1012,pittsburgh,1,0,osm_nodes,39,0.01538,0.3123,
1013,pittsburgh,1,0,osm_nodes,43,0.015752,0.3335,
1014,pittsburgh,1,0,osm_nodes,47,0.018812,0.3084,
1015,pittsburgh,1,0,osm_nodes,48,0.018403,0.337,
1016,pittsburgh,1,0,osm_nodes,45,0.019286,0.2425,
1017,pittsburgh,1,0,osm_nodes,47,0.018804,0.3164,
1018,pittsburgh,1,0,osm_nodes,51,0.018164,0.3355,
1019,pittsburgh,1,0,osm_nodes,49,0.01848,0.3162,
1020,pittsburgh,1,0,osm_nodes,47,0.018881,0.2648,
1021,pittsburgh,1,0,osm_nodes,51,0.016857,0.3207,
1022,pittsburgh,1,0,osm_nodes,31,0.005327,0.3023,
1023,pittsburgh,1,0,osm_nodes,31,0.005041,0.2871,
1024,pittsburgh,1,0,osm_nodes,30,0.005183,0.3271,
1025,pittsburgh,1,0,osm_nodes,54,0.016469,0.2204,
1026,pittsburgh,1,0,osm_nodes,27,0.017867,0.347,
1027,pittsburgh,1,0,osm_nodes,30,0.005083,0.3626,
1028,pittsburgh,1,0,osm_nodes,30,0.004759,0.3324,
1029,pittsburgh,1,0,osm_nodes,25,0.017726,0.3884,
1030,pittsburgh,1,0,osm_nodes,26,0.017723,0.3929,
1031,pittsburgh,1,0,osm_nodes,58,0.01581,0.2023,
1032,pittsburgh,1,0,osm_nodes,28,0.017635,0.386,
1033,pittsburgh,1,0,osm_nodes,31,0.017626,0.4341,
1034,pittsburgh,1,0,osm_nodes,57,0.015067,0.2092,
1035,pittsburgh,1,0,osm_nodes,58,0.01497,0.2116,
1036,pittsburgh,1,0,osm_nodes,56,0.015361,0.2159,
1037,pittsburgh,1,0,osm_nodes,57,0.014606,0.2233,
1038,pittsburgh,1,0,osm_nodes,56,0.015772,0.2212,
1039,pittsburgh,1,0,osm_nodes,55,0.014093,0.2305,
1040,pittsburgh,1,0,osm_nodes,54,0.014314,0.246,
1041,pittsburgh,1,0,osm_nodes,57,0.02431,0.2237,
1042,pittsburgh,1,0,osm_nodes,61,0.024992,0.1958,
1043,pittsburgh,1,1,osm_nodes,59,0.025469,0.1961,
1044,pittsburgh,1,1,osm_nodes,60,0.025502,0.1942,
1045,pittsburgh,1,1,osm_nodes,63,0.025891,0.1829,
1046,pittsburgh,1,1,osm_nodes,63,0.025939,0.181,
1047,pittsburgh,0,0,osm_nodes,10,0.002356,0.0013,
1048,pittsburgh,1,0,osm_nodes,63,0.027142,0.1543,
1049,pittsburgh,1,0,osm_nodes,63,0.027249,0.1687,
1050,pittsburgh,1,0,osm_nodes,62,0.027224,0.157,
1051,pittsburgh,1,0,osm_nodes,60,0.027299,0.1482,
1052,pittsburgh,1,0,osm_nodes,65,0.028192,0.2141,
1053,pittsburgh,1,0,osm_nodes,65,0.028142,0.1928,
1054,pittsburgh,1,0,osm_nodes,66,0.028356,0.1903,
1055,pittsburgh,1,0,osm_nodes,55,0.026394,0.3246,
1056,pittsburgh,1,0,osm_nodes,48,0.025132,0.3485,
1057,pittsburgh,1,0,osm_nodes,46,0.025035,0.3248,
1058,pittsburgh,1,0,osm_nodes,11,0.006533,0.1307,
1059,pittsburgh,0,0,osm_nodes,30,0.010589,0.2563,
1060,pittsburgh,1,0,osm_nodes,20,0.013983,0.0502,
1061,pittsburgh,1,0,osm_nodes,36,0.010656,0.2883,
1062,pittsburgh,1,0,osm_nodes,36,0.011228,0.2799,
1063,pittsburgh,1,0,osm_nodes,35,0.011726,0.2712,
1064,pittsburgh,1,0,osm_nodes,35,0.011711,0.2697,
1065,pittsburgh,1,0,osm_nodes,43,0.02233,0.4108,
1066,pittsburgh,1,0,osm_nodes,46,0.022594,0.399,
1067,pittsburgh,1,0,osm_nodes,46,0.022788,0.3896,
1068,pittsburgh,1,0,osm_nodes,45,0.022051,0.4704,
1069,pittsburgh,1,0,osm_nodes,43,0.022176,0.4724,
1070,pittsburgh,1,0,osm_nodes,42,0.021632,0.4289,
1071,pittsburgh,1,0,osm_nodes,41,0.021636,0.4357,
1072,pittsburgh,1,0,osm_nodes,41,0.021624,0.4522,
1073,pittsburgh,1,0,osm_nodes,48,0.022283,0.3676,
1074,pittsburgh,1,0,osm_nodes,47,0.022449,0.3721,
1075,pittsburgh,1,0,osm_nodes,39,0.021714,0.5032,
1076,pittsburgh,1,0,osm_nodes,50,0.0229,0.3162,
1077,pittsburgh,1,0,osm_nodes,46,0.022702,0.3964,
1078,pittsburgh,1,0,osm_nodes,50,0.022982,0.327,
1079,pittsburgh,1,0,osm_nodes,51,0.023069,0.3324,
1080,pittsburgh,1,0,osm_nodes,55,0.023873,0.3471,
1081,pittsburgh,1,0,osm_nodes,54,0.024287,0.3384,
1082,pittsburgh,1,0,osm_nodes,51,0.022962,0.3821,
1083,pittsburgh,1,0,osm_nodes,51,0.022884,0.3997,
1084,pittsburgh,1,0,osm_nodes,51,0.022867,0.4018,
1085,pittsburgh,1,0,osm_nodes,56,0.023962,0.355,
1086,pittsburgh,1,0,osm_nodes,57,0.023477,0.3584,
1087,pittsburgh,1,0,osm_nodes,56,0.023433,0.3592,
1088,pittsburgh,1,0,osm_nodes,59,0.024441,0.2385,
1089,pittsburgh,1,0,osm_nodes,68,0.02519,0.1907,
1090,pittsburgh,1,0,osm_nodes,70,0.024775,0.1288,
1091,pittsburgh,1,0,osm_nodes,68,0.024361,0.1414,
1092,pittsburgh,1,0,osm_nodes,64,0.024156,0.1755,
1093,pittsburgh,1,0,osm_nodes,20,0.017503,0.267,
1094,pittsburgh,1,0,osm_nodes,20,0.01772,0.2667,
1095,pittsburgh,1,0,osm_nodes,22,0.016488,0.262,
1096,pittsburgh,1,0,osm_nodes,21,0.016119,0.2599,
1097,pittsburgh,1,0,osm_nodes,23,0.015398,0.2593,
1098,pittsburgh,1,0,osm_nodes,27,0.015543,0.2814,
1099,pittsburgh,1,0,osm_nodes,22,0.015512,0.2778,
1100,pittsburgh,1,0,osm_nodes,24,0.015948,0.2617,
1101,pittsburgh,1,0,osm_nodes,29,0.015888,0.3047,
1102,pittsburgh,1,0,osm_nodes,30,0.016414,0.2847,
1103,pittsburgh,1,0,osm_nodes,22,0.015363,0.264,
1104,pittsburgh,1,0,osm_nodes,34,0.022517,0.2257,
1105,pittsburgh,1,0,osm_nodes,24,0.016265,0.2713,
1106,pittsburgh,1,0,osm_nodes,25,0.016483,0.2601,
1107,pittsburgh,1,0,osm_nodes,37,0.023614,0.2384,
1108,pittsburgh,1,0,osm_nodes,39,0.02415,0.2459,
1109,pittsburgh,1,0,osm_nodes,25,0.02074,0.2077,
1110,pittsburgh,1,0,osm_nodes,28,0.021622,0.23,
1111,pittsburgh,1,0,osm_nodes,24,0.021571,0.2063,
1112,pittsburgh,1,0,osm_nodes,29,0.022211,0.2291,
1113,pittsburgh,1,0,osm_nodes,42,0.024484,0.2375,
1114,pittsburgh,1,0,osm_nodes,44,0.025286,0.2418,
1115,pittsburgh,1,0,osm_nodes,39,0.024611,0.2491,
1116,pittsburgh,1,0,osm_nodes,41,0.0251,0.272,
1117,pittsburgh,1,0,osm_nodes,45,0.026802,0.3112,
1118,pittsburgh,1,0,osm_nodes,36,0.025043,0.3411,
1119,pittsburgh,1,0,osm_nodes,42,0.026443,0.3416,
1120,pittsburgh,1,0,osm_nodes,36,0.025323,0.3448,
1121,pittsburgh,1,0,osm_nodes,38,0.025759,0.3431,
1122,pittsburgh,1,0,osm_nodes,43,0.027354,0.3314,
1123,pittsburgh,1,0,osm_nodes,45,0.028677,0.3677,
1124,pittsburgh,1,0,osm_nodes,43,0.026086,0.3319,
1125,pittsburgh,1,0,osm_nodes,44,0.027589,0.3113,
1126,pittsburgh,1,0,osm_nodes,51,0.028034,0.4498,
1127,pittsburgh,1,0,osm_nodes,40,0.024276,0.4553,
1128,pittsburgh,1,0,osm_nodes,38,0.024436,0.4611,
1129,pittsburgh,1,0,osm_nodes,40,0.025447,0.4578,
1130,pittsburgh,1,0,osm_nodes,41,0.025485,0.4599,
1131,pittsburgh,1,0,osm_nodes,38,0.025897,0.4165,
1132,pittsburgh,1,0,osm_nodes,37,0.025163,0.3966,
1133,pittsburgh,1,0,osm_nodes,41,0.026346,0.3929,
1134,pittsburgh,1,0,osm_nodes,37,0.025652,0.3787,
1135,pittsburgh,1,0,osm_nodes,11,0.014564,0.2198,
1136,pittsburgh,1,0,osm_nodes,46,0.026961,0.3094,
1137,pittsburgh,1,0,osm_nodes,42,0.027815,0.2473,
1138,pittsburgh,1,0,osm_nodes,12,0.014954,0.222,
1139,pittsburgh,1,0,osm_nodes,42,0.02697,0.3308,
1140,pittsburgh,1,0,osm_nodes,39,0.027573,0.2544,
1141,pittsburgh,1,0,osm_nodes,11,0.015362,0.2027,
1142,pittsburgh,1,0,osm_nodes,44,0.02736,0.3629,
1143,pittsburgh,1,0,osm_nodes,44,0.026859,0.3161,
1144,pittsburgh,1,0,osm_nodes,43,0.026705,0.3196,
1145,pittsburgh,1,0,osm_nodes,41,0.026703,0.321,
1146,pittsburgh,1,0,osm_nodes,41,0.026807,0.3171,
1147,pittsburgh,0,0,osm_nodes,50,0.029134,0.3132,
1148,pittsburgh,1,0,osm_nodes,40,0.026675,0.3208,
1149,pittsburgh,1,0,osm_nodes,32,0.024028,0.2577,
1150,pittsburgh,1,0,osm_nodes,33,0.024202,0.2576,
1151,pittsburgh,1,0,osm_nodes,33,0.024136,0.2593,
1152,pittsburgh,1,0,osm_nodes,33,0.024258,0.2635,
1153,pittsburgh,1,0,osm_nodes,32,0.024202,0.2578,
1154,pittsburgh,1,1,osm_nodes,25,0.021839,0.2075,
1155,pittsburgh,1,0,osm_nodes,34,0.024254,0.2603,
1156,pittsburgh,1,1,osm_nodes,25,0.021771,0.2159,
1157,pittsburgh,1,1,osm_nodes,26,0.022481,0.2095,
1158,pittsburgh,1,1,osm_nodes,26,0.022283,0.2124,
1159,pittsburgh,1,0,osm_nodes,39,0.025749,0.326,
1160,pittsburgh,1,0,osm_nodes,38,0.026103,0.3464,
1161,pittsburgh,1,0,osm_nodes,42,0.0259,0.3298,
1162,pittsburgh,1,0,osm_nodes,41,0.026527,0.3239,
1163,pittsburgh,1,0,osm_nodes,44,0.025696,0.3265,
1164,pittsburgh,1,0,osm_nodes,41,0.026641,0.34,
1165,pittsburgh,1,0,osm_nodes,45,0.028426,0.3148,
1166,pittsburgh,1,0,osm_nodes,45,0.027344,0.2962,
1167,pittsburgh,1,0,osm_nodes,44,0.02591,0.294,
1168,pittsburgh,1,0,osm_nodes,45,0.025989,0.282,
1169,pittsburgh,1,0,osm_nodes,41,0.025181,0.2147,
1170,pittsburgh,1,0,osm_nodes,40,0.024496,0.197,
1171,pittsburgh,1,0,osm_nodes,37,0.023743,0.2216,
1172,pittsburgh,1,0,osm_nodes,37,0.02313,0.2149,
1173,pittsburgh,1,0,osm_nodes,35,0.026943,0.2428,
1174,pittsburgh,1,0,osm_nodes,37,0.027063,0.2349,
1175,pittsburgh,1,0,osm_nodes,36,0.026829,0.2416,
1176,pittsburgh,1,0,osm_nodes,36,0.026961,0.2422,
1177,pittsburgh,1,0,osm_nodes,37,0.02503,0.1827,
1178,pittsburgh,1,0,osm_nodes,33,0.023982,0.2136,
1179,pittsburgh,1,0,osm_nodes,30,0.022882,0.2181,
1180,pittsburgh,1,0,osm_nodes,28,0.021949,0.2473,
1181,pittsburgh,1,0,osm_nodes,30,0.02257,0.2438,
1182,pittsburgh,1,0,osm_nodes,31,0.024011,0.2951,
1183,pittsburgh,1,0,osm_nodes,18,0.023296,0.2466,
1184,pittsburgh,1,0,osm_nodes,18,0.023668,0.2373,
1185,pittsburgh,1,0,osm_nodes,30,0.024002,0.2888,
1186,pittsburgh,1,0,osm_nodes,29,0.023593,0.3021,
1187,pittsburgh,1,0,osm_nodes,18,0.023473,0.2415,
1188,pittsburgh,1,0,osm_nodes,30,0.023825,0.2983,
1189,pittsburgh,1,0,osm_nodes,17,0.023148,0.2527,
1190,pittsburgh,1,0,osm_nodes,27,0.023432,0.3341,
1191,pittsburgh,1,0,osm_nodes,6,0.005279,0.1257,
1192,pittsburgh,1,0,osm_nodes,9,0.005881,0.1187,
1193,pittsburgh,1,0,osm_nodes,9,0.006021,0.1234,
1194,pittsburgh,1,0,osm_nodes,19,0.022064,0.2518,
1195,pittsburgh,1,0,osm_nodes,16,0.021724,0.2433,
1196,pittsburgh,1,0,osm_nodes,18,0.011289,0.1855,
1197,pittsburgh,1,0,osm_nodes,18,0.011468,0.205,
1198,pittsburgh,1,0,osm_nodes,18,0.011497,0.1799,
1199,pittsburgh,1,0,osm_nodes,25,0.025516,0.2378,
1200,pittsburgh,1,0,osm_nodes,29,0.025198,0.2487,
1201,pittsburgh,1,0,osm_nodes,26,0.026149,0.2653,
1202,pittsburgh,1,0,osm_nodes,20,0.016482,0.2303,
1203,pittsburgh,1,0,osm_nodes,29,0.025716,0.2604,
1204,pittsburgh,1,0,osm_nodes,21,0.015538,0.2777,
1205,pittsburgh,1,0,osm_nodes,21,0.015592,0.2789,
1206,pittsburgh,0,0,osm_nodes,44,0.022553,0.3591,
1207,pittsburgh,1,0,osm_nodes,47,0.024392,0.3428,
1208,pittsburgh,1,0,osm_nodes,26,0.024175,0.2662,
1209,pittsburgh,1,0,osm_nodes,26,0.023965,0.2522,
1210,pittsburgh,1,0,osm_nodes,47,0.024956,0.311,
1211,pittsburgh,1,0,osm_nodes,52,0.023077,0.3042,
1212,pittsburgh,1,0,osm_nodes,28,0.016988,0.3065,
1213,pittsburgh,1,0,osm_nodes,49,0.025438,0.2699,
1214,pittsburgh,1,0,osm_nodes,41,0.021114,0.3956,
1215,pittsburgh,1,0,osm_nodes,46,0.025718,0.2526,
1216,pittsburgh,1,0,osm_nodes,27,0.016756,0.2956,
1217,pittsburgh,1,0,osm_nodes,21,0.02108,0.2994,
1218,pittsburgh,1,0,osm_nodes,22,0.021152,0.3054,
1219,pittsburgh,1,0,osm_nodes,36,0.025916,0.2481,
1220,pittsburgh,1,0,osm_nodes,29,0.016829,0.2868,
1221,pittsburgh,1,0,osm_nodes,44,0.021174,0.347,
1222,pittsburgh,0,0,osm_nodes,17,0.008867,0.3744,
1223,pittsburgh,1,0,osm_nodes,23,0.021246,0.2717,
1224,pittsburgh,1,0,osm_nodes,34,0.024735,0.2433,
1225,pittsburgh,1,0,osm_nodes,21,0.020504,0.2809,
1226,pittsburgh,1,0,osm_nodes,50,0.021971,0.3944,
1227,pittsburgh,1,0,osm_nodes,36,0.025259,0.2704,
1228,pittsburgh,1,0,osm_nodes,21,0.020673,0.2361,
1229,pittsburgh,1,0,osm_nodes,33,0.023621,0.2706,
1230,pittsburgh,1,0,osm_nodes,33,0.023547,0.2778,
1231,pittsburgh,0,0,osm_nodes,13,0.009665,0.4707,
1232,pittsburgh,1,0,osm_nodes,31,0.014425,0.3553,
1233,pittsburgh,1,0,osm_nodes,31,0.014395,0.3613,
1234,pittsburgh,1,0,osm_nodes,22,0.020065,0.2248,
1235,pittsburgh,1,0,osm_nodes,33,0.01405,0.3393,
1236,pittsburgh,1,0,osm_nodes,32,0.014232,0.3751,
1237,pittsburgh,1,0,osm_nodes,35,0.014041,0.3811,
1238,pittsburgh,1,0,osm_nodes,35,0.012418,0.2427,
1239,pittsburgh,1,0,osm_nodes,36,0.012232,0.2357,
1240,pittsburgh,1,0,osm_nodes,39,0.011641,0.2159,
1241,pittsburgh,0,0,osm_nodes,23,0.009395,0.3949,
1242,pittsburgh,1,0,osm_nodes,49,0.023872,0.2185,
1243,pittsburgh,1,0,osm_nodes,52,0.027913,0.2405,
1244,pittsburgh,1,0,osm_nodes,58,0.024498,0.2261,
1245,pittsburgh,1,0,osm_nodes,49,0.027174,0.1469,
1246,pittsburgh,1,0,osm_nodes,52,0.028198,0.2686,
1247,pittsburgh,1,0,osm_nodes,58,0.024548,0.2019,
1248,pittsburgh,1,0,osm_nodes,58,0.024675,0.1982,
1249,pittsburgh,1,0,osm_nodes,58,0.02507,0.189,
1250,pittsburgh,1,0,osm_nodes,54,0.02816,0.1715,
1251,pittsburgh,1,0,osm_nodes,54,0.028,0.3023,
1252,pittsburgh,1,0,osm_nodes,50,0.025125,0.1581,
1253,pittsburgh,1,0,osm_nodes,48,0.025034,0.1645,
1254,pittsburgh,1,0,osm_nodes,59,0.025157,0.1814,
1255,pittsburgh,1,0,osm_nodes,56,0.024187,0.2075,
1256,pittsburgh,1,0,osm_nodes,50,0.025262,0.1529,
1257,pittsburgh,1,0,osm_nodes,53,0.028335,0.1994,
1258,pittsburgh,1,0,osm_nodes,56,0.024563,0.1928,
1259,pittsburgh,1,0,osm_nodes,48,0.025639,0.1516,
1260,pittsburgh,0,0,osm_nodes,65,0.024562,0.0889,
1261,pittsburgh,1,0,osm_nodes,44,0.025185,0.2071,
1262,pittsburgh,1,0,osm_nodes,47,0.026222,0.1818,
1263,pittsburgh,1,0,osm_nodes,58,0.023724,0.0945,
1264,pittsburgh,1,0,osm_nodes,63,0.024527,0.0773,
1265,pittsburgh,1,0,osm_nodes,60,0.023065,0.1235,
1266,pittsburgh,1,0,osm_nodes,64,0.023484,0.1224,
1267,pittsburgh,1,0,osm_nodes,41,0.024802,0.2097,
1268,pittsburgh,1,0,osm_nodes,78,0.026181,0.0465,
1269,pittsburgh,1,0,osm_nodes,72,0.025963,0.0476,
1270,pittsburgh,1,0,osm_nodes,70,0.025497,0.1953,
1271,pittsburgh,1,0,osm_nodes,68,0.025085,0.1952,
1272,pittsburgh,1,0,osm_nodes,69,0.024948,0.1976,
1273,pittsburgh,1,0,osm_nodes,73,0.026032,0.0686,
1274,pittsburgh,1,0,osm_nodes,75,0.026779,0.0356,
1275,pittsburgh,1,0,osm_nodes,69,0.025381,0.2011,
1276,pittsburgh,1,0,osm_nodes,70,0.025853,0.2042,
1277,pittsburgh,1,0,osm_nodes,71,0.025772,0.2063,
1278,pittsburgh,1,0,osm_nodes,81,0.026931,0.058,
1279,pittsburgh,1,0,osm_nodes,80,0.027104,0.0784,
1280,pittsburgh,1,0,osm_nodes,76,0.02723,0.1511,
1281,pittsburgh,1,0,osm_nodes,76,0.027098,0.1761,
1282,pittsburgh,1,0,osm_nodes,78,0.026769,0.199,
1283,pittsburgh,1,1,osm_nodes,62,0.026502,0.236,
1284,pittsburgh,1,0,osm_nodes,72,0.026246,0.2629,
1285,pittsburgh,1,0,osm_nodes,70,0.026273,0.2676,
1286,pittsburgh,1,1,osm_nodes,69,0.027661,0.2337,
1287,pittsburgh,1,1,osm_nodes,63,0.026901,0.238,
1288,pittsburgh,1,1,osm_nodes,72,0.028117,0.223,
1289,pittsburgh,1,1,osm_nodes,64,0.027387,0.2395,
1290,pittsburgh,1,1,osm_nodes,69,0.027917,0.2382,
1291,pittsburgh,1,1,osm_nodes,68,0.028102,0.226,
1292,pittsburgh,1,0,osm_nodes,73,0.026829,0.2963,
1293,pittsburgh,1,0,osm_nodes,70,0.027598,0.2684,
1294,pittsburgh,1,0,osm_nodes,69,0.027544,0.2755,
1295,pittsburgh,1,0,osm_nodes,70,0.027652,0.2913,
1296,pittsburgh,1,0,osm_nodes,30,0.013644,0.1714,
1297,pittsburgh,1,0,osm_nodes,33,0.014206,0.2338,
1298,pittsburgh,1,0,osm_nodes,33,0.015489,0.2511,
1299,pittsburgh,0,0,osm_nodes,34,0.014314,0.158,
1300,pittsburgh,1,0,osm_nodes,35,0.016094,0.2453,
1301,pittsburgh,1,0,osm_nodes,37,0.016888,0.2034,
1302,pittsburgh,1,0,osm_nodes,43,0.0174,0.2468,
1303,pittsburgh,1,0,osm_nodes,55,0.027141,0.3997,
1304,pittsburgh,1,0,osm_nodes,52,0.026527,0.3824,
1305,pittsburgh,1,0,osm_nodes,55,0.027459,0.3844,
1306,pittsburgh,1,0,osm_nodes,83,0.032219,0.4551,
1307,pittsburgh,1,0,osm_nodes,92,0.034323,0.4296,
1308,pittsburgh,1,0,osm_nodes,83,0.032249,0.4535,
1309,pittsburgh,1,0,osm_nodes,91,0.034266,0.4362,
1310,pittsburgh,1,0,osm_nodes,90,0.033676,0.4517,
1311,pittsburgh,1,0,osm_nodes,47,0.022681,0.1271,
1312,pittsburgh,1,0,osm_nodes,46,0.023073,0.1287,
1313,pittsburgh,1,0,osm_nodes,91,0.03238,0.468,
1314,pittsburgh,1,0,osm_nodes,91,0.032344,0.4685,
1315,pittsburgh,1,0,osm_nodes,51,0.022531,0.1648,
1316,pittsburgh,1,0,osm_nodes,89,0.031935,0.4321,
1317,pittsburgh,1,0,osm_nodes,63,0.032686,0.5545,
1318,pittsburgh,1,0,osm_nodes,89,0.031876,0.4207,
1319,pittsburgh,1,0,osm_nodes,56,0.023538,0.1905,
1320,pittsburgh,1,0,osm_nodes,49,0.024638,0.1281,
1321,pittsburgh,1,0,osm_nodes,49,0.024748,0.1353,
1322,pittsburgh,1,0,osm_nodes,67,0.033149,0.5006,
1323,pittsburgh,1,0,osm_nodes,85,0.03604,0.491,
1324,pittsburgh,1,0,osm_nodes,58,0.024952,0.1926,
1325,pittsburgh,1,0,osm_nodes,81,0.035662,0.5287,
1326,pittsburgh,1,0,osm_nodes,64,0.024981,0.625,
1327,pittsburgh,1,0,osm_nodes,59,0.025823,0.1963,
1328,pittsburgh,1,0,osm_nodes,67,0.024926,0.4972,
1329,pittsburgh,1,0,osm_nodes,82,0.035141,0.4949,
1330,pittsburgh,1,0,osm_nodes,92,0.031364,0.4435,
1331,pittsburgh,1,0,osm_nodes,82,0.034838,0.495,
1332,pittsburgh,1,0,osm_nodes,82,0.03506,0.5269,
1333,pittsburgh,1,0,osm_nodes,68,0.0258,0.5563,
1334,pittsburgh,1,0,osm_nodes,92,0.03186,0.4514,
1335,pittsburgh,1,0,osm_nodes,93,0.032319,0.3949,
1336,pittsburgh,1,0,osm_nodes,66,0.025649,0.5595,
1337,pittsburgh,1,0,osm_nodes,89,0.032414,0.3835,
1338,pittsburgh,1,0,osm_nodes,65,0.025919,0.4134,
1339,pittsburgh,1,0,osm_nodes,92,0.032312,0.4454,
1340,pittsburgh,1,0,osm_nodes,64,0.026092,0.3984,
1341,pittsburgh,1,0,osm_nodes,71,0.033834,0.5124,
1342,pittsburgh,1,0,osm_nodes,88,0.032305,0.3864,
1343,pittsburgh,1,0,osm_nodes,73,0.033991,0.506,
1344,pittsburgh,1,0,osm_nodes,87,0.032105,0.3984,
1345,pittsburgh,1,0,osm_nodes,69,0.027221,0.4179,
1346,pittsburgh,1,0,osm_nodes,73,0.027297,0.4452,
1347,pittsburgh,1,0,osm_nodes,72,0.033118,0.4813,
1348,pittsburgh,1,0,osm_nodes,74,0.032945,0.4779,
1349,pittsburgh,1,0,osm_nodes,79,0.034043,0.4808,
1350,pittsburgh,1,0,osm_nodes,96,0.037382,0.4328,
1351,pittsburgh,1,0,osm_nodes,80,0.034261,0.481,
1352,pittsburgh,1,0,osm_nodes,96,0.037453,0.4377,
1353,pittsburgh,1,0,osm_nodes,88,0.030002,0.3778,
1354,pittsburgh,1,0,osm_nodes,89,0.030607,0.375,
1355,pittsburgh,1,0,osm_nodes,95,0.037459,0.4535,
1356,pittsburgh,1,0,osm_nodes,74,0.033449,0.4527,
1357,pittsburgh,1,0,osm_nodes,75,0.033831,0.4488,
1358,pittsburgh,1,0,osm_nodes,94,0.037448,0.4552,
1359,pittsburgh,1,0,osm_nodes,94,0.037392,0.4537,
1360,pittsburgh,1,0,osm_nodes,89,0.031552,0.3394,
1361,pittsburgh,1,0,osm_nodes,77,0.034646,0.5032,
1362,pittsburgh,1,0,osm_nodes,93,0.037854,0.4711,
1363,pittsburgh,1,0,osm_nodes,88,0.031565,0.3262,
1364,pittsburgh,1,0,osm_nodes,77,0.035134,0.4988,
1365,pittsburgh,1,0,osm_nodes,94,0.037191,0.4693,
1366,pittsburgh,1,0,osm_nodes,80,0.029256,0.3149,
1367,pittsburgh,1,0,osm_nodes,79,0.034749,0.5079,
1368,pittsburgh,1,0,osm_nodes,79,0.034975,0.507,
1369,pittsburgh,1,0,osm_nodes,84,0.030067,0.2997,
1370,pittsburgh,1,0,osm_nodes,87,0.031481,0.2838,
1371,pittsburgh,1,0,osm_nodes,87,0.031211,0.2846,
1372,pittsburgh,1,0,osm_nodes,85,0.03692,0.4504,
1373,pittsburgh,1,0,osm_nodes,84,0.037094,0.4415,
1374,pittsburgh,1,0,osm_nodes,87,0.036559,0.469,
1375,pittsburgh,1,0,osm_nodes,89,0.036716,0.4587,
1376,pittsburgh,1,0,osm_nodes,89,0.032999,0.4767,
1377,pittsburgh,1,0,osm_nodes,89,0.033143,0.478,
1378,pittsburgh,1,0,osm_nodes,91,0.03247,0.4226,
1379,pittsburgh,1,0,osm_nodes,91,0.032669,0.4233,
1380,pittsburgh,1,0,osm_nodes,95,0.033652,0.4612,
1381,pittsburgh,1,0,osm_nodes,96,0.033465,0.4549,
1382,pittsburgh,1,0,osm_nodes,93,0.033186,0.4098,
1383,pittsburgh,1,0,osm_nodes,96,0.033212,0.4049,
1384,pittsburgh,1,0,osm_nodes,74,0.030082,0.3239,
1385,pittsburgh,1,0,osm_nodes,72,0.02976,0.3193,
1386,pittsburgh,1,0,osm_nodes,71,0.02937,0.328,
1387,pittsburgh,1,0,osm_nodes,63,0.031381,0.1338,
1388,pittsburgh,1,0,osm_nodes,65,0.031212,0.1503,
1389,pittsburgh,1,1,osm_nodes,27,0.021216,0.124,
1390,pittsburgh,1,1,osm_nodes,29,0.021713,0.1387,
1391,pittsburgh,1,0,osm_nodes,72,0.019408,0.2025,
1392,pittsburgh,1,0,osm_nodes,73,0.020061,0.2115,
1393,pittsburgh,1,0,osm_nodes,69,0.019373,0.2542,
1394,pittsburgh,1,0,osm_nodes,66,0.018494,0.2906,
1395,pittsburgh,1,0,osm_nodes,64,0.016626,0.2916,
1396,pittsburgh,1,0,osm_nodes,67,0.017443,0.313,
1397,pittsburgh,1,0,osm_nodes,57,0.014119,0.2802,
1398,pittsburgh,1,0,osm_nodes,58,0.01508,0.2888,
1399,pittsburgh,1,0,osm_nodes,50,0.011687,0.2679,
1400,pittsburgh,1,0,osm_nodes,51,0.012716,0.2782,
1401,pittsburgh,1,0,osm_nodes,75,0.023564,0.4401,
1402,pittsburgh,1,0,osm_nodes,66,0.021758,0.4435,
1403,pittsburgh,1,0,osm_nodes,68,0.023055,0.4832,
1404,pittsburgh,1,0,osm_nodes,57,0.020799,0.4876,
1405,pittsburgh,1,0,osm_nodes,60,0.02155,0.4855,
1406,pittsburgh,1,0,osm_nodes,47,0.017715,0.4418,
1407,pittsburgh,1,0,osm_nodes,38,0.016515,0.3872,
1408,pittsburgh,1,0,osm_nodes,46,0.017309,0.4239,
1409,pittsburgh,1,0,osm_nodes,42,0.016159,0.3654,
1410,pittsburgh,1,0,osm_nodes,42,0.016778,0.4118,
1411,pittsburgh,1,0,osm_nodes,41,0.015734,0.3563,
1412,pittsburgh,1,0,osm_nodes,25,0.018063,0.3648,
1413,pittsburgh,1,0,osm_nodes,27,0.019497,0.3397,
1414,pittsburgh,1,0,osm_nodes,24,0.016856,0.3502,
1415,pittsburgh,1,0,osm_nodes,25,0.017466,0.3329,
1416,pittsburgh,1,0,osm_nodes,25,0.01805,0.3174,
1417,pittsburgh,1,0,osm_nodes,31,0.010799,0.2137,
1418,pittsburgh,1,0,osm_nodes,22,0.010135,0.3496,
1419,pittsburgh,1,0,osm_nodes,23,0.009111,0.3796,
1420,pittsburgh,1,0,osm_nodes,24,0.009254,0.3561,
1421,pittsburgh,1,0,osm_nodes,23,0.006492,0.3672,
1422,pittsburgh,1,0,osm_nodes,23,0.014381,0.153,
1423,pittsburgh,1,0,osm_nodes,25,0.014764,0.1608,
1424,pittsburgh,1,0,osm_nodes,19,0.009244,0.1888,
1425,pittsburgh,1,0,osm_nodes,19,0.009049,0.1924,
1426,pittsburgh,1,0,osm_nodes,21,0.008509,0.1882,
1427,pittsburgh,1,0,osm_nodes,20,0.008348,0.1875,
1428,pittsburgh,1,0,osm_nodes,19,0.008145,0.1803,
1429,pittsburgh,1,0,osm_nodes,21,0.007562,0.1764,
1430,pittsburgh,1,0,osm_nodes,21,0.013417,0.1509,
1431,pittsburgh,1,0,osm_nodes,21,0.013671,0.1432,
1432,pittsburgh,1,0,osm_nodes,21,0.012785,0.1459,
1433,pittsburgh,1,0,osm_nodes,21,0.013105,0.1365,
1434,pittsburgh,1,0,osm_nodes,22,0.012656,0.1337,
1435,pittsburgh,1,0,osm_nodes,22,0.0129,0.1245,
1436,pittsburgh,1,0,osm_nodes,22,0.010747,0.1047,
1437,pittsburgh,1,0,osm_nodes,18,0.021579,0.1554,
1438,pittsburgh,1,0,osm_nodes,18,0.021521,0.1861,
1439,pittsburgh,1,0,osm_nodes,18,0.021857,0.1501,
1440,pittsburgh,1,0,osm_nodes,18,0.021724,0.1761,
1441,pittsburgh,1,0,osm_nodes,19,0.02178,0.1477,
1442,pittsburgh,1,0,osm_nodes,18,0.021672,0.1753,
1443,pittsburgh,1,0,osm_nodes,19,0.021065,0.2188,
1444,pittsburgh,1,0,osm_nodes,19,0.020951,0.2157,
1445,pittsburgh,1,0,osm_nodes,19,0.021396,0.2089,
1446,pittsburgh,1,0,osm_nodes,18,0.021453,0.2095,
1447,pittsburgh,1,0,osm_nodes,19,0.021398,0.2131,
1448,pittsburgh,1,0,osm_nodes,15,0.017316,0.1809,
1449,pittsburgh,1,0,osm_nodes,15,0.017047,0.202,
1450,pittsburgh,1,0,osm_nodes,18,0.019132,0.1925,
1451,pittsburgh,1,0,osm_nodes,15,0.01713,0.2583,
1452,pittsburgh,1,0,osm_nodes,19,0.019179,0.1834,
1453,pittsburgh,1,0,osm_nodes,17,0.018062,0.2076,
1454,pittsburgh,1,0,osm_nodes,15,0.016563,0.2231,
1455,pittsburgh,1,0,osm_nodes,15,0.016517,0.3146,
1456,pittsburgh,1,0,osm_nodes,15,0.016171,0.2793,
1457,pittsburgh,1,0,osm_nodes,16,0.016112,0.3157,
1458,pittsburgh,1,0,osm_nodes,18,0.018096,0.1887,
1459,pittsburgh,1,0,osm_nodes,18,0.018011,0.1828,
1460,pittsburgh,1,0,osm_nodes,18,0.017921,0.1802,
1461,pittsburgh,1,0,osm_nodes,16,0.015684,0.3501,
1462,pittsburgh,1,0,osm_nodes,16,0.015046,0.2487,
1463,pittsburgh,1,0,osm_nodes,17,0.014278,0.1774,
1464,pittsburgh,1,0,osm_nodes,16,0.014921,0.2357,
1465,pittsburgh,1,0,osm_nodes,16,0.014839,0.217,
1466,pittsburgh,1,0,osm_nodes,16,0.014876,0.224,
1467,pittsburgh,1,0,osm_nodes,16,0.014791,0.205,
1468,pittsburgh,1,0,osm_nodes,17,0.013662,0.1877,
1469,pittsburgh,1,0,osm_nodes,14,0.012975,0.1176,
1470,pittsburgh,1,0,osm_nodes,10,0.004214,0.2709,
1471,pittsburgh,1,0,osm_nodes,12,0.011718,0.0741,
1472,pittsburgh,1,0,osm_nodes,56,0.025309,0.2386,
1473,pittsburgh,1,0,osm_nodes,58,0.025645,0.2526,
1474,pittsburgh,1,0,osm_nodes,21,0.015441,0.1406,
1475,pittsburgh,1,0,osm_nodes,22,0.015468,0.1507,
1476,pittsburgh,1,0,osm_nodes,22,0.015467,0.1536,
1477,pittsburgh,1,0,osm_nodes,50,0.024431,0.2642,
1478,pittsburgh,1,0,osm_nodes,50,0.024426,0.2696,
1479,pittsburgh,1,0,osm_nodes,53,0.024942,0.2632,
1480,pittsburgh,1,0,osm_nodes,12,0.012706,0.1437,
1481,pittsburgh,1,0,osm_nodes,12,0.012059,0.1029,
1482,pittsburgh,1,0,osm_nodes,12,0.011846,0.092,
1483,pittsburgh,1,0,osm_nodes,12,0.012264,0.1167,
1484,pittsburgh,1,0,osm_nodes,44,0.020815,0.271,
1485,pittsburgh,1,0,osm_nodes,48,0.021419,0.2388,
1486,pittsburgh,0,0,osm_nodes,13,0.004772,0.4845,
1487,pittsburgh,0,0,osm_nodes,13,0.004991,0.4528,
1488,pittsburgh,1,0,osm_nodes,23,0.018783,0.3107,
1489,pittsburgh,1,0,osm_nodes,21,0.019027,0.3136,
1490,pittsburgh,1,0,osm_nodes,23,0.018996,0.3156,
1491,pittsburgh,1,0,osm_nodes,23,0.018806,0.318,
1492,pittsburgh,1,0,osm_nodes,23,0.018808,0.3212,
1493,pittsburgh,1,0,osm_nodes,22,0.019686,0.3087,
1494,pittsburgh,1,0,osm_nodes,23,0.0196,0.3215,
1495,pittsburgh,0,0,osm_nodes,13,0.004676,0.2879,
1496,pittsburgh,1,0,osm_nodes,17,0.011391,0.0508,
1497,pittsburgh,1,0,osm_nodes,45,0.023556,0.2283,
1498,pittsburgh,1,0,osm_nodes,51,0.024104,0.2122,
1499,pittsburgh,1,0,osm_nodes,24,0.011898,0.1965,
1500,pittsburgh,1,0,osm_nodes,28,0.011457,0.2807,
1501,pittsburgh,1,0,osm_nodes,29,0.013025,0.2321,
1502,pittsburgh,1,0,osm_nodes,29,0.012551,0.2728,
1503,pittsburgh,1,0,osm_nodes,27,0.011727,0.3127,
1504,pittsburgh,1,0,osm_nodes,31,0.011967,0.3431,
1505,pittsburgh,1,0,osm_nodes,46,0.015774,0.3519,
1506,pittsburgh,1,0,osm_nodes,47,0.016784,0.3418,
1507,pittsburgh,1,0,osm_nodes,48,0.017538,0.3195,
1508,pittsburgh,1,0,osm_nodes,50,0.018172,0.2515,
1509,pittsburgh,1,0,osm_nodes,51,0.018184,0.3358,
1510,pittsburgh,1,0,osm_nodes,52,0.018853,0.2466,
1511,pittsburgh,0,0,osm_nodes,26,0.006283,0.339,
1512,pittsburgh,1,0,osm_nodes,51,0.019404,0.1555,
1513,pittsburgh,1,0,osm_nodes,53,0.0195,0.1912,
1514,pittsburgh,1,0,osm_nodes,51,0.019687,0.1253,
1515,pittsburgh,1,0,osm_nodes,30,0.00763,0.3156,
1516,pittsburgh,1,0,osm_nodes,34,0.009032,0.3141,
1517,pittsburgh,1,0,osm_nodes,36,0.00937,0.3199,
1518,pittsburgh,1,0,osm_nodes,52,0.019065,0.1742,
1519,pittsburgh,1,0,osm_nodes,53,0.018735,0.1857,
1520,pittsburgh,1,0,osm_nodes,52,0.018875,0.1599,
1521,pittsburgh,1,0,osm_nodes,53,0.018523,0.1758,
1522,pittsburgh,1,0,osm_nodes,51,0.018264,0.1382,
1523,pittsburgh,1,0,osm_nodes,54,0.018149,0.1618,
1524,pittsburgh,1,0,osm_nodes,51,0.017921,0.1429,
1525,pittsburgh,1,0,osm_nodes,50,0.017563,0.0942,
1526,pittsburgh,1,0,osm_nodes,46,0.017024,0.0951,
1527,pittsburgh,1,0,osm_nodes,50,0.017436,0.0796,
1528,pittsburgh,1,0,osm_nodes,50,0.017142,0.0855,
1529,pittsburgh,1,0,osm_nodes,47,0.016851,0.086,
1530,pittsburgh,1,0,osm_nodes,51,0.016586,0.0912,
1531,pittsburgh,1,0,osm_nodes,48,0.01667,0.0769,
1532,pittsburgh,1,0,osm_nodes,48,0.016642,0.0763,
1533,pittsburgh,1,0,osm_nodes,51,0.016916,0.1023,
1534,pittsburgh,1,0,osm_nodes,48,0.016392,0.0683,
1535,pittsburgh,1,0,osm_nodes,48,0.016383,0.067,
1536,pittsburgh,1,0,osm_nodes,51,0.016855,0.1211,
1537,pittsburgh,1,0,osm_nodes,50,0.016522,0.0749,
1538,pittsburgh,1,0,osm_nodes,48,0.016416,0.0818,
1539,pittsburgh,1,0,osm_nodes,49,0.01668,0.1067,
1540,pittsburgh,1,0,osm_nodes,48,0.016048,0.0688,
1541,pittsburgh,1,0,osm_nodes,25,0.011109,0.4359,
1542,pittsburgh,1,0,osm_nodes,51,0.01636,0.0913,
1543,pittsburgh,1,0,osm_nodes,25,0.012056,0.4614,
1544,pittsburgh,1,0,osm_nodes,27,0.012162,0.4637,
1545,pittsburgh,1,0,osm_nodes,26,0.011386,0.4277,
1546,pittsburgh,1,0,osm_nodes,28,0.012136,0.4522,
1547,pittsburgh,1,0,osm_nodes,28,0.012151,0.4492,
1548,pittsburgh,1,0,osm_nodes,36,0.016615,0.2267,
1549,pittsburgh,1,0,osm_nodes,36,0.016841,0.2318,
1550,pittsburgh,1,0,osm_nodes,36,0.017058,0.2381,
1551,pittsburgh,1,0,osm_nodes,34,0.017133,0.229,
1552,pittsburgh,1,0,osm_nodes,36,0.018395,0.2537,
1553,pittsburgh,1,0,osm_nodes,33,0.017405,0.2224,
1554,pittsburgh,1,0,osm_nodes,39,0.020516,0.1532,
1555,pittsburgh,1,0,osm_nodes,39,0.02076,0.1376,
1556,pittsburgh,1,1,osm_nodes,11,0.005731,0.1793,
1557,pittsburgh,1,0,osm_nodes,41,0.020812,0.1199,
1558,pittsburgh,1,0,osm_nodes,36,0.021056,0.1709,
1559,pittsburgh,1,0,osm_nodes,35,0.021531,0.1587,
1560,pittsburgh,1,0,osm_nodes,37,0.022369,0.1636,
1561,pittsburgh,1,0,osm_nodes,45,0.023392,0.1564,
1562,pittsburgh,1,0,osm_nodes,45,0.024282,0.2072,
1563,pittsburgh,0,0,osm_nodes,49,0.024393,0.1959,
1564,pittsburgh,0,0,osm_nodes,48,0.024635,0.2124,
1565,pittsburgh,0,0,osm_nodes,5,0.002158,0.2975,
1566,pittsburgh,1,0,osm_nodes,31,0.015676,0.1808,
1567,pittsburgh,1,0,osm_nodes,27,0.015115,0.173,
1568,pittsburgh,1,0,osm_nodes,28,0.015131,0.1729,
1569,pittsburgh,1,0,osm_nodes,37,0.015883,0.1699,
1570,pittsburgh,1,0,osm_nodes,37,0.015828,0.1683,
1571,pittsburgh,1,0,osm_nodes,35,0.015364,0.166,
1572,pittsburgh,1,0,osm_nodes,25,0.014699,0.1462,
1573,pittsburgh,1,0,osm_nodes,28,0.014747,0.1563,
1574,pittsburgh,1,0,osm_nodes,20,0.011896,0.131,
1575,pittsburgh,1,0,osm_nodes,37,0.022891,0.2782,
1576,pittsburgh,1,0,osm_nodes,17,0.007326,0.1281,
1577,pittsburgh,1,0,osm_nodes,6,0.004077,0.1223,
1578,pittsburgh,1,0,osm_nodes,34,0.02232,0.2604,
1579,pittsburgh,1,0,osm_nodes,35,0.022414,0.2238,
1580,pittsburgh,1,0,osm_nodes,36,0.022268,0.2585,
1581,pittsburgh,1,0,osm_nodes,37,0.022367,0.2215,
1582,pittsburgh,0,0,osm_nodes,15,0.005786,0.0775,
1583,pittsburgh,0,0,osm_nodes,16,0.007301,0.1004,
1584,pittsburgh,0,0,osm_nodes,5,0.000136,0.0777,
1585,pittsburgh,0,0,osm_nodes,20,0.002665,0.1498,
1586,pittsburgh,1,0,osm_nodes,37,0.014017,0.2417,
1587,pittsburgh,1,0,osm_nodes,39,0.01198,0.2349,
1588,pittsburgh,1,0,osm_nodes,32,0.010827,0.2885,
1589,pittsburgh,1,0,osm_nodes,31,0.010545,0.2874,
1590,pittsburgh,1,0,osm_nodes,22,0.013979,0.159,
1591,pittsburgh,1,0,osm_nodes,25,0.018329,0.1945,
1592,pittsburgh,1,0,osm_nodes,30,0.0187,0.213,
1593,pittsburgh,1,0,osm_nodes,29,0.018968,0.1947,
1594,pittsburgh,1,0,osm_nodes,29,0.019379,0.1974,
1595,pittsburgh,1,0,osm_nodes,31,0.01896,0.1413,
1596,pittsburgh,1,0,osm_nodes,32,0.019559,0.1398,
1597,pittsburgh,1,0,osm_nodes,33,0.020362,0.1409,
1598,pittsburgh,0,0,osm_nodes,3,0.0,0.0832,
1599,pittsburgh,0,0,osm_nodes,7,0.0,0.0725,
1600,pittsburgh,0,0,osm_nodes,8,0.0,0.079,
1601,pittsburgh,0,0,osm_nodes,7,0.0,0.086,
1602,pittsburgh,1,0,osm_nodes,18,0.009683,0.1555,
1603,pittsburgh,1,0,osm_nodes,4,0.009024,0.1546,
1604,pittsburgh,1,0,osm_nodes,4,0.007792,0.193,
1605,pittsburgh,1,0,osm_nodes,4,0.005212,0.1833,
1606,pittsburgh,0,0,osm_nodes,2,0.0,0.0705,
1607,pittsburgh,0,0,osm_nodes,13,0.000251,0.1063,
1608,pittsburgh,0,0,osm_nodes,12,0.000986,0.1206,
1609,pittsburgh,1,0,osm_nodes,3,0.008803,0.0,
1610,pittsburgh,1,0,osm_nodes,5,0.009541,0.0332,
1611,pittsburgh,0,1,osm_nodes,17,0.000137,0.1803,
1612,pittsburgh,1,0,osm_nodes,6,0.008595,0.0672,
1613,pittsburgh,1,0,osm_nodes,6,0.008525,0.0684,
1614,pittsburgh,1,0,osm_nodes,7,0.010267,0.0,
1615,pittsburgh,1,0,osm_nodes,7,0.010073,0.0071,
1616,pittsburgh,1,0,osm_nodes,6,0.005673,0.0843,
1617,pittsburgh,1,0,osm_nodes,6,0.007021,0.0317,
1618,pittsburgh,1,0,osm_nodes,4,0.006606,0.0335,
1619,pittsburgh,0,0,osm_nodes,9,0.002902,0.0,
1620,pittsburgh,0,0,osm_nodes,14,0.003228,0.1539,
1621,pittsburgh,1,0,osm_nodes,4,0.007111,0.0,
1622,pittsburgh,1,0,osm_nodes,3,0.007087,0.0,
1623,pittsburgh,1,0,osm_nodes,15,0.013735,0.1754,
1624,pittsburgh,1,1,osm_nodes,11,0.01219,0.0599,
1625,pittsburgh,1,1,osm_nodes,11,0.012839,0.0924,
1626,pittsburgh,1,0,osm_nodes,6,0.007061,0.0,
1627,pittsburgh,1,0,osm_nodes,8,0.007361,0.0,
1628,pittsburgh,1,0,osm_nodes,11,0.00764,0.0863,
1629,pittsburgh,1,0,osm_nodes,11,0.007753,0.0807,
1630,pittsburgh,1,0,osm_nodes,11,0.008157,0.0087,
1631,pittsburgh,1,0,osm_nodes,11,0.007834,0.0424,
1632,pittsburgh,1,0,osm_nodes,9,0.007961,0.0,
1633,pittsburgh,1,0,osm_nodes,11,0.007789,0.0092,
1634,pittsburgh,1,0,osm_nodes,11,0.007928,0.0,
1635,pittsburgh,1,0,osm_nodes,9,0.006952,0.0,
1636,pittsburgh,0,0,osm_nodes,11,0.006868,0.0145,
1637,pittsburgh,1,0,osm_nodes,52,0.023056,0.2193,
1638,pittsburgh,1,0,osm_nodes,22,0.018547,0.0,
1639,pittsburgh,1,0,osm_nodes,24,0.018743,0.0,
1640,pittsburgh,1,0,osm_nodes,59,0.022326,0.0391,
1641,pittsburgh,1,0,osm_nodes,63,0.022744,0.0349,
1642,pittsburgh,1,0,osm_nodes,63,0.022851,0.0343,
1643,pittsburgh,1,1,osm_nodes,69,0.023454,0.0498,
1644,pittsburgh,1,1,osm_nodes,68,0.023703,0.0713,
1645,pittsburgh,1,1,osm_nodes,66,0.023604,0.0847,
1646,pittsburgh,1,1,osm_nodes,77,0.024172,0.0574,
1647,pittsburgh,1,1,osm_nodes,73,0.02324,0.085,
1648,pittsburgh,1,1,osm_nodes,77,0.02416,0.0416,
1649,pittsburgh,1,1,osm_nodes,67,0.02305,0.1183,
1650,pittsburgh,1,1,osm_nodes,77,0.024147,0.0434,
1651,pittsburgh,1,1,osm_nodes,76,0.024049,0.0853,
1652,pittsburgh,1,1,osm_nodes,76,0.023947,0.0565,
1653,pittsburgh,1,1,osm_nodes,76,0.024014,0.1017,
1654,pittsburgh,1,1,osm_nodes,78,0.023988,0.1197,
1655,pittsburgh,1,1,osm_nodes,77,0.023639,0.1607,
1656,pittsburgh,1,1,osm_nodes,77,0.023767,0.1563,
1657,pittsburgh,1,1,osm_nodes,77,0.023893,0.0644,
1658,pittsburgh,1,1,osm_nodes,77,0.02396,0.073,
1659,pittsburgh,1,1,osm_nodes,77,0.023989,0.0822,
1660,pittsburgh,1,1,osm_nodes,79,0.024046,0.1675,
1661,pittsburgh,1,0,osm_nodes,76,0.023423,0.2518,
1662,pittsburgh,1,1,osm_nodes,79,0.023295,0.2034,
1663,pittsburgh,1,1,osm_nodes,79,0.022602,0.2288,
1664,pittsburgh,1,1,osm_nodes,78,0.022754,0.1553,
1665,pittsburgh,1,1,osm_nodes,79,0.022645,0.2186,
1666,pittsburgh,1,0,osm_nodes,77,0.022982,0.2779,
1667,pittsburgh,1,1,osm_nodes,80,0.022908,0.1745,
1668,pittsburgh,1,1,osm_nodes,79,0.022792,0.2497,
1669,pittsburgh,1,0,osm_nodes,79,0.022683,0.3171,
1670,pittsburgh,1,1,osm_nodes,79,0.022836,0.2767,
1671,pittsburgh,1,1,osm_nodes,78,0.022816,0.1537,
1672,pittsburgh,1,1,osm_nodes,80,0.0231,0.1991,
1673,pittsburgh,1,1,osm_nodes,79,0.022977,0.3004,
1674,pittsburgh,1,1,osm_nodes,79,0.022891,0.3434,
1675,pittsburgh,1,1,osm_nodes,79,0.02308,0.1781,
1676,pittsburgh,1,1,osm_nodes,79,0.023194,0.2001,
1677,pittsburgh,1,1,osm_nodes,80,0.023338,0.3562,
1678,pittsburgh,1,1,osm_nodes,78,0.022864,0.1576,
1679,pittsburgh,1,1,osm_nodes,80,0.023284,0.2137,
1680,pittsburgh,1,1,osm_nodes,79,0.023036,0.1759,
1681,pittsburgh,1,1,osm_nodes,79,0.023888,0.3541,
1682,pittsburgh,1,1,osm_nodes,82,0.024286,0.3774,
1683,pittsburgh,1,1,osm_nodes,78,0.022876,0.1805,
1684,pittsburgh,1,1,osm_nodes,82,0.024481,0.3744,
1685,pittsburgh,1,1,osm_nodes,80,0.024499,0.407,
1686,pittsburgh,1,1,osm_nodes,80,0.024573,0.3987,
1687,pittsburgh,1,1,osm_nodes,81,0.024794,0.4548,
1688,pittsburgh,1,1,osm_nodes,80,0.024538,0.3851,
1689,pittsburgh,1,1,osm_nodes,78,0.023488,0.2906,
1690,pittsburgh,1,1,osm_nodes,79,0.024485,0.3739,
1691,pittsburgh,1,1,osm_nodes,80,0.024837,0.4412,
1692,pittsburgh,1,1,osm_nodes,68,0.020409,0.1548,
1693,pittsburgh,1,1,osm_nodes,74,0.022243,0.1959,
1694,pittsburgh,1,1,osm_nodes,65,0.018728,0.1328,
1695,pittsburgh,1,1,osm_nodes,70,0.020127,0.1629,
1696,pittsburgh,1,1,osm_nodes,72,0.021694,0.2379,
1697,pittsburgh,1,1,osm_nodes,73,0.022102,0.2518,
1698,pittsburgh,1,1,osm_nodes,68,0.021648,0.2627,
1699,pittsburgh,1,1,osm_nodes,66,0.020326,0.2064,
1700,pittsburgh,1,0,osm_nodes,69,0.022,0.2733,
1701,pittsburgh,1,1,osm_nodes,65,0.020533,0.2218,
1702,pittsburgh,1,0,osm_nodes,70,0.02217,0.2845,
1703,pittsburgh,1,1,osm_nodes,53,0.014158,0.6093,
1704,pittsburgh,1,0,osm_nodes,62,0.012184,0.4518,
1705,pittsburgh,1,0,osm_nodes,61,0.012759,0.4947,
1706,pittsburgh,1,0,osm_nodes,55,0.01311,0.545,
1707,pittsburgh,1,0,osm_nodes,62,0.012332,0.4818,
1708,pittsburgh,1,1,osm_nodes,53,0.014163,0.6168,
1709,pittsburgh,1,0,osm_nodes,62,0.012367,0.4953,
1710,pittsburgh,1,0,osm_nodes,61,0.013016,0.547,
1711,pittsburgh,1,0,osm_nodes,63,0.012387,0.5071,
1712,pittsburgh,1,1,osm_nodes,53,0.014166,0.6195,
1713,pittsburgh,1,1,osm_nodes,53,0.014193,0.6205,
1714,pittsburgh,1,0,osm_nodes,63,0.012422,0.5269,
1715,pittsburgh,1,1,osm_nodes,53,0.014083,0.623,
1716,pittsburgh,1,1,osm_nodes,52,0.014179,0.6151,
1717,pittsburgh,1,0,osm_nodes,63,0.012571,0.5499,
1718,pittsburgh,1,1,osm_nodes,53,0.01416,0.6157,
1719,pittsburgh,1,1,osm_nodes,53,0.01385,0.6225,
1720,pittsburgh,1,0,osm_nodes,63,0.012214,0.5528,
1721,pittsburgh,1,1,osm_nodes,59,0.012891,0.6526,
1722,pittsburgh,1,1,osm_nodes,62,0.012813,0.6539,
1723,pittsburgh,1,0,osm_nodes,64,0.012607,0.6476,
1724,pittsburgh,1,1,osm_nodes,60,0.012749,0.6583,
1725,pittsburgh,1,0,osm_nodes,64,0.012427,0.6395,
1726,pittsburgh,1,0,osm_nodes,63,0.012611,0.6635,
1727,pittsburgh,1,1,osm_nodes,62,0.012464,0.6498,
1728,pittsburgh,1,0,osm_nodes,66,0.012231,0.6693,
1729,pittsburgh,1,0,osm_nodes,64,0.012068,0.6633,
1730,pittsburgh,1,0,osm_nodes,64,0.01195,0.6523,
1731,pittsburgh,0,1,osm_nodes,63,0.009307,0.1705,
1732,pittsburgh,0,1,osm_nodes,63,0.009275,0.1822,
1733,pittsburgh,1,1,osm_nodes,63,0.00924,0.1892,
1734,pittsburgh,1,1,osm_nodes,58,0.008432,0.1437,
1735,pittsburgh,1,1,osm_nodes,39,0.007491,0.0763,
1736,pittsburgh,1,1,osm_nodes,39,0.007433,0.0396,
1737,pittsburgh,1,1,osm_nodes,39,0.007458,0.0749,
1738,pittsburgh,1,1,osm_nodes,61,0.009113,0.2001,
1739,pittsburgh,1,1,osm_nodes,58,0.008672,0.1694,
1740,pittsburgh,1,1,osm_nodes,58,0.008832,0.1859,
1741,pittsburgh,1,1,osm_nodes,58,0.008772,0.1831,
1742,pittsburgh,1,1,osm_nodes,40,0.007573,0.0766,
1743,pittsburgh,1,1,osm_nodes,53,0.008281,0.1436,
1744,pittsburgh,1,1,osm_nodes,40,0.007603,0.0748,
1745,pittsburgh,1,0,osm_nodes,16,0.007792,0.1359,
1746,pittsburgh,1,0,osm_nodes,14,0.007762,0.1205,
1747,pittsburgh,1,0,osm_nodes,16,0.007606,0.1286,
1748,pittsburgh,1,0,osm_nodes,19,0.007245,0.1277,
1749,pittsburgh,1,0,osm_nodes,19,0.007202,0.1269,
1750,pittsburgh,1,0,osm_nodes,34,0.006705,0.0714,
1751,pittsburgh,1,0,osm_nodes,15,0.007781,0.1093,
1752,pittsburgh,1,0,osm_nodes,19,0.007247,0.1242,
1753,pittsburgh,1,0,osm_nodes,19,0.007077,0.1205,
1754,pittsburgh,1,1,osm_nodes,19,0.005297,0.189,
1755,pittsburgh,1,1,osm_nodes,18,0.00533,0.1752,
1756,pittsburgh,1,1,osm_nodes,18,0.005249,0.1802,
1757,pittsburgh,1,1,osm_nodes,18,0.005284,0.1657,
1758,pittsburgh,1,0,osm_nodes,37,0.007142,0.0175,
1759,pittsburgh,0,1,osm_nodes,37,0.007518,0.0061,
1760,pittsburgh,1,0,osm_nodes,37,0.007026,0.0281,
1761,pittsburgh,1,1,osm_nodes,17,0.00409,0.2277,
1762,pittsburgh,1,1,osm_nodes,19,0.004308,0.2139,
1763,pittsburgh,1,1,osm_nodes,17,0.004084,0.2205,
1764,pittsburgh,1,1,osm_nodes,19,0.004325,0.2058,
1765,pittsburgh,1,0,osm_nodes,34,0.006729,0.0491,
1766,pittsburgh,1,0,osm_nodes,17,0.003544,0.1961,
1767,pittsburgh,1,0,osm_nodes,4,0.00309,0.0986,
1768,pittsburgh,1,1,osm_nodes,15,0.002898,0.233,
1769,pittsburgh,1,1,osm_nodes,17,0.002833,0.2392,
1770,pittsburgh,1,1,osm_nodes,16,0.002876,0.2364,
1771,pittsburgh,1,0,osm_nodes,20,0.010781,0.0596,
1772,pittsburgh,1,1,osm_nodes,21,0.00243,0.2849,
1773,pittsburgh,1,1,osm_nodes,19,0.002252,0.2784,
1774,pittsburgh,1,0,osm_nodes,22,0.011727,0.0927,
1775,pittsburgh,1,1,osm_nodes,21,0.002408,0.2425,
1776,pittsburgh,1,1,osm_nodes,21,0.002379,0.2376,
1777,pittsburgh,1,0,osm_nodes,25,0.014094,0.1341,
1778,pittsburgh,0,0,osm_nodes,5,0.001487,0.0,
1779,pittsburgh,0,0,osm_nodes,25,0.003141,0.2322,
1780,pittsburgh,1,0,osm_nodes,29,0.017471,0.1719,
1781,pittsburgh,1,0,osm_nodes,30,0.017442,0.2067,
1782,pittsburgh,0,0,osm_nodes,20,0.011382,0.0616,
1783,pittsburgh,0,0,osm_nodes,20,0.002228,0.2199,
1784,pittsburgh,0,0,osm_nodes,6,0.0,0.0,
1785,pittsburgh,0,0,osm_nodes,6,0.0,0.0,
1786,pittsburgh,0,0,osm_nodes,9,0.000364,0.0003,
1787,pittsburgh,0,0,osm_nodes,9,0.000364,0.0,
1788,pittsburgh,1,0,osm_nodes,26,0.013109,0.0804,
1789,pittsburgh,0,0,osm_nodes,11,0.000364,0.0,
1790,pittsburgh,1,0,osm_nodes,9,0.000775,0.001,
1791,pittsburgh,1,0,osm_nodes,34,0.020344,0.1977,
1792,pittsburgh,1,0,osm_nodes,37,0.019276,0.2158,
1793,pittsburgh,0,0,osm_nodes,9,0.00101,0.0004,
1794,pittsburgh,0,0,osm_nodes,9,0.001077,0.0004,
1795,pittsburgh,0,0,osm_nodes,9,0.001344,0.0004,
1796,pittsburgh,0,0,osm_nodes,7,0.001408,0.0004,
1797,pittsburgh,0,0,osm_nodes,7,0.001564,0.0004,
1798,pittsburgh,0,0,osm_nodes,32,0.012584,0.0226,
1799,pittsburgh,1,0,osm_nodes,44,0.016739,0.1877,
1800,pittsburgh,1,0,osm_nodes,19,0.006504,0.0,
1801,pittsburgh,1,0,osm_nodes,18,0.006338,0.0001,
1802,pittsburgh,1,0,osm_nodes,65,0.028793,0.3635,
1803,pittsburgh,1,0,osm_nodes,43,0.01733,0.1813,
1804,pittsburgh,0,0,osm_nodes,39,0.014218,0.05,
1805,pittsburgh,1,0,osm_nodes,20,0.007295,0.0,
1806,pittsburgh,1,0,osm_nodes,44,0.017069,0.1566,
1807,pittsburgh,1,0,osm_nodes,40,0.015165,0.0654,
1808,pittsburgh,1,0,osm_nodes,22,0.008576,0.0005,
1809,pittsburgh,1,0,osm_nodes,39,0.015102,0.0606,
1810,pittsburgh,1,0,osm_nodes,5,0.004088,0.0111,
1811,pittsburgh,1,0,osm_nodes,67,0.030362,0.386,
1812,pittsburgh,1,0,osm_nodes,67,0.028595,0.3603,
1813,pittsburgh,1,0,osm_nodes,7,0.004238,0.0111,
1814,pittsburgh,1,0,osm_nodes,11,0.007825,0.048,
1815,pittsburgh,1,0,osm_nodes,48,0.019827,0.2749,
1816,pittsburgh,1,0,osm_nodes,49,0.019549,0.2374,
1817,pittsburgh,1,0,osm_nodes,49,0.019809,0.2606,
1818,pittsburgh,1,0,osm_nodes,47,0.019243,0.1671,
1819,pittsburgh,1,0,osm_nodes,64,0.028098,0.3066,
1820,pittsburgh,1,0,osm_nodes,50,0.020876,0.2719,
1821,pittsburgh,1,0,osm_nodes,49,0.020747,0.2524,
1822,pittsburgh,1,0,osm_nodes,7,0.004238,0.0364,
1823,pittsburgh,1,0,osm_nodes,6,0.003738,0.0962,
1824,pittsburgh,1,0,osm_nodes,40,0.019659,0.194,
1825,pittsburgh,1,0,osm_nodes,44,0.021109,0.2032,
1826,pittsburgh,1,0,osm_nodes,40,0.020444,0.2046,
1827,pittsburgh,1,0,osm_nodes,40,0.019888,0.2052,
1828,pittsburgh,1,0,osm_nodes,6,0.003601,0.1318,
1829,pittsburgh,1,0,osm_nodes,38,0.019432,0.2136,
1830,pittsburgh,1,0,osm_nodes,40,0.020216,0.2762,
1831,pittsburgh,1,0,osm_nodes,82,0.034569,0.2063,
1832,pittsburgh,1,0,osm_nodes,80,0.034047,0.1969,
1833,pittsburgh,1,0,osm_nodes,79,0.034081,0.1942,
1834,pittsburgh,1,0,osm_nodes,76,0.034001,0.1841,
1835,pittsburgh,1,0,osm_nodes,75,0.033358,0.2136,
1836,pittsburgh,1,0,osm_nodes,75,0.033111,0.2154,
1837,pittsburgh,1,0,osm_nodes,72,0.033553,0.1957,
1838,pittsburgh,1,0,osm_nodes,72,0.033393,0.3133,
1839,pittsburgh,1,0,osm_nodes,71,0.033087,0.3442,
1840,pittsburgh,1,0,osm_nodes,26,0.017227,0.2161,
1841,pittsburgh,1,0,osm_nodes,69,0.031616,0.4903,
1842,pittsburgh,1,0,osm_nodes,69,0.031756,0.5026,
1843,pittsburgh,1,0,osm_nodes,68,0.032279,0.3841,
1844,pittsburgh,1,0,osm_nodes,43,0.021162,0.3025,
1845,pittsburgh,1,0,osm_nodes,68,0.032137,0.396,
1846,pittsburgh,1,0,osm_nodes,70,0.030515,0.5275,
1847,pittsburgh,1,0,osm_nodes,24,0.016119,0.135,
1848,pittsburgh,1,0,osm_nodes,22,0.014065,0.1008,
1849,pittsburgh,1,0,osm_nodes,47,0.020762,0.2363,
1850,pittsburgh,1,0,osm_nodes,40,0.017778,0.1698,
1851,pittsburgh,1,0,osm_nodes,44,0.020081,0.2234,
1852,pittsburgh,1,0,osm_nodes,47,0.021327,0.2392,
1853,pittsburgh,1,0,osm_nodes,50,0.01974,0.3446,
1854,pittsburgh,1,0,osm_nodes,47,0.019084,0.3557,
1855,pittsburgh,1,0,osm_nodes,43,0.017482,0.3362,
1856,pittsburgh,1,0,osm_nodes,38,0.016203,0.3175,
1857,pittsburgh,1,0,osm_nodes,36,0.015034,0.281,
1858,pittsburgh,1,0,osm_nodes,25,0.012203,0.1632,
1859,pittsburgh,1,0,osm_nodes,37,0.016588,0.3749,
1860,pittsburgh,1,0,osm_nodes,36,0.01663,0.3686,
1861,pittsburgh,1,0,osm_nodes,34,0.015408,0.3272,
1862,pittsburgh,1,0,osm_nodes,34,0.015531,0.3251,
1863,pittsburgh,1,0,osm_nodes,34,0.015611,0.3253,
1864,pittsburgh,1,0,osm_nodes,31,0.014475,0.225,
1865,pittsburgh,1,0,osm_nodes,31,0.014344,0.2337,
1866,pittsburgh,1,0,osm_nodes,34,0.014692,0.2418,
1867,pittsburgh,1,0,osm_nodes,31,0.014536,0.1696,
1868,pittsburgh,1,0,osm_nodes,30,0.014368,0.1729,
1869,pittsburgh,1,0,osm_nodes,37,0.014939,0.1805,
1870,pittsburgh,1,0,osm_nodes,29,0.01424,0.0441,
1871,pittsburgh,1,0,osm_nodes,67,0.025443,0.233,
1872,pittsburgh,1,0,osm_nodes,61,0.024952,0.2274,
1873,pittsburgh,1,0,osm_nodes,66,0.025228,0.2166,
1874,pittsburgh,1,0,osm_nodes,68,0.025846,0.2131,
1875,pittsburgh,1,0,osm_nodes,65,0.025271,0.2074,
1876,pittsburgh,1,0,osm_nodes,67,0.025537,0.2063,
1877,pittsburgh,1,1,osm_nodes,114,0.020927,0.3439,
1878,pittsburgh,1,1,osm_nodes,114,0.02083,0.3422,
1879,pittsburgh,1,1,osm_nodes,114,0.021358,0.3398,
1880,pittsburgh,1,0,osm_nodes,35,0.02157,0.0632,
1881,pittsburgh,1,1,osm_nodes,114,0.020744,0.341,
1882,pittsburgh,1,0,osm_nodes,32,0.019656,0.0,
1883,pittsburgh,1,0,osm_nodes,36,0.020798,0.047,
1884,pittsburgh,1,1,osm_nodes,110,0.02003,0.335,
1885,pittsburgh,1,1,osm_nodes,114,0.020816,0.3355,
1886,pittsburgh,1,1,osm_nodes,105,0.020007,0.3362,
1887,pittsburgh,1,1,osm_nodes,107,0.020068,0.3372,
1888,pittsburgh,1,1,osm_nodes,91,0.018202,0.354,
1889,pittsburgh,1,1,osm_nodes,26,0.018141,0.2653,
1890,pittsburgh,1,1,osm_nodes,25,0.017564,0.2707,
1891,pittsburgh,1,1,osm_nodes,25,0.017464,0.2846,
1892,pittsburgh,1,1,osm_nodes,26,0.017593,0.2975,
1893,pittsburgh,1,1,osm_nodes,24,0.016726,0.2921,
1894,pittsburgh,1,1,osm_nodes,25,0.016869,0.3024,
1895,pittsburgh,1,1,osm_nodes,26,0.017179,0.3118,
1896,pittsburgh,1,1,osm_nodes,115,0.022821,0.3205,
1897,pittsburgh,1,1,osm_nodes,112,0.02225,0.3098,
1898,pittsburgh,1,0,osm_nodes,45,0.020739,0.11,
1899,pittsburgh,1,1,osm_nodes,110,0.021922,0.2956,
1900,pittsburgh,1,0,osm_nodes,39,0.020295,0.0,
1901,pittsburgh,1,1,osm_nodes,110,0.022098,0.3213,
1902,pittsburgh,1,1,osm_nodes,106,0.021721,0.3043,
1903,pittsburgh,1,1,osm_nodes,104,0.021584,0.2927,
1904,pittsburgh,1,1,osm_nodes,105,0.021369,0.2848,
1905,pittsburgh,1,0,osm_nodes,39,0.020361,0.0,
1906,pittsburgh,1,0,osm_nodes,39,0.020378,0.0001,
1909,pittsburgh,1,0,osm_nodes,37,0.01992,0.0,
1912,pittsburgh,1,0,osm_nodes,37,0.019871,0.0,
1914,pittsburgh,1,0,osm_nodes,6,0.000878,0.3278,
1915,pittsburgh,0,0,osm_nodes,4,0.005063,0.153,
1916,pittsburgh,1,1,osm_nodes,37,0.019771,0.0,
1917,pittsburgh,1,1,osm_nodes,37,0.019658,0.0,
1918,pittsburgh,1,1,osm_nodes,37,0.019592,0.0,
1919,pittsburgh,1,1,osm_nodes,37,0.019496,0.0,
1920,pittsburgh,1,0,osm_nodes,6,0.006138,0.154,
1921,pittsburgh,0,0,osm_nodes,5,0.00084,0.1635,
1922,pittsburgh,1,1,osm_nodes,37,0.018736,0.0077,
1923,pittsburgh,1,1,osm_nodes,37,0.017872,0.0281,
1924,pittsburgh,1,1,osm_nodes,36,0.018205,0.0171,
1925,pittsburgh,1,1,osm_nodes,36,0.017475,0.047,
1926,pittsburgh,1,1,osm_nodes,35,0.015326,0.0787,
1927,pittsburgh,1,1,osm_nodes,34,0.01465,0.0956,
1928,pittsburgh,1,1,osm_nodes,32,0.013289,0.1329,
1929,pittsburgh,1,1,osm_nodes,32,0.012851,0.1244,
1930,pittsburgh,1,1,osm_nodes,32,0.013203,0.1418,
1931,pittsburgh,1,1,osm_nodes,32,0.012399,0.1319,
1932,pittsburgh,1,1,osm_nodes,32,0.012306,0.1442,
1933,pittsburgh,1,1,osm_nodes,32,0.010696,0.1443,
1934,pittsburgh,1,1,osm_nodes,49,0.01669,0.2256,
1935,pittsburgh,1,1,osm_nodes,67,0.019502,0.2125,
1936,pittsburgh,1,1,osm_nodes,66,0.019166,0.2286,
1937,pittsburgh,1,0,osm_nodes,15,0.011428,0.0,
1938,pittsburgh,1,0,osm_nodes,15,0.011771,0.0,
1939,pittsburgh,1,0,osm_nodes,16,0.012103,0.0,
1940,pittsburgh,1,0,osm_nodes,16,0.012431,0.0,
1942,pittsburgh,1,0,osm_nodes,16,0.011693,0.0,
1943,pittsburgh,1,0,osm_nodes,16,0.012102,0.0006,
1944,pittsburgh,1,0,osm_nodes,19,0.012475,0.0086,
1945,pittsburgh,1,0,osm_nodes,16,0.012616,0.0061,
1946,pittsburgh,1,0,osm_nodes,16,0.012677,0.0057,
1947,pittsburgh,1,0,osm_nodes,16,0.012827,0.0057,
1948,pittsburgh,1,0,osm_nodes,20,0.011398,0.2168,
1949,pittsburgh,1,0,osm_nodes,21,0.011242,0.2981,
1950,pittsburgh,1,0,osm_nodes,21,0.011546,0.3031,
1951,pittsburgh,1,0,osm_nodes,34,0.015173,0.312,
1952,pittsburgh,1,0,osm_nodes,36,0.015448,0.2894,
1953,pittsburgh,1,0,osm_nodes,36,0.015806,0.3067,
1954,pittsburgh,1,0,osm_nodes,36,0.015552,0.2863,
1955,pittsburgh,1,0,osm_nodes,37,0.016023,0.3011,
1956,pittsburgh,1,0,osm_nodes,37,0.015724,0.2658,
1957,pittsburgh,1,0,osm_nodes,40,0.017001,0.289,
1958,pittsburgh,1,0,osm_nodes,33,0.01553,0.1525,
1959,pittsburgh,1,1,osm_nodes,40,0.0172,0.1762,
1960,pittsburgh,1,1,osm_nodes,38,0.018077,0.2093,
1961,pittsburgh,1,1,osm_nodes,55,0.022208,0.2187,
1962,pittsburgh,1,0,osm_nodes,67,0.025482,0.1977,
1963,pittsburgh,1,0,osm_nodes,60,0.023601,0.2083,
1964,pittsburgh,1,0,osm_nodes,71,0.027798,0.1736,
1965,pittsburgh,1,0,osm_nodes,63,0.024782,0.1959,
1966,pittsburgh,1,0,osm_nodes,65,0.025777,0.1851,
1967,pittsburgh,1,0,osm_nodes,74,0.030531,0.1813,
1968,pittsburgh,1,0,osm_nodes,75,0.031336,0.1728,
1969,pittsburgh,1,1,osm_nodes,83,0.034445,0.2161,
1970,pittsburgh,1,0,osm_nodes,17,0.012458,0.0658,
1971,pittsburgh,1,1,osm_nodes,84,0.035507,0.2057,
1972,pittsburgh,1,1,osm_nodes,86,0.035111,0.2296,
1973,pittsburgh,1,0,osm_nodes,87,0.036679,0.1866,
1974,pittsburgh,1,0,osm_nodes,89,0.036325,0.2231,
1975,pittsburgh,0,0,osm_nodes,33,0.020455,0.1385,
1976,pittsburgh,1,0,osm_nodes,87,0.036748,0.1883,
1977,pittsburgh,1,0,osm_nodes,83,0.034964,0.1785,
1978,pittsburgh,1,0,osm_nodes,19,0.014499,0.1307,
1979,pittsburgh,1,0,osm_nodes,69,0.033077,0.2136,
1980,pittsburgh,1,0,osm_nodes,91,0.037485,0.1977,
1981,pittsburgh,1,0,osm_nodes,87,0.037548,0.2105,
1982,pittsburgh,1,0,osm_nodes,69,0.032895,0.2678,
1983,pittsburgh,1,0,osm_nodes,89,0.037961,0.2182,
1984,pittsburgh,1,1,osm_nodes,92,0.03855,0.2183,
1985,pittsburgh,1,0,osm_nodes,31,0.018922,0.2368,
1986,pittsburgh,1,1,osm_nodes,97,0.039119,0.2196,
1987,pittsburgh,1,1,osm_nodes,83,0.038616,0.1455,
1988,pittsburgh,1,1,osm_nodes,84,0.038926,0.1439,
1989,pittsburgh,1,1,osm_nodes,78,0.038568,0.1993,
1990,pittsburgh,1,1,osm_nodes,83,0.041268,0.2256,
1991,pittsburgh,1,0,osm_nodes,92,0.043327,0.1971,
1992,pittsburgh,1,1,osm_nodes,85,0.04282,0.2516,
1993,pittsburgh,1,0,osm_nodes,96,0.04553,0.3119,
1994,pittsburgh,1,0,osm_nodes,86,0.044121,0.3684,
1995,pittsburgh,1,0,osm_nodes,87,0.042666,0.2439,
1996,pittsburgh,1,0,osm_nodes,89,0.041462,0.2669,
1997,pittsburgh,1,0,osm_nodes,92,0.04304,0.2412,
1998,pittsburgh,1,0,osm_nodes,74,0.040475,0.3825,
1999,pittsburgh,1,0,osm_nodes,72,0.029338,0.2761,
2000,pittsburgh,1,0,osm_nodes,89,0.042831,0.3128,
2001,pittsburgh,1,0,osm_nodes,73,0.029627,0.2707,
2002,pittsburgh,1,0,osm_nodes,67,0.038023,0.3776,
2003,pittsburgh,1,0,osm_nodes,67,0.037492,0.3967,
2004,pittsburgh,1,0,osm_nodes,83,0.026913,0.2074,
2005,pittsburgh,1,0,osm_nodes,83,0.025874,0.2045,
2006,pittsburgh,1,0,osm_nodes,83,0.025158,0.2065,
2007,pittsburgh,1,0,osm_nodes,82,0.024778,0.2103,
2008,pittsburgh,1,0,osm_nodes,95,0.03061,0.2259,
2009,pittsburgh,1,0,osm_nodes,94,0.030146,0.2051,
2010,pittsburgh,1,0,osm_nodes,106,0.035641,0.4015,
2011,pittsburgh,1,0,osm_nodes,100,0.034283,0.4284,
2012,pittsburgh,0,0,osm_nodes,128,0.037682,0.1857,
2013,pittsburgh,1,0,osm_nodes,103,0.033185,0.1822,
2014,pittsburgh,1,0,osm_nodes,103,0.032439,0.1833,
2015,pittsburgh,1,0,osm_nodes,101,0.03138,0.1815,
2016,pittsburgh,1,0,osm_nodes,113,0.037811,0.3394,
2017,pittsburgh,1,0,osm_nodes,106,0.035666,0.3738,
2018,pittsburgh,1,0,osm_nodes,106,0.030215,0.1353,
2019,pittsburgh,1,1,osm_nodes,128,0.038679,0.2408,
2020,pittsburgh,1,1,osm_nodes,65,0.037419,0.3905,
2021,pittsburgh,1,1,osm_nodes,128,0.038382,0.2148,
2022,pittsburgh,1,1,osm_nodes,64,0.037311,0.4224,
2023,pittsburgh,1,0,osm_nodes,128,0.035878,0.1017,
2024,pittsburgh,1,0,osm_nodes,116,0.03336,0.0983,
2025,pittsburgh,1,0,osm_nodes,140,0.039579,0.0752,
2026,pittsburgh,1,0,osm_nodes,111,0.031774,0.0951,
2027,pittsburgh,1,0,osm_nodes,65,0.033019,0.1659,
2028,pittsburgh,1,0,osm_nodes,110,0.031015,0.0903,
2029,pittsburgh,1,0,osm_nodes,65,0.034486,0.2117,
2030,pittsburgh,1,0,osm_nodes,62,0.031948,0.1425,
2031,pittsburgh,1,0,osm_nodes,117,0.032594,0.0772,
2032,pittsburgh,1,1,osm_nodes,123,0.035917,0.1966,
2033,pittsburgh,1,0,osm_nodes,144,0.037744,0.0489,
2034,pittsburgh,1,1,osm_nodes,130,0.035776,0.1439,
2035,pittsburgh,1,1,osm_nodes,63,0.033257,0.1864,
2036,pittsburgh,1,1,osm_nodes,123,0.03548,0.202,
2037,pittsburgh,1,1,osm_nodes,130,0.035485,0.1472,
2038,pittsburgh,1,1,osm_nodes,123,0.035338,0.2055,
2039,pittsburgh,1,0,osm_nodes,124,0.033508,0.0521,
2040,pittsburgh,1,0,osm_nodes,133,0.0354,0.0346,
2041,pittsburgh,1,0,osm_nodes,144,0.038017,0.032,
2042,pittsburgh,1,0,osm_nodes,138,0.036501,0.0883,
2043,pittsburgh,1,0,osm_nodes,122,0.032776,0.0645,
2044,pittsburgh,1,0,osm_nodes,135,0.036161,0.0902,
2045,pittsburgh,1,0,osm_nodes,147,0.03856,0.0178,
2046,pittsburgh,1,0,osm_nodes,152,0.038266,0.0075,
2047,pittsburgh,1,0,osm_nodes,139,0.036167,0.0066,
2048,pittsburgh,1,1,osm_nodes,125,0.034441,0.1697,
2049,pittsburgh,1,0,osm_nodes,122,0.034159,0.0211,
2050,pittsburgh,1,0,osm_nodes,122,0.033092,0.0401,
2051,pittsburgh,1,0,osm_nodes,146,0.03741,0.0388,
2052,pittsburgh,1,0,osm_nodes,139,0.036099,0.0861,
2053,pittsburgh,1,0,osm_nodes,125,0.034167,0.1579,
2054,pittsburgh,1,0,osm_nodes,146,0.037574,0.0182,
2055,pittsburgh,1,1,osm_nodes,91,0.033125,0.1341,
2056,pittsburgh,1,0,osm_nodes,145,0.036947,0.0371,
2057,pittsburgh,1,0,osm_nodes,145,0.036448,0.0,
2058,pittsburgh,1,0,osm_nodes,131,0.034796,0.006,
2059,pittsburgh,1,1,osm_nodes,91,0.033214,0.1349,
2060,pittsburgh,1,1,osm_nodes,63,0.033158,0.253,
2061,pittsburgh,1,0,osm_nodes,135,0.034956,0.0,
2062,pittsburgh,1,0,osm_nodes,135,0.034905,0.0,
2063,pittsburgh,1,0,osm_nodes,134,0.035407,0.0,
2064,pittsburgh,1,0,osm_nodes,130,0.03452,0.0,
2065,pittsburgh,1,0,osm_nodes,135,0.035439,0.0,
2066,pittsburgh,1,0,osm_nodes,134,0.035425,0.0,
2067,pittsburgh,1,0,osm_nodes,58,0.020371,0.0855,
2068,pittsburgh,1,0,osm_nodes,55,0.019513,0.1125,
2069,pittsburgh,1,0,osm_nodes,57,0.030051,0.4996,
2070,pittsburgh,1,0,osm_nodes,50,0.017641,0.1409,
2071,pittsburgh,1,0,osm_nodes,56,0.019517,0.1316,
2072,pittsburgh,1,0,osm_nodes,62,0.02006,0.1153,
2073,pittsburgh,1,0,osm_nodes,51,0.017637,0.1589,
2074,pittsburgh,1,0,osm_nodes,59,0.019395,0.1421,
2075,pittsburgh,1,0,osm_nodes,62,0.019652,0.126,
2076,pittsburgh,1,0,osm_nodes,55,0.017701,0.1694,
2077,pittsburgh,1,0,osm_nodes,66,0.02513,0.2616,
2078,pittsburgh,0,0,osm_nodes,22,0.006866,0.1291,
2079,pittsburgh,1,0,osm_nodes,58,0.022641,0.219,
2080,pittsburgh,1,1,osm_nodes,36,0.022508,0.4668,
2081,pittsburgh,1,1,osm_nodes,36,0.022048,0.4861,
2082,pittsburgh,1,1,osm_nodes,34,0.021628,0.4497,
2083,pittsburgh,1,1,osm_nodes,35,0.023172,0.4927,
2084,pittsburgh,0,0,osm_nodes,42,0.007008,0.0848,
2085,pittsburgh,1,0,osm_nodes,36,0.011927,0.0017,
2086,pittsburgh,1,0,osm_nodes,35,0.011305,0.0077,
2087,pittsburgh,1,0,osm_nodes,33,0.011238,0.0063,
2088,pittsburgh,1,0,osm_nodes,31,0.010746,0.0144,
2089,pittsburgh,1,0,osm_nodes,50,0.026808,0.6865,
2090,pittsburgh,1,0,osm_nodes,51,0.026914,0.6928,
2091,pittsburgh,1,0,osm_nodes,52,0.027299,0.6813,
2092,pittsburgh,1,0,osm_nodes,50,0.02698,0.6894,
2093,pittsburgh,1,0,osm_nodes,56,0.027693,0.6664,
2094,pittsburgh,1,0,osm_nodes,28,0.010054,0.0244,
2095,pittsburgh,1,0,osm_nodes,55,0.027344,0.6562,
2096,pittsburgh,1,1,osm_nodes,56,0.025354,0.2467,
2097,pittsburgh,1,0,osm_nodes,58,0.026583,0.3279,
2098,pittsburgh,1,0,osm_nodes,58,0.027458,0.3053,
2099,pittsburgh,1,1,osm_nodes,54,0.024145,0.1658,
2100,pittsburgh,1,0,osm_nodes,60,0.027833,0.2887,
2101,pittsburgh,1,0,osm_nodes,63,0.028983,0.3869,
2102,pittsburgh,1,0,osm_nodes,61,0.028273,0.2624,
2103,pittsburgh,1,1,osm_nodes,58,0.026107,0.1621,
2104,pittsburgh,1,0,osm_nodes,65,0.02919,0.3944,
2105,pittsburgh,1,0,osm_nodes,65,0.029367,0.3621,
2106,pittsburgh,1,0,osm_nodes,70,0.029382,0.4026,
2107,pittsburgh,1,0,osm_nodes,65,0.028388,0.1975,
2108,pittsburgh,1,1,osm_nodes,46,0.014977,0.2343,
2109,pittsburgh,1,0,osm_nodes,83,0.028703,0.4254,
2110,pittsburgh,1,1,osm_nodes,46,0.015924,0.2451,
2111,pittsburgh,1,0,osm_nodes,72,0.02958,0.2953,
2112,pittsburgh,1,0,osm_nodes,83,0.028603,0.4298,
2113,pittsburgh,1,0,osm_nodes,73,0.029621,0.2942,
2114,pittsburgh,1,1,osm_nodes,44,0.015619,0.2645,
2115,pittsburgh,1,0,osm_nodes,76,0.026546,0.3878,
2116,pittsburgh,1,1,osm_nodes,40,0.013864,0.3218,
2117,pittsburgh,1,0,osm_nodes,65,0.028187,0.2547,
2118,pittsburgh,1,1,osm_nodes,44,0.014323,0.3526,
2119,pittsburgh,1,1,osm_nodes,44,0.014704,0.3425,
2120,pittsburgh,1,1,osm_nodes,44,0.01476,0.3406,
2121,pittsburgh,1,1,osm_nodes,49,0.024157,0.2196,
2122,pittsburgh,1,1,osm_nodes,46,0.021981,0.2487,
2123,pittsburgh,1,1,osm_nodes,47,0.022549,0.227,
2124,pittsburgh,1,1,osm_nodes,46,0.021361,0.2621,
2125,pittsburgh,1,0,osm_nodes,38,0.018304,0.1982,
2126,pittsburgh,1,0,osm_nodes,32,0.017104,0.1385,
2127,pittsburgh,1,1,osm_nodes,47,0.025304,0.1889,
2128,pittsburgh,1,0,osm_nodes,31,0.017174,0.1174,
2129,pittsburgh,1,0,osm_nodes,30,0.016895,0.104,
2130,pittsburgh,1,0,osm_nodes,36,0.017987,0.0964,
2131,pittsburgh,1,0,osm_nodes,29,0.017044,0.0837,
2132,pittsburgh,1,0,osm_nodes,34,0.017945,0.0645,
2133,pittsburgh,1,0,osm_nodes,29,0.016656,0.0711,
2134,pittsburgh,1,1,osm_nodes,49,0.026719,0.1979,
2135,pittsburgh,1,0,osm_nodes,71,0.027708,0.6432,
2136,pittsburgh,1,0,osm_nodes,34,0.017904,0.0363,
2137,pittsburgh,1,0,osm_nodes,53,0.026582,0.5526,
2138,pittsburgh,1,1,osm_nodes,48,0.025816,0.1973,
2139,pittsburgh,1,0,osm_nodes,24,0.015718,0.0267,
2140,pittsburgh,1,0,osm_nodes,65,0.027647,0.6549,
2141,pittsburgh,1,0,osm_nodes,28,0.016813,0.0106,
2142,pittsburgh,1,0,osm_nodes,47,0.027446,0.5691,
2143,pittsburgh,1,0,osm_nodes,54,0.032775,0.2116,
2144,pittsburgh,1,0,osm_nodes,55,0.033733,0.2094,
2145,pittsburgh,1,0,osm_nodes,35,0.015546,0.2039,
2146,pittsburgh,1,0,osm_nodes,30,0.014533,0.2305,
2147,pittsburgh,1,0,osm_nodes,28,0.01416,0.2538,
2148,pittsburgh,1,0,osm_nodes,31,0.015308,0.1692,
2149,pittsburgh,1,0,osm_nodes,29,0.014404,0.1881,
2150,pittsburgh,1,0,osm_nodes,31,0.015271,0.1483,
2151,pittsburgh,1,0,osm_nodes,49,0.025398,0.4763,
2152,pittsburgh,1,0,osm_nodes,27,0.01406,0.2036,
2153,pittsburgh,1,0,osm_nodes,50,0.033781,0.1793,
2154,pittsburgh,1,0,osm_nodes,50,0.033786,0.1673,
2155,pittsburgh,1,1,osm_nodes,31,0.013077,0.4896,
2156,pittsburgh,1,0,osm_nodes,25,0.014742,0.0479,
2157,pittsburgh,1,1,osm_nodes,32,0.013467,0.4846,
2158,pittsburgh,1,1,osm_nodes,31,0.013041,0.4343,
2159,pittsburgh,1,1,osm_nodes,32,0.013546,0.4804,
2160,pittsburgh,1,1,osm_nodes,25,0.013311,0.3254,
2161,pittsburgh,1,0,osm_nodes,7,0.010844,0.6508,
2162,pittsburgh,1,1,osm_nodes,54,0.019095,0.0325,
2163,pittsburgh,1,0,osm_nodes,5,0.013184,0.6544,
2164,pittsburgh,1,1,osm_nodes,57,0.017809,0.0252,
2165,pittsburgh,1,0,osm_nodes,6,0.011945,0.4739,
2166,pittsburgh,1,0,osm_nodes,80,0.025363,0.0261,
2167,pittsburgh,1,0,osm_nodes,86,0.026912,0.0324,
2168,pittsburgh,1,0,osm_nodes,61,0.018551,0.0001,
2169,pittsburgh,1,0,osm_nodes,89,0.027208,0.0459,
2170,pittsburgh,1,0,osm_nodes,78,0.02491,0.0041,
2171,pittsburgh,1,0,osm_nodes,78,0.024765,0.0036,
2172,pittsburgh,1,0,osm_nodes,59,0.017496,0.0046,
2173,pittsburgh,1,0,osm_nodes,73,0.022934,0.0005,
2174,pittsburgh,1,0,osm_nodes,73,0.023202,0.0005,
2175,pittsburgh,1,0,osm_nodes,91,0.026205,0.2204,
2176,pittsburgh,1,0,osm_nodes,32,0.013215,0.1576,
2177,pittsburgh,1,0,osm_nodes,33,0.013744,0.2176,
2178,pittsburgh,1,0,osm_nodes,31,0.013094,0.1504,
2179,pittsburgh,1,0,osm_nodes,32,0.01372,0.2152,
2180,pittsburgh,1,1,osm_nodes,48,0.018153,0.0977,
2181,pittsburgh,1,1,osm_nodes,64,0.007524,0.3865,
2182,pittsburgh,1,1,osm_nodes,63,0.007225,0.3738,
2183,pittsburgh,1,1,osm_nodes,61,0.00696,0.3674,
2184,pittsburgh,1,1,osm_nodes,61,0.006865,0.3622,
2185,pittsburgh,1,1,osm_nodes,64,0.007427,0.3813,
2186,pittsburgh,1,1,osm_nodes,47,0.018722,0.1164,
2187,pittsburgh,1,1,osm_nodes,56,0.006724,0.3482,
2188,pittsburgh,1,1,osm_nodes,47,0.018406,0.1067,
2189,pittsburgh,1,1,osm_nodes,56,0.006867,0.3532,
2190,pittsburgh,1,1,osm_nodes,62,0.007141,0.3673,
2191,pittsburgh,1,0,osm_nodes,26,0.010021,0.0169,
2192,pittsburgh,1,1,osm_nodes,53,0.006621,0.3335,
2193,pittsburgh,1,1,osm_nodes,54,0.006692,0.3434,
2194,pittsburgh,1,1,osm_nodes,55,0.00689,0.3566,
2195,pittsburgh,1,1,osm_nodes,54,0.00657,0.327,
2196,pittsburgh,1,1,osm_nodes,55,0.006821,0.3542,
2197,pittsburgh,1,1,osm_nodes,47,0.018967,0.1296,
2198,pittsburgh,0,0,osm_nodes,14,0.004927,0.092,
2199,pittsburgh,1,1,osm_nodes,48,0.018869,0.1184,
2200,pittsburgh,0,0,osm_nodes,14,0.00474,0.0842,
2201,pittsburgh,0,0,osm_nodes,13,0.004746,0.0791,
2202,pittsburgh,1,1,osm_nodes,48,0.018572,0.0912,
2203,pittsburgh,0,0,osm_nodes,10,0.004173,0.0807,
2204,pittsburgh,1,1,osm_nodes,48,0.018831,0.0914,
2205,pittsburgh,1,0,osm_nodes,48,0.01874,0.0818,
2206,pittsburgh,0,0,osm_nodes,50,0.006072,0.2428,
2207,pittsburgh,0,0,osm_nodes,50,0.006191,0.2552,
2208,pittsburgh,1,0,osm_nodes,53,0.02027,0.1494,
2209,pittsburgh,1,0,osm_nodes,40,0.016602,0.0357,
2210,pittsburgh,1,0,osm_nodes,40,0.016874,0.0443,
2211,pittsburgh,1,0,osm_nodes,53,0.020307,0.1374,
2212,pittsburgh,1,0,osm_nodes,44,0.017264,0.0629,
2213,pittsburgh,1,0,osm_nodes,44,0.017222,0.0621,
2214,pittsburgh,1,0,osm_nodes,52,0.021574,0.255,
2215,pittsburgh,1,0,osm_nodes,48,0.017549,0.0719,
2216,pittsburgh,1,0,osm_nodes,54,0.021524,0.2266,
2217,pittsburgh,1,0,osm_nodes,41,0.016008,0.0351,
2218,pittsburgh,1,0,osm_nodes,52,0.021678,0.257,
2219,pittsburgh,1,1,osm_nodes,43,0.02046,0.3486,
2220,pittsburgh,1,0,osm_nodes,42,0.016705,0.057,
2221,pittsburgh,1,1,osm_nodes,39,0.020071,0.3505,
2222,pittsburgh,1,1,osm_nodes,45,0.02071,0.3564,
2223,pittsburgh,1,0,osm_nodes,48,0.017638,0.0719,
2224,pittsburgh,1,0,osm_nodes,41,0.016014,0.041,
2225,pittsburgh,1,0,osm_nodes,52,0.021831,0.2407,
2226,pittsburgh,1,1,osm_nodes,38,0.019946,0.3675,
2227,pittsburgh,1,1,osm_nodes,38,0.02009,0.3713,
2228,pittsburgh,1,0,osm_nodes,48,0.017207,0.0719,
2229,pittsburgh,1,0,osm_nodes,40,0.016166,0.0496,
2230,pittsburgh,1,0,osm_nodes,44,0.016573,0.0686,
2232,pittsburgh,1,1,osm_nodes,37,0.01703,0.4249,
2233,pittsburgh,1,1,osm_nodes,40,0.017421,0.4426,
2234,pittsburgh,1,1,osm_nodes,37,0.018573,0.4217,
2236,pittsburgh,1,1,osm_nodes,40,0.017793,0.4485,
2237,pittsburgh,1,1,osm_nodes,41,0.01876,0.4124,
2238,pittsburgh,1,1,osm_nodes,41,0.018163,0.4418,
2239,pittsburgh,1,1,osm_nodes,30,0.012894,0.0478,
2240,pittsburgh,1,1,osm_nodes,42,0.017808,0.392,
2241,pittsburgh,0,0,osm_nodes,9,0.004385,0.0,
2242,pittsburgh,1,1,osm_nodes,31,0.013147,0.0473,
2243,pittsburgh,1,1,osm_nodes,42,0.017987,0.3824,
2247,pittsburgh,1,0,osm_nodes,34,0.017787,0.0013,
2248,pittsburgh,1,0,osm_nodes,36,0.018271,0.0002,
2249,pittsburgh,1,0,osm_nodes,36,0.018277,0.0,
2251,pittsburgh,1,0,osm_nodes,34,0.018565,0.0,
2253,pittsburgh,1,0,osm_nodes,31,0.018688,0.0,
2254,pittsburgh,1,0,osm_nodes,32,0.018681,0.0,
2255,pittsburgh,1,0,osm_nodes,32,0.018979,0.0,
2256,pittsburgh,1,0,osm_nodes,32,0.018913,0.0,
2258,pittsburgh,1,0,osm_nodes,61,0.027308,0.2559,
2259,pittsburgh,1,0,osm_nodes,59,0.026729,0.2306,
2260,pittsburgh,1,0,osm_nodes,60,0.026511,0.2278,
2261,pittsburgh,1,0,osm_nodes,61,0.026645,0.2498,
2262,pittsburgh,1,0,osm_nodes,59,0.026315,0.232,
2263,pittsburgh,1,1,osm_nodes,68,0.026405,0.2732,
2264,pittsburgh,1,0,osm_nodes,59,0.025993,0.2507,
2265,pittsburgh,1,0,osm_nodes,57,0.026162,0.2459,
2266,pittsburgh,1,0,osm_nodes,54,0.025874,0.2451,
2267,pittsburgh,1,0,osm_nodes,54,0.025315,0.2455,
2268,pittsburgh,1,0,osm_nodes,58,0.025397,0.2535,
2269,pittsburgh,1,0,osm_nodes,53,0.024737,0.2513,
2270,pittsburgh,0,0,osm_nodes,5,0.009474,0.0118,
2271,pittsburgh,1,1,osm_nodes,72,0.025397,0.2644,
2272,pittsburgh,1,1,osm_nodes,62,0.023361,0.23,
2273,pittsburgh,1,1,osm_nodes,70,0.024396,0.2266,
2274,pittsburgh,1,1,osm_nodes,61,0.023105,0.2315,
2275,pittsburgh,0,0,osm_nodes,8,0.010658,0.01,
2276,pittsburgh,1,0,osm_nodes,55,0.021697,0.266,
2277,pittsburgh,1,1,osm_nodes,59,0.022545,0.2439,
2278,pittsburgh,1,0,osm_nodes,36,0.019297,0.0861,
2279,pittsburgh,1,1,osm_nodes,45,0.018432,0.0856,
2280,pittsburgh,1,1,osm_nodes,64,0.021994,0.2551,
2281,pittsburgh,1,0,osm_nodes,36,0.018817,0.0814,
2282,pittsburgh,1,0,osm_nodes,27,0.017226,0.0364,
2283,pittsburgh,1,1,osm_nodes,64,0.022005,0.2929,
2284,pittsburgh,1,1,osm_nodes,46,0.0204,0.0849,
2285,pittsburgh,1,0,osm_nodes,51,0.0175,0.2907,
2286,pittsburgh,1,0,osm_nodes,51,0.017246,0.2855,
2287,pittsburgh,1,0,osm_nodes,33,0.023846,0.0015,
2288,pittsburgh,1,0,osm_nodes,33,0.024448,0.0022,
2289,pittsburgh,1,0,osm_nodes,33,0.024373,0.0022,
2290,pittsburgh,1,0,osm_nodes,51,0.01622,0.3004,
2291,pittsburgh,1,0,osm_nodes,51,0.017066,0.2785,
2292,pittsburgh,1,0,osm_nodes,50,0.015968,0.2978,
2293,pittsburgh,1,0,osm_nodes,32,0.025284,0.0072,
2294,pittsburgh,1,0,osm_nodes,44,0.015537,0.2926,
2295,pittsburgh,1,0,osm_nodes,38,0.017381,0.1662,
2296,pittsburgh,1,0,osm_nodes,40,0.020348,0.279,
2297,pittsburgh,1,0,osm_nodes,40,0.020413,0.2864,
2298,pittsburgh,1,0,osm_nodes,40,0.020535,0.3093,
2299,pittsburgh,1,0,osm_nodes,40,0.020591,0.3179,
2300,pittsburgh,1,1,osm_nodes,50,0.022877,0.4147,
2301,pittsburgh,1,1,osm_nodes,49,0.022548,0.4294,
2302,pittsburgh,1,0,osm_nodes,62,0.027184,0.3892,
2303,pittsburgh,1,1,osm_nodes,51,0.022033,0.4495,
2304,pittsburgh,1,0,osm_nodes,59,0.027339,0.4496,
2305,pittsburgh,1,0,osm_nodes,53,0.023601,0.4836,
2306,pittsburgh,1,0,osm_nodes,41,0.021448,0.4794,
2307,pittsburgh,1,0,osm_nodes,47,0.024945,0.5088,
2308,pittsburgh,1,0,osm_nodes,49,0.02504,0.5096,
2309,pittsburgh,1,0,osm_nodes,47,0.024548,0.5107,
2310,pittsburgh,1,0,osm_nodes,48,0.024695,0.5103,
2311,pittsburgh,1,0,osm_nodes,54,0.026042,0.5057,
2312,pittsburgh,1,0,osm_nodes,55,0.026183,0.4896,
2313,pittsburgh,1,0,osm_nodes,48,0.024373,0.5199,
2314,pittsburgh,1,0,osm_nodes,56,0.026308,0.4887,
2315,pittsburgh,1,0,osm_nodes,54,0.026099,0.4919,
2316,pittsburgh,1,0,osm_nodes,47,0.023288,0.4187,
2317,pittsburgh,1,0,osm_nodes,48,0.023891,0.4,
2318,pittsburgh,1,0,osm_nodes,40,0.020459,0.4798,
2319,pittsburgh,1,0,osm_nodes,42,0.020938,0.4819,
2320,pittsburgh,1,0,osm_nodes,43,0.021176,0.494,
2321,pittsburgh,1,0,osm_nodes,42,0.01896,0.5042,
2322,pittsburgh,1,0,osm_nodes,44,0.019425,0.4938,
2323,pittsburgh,1,0,osm_nodes,38,0.015165,0.5719,
2324,pittsburgh,1,0,osm_nodes,6,0.015026,0.0594,
2325,pittsburgh,1,0,osm_nodes,35,0.013962,0.5945,
2326,pittsburgh,1,0,osm_nodes,38,0.013722,0.6958,
2327,pittsburgh,1,0,osm_nodes,34,0.013695,0.6205,
2328,pittsburgh,1,0,osm_nodes,38,0.013017,0.7248,
2329,pittsburgh,1,0,osm_nodes,43,0.014927,0.689,
2330,pittsburgh,1,0,osm_nodes,40,0.013313,0.7125,
2331,pittsburgh,1,0,osm_nodes,43,0.014712,0.6846,
2332,pittsburgh,1,0,osm_nodes,40,0.01349,0.7158,
2333,pittsburgh,1,0,osm_nodes,48,0.016608,0.6558,
2334,pittsburgh,1,0,osm_nodes,50,0.017554,0.523,
2335,pittsburgh,1,0,osm_nodes,30,0.020058,0.1696,
2336,pittsburgh,1,0,osm_nodes,30,0.020058,0.1695,
2337,pittsburgh,1,0,osm_nodes,33,0.019981,0.1831,
2338,pittsburgh,1,0,osm_nodes,32,0.020273,0.1831,
2339,pittsburgh,1,0,osm_nodes,32,0.02029,0.1818,
2340,pittsburgh,1,0,osm_nodes,33,0.020372,0.2038,
2341,pittsburgh,1,0,osm_nodes,34,0.020547,0.2086,
2342,pittsburgh,1,0,osm_nodes,33,0.020803,0.2148,
2343,pittsburgh,1,0,osm_nodes,34,0.020451,0.2737,
2344,pittsburgh,1,0,osm_nodes,27,0.016504,0.2584,
2345,pittsburgh,1,0,osm_nodes,30,0.018103,0.335,
2346,pittsburgh,1,0,osm_nodes,19,0.014442,0.2474,
2347,pittsburgh,1,0,osm_nodes,18,0.016159,0.291,
2348,pittsburgh,1,0,osm_nodes,21,0.016775,0.3327,
2349,pittsburgh,1,0,osm_nodes,16,0.014854,0.2379,
2350,pittsburgh,1,0,osm_nodes,15,0.014138,0.3002,
2351,pittsburgh,1,0,osm_nodes,21,0.015194,0.1948,
2352,pittsburgh,1,0,osm_nodes,21,0.015122,0.1876,
2353,pittsburgh,1,0,osm_nodes,21,0.014126,0.193,
2354,pittsburgh,1,0,osm_nodes,23,0.01412,0.1679,
2355,pittsburgh,1,0,osm_nodes,20,0.013766,0.1695,
2356,pittsburgh,1,0,osm_nodes,20,0.013559,0.1746,
2357,pittsburgh,1,0,osm_nodes,6,0.00406,0.0,
2358,pittsburgh,0,0,osm_nodes,9,0.004024,0.0,
2359,pittsburgh,1,0,osm_nodes,11,0.013285,0.0,
2360,pittsburgh,1,0,osm_nodes,11,0.012804,0.0,
2361,pittsburgh,1,0,osm_nodes,13,0.013966,0.0,
2362,pittsburgh,1,0,osm_nodes,10,0.012754,0.0,
2363,pittsburgh,1,0,osm_nodes,10,0.01177,0.0,
2364,pittsburgh,1,0,osm_nodes,8,0.006787,0.0,
2365,pittsburgh,1,0,osm_nodes,28,0.022351,0.2746,
2366,pittsburgh,1,0,osm_nodes,16,0.012148,0.0,
2367,pittsburgh,1,0,osm_nodes,27,0.020796,0.2762,
2368,pittsburgh,0,0,osm_nodes,16,0.009696,0.1183,
2369,pittsburgh,1,0,osm_nodes,30,0.022685,0.2702,
2370,pittsburgh,1,0,osm_nodes,14,0.008735,0.0,
2371,pittsburgh,1,0,osm_nodes,29,0.020458,0.2684,
2372,pittsburgh,1,0,osm_nodes,29,0.020504,0.2607,
2373,pittsburgh,1,0,osm_nodes,31,0.022914,0.263,
2374,pittsburgh,1,0,osm_nodes,33,0.022432,0.2649,
2375,pittsburgh,1,0,osm_nodes,11,0.010407,0.0,
2376,pittsburgh,1,1,osm_nodes,14,0.012195,0.0,
2377,pittsburgh,1,0,osm_nodes,17,0.012531,0.0,
2378,pittsburgh,1,0,osm_nodes,17,0.012442,0.0,
2379,pittsburgh,1,0,osm_nodes,15,0.012312,0.0,
2380,pittsburgh,1,1,osm_nodes,15,0.0118,0.0007,
2381,pittsburgh,1,0,osm_nodes,15,0.011741,0.0008,
2382,pittsburgh,1,0,osm_nodes,11,0.003131,0.0108,
2383,pittsburgh,1,0,osm_nodes,8,0.001161,0.0108,
2384,pittsburgh,0,0,osm_nodes,9,0.001598,0.0108,
2385,pittsburgh,0,0,osm_nodes,8,0.002027,0.0,
2386,pittsburgh,0,0,osm_nodes,11,0.002027,0.0,
2387,pittsburgh,0,0,osm_nodes,8,0.002066,0.0,
2388,pittsburgh,0,0,osm_nodes,9,0.009234,0.0,
2389,pittsburgh,0,0,osm_nodes,12,0.002117,0.0,
2390,pittsburgh,1,1,osm_nodes,27,0.018983,0.211,
2391,pittsburgh,1,1,osm_nodes,29,0.019642,0.2431,
2392,pittsburgh,0,0,osm_nodes,11,0.003335,0.0,
2393,pittsburgh,1,1,osm_nodes,24,0.01848,0.2045,
2394,pittsburgh,1,0,osm_nodes,55,0.027229,0.2818,
2395,pittsburgh,1,0,osm_nodes,55,0.0272,0.2824,
2396,pittsburgh,1,0,osm_nodes,55,0.027363,0.2727,
2397,pittsburgh,1,0,osm_nodes,53,0.027434,0.2652,
2398,pittsburgh,1,0,osm_nodes,61,0.028462,0.2838,
2399,pittsburgh,1,0,osm_nodes,61,0.028468,0.2844,
2400,pittsburgh,1,0,osm_nodes,9,0.00836,0.0,
2401,pittsburgh,1,1,osm_nodes,51,0.02684,0.1761,
2402,pittsburgh,1,0,osm_nodes,9,0.009064,0.0,
2403,pittsburgh,1,1,osm_nodes,55,0.029135,0.2571,
2404,pittsburgh,1,1,osm_nodes,54,0.028919,0.2233,
2405,pittsburgh,1,0,osm_nodes,48,0.027415,0.2679,
2406,pittsburgh,1,0,osm_nodes,18,0.00708,0.0,
2407,pittsburgh,1,1,osm_nodes,54,0.028516,0.1888,
2408,pittsburgh,1,0,osm_nodes,57,0.030228,0.2696,
2409,pittsburgh,1,1,osm_nodes,59,0.026557,0.1541,
2410,pittsburgh,1,0,osm_nodes,7,0.003867,0.0,
2411,pittsburgh,1,1,osm_nodes,57,0.030789,0.2546,
2412,pittsburgh,1,1,osm_nodes,60,0.027106,0.1594,
2413,pittsburgh,1,0,osm_nodes,57,0.026087,0.1509,
2414,pittsburgh,1,0,osm_nodes,58,0.025962,0.1428,
2415,pittsburgh,1,0,osm_nodes,59,0.02607,0.1411,
2416,pittsburgh,0,0,osm_nodes,20,0.009302,0.0027,
2417,pittsburgh,1,0,osm_nodes,60,0.028502,0.1674,
2418,pittsburgh,1,0,osm_nodes,59,0.026409,0.1641,
2419,pittsburgh,1,0,osm_nodes,60,0.024883,0.1171,
2420,pittsburgh,1,0,osm_nodes,13,0.010082,0.0027,
2421,pittsburgh,1,0,osm_nodes,60,0.021694,0.0723,
2422,pittsburgh,1,0,osm_nodes,12,0.009952,0.0027,
2423,pittsburgh,1,1,osm_nodes,47,0.018558,0.1323,
2424,pittsburgh,1,1,osm_nodes,62,0.029102,0.2283,
2425,pittsburgh,1,1,osm_nodes,47,0.018541,0.1298,
2426,pittsburgh,1,1,osm_nodes,59,0.021876,0.0782,
2427,pittsburgh,1,1,osm_nodes,60,0.03037,0.3063,
2428,pittsburgh,1,1,osm_nodes,47,0.019449,0.1045,
2429,pittsburgh,1,1,osm_nodes,47,0.019336,0.1053,
2430,pittsburgh,1,1,osm_nodes,47,0.019497,0.1023,
2431,pittsburgh,1,1,osm_nodes,18,0.010087,0.0,
2432,pittsburgh,1,1,osm_nodes,55,0.028793,0.2256,
2433,pittsburgh,1,1,osm_nodes,18,0.009444,0.0,
2434,pittsburgh,1,1,osm_nodes,18,0.009712,0.0,
2435,pittsburgh,1,1,osm_nodes,18,0.009596,0.0,
2436,pittsburgh,1,1,osm_nodes,59,0.029699,0.2918,
2437,pittsburgh,1,1,osm_nodes,61,0.030394,0.2996,
2438,pittsburgh,1,1,osm_nodes,17,0.009936,0.0,
2439,pittsburgh,1,1,osm_nodes,17,0.010737,0.0,
2440,pittsburgh,1,1,osm_nodes,53,0.029953,0.4231,
2441,pittsburgh,1,0,osm_nodes,5,0.006698,0.0,
2442,pittsburgh,1,1,osm_nodes,56,0.029422,0.4036,
2443,pittsburgh,1,1,osm_nodes,56,0.030307,0.409,
2444,pittsburgh,1,1,osm_nodes,53,0.030591,0.4327,
2445,pittsburgh,1,1,osm_nodes,53,0.031154,0.4284,
2446,pittsburgh,1,0,osm_nodes,53,0.030537,0.4276,
2447,pittsburgh,1,0,osm_nodes,53,0.030571,0.4279,
2448,pittsburgh,1,0,osm_nodes,52,0.030971,0.4314,
2449,pittsburgh,1,0,osm_nodes,53,0.030291,0.4253,
2450,pittsburgh,1,0,osm_nodes,36,0.018187,0.1796,
2451,pittsburgh,1,0,osm_nodes,52,0.030324,0.425,
2452,pittsburgh,1,0,osm_nodes,53,0.030906,0.4155,
2453,pittsburgh,1,0,osm_nodes,53,0.030941,0.4164,
2454,pittsburgh,1,0,osm_nodes,36,0.017609,0.2114,
2455,pittsburgh,1,0,osm_nodes,46,0.028573,0.3561,
2456,pittsburgh,1,0,osm_nodes,37,0.018659,0.2259,
2457,pittsburgh,1,0,osm_nodes,53,0.027593,0.3068,
2458,pittsburgh,1,0,osm_nodes,50,0.027354,0.296,
2459,pittsburgh,1,0,osm_nodes,46,0.026417,0.28,
2460,pittsburgh,1,0,osm_nodes,31,0.016031,0.209,
2461,pittsburgh,1,0,osm_nodes,31,0.017131,0.2285,
2462,pittsburgh,1,1,osm_nodes,41,0.024677,0.2808,
2463,pittsburgh,0,0,osm_nodes,33,0.017687,0.0658,
2464,pittsburgh,1,1,osm_nodes,33,0.021099,0.3123,
2465,pittsburgh,1,1,osm_nodes,32,0.020943,0.3155,
2466,pittsburgh,0,0,osm_nodes,27,0.01212,0.1058,
2467,pittsburgh,1,1,osm_nodes,40,0.023079,0.3307,
2468,pittsburgh,1,1,osm_nodes,38,0.023112,0.3357,
2469,pittsburgh,1,1,osm_nodes,35,0.022434,0.3305,
2470,pittsburgh,1,0,osm_nodes,29,0.012256,0.1541,
2471,pittsburgh,1,0,osm_nodes,34,0.025083,0.3063,
2472,pittsburgh,1,1,osm_nodes,42,0.022379,0.2243,
2473,pittsburgh,1,1,osm_nodes,43,0.023965,0.2004,
2474,pittsburgh,1,1,osm_nodes,42,0.022356,0.2462,
2475,pittsburgh,1,0,osm_nodes,27,0.010356,0.1616,
2476,pittsburgh,1,1,osm_nodes,43,0.023929,0.2951,
2477,pittsburgh,1,1,osm_nodes,44,0.02403,0.2953,
2478,pittsburgh,1,0,osm_nodes,13,0.005903,0.0134,
2479,pittsburgh,1,1,osm_nodes,39,0.025513,0.2886,
2480,pittsburgh,1,1,osm_nodes,42,0.026347,0.3,
2481,pittsburgh,1,1,osm_nodes,43,0.025772,0.2615,
2482,pittsburgh,1,1,osm_nodes,43,0.026483,0.2946,
2483,pittsburgh,1,0,osm_nodes,43,0.026663,0.2588,
2484,pittsburgh,1,1,osm_nodes,44,0.026852,0.2671,
2485,pittsburgh,1,1,osm_nodes,41,0.026514,0.0963,
2486,pittsburgh,1,1,osm_nodes,44,0.02706,0.2449,
2487,pittsburgh,1,1,osm_nodes,38,0.026073,0.0709,
2488,pittsburgh,1,1,osm_nodes,43,0.026789,0.1879,
2489,pittsburgh,1,1,osm_nodes,43,0.02673,0.1483,
2490,pittsburgh,1,1,osm_nodes,43,0.026714,0.1694,
2491,pittsburgh,1,1,osm_nodes,40,0.026374,0.1367,
2492,pittsburgh,1,0,osm_nodes,59,0.027788,0.2833,
2493,pittsburgh,1,0,osm_nodes,63,0.028332,0.2864,
2494,pittsburgh,1,0,osm_nodes,18,0.020668,0.0,
2495,pittsburgh,1,1,osm_nodes,52,0.028765,0.3452,
2496,pittsburgh,1,1,osm_nodes,56,0.029189,0.328,
2497,pittsburgh,1,1,osm_nodes,53,0.028794,0.3516,
2498,pittsburgh,1,1,osm_nodes,56,0.029129,0.3258,
2499,pittsburgh,1,0,osm_nodes,18,0.021391,0.0,
2500,pittsburgh,1,1,osm_nodes,56,0.029164,0.3359,
2501,pittsburgh,1,0,osm_nodes,28,0.011614,0.091,
2502,pittsburgh,1,1,osm_nodes,44,0.029252,0.3792,
2503,pittsburgh,1,1,osm_nodes,49,0.02984,0.3488,
2504,pittsburgh,1,0,osm_nodes,23,0.021726,0.0,
2505,pittsburgh,1,0,osm_nodes,25,0.021911,0.0,
2506,pittsburgh,1,0,osm_nodes,25,0.021962,0.0,
2507,pittsburgh,1,0,osm_nodes,40,0.016955,0.2185,
2508,pittsburgh,1,1,osm_nodes,54,0.031311,0.3631,
2509,pittsburgh,1,1,osm_nodes,48,0.029762,0.3366,
2510,pittsburgh,1,1,osm_nodes,48,0.030083,0.3318,
2511,pittsburgh,1,1,osm_nodes,59,0.032094,0.3375,
2512,pittsburgh,1,0,osm_nodes,35,0.024163,0.0,
2513,pittsburgh,1,1,osm_nodes,63,0.032269,0.4456,
2514,pittsburgh,1,1,osm_nodes,63,0.032118,0.4775,
2515,pittsburgh,1,1,osm_nodes,67,0.032572,0.4296,
2516,pittsburgh,1,1,osm_nodes,64,0.031904,0.5065,
2517,pittsburgh,1,0,osm_nodes,41,0.019114,0.0009,
2518,pittsburgh,1,1,osm_nodes,67,0.032226,0.5126,
2519,pittsburgh,1,1,osm_nodes,63,0.031017,0.5506,
2520,pittsburgh,0,1,osm_nodes,28,0.01148,0.0364,
2521,pittsburgh,1,0,osm_nodes,38,0.02106,0.0061,
2522,pittsburgh,1,1,osm_nodes,61,0.029456,0.5732,
2523,pittsburgh,1,0,osm_nodes,40,0.021574,0.0057,
2524,pittsburgh,1,1,osm_nodes,59,0.029596,0.5682,
2525,pittsburgh,1,0,osm_nodes,40,0.018975,0.0,
2526,pittsburgh,1,1,osm_nodes,32,0.013591,0.0324,
2527,pittsburgh,1,0,osm_nodes,57,0.029789,0.5863,
2528,pittsburgh,1,0,osm_nodes,40,0.02263,0.0,
2529,pittsburgh,1,1,osm_nodes,24,0.010621,0.039,
2530,pittsburgh,1,1,osm_nodes,77,0.035278,0.4172,
2531,pittsburgh,1,1,osm_nodes,24,0.010381,0.042,
2532,pittsburgh,1,1,osm_nodes,26,0.011543,0.0415,
2533,pittsburgh,1,0,osm_nodes,33,0.013723,0.0846,
2534,pittsburgh,1,1,osm_nodes,76,0.03476,0.3919,
2535,pittsburgh,1,1,osm_nodes,75,0.034949,0.4975,
2536,pittsburgh,1,1,osm_nodes,24,0.010824,0.0592,
2537,pittsburgh,1,1,osm_nodes,75,0.034873,0.4802,
2538,pittsburgh,1,1,osm_nodes,34,0.01994,0.0,
2539,pittsburgh,1,0,osm_nodes,69,0.032384,0.592,
2540,pittsburgh,1,0,osm_nodes,70,0.032953,0.6154,
2541,pittsburgh,1,1,osm_nodes,35,0.019816,0.0,
2542,pittsburgh,1,0,osm_nodes,39,0.021967,0.0,
2543,pittsburgh,1,1,osm_nodes,78,0.036334,0.4083,
2544,pittsburgh,1,1,osm_nodes,80,0.03697,0.3415,
2545,pittsburgh,1,0,osm_nodes,54,0.027181,0.2033,
2546,pittsburgh,1,1,osm_nodes,72,0.035927,0.318,
2547,pittsburgh,1,1,osm_nodes,72,0.036152,0.3526,
2548,pittsburgh,1,1,osm_nodes,34,0.019592,0.0032,
2549,pittsburgh,1,1,osm_nodes,73,0.036585,0.3427,
2550,pittsburgh,1,0,osm_nodes,79,0.037325,0.7427,
2551,pittsburgh,1,0,osm_nodes,41,0.022388,0.2249,
2552,pittsburgh,1,1,osm_nodes,75,0.037026,0.3985,
2553,pittsburgh,1,0,osm_nodes,82,0.038189,0.7111,
2554,pittsburgh,1,0,osm_nodes,59,0.030448,0.2946,
2555,pittsburgh,1,1,osm_nodes,74,0.035519,0.4341,
2556,pittsburgh,1,0,osm_nodes,27,0.017845,0.1602,
2557,pittsburgh,1,0,osm_nodes,27,0.017827,0.1619,
2558,pittsburgh,1,0,osm_nodes,85,0.038263,0.7166,
2559,pittsburgh,1,0,osm_nodes,52,0.025585,0.2411,
2560,pittsburgh,1,0,osm_nodes,29,0.01757,0.1631,
2561,pittsburgh,1,0,osm_nodes,75,0.037713,0.3085,
2562,pittsburgh,1,0,osm_nodes,59,0.029051,0.2437,
2563,pittsburgh,1,0,osm_nodes,56,0.026833,0.2408,
2564,pittsburgh,1,0,osm_nodes,72,0.036851,0.3411,
2565,pittsburgh,1,0,osm_nodes,78,0.037964,0.3516,
2566,pittsburgh,1,0,osm_nodes,57,0.027703,0.2392,
2567,pittsburgh,1,0,osm_nodes,72,0.036942,0.3622,
2568,pittsburgh,1,0,osm_nodes,80,0.037983,0.363,
2569,pittsburgh,1,0,osm_nodes,75,0.037241,0.3728,
2570,pittsburgh,1,0,osm_nodes,75,0.036727,0.4007,
2571,pittsburgh,1,0,osm_nodes,69,0.037072,0.4443,
2572,pittsburgh,1,0,osm_nodes,26,0.015877,0.2791,
2573,pittsburgh,1,0,osm_nodes,27,0.015705,0.2104,
2574,pittsburgh,1,0,osm_nodes,69,0.037669,0.4829,
2575,pittsburgh,1,1,osm_nodes,66,0.029488,0.2794,
2576,pittsburgh,1,0,osm_nodes,45,0.030527,0.0716,
2577,pittsburgh,1,1,osm_nodes,63,0.029675,0.2589,
2578,pittsburgh,1,0,osm_nodes,51,0.025214,0.3065,
2579,pittsburgh,1,1,osm_nodes,64,0.028839,0.2642,
2580,pittsburgh,1,1,osm_nodes,66,0.030113,0.2388,
2581,pittsburgh,1,0,osm_nodes,64,0.038665,0.6075,
2582,pittsburgh,1,0,osm_nodes,45,0.0307,0.06,
2583,pittsburgh,1,0,osm_nodes,41,0.023052,0.3321,
2584,pittsburgh,1,0,osm_nodes,10,0.011837,0.1985,
2585,pittsburgh,1,0,osm_nodes,10,0.013015,0.1894,
2586,pittsburgh,1,0,osm_nodes,48,0.033321,0.269,
2587,pittsburgh,1,0,osm_nodes,48,0.032979,0.2315,
2588,pittsburgh,1,0,osm_nodes,65,0.031935,0.1569,
2589,pittsburgh,1,0,osm_nodes,47,0.031414,0.1147,
2590,pittsburgh,1,0,osm_nodes,10,0.012965,0.1954,
2591,pittsburgh,1,0,osm_nodes,102,0.041354,0.4705,
2592,pittsburgh,1,0,osm_nodes,43,0.022224,0.3739,
2593,pittsburgh,1,0,osm_nodes,103,0.041024,0.5171,
2594,pittsburgh,1,0,osm_nodes,103,0.040987,0.5146,
2595,pittsburgh,1,0,osm_nodes,49,0.031825,0.1156,
2596,pittsburgh,1,0,osm_nodes,70,0.03355,0.1533,
2597,pittsburgh,1,0,osm_nodes,101,0.041119,0.4649,
2598,pittsburgh,1,0,osm_nodes,105,0.041272,0.508,
2599,pittsburgh,1,0,osm_nodes,61,0.037717,0.5059,
2600,pittsburgh,1,0,osm_nodes,53,0.027896,0.3054,
2601,pittsburgh,1,0,osm_nodes,70,0.033048,0.1191,
2602,pittsburgh,1,0,osm_nodes,55,0.03628,0.3532,
2603,pittsburgh,1,0,osm_nodes,55,0.034509,0.1151,
2604,pittsburgh,1,0,osm_nodes,30,0.016944,0.291,
2605,pittsburgh,1,0,osm_nodes,69,0.033014,0.1173,
2606,pittsburgh,1,0,osm_nodes,42,0.025118,0.4204,
2607,pittsburgh,1,0,osm_nodes,42,0.024484,0.4189,
2608,pittsburgh,1,0,osm_nodes,52,0.027655,0.2835,
2609,pittsburgh,1,0,osm_nodes,70,0.032446,0.098,
2610,pittsburgh,1,0,osm_nodes,50,0.026948,0.3153,
2611,pittsburgh,1,0,osm_nodes,66,0.031369,0.1572,
2612,pittsburgh,1,0,osm_nodes,50,0.026836,0.3267,
2613,pittsburgh,1,0,osm_nodes,55,0.029857,0.0562,
2614,pittsburgh,1,0,osm_nodes,63,0.030345,0.1617,
2615,pittsburgh,1,0,osm_nodes,41,0.0207,0.2705,
2616,pittsburgh,1,0,osm_nodes,48,0.023984,0.2117,
2617,pittsburgh,1,0,osm_nodes,98,0.0407,0.5954,
2618,pittsburgh,1,0,osm_nodes,96,0.040101,0.5997,
2619,pittsburgh,1,0,osm_nodes,71,0.039328,0.2449,
2620,pittsburgh,1,0,osm_nodes,73,0.037267,0.0639,
2621,pittsburgh,1,0,osm_nodes,58,0.029328,0.0707,
2622,pittsburgh,1,0,osm_nodes,57,0.029901,0.0641,
2623,pittsburgh,1,0,osm_nodes,64,0.032213,0.0209,
2624,pittsburgh,1,0,osm_nodes,66,0.032562,0.0202,
2625,pittsburgh,1,0,osm_nodes,98,0.039691,0.5929,
2626,pittsburgh,1,0,osm_nodes,74,0.036837,0.0669,
2627,pittsburgh,1,0,osm_nodes,46,0.027793,0.1335,
2628,pittsburgh,1,0,osm_nodes,95,0.039061,0.5777,
2629,pittsburgh,1,0,osm_nodes,91,0.040354,0.5429,
2630,pittsburgh,1,0,osm_nodes,13,0.01348,0.1637,
2631,pittsburgh,1,0,osm_nodes,78,0.03911,0.0759,
2632,pittsburgh,1,0,osm_nodes,13,0.014233,0.1578,
2633,pittsburgh,1,0,osm_nodes,44,0.027723,0.1761,
2634,pittsburgh,1,0,osm_nodes,10,0.012431,0.1854,
2635,pittsburgh,1,0,osm_nodes,98,0.038117,0.5402,
2636,pittsburgh,1,0,osm_nodes,13,0.014671,0.154,
2637,pittsburgh,1,0,osm_nodes,95,0.037905,0.5163,
2638,pittsburgh,1,0,osm_nodes,93,0.037824,0.5291,
2639,pittsburgh,1,0,osm_nodes,42,0.027235,0.1551,
2640,pittsburgh,1,0,osm_nodes,51,0.029418,0.1912,
2641,pittsburgh,1,0,osm_nodes,51,0.029314,0.2224,
2642,pittsburgh,1,0,osm_nodes,54,0.029999,0.2765,
2643,pittsburgh,1,0,osm_nodes,86,0.041301,0.2443,
2644,pittsburgh,1,0,osm_nodes,54,0.029841,0.2706,
2645,pittsburgh,1,0,osm_nodes,99,0.044428,0.3964,
2646,pittsburgh,1,0,osm_nodes,88,0.040993,0.1937,
2647,pittsburgh,1,0,osm_nodes,78,0.034708,0.0222,
2648,pittsburgh,1,0,osm_nodes,99,0.044427,0.3689,
2649,pittsburgh,1,0,osm_nodes,18,0.006808,0.1738,
2650,pittsburgh,1,0,osm_nodes,89,0.04081,0.1462,
2651,pittsburgh,1,0,osm_nodes,75,0.032686,0.0531,
2652,pittsburgh,1,0,osm_nodes,18,0.006842,0.1447,
2653,pittsburgh,1,0,osm_nodes,88,0.041215,0.3036,
2654,pittsburgh,1,0,osm_nodes,84,0.040316,0.1128,
2655,pittsburgh,1,0,osm_nodes,96,0.041949,0.2165,
2656,pittsburgh,1,0,osm_nodes,77,0.034692,0.0527,
2657,pittsburgh,1,0,osm_nodes,66,0.031377,0.0884,
2658,pittsburgh,1,0,osm_nodes,66,0.030992,0.0989,
2659,pittsburgh,1,0,osm_nodes,74,0.033106,0.0578,
2660,pittsburgh,1,0,osm_nodes,87,0.039014,0.1249,
2661,pittsburgh,1,0,osm_nodes,77,0.034821,0.0725,
2662,pittsburgh,1,0,osm_nodes,78,0.034801,0.0691,
2663,pittsburgh,1,0,osm_nodes,78,0.034556,0.065,
2664,pittsburgh,1,0,osm_nodes,46,0.025984,0.502,
2665,pittsburgh,1,0,osm_nodes,78,0.034409,0.0637,
2666,pittsburgh,1,0,osm_nodes,48,0.026476,0.4941,
2667,pittsburgh,1,0,osm_nodes,53,0.028736,0.453,
2668,pittsburgh,1,0,osm_nodes,90,0.038519,0.1785,
2669,pittsburgh,0,0,osm_nodes,34,0.011866,0.1212,
2670,pittsburgh,1,0,osm_nodes,46,0.023653,0.5234,
2671,pittsburgh,1,0,osm_nodes,76,0.034539,0.1158,
2672,pittsburgh,1,0,osm_nodes,47,0.023807,0.5198,
2673,pittsburgh,1,0,osm_nodes,66,0.030782,0.0674,
2674,pittsburgh,1,0,osm_nodes,71,0.031129,0.4356,
2675,pittsburgh,1,0,osm_nodes,78,0.034498,0.1217,
2676,pittsburgh,1,0,osm_nodes,94,0.038969,0.1509,
2677,pittsburgh,1,0,osm_nodes,46,0.023169,0.5326,
2678,pittsburgh,1,0,osm_nodes,70,0.030632,0.4425,
2679,pittsburgh,1,0,osm_nodes,7,0.013168,0.2328,
2680,pittsburgh,1,0,osm_nodes,48,0.025187,0.5236,
2681,pittsburgh,1,0,osm_nodes,72,0.030774,0.4177,
2682,pittsburgh,1,0,osm_nodes,7,0.012729,0.2583,
2683,pittsburgh,1,0,osm_nodes,56,0.029917,0.4391,
2684,pittsburgh,1,0,osm_nodes,47,0.023378,0.5247,
2685,pittsburgh,1,0,osm_nodes,52,0.026429,0.5137,
2686,pittsburgh,1,0,osm_nodes,47,0.022415,0.374,
2687,pittsburgh,1,0,osm_nodes,10,0.012794,0.297,
2688,pittsburgh,1,0,osm_nodes,60,0.030777,0.4408,
2689,pittsburgh,1,0,osm_nodes,9,0.012315,0.2346,
2690,pittsburgh,1,1,osm_nodes,42,0.021334,0.3654,
2691,pittsburgh,1,0,osm_nodes,61,0.027232,0.2271,
2692,pittsburgh,1,1,osm_nodes,95,0.039454,0.1417,
2693,pittsburgh,1,0,osm_nodes,9,0.012168,0.2626,
2694,pittsburgh,1,0,osm_nodes,52,0.023893,0.2518,
2695,pittsburgh,1,0,osm_nodes,56,0.024389,0.2425,
2696,pittsburgh,1,0,osm_nodes,78,0.035134,0.2183,
2697,pittsburgh,1,1,osm_nodes,45,0.021724,0.2954,
2698,pittsburgh,1,0,osm_nodes,79,0.031236,0.2808,
2699,pittsburgh,1,0,osm_nodes,81,0.033556,0.1704,
2700,pittsburgh,1,0,osm_nodes,81,0.03344,0.1674,
2701,pittsburgh,1,0,osm_nodes,91,0.036744,0.0805,
2702,pittsburgh,1,0,osm_nodes,82,0.035366,0.169,
2703,pittsburgh,1,0,osm_nodes,33,0.016175,0.3374,
2704,pittsburgh,1,0,osm_nodes,33,0.01627,0.336,
2705,pittsburgh,1,0,osm_nodes,33,0.015833,0.339,
2706,pittsburgh,1,0,osm_nodes,84,0.035349,0.1505,
2707,pittsburgh,1,0,osm_nodes,74,0.030615,0.2313,
2708,pittsburgh,1,0,osm_nodes,83,0.035695,0.1158,
2709,pittsburgh,1,0,osm_nodes,86,0.033912,0.1182,
2710,pittsburgh,1,0,osm_nodes,51,0.02379,0.3584,
2711,pittsburgh,1,0,osm_nodes,52,0.024323,0.3699,
2712,pittsburgh,1,0,osm_nodes,82,0.037542,0.1952,
2713,pittsburgh,1,0,osm_nodes,85,0.034488,0.1318,
2714,pittsburgh,1,0,osm_nodes,37,0.018843,0.3421,
2715,pittsburgh,1,0,osm_nodes,81,0.036207,0.1675,
2716,pittsburgh,1,0,osm_nodes,75,0.034593,0.3107,
2717,pittsburgh,1,0,osm_nodes,83,0.037305,0.1922,
2718,pittsburgh,1,0,osm_nodes,79,0.035826,0.2713,
2719,pittsburgh,1,0,osm_nodes,38,0.018536,0.3588,
2720,pittsburgh,1,0,osm_nodes,83,0.033234,0.1775,
2721,pittsburgh,1,0,osm_nodes,40,0.019614,0.297,
2722,pittsburgh,1,0,osm_nodes,46,0.022341,0.3017,
2723,pittsburgh,1,0,osm_nodes,45,0.022896,0.3036,
2724,pittsburgh,1,0,osm_nodes,77,0.031386,0.127,
2725,pittsburgh,1,0,osm_nodes,46,0.023176,0.2988,
2726,pittsburgh,1,0,osm_nodes,52,0.025041,0.3236,
2727,pittsburgh,1,0,osm_nodes,42,0.019237,0.2642,
2728,pittsburgh,1,0,osm_nodes,74,0.033478,0.277,
2729,pittsburgh,1,0,osm_nodes,86,0.034775,0.1406,
2730,pittsburgh,1,0,osm_nodes,89,0.037684,0.171,
2731,pittsburgh,1,0,osm_nodes,87,0.035096,0.156,
2732,pittsburgh,1,0,osm_nodes,89,0.037995,0.1898,
2733,pittsburgh,1,0,osm_nodes,81,0.036732,0.1989,
2734,pittsburgh,1,0,osm_nodes,85,0.036886,0.1698,
2735,pittsburgh,1,0,osm_nodes,45,0.021009,0.2408,
2736,pittsburgh,1,0,osm_nodes,84,0.036861,0.1733,
2737,pittsburgh,1,0,osm_nodes,84,0.036556,0.1689,
2738,pittsburgh,1,0,osm_nodes,79,0.034719,0.2077,
2739,pittsburgh,1,0,osm_nodes,79,0.031285,0.2066,
2740,pittsburgh,1,0,osm_nodes,49,0.02282,0.201,
2741,pittsburgh,1,0,osm_nodes,82,0.035863,0.2067,
2742,pittsburgh,1,0,osm_nodes,86,0.036373,0.2007,
2743,pittsburgh,1,0,osm_nodes,74,0.032571,0.2243,
2744,pittsburgh,1,0,osm_nodes,62,0.028961,0.2765,
2745,pittsburgh,1,0,osm_nodes,64,0.030915,0.1736,
2746,pittsburgh,1,0,osm_nodes,53,0.023426,0.43,
2747,pittsburgh,1,0,osm_nodes,62,0.026398,0.1936,
2748,pittsburgh,1,0,osm_nodes,61,0.025956,0.2016,
2749,pittsburgh,1,0,osm_nodes,56,0.024479,0.4331,
2750,pittsburgh,1,0,osm_nodes,69,0.031205,0.2404,
2751,pittsburgh,1,0,osm_nodes,54,0.023449,0.4203,
2752,pittsburgh,1,0,osm_nodes,53,0.026752,0.2232,
2753,pittsburgh,1,0,osm_nodes,69,0.030759,0.2377,
2754,pittsburgh,1,0,osm_nodes,60,0.026037,0.1853,
2755,pittsburgh,1,0,osm_nodes,69,0.03021,0.2359,
2756,pittsburgh,1,0,osm_nodes,53,0.025509,0.1814,
2757,pittsburgh,1,0,osm_nodes,60,0.026969,0.1495,
2758,pittsburgh,1,0,osm_nodes,53,0.024992,0.1432,
2759,pittsburgh,1,0,osm_nodes,53,0.025872,0.2409,
2760,pittsburgh,1,0,osm_nodes,54,0.025098,0.2076,
2761,pittsburgh,1,0,osm_nodes,51,0.0235,0.1992,
2762,pittsburgh,1,0,osm_nodes,54,0.025517,0.1921,
2763,pittsburgh,1,0,osm_nodes,46,0.022229,0.1938,
2764,pittsburgh,1,1,osm_nodes,52,0.025725,0.194,
2765,pittsburgh,1,0,osm_nodes,51,0.025555,0.1727,
2766,pittsburgh,1,0,osm_nodes,38,0.019425,0.1538,
2767,pittsburgh,1,0,osm_nodes,52,0.025819,0.1194,
2768,pittsburgh,1,0,osm_nodes,35,0.018666,0.1427,
2769,pittsburgh,1,0,osm_nodes,33,0.01691,0.1283,
2770,pittsburgh,1,0,osm_nodes,52,0.027289,0.1085,
2771,pittsburgh,1,0,osm_nodes,50,0.026889,0.1043,
2772,pittsburgh,1,1,osm_nodes,50,0.025513,0.1965,
2773,pittsburgh,1,1,osm_nodes,48,0.0253,0.2174,
2774,pittsburgh,1,0,osm_nodes,67,0.026475,0.4062,
2775,pittsburgh,1,0,osm_nodes,63,0.026468,0.429,
2776,pittsburgh,1,1,osm_nodes,46,0.024556,0.2282,
2777,pittsburgh,1,0,osm_nodes,46,0.023704,0.2396,
2778,pittsburgh,1,0,osm_nodes,44,0.022676,0.342,
2779,pittsburgh,1,1,osm_nodes,25,0.021972,0.2592,
2780,pittsburgh,1,1,osm_nodes,25,0.02201,0.2599,
2781,pittsburgh,1,0,osm_nodes,3,0.003859,0.0573,
2782,pittsburgh,1,0,osm_nodes,2,0.002815,0.0,
2783,pittsburgh,1,0,osm_nodes,23,0.025024,0.3165,
2784,pittsburgh,1,0,osm_nodes,21,0.021662,0.2196,
2785,pittsburgh,1,0,osm_nodes,21,0.022673,0.2,
2786,pittsburgh,1,0,osm_nodes,4,0.014991,0.1716,
2787,pittsburgh,1,0,osm_nodes,4,0.01497,0.1836,
2788,pittsburgh,1,1,osm_nodes,20,0.026071,0.2035,
2789,pittsburgh,1,1,osm_nodes,21,0.02635,0.2091,
2790,pittsburgh,1,1,osm_nodes,15,0.022538,0.2217,
2791,pittsburgh,1,1,osm_nodes,13,0.022314,0.217,
2792,pittsburgh,1,1,osm_nodes,14,0.02119,0.2148,
2793,pittsburgh,1,0,osm_nodes,18,0.022765,0.3055,
2794,pittsburgh,1,0,osm_nodes,15,0.018155,0.2059,
2795,pittsburgh,1,0,osm_nodes,16,0.022292,0.293,
2796,pittsburgh,1,0,osm_nodes,15,0.017208,0.2202,
2797,pittsburgh,1,0,osm_nodes,15,0.017176,0.2231,
2798,pittsburgh,1,0,osm_nodes,20,0.02356,0.3046,
2799,pittsburgh,1,0,osm_nodes,19,0.022922,0.2802,
2800,pittsburgh,1,1,osm_nodes,14,0.012101,0.0,
2801,pittsburgh,1,1,osm_nodes,16,0.012407,0.0,
2802,pittsburgh,1,1,osm_nodes,15,0.012174,0.0016,
2803,pittsburgh,1,0,osm_nodes,12,0.012166,0.0024,
2804,pittsburgh,1,0,osm_nodes,8,0.011537,0.027,
2805,pittsburgh,1,0,osm_nodes,7,0.011329,0.054,
2806,pittsburgh,1,0,osm_nodes,12,0.017818,0.2019,
2807,pittsburgh,1,0,osm_nodes,6,0.007897,0.0056,
2808,pittsburgh,1,0,osm_nodes,6,0.008019,0.0248,
2809,pittsburgh,1,0,osm_nodes,6,0.007523,0.0102,
2810,pittsburgh,1,0,osm_nodes,9,0.017179,0.1969,
2811,pittsburgh,1,0,osm_nodes,30,0.018885,0.3045,
2812,pittsburgh,1,0,osm_nodes,28,0.018878,0.2749,
2813,pittsburgh,1,0,osm_nodes,28,0.018962,0.2572,
2814,pittsburgh,1,0,osm_nodes,33,0.020106,0.2814,
2815,pittsburgh,1,0,osm_nodes,33,0.020307,0.2585,
2816,pittsburgh,1,0,osm_nodes,26,0.019939,0.1937,
2817,pittsburgh,1,0,osm_nodes,27,0.020093,0.2266,
2818,pittsburgh,1,0,osm_nodes,25,0.019787,0.211,
2819,pittsburgh,1,0,osm_nodes,14,0.015092,0.1447,
2820,pittsburgh,1,0,osm_nodes,21,0.017988,0.1099,
2821,pittsburgh,1,0,osm_nodes,21,0.018092,0.105,
2822,pittsburgh,0,0,osm_nodes,20,0.017138,0.0539,
2823,pittsburgh,1,0,osm_nodes,24,0.019477,0.4572,
2824,pittsburgh,1,0,osm_nodes,15,0.017654,0.2217,
2825,pittsburgh,1,0,osm_nodes,16,0.017702,0.48,
2826,pittsburgh,1,0,osm_nodes,29,0.021928,0.4926,
2827,pittsburgh,1,0,osm_nodes,26,0.021966,0.486,
2828,pittsburgh,1,0,osm_nodes,15,0.018202,0.2245,
2829,pittsburgh,1,0,osm_nodes,27,0.021396,0.4345,
2830,pittsburgh,1,0,osm_nodes,13,0.017137,0.2215,
2831,pittsburgh,1,0,osm_nodes,19,0.01552,0.0358,
2832,pittsburgh,1,0,osm_nodes,13,0.017227,0.2179,
2833,pittsburgh,1,0,osm_nodes,26,0.021316,0.4504,
2834,pittsburgh,1,0,osm_nodes,28,0.021294,0.4472,
2835,pittsburgh,1,0,osm_nodes,16,0.01929,0.4621,
2836,pittsburgh,1,0,osm_nodes,15,0.017686,0.4662,
2837,pittsburgh,1,0,osm_nodes,24,0.019551,0.4422,
2838,pittsburgh,1,0,osm_nodes,35,0.021788,0.3788,
2839,pittsburgh,1,0,osm_nodes,20,0.017265,0.0363,
2840,pittsburgh,1,0,osm_nodes,21,0.020527,0.0963,
2841,pittsburgh,0,0,osm_nodes,19,0.017822,0.0609,
2842,pittsburgh,1,0,osm_nodes,18,0.020132,0.0935,
2843,pittsburgh,1,0,osm_nodes,18,0.019829,0.1245,
2844,pittsburgh,1,0,osm_nodes,21,0.019623,0.1291,
2845,pittsburgh,1,0,osm_nodes,18,0.020371,0.1251,
2846,pittsburgh,1,0,osm_nodes,22,0.019252,0.1305,
2847,pittsburgh,1,0,osm_nodes,18,0.019772,0.1267,
2848,pittsburgh,1,0,osm_nodes,23,0.018692,0.1672,
2849,pittsburgh,1,0,osm_nodes,21,0.018406,0.1467,
2850,pittsburgh,1,0,osm_nodes,16,0.013725,0.1373,
2851,pittsburgh,1,0,osm_nodes,12,0.01309,0.137,
2852,pittsburgh,1,0,osm_nodes,12,0.014035,0.1527,
2853,pittsburgh,1,0,osm_nodes,12,0.012926,0.1472,
2854,pittsburgh,1,0,osm_nodes,12,0.013827,0.1518,
2855,pittsburgh,1,0,osm_nodes,10,0.013454,0.1537,
2856,pittsburgh,1,0,osm_nodes,21,0.021364,0.1851,
2857,pittsburgh,1,0,osm_nodes,21,0.021347,0.1507,
2858,pittsburgh,1,0,osm_nodes,22,0.0213,0.1762,
2859,pittsburgh,1,0,osm_nodes,23,0.021257,0.1533,
2860,pittsburgh,1,0,osm_nodes,20,0.018767,0.2385,
2861,pittsburgh,1,0,osm_nodes,20,0.019171,0.246,
2862,pittsburgh,1,0,osm_nodes,21,0.017285,0.2459,
2863,pittsburgh,1,0,osm_nodes,16,0.014166,0.2041,
2864,pittsburgh,1,0,osm_nodes,20,0.018524,0.2383,
2865,pittsburgh,1,0,osm_nodes,14,0.014371,0.2185,
2866,pittsburgh,1,0,osm_nodes,20,0.018939,0.2355,
2867,pittsburgh,1,0,osm_nodes,20,0.018889,0.2337,
2868,pittsburgh,1,0,osm_nodes,23,0.022707,0.1808,
2869,pittsburgh,1,0,osm_nodes,27,0.023824,0.1681,
2870,pittsburgh,1,0,osm_nodes,14,0.013657,0.2086,
2871,pittsburgh,1,0,osm_nodes,15,0.01472,0.2094,
2872,pittsburgh,1,0,osm_nodes,29,0.025608,0.2158,
2873,pittsburgh,1,0,osm_nodes,21,0.020616,0.2167,
2874,pittsburgh,1,0,osm_nodes,23,0.021017,0.217,
2875,pittsburgh,1,0,osm_nodes,23,0.021931,0.1769,
2876,pittsburgh,1,0,osm_nodes,25,0.023293,0.2349,
2877,pittsburgh,1,0,osm_nodes,27,0.02348,0.1677,
2878,pittsburgh,1,0,osm_nodes,28,0.025299,0.2305,
2879,pittsburgh,1,0,osm_nodes,26,0.024629,0.2328,
2880,pittsburgh,1,0,osm_nodes,22,0.02298,0.2289,
2881,pittsburgh,1,0,osm_nodes,23,0.024252,0.2444,
2882,pittsburgh,1,0,osm_nodes,23,0.024616,0.2411,
2883,pittsburgh,1,0,osm_nodes,16,0.02183,0.1962,
2884,pittsburgh,1,0,osm_nodes,16,0.021719,0.1935,
2885,pittsburgh,1,0,osm_nodes,18,0.022393,0.1933,
2886,pittsburgh,1,0,osm_nodes,16,0.021756,0.2022,
2887,pittsburgh,1,0,osm_nodes,18,0.022248,0.1868,
2888,pittsburgh,1,0,osm_nodes,13,0.021513,0.1943,
2889,pittsburgh,1,0,osm_nodes,11,0.021542,0.2135,
2890,pittsburgh,1,0,osm_nodes,12,0.021834,0.2126,
2891,pittsburgh,1,0,osm_nodes,13,0.022572,0.2036,
2892,pittsburgh,1,0,osm_nodes,7,0.01334,0.1075,
2893,pittsburgh,1,0,osm_nodes,5,0.008914,0.1079,
2894,pittsburgh,1,0,osm_nodes,38,0.02693,0.1842,
2895,pittsburgh,1,0,osm_nodes,37,0.027273,0.2016,
2896,pittsburgh,1,0,osm_nodes,39,0.027519,0.1949,
2897,pittsburgh,1,0,osm_nodes,26,0.022388,0.183,
2898,pittsburgh,1,0,osm_nodes,11,0.019557,0.0,
2899,pittsburgh,1,0,osm_nodes,32,0.024529,0.186,
2900,pittsburgh,1,0,osm_nodes,33,0.02716,0.2118,
2901,pittsburgh,1,0,osm_nodes,8,0.018876,0.0,
2902,pittsburgh,1,0,osm_nodes,9,0.01747,0.0,
2903,pittsburgh,1,0,osm_nodes,33,0.027181,0.2115,
2904,pittsburgh,1,0,osm_nodes,35,0.027593,0.2089,
2905,pittsburgh,1,0,osm_nodes,35,0.027609,0.2086,
2906,pittsburgh,1,0,osm_nodes,37,0.026911,0.1791,
2907,pittsburgh,1,0,osm_nodes,22,0.023134,0.1388,
2908,pittsburgh,1,0,osm_nodes,22,0.022912,0.157,
2909,pittsburgh,1,0,osm_nodes,38,0.027381,0.1755,
2910,pittsburgh,1,0,osm_nodes,33,0.027071,0.2247,
2911,pittsburgh,1,0,osm_nodes,32,0.026979,0.2226,
2912,pittsburgh,1,0,osm_nodes,35,0.027359,0.2269,
2913,pittsburgh,1,0,osm_nodes,35,0.027479,0.2225,
2914,pittsburgh,1,0,osm_nodes,35,0.026148,0.2489,
2915,pittsburgh,1,0,osm_nodes,36,0.026953,0.2548,
2916,pittsburgh,1,0,osm_nodes,31,0.024794,0.2734,
2917,pittsburgh,1,0,osm_nodes,32,0.024629,0.269,
2918,pittsburgh,1,0,osm_nodes,30,0.024785,0.1857,
2919,pittsburgh,1,0,osm_nodes,37,0.025923,0.2838,
2920,pittsburgh,1,0,osm_nodes,18,0.019747,0.0825,
2921,pittsburgh,1,0,osm_nodes,39,0.025474,0.283,
2922,pittsburgh,1,0,osm_nodes,11,0.012998,0.0,
2923,pittsburgh,1,0,osm_nodes,26,0.02266,0.1914,
2924,pittsburgh,1,0,osm_nodes,29,0.025795,0.2025,
2925,pittsburgh,1,0,osm_nodes,29,0.02583,0.2035,
2926,pittsburgh,1,0,osm_nodes,9,0.012479,0.0,
2927,pittsburgh,1,0,osm_nodes,24,0.02386,0.206,
2928,pittsburgh,1,0,osm_nodes,24,0.023862,0.2034,
2929,pittsburgh,1,1,osm_nodes,39,0.025548,0.3022,
2930,pittsburgh,1,0,osm_nodes,11,0.022596,0.0,
2931,pittsburgh,1,1,osm_nodes,41,0.025586,0.2988,
2932,pittsburgh,1,1,osm_nodes,36,0.023845,0.3015,
2933,pittsburgh,1,1,osm_nodes,36,0.023964,0.3042,
2934,pittsburgh,1,1,osm_nodes,34,0.023927,0.3013,
2935,pittsburgh,1,0,osm_nodes,46,0.025329,0.247,
2936,pittsburgh,1,1,osm_nodes,33,0.023332,0.3028,
2937,pittsburgh,1,1,osm_nodes,38,0.024011,0.2715,
2938,pittsburgh,1,1,osm_nodes,34,0.023358,0.2946,
2939,pittsburgh,1,0,osm_nodes,16,0.019253,0.1636,
2940,pittsburgh,1,1,osm_nodes,36,0.023261,0.2728,
2941,pittsburgh,1,1,osm_nodes,37,0.023235,0.2713,
2942,pittsburgh,1,0,osm_nodes,42,0.024129,0.2494,
2943,pittsburgh,1,1,osm_nodes,38,0.025393,0.2859,
2944,pittsburgh,1,1,osm_nodes,36,0.023193,0.2659,
2945,pittsburgh,1,0,osm_nodes,43,0.025789,0.212,
2946,pittsburgh,1,1,osm_nodes,38,0.025348,0.288,
2948,pittsburgh,1,0,osm_nodes,46,0.02582,0.192,
2950,pittsburgh,1,0,osm_nodes,40,0.024254,0.2139,
2951,pittsburgh,1,0,osm_nodes,18,0.021043,0.2049,
2952,pittsburgh,1,0,osm_nodes,42,0.024218,0.1998,
2954,pittsburgh,1,0,osm_nodes,18,0.021142,0.1995,
2955,pittsburgh,1,0,osm_nodes,19,0.020968,0.2135,
2956,pittsburgh,1,0,osm_nodes,19,0.020682,0.2053,
2957,pittsburgh,1,0,osm_nodes,20,0.022132,0.232,
2958,pittsburgh,1,0,osm_nodes,20,0.022094,0.2355,
2959,pittsburgh,1,0,osm_nodes,21,0.022103,0.2284,
2960,pittsburgh,1,0,osm_nodes,21,0.022104,0.2269,
2961,pittsburgh,1,0,osm_nodes,24,0.022527,0.2502,
2962,pittsburgh,1,0,osm_nodes,25,0.022502,0.2495,
2963,pittsburgh,1,0,osm_nodes,22,0.022528,0.2546,
2964,pittsburgh,1,0,osm_nodes,22,0.022507,0.2464,
2965,pittsburgh,1,0,osm_nodes,25,0.0226,0.2123,
2966,pittsburgh,1,0,osm_nodes,24,0.022556,0.2054,
2967,pittsburgh,1,0,osm_nodes,22,0.022595,0.2228,
2968,pittsburgh,1,0,osm_nodes,22,0.022599,0.2087,
2969,pittsburgh,1,0,osm_nodes,27,0.022617,0.2037,
2970,pittsburgh,1,0,osm_nodes,26,0.022622,0.2054,
2971,pittsburgh,1,0,osm_nodes,26,0.022635,0.2111,
2972,pittsburgh,1,0,osm_nodes,27,0.022631,0.2101,
2973,pittsburgh,1,0,osm_nodes,24,0.022642,0.213,
2974,pittsburgh,1,0,osm_nodes,25,0.023116,0.2089,
2975,pittsburgh,1,1,osm_nodes,10,0.017492,0.1755,
2976,pittsburgh,1,1,osm_nodes,9,0.017475,0.1761,
2977,pittsburgh,1,0,osm_nodes,11,0.017395,0.0672,
2978,pittsburgh,1,0,osm_nodes,28,0.023498,0.2052,
2979,pittsburgh,1,1,osm_nodes,12,0.018896,0.1799,
2980,pittsburgh,1,0,osm_nodes,17,0.022154,0.1872,
2981,pittsburgh,1,0,osm_nodes,10,0.016843,0.0201,
2982,pittsburgh,1,0,osm_nodes,18,0.021922,0.1956,
2983,pittsburgh,1,0,osm_nodes,21,0.022437,0.179,
2984,pittsburgh,1,0,osm_nodes,8,0.013529,0.035,
2985,pittsburgh,1,0,osm_nodes,28,0.024413,0.2108,
2986,pittsburgh,1,0,osm_nodes,8,0.013657,0.0423,
2987,pittsburgh,1,0,osm_nodes,28,0.024731,0.1967,
2988,pittsburgh,1,0,osm_nodes,29,0.024816,0.2183,
2989,pittsburgh,1,0,osm_nodes,31,0.025152,0.2096,
2990,pittsburgh,1,0,osm_nodes,30,0.025934,0.219,
2991,pittsburgh,1,0,osm_nodes,30,0.025944,0.2213,
2992,pittsburgh,1,0,osm_nodes,34,0.02665,0.2343,
2993,pittsburgh,1,0,osm_nodes,34,0.026638,0.2271,
2994,pittsburgh,1,0,osm_nodes,32,0.025995,0.2031,
2995,pittsburgh,1,0,osm_nodes,33,0.02645,0.2032,
2996,pittsburgh,1,0,osm_nodes,35,0.026719,0.1981,
2997,pittsburgh,1,0,osm_nodes,36,0.026715,0.1966,
2998,pittsburgh,1,0,osm_nodes,9,0.015903,0.0616,
2999,pittsburgh,1,0,osm_nodes,9,0.01508,0.0615,
3000,pittsburgh,1,0,osm_nodes,28,0.026325,0.1282,
3001,pittsburgh,1,0,osm_nodes,31,0.026216,0.1695,
3002,pittsburgh,1,0,osm_nodes,28,0.026261,0.1261,
3003,pittsburgh,1,0,osm_nodes,7,0.015274,0.0569,
3004,pittsburgh,1,0,osm_nodes,27,0.026256,0.1198,
3005,pittsburgh,1,0,osm_nodes,28,0.025577,0.1581,
3006,pittsburgh,1,0,osm_nodes,45,0.027864,0.2306,
3007,pittsburgh,1,0,osm_nodes,44,0.027866,0.2224,
3008,pittsburgh,1,0,osm_nodes,36,0.027706,0.2617,
3009,pittsburgh,1,0,osm_nodes,40,0.026817,0.229,
3010,pittsburgh,1,0,osm_nodes,41,0.027275,0.2073,
3011,pittsburgh,1,0,osm_nodes,39,0.02744,0.2246,
3012,pittsburgh,1,0,osm_nodes,15,0.01978,0.1736,
3013,pittsburgh,1,0,osm_nodes,41,0.027871,0.213,
3014,pittsburgh,1,0,osm_nodes,15,0.018763,0.1569,
3015,pittsburgh,1,0,osm_nodes,16,0.016164,0.1166,
3016,pittsburgh,1,0,osm_nodes,16,0.014792,0.0842,
3017,pittsburgh,1,0,osm_nodes,16,0.015125,0.085,
3018,pittsburgh,1,0,osm_nodes,17,0.01492,0.0509,
3019,pittsburgh,1,0,osm_nodes,18,0.014557,0.0407,
3020,pittsburgh,1,0,osm_nodes,17,0.014843,0.0443,
3021,pittsburgh,1,0,osm_nodes,1,0.00762,0.0,
3022,pittsburgh,1,0,osm_nodes,34,0.028524,0.2148,
3023,pittsburgh,1,0,osm_nodes,33,0.027462,0.2248,
3024,pittsburgh,1,0,osm_nodes,34,0.028621,0.2193,
3025,pittsburgh,1,0,osm_nodes,33,0.02782,0.2195,
3026,pittsburgh,1,0,osm_nodes,62,0.028738,0.2401,
3027,pittsburgh,1,0,osm_nodes,60,0.028502,0.2359,
3028,pittsburgh,1,0,osm_nodes,62,0.028856,0.2483,
3029,pittsburgh,1,0,osm_nodes,66,0.028457,0.2455,
3030,pittsburgh,1,0,osm_nodes,46,0.02049,0.2194,
3031,pittsburgh,1,0,osm_nodes,41,0.019534,0.2148,
3032,pittsburgh,1,0,osm_nodes,46,0.020641,0.2014,
3033,pittsburgh,1,0,osm_nodes,25,0.02185,0.188,
3034,pittsburgh,1,1,osm_nodes,12,0.014459,0.1216,
3035,pittsburgh,1,1,osm_nodes,14,0.013912,0.1075,
3036,pittsburgh,1,0,osm_nodes,27,0.022342,0.2063,
3037,pittsburgh,1,0,osm_nodes,16,0.016793,0.1378,
3038,pittsburgh,1,0,osm_nodes,27,0.022994,0.1951,
3039,pittsburgh,1,0,osm_nodes,32,0.022944,0.2129,
3040,pittsburgh,1,0,osm_nodes,13,0.015799,0.1442,
3041,pittsburgh,1,0,osm_nodes,29,0.023685,0.2019,
3042,pittsburgh,1,0,osm_nodes,13,0.016191,0.1465,
3043,pittsburgh,1,0,osm_nodes,13,0.016408,0.1469,
3044,pittsburgh,1,0,osm_nodes,29,0.02154,0.1963,
3045,pittsburgh,1,0,osm_nodes,33,0.022915,0.1969,
3046,pittsburgh,1,0,osm_nodes,27,0.019109,0.2128,
3047,pittsburgh,1,0,osm_nodes,28,0.02069,0.2216,
3048,pittsburgh,0,0,osm_nodes,1,0.0,0.0667,
3049,pittsburgh,1,0,osm_nodes,31,0.021863,0.2247,
3050,pittsburgh,0,0,osm_nodes,5,0.0,0.0593,
3051,pittsburgh,1,0,osm_nodes,15,0.011016,0.0932,
3052,pittsburgh,1,1,osm_nodes,10,0.013339,0.107,
3053,pittsburgh,1,1,osm_nodes,9,0.013684,0.1124,
3054,pittsburgh,1,1,osm_nodes,8,0.013943,0.1143,
3055,pittsburgh,1,0,osm_nodes,13,0.011505,0.1269,
3056,pittsburgh,1,0,osm_nodes,39,0.023922,0.2206,
3057,pittsburgh,1,1,osm_nodes,9,0.013243,0.1279,
3058,pittsburgh,1,1,osm_nodes,8,0.013755,0.1249,
3059,pittsburgh,1,0,osm_nodes,37,0.023551,0.2126,
3060,pittsburgh,1,1,osm_nodes,8,0.013689,0.129,
3061,pittsburgh,1,0,osm_nodes,16,0.009288,0.1165,
3062,pittsburgh,1,0,osm_nodes,41,0.023916,0.2064,
3063,pittsburgh,1,0,osm_nodes,37,0.023513,0.2056,
3064,pittsburgh,1,0,osm_nodes,11,0.014707,0.1612,
3065,pittsburgh,1,0,osm_nodes,38,0.023199,0.2096,
3066,pittsburgh,1,0,osm_nodes,13,0.013851,0.1464,
3067,pittsburgh,1,0,osm_nodes,36,0.022881,0.2067,
3068,pittsburgh,0,0,osm_nodes,5,0.0,0.1518,
3069,pittsburgh,1,0,osm_nodes,13,0.013726,0.1447,
3070,pittsburgh,1,0,osm_nodes,16,0.009512,0.0684,
3071,pittsburgh,0,0,osm_nodes,14,0.005822,0.1387,
3072,pittsburgh,0,0,osm_nodes,5,0.0,0.1223,
3073,pittsburgh,1,0,osm_nodes,26,0.019238,0.1722,
3074,pittsburgh,0,0,osm_nodes,15,0.006111,0.1276,
3075,pittsburgh,1,0,osm_nodes,25,0.020442,0.1691,
3076,pittsburgh,1,0,osm_nodes,26,0.01965,0.1791,
3077,pittsburgh,1,0,osm_nodes,24,0.020235,0.1777,
3078,pittsburgh,1,0,osm_nodes,22,0.018834,0.1368,
3079,pittsburgh,0,0,osm_nodes,9,0.000798,0.1068,
3080,pittsburgh,1,0,osm_nodes,16,0.016087,0.1629,
3081,pittsburgh,1,0,osm_nodes,14,0.01613,0.1524,
3082,pittsburgh,1,0,osm_nodes,11,0.015158,0.1422,
3083,pittsburgh,0,0,osm_nodes,11,0.0,0.0996,
3084,pittsburgh,1,0,osm_nodes,9,0.015657,0.1365,
3085,pittsburgh,1,0,osm_nodes,27,0.022438,0.2034,
3086,pittsburgh,1,0,osm_nodes,24,0.02221,0.2104,
3087,pittsburgh,1,0,osm_nodes,24,0.022157,0.2071,
3088,pittsburgh,1,0,osm_nodes,26,0.023675,0.2094,
3089,pittsburgh,1,0,osm_nodes,28,0.023696,0.204,
3090,pittsburgh,1,0,osm_nodes,10,0.011478,0.1493,
3091,pittsburgh,0,0,osm_nodes,15,0.0,0.0707,
3092,pittsburgh,0,0,osm_nodes,13,0.0,0.1682,
3093,pittsburgh,0,0,osm_nodes,12,0.0,0.1463,
3094,pittsburgh,1,0,osm_nodes,11,0.01157,0.1431,
3095,pittsburgh,0,0,osm_nodes,16,0.0,0.0822,
3096,pittsburgh,1,0,osm_nodes,35,0.02138,0.2239,
3097,pittsburgh,0,0,osm_nodes,11,0.0,0.104,
3098,pittsburgh,1,0,osm_nodes,36,0.022489,0.226,
3099,pittsburgh,0,0,osm_nodes,12,0.0,0.2083,
3100,pittsburgh,0,0,osm_nodes,14,0.0,0.198,
3101,pittsburgh,0,0,osm_nodes,14,0.0,0.1842,
3102,pittsburgh,0,0,osm_nodes,12,0.0,0.1783,
3103,pittsburgh,0,0,osm_nodes,24,0.0,0.1505,
3104,pittsburgh,0,0,osm_nodes,24,0.0,0.1635,
3105,pittsburgh,0,0,osm_nodes,24,0.0,0.148,
3106,pittsburgh,0,0,osm_nodes,23,0.0,0.167,
3107,pittsburgh,0,0,osm_nodes,23,0.0,0.1645,
3108,pittsburgh,1,1,osm_nodes,24,0.015385,0.1472,
3109,pittsburgh,1,0,osm_nodes,23,0.015722,0.1438,
3110,pittsburgh,0,0,osm_nodes,6,0.0,0.21,
3111,pittsburgh,0,0,osm_nodes,11,0.0,0.0923,
3112,pittsburgh,0,0,osm_nodes,12,0.0,0.0941,
3113,pittsburgh,0,0,osm_nodes,14,0.0,0.0486,
3114,pittsburgh,0,0,osm_nodes,14,0.0,0.0492,
3115,pittsburgh,1,0,osm_nodes,34,0.027287,0.2163,
3116,pittsburgh,1,0,osm_nodes,37,0.027305,0.2106,
3117,pittsburgh,1,0,osm_nodes,36,0.027125,0.2271,
3118,pittsburgh,1,0,osm_nodes,34,0.026796,0.22,
3119,pittsburgh,1,0,osm_nodes,32,0.025583,0.2303,
3120,pittsburgh,1,0,osm_nodes,28,0.024853,0.2073,
3121,pittsburgh,1,0,osm_nodes,31,0.025102,0.2055,
3122,pittsburgh,1,0,osm_nodes,30,0.024534,0.193,
3123,pittsburgh,1,0,osm_nodes,51,0.02051,0.1218,
3124,pittsburgh,1,0,osm_nodes,49,0.020908,0.1583,
3125,pittsburgh,1,0,osm_nodes,52,0.020371,0.1195,
3126,pittsburgh,1,0,osm_nodes,50,0.020106,0.1272,
3127,pittsburgh,1,0,osm_nodes,50,0.0206,0.1458,
3128,pittsburgh,1,0,osm_nodes,48,0.020811,0.172,
3129,pittsburgh,1,0,osm_nodes,49,0.020065,0.1598,
3130,pittsburgh,1,0,osm_nodes,49,0.020313,0.1776,
3131,pittsburgh,1,0,osm_nodes,21,0.002722,0.0732,
3132,pittsburgh,1,0,osm_nodes,21,0.00242,0.0665,
3133,pittsburgh,1,0,osm_nodes,20,0.002439,0.0774,
3134,pittsburgh,1,0,osm_nodes,20,0.002361,0.0378,
3135,pittsburgh,1,0,osm_nodes,20,0.002405,0.068,
3136,pittsburgh,0,0,osm_nodes,20,0.002185,0.0449,
3137,pittsburgh,1,0,osm_nodes,20,0.00233,0.0469,
3138,pittsburgh,1,0,osm_nodes,20,0.002347,0.0832,
3139,pittsburgh,1,0,osm_nodes,20,0.002205,0.0232,
3140,pittsburgh,1,0,osm_nodes,20,0.002246,0.0384,
3141,pittsburgh,0,0,osm_nodes,8,0.0,0.1342,
3142,pittsburgh,1,0,osm_nodes,13,0.006696,0.1147,
3143,pittsburgh,1,0,osm_nodes,13,0.006701,0.1066,
3144,pittsburgh,1,0,osm_nodes,13,0.006696,0.1141,
3145,pittsburgh,1,0,osm_nodes,13,0.006697,0.092,
3146,pittsburgh,1,0,osm_nodes,13,0.006701,0.1079,
3147,pittsburgh,1,0,osm_nodes,13,0.006696,0.1091,
3148,pittsburgh,1,0,osm_nodes,12,0.006701,0.1058,
3149,pittsburgh,1,0,osm_nodes,11,0.006698,0.0962,
3150,pittsburgh,1,0,osm_nodes,5,0.005564,0.0473,
3151,pittsburgh,0,0,osm_nodes,3,0.001285,0.1807,
3152,pittsburgh,1,0,osm_nodes,27,0.010761,0.045,
3153,pittsburgh,1,0,osm_nodes,34,0.011775,0.0321,
3154,pittsburgh,1,0,osm_nodes,34,0.011577,0.0314,
3155,pittsburgh,1,0,osm_nodes,34,0.011688,0.0284,
3156,pittsburgh,1,0,osm_nodes,26,0.0106,0.0855,
3157,pittsburgh,1,0,osm_nodes,33,0.011407,0.0292,
3158,pittsburgh,1,0,osm_nodes,34,0.011587,0.023,
3159,pittsburgh,1,0,osm_nodes,27,0.010806,0.0505,
3160,pittsburgh,1,0,osm_nodes,28,0.01077,0.0566,
3161,pittsburgh,1,0,osm_nodes,28,0.010792,0.0539,
3162,pittsburgh,1,0,osm_nodes,32,0.011129,0.0511,
3163,pittsburgh,1,0,osm_nodes,34,0.010925,0.0756,
3164,pittsburgh,1,0,osm_nodes,34,0.010774,0.0899,
3165,pittsburgh,0,0,osm_nodes,8,0.000446,0.2229,
3166,pittsburgh,0,0,osm_nodes,5,0.0,0.1852,
3167,pittsburgh,0,0,osm_nodes,5,0.0,0.1644,
3168,pittsburgh,0,0,osm_nodes,2,0.0,0.1363,
3169,pittsburgh,0,0,osm_nodes,2,0.0,0.1074,
3170,pittsburgh,1,0,osm_nodes,24,0.010951,0.0,
3171,pittsburgh,1,0,osm_nodes,17,0.00465,0.183,
3172,pittsburgh,1,0,osm_nodes,19,0.004726,0.1883,
3173,pittsburgh,1,0,osm_nodes,17,0.004676,0.1817,
3174,pittsburgh,1,0,osm_nodes,9,0.006858,0.0303,
3175,pittsburgh,1,0,osm_nodes,19,0.004531,0.1053,
3176,pittsburgh,1,0,osm_nodes,19,0.004623,0.1368,
3177,pittsburgh,1,0,osm_nodes,8,0.006029,0.0425,
3178,pittsburgh,1,0,osm_nodes,25,0.005933,0.0795,
3179,pittsburgh,1,0,osm_nodes,26,0.006224,0.0684,
3180,pittsburgh,1,0,osm_nodes,27,0.006635,0.0566,
3181,pittsburgh,1,0,osm_nodes,28,0.006952,0.0541,
3182,pittsburgh,1,0,osm_nodes,23,0.006024,0.0482,
3183,pittsburgh,1,0,osm_nodes,28,0.006986,0.0503,
3184,pittsburgh,1,0,osm_nodes,23,0.007259,0.0132,
3185,pittsburgh,1,0,osm_nodes,18,0.004129,0.0092,
3186,pittsburgh,1,0,osm_nodes,17,0.004057,0.0092,
3187,pittsburgh,1,0,osm_nodes,22,0.005984,0.0097,
3188,pittsburgh,1,0,osm_nodes,21,0.007171,0.0627,
3189,pittsburgh,1,0,osm_nodes,14,0.005948,0.0355,
3190,pittsburgh,1,0,osm_nodes,19,0.013332,0.0463,
3191,pittsburgh,1,0,osm_nodes,15,0.012418,0.0597,
3192,pittsburgh,1,0,osm_nodes,30,0.014681,0.0905,
3193,pittsburgh,1,0,osm_nodes,16,0.009826,0.0289,
3194,pittsburgh,1,0,osm_nodes,14,0.010233,0.0353,
3195,pittsburgh,1,0,osm_nodes,18,0.0087,0.0884,
3196,pittsburgh,1,0,osm_nodes,15,0.007383,0.0888,
3197,pittsburgh,1,0,osm_nodes,34,0.017682,0.2097,
3198,pittsburgh,1,0,osm_nodes,34,0.017928,0.2129,
3199,pittsburgh,1,0,osm_nodes,35,0.01799,0.2236,
3200,pittsburgh,1,0,osm_nodes,26,0.009757,0.103,
3201,pittsburgh,0,0,osm_nodes,23,0.007412,0.0856,
3202,pittsburgh,1,0,osm_nodes,36,0.015833,0.1568,
3203,pittsburgh,1,0,osm_nodes,33,0.016281,0.1608,
3204,pittsburgh,1,0,osm_nodes,33,0.016477,0.1597,
3205,pittsburgh,1,0,osm_nodes,34,0.015192,0.1428,
3206,pittsburgh,1,0,osm_nodes,34,0.015511,0.1424,
3207,pittsburgh,1,0,osm_nodes,33,0.015538,0.1423,
3208,pittsburgh,1,0,osm_nodes,33,0.015668,0.1412,
3209,pittsburgh,1,0,osm_nodes,33,0.015708,0.1431,
3210,pittsburgh,1,0,osm_nodes,31,0.016041,0.1689,
3211,pittsburgh,0,0,osm_nodes,5,0.005482,0.0,
3212,pittsburgh,0,0,osm_nodes,7,0.001382,0.0149,
3213,pittsburgh,0,0,osm_nodes,3,0.002275,0.0678,
3214,pittsburgh,0,0,osm_nodes,8,0.001061,0.0108,
3215,pittsburgh,0,0,osm_nodes,5,0.005399,0.0,
3216,pittsburgh,0,0,osm_nodes,8,0.001199,0.0149,
3217,pittsburgh,1,0,osm_nodes,27,0.011809,0.063,
3218,pittsburgh,0,0,osm_nodes,3,0.00167,0.1044,
3219,pittsburgh,0,0,osm_nodes,14,0.00418,0.1045,
3220,pittsburgh,0,0,osm_nodes,9,0.003849,0.0549,
3221,pittsburgh,1,0,osm_nodes,8,0.003276,0.0273,
3222,pittsburgh,1,0,osm_nodes,5,0.007511,0.0,
3223,pittsburgh,1,0,osm_nodes,8,0.003453,0.0026,
3224,pittsburgh,1,0,osm_nodes,6,0.008378,0.0,
3225,pittsburgh,1,0,osm_nodes,6,0.008688,0.0,
3226,pittsburgh,1,0,osm_nodes,8,0.009632,0.0,
3227,pittsburgh,1,0,osm_nodes,10,0.009188,0.0,
3228,pittsburgh,1,0,osm_nodes,9,0.009645,0.0,
3229,pittsburgh,1,0,osm_nodes,35,0.017172,0.0399,
3230,pittsburgh,1,0,osm_nodes,34,0.017071,0.0302,
3231,pittsburgh,1,0,osm_nodes,34,0.017111,0.0215,
3232,pittsburgh,1,1,osm_nodes,34,0.015959,0.0611,
3233,pittsburgh,1,1,osm_nodes,34,0.015774,0.071,
3234,pittsburgh,1,0,osm_nodes,8,0.009944,0.0,
3235,pittsburgh,1,0,osm_nodes,13,0.008038,0.0523,
3236,pittsburgh,0,0,osm_nodes,25,0.007303,0.1629,
3237,pittsburgh,1,0,osm_nodes,16,0.006744,0.0563,
3238,pittsburgh,0,0,osm_nodes,22,0.006994,0.1536,
3239,pittsburgh,1,0,osm_nodes,16,0.007086,0.0461,
3240,pittsburgh,0,0,osm_nodes,24,0.005661,0.1887,
3241,pittsburgh,1,0,osm_nodes,12,0.013602,0.0,
3242,pittsburgh,1,0,osm_nodes,10,0.015257,0.0,
3243,pittsburgh,1,0,osm_nodes,11,0.013365,0.0,
3244,pittsburgh,1,0,osm_nodes,11,0.014971,0.0,
3245,pittsburgh,1,0,osm_nodes,10,0.01062,0.135,
3246,pittsburgh,1,0,osm_nodes,10,0.012547,0.0359,
3247,pittsburgh,1,0,osm_nodes,13,0.01512,0.0,
3248,pittsburgh,1,0,osm_nodes,15,0.013477,0.0395,
3249,pittsburgh,1,0,osm_nodes,16,0.012716,0.0828,
3250,pittsburgh,0,0,osm_nodes,7,0.005331,0.0858,
3251,pittsburgh,1,0,osm_nodes,7,0.00439,0.0879,
3252,pittsburgh,1,0,osm_nodes,7,0.004432,0.0656,
3253,pittsburgh,0,0,osm_nodes,6,0.002726,0.0714,
3254,pittsburgh,0,0,osm_nodes,6,0.002859,0.0749,
3255,pittsburgh,0,0,osm_nodes,6,0.010422,0.0097,
3256,pittsburgh,1,0,osm_nodes,18,0.010061,0.1894,
3257,pittsburgh,1,0,osm_nodes,15,0.009783,0.2245,
3258,pittsburgh,1,0,osm_nodes,16,0.009829,0.2201,
3259,pittsburgh,1,0,osm_nodes,19,0.010142,0.2374,
3260,pittsburgh,1,0,osm_nodes,19,0.010191,0.2433,
3261,pittsburgh,1,0,osm_nodes,19,0.010256,0.2505,
3262,pittsburgh,1,0,osm_nodes,19,0.01036,0.2368,
3263,pittsburgh,1,0,osm_nodes,19,0.010309,0.2494,
3264,pittsburgh,1,0,osm_nodes,18,0.010412,0.2348,
3265,pittsburgh,1,0,osm_nodes,19,0.01038,0.2533,
3266,pittsburgh,0,0,osm_nodes,21,0.008615,0.1567,
3267,pittsburgh,1,0,osm_nodes,18,0.009064,0.0309,
3268,pittsburgh,1,0,osm_nodes,17,0.00882,0.024,
3269,pittsburgh,0,0,osm_nodes,9,0.005978,0.0,
3270,pittsburgh,0,0,osm_nodes,24,0.0,0.3388,
3271,pittsburgh,0,0,osm_nodes,5,0.0,0.1994,
3272,pittsburgh,1,0,osm_nodes,39,0.01467,0.2048,
3273,pittsburgh,1,0,osm_nodes,41,0.014746,0.2179,
3274,pittsburgh,1,0,osm_nodes,43,0.014882,0.2247,
3275,pittsburgh,1,0,osm_nodes,47,0.015017,0.2376,
3276,pittsburgh,1,1,osm_nodes,34,0.009146,0.2909,
3277,pittsburgh,1,1,osm_nodes,34,0.009202,0.2679,
3278,pittsburgh,1,1,osm_nodes,33,0.009004,0.2849,
3279,pittsburgh,1,1,osm_nodes,34,0.009006,0.2589,
3280,pittsburgh,1,1,osm_nodes,34,0.008729,0.2747,
3281,pittsburgh,1,1,osm_nodes,33,0.008755,0.2495,
3282,pittsburgh,1,0,osm_nodes,7,0.009175,0.0285,
3283,pittsburgh,1,1,osm_nodes,21,0.013308,0.0072,
3284,pittsburgh,1,1,osm_nodes,17,0.013991,0.0171,
3285,pittsburgh,1,1,osm_nodes,22,0.014067,0.0072,
3286,pittsburgh,1,1,osm_nodes,20,0.014384,0.0072,
3287,pittsburgh,1,1,osm_nodes,20,0.014706,0.0072,
3288,pittsburgh,1,0,osm_nodes,25,0.010921,0.1253,
3289,pittsburgh,1,0,osm_nodes,27,0.018012,0.08,
3290,pittsburgh,1,0,osm_nodes,25,0.010806,0.1511,
3291,pittsburgh,0,0,osm_nodes,51,0.005528,0.4381,
3292,pittsburgh,1,0,osm_nodes,24,0.011226,0.1561,
3293,pittsburgh,0,0,osm_nodes,48,0.006034,0.4361,
3294,pittsburgh,1,0,osm_nodes,24,0.010948,0.1865,
3295,pittsburgh,0,0,osm_nodes,48,0.005548,0.4371,
3296,pittsburgh,1,0,osm_nodes,16,0.009504,0.4037,
3297,pittsburgh,1,0,osm_nodes,22,0.009912,0.4233,
3298,pittsburgh,0,0,osm_nodes,20,0.006959,0.4796,
3299,pittsburgh,1,1,osm_nodes,120,0.022365,0.3418,
3300,pittsburgh,1,1,osm_nodes,122,0.023024,0.3431,
3301,pittsburgh,1,1,osm_nodes,122,0.022397,0.341,
3302,pittsburgh,1,0,osm_nodes,29,0.021506,0.0894,
3303,pittsburgh,1,0,osm_nodes,34,0.019644,0.1184,
3304,pittsburgh,1,1,osm_nodes,119,0.022093,0.3477,
3305,pittsburgh,1,1,osm_nodes,120,0.021688,0.3445,
3306,pittsburgh,1,1,osm_nodes,96,0.019286,0.3548,
3307,pittsburgh,1,1,osm_nodes,119,0.021664,0.3447,
3308,pittsburgh,1,0,osm_nodes,35,0.010122,0.0732,
3309,pittsburgh,1,0,osm_nodes,36,0.010696,0.0888,
3310,pittsburgh,1,0,osm_nodes,33,0.009057,0.0653,
3311,pittsburgh,1,0,osm_nodes,46,0.016918,0.2461,
3312,pittsburgh,1,0,osm_nodes,45,0.016812,0.2427,
3313,pittsburgh,1,0,osm_nodes,41,0.01596,0.2227,
3314,pittsburgh,1,0,osm_nodes,35,0.014637,0.1995,
3315,pittsburgh,1,1,osm_nodes,55,0.024788,0.3516,
3316,pittsburgh,1,1,osm_nodes,56,0.025484,0.3869,
3317,pittsburgh,1,0,osm_nodes,59,0.027419,0.4926,
3318,pittsburgh,1,0,osm_nodes,59,0.027378,0.4906,
3319,pittsburgh,1,1,osm_nodes,64,0.027711,0.3815,
3320,pittsburgh,1,0,osm_nodes,56,0.025445,0.4451,
3321,pittsburgh,1,0,osm_nodes,59,0.025804,0.4465,
3322,pittsburgh,1,0,osm_nodes,62,0.027747,0.4772,
3323,pittsburgh,1,0,osm_nodes,62,0.027867,0.4787,
3324,pittsburgh,1,0,osm_nodes,53,0.023028,0.356,
3325,pittsburgh,1,0,osm_nodes,56,0.026157,0.4409,
3326,pittsburgh,1,0,osm_nodes,55,0.026024,0.4361,
3327,pittsburgh,1,0,osm_nodes,58,0.023594,0.3541,
3328,pittsburgh,1,1,osm_nodes,58,0.027231,0.2406,
3329,pittsburgh,1,0,osm_nodes,61,0.017794,0.3213,
3330,pittsburgh,1,0,osm_nodes,63,0.017306,0.3139,
3331,pittsburgh,1,0,osm_nodes,59,0.017642,0.3188,
3332,pittsburgh,1,1,osm_nodes,55,0.025893,0.2197,
3333,pittsburgh,1,1,osm_nodes,55,0.025671,0.2187,
3334,pittsburgh,0,0,osm_nodes,55,0.022854,0.3941,
3335,pittsburgh,1,0,osm_nodes,60,0.016982,0.3134,
3336,pittsburgh,1,0,osm_nodes,59,0.016389,0.3069,
3337,pittsburgh,1,0,osm_nodes,57,0.017597,0.3164,
3338,pittsburgh,1,0,osm_nodes,57,0.016946,0.3155,
3339,pittsburgh,1,1,osm_nodes,52,0.024213,0.2064,
3340,pittsburgh,1,0,osm_nodes,57,0.017816,0.3231,
3341,pittsburgh,1,1,osm_nodes,51,0.024113,0.1992,
3342,pittsburgh,1,1,osm_nodes,54,0.024757,0.1807,
3343,pittsburgh,1,1,osm_nodes,60,0.025553,0.1555,
3344,pittsburgh,0,0,osm_nodes,48,0.010173,0.255,
3345,pittsburgh,1,0,osm_nodes,53,0.016579,0.3699,
3346,pittsburgh,1,1,osm_nodes,55,0.0251,0.184,
3347,pittsburgh,1,1,osm_nodes,53,0.024796,0.1851,
3348,pittsburgh,0,0,osm_nodes,48,0.009375,0.3345,
3349,pittsburgh,1,1,osm_nodes,51,0.024149,0.1822,
3350,pittsburgh,1,1,osm_nodes,50,0.023921,0.1789,
3351,pittsburgh,1,0,osm_nodes,52,0.019985,0.4089,
3352,pittsburgh,1,0,osm_nodes,51,0.01535,0.3849,
3353,pittsburgh,1,0,osm_nodes,51,0.015007,0.383,
3354,pittsburgh,0,0,osm_nodes,30,0.012109,0.1909,
3355,pittsburgh,1,0,osm_nodes,19,0.006328,0.1275,
3356,pittsburgh,1,0,osm_nodes,46,0.01316,0.4067,
3357,pittsburgh,0,0,osm_nodes,44,0.007091,0.3907,
3358,pittsburgh,0,0,osm_nodes,44,0.00684,0.4029,
3359,pittsburgh,1,0,osm_nodes,42,0.019949,0.229,
3360,pittsburgh,1,0,osm_nodes,40,0.019976,0.2717,
3361,pittsburgh,1,0,osm_nodes,42,0.019689,0.2228,
3362,pittsburgh,1,0,osm_nodes,39,0.019059,0.2103,
3363,pittsburgh,1,0,osm_nodes,38,0.018485,0.2039,
3364,pittsburgh,1,0,osm_nodes,37,0.018313,0.2018,
3365,pittsburgh,1,0,osm_nodes,36,0.017956,0.1997,
3366,pittsburgh,1,0,osm_nodes,35,0.017717,0.1969,
3367,pittsburgh,0,0,osm_nodes,29,0.008667,0.232,
3368,pittsburgh,0,0,osm_nodes,33,0.010676,0.1456,
3369,pittsburgh,1,0,osm_nodes,28,0.011746,0.0321,
3370,pittsburgh,0,0,osm_nodes,27,0.008305,0.1538,
3371,pittsburgh,0,0,osm_nodes,23,0.006498,0.2201,
3372,pittsburgh,1,0,osm_nodes,32,0.013721,0.178,
3373,pittsburgh,1,0,osm_nodes,36,0.014345,0.2369,
3374,pittsburgh,1,0,osm_nodes,13,0.015325,0.085,
3375,pittsburgh,1,0,osm_nodes,12,0.013358,0.0445,
3376,pittsburgh,1,0,osm_nodes,9,0.010193,0.0698,
3377,pittsburgh,1,0,osm_nodes,9,0.010246,0.0704,
3378,pittsburgh,1,0,osm_nodes,8,0.003271,0.0857,
3379,pittsburgh,1,0,osm_nodes,8,0.003349,0.0865,
3380,pittsburgh,1,0,osm_nodes,8,0.006147,0.0269,
3381,pittsburgh,1,0,osm_nodes,6,0.008831,0.0783,
3382,pittsburgh,1,0,osm_nodes,7,0.009679,0.0674,
3383,pittsburgh,1,0,osm_nodes,6,0.009706,0.0757,
3384,pittsburgh,1,0,osm_nodes,1,0.003507,0.0018,
3385,pittsburgh,1,1,osm_nodes,20,0.013039,0.1153,
3386,pittsburgh,1,1,osm_nodes,20,0.01293,0.1004,
3387,pittsburgh,1,0,osm_nodes,2,0.009088,0.0795,
3388,pittsburgh,1,1,osm_nodes,22,0.01093,0.0419,
3389,pittsburgh,1,0,osm_nodes,19,0.010927,0.0,
3390,pittsburgh,1,0,osm_nodes,6,0.008238,0.1271,
3391,pittsburgh,1,0,osm_nodes,7,0.009184,0.1176,
3392,pittsburgh,1,0,osm_nodes,13,0.008306,0.0698,
3393,pittsburgh,1,0,osm_nodes,18,0.01083,0.144,
3394,pittsburgh,1,0,osm_nodes,18,0.011263,0.1436,
3395,pittsburgh,1,0,osm_nodes,19,0.011133,0.1787,
3396,pittsburgh,1,0,osm_nodes,25,0.018284,0.1613,
3397,pittsburgh,1,0,osm_nodes,25,0.018229,0.1558,
3398,pittsburgh,1,0,osm_nodes,22,0.014804,0.1092,
3399,pittsburgh,1,0,osm_nodes,27,0.019188,0.1624,
3400,pittsburgh,1,0,osm_nodes,23,0.015034,0.099,
3401,pittsburgh,1,0,osm_nodes,22,0.014794,0.0877,
3402,pittsburgh,1,0,osm_nodes,24,0.017659,0.1402,
3403,pittsburgh,1,0,osm_nodes,26,0.019346,0.1571,
3404,pittsburgh,1,0,osm_nodes,23,0.01532,0.0586,
3405,pittsburgh,1,0,osm_nodes,2,0.004336,0.0028,
3406,pittsburgh,1,0,osm_nodes,16,0.014837,0.0548,
3407,pittsburgh,1,0,osm_nodes,18,0.015112,0.0571,
3408,pittsburgh,1,0,osm_nodes,20,0.015296,0.0621,
3409,pittsburgh,1,0,osm_nodes,15,0.014019,0.0533,
3410,pittsburgh,1,0,osm_nodes,13,0.006229,0.0065,
3411,pittsburgh,1,0,osm_nodes,17,0.011584,0.1216,
3412,pittsburgh,1,0,osm_nodes,17,0.011563,0.1209,
3413,pittsburgh,0,0,osm_nodes,14,0.0,0.237,
3414,pittsburgh,0,0,osm_nodes,14,0.0,0.2397,
3415,pittsburgh,0,0,osm_nodes,14,0.0,0.1712,
3416,pittsburgh,0,0,osm_nodes,13,0.0,0.192,
3417,pittsburgh,1,0,osm_nodes,22,0.013884,0.1573,
3418,pittsburgh,1,0,osm_nodes,21,0.014831,0.148,
3419,pittsburgh,1,0,osm_nodes,21,0.013956,0.1372,
3420,pittsburgh,1,0,osm_nodes,20,0.013938,0.1419,
3421,pittsburgh,1,0,osm_nodes,20,0.01428,0.1471,
3422,pittsburgh,1,0,osm_nodes,10,0.013451,0.1627,
3423,pittsburgh,1,0,osm_nodes,35,0.020979,0.124,
3424,pittsburgh,1,0,osm_nodes,32,0.020171,0.1104,
3425,pittsburgh,1,0,osm_nodes,18,0.017465,0.1583,
3426,pittsburgh,1,0,osm_nodes,34,0.020861,0.1056,
3427,pittsburgh,1,0,osm_nodes,20,0.017118,0.1562,
3428,pittsburgh,1,0,osm_nodes,32,0.020608,0.0902,
3429,pittsburgh,1,0,osm_nodes,32,0.020597,0.088,
3430,pittsburgh,1,0,osm_nodes,33,0.020736,0.0896,
3431,pittsburgh,1,0,osm_nodes,32,0.020699,0.0874,
3432,pittsburgh,1,0,osm_nodes,4,0.011205,0.0,
3433,pittsburgh,1,0,osm_nodes,5,0.009979,0.0176,
3434,pittsburgh,1,0,osm_nodes,5,0.009392,0.0172,
3435,pittsburgh,1,0,osm_nodes,37,0.021966,0.0468,
3436,pittsburgh,1,0,osm_nodes,37,0.022738,0.0313,
3437,pittsburgh,1,0,osm_nodes,37,0.025355,0.0207,
3438,pittsburgh,1,0,osm_nodes,36,0.021983,0.045,
3439,pittsburgh,1,0,osm_nodes,5,0.009836,0.0195,
3440,pittsburgh,1,0,osm_nodes,37,0.021998,0.0454,
3441,pittsburgh,1,0,osm_nodes,39,0.025068,0.0054,
3442,pittsburgh,1,0,osm_nodes,29,0.019913,0.2372,
3443,pittsburgh,1,0,osm_nodes,29,0.01893,0.2069,
3444,pittsburgh,1,0,osm_nodes,29,0.019735,0.2229,
3445,pittsburgh,1,0,osm_nodes,30,0.018812,0.2054,
3446,pittsburgh,1,0,osm_nodes,40,0.026489,0.0566,
3447,pittsburgh,1,0,osm_nodes,43,0.027278,0.2466,
3448,pittsburgh,1,0,osm_nodes,38,0.024639,0.2607,
3449,pittsburgh,1,0,osm_nodes,47,0.029181,0.2473,
3450,pittsburgh,1,0,osm_nodes,14,0.017529,0.1155,
3451,pittsburgh,1,0,osm_nodes,42,0.026975,0.2499,
3452,pittsburgh,1,0,osm_nodes,47,0.028883,0.2541,
3453,pittsburgh,1,0,osm_nodes,18,0.018645,0.1236,
3454,pittsburgh,1,0,osm_nodes,20,0.02096,0.1072,
3455,pittsburgh,1,0,osm_nodes,21,0.021024,0.0933,
3456,pittsburgh,1,0,osm_nodes,20,0.021214,0.1008,
3457,pittsburgh,1,0,osm_nodes,36,0.022451,0.0731,
3458,pittsburgh,1,0,osm_nodes,32,0.02207,0.1072,
3459,pittsburgh,1,0,osm_nodes,53,0.025649,0.132,
3460,pittsburgh,1,0,osm_nodes,52,0.025211,0.1249,
3461,pittsburgh,1,0,osm_nodes,40,0.021363,0.0656,
3462,pittsburgh,1,0,osm_nodes,52,0.025699,0.1341,
3463,pittsburgh,1,0,osm_nodes,54,0.030983,0.2498,
3464,pittsburgh,1,0,osm_nodes,55,0.031456,0.233,
3465,pittsburgh,1,0,osm_nodes,41,0.021333,0.0857,
3466,pittsburgh,1,0,osm_nodes,53,0.031399,0.2531,
3467,pittsburgh,1,0,osm_nodes,42,0.02306,0.237,
3468,pittsburgh,1,0,osm_nodes,45,0.024392,0.2439,
3469,pittsburgh,1,0,osm_nodes,59,0.032019,0.2325,
3470,pittsburgh,1,0,osm_nodes,52,0.025015,0.1677,
3471,pittsburgh,1,0,osm_nodes,51,0.026416,0.2089,
3472,pittsburgh,1,0,osm_nodes,41,0.022108,0.2273,
3473,pittsburgh,1,0,osm_nodes,47,0.023737,0.1192,
3474,pittsburgh,1,0,osm_nodes,43,0.023303,0.2269,
3475,pittsburgh,1,0,osm_nodes,40,0.02125,0.0981,
3476,pittsburgh,1,0,osm_nodes,25,0.019595,0.1279,
3477,pittsburgh,1,0,osm_nodes,42,0.023059,0.1952,
3478,pittsburgh,1,1,osm_nodes,42,0.022755,0.2149,
3479,pittsburgh,1,1,osm_nodes,42,0.023125,0.2144,
3480,pittsburgh,1,0,osm_nodes,26,0.020958,0.1885,
3481,pittsburgh,1,0,osm_nodes,27,0.021055,0.1926,
3482,pittsburgh,1,0,osm_nodes,34,0.017958,0.1791,
3483,pittsburgh,1,0,osm_nodes,27,0.021129,0.193,
3484,pittsburgh,1,1,osm_nodes,40,0.021598,0.2166,
3485,pittsburgh,1,0,osm_nodes,26,0.019956,0.1505,
3486,pittsburgh,1,0,osm_nodes,26,0.020006,0.1575,
3487,pittsburgh,1,1,osm_nodes,43,0.023026,0.2189,
3488,pittsburgh,1,0,osm_nodes,26,0.020015,0.1646,
3489,pittsburgh,1,1,osm_nodes,38,0.020103,0.1866,
3490,pittsburgh,1,1,osm_nodes,38,0.020902,0.2008,
3491,pittsburgh,1,1,osm_nodes,42,0.022294,0.2057,
3492,pittsburgh,1,0,osm_nodes,2,0.006936,0.0,
3493,pittsburgh,1,1,osm_nodes,39,0.019449,0.181,
3494,pittsburgh,1,0,osm_nodes,2,0.006726,0.0,
3495,pittsburgh,1,0,osm_nodes,30,0.015167,0.1218,
3496,pittsburgh,1,0,osm_nodes,26,0.016944,0.1009,
3497,pittsburgh,1,0,osm_nodes,27,0.016696,0.0951,
3498,pittsburgh,1,0,osm_nodes,24,0.016366,0.0913,
3499,pittsburgh,1,0,osm_nodes,24,0.016237,0.0868,
3500,pittsburgh,1,0,osm_nodes,27,0.016262,0.0882,
3501,pittsburgh,0,0,osm_nodes,22,0.012751,0.0374,
3502,pittsburgh,1,0,osm_nodes,10,0.010623,0.1236,
3503,pittsburgh,1,0,osm_nodes,14,0.004481,0.0,
3504,pittsburgh,1,0,osm_nodes,13,0.008463,0.0248,
3505,pittsburgh,1,0,osm_nodes,23,0.017955,0.1753,
3506,pittsburgh,1,0,osm_nodes,10,0.007679,0.0167,
3507,pittsburgh,1,0,osm_nodes,24,0.01862,0.1781,
3508,pittsburgh,0,0,osm_nodes,6,0.007667,0.0,
3509,pittsburgh,1,0,osm_nodes,9,0.007723,0.0027,
3510,pittsburgh,1,0,osm_nodes,24,0.018622,0.1037,
3511,pittsburgh,1,0,osm_nodes,25,0.01899,0.1012,
3512,pittsburgh,1,0,osm_nodes,26,0.019982,0.1446,
3513,pittsburgh,1,0,osm_nodes,26,0.020697,0.1682,
3514,pittsburgh,1,0,osm_nodes,26,0.020689,0.1675,
3515,pittsburgh,1,0,osm_nodes,18,0.005076,0.0,
3516,pittsburgh,1,0,osm_nodes,26,0.020894,0.1521,
3517,pittsburgh,0,0,osm_nodes,9,0.007114,0.0,
3518,pittsburgh,1,0,osm_nodes,19,0.006615,0.0038,
3519,pittsburgh,1,0,osm_nodes,7,0.007919,0.0,
3520,pittsburgh,1,0,osm_nodes,9,0.009966,0.0,
3521,pittsburgh,0,0,osm_nodes,8,0.004974,0.0,
3522,pittsburgh,0,0,osm_nodes,7,0.003496,0.0,
3523,pittsburgh,0,0,osm_nodes,21,0.009525,0.2293,
3524,pittsburgh,1,0,osm_nodes,28,0.011484,0.0608,
3525,pittsburgh,1,0,osm_nodes,26,0.010139,0.0397,
3526,pittsburgh,1,0,osm_nodes,28,0.011073,0.0669,
3527,pittsburgh,1,0,osm_nodes,30,0.010908,0.0642,
3528,pittsburgh,1,0,osm_nodes,33,0.013095,0.0983,
3529,pittsburgh,0,0,osm_nodes,33,0.01308,0.1065,
3530,pittsburgh,1,0,osm_nodes,32,0.012729,0.0921,
3531,pittsburgh,1,0,osm_nodes,34,0.012956,0.0971,
3532,pittsburgh,1,0,osm_nodes,34,0.012977,0.0994,
3533,pittsburgh,1,0,osm_nodes,29,0.010347,0.0705,
3534,pittsburgh,1,0,osm_nodes,32,0.012942,0.1048,
3535,pittsburgh,1,0,osm_nodes,29,0.010187,0.0675,
3536,pittsburgh,1,0,osm_nodes,32,0.012808,0.1037,
3537,pittsburgh,1,0,osm_nodes,32,0.012797,0.1484,
3538,pittsburgh,1,0,osm_nodes,30,0.010671,0.0693,
3539,pittsburgh,0,0,osm_nodes,31,0.01109,0.0737,
3540,pittsburgh,1,0,osm_nodes,29,0.012143,0.0957,
3541,pittsburgh,0,0,osm_nodes,28,0.006942,0.139,
3542,pittsburgh,1,0,osm_nodes,32,0.01239,0.1741,
3543,pittsburgh,1,0,osm_nodes,32,0.008968,0.1068,
3544,pittsburgh,1,0,osm_nodes,36,0.012296,0.1826,
3545,pittsburgh,1,0,osm_nodes,33,0.011576,0.1521,
3546,pittsburgh,1,0,osm_nodes,14,0.003366,0.0,
3547,pittsburgh,1,0,osm_nodes,15,0.003366,0.0,
3548,pittsburgh,1,0,osm_nodes,15,0.003366,0.0,
3549,pittsburgh,1,0,osm_nodes,27,0.007118,0.0453,
3550,pittsburgh,1,0,osm_nodes,16,0.003366,0.0,
3551,pittsburgh,1,0,osm_nodes,16,0.003366,0.0,
3552,pittsburgh,1,0,osm_nodes,27,0.007009,0.0471,
3553,pittsburgh,0,0,osm_nodes,15,0.003366,0.0028,
3554,pittsburgh,1,0,osm_nodes,28,0.007194,0.0927,
3555,pittsburgh,1,0,osm_nodes,29,0.006909,0.0461,
3556,pittsburgh,1,0,osm_nodes,16,0.005875,0.0,
3557,pittsburgh,0,0,osm_nodes,28,0.007195,0.1245,
3558,pittsburgh,1,0,osm_nodes,31,0.007066,0.089,
3559,pittsburgh,0,0,osm_nodes,15,0.006592,0.0,
3560,pittsburgh,1,0,osm_nodes,32,0.007028,0.0846,
3561,pittsburgh,0,0,osm_nodes,14,0.006684,0.0,
3562,pittsburgh,1,0,osm_nodes,29,0.006897,0.0693,
3563,pittsburgh,1,0,osm_nodes,29,0.006877,0.0659,
3564,pittsburgh,1,0,osm_nodes,17,0.004046,0.0158,
3565,pittsburgh,1,0,osm_nodes,15,0.013334,0.2947,
3566,pittsburgh,0,0,osm_nodes,33,0.006712,0.1279,
3567,pittsburgh,1,0,osm_nodes,17,0.00442,0.0163,
3568,pittsburgh,1,0,osm_nodes,14,0.012787,0.2946,
3569,pittsburgh,1,0,osm_nodes,14,0.013355,0.2882,
3570,pittsburgh,0,0,osm_nodes,32,0.006434,0.1327,
3571,pittsburgh,1,0,osm_nodes,15,0.012796,0.2875,
3572,pittsburgh,0,0,osm_nodes,31,0.006493,0.0901,
3573,pittsburgh,0,0,osm_nodes,17,0.005653,0.0363,
3574,pittsburgh,0,0,osm_nodes,15,0.00453,0.0471,
3575,pittsburgh,1,0,osm_nodes,25,0.006121,0.0673,
3576,pittsburgh,1,0,osm_nodes,25,0.006124,0.0743,
3577,pittsburgh,1,0,osm_nodes,25,0.006092,0.08,
3578,pittsburgh,0,0,osm_nodes,15,0.006071,0.0421,
3579,pittsburgh,1,0,osm_nodes,25,0.00593,0.0976,
3580,pittsburgh,1,0,osm_nodes,26,0.005861,0.098,
3581,pittsburgh,1,0,osm_nodes,26,0.005865,0.1046,
3582,pittsburgh,0,0,osm_nodes,13,0.007841,0.0517,
3583,pittsburgh,0,0,osm_nodes,25,0.005828,0.1222,
3584,pittsburgh,0,0,osm_nodes,13,0.006755,0.0845,
3585,pittsburgh,0,0,osm_nodes,20,0.004963,0.1174,
3586,pittsburgh,1,0,osm_nodes,28,0.01904,0.2165,
3587,pittsburgh,1,0,osm_nodes,30,0.019935,0.2072,
3588,pittsburgh,1,0,osm_nodes,29,0.017414,0.2207,
3589,pittsburgh,1,0,osm_nodes,30,0.020778,0.2185,
3590,pittsburgh,1,0,osm_nodes,38,0.030185,0.1501,
3591,pittsburgh,1,0,osm_nodes,38,0.029867,0.1614,
3592,pittsburgh,1,0,osm_nodes,33,0.028398,0.0904,
3593,pittsburgh,1,0,osm_nodes,38,0.029387,0.1326,
3594,pittsburgh,1,0,osm_nodes,36,0.029306,0.1341,
3595,pittsburgh,1,0,osm_nodes,36,0.029626,0.1584,
3596,pittsburgh,1,0,osm_nodes,30,0.028107,0.128,
3597,pittsburgh,1,0,osm_nodes,39,0.029783,0.1838,
3598,pittsburgh,1,0,osm_nodes,34,0.028955,0.1792,
3599,pittsburgh,1,0,osm_nodes,7,0.009194,0.0964,
3600,pittsburgh,1,0,osm_nodes,7,0.009139,0.0927,
3601,pittsburgh,1,0,osm_nodes,8,0.010783,0.1307,
3602,pittsburgh,1,0,osm_nodes,8,0.019546,0.0,
3603,pittsburgh,1,0,osm_nodes,8,0.019488,0.0,
3604,pittsburgh,1,0,osm_nodes,10,0.011336,0.1179,
3605,pittsburgh,1,0,osm_nodes,10,0.011718,0.122,
3606,pittsburgh,1,0,osm_nodes,9,0.011994,0.1278,
3607,pittsburgh,1,0,osm_nodes,4,0.010514,0.0804,
3608,pittsburgh,1,0,osm_nodes,20,0.014426,0.0634,
3609,pittsburgh,1,0,osm_nodes,21,0.014686,0.0589,
3610,pittsburgh,1,0,osm_nodes,29,0.015445,0.1552,
3611,pittsburgh,1,0,osm_nodes,20,0.01494,0.0652,
3612,pittsburgh,1,0,osm_nodes,31,0.015502,0.1958,
3613,pittsburgh,1,0,osm_nodes,21,0.015056,0.0652,
3614,pittsburgh,1,0,osm_nodes,21,0.015418,0.059,
3615,pittsburgh,1,0,osm_nodes,32,0.017387,0.2263,
3616,pittsburgh,1,0,osm_nodes,30,0.017373,0.2181,
3617,pittsburgh,1,0,osm_nodes,27,0.017429,0.1027,
3618,pittsburgh,1,0,osm_nodes,23,0.016719,0.142,
3619,pittsburgh,1,0,osm_nodes,23,0.016797,0.1401,
3620,pittsburgh,1,0,osm_nodes,34,0.018154,0.2152,
3621,pittsburgh,1,0,osm_nodes,33,0.016007,0.225,
3622,pittsburgh,1,0,osm_nodes,22,0.017061,0.1433,
3623,pittsburgh,1,0,osm_nodes,22,0.017328,0.1566,
3624,pittsburgh,1,0,osm_nodes,33,0.016498,0.2254,
3625,pittsburgh,1,0,osm_nodes,33,0.01648,0.2235,
3626,pittsburgh,1,0,osm_nodes,39,0.016607,0.2041,
3627,pittsburgh,1,0,osm_nodes,21,0.017516,0.1686,
3628,pittsburgh,1,0,osm_nodes,26,0.018506,0.1594,
3629,pittsburgh,1,0,osm_nodes,33,0.015413,0.1514,
3630,pittsburgh,1,0,osm_nodes,32,0.015314,0.1578,
3631,pittsburgh,1,0,osm_nodes,33,0.01895,0.2332,
3632,pittsburgh,1,0,osm_nodes,30,0.014793,0.164,
3633,pittsburgh,1,0,osm_nodes,21,0.01782,0.1825,
3634,pittsburgh,1,0,osm_nodes,33,0.017161,0.2328,
3635,pittsburgh,0,0,osm_nodes,25,0.016321,0.1541,
3636,pittsburgh,1,0,osm_nodes,38,0.017583,0.2111,
3637,pittsburgh,1,0,osm_nodes,32,0.016194,0.17,
3638,pittsburgh,1,0,osm_nodes,30,0.016338,0.1977,
3639,pittsburgh,1,0,osm_nodes,30,0.016094,0.1864,
3640,pittsburgh,1,0,osm_nodes,21,0.018042,0.1884,
3641,pittsburgh,1,0,osm_nodes,21,0.017825,0.1875,
3642,pittsburgh,1,0,osm_nodes,25,0.018816,0.2201,
3643,pittsburgh,1,0,osm_nodes,7,0.012597,0.1388,
3644,pittsburgh,1,0,osm_nodes,19,0.017355,0.1596,
3645,pittsburgh,1,0,osm_nodes,15,0.01542,0.1389,
3646,pittsburgh,1,0,osm_nodes,15,0.016228,0.2857,
3647,pittsburgh,1,0,osm_nodes,11,0.015533,0.2815,
3648,pittsburgh,1,0,osm_nodes,19,0.017025,0.1513,
3649,pittsburgh,1,0,osm_nodes,11,0.014433,0.2585,
3650,pittsburgh,1,0,osm_nodes,40,0.027307,0.2561,
3651,pittsburgh,1,0,osm_nodes,43,0.026936,0.2481,
3652,pittsburgh,1,0,osm_nodes,44,0.028418,0.2532,
3653,pittsburgh,1,0,osm_nodes,44,0.028256,0.2504,
3654,pittsburgh,1,0,osm_nodes,33,0.022726,0.2172,
3655,pittsburgh,1,0,osm_nodes,36,0.023701,0.2115,
3656,pittsburgh,1,0,osm_nodes,30,0.02261,0.2211,
3657,pittsburgh,1,0,osm_nodes,43,0.026899,0.2267,
3658,pittsburgh,1,0,osm_nodes,43,0.027758,0.2007,
3659,pittsburgh,1,0,osm_nodes,34,0.023827,0.2233,
3660,pittsburgh,1,0,osm_nodes,40,0.026115,0.242,
3661,pittsburgh,1,0,osm_nodes,40,0.026568,0.2136,
3662,pittsburgh,1,0,osm_nodes,36,0.024716,0.2478,
3663,pittsburgh,1,0,osm_nodes,36,0.024725,0.252,
3664,pittsburgh,1,0,osm_nodes,31,0.023921,0.1967,
3665,pittsburgh,1,0,osm_nodes,29,0.024141,0.2121,
3666,pittsburgh,1,0,osm_nodes,29,0.023868,0.2039,
3667,pittsburgh,1,0,osm_nodes,30,0.023844,0.2546,
3668,pittsburgh,1,0,osm_nodes,30,0.024114,0.2229,
3669,pittsburgh,1,0,osm_nodes,24,0.021613,0.2292,
3670,pittsburgh,1,0,osm_nodes,24,0.020961,0.2281,
3671,pittsburgh,1,0,osm_nodes,26,0.023327,0.234,
3672,pittsburgh,1,0,osm_nodes,26,0.023552,0.2202,
3673,pittsburgh,1,0,osm_nodes,23,0.021582,0.1921,
3674,pittsburgh,1,0,osm_nodes,23,0.021602,0.2019,
3675,pittsburgh,1,0,osm_nodes,22,0.020838,0.205,
3676,pittsburgh,1,0,osm_nodes,22,0.020843,0.208,
3677,pittsburgh,1,0,osm_nodes,22,0.02084,0.2093,
3678,pittsburgh,1,0,osm_nodes,18,0.01678,0.1813,
3679,pittsburgh,1,0,osm_nodes,18,0.016551,0.1821,
3680,pittsburgh,1,1,osm_nodes,20,0.020551,0.1876,
3681,pittsburgh,1,1,osm_nodes,20,0.020396,0.1873,
3682,pittsburgh,1,0,osm_nodes,20,0.016662,0.1832,
3683,pittsburgh,1,0,osm_nodes,20,0.016095,0.1708,
3684,pittsburgh,1,0,osm_nodes,20,0.016125,0.1682,
3685,pittsburgh,1,0,osm_nodes,19,0.016677,0.1678,
3686,pittsburgh,1,1,osm_nodes,20,0.020765,0.1895,
3687,pittsburgh,1,1,osm_nodes,19,0.020421,0.1904,
3688,pittsburgh,1,1,osm_nodes,20,0.02078,0.1893,
3689,pittsburgh,1,0,osm_nodes,18,0.021996,0.1974,
3690,pittsburgh,1,0,osm_nodes,15,0.020732,0.192,
3691,pittsburgh,1,0,osm_nodes,13,0.019822,0.1873,
3692,pittsburgh,1,0,osm_nodes,21,0.019234,0.162,
3693,pittsburgh,1,0,osm_nodes,18,0.023912,0.1882,
3694,pittsburgh,1,0,osm_nodes,16,0.017473,0.1427,
3695,pittsburgh,1,0,osm_nodes,17,0.023222,0.1523,
3696,pittsburgh,1,0,osm_nodes,16,0.022342,0.1711,
3697,pittsburgh,1,0,osm_nodes,19,0.022129,0.0928,
3698,pittsburgh,1,0,osm_nodes,10,0.020316,0.1945,
3699,pittsburgh,1,0,osm_nodes,13,0.017405,0.1448,
3700,pittsburgh,1,0,osm_nodes,10,0.020067,0.1846,
3701,pittsburgh,1,0,osm_nodes,19,0.021315,0.0564,
3702,pittsburgh,1,0,osm_nodes,13,0.017164,0.1388,
3703,pittsburgh,1,1,osm_nodes,16,0.01867,0.0963,
3704,pittsburgh,1,1,osm_nodes,16,0.01888,0.1182,
3705,pittsburgh,1,1,osm_nodes,16,0.018189,0.1199,
3706,pittsburgh,1,0,osm_nodes,10,0.014619,0.0416,
3707,pittsburgh,1,0,osm_nodes,8,0.012947,0.0377,
3708,pittsburgh,1,0,osm_nodes,31,0.019967,0.1111,
3709,pittsburgh,1,0,osm_nodes,12,0.017599,0.1531,
3710,pittsburgh,1,0,osm_nodes,31,0.020035,0.1137,
3711,pittsburgh,1,0,osm_nodes,31,0.019461,0.113,
3712,pittsburgh,1,0,osm_nodes,18,0.019582,0.1907,
3713,pittsburgh,1,0,osm_nodes,13,0.016647,0.1403,
3714,pittsburgh,1,0,osm_nodes,16,0.019132,0.2017,
3715,pittsburgh,1,0,osm_nodes,30,0.020117,0.1215,
3716,pittsburgh,1,0,osm_nodes,31,0.019681,0.1197,
3717,pittsburgh,1,0,osm_nodes,16,0.017859,0.2047,
3718,pittsburgh,1,0,osm_nodes,14,0.016617,0.1356,
3719,pittsburgh,1,1,osm_nodes,1,0.008658,0.1012,
3720,pittsburgh,1,0,osm_nodes,16,0.017968,0.1932,
3721,pittsburgh,1,0,osm_nodes,12,0.017453,0.1011,
3722,pittsburgh,1,0,osm_nodes,29,0.027304,0.3441,
3723,pittsburgh,1,0,osm_nodes,31,0.028072,0.197,
3724,pittsburgh,1,0,osm_nodes,26,0.023189,0.2316,
3725,pittsburgh,1,0,osm_nodes,31,0.028775,0.2077,
3726,pittsburgh,1,0,osm_nodes,29,0.027996,0.1971,
3727,pittsburgh,1,1,osm_nodes,7,0.012096,0.1472,
3728,pittsburgh,1,0,osm_nodes,30,0.028704,0.191,
3729,pittsburgh,1,1,osm_nodes,7,0.01287,0.1677,
3730,pittsburgh,1,0,osm_nodes,32,0.028734,0.2458,
3731,pittsburgh,1,1,osm_nodes,7,0.011978,0.1791,
3732,pittsburgh,1,0,osm_nodes,32,0.028704,0.2467,
3733,pittsburgh,1,0,osm_nodes,28,0.025979,0.2224,
3734,pittsburgh,1,0,osm_nodes,27,0.025419,0.173,
3735,pittsburgh,1,0,osm_nodes,26,0.026894,0.1826,
3736,pittsburgh,1,0,osm_nodes,28,0.026186,0.2478,
3737,pittsburgh,1,0,osm_nodes,28,0.026158,0.2437,
3738,pittsburgh,1,0,osm_nodes,26,0.026071,0.1689,
3739,pittsburgh,1,0,osm_nodes,26,0.025762,0.2017,
3740,pittsburgh,1,0,osm_nodes,27,0.025842,0.2187,
3741,pittsburgh,1,0,osm_nodes,23,0.023994,0.2786,
3742,pittsburgh,1,0,osm_nodes,29,0.025907,0.2211,
3743,pittsburgh,1,0,osm_nodes,27,0.025378,0.2163,
3744,pittsburgh,1,0,osm_nodes,25,0.025186,0.2046,
3745,pittsburgh,1,0,osm_nodes,25,0.025084,0.2151,
3746,pittsburgh,1,0,osm_nodes,26,0.025164,0.2182,
3747,pittsburgh,1,0,osm_nodes,25,0.025494,0.2042,
3748,pittsburgh,1,0,osm_nodes,25,0.025396,0.215,
3749,pittsburgh,1,0,osm_nodes,25,0.025462,0.2033,
3750,pittsburgh,1,0,osm_nodes,24,0.024742,0.2208,
3751,pittsburgh,1,0,osm_nodes,26,0.025721,0.2034,
3752,pittsburgh,1,0,osm_nodes,24,0.026544,0.1958,
3753,pittsburgh,1,0,osm_nodes,21,0.024158,0.2545,
3754,pittsburgh,1,0,osm_nodes,21,0.023443,0.2611,
3755,pittsburgh,1,0,osm_nodes,21,0.023382,0.2775,
3756,pittsburgh,1,0,osm_nodes,11,0.01776,0.1515,
3757,pittsburgh,1,0,osm_nodes,10,0.017752,0.1754,
3758,pittsburgh,1,0,osm_nodes,23,0.010169,0.0107,
3759,pittsburgh,1,0,osm_nodes,26,0.011306,0.0112,
3760,pittsburgh,0,0,osm_nodes,21,0.011435,0.0422,
3761,pittsburgh,1,0,osm_nodes,27,0.011941,0.0125,
3762,pittsburgh,1,0,osm_nodes,13,0.024096,0.0,
3763,pittsburgh,1,0,osm_nodes,13,0.024142,0.0,
3764,pittsburgh,1,0,osm_nodes,10,0.018925,0.0,
3765,pittsburgh,1,0,osm_nodes,9,0.016109,0.2153,
3766,pittsburgh,1,0,osm_nodes,9,0.024031,0.0,
3767,pittsburgh,1,0,osm_nodes,28,0.012805,0.0178,
3768,pittsburgh,1,0,osm_nodes,28,0.013024,0.0283,
3769,pittsburgh,1,0,osm_nodes,23,0.024483,0.1767,
3770,pittsburgh,1,0,osm_nodes,26,0.024681,0.1761,
3771,pittsburgh,1,0,osm_nodes,25,0.02473,0.1725,
3772,pittsburgh,1,0,osm_nodes,27,0.024542,0.1733,
3773,pittsburgh,1,0,osm_nodes,6,0.016019,0.0,
3774,pittsburgh,1,0,osm_nodes,6,0.014644,0.0,
3775,pittsburgh,1,0,osm_nodes,34,0.01765,0.0796,
3776,pittsburgh,1,0,osm_nodes,34,0.01765,0.0855,
3777,pittsburgh,1,0,osm_nodes,6,0.015797,0.0,
3778,pittsburgh,1,0,osm_nodes,20,0.022433,0.2233,
3779,pittsburgh,1,0,osm_nodes,15,0.020374,0.1536,
3780,pittsburgh,1,0,osm_nodes,20,0.021979,0.214,
3781,pittsburgh,1,0,osm_nodes,26,0.023988,0.2205,
3782,pittsburgh,1,0,osm_nodes,25,0.023151,0.2197,
3783,pittsburgh,1,0,osm_nodes,17,0.021977,0.166,
3784,pittsburgh,1,0,osm_nodes,17,0.022047,0.1619,
3785,pittsburgh,1,0,osm_nodes,17,0.021976,0.1577,
3786,pittsburgh,1,0,osm_nodes,17,0.021979,0.1554,
3787,pittsburgh,1,0,osm_nodes,16,0.019787,0.157,
3788,pittsburgh,1,0,osm_nodes,15,0.019924,0.1507,
3789,pittsburgh,1,0,osm_nodes,13,0.02036,0.1324,
3790,pittsburgh,1,0,osm_nodes,15,0.020162,0.1587,
3791,pittsburgh,1,0,osm_nodes,14,0.020454,0.1392,
3792,pittsburgh,1,0,osm_nodes,11,0.018158,0.117,
3793,pittsburgh,1,0,osm_nodes,17,0.017604,0.2602,
3794,pittsburgh,1,0,osm_nodes,30,0.022215,0.1823,
3795,pittsburgh,1,0,osm_nodes,35,0.021846,0.179,
3796,pittsburgh,1,0,osm_nodes,36,0.021812,0.1778,
3797,pittsburgh,1,0,osm_nodes,36,0.021906,0.1665,
3798,pittsburgh,1,0,osm_nodes,38,0.02191,0.1594,
3799,pittsburgh,1,0,osm_nodes,32,0.019866,0.2383,
3800,pittsburgh,1,0,osm_nodes,33,0.020823,0.2095,
3801,pittsburgh,1,0,osm_nodes,33,0.023897,0.1473,
3802,pittsburgh,1,0,osm_nodes,34,0.022377,0.1908,
3803,pittsburgh,1,0,osm_nodes,18,0.023578,0.1699,
3804,pittsburgh,1,0,osm_nodes,18,0.023505,0.1807,
3805,pittsburgh,1,0,osm_nodes,19,0.023941,0.1625,
3806,pittsburgh,1,0,osm_nodes,18,0.023276,0.1688,
3807,pittsburgh,1,0,osm_nodes,13,0.018525,0.0,
3808,pittsburgh,1,0,osm_nodes,13,0.018692,0.0,
3809,pittsburgh,1,0,osm_nodes,23,0.022484,0.1349,
3810,pittsburgh,1,0,osm_nodes,24,0.022779,0.1783,
3811,pittsburgh,1,0,osm_nodes,23,0.01947,0.2344,
3812,pittsburgh,1,0,osm_nodes,20,0.020827,0.1332,
3813,pittsburgh,1,0,osm_nodes,23,0.019075,0.231,
3814,pittsburgh,1,0,osm_nodes,23,0.018896,0.2329,
3815,pittsburgh,1,0,osm_nodes,22,0.021205,0.1804,
3816,pittsburgh,1,0,osm_nodes,23,0.018448,0.2339,
3817,pittsburgh,1,0,osm_nodes,11,0.013873,0.0,
3818,pittsburgh,1,0,osm_nodes,11,0.013818,0.0,
3819,pittsburgh,1,0,osm_nodes,12,0.015578,0.0,
3820,pittsburgh,1,0,osm_nodes,11,0.013192,0.0,
3821,pittsburgh,1,0,osm_nodes,11,0.013797,0.0,
3822,pittsburgh,1,0,osm_nodes,13,0.016332,0.0,
3823,pittsburgh,1,0,osm_nodes,15,0.016771,0.1116,
3824,pittsburgh,1,0,osm_nodes,12,0.015865,0.0664,
3825,pittsburgh,1,0,osm_nodes,13,0.015008,0.0848,
3826,pittsburgh,1,0,osm_nodes,11,0.015086,0.0534,
3827,pittsburgh,1,0,osm_nodes,6,0.010792,0.0,
3828,pittsburgh,1,0,osm_nodes,9,0.010103,0.0,
3829,pittsburgh,1,0,osm_nodes,8,0.009549,0.0,
3830,pittsburgh,1,0,osm_nodes,2,0.008108,0.0092,
3831,pittsburgh,1,0,osm_nodes,9,0.010152,0.0023,
3832,pittsburgh,1,0,osm_nodes,8,0.008503,0.0,
3833,pittsburgh,1,0,osm_nodes,2,0.008553,0.0185,
3834,pittsburgh,1,0,osm_nodes,6,0.01448,0.0,
3835,pittsburgh,1,0,osm_nodes,7,0.017277,0.0,
3836,pittsburgh,1,0,osm_nodes,7,0.01751,0.0,
3837,pittsburgh,0,0,osm_nodes,4,0.008922,0.046,
3838,pittsburgh,1,0,osm_nodes,16,0.016481,0.1311,
3839,pittsburgh,1,0,osm_nodes,5,0.010331,0.0044,
3840,pittsburgh,1,0,osm_nodes,4,0.012692,0.0,
3841,pittsburgh,1,0,osm_nodes,25,0.020602,0.1733,
3842,pittsburgh,1,0,osm_nodes,25,0.021037,0.1768,
3843,pittsburgh,1,0,osm_nodes,5,0.013082,0.0974,
3844,pittsburgh,1,0,osm_nodes,28,0.023958,0.1903,
3845,pittsburgh,1,0,osm_nodes,30,0.024462,0.2108,
3846,pittsburgh,1,0,osm_nodes,6,0.012933,0.0,
3847,pittsburgh,1,0,osm_nodes,8,0.012694,0.1054,
3848,pittsburgh,1,0,osm_nodes,30,0.02521,0.225,
3849,pittsburgh,1,0,osm_nodes,8,0.012686,0.0588,
3850,pittsburgh,1,0,osm_nodes,29,0.024698,0.2195,
3851,pittsburgh,1,0,osm_nodes,33,0.025197,0.2112,
3852,pittsburgh,1,0,osm_nodes,29,0.025518,0.2373,
3853,pittsburgh,1,0,osm_nodes,33,0.025722,0.2293,
3854,pittsburgh,0,0,osm_nodes,9,0.012449,0.0936,
3855,pittsburgh,1,0,osm_nodes,8,0.01095,0.062,
3856,pittsburgh,1,0,osm_nodes,33,0.026805,0.187,
3857,pittsburgh,1,0,osm_nodes,8,0.011778,0.0991,
3858,pittsburgh,1,0,osm_nodes,35,0.028646,0.2242,
3859,pittsburgh,1,0,osm_nodes,35,0.028211,0.2259,
3860,pittsburgh,1,0,osm_nodes,38,0.029965,0.2222,
3861,pittsburgh,1,0,osm_nodes,38,0.029458,0.2234,
3862,pittsburgh,1,0,osm_nodes,31,0.025888,0.1871,
3863,pittsburgh,1,0,osm_nodes,31,0.025486,0.1889,
3864,pittsburgh,1,0,osm_nodes,29,0.025417,0.1937,
3865,pittsburgh,1,0,osm_nodes,30,0.025553,0.1971,
3866,pittsburgh,1,0,osm_nodes,35,0.026868,0.2053,
3867,pittsburgh,0,0,osm_nodes,2,0.000305,0.0336,
3868,pittsburgh,0,0,osm_nodes,11,4.1e-05,0.1104,
3869,pittsburgh,0,0,osm_nodes,11,0.000163,0.1133,
3870,pittsburgh,0,0,osm_nodes,12,0.000669,0.1687,
3871,pittsburgh,0,0,osm_nodes,15,0.0,0.1426,
3872,pittsburgh,1,0,osm_nodes,29,0.006655,0.1853,
3873,pittsburgh,1,0,osm_nodes,33,0.008104,0.194,
3874,pittsburgh,1,0,osm_nodes,29,0.007171,0.1792,
3875,pittsburgh,1,0,osm_nodes,29,0.007686,0.1695,
3876,pittsburgh,1,0,osm_nodes,32,0.009115,0.1434,
3877,pittsburgh,0,0,osm_nodes,13,0.000389,0.1572,
3878,pittsburgh,1,0,osm_nodes,28,0.008061,0.1403,
3879,pittsburgh,1,0,osm_nodes,26,0.008601,0.177,
3880,pittsburgh,1,0,osm_nodes,12,0.00316,0.0766,
3881,pittsburgh,1,0,osm_nodes,16,0.009851,0.1664,
3882,pittsburgh,1,0,osm_nodes,13,0.008895,0.1556,
3883,pittsburgh,1,0,osm_nodes,11,0.008671,0.1537,
3884,pittsburgh,1,0,osm_nodes,11,0.00827,0.1499,
3885,pittsburgh,1,0,osm_nodes,14,0.007094,0.1381,
3886,pittsburgh,1,0,osm_nodes,18,0.007203,0.1347,
3887,pittsburgh,1,0,osm_nodes,16,0.016726,0.1627,
3888,pittsburgh,1,0,osm_nodes,18,0.017127,0.1884,
3889,pittsburgh,1,0,osm_nodes,18,0.008146,0.1626,
3890,pittsburgh,1,0,osm_nodes,31,0.010891,0.1648,
3891,pittsburgh,1,0,osm_nodes,33,0.011298,0.159,
3892,pittsburgh,1,0,osm_nodes,28,0.011111,0.1733,
3893,pittsburgh,1,0,osm_nodes,40,0.016787,0.1624,
3894,pittsburgh,1,0,osm_nodes,42,0.017286,0.1666,
3895,pittsburgh,1,0,osm_nodes,42,0.019086,0.1775,
3896,pittsburgh,1,0,osm_nodes,40,0.019026,0.1778,
3897,pittsburgh,1,0,osm_nodes,40,0.019185,0.1779,
3898,pittsburgh,1,0,osm_nodes,65,0.021548,0.1818,
3899,pittsburgh,1,0,osm_nodes,41,0.020485,0.1821,
3900,pittsburgh,1,0,osm_nodes,71,0.022279,0.1827,
3901,pittsburgh,1,0,osm_nodes,48,0.022309,0.213,
3902,pittsburgh,1,0,osm_nodes,78,0.023238,0.1837,
3903,pittsburgh,1,0,osm_nodes,46,0.022522,0.2177,
3904,pittsburgh,1,0,osm_nodes,82,0.023575,0.1903,
3905,pittsburgh,1,0,osm_nodes,84,0.024105,0.195,
3906,pittsburgh,1,0,osm_nodes,91,0.027174,0.3288,
3907,pittsburgh,1,0,osm_nodes,86,0.02445,0.1898,
3908,pittsburgh,1,0,osm_nodes,92,0.028088,0.3277,
3909,pittsburgh,1,0,osm_nodes,93,0.027604,0.352,
3910,pittsburgh,1,0,osm_nodes,90,0.028131,0.3322,
3911,pittsburgh,1,0,osm_nodes,41,0.024944,0.2279,
3912,pittsburgh,1,0,osm_nodes,44,0.025041,0.2161,
3913,pittsburgh,0,0,osm_nodes,53,0.024624,0.2251,
3914,pittsburgh,1,0,osm_nodes,42,0.025758,0.2471,
3915,pittsburgh,0,0,osm_nodes,54,0.02397,0.2079,
3916,pittsburgh,1,0,osm_nodes,45,0.02622,0.2402,
3917,pittsburgh,1,0,osm_nodes,52,0.026668,0.234,
3918,pittsburgh,1,0,osm_nodes,91,0.030002,0.3055,
3919,pittsburgh,1,0,osm_nodes,45,0.026632,0.2444,
3920,pittsburgh,1,0,osm_nodes,47,0.026281,0.2605,
3921,pittsburgh,1,0,osm_nodes,52,0.027248,0.2212,
3922,pittsburgh,1,0,osm_nodes,53,0.025722,0.2158,
3923,pittsburgh,1,0,osm_nodes,79,0.028124,0.2708,
3924,pittsburgh,1,0,osm_nodes,84,0.028642,0.2946,
3925,pittsburgh,1,0,osm_nodes,78,0.027989,0.2508,
3926,pittsburgh,1,0,osm_nodes,79,0.028118,0.2835,
3927,pittsburgh,1,0,osm_nodes,75,0.027795,0.2773,
3928,pittsburgh,1,0,osm_nodes,101,0.031577,0.3108,
3929,pittsburgh,1,0,osm_nodes,100,0.031426,0.3132,
3930,pittsburgh,1,0,osm_nodes,100,0.030909,0.3114,
3931,pittsburgh,1,0,osm_nodes,52,0.02659,0.2591,
3932,pittsburgh,1,0,osm_nodes,100,0.031268,0.308,
3933,pittsburgh,1,0,osm_nodes,101,0.030857,0.3089,
3934,pittsburgh,1,0,osm_nodes,97,0.030916,0.3028,
3935,pittsburgh,1,0,osm_nodes,102,0.03083,0.3062,
3936,pittsburgh,1,0,osm_nodes,71,0.027554,0.2756,
3937,pittsburgh,1,0,osm_nodes,97,0.029502,0.3069,
3938,pittsburgh,1,0,osm_nodes,48,0.026846,0.2777,
3939,pittsburgh,1,0,osm_nodes,96,0.029514,0.3281,
3940,pittsburgh,1,0,osm_nodes,3,0.011865,0.1738,
3941,pittsburgh,1,0,osm_nodes,64,0.026555,0.2168,
3942,pittsburgh,1,0,osm_nodes,58,0.028407,0.3066,
3943,pittsburgh,1,0,osm_nodes,61,0.026872,0.3259,
3944,pittsburgh,1,0,osm_nodes,63,0.026466,0.2006,
3945,pittsburgh,1,0,osm_nodes,58,0.028909,0.3211,
3946,pittsburgh,1,0,osm_nodes,66,0.026549,0.2257,
3947,pittsburgh,1,0,osm_nodes,64,0.027915,0.3488,
3948,pittsburgh,1,0,osm_nodes,63,0.026629,0.207,
3949,pittsburgh,1,0,osm_nodes,54,0.028922,0.3566,
3950,pittsburgh,1,0,osm_nodes,117,0.031238,0.3672,
3951,pittsburgh,1,0,osm_nodes,56,0.028653,0.363,
3952,pittsburgh,1,0,osm_nodes,56,0.027644,0.3914,
3953,pittsburgh,1,0,osm_nodes,113,0.02757,0.3829,
3954,pittsburgh,1,0,osm_nodes,70,0.022575,0.3277,
3955,pittsburgh,1,0,osm_nodes,78,0.026143,0.223,
3956,pittsburgh,1,0,osm_nodes,114,0.027541,0.3839,
3957,pittsburgh,1,0,osm_nodes,110,0.028048,0.3968,
3958,pittsburgh,1,0,osm_nodes,108,0.028089,0.4072,
3959,pittsburgh,1,0,osm_nodes,109,0.027207,0.406,
3960,pittsburgh,1,0,osm_nodes,73,0.023023,0.3489,
3961,pittsburgh,1,0,osm_nodes,117,0.027664,0.3726,
3962,pittsburgh,1,0,osm_nodes,99,0.026893,0.2908,
3963,pittsburgh,1,0,osm_nodes,116,0.027464,0.397,
3964,pittsburgh,1,0,osm_nodes,85,0.021881,0.2821,
3965,pittsburgh,1,0,osm_nodes,114,0.026944,0.4151,
3966,pittsburgh,1,0,osm_nodes,95,0.026506,0.2519,
3967,pittsburgh,1,0,osm_nodes,104,0.027307,0.2943,
3968,pittsburgh,1,0,osm_nodes,90,0.022519,0.2679,
3969,pittsburgh,1,0,osm_nodes,77,0.022051,0.284,
3970,pittsburgh,0,0,osm_nodes,80,0.022653,0.362,
3971,pittsburgh,1,0,osm_nodes,126,0.028264,0.3466,
3972,pittsburgh,1,0,osm_nodes,77,0.022042,0.288,
3973,pittsburgh,1,0,osm_nodes,121,0.027965,0.3512,
3974,pittsburgh,0,0,osm_nodes,81,0.022448,0.3134,
3975,pittsburgh,1,0,osm_nodes,51,0.02488,0.3402,
3976,pittsburgh,1,0,osm_nodes,16,0.010503,0.137,
3977,pittsburgh,1,0,osm_nodes,48,0.022914,0.3504,
3978,pittsburgh,1,0,osm_nodes,109,0.028827,0.2603,
3979,pittsburgh,1,0,osm_nodes,121,0.026778,0.2527,
3980,pittsburgh,1,0,osm_nodes,121,0.027168,0.2485,
3981,pittsburgh,1,0,osm_nodes,48,0.026752,0.2633,
3982,pittsburgh,1,0,osm_nodes,119,0.027049,0.2726,
3983,pittsburgh,1,0,osm_nodes,53,0.026079,0.1754,
3984,pittsburgh,1,0,osm_nodes,119,0.027169,0.2725,
3985,pittsburgh,1,0,osm_nodes,50,0.023549,0.3094,
3986,pittsburgh,1,0,osm_nodes,50,0.025487,0.2799,
3987,pittsburgh,1,0,osm_nodes,122,0.02739,0.2829,
3988,pittsburgh,1,0,osm_nodes,121,0.027401,0.2639,
3989,pittsburgh,1,0,osm_nodes,47,0.02609,0.2191,
3990,pittsburgh,1,0,osm_nodes,48,0.023484,0.2796,
3991,pittsburgh,1,0,osm_nodes,55,0.025969,0.1637,
3992,pittsburgh,1,0,osm_nodes,15,0.010615,0.1699,
3993,pittsburgh,1,0,osm_nodes,92,0.027088,0.2408,
3994,pittsburgh,1,0,osm_nodes,49,0.024903,0.2267,
3995,pittsburgh,1,0,osm_nodes,91,0.026182,0.2241,
3996,pittsburgh,1,0,osm_nodes,84,0.02631,0.2113,
3997,pittsburgh,1,0,osm_nodes,82,0.026347,0.2051,
3998,pittsburgh,1,0,osm_nodes,80,0.026736,0.1803,
3999,pittsburgh,1,0,osm_nodes,108,0.027076,0.199,
4000,pittsburgh,1,0,osm_nodes,112,0.027439,0.1869,
4001,pittsburgh,1,0,osm_nodes,88,0.025892,0.1803,
4002,pittsburgh,0,0,osm_nodes,75,0.025298,0.1463,
4003,pittsburgh,1,0,osm_nodes,77,0.026287,0.1486,
4004,pittsburgh,1,0,osm_nodes,23,0.023833,0.2115,
4005,pittsburgh,1,0,osm_nodes,83,0.025256,0.1585,
4006,pittsburgh,1,0,osm_nodes,93,0.025889,0.1687,
4007,pittsburgh,1,0,osm_nodes,25,0.024559,0.214,
4008,pittsburgh,1,0,osm_nodes,92,0.026063,0.1628,
4009,pittsburgh,1,0,osm_nodes,14,0.010396,0.1719,
4010,pittsburgh,1,0,osm_nodes,14,0.010621,0.1768,
4011,pittsburgh,1,0,osm_nodes,89,0.025623,0.1489,
4012,pittsburgh,1,0,osm_nodes,75,0.025743,0.1147,
4013,pittsburgh,1,0,osm_nodes,90,0.025288,0.1469,
4014,pittsburgh,1,0,osm_nodes,14,0.010515,0.1714,
4015,pittsburgh,1,0,osm_nodes,14,0.010657,0.1762,
4016,pittsburgh,1,0,osm_nodes,75,0.025564,0.1111,
4017,pittsburgh,1,0,osm_nodes,79,0.025674,0.1163,
4018,pittsburgh,1,0,osm_nodes,74,0.025917,0.1059,
4019,pittsburgh,1,0,osm_nodes,77,0.025525,0.11,
4020,pittsburgh,1,0,osm_nodes,76,0.025537,0.1097,
4021,pittsburgh,1,1,osm_nodes,30,0.02708,0.2821,
4022,pittsburgh,1,1,osm_nodes,32,0.027615,0.2637,
4023,pittsburgh,1,1,osm_nodes,31,0.027732,0.2752,
4024,pittsburgh,1,1,osm_nodes,31,0.024511,0.2623,
4025,pittsburgh,1,0,osm_nodes,90,0.025216,0.0718,
4026,pittsburgh,1,0,osm_nodes,12,0.013452,0.1191,
4027,pittsburgh,1,1,osm_nodes,30,0.024461,0.2879,
4028,pittsburgh,1,0,osm_nodes,90,0.025623,0.0696,
4029,pittsburgh,1,0,osm_nodes,84,0.024968,0.0703,
4030,pittsburgh,1,1,osm_nodes,30,0.023922,0.2776,
4031,pittsburgh,1,0,osm_nodes,98,0.027101,0.0828,
4032,pittsburgh,1,0,osm_nodes,76,0.024153,0.0784,
4033,pittsburgh,1,0,osm_nodes,73,0.024143,0.0884,
4034,pittsburgh,1,0,osm_nodes,14,0.013621,0.1196,
4035,pittsburgh,1,1,osm_nodes,31,0.024939,0.2891,
4036,pittsburgh,1,0,osm_nodes,74,0.024319,0.0878,
4037,pittsburgh,1,0,osm_nodes,89,0.0266,0.0634,
4039,pittsburgh,1,0,osm_nodes,35,0.027144,0.2497,
4040,pittsburgh,1,0,osm_nodes,59,0.024425,0.1275,
4041,pittsburgh,1,0,osm_nodes,22,0.018612,0.1206,
4042,pittsburgh,1,0,osm_nodes,33,0.026445,0.2579,
4043,pittsburgh,1,0,osm_nodes,64,0.023531,0.112,
4044,pittsburgh,1,0,osm_nodes,32,0.026806,0.249,
4045,pittsburgh,1,0,osm_nodes,70,0.024124,0.1118,
4046,pittsburgh,1,0,osm_nodes,71,0.024553,0.1111,
4047,pittsburgh,1,0,osm_nodes,32,0.026303,0.2687,
4048,pittsburgh,1,0,osm_nodes,59,0.024153,0.1224,
4049,pittsburgh,1,0,osm_nodes,59,0.023557,0.1125,
4050,pittsburgh,1,0,osm_nodes,72,0.02547,0.1272,
4051,pittsburgh,1,0,osm_nodes,28,0.025041,0.1741,
4052,pittsburgh,1,0,osm_nodes,31,0.026733,0.185,
4053,pittsburgh,1,0,osm_nodes,78,0.027447,0.0897,
4054,pittsburgh,1,0,osm_nodes,31,0.024971,0.1761,
4055,pittsburgh,1,0,osm_nodes,31,0.026593,0.1867,
4056,pittsburgh,1,0,osm_nodes,73,0.02746,0.103,
4057,pittsburgh,1,0,osm_nodes,70,0.026758,0.1278,
4058,pittsburgh,1,0,osm_nodes,28,0.026448,0.271,
4059,pittsburgh,1,0,osm_nodes,64,0.026813,0.1285,
4060,pittsburgh,1,0,osm_nodes,66,0.027138,0.1137,
4061,pittsburgh,1,0,osm_nodes,36,0.027915,0.2176,
4062,pittsburgh,1,0,osm_nodes,40,0.030201,0.2805,
4063,pittsburgh,1,0,osm_nodes,63,0.026715,0.1509,
4064,pittsburgh,1,0,osm_nodes,33,0.029406,0.2846,
4065,pittsburgh,1,0,osm_nodes,34,0.029581,0.2392,
4066,pittsburgh,1,0,osm_nodes,38,0.030594,0.276,
4067,pittsburgh,1,0,osm_nodes,34,0.029682,0.2372,
4068,pittsburgh,1,0,osm_nodes,32,0.028497,0.2275,
4069,pittsburgh,1,0,osm_nodes,33,0.030045,0.2801,
4070,pittsburgh,1,0,osm_nodes,36,0.029245,0.2306,
4071,pittsburgh,1,0,osm_nodes,33,0.028325,0.2272,
4072,pittsburgh,1,0,osm_nodes,60,0.024535,0.2078,
4073,pittsburgh,1,0,osm_nodes,17,0.024835,0.3112,
4074,pittsburgh,1,0,osm_nodes,58,0.024403,0.2195,
4075,pittsburgh,1,0,osm_nodes,19,0.026306,0.307,
4076,pittsburgh,1,0,osm_nodes,55,0.02391,0.1969,
4077,pittsburgh,1,0,osm_nodes,17,0.025175,0.305,
4078,pittsburgh,1,0,osm_nodes,34,0.025601,0.2046,
4079,pittsburgh,1,0,osm_nodes,51,0.023205,0.2111,
4080,pittsburgh,1,0,osm_nodes,43,0.025377,0.1999,
4081,pittsburgh,1,0,osm_nodes,44,0.026768,0.202,
4082,pittsburgh,1,0,osm_nodes,32,0.025308,0.2045,
4083,pittsburgh,0,0,osm_nodes,7,0.004661,0.1173,
4084,pittsburgh,1,0,osm_nodes,31,0.025682,0.2033,
4085,pittsburgh,1,0,osm_nodes,45,0.02528,0.2032,
4086,pittsburgh,1,0,osm_nodes,48,0.026441,0.207,
4087,pittsburgh,1,0,osm_nodes,50,0.022693,0.2324,
4088,pittsburgh,1,0,osm_nodes,19,0.025678,0.2907,
4089,pittsburgh,1,0,osm_nodes,19,0.02513,0.2982,
4090,pittsburgh,1,0,osm_nodes,43,0.023149,0.257,
4091,pittsburgh,1,0,osm_nodes,43,0.022836,0.2543,
4092,pittsburgh,0,0,osm_nodes,7,0.000868,0.1724,
4093,pittsburgh,1,0,osm_nodes,51,0.022011,0.2291,
4094,pittsburgh,1,0,osm_nodes,22,0.01682,0.1859,
4095,pittsburgh,1,0,osm_nodes,53,0.021635,0.2059,
4096,pittsburgh,1,0,osm_nodes,42,0.021801,0.2285,
4097,pittsburgh,1,0,osm_nodes,39,0.02224,0.2549,
4098,pittsburgh,0,0,osm_nodes,7,0.001406,0.1811,
4099,pittsburgh,1,0,osm_nodes,21,0.016887,0.184,
4100,pittsburgh,1,0,osm_nodes,45,0.029363,0.1898,
4101,pittsburgh,1,0,osm_nodes,50,0.020727,0.1699,
4102,pittsburgh,1,0,osm_nodes,34,0.023188,0.1828,
4103,pittsburgh,1,0,osm_nodes,52,0.020845,0.1596,
4104,pittsburgh,1,0,osm_nodes,53,0.021083,0.1474,
4105,pittsburgh,1,0,osm_nodes,37,0.02117,0.2185,
4106,pittsburgh,1,0,osm_nodes,41,0.031139,0.2116,
4107,pittsburgh,0,0,osm_nodes,8,0.0,0.1918,
4108,pittsburgh,1,0,osm_nodes,46,0.025302,0.1969,
4109,pittsburgh,1,0,osm_nodes,43,0.030405,0.2083,
4110,pittsburgh,1,0,osm_nodes,35,0.023234,0.1868,
4111,pittsburgh,1,0,osm_nodes,27,0.023066,0.2523,
4112,pittsburgh,1,0,osm_nodes,47,0.019952,0.162,
4113,pittsburgh,1,0,osm_nodes,42,0.03125,0.2058,
4114,pittsburgh,1,0,osm_nodes,56,0.018805,0.1631,
4115,pittsburgh,1,0,osm_nodes,30,0.022933,0.2512,
4116,pittsburgh,1,0,osm_nodes,41,0.030378,0.2076,
4117,pittsburgh,1,0,osm_nodes,56,0.018679,0.1538,
4118,pittsburgh,1,0,osm_nodes,43,0.024447,0.2149,
4119,pittsburgh,1,0,osm_nodes,55,0.017604,0.1301,
4120,pittsburgh,1,0,osm_nodes,44,0.02534,0.2081,
4121,pittsburgh,1,0,osm_nodes,48,0.019444,0.1599,
4122,pittsburgh,1,0,osm_nodes,44,0.024862,0.1879,
4123,pittsburgh,1,0,osm_nodes,44,0.025418,0.1834,
4124,pittsburgh,1,0,osm_nodes,55,0.017734,0.1403,
4125,pittsburgh,1,0,osm_nodes,47,0.018479,0.157,
4126,pittsburgh,1,0,osm_nodes,45,0.024702,0.1827,
4127,pittsburgh,1,0,osm_nodes,45,0.025359,0.1794,
4128,pittsburgh,1,0,osm_nodes,17,0.014135,0.155,
4129,pittsburgh,1,0,osm_nodes,45,0.025639,0.1799,
4130,pittsburgh,1,0,osm_nodes,43,0.025233,0.1836,
4131,pittsburgh,1,0,osm_nodes,16,0.013513,0.1483,
4132,pittsburgh,1,0,osm_nodes,19,0.014266,0.1594,
4133,pittsburgh,1,0,osm_nodes,42,0.028231,0.2244,
4134,pittsburgh,1,0,osm_nodes,43,0.027706,0.2179,
4135,pittsburgh,1,0,osm_nodes,41,0.025046,0.1863,
4136,pittsburgh,1,0,osm_nodes,42,0.028231,0.2264,
4137,pittsburgh,1,0,osm_nodes,16,0.013431,0.1543,
4138,pittsburgh,1,0,osm_nodes,41,0.028217,0.2267,
4139,pittsburgh,1,0,osm_nodes,46,0.027586,0.2167,
4140,pittsburgh,1,0,osm_nodes,20,0.01458,0.1537,
4141,pittsburgh,1,0,osm_nodes,38,0.024598,0.2139,
4142,pittsburgh,1,0,osm_nodes,51,0.015356,0.087,
4143,pittsburgh,1,0,osm_nodes,38,0.024243,0.2197,
4144,pittsburgh,1,0,osm_nodes,27,0.01933,0.1659,
4145,pittsburgh,1,0,osm_nodes,29,0.019537,0.1622,
4146,pittsburgh,1,0,osm_nodes,41,0.028072,0.2281,
4147,pittsburgh,0,0,osm_nodes,8,0.0,0.1079,
4148,pittsburgh,1,0,osm_nodes,34,0.027733,0.2244,
4149,pittsburgh,1,0,osm_nodes,43,0.0261,0.1742,
4150,pittsburgh,1,0,osm_nodes,35,0.028181,0.2368,
4151,pittsburgh,1,0,osm_nodes,55,0.018447,0.1344,
4152,pittsburgh,1,0,osm_nodes,33,0.026876,0.226,
4153,pittsburgh,1,0,osm_nodes,64,0.015824,0.0971,
4154,pittsburgh,1,0,osm_nodes,31,0.025516,0.2029,
4155,pittsburgh,1,0,osm_nodes,33,0.026787,0.232,
4156,pittsburgh,1,0,osm_nodes,34,0.025038,0.2091,
4157,pittsburgh,1,0,osm_nodes,66,0.016269,0.1034,
4158,pittsburgh,1,0,osm_nodes,33,0.026658,0.2331,
4159,pittsburgh,1,0,osm_nodes,42,0.024299,0.1863,
4160,pittsburgh,1,0,osm_nodes,66,0.016417,0.1051,
4161,pittsburgh,1,0,osm_nodes,42,0.024236,0.1998,
4162,pittsburgh,1,0,osm_nodes,41,0.024219,0.1871,
4163,pittsburgh,1,0,osm_nodes,66,0.0164,0.1044,
4164,pittsburgh,1,0,osm_nodes,43,0.024047,0.1783,
4165,pittsburgh,1,0,osm_nodes,41,0.024058,0.1882,
4166,pittsburgh,1,1,osm_nodes,41,0.023736,0.215,
4167,pittsburgh,1,1,osm_nodes,36,0.02291,0.2406,
4168,pittsburgh,1,1,osm_nodes,35,0.022865,0.2303,
4169,pittsburgh,1,0,osm_nodes,43,0.02079,0.1639,
4170,pittsburgh,0,0,osm_nodes,8,0.0,0.1153,
4171,pittsburgh,1,0,osm_nodes,48,0.018495,0.1222,
4172,pittsburgh,1,0,osm_nodes,27,0.017423,0.1932,
4173,pittsburgh,1,0,osm_nodes,46,0.016028,0.1077,
4174,pittsburgh,1,0,osm_nodes,26,0.017515,0.1967,
4175,pittsburgh,1,0,osm_nodes,46,0.016148,0.1126,
4176,pittsburgh,1,0,osm_nodes,33,0.017485,0.1965,
4177,pittsburgh,1,0,osm_nodes,34,0.017043,0.192,
4178,pittsburgh,1,0,osm_nodes,45,0.016058,0.1035,
4179,pittsburgh,1,0,osm_nodes,47,0.01404,0.1228,
4180,pittsburgh,1,0,osm_nodes,16,0.012966,0.1764,
4181,pittsburgh,1,0,osm_nodes,18,0.013679,0.1823,
4182,pittsburgh,1,0,osm_nodes,39,0.017058,0.0779,
4183,pittsburgh,1,0,osm_nodes,21,0.007931,0.1244,
4184,pittsburgh,1,0,osm_nodes,23,0.00777,0.1347,
4185,pittsburgh,1,0,osm_nodes,40,0.016252,0.0859,
4186,pittsburgh,1,0,osm_nodes,22,0.007396,0.1331,
4187,pittsburgh,1,0,osm_nodes,35,0.01516,0.2139,
4188,pittsburgh,1,0,osm_nodes,33,0.015497,0.0564,
4189,pittsburgh,1,0,osm_nodes,29,0.015179,0.0532,
4190,pittsburgh,1,0,osm_nodes,35,0.014865,0.1724,
4191,pittsburgh,1,0,osm_nodes,33,0.014405,0.2085,
4192,pittsburgh,1,0,osm_nodes,34,0.015021,0.0562,
4193,pittsburgh,1,0,osm_nodes,34,0.014692,0.053,
4194,pittsburgh,0,0,osm_nodes,11,0.0,0.1652,
4195,pittsburgh,1,0,osm_nodes,30,0.014347,0.0458,
4196,pittsburgh,1,0,osm_nodes,32,0.01347,0.2146,
4197,pittsburgh,0,0,osm_nodes,10,0.0,0.2687,
4198,pittsburgh,1,0,osm_nodes,22,0.01237,0.0268,
4199,pittsburgh,1,0,osm_nodes,29,0.011439,0.2005,
4200,pittsburgh,1,0,osm_nodes,30,0.011632,0.2043,
4201,pittsburgh,0,0,osm_nodes,11,0.0,0.1411,
4202,pittsburgh,1,0,osm_nodes,30,0.01132,0.1941,
4203,pittsburgh,0,0,osm_nodes,10,0.0,0.2337,
4204,pittsburgh,0,0,osm_nodes,10,0.0,0.2052,
4205,pittsburgh,1,0,osm_nodes,33,0.01128,0.1551,
4206,pittsburgh,1,0,osm_nodes,17,0.012717,0.0,
4207,pittsburgh,1,0,osm_nodes,18,0.01277,0.0,
4208,pittsburgh,1,0,osm_nodes,33,0.01121,0.1479,
4209,pittsburgh,1,0,osm_nodes,33,0.011022,0.1513,
4210,pittsburgh,1,0,osm_nodes,33,0.011132,0.1378,
4211,pittsburgh,1,0,osm_nodes,31,0.010142,0.0948,
4212,pittsburgh,1,0,osm_nodes,19,0.013188,0.0,
4213,pittsburgh,1,0,osm_nodes,31,0.010623,0.1422,
4214,pittsburgh,1,0,osm_nodes,30,0.010595,0.1427,
4215,pittsburgh,1,0,osm_nodes,29,0.009858,0.1378,
4216,pittsburgh,1,0,osm_nodes,29,0.009596,0.14,
4217,pittsburgh,1,0,osm_nodes,18,0.014862,0.0154,
4218,pittsburgh,1,0,osm_nodes,20,0.015597,0.0285,
4219,pittsburgh,0,0,osm_nodes,4,0.0,0.1259,
4220,pittsburgh,1,0,osm_nodes,11,0.001517,0.0309,
4221,pittsburgh,0,0,osm_nodes,4,0.000499,0.1463,
4222,pittsburgh,1,0,osm_nodes,30,0.023455,0.0977,
4223,pittsburgh,1,0,osm_nodes,27,0.02192,0.1035,
4224,pittsburgh,1,0,osm_nodes,24,0.021039,0.0986,
4225,pittsburgh,1,0,osm_nodes,25,0.02151,0.1092,
4226,pittsburgh,1,0,osm_nodes,27,0.021864,0.1114,
4227,pittsburgh,0,0,osm_nodes,5,0.003508,0.0717,
4228,pittsburgh,0,0,osm_nodes,7,0.003403,0.0704,
4229,pittsburgh,1,0,osm_nodes,34,0.006231,0.0688,
4230,pittsburgh,1,0,osm_nodes,36,0.007051,0.083,
4231,pittsburgh,1,0,osm_nodes,36,0.007164,0.083,
4232,pittsburgh,1,0,osm_nodes,36,0.007113,0.083,
4233,pittsburgh,1,0,osm_nodes,36,0.007105,0.083,
4234,pittsburgh,1,0,osm_nodes,36,0.007257,0.0794,
4235,pittsburgh,1,0,osm_nodes,36,0.007236,0.0814,
4236,pittsburgh,1,0,osm_nodes,36,0.007282,0.0792,
4237,pittsburgh,1,0,osm_nodes,36,0.007345,0.0763,
4238,pittsburgh,1,0,osm_nodes,36,0.007411,0.0778,
4239,pittsburgh,1,0,osm_nodes,36,0.007245,0.0765,
4240,pittsburgh,1,0,osm_nodes,36,0.007452,0.0782,
4241,pittsburgh,1,0,osm_nodes,36,0.007385,0.0772,
4242,pittsburgh,1,0,osm_nodes,36,0.007498,0.0822,
4243,pittsburgh,1,0,osm_nodes,36,0.007544,0.0826,
4244,pittsburgh,1,0,osm_nodes,40,0.008375,0.0533,
4245,pittsburgh,1,0,osm_nodes,40,0.008419,0.0618,
4246,pittsburgh,1,0,osm_nodes,40,0.008268,0.0905,
4247,pittsburgh,1,0,osm_nodes,40,0.008206,0.0952,
4248,pittsburgh,1,0,osm_nodes,41,0.008718,0.0572,
4249,pittsburgh,1,0,osm_nodes,44,0.008806,0.0816,
4250,pittsburgh,1,0,osm_nodes,44,0.008858,0.076,
4251,pittsburgh,1,0,osm_nodes,41,0.008768,0.0709,
4252,pittsburgh,1,0,osm_nodes,45,0.008945,0.1002,
4253,pittsburgh,1,0,osm_nodes,41,0.008707,0.0921,
4254,pittsburgh,1,0,osm_nodes,41,0.008842,0.0608,
4255,pittsburgh,1,0,osm_nodes,45,0.008999,0.0983,
4256,pittsburgh,1,0,osm_nodes,41,0.008797,0.0808,
4257,pittsburgh,1,0,osm_nodes,33,0.007201,0.1675,
4258,pittsburgh,1,0,osm_nodes,34,0.007363,0.1758,
4259,pittsburgh,1,0,osm_nodes,34,0.007414,0.1812,
4260,pittsburgh,1,0,osm_nodes,26,0.006252,0.1486,
4261,pittsburgh,1,0,osm_nodes,23,0.006241,0.1498,
4262,pittsburgh,1,0,osm_nodes,26,0.00632,0.1446,
4263,pittsburgh,1,0,osm_nodes,26,0.006329,0.1543,
4264,pittsburgh,1,0,osm_nodes,22,0.006236,0.1495,
4265,pittsburgh,1,0,osm_nodes,23,0.006316,0.1524,
4266,pittsburgh,1,0,osm_nodes,24,0.006326,0.1568,
4267,pittsburgh,1,0,osm_nodes,28,0.006924,0.142,
4268,pittsburgh,1,0,osm_nodes,28,0.006899,0.1405,
4269,pittsburgh,1,0,osm_nodes,24,0.006776,0.0802,
4270,pittsburgh,1,0,osm_nodes,19,0.006681,0.0301,
4271,pittsburgh,1,0,osm_nodes,19,0.00668,0.0283,
4272,pittsburgh,1,0,osm_nodes,20,0.006623,0.0242,
4273,pittsburgh,1,0,osm_nodes,21,0.006554,0.0148,
4274,pittsburgh,0,0,osm_nodes,7,0.009091,0.0334,
4275,pittsburgh,1,0,osm_nodes,7,0.009471,0.0186,
4276,pittsburgh,1,0,osm_nodes,12,0.012261,0.0338,
4277,pittsburgh,1,0,osm_nodes,23,0.016045,0.052,
4278,pittsburgh,1,0,osm_nodes,16,0.007255,0.1123,
4279,pittsburgh,1,0,osm_nodes,17,0.008743,0.0852,
4280,pittsburgh,1,0,osm_nodes,16,0.007806,0.1022,
4281,pittsburgh,1,0,osm_nodes,16,0.007293,0.1171,
4282,pittsburgh,1,0,osm_nodes,18,0.010197,0.0587,
4283,pittsburgh,1,0,osm_nodes,18,0.00988,0.0601,
4284,pittsburgh,1,0,osm_nodes,18,0.00953,0.066,
4285,pittsburgh,1,0,osm_nodes,17,0.009202,0.0707,
4286,pittsburgh,0,0,osm_nodes,10,0.0,0.0608,
4287,pittsburgh,0,0,osm_nodes,10,0.0,0.0728,
4288,pittsburgh,0,0,osm_nodes,12,0.0,0.0502,
4289,pittsburgh,0,0,osm_nodes,10,0.0,0.0977,
4290,pittsburgh,0,0,osm_nodes,9,0.0,0.1108,
4291,pittsburgh,1,0,osm_nodes,100,0.018344,0.1333,
4292,pittsburgh,1,0,osm_nodes,97,0.017828,0.1352,
4293,pittsburgh,0,0,osm_nodes,5,0.0,0.0804,
4294,pittsburgh,1,0,osm_nodes,8,0.002095,0.0102,
4295,pittsburgh,1,1,osm_nodes,10,0.00684,0.0824,
4296,pittsburgh,1,1,osm_nodes,10,0.006833,0.0852,
4297,pittsburgh,1,1,osm_nodes,14,0.007015,0.0888,
4298,pittsburgh,0,0,osm_nodes,7,0.0,0.1143,
4299,pittsburgh,0,0,osm_nodes,7,0.0,0.1333,
4300,pittsburgh,0,0,osm_nodes,8,0.0,0.2167,
4301,pittsburgh,0,0,osm_nodes,8,0.0,0.208,
4302,pittsburgh,0,0,osm_nodes,6,0.0,0.2214,
4303,pittsburgh,0,0,osm_nodes,8,0.000127,0.1875,
4304,pittsburgh,0,0,osm_nodes,8,0.000295,0.1822,
4305,pittsburgh,1,0,osm_nodes,17,0.000476,0.2327,
4306,pittsburgh,1,0,osm_nodes,17,0.000476,0.2276,
4307,pittsburgh,1,0,osm_nodes,17,0.000476,0.2403,
4308,pittsburgh,1,0,osm_nodes,17,0.000476,0.2423,
4309,pittsburgh,0,0,osm_nodes,20,0.001472,0.1796,
4310,pittsburgh,0,0,osm_nodes,17,0.001119,0.198,
4311,pittsburgh,1,0,osm_nodes,17,0.001392,0.1273,
4312,pittsburgh,1,0,osm_nodes,3,0.000872,0.1305,
4313,pittsburgh,1,0,osm_nodes,17,0.001392,0.1329,
4314,pittsburgh,1,0,osm_nodes,17,0.001392,0.1332,
4315,pittsburgh,1,0,osm_nodes,16,0.001392,0.1316,
4316,pittsburgh,1,0,osm_nodes,17,0.001392,0.1444,
4317,pittsburgh,1,0,osm_nodes,16,0.001392,0.133,
4318,pittsburgh,1,0,osm_nodes,16,0.001392,0.1414,
4319,pittsburgh,1,0,osm_nodes,16,0.001392,0.1428,
4320,pittsburgh,1,0,osm_nodes,2,0.001107,0.0847,
4321,pittsburgh,0,0,osm_nodes,15,0.000393,0.1371,
4322,pittsburgh,0,0,osm_nodes,23,0.000192,0.1501,
4323,pittsburgh,0,0,osm_nodes,26,0.000107,0.1555,
4324,pittsburgh,0,0,osm_nodes,27,0.000107,0.1618,
4325,pittsburgh,0,0,osm_nodes,13,0.001183,0.1507,
4326,pittsburgh,0,0,osm_nodes,33,0.000454,0.1611,
4327,pittsburgh,0,0,osm_nodes,32,0.000438,0.1666,
4328,pittsburgh,1,0,osm_nodes,11,0.001574,0.1593,
4329,pittsburgh,0,0,osm_nodes,9,0.000759,0.1839,
4330,pittsburgh,0,0,osm_nodes,9,0.000633,0.1944,
4331,pittsburgh,1,0,osm_nodes,11,0.001651,0.1625,
4332,pittsburgh,1,0,osm_nodes,9,0.002436,0.0619,
4333,pittsburgh,0,0,osm_nodes,14,0.000505,0.1873,
4334,pittsburgh,0,0,osm_nodes,12,4.7e-05,0.1963,
4335,pittsburgh,1,0,osm_nodes,10,0.001103,0.1013,
4336,pittsburgh,1,0,osm_nodes,7,0.000413,0.08,
4337,pittsburgh,1,0,osm_nodes,27,0.008165,0.0904,
4338,pittsburgh,1,0,osm_nodes,21,0.008137,0.137,
4339,pittsburgh,1,0,osm_nodes,23,0.007849,0.1145,
4340,pittsburgh,1,0,osm_nodes,21,0.008228,0.1392,
4341,pittsburgh,1,0,osm_nodes,22,0.007991,0.1206,
4342,pittsburgh,1,0,osm_nodes,22,0.007868,0.1132,
4343,pittsburgh,1,0,osm_nodes,14,0.004531,0.1126,
4344,pittsburgh,0,0,osm_nodes,19,0.003652,0.1069,
4345,pittsburgh,0,0,osm_nodes,19,0.0036,0.1095,
4346,pittsburgh,0,0,osm_nodes,21,0.003426,0.1146,
4347,pittsburgh,1,0,osm_nodes,14,0.00291,0.0813,
4348,pittsburgh,1,0,osm_nodes,13,0.002762,0.0814,
4349,pittsburgh,0,0,osm_nodes,13,0.002311,0.148,
4350,pittsburgh,1,0,osm_nodes,11,0.007739,0.0,
4351,pittsburgh,1,0,osm_nodes,11,0.004665,0.0,
4352,pittsburgh,1,0,osm_nodes,12,0.008025,0.0,
4353,pittsburgh,1,0,osm_nodes,12,0.00828,0.0,
4354,pittsburgh,1,0,osm_nodes,14,0.010486,0.0,
4355,pittsburgh,1,0,osm_nodes,5,0.004167,0.047,
4356,pittsburgh,1,0,osm_nodes,10,0.00829,0.0,
4357,pittsburgh,1,0,osm_nodes,10,0.007401,0.0091,
4358,pittsburgh,1,0,osm_nodes,10,0.00598,0.0168,
4359,pittsburgh,1,0,osm_nodes,12,0.008182,0.0014,
4360,pittsburgh,1,0,osm_nodes,20,0.011961,0.0,
4361,pittsburgh,1,0,osm_nodes,22,0.012237,0.0,
4362,pittsburgh,1,0,osm_nodes,25,0.01315,0.0,
4363,pittsburgh,1,0,osm_nodes,19,0.011099,0.0,
4364,pittsburgh,1,0,osm_nodes,24,0.012546,0.0,
4365,pittsburgh,1,0,osm_nodes,3,0.009717,0.0,
4366,pittsburgh,1,0,osm_nodes,24,0.012244,0.0,
4367,pittsburgh,1,0,osm_nodes,24,0.012329,0.0,
4368,pittsburgh,1,0,osm_nodes,23,0.011439,0.0,
4369,pittsburgh,1,0,osm_nodes,22,0.010876,0.0,
4370,pittsburgh,1,0,osm_nodes,21,0.010487,0.0,
4371,pittsburgh,1,0,osm_nodes,20,0.008713,0.0,
4372,pittsburgh,1,0,osm_nodes,18,0.00864,0.0,
4373,pittsburgh,1,0,osm_nodes,18,0.007137,0.0,
4374,pittsburgh,1,0,osm_nodes,18,0.007069,0.0,
4375,pittsburgh,1,0,osm_nodes,17,0.008255,0.0,
4376,pittsburgh,1,0,osm_nodes,17,0.006862,0.0,
4377,pittsburgh,0,0,osm_nodes,11,0.00047,0.046,
4378,pittsburgh,0,0,osm_nodes,11,0.00047,0.0816,
4379,pittsburgh,0,0,osm_nodes,11,0.000474,0.1049,
4380,pittsburgh,0,0,osm_nodes,7,0.001159,0.1105,
4381,pittsburgh,1,0,osm_nodes,20,0.007867,0.1338,
4382,pittsburgh,1,0,osm_nodes,20,0.008006,0.1326,
4383,pittsburgh,1,0,osm_nodes,18,0.006754,0.1063,
4384,pittsburgh,1,0,osm_nodes,18,0.006901,0.1136,
4385,pittsburgh,0,0,osm_nodes,9,0.0,0.1442,
4386,pittsburgh,0,0,osm_nodes,9,0.0,0.1365,
4387,pittsburgh,0,0,osm_nodes,21,0.001742,0.0948,
4388,pittsburgh,0,0,osm_nodes,20,0.001718,0.0876,
4389,pittsburgh,0,0,osm_nodes,21,0.002101,0.113,
4390,pittsburgh,1,0,osm_nodes,12,0.005678,0.1385,
4391,pittsburgh,1,0,osm_nodes,12,0.005579,0.136,
4392,pittsburgh,1,0,osm_nodes,12,0.005796,0.1282,
4393,pittsburgh,1,0,osm_nodes,12,0.005616,0.1327,
4394,pittsburgh,1,0,osm_nodes,12,0.005934,0.1226,
4395,pittsburgh,1,0,osm_nodes,12,0.005713,0.1243,
4396,pittsburgh,1,0,osm_nodes,13,0.005511,0.1259,
4397,pittsburgh,1,0,osm_nodes,12,0.005563,0.123,
4398,pittsburgh,1,0,osm_nodes,12,0.005851,0.1211,
4399,pittsburgh,1,0,osm_nodes,12,0.005625,0.1226,
4400,pittsburgh,1,1,osm_nodes,32,0.007183,0.1766,
4401,pittsburgh,1,1,osm_nodes,32,0.007098,0.1741,
4402,pittsburgh,1,1,osm_nodes,32,0.00701,0.1696,
4403,pittsburgh,1,1,osm_nodes,32,0.007051,0.1794,
4404,pittsburgh,1,1,osm_nodes,32,0.006986,0.1766,
4405,pittsburgh,1,1,osm_nodes,32,0.006843,0.1698,
4406,pittsburgh,1,1,osm_nodes,32,0.006806,0.1812,
4407,pittsburgh,1,0,osm_nodes,18,0.004779,0.1274,
4408,pittsburgh,1,1,osm_nodes,32,0.006839,0.1899,
4409,pittsburgh,1,0,osm_nodes,20,0.009352,0.2652,
4410,pittsburgh,1,0,osm_nodes,20,0.009128,0.2425,
4411,pittsburgh,1,0,osm_nodes,19,0.009089,0.2381,
4412,pittsburgh,1,0,osm_nodes,32,0.012067,0.0186,
4413,pittsburgh,1,0,osm_nodes,34,0.012377,0.0204,
4414,pittsburgh,1,0,osm_nodes,33,0.012039,0.0236,
4415,pittsburgh,1,0,osm_nodes,33,0.011756,0.0256,
4416,pittsburgh,0,0,osm_nodes,16,0.002614,0.2219,
4417,pittsburgh,1,0,osm_nodes,11,0.001305,0.078,
4418,pittsburgh,1,0,osm_nodes,11,0.001641,0.0831,
4419,pittsburgh,0,0,osm_nodes,12,0.002022,0.0739,
4420,pittsburgh,1,0,osm_nodes,13,0.001824,0.097,
4421,pittsburgh,1,0,osm_nodes,13,0.001712,0.0946,
4422,pittsburgh,0,0,osm_nodes,13,0.00149,0.122,
4423,pittsburgh,0,0,osm_nodes,12,0.00171,0.1338,
4424,pittsburgh,0,0,osm_nodes,16,0.002006,0.1412,
4425,pittsburgh,1,0,osm_nodes,14,0.002258,0.165,
4426,pittsburgh,1,0,osm_nodes,14,0.002459,0.2272,
4427,pittsburgh,1,0,osm_nodes,15,0.003101,0.1491,
4428,pittsburgh,1,0,osm_nodes,15,0.003012,0.1656,
4429,pittsburgh,1,0,osm_nodes,17,0.003316,0.1401,
4430,pittsburgh,1,0,osm_nodes,15,0.003043,0.1551,
4431,pittsburgh,1,0,osm_nodes,15,0.003012,0.1609,
4432,pittsburgh,1,0,osm_nodes,17,0.003329,0.1401,
4433,pittsburgh,1,0,osm_nodes,15,0.003073,0.1497,
4434,pittsburgh,1,0,osm_nodes,11,0.001876,0.0264,
4435,pittsburgh,1,0,osm_nodes,10,0.001737,0.0258,
4436,pittsburgh,0,0,osm_nodes,16,0.00279,0.2217,
4437,pittsburgh,0,0,osm_nodes,5,0.000386,0.1145,
4438,pittsburgh,0,0,osm_nodes,3,7.5e-05,0.0555,
4439,pittsburgh,1,0,osm_nodes,11,0.01037,0.0495,
4440,pittsburgh,1,0,osm_nodes,12,0.01061,0.0574,
4441,pittsburgh,1,0,osm_nodes,11,0.010665,0.0616,
4442,pittsburgh,1,0,osm_nodes,15,0.012393,0.091,
4443,pittsburgh,1,0,osm_nodes,17,0.013494,0.1196,
4444,pittsburgh,1,0,osm_nodes,17,0.014501,0.1269,
4445,pittsburgh,1,0,osm_nodes,17,0.014665,0.1364,
4446,pittsburgh,1,0,osm_nodes,17,0.013601,0.1657,
4447,pittsburgh,1,0,osm_nodes,27,0.015225,0.1698,
4448,pittsburgh,1,0,osm_nodes,26,0.015279,0.173,
4449,pittsburgh,1,0,osm_nodes,27,0.01585,0.1541,
4450,pittsburgh,1,0,osm_nodes,27,0.016016,0.1557,
4451,pittsburgh,1,0,osm_nodes,20,0.011775,0.2221,
4452,pittsburgh,1,0,osm_nodes,19,0.011593,0.2059,
4453,pittsburgh,1,0,osm_nodes,22,0.012946,0.1438,
4454,pittsburgh,1,0,osm_nodes,21,0.012627,0.1388,
4455,pittsburgh,1,0,osm_nodes,22,0.012681,0.1421,
4456,pittsburgh,1,0,osm_nodes,25,0.014213,0.0691,
4457,pittsburgh,1,0,osm_nodes,21,0.014204,0.167,
4458,pittsburgh,1,0,osm_nodes,20,0.01375,0.1539,
4459,pittsburgh,1,0,osm_nodes,20,0.014817,0.1426,
4460,pittsburgh,1,0,osm_nodes,20,0.015064,0.1367,
4461,pittsburgh,1,1,osm_nodes,12,0.0155,0.0176,
4462,pittsburgh,1,0,osm_nodes,16,0.018401,0.0682,
4463,pittsburgh,1,1,osm_nodes,13,0.016598,0.0375,
4464,pittsburgh,1,0,osm_nodes,19,0.019418,0.0818,
4465,pittsburgh,1,0,osm_nodes,14,0.017992,0.0707,
4466,pittsburgh,1,0,osm_nodes,17,0.018616,0.0818,
4467,pittsburgh,1,0,osm_nodes,10,0.017044,0.1439,
4468,pittsburgh,1,0,osm_nodes,10,0.016876,0.1377,
4469,pittsburgh,1,0,osm_nodes,8,0.011774,0.1187,
4470,pittsburgh,1,0,osm_nodes,5,0.003913,0.0274,
4471,pittsburgh,1,0,osm_nodes,5,0.00392,0.039,
4472,pittsburgh,1,0,osm_nodes,7,0.004297,0.058,
4473,pittsburgh,1,0,osm_nodes,7,0.004222,0.0779,
4474,pittsburgh,1,0,osm_nodes,8,0.004135,0.065,
4475,pittsburgh,1,0,osm_nodes,3,0.003295,0.0967,
4476,pittsburgh,1,0,osm_nodes,3,0.003244,0.1202,
4477,pittsburgh,1,0,osm_nodes,2,0.008837,0.0,
4478,pittsburgh,1,0,osm_nodes,4,0.003179,0.1939,
4479,pittsburgh,1,0,osm_nodes,11,0.003179,0.3148,
4480,pittsburgh,1,0,osm_nodes,25,0.003405,0.2105,
4481,pittsburgh,0,1,osm_nodes,6,0.001307,0.229,
4482,pittsburgh,0,1,osm_nodes,8,0.000646,0.2233,
4483,pittsburgh,1,0,osm_nodes,36,0.00305,0.1458,
4484,pittsburgh,0,0,osm_nodes,3,0.003809,0.2028,
4485,pittsburgh,1,0,osm_nodes,36,0.003052,0.1559,
4486,pittsburgh,1,0,osm_nodes,37,0.00293,0.1414,
4487,pittsburgh,1,0,osm_nodes,37,0.002899,0.1388,
4488,pittsburgh,1,1,osm_nodes,37,0.002767,0.1273,
4489,pittsburgh,1,1,osm_nodes,37,0.00276,0.1239,
4490,pittsburgh,1,1,osm_nodes,38,0.002331,0.1239,
4491,pittsburgh,1,1,osm_nodes,38,0.002602,0.1172,
4492,pittsburgh,1,1,osm_nodes,38,0.002757,0.1372,
4493,pittsburgh,1,1,osm_nodes,37,0.002499,0.0978,
4494,pittsburgh,1,1,osm_nodes,37,0.002275,0.1212,
4495,pittsburgh,1,1,osm_nodes,36,0.002154,0.1297,
4496,pittsburgh,1,1,osm_nodes,37,0.002484,0.1114,
4497,pittsburgh,1,1,osm_nodes,36,0.00225,0.1041,
4498,pittsburgh,1,1,osm_nodes,33,0.002241,0.106,
4499,pittsburgh,1,0,osm_nodes,20,0.000765,0.2631,
4500,pittsburgh,0,1,osm_nodes,33,0.002238,0.1209,
4501,pittsburgh,1,0,osm_nodes,20,0.001224,0.2429,
4502,pittsburgh,0,1,osm_nodes,30,0.002044,0.1383,
4503,pittsburgh,0,0,osm_nodes,32,0.00378,0.1262,
4504,pittsburgh,0,1,osm_nodes,31,0.001946,0.1402,
4505,pittsburgh,0,0,osm_nodes,32,0.001364,0.1704,
4506,pittsburgh,0,0,osm_nodes,31,0.001873,0.1386,
4507,pittsburgh,0,1,osm_nodes,21,0.00248,0.0544,
4508,pittsburgh,0,0,osm_nodes,31,0.002127,0.1378,
4509,pittsburgh,0,0,osm_nodes,31,0.003584,0.1361,
4510,pittsburgh,0,0,osm_nodes,31,0.003489,0.1401,
4511,pittsburgh,0,0,osm_nodes,31,0.003424,0.1443,
4512,pittsburgh,0,0,osm_nodes,31,0.001674,0.1388,
4513,pittsburgh,0,0,osm_nodes,31,0.003421,0.1462,
4514,pittsburgh,0,0,osm_nodes,31,0.003413,0.1462,
4515,pittsburgh,0,0,osm_nodes,31,0.0034,0.1447,
4516,pittsburgh,0,0,osm_nodes,22,0.000433,0.296,
4517,pittsburgh,0,0,osm_nodes,27,0.001167,0.2093,
4518,pittsburgh,0,0,osm_nodes,21,0.000433,0.2378,
4519,pittsburgh,0,0,osm_nodes,19,0.000433,0.2267,
4520,pittsburgh,0,0,osm_nodes,31,0.004047,0.0,
4521,pittsburgh,0,0,osm_nodes,33,0.004044,0.0,
4522,pittsburgh,0,0,osm_nodes,35,0.003921,0.0,
4523,pittsburgh,0,0,osm_nodes,12,0.000296,0.2508,
4524,pittsburgh,1,1,osm_nodes,16,0.012,0.0945,
4525,pittsburgh,1,1,osm_nodes,32,0.004097,0.1546,
4526,pittsburgh,1,1,osm_nodes,28,0.00376,0.1635,
4527,pittsburgh,1,1,osm_nodes,16,0.012168,0.0914,
4528,pittsburgh,1,1,osm_nodes,33,0.003979,0.2223,
4529,pittsburgh,1,1,osm_nodes,16,0.011286,0.0747,
4530,pittsburgh,1,1,osm_nodes,29,0.003955,0.2079,
4531,pittsburgh,1,1,osm_nodes,16,0.01199,0.0822,
4532,pittsburgh,1,1,osm_nodes,32,0.003805,0.2656,
4533,pittsburgh,1,1,osm_nodes,31,0.003778,0.235,
4534,pittsburgh,1,1,osm_nodes,17,0.012145,0.0698,
4535,pittsburgh,1,1,osm_nodes,16,0.012054,0.0705,
4536,pittsburgh,1,1,osm_nodes,16,0.011402,0.074,
4537,pittsburgh,1,1,osm_nodes,16,0.011807,0.0814,
4538,pittsburgh,1,1,osm_nodes,26,0.003729,0.1365,
4539,pittsburgh,1,0,osm_nodes,17,0.012222,0.0501,
4540,pittsburgh,1,0,osm_nodes,17,0.012107,0.0412,
4541,pittsburgh,1,0,osm_nodes,18,0.010497,0.0232,
4542,pittsburgh,1,0,osm_nodes,10,0.005531,0.0785,
4543,pittsburgh,1,0,osm_nodes,37,0.013248,0.0997,
4544,pittsburgh,1,1,osm_nodes,26,0.006203,0.1462,
4545,pittsburgh,1,0,osm_nodes,7,0.002783,0.1886,
4546,pittsburgh,1,1,osm_nodes,24,0.005593,0.0603,
4547,pittsburgh,0,1,osm_nodes,22,0.00454,0.0,
4548,pittsburgh,0,1,osm_nodes,21,0.00502,0.004,
4549,pittsburgh,1,0,osm_nodes,34,0.014508,0.3948,
4550,pittsburgh,1,0,osm_nodes,42,0.016118,0.3461,
4551,pittsburgh,1,0,osm_nodes,35,0.014562,0.4406,
4552,pittsburgh,1,0,osm_nodes,40,0.015365,0.4116,
4553,pittsburgh,0,0,osm_nodes,18,0.005061,0.0264,
4554,pittsburgh,1,0,osm_nodes,36,0.014908,0.446,
4555,pittsburgh,0,0,osm_nodes,7,0.001216,0.1801,
4556,pittsburgh,1,0,osm_nodes,37,0.014663,0.4469,
4557,pittsburgh,0,0,osm_nodes,20,0.005776,0.0934,
4558,pittsburgh,0,0,osm_nodes,7,0.001297,0.1467,
4559,pittsburgh,1,0,osm_nodes,24,0.007415,0.1113,
4560,pittsburgh,1,0,osm_nodes,45,0.019098,0.4152,
4561,pittsburgh,1,0,osm_nodes,46,0.018434,0.4141,
4562,pittsburgh,1,0,osm_nodes,43,0.017716,0.4133,
4563,pittsburgh,1,0,osm_nodes,30,0.013963,0.0857,
4564,pittsburgh,0,0,osm_nodes,27,0.012509,0.0559,
4565,pittsburgh,1,0,osm_nodes,33,0.018235,0.0971,
4566,pittsburgh,1,0,osm_nodes,35,0.019216,0.1553,
4567,pittsburgh,1,0,osm_nodes,31,0.017163,0.0614,
4568,pittsburgh,1,0,osm_nodes,33,0.016832,0.1181,
4569,pittsburgh,1,0,osm_nodes,30,0.016388,0.0721,
4570,pittsburgh,1,0,osm_nodes,32,0.015856,0.0768,
4571,pittsburgh,1,0,osm_nodes,27,0.015653,0.0405,
4572,pittsburgh,0,0,osm_nodes,5,0.000387,0.002,
4573,pittsburgh,1,0,osm_nodes,32,0.01523,0.041,
4574,pittsburgh,1,0,osm_nodes,27,0.014976,0.0355,
4575,pittsburgh,1,0,osm_nodes,28,0.014694,0.0355,
4576,pittsburgh,1,0,osm_nodes,23,0.014078,0.0355,
4577,pittsburgh,1,0,osm_nodes,36,0.014798,0.0355,
4578,pittsburgh,1,0,osm_nodes,38,0.014641,0.0355,
4579,pittsburgh,1,1,osm_nodes,59,0.010321,0.021,
4580,pittsburgh,1,0,osm_nodes,43,0.009426,0.042,
4581,pittsburgh,1,1,osm_nodes,63,0.01039,0.0127,
4582,pittsburgh,1,1,osm_nodes,67,0.010967,0.0067,
4583,pittsburgh,1,1,osm_nodes,62,0.009946,0.0298,
4584,pittsburgh,1,0,osm_nodes,55,0.009378,0.042,
4585,pittsburgh,1,1,osm_nodes,57,0.009389,0.0496,
4586,pittsburgh,1,0,osm_nodes,53,0.008862,0.0583,
4587,pittsburgh,1,0,osm_nodes,61,0.010188,0.0397,
4588,pittsburgh,1,0,osm_nodes,3,0.001838,0.0002,
4589,pittsburgh,1,0,osm_nodes,40,0.007263,0.0754,
4590,pittsburgh,1,0,osm_nodes,6,0.003134,0.0108,
4591,pittsburgh,1,0,osm_nodes,6,0.007436,0.0713,
4592,pittsburgh,0,0,osm_nodes,6,0.002209,0.0,
4593,pittsburgh,1,0,osm_nodes,9,0.007498,0.0794,
4594,pittsburgh,1,0,osm_nodes,11,0.007509,0.0945,
4595,pittsburgh,0,0,osm_nodes,7,0.001792,0.0117,
4596,pittsburgh,0,0,osm_nodes,19,0.007961,0.2221,
4597,pittsburgh,0,0,osm_nodes,7,0.001244,0.0211,
4598,pittsburgh,0,0,osm_nodes,26,0.007196,0.0756,
4599,pittsburgh,1,0,osm_nodes,25,0.007413,0.1209,
4600,pittsburgh,1,0,osm_nodes,29,0.007444,0.1483,
4601,pittsburgh,1,0,osm_nodes,34,0.007299,0.1656,
4602,pittsburgh,1,0,osm_nodes,34,0.007299,0.1644,
4603,pittsburgh,1,0,osm_nodes,34,0.007299,0.1667,
4604,pittsburgh,1,0,osm_nodes,36,0.007298,0.1756,
4605,pittsburgh,1,0,osm_nodes,36,0.007298,0.1756,
4606,pittsburgh,1,0,osm_nodes,35,0.007299,0.1693,
4607,pittsburgh,1,0,osm_nodes,34,0.007299,0.1714,
4608,pittsburgh,1,0,osm_nodes,32,0.007301,0.1679,
4609,pittsburgh,1,0,osm_nodes,29,0.006992,0.1575,
4610,pittsburgh,1,0,osm_nodes,28,0.006992,0.1605,
4611,pittsburgh,1,0,osm_nodes,26,0.006992,0.1733,
4612,pittsburgh,1,0,osm_nodes,28,0.006991,0.1708,
4613,pittsburgh,1,0,osm_nodes,26,0.006992,0.1824,
4614,pittsburgh,1,0,osm_nodes,27,0.006991,0.1896,
4615,pittsburgh,1,0,osm_nodes,28,0.007019,0.185,
4616,pittsburgh,1,0,osm_nodes,28,0.007172,0.1921,
4617,pittsburgh,1,0,osm_nodes,24,0.006793,0.1737,
4618,pittsburgh,1,0,osm_nodes,24,0.006955,0.1992,
4619,pittsburgh,1,0,osm_nodes,22,0.006734,0.1773,
4620,pittsburgh,1,0,osm_nodes,25,0.007102,0.1902,
4621,pittsburgh,1,0,osm_nodes,18,0.006376,0.2201,
4622,pittsburgh,1,0,osm_nodes,20,0.006585,0.2284,
4623,pittsburgh,0,0,osm_nodes,33,0.002245,0.2502,
4624,pittsburgh,0,0,osm_nodes,21,0.0,0.3325,
4625,pittsburgh,0,0,osm_nodes,40,0.004368,0.2556,
4626,pittsburgh,0,0,osm_nodes,21,0.0,0.3187,
4627,pittsburgh,1,0,osm_nodes,21,0.007287,0.2082,
4628,pittsburgh,0,0,osm_nodes,35,0.002454,0.2643,
4629,pittsburgh,1,0,osm_nodes,24,0.007608,0.2399,
4630,pittsburgh,0,0,osm_nodes,23,0.0,0.272,
4631,pittsburgh,0,0,osm_nodes,43,0.005216,0.2499,
4632,pittsburgh,0,0,osm_nodes,23,0.000326,0.2652,
4633,pittsburgh,0,0,osm_nodes,21,0.001395,0.25,
4634,pittsburgh,1,0,osm_nodes,32,0.010425,0.3189,
4635,pittsburgh,0,0,osm_nodes,40,0.00474,0.2608,
4636,pittsburgh,0,0,osm_nodes,31,0.004361,0.19,
4637,pittsburgh,0,0,osm_nodes,48,0.009487,0.2079,
4638,pittsburgh,0,0,osm_nodes,33,0.005607,0.2182,
4639,pittsburgh,1,0,osm_nodes,39,0.010945,0.2796,
4640,pittsburgh,0,0,osm_nodes,46,0.009404,0.2227,
4641,pittsburgh,1,0,osm_nodes,45,0.010431,0.2335,
4642,pittsburgh,0,0,osm_nodes,47,0.009326,0.2238,
4643,pittsburgh,1,0,osm_nodes,44,0.01085,0.239,
4644,pittsburgh,1,0,osm_nodes,45,0.010837,0.2382,
4645,pittsburgh,0,0,osm_nodes,45,0.00921,0.2056,
4646,pittsburgh,1,0,osm_nodes,41,0.011169,0.2619,
4647,pittsburgh,1,0,osm_nodes,44,0.011029,0.2405,
4648,pittsburgh,1,0,osm_nodes,42,0.011194,0.2511,
4649,pittsburgh,1,0,osm_nodes,45,0.010318,0.2447,
4650,pittsburgh,1,0,osm_nodes,43,0.010234,0.2342,
4651,pittsburgh,1,0,osm_nodes,45,0.010668,0.2248,
4652,pittsburgh,1,0,osm_nodes,45,0.011429,0.2626,
4653,pittsburgh,1,0,osm_nodes,45,0.010467,0.2147,
4654,pittsburgh,1,0,osm_nodes,44,0.010924,0.2003,
4655,pittsburgh,1,0,osm_nodes,43,0.010997,0.1927,
4656,pittsburgh,1,0,osm_nodes,42,0.010932,0.1679,
4657,pittsburgh,1,0,osm_nodes,41,0.011231,0.182,
4658,pittsburgh,1,0,osm_nodes,40,0.012243,0.1417,
4659,pittsburgh,0,0,osm_nodes,43,0.011508,0.2862,
4660,pittsburgh,1,0,osm_nodes,44,0.012203,0.1343,
4661,pittsburgh,0,0,osm_nodes,45,0.011509,0.3036,
4662,pittsburgh,1,0,osm_nodes,44,0.012543,0.1437,
4663,pittsburgh,0,0,osm_nodes,42,0.011263,0.1953,
4664,pittsburgh,0,0,osm_nodes,37,0.010067,0.199,
4665,pittsburgh,0,0,osm_nodes,30,0.006219,0.2061,
4666,pittsburgh,1,0,osm_nodes,30,0.011939,0.1127,
4667,pittsburgh,1,0,osm_nodes,34,0.013928,0.2615,
4668,pittsburgh,1,0,osm_nodes,35,0.014348,0.3232,
4669,pittsburgh,0,0,osm_nodes,39,0.006286,0.0571,
4670,pittsburgh,0,1,osm_nodes,38,0.004713,0.0349,
4671,pittsburgh,1,1,osm_nodes,43,0.007184,0.1401,
4672,pittsburgh,1,1,osm_nodes,44,0.007017,0.1007,
4673,pittsburgh,1,1,osm_nodes,44,0.007106,0.1083,
4674,pittsburgh,1,1,osm_nodes,44,0.007532,0.1736,
4675,pittsburgh,1,1,osm_nodes,47,0.007539,0.1341,
4676,pittsburgh,1,1,osm_nodes,46,0.008025,0.2139,
4677,pittsburgh,1,1,osm_nodes,50,0.008909,0.2629,
4678,pittsburgh,1,1,osm_nodes,54,0.008951,0.239,
4679,pittsburgh,1,1,osm_nodes,49,0.007589,0.0419,
4680,pittsburgh,1,1,osm_nodes,49,0.00791,0.0761,
4681,pittsburgh,1,0,osm_nodes,57,0.009069,0.1648,
4682,pittsburgh,1,0,osm_nodes,57,0.009125,0.1477,
4683,pittsburgh,0,0,osm_nodes,69,0.010306,0.0881,
4684,pittsburgh,1,0,osm_nodes,69,0.010623,0.0682,
4685,pittsburgh,1,0,osm_nodes,67,0.010092,0.0411,
4686,pittsburgh,1,0,osm_nodes,65,0.009721,0.0496,
4687,pittsburgh,1,0,osm_nodes,69,0.010678,0.0276,
4688,pittsburgh,1,0,osm_nodes,61,0.009307,0.0727,
4689,pittsburgh,1,0,osm_nodes,66,0.01005,0.035,
4690,pittsburgh,1,0,osm_nodes,62,0.009575,0.0574,
4691,pittsburgh,1,0,osm_nodes,56,0.008545,0.1141,
4692,pittsburgh,1,1,osm_nodes,88,0.01433,0.0065,
4693,pittsburgh,1,1,osm_nodes,80,0.013448,0.0578,
4694,pittsburgh,0,0,osm_nodes,41,0.002932,0.4036,
4695,pittsburgh,1,1,osm_nodes,83,0.01353,0.0041,
4696,pittsburgh,1,1,osm_nodes,77,0.013221,0.0073,
4697,pittsburgh,1,0,osm_nodes,72,0.011878,0.007,
4698,pittsburgh,1,1,osm_nodes,70,0.012316,0.019,
4699,pittsburgh,1,1,osm_nodes,64,0.011709,0.0578,
4700,pittsburgh,1,1,osm_nodes,63,0.011713,0.0445,
4701,pittsburgh,1,1,osm_nodes,67,0.011888,0.0296,
4702,pittsburgh,1,1,osm_nodes,56,0.011098,0.0586,
4703,pittsburgh,1,1,osm_nodes,61,0.011358,0.0443,
4704,pittsburgh,1,1,osm_nodes,64,0.011351,0.0492,
4705,pittsburgh,1,0,osm_nodes,48,0.008708,0.0846,
4706,pittsburgh,0,0,osm_nodes,47,0.008902,0.0832,
4707,pittsburgh,0,0,osm_nodes,39,0.007756,0.1653,
4708,pittsburgh,0,0,osm_nodes,33,0.006122,0.1302,
4709,pittsburgh,0,0,osm_nodes,30,0.00276,0.3036,
4710,pittsburgh,1,0,osm_nodes,11,0.004622,0.045,
4711,pittsburgh,1,0,osm_nodes,6,0.004853,0.022,
4712,pittsburgh,0,0,osm_nodes,3,0.003063,0.0142,
4713,pittsburgh,0,0,osm_nodes,3,0.002999,0.0036,
4714,pittsburgh,0,0,osm_nodes,13,0.003723,0.063,
4715,pittsburgh,0,0,osm_nodes,16,0.003376,0.0605,
4716,pittsburgh,0,0,osm_nodes,15,0.003149,0.0614,
4717,pittsburgh,1,0,osm_nodes,16,0.006147,0.0245,
4718,pittsburgh,1,0,osm_nodes,4,0.0048,0.0014,
4719,pittsburgh,1,0,osm_nodes,17,0.009849,0.0031,
4720,pittsburgh,1,0,osm_nodes,3,0.005309,0.0,
4721,pittsburgh,1,0,osm_nodes,18,0.009958,0.002,
4722,pittsburgh,0,0,osm_nodes,13,0.002278,0.0795,
4723,pittsburgh,1,0,osm_nodes,20,0.010004,0.005,
4724,pittsburgh,1,0,osm_nodes,18,0.010581,0.0313,
4725,pittsburgh,1,0,osm_nodes,17,0.010565,0.0313,
4726,pittsburgh,1,0,osm_nodes,17,0.010519,0.0313,
4727,pittsburgh,1,0,osm_nodes,18,0.010759,0.0313,
4728,pittsburgh,1,0,osm_nodes,18,0.011026,0.0361,
4729,pittsburgh,1,0,osm_nodes,18,0.010747,0.0313,
4730,pittsburgh,1,0,osm_nodes,18,0.011024,0.0355,
4731,pittsburgh,1,0,osm_nodes,18,0.011007,0.0343,
4732,pittsburgh,1,0,osm_nodes,18,0.010988,0.0326,
4733,pittsburgh,1,0,osm_nodes,18,0.011123,0.0361,
4734,pittsburgh,1,0,osm_nodes,17,0.010568,0.0313,
4735,pittsburgh,1,0,osm_nodes,17,0.010234,0.0313,
4736,pittsburgh,1,0,osm_nodes,16,0.009941,0.0292,
4737,pittsburgh,0,0,osm_nodes,12,0.001458,0.1425,
4738,pittsburgh,1,1,osm_nodes,26,0.005496,0.1502,
4739,pittsburgh,0,0,osm_nodes,9,0.005044,0.0104,
4740,pittsburgh,1,1,osm_nodes,30,0.005594,0.1384,
4741,pittsburgh,1,1,osm_nodes,30,0.00566,0.1297,
4742,pittsburgh,0,0,osm_nodes,8,0.00522,0.0078,
4743,pittsburgh,0,0,osm_nodes,9,0.001539,0.1566,
4744,pittsburgh,0,0,osm_nodes,8,0.00215,0.139,
4745,pittsburgh,1,0,osm_nodes,9,0.004177,0.0387,
4746,pittsburgh,1,0,osm_nodes,9,0.004177,0.0397,
4747,pittsburgh,1,0,osm_nodes,5,0.003907,0.0052,
4748,pittsburgh,1,0,osm_nodes,6,0.002037,0.0584,
4749,pittsburgh,0,0,osm_nodes,8,0.003443,0.0549,
4750,pittsburgh,0,0,osm_nodes,8,0.0035,0.0524,
4751,pittsburgh,1,0,osm_nodes,8,0.004218,0.0209,
4752,pittsburgh,1,0,osm_nodes,27,0.012766,0.1108,
4753,pittsburgh,1,0,osm_nodes,27,0.014226,0.0868,
4754,pittsburgh,0,0,osm_nodes,27,0.012562,0.0025,
4755,pittsburgh,1,0,osm_nodes,30,0.016132,0.0648,
4756,pittsburgh,1,0,osm_nodes,32,0.016431,0.0347,
4757,pittsburgh,0,0,osm_nodes,26,0.013716,0.0007,
4758,pittsburgh,1,0,osm_nodes,32,0.016518,0.0314,
4759,pittsburgh,1,0,osm_nodes,32,0.016553,0.0258,
4760,pittsburgh,1,0,osm_nodes,3,0.003328,0.074,
4761,pittsburgh,1,0,osm_nodes,26,0.015186,0.1011,
4762,pittsburgh,1,0,osm_nodes,21,0.014956,0.0963,
4763,pittsburgh,1,0,osm_nodes,26,0.016183,0.0793,
4764,pittsburgh,1,0,osm_nodes,13,0.012133,0.0824,
4765,pittsburgh,1,0,osm_nodes,10,0.01059,0.065,
4766,pittsburgh,0,0,osm_nodes,3,0.0,0.0056,
4767,pittsburgh,1,0,osm_nodes,35,0.006497,0.0499,
4768,pittsburgh,1,0,osm_nodes,35,0.006499,0.0585,
4769,pittsburgh,1,0,osm_nodes,33,0.005287,0.1022,
4770,pittsburgh,1,0,osm_nodes,33,0.005315,0.0861,
4771,pittsburgh,1,0,osm_nodes,33,0.005309,0.0831,
4772,pittsburgh,1,0,osm_nodes,36,0.004216,0.1425,
4773,pittsburgh,1,0,osm_nodes,35,0.00456,0.1191,
4774,pittsburgh,1,0,osm_nodes,34,0.004562,0.1061,
4775,pittsburgh,1,0,osm_nodes,36,0.004283,0.1249,
4776,pittsburgh,1,0,osm_nodes,34,0.004574,0.0996,
4777,pittsburgh,1,0,osm_nodes,36,0.004321,0.1236,
4778,pittsburgh,1,0,osm_nodes,37,0.004317,0.1051,
4779,pittsburgh,1,0,osm_nodes,36,0.004084,0.1323,
4780,pittsburgh,0,0,osm_nodes,1,0.0,0.0308,
4781,pittsburgh,0,0,osm_nodes,7,0.000193,0.1876,
4782,pittsburgh,0,0,osm_nodes,9,0.000143,0.1779,
4783,pittsburgh,0,0,osm_nodes,5,0.0,0.1223,
4784,pittsburgh,0,0,osm_nodes,5,0.0,0.1159,
4785,pittsburgh,1,0,osm_nodes,99,0.014869,0.1996,
4786,pittsburgh,1,0,osm_nodes,94,0.014194,0.2158,
4787,pittsburgh,1,0,osm_nodes,99,0.016307,0.1905,
4788,pittsburgh,1,0,osm_nodes,98,0.015663,0.1977,
4789,pittsburgh,1,0,osm_nodes,96,0.016801,0.1823,
4790,pittsburgh,1,0,osm_nodes,98,0.016086,0.1993,
4791,pittsburgh,0,0,osm_nodes,94,0.019993,0.1692,
4792,pittsburgh,1,0,osm_nodes,95,0.015737,0.1949,
4793,pittsburgh,1,0,osm_nodes,97,0.016777,0.1809,
4794,pittsburgh,1,0,osm_nodes,90,0.014492,0.1883,
4795,pittsburgh,1,0,osm_nodes,82,0.01277,0.2049,
4796,pittsburgh,1,0,osm_nodes,94,0.015794,0.1736,
4797,pittsburgh,1,0,osm_nodes,81,0.012608,0.2063,
4798,pittsburgh,1,0,osm_nodes,84,0.013339,0.1912,
4799,pittsburgh,1,0,osm_nodes,85,0.014038,0.1796,
4800,pittsburgh,1,0,osm_nodes,82,0.013187,0.2044,
4801,pittsburgh,1,0,osm_nodes,83,0.013929,0.1996,
4802,pittsburgh,1,0,osm_nodes,83,0.01162,0.4321,
4803,pittsburgh,1,0,osm_nodes,82,0.011767,0.4313,
4804,pittsburgh,1,0,osm_nodes,88,0.01191,0.4462,
4805,pittsburgh,1,0,osm_nodes,87,0.011827,0.4398,
4806,pittsburgh,1,0,osm_nodes,81,0.011836,0.4261,
4807,pittsburgh,1,0,osm_nodes,87,0.011913,0.4567,
4808,pittsburgh,1,0,osm_nodes,85,0.011854,0.4408,
4809,pittsburgh,1,0,osm_nodes,86,0.011873,0.456,
4810,pittsburgh,1,0,osm_nodes,75,0.011047,0.4463,
4811,pittsburgh,1,0,osm_nodes,77,0.011006,0.4067,
4812,pittsburgh,1,0,osm_nodes,75,0.011059,0.4472,
4813,pittsburgh,1,0,osm_nodes,77,0.011006,0.3786,
4814,pittsburgh,1,0,osm_nodes,77,0.011055,0.4271,
4815,pittsburgh,1,0,osm_nodes,77,0.011,0.3562,
4816,pittsburgh,1,0,osm_nodes,75,0.01106,0.4349,
4817,pittsburgh,1,0,osm_nodes,77,0.011049,0.4013,
4818,pittsburgh,1,0,osm_nodes,77,0.01105,0.4114,
4819,pittsburgh,1,0,osm_nodes,77,0.011043,0.3736,
4820,pittsburgh,1,0,osm_nodes,77,0.011042,0.3845,
4821,pittsburgh,1,0,osm_nodes,71,0.011376,0.3304,
4822,pittsburgh,1,0,osm_nodes,73,0.011047,0.3018,
4823,pittsburgh,1,0,osm_nodes,70,0.011307,0.3186,
4824,pittsburgh,1,0,osm_nodes,70,0.011268,0.3119,
4825,pittsburgh,1,0,osm_nodes,67,0.01108,0.3133,
4826,pittsburgh,1,0,osm_nodes,73,0.010969,0.2994,
4827,pittsburgh,1,0,osm_nodes,68,0.010988,0.3182,
4828,pittsburgh,1,0,osm_nodes,69,0.011161,0.3348,
4829,pittsburgh,1,0,osm_nodes,70,0.011154,0.2887,
4830,pittsburgh,1,0,osm_nodes,68,0.011249,0.2973,
4831,pittsburgh,1,0,osm_nodes,69,0.011121,0.3275,
4832,pittsburgh,1,0,osm_nodes,68,0.011243,0.2869,
4833,pittsburgh,1,0,osm_nodes,69,0.010927,0.3191,
4834,pittsburgh,1,0,osm_nodes,66,0.010894,0.2974,
4835,pittsburgh,1,0,osm_nodes,69,0.011011,0.3079,
4836,pittsburgh,1,0,osm_nodes,68,0.011264,0.2751,
4837,pittsburgh,1,0,osm_nodes,66,0.01065,0.2802,
4838,pittsburgh,1,0,osm_nodes,70,0.010756,0.3123,
4839,pittsburgh,1,0,osm_nodes,68,0.011148,0.2879,
4840,pittsburgh,1,0,osm_nodes,70,0.01084,0.3128,
4841,pittsburgh,1,0,osm_nodes,70,0.010856,0.3113,
4842,pittsburgh,1,0,osm_nodes,68,0.010589,0.2952,
4843,pittsburgh,1,0,osm_nodes,70,0.010692,0.2947,
4844,pittsburgh,0,0,osm_nodes,5,0.001911,0.0305,
4845,pittsburgh,1,0,osm_nodes,30,0.011485,0.0294,
4846,pittsburgh,1,0,osm_nodes,29,0.011165,0.0271,
4847,pittsburgh,1,0,osm_nodes,30,0.011191,0.0402,
4848,pittsburgh,1,0,osm_nodes,28,0.01108,0.0298,
4849,pittsburgh,1,0,osm_nodes,29,0.01086,0.0337,
4850,pittsburgh,1,0,osm_nodes,28,0.010657,0.0292,
4851,pittsburgh,1,0,osm_nodes,20,0.008917,0.0687,
4852,pittsburgh,1,0,osm_nodes,13,0.001312,0.1966,
4853,pittsburgh,1,0,osm_nodes,16,0.001312,0.2193,
4854,pittsburgh,0,0,osm_nodes,16,0.001312,0.211,
4855,pittsburgh,0,0,osm_nodes,15,0.001248,0.0906,
4856,pittsburgh,0,0,osm_nodes,10,0.00275,0.0919,
4857,pittsburgh,1,0,osm_nodes,10,0.00275,0.1069,
4858,pittsburgh,1,0,osm_nodes,10,0.00275,0.112,
4859,pittsburgh,1,0,osm_nodes,10,0.00275,0.1237,
4860,pittsburgh,1,0,osm_nodes,15,0.003099,0.0252,
4861,pittsburgh,1,0,osm_nodes,16,0.003238,0.042,
4862,pittsburgh,1,0,osm_nodes,31,0.004298,0.0708,
4863,pittsburgh,1,0,osm_nodes,31,0.004298,0.0664,
4864,pittsburgh,1,0,osm_nodes,31,0.004298,0.0831,
4865,pittsburgh,1,0,osm_nodes,32,0.004298,0.0639,
4866,pittsburgh,1,0,osm_nodes,31,0.004298,0.0809,
4867,pittsburgh,0,0,osm_nodes,30,0.004298,0.1145,
4868,pittsburgh,0,0,osm_nodes,5,0.0,0.1361,
4869,pittsburgh,0,0,osm_nodes,9,0.0,0.1365,
4870,pittsburgh,0,0,osm_nodes,9,0.0,0.1107,
4871,pittsburgh,0,0,osm_nodes,5,0.000618,0.0958,
4872,pittsburgh,0,0,osm_nodes,5,0.000972,0.0962,
4873,pittsburgh,1,0,osm_nodes,3,0.005489,0.0585,
4874,pittsburgh,1,0,osm_nodes,4,0.010792,0.0056,
4875,pittsburgh,1,0,osm_nodes,3,0.007059,0.0168,
4876,pittsburgh,0,0,osm_nodes,8,0.0,0.0559,
4877,pittsburgh,0,0,osm_nodes,7,0.0,0.0691,
4878,pittsburgh,0,0,osm_nodes,8,0.0,0.032,
4879,pittsburgh,0,0,osm_nodes,17,0.0,0.1376,
4880,pittsburgh,0,0,osm_nodes,24,0.0,0.2148,
4881,pittsburgh,0,0,osm_nodes,22,0.0,0.207,
4882,pittsburgh,0,0,osm_nodes,27,0.0,0.2339,
4883,pittsburgh,0,0,osm_nodes,21,0.0,0.1812,
4884,pittsburgh,0,0,osm_nodes,26,0.0,0.2232,
4885,pittsburgh,0,0,osm_nodes,26,0.0,0.2201,
4886,pittsburgh,0,0,osm_nodes,26,0.0,0.223,
4887,pittsburgh,0,0,osm_nodes,26,0.0,0.2083,
4888,pittsburgh,0,0,osm_nodes,26,0.0,0.2191,
4889,pittsburgh,0,0,osm_nodes,23,0.0,0.1756,
4890,pittsburgh,0,0,osm_nodes,25,0.0,0.1671,
4891,pittsburgh,0,0,osm_nodes,23,0.0,0.1135,
4892,pittsburgh,0,0,osm_nodes,27,0.0,0.0943,
4893,pittsburgh,0,0,osm_nodes,29,0.0,0.1742,
4894,pittsburgh,0,0,osm_nodes,31,0.0,0.1869,
4895,pittsburgh,0,0,osm_nodes,47,0.012023,0.0344,
4896,pittsburgh,1,0,osm_nodes,58,0.013454,0.0463,
4897,pittsburgh,0,0,osm_nodes,53,0.014983,0.0306,
4898,pittsburgh,0,0,osm_nodes,49,0.01561,0.0237,
4899,pittsburgh,1,0,osm_nodes,52,0.017232,0.0831,
4900,pittsburgh,0,0,osm_nodes,69,0.020761,0.0909,
4901,pittsburgh,0,0,osm_nodes,68,0.02154,0.0939,
4902,pittsburgh,0,0,osm_nodes,49,0.010015,0.0402,
4903,pittsburgh,0,0,osm_nodes,55,0.01268,0.028,
4904,pittsburgh,0,0,osm_nodes,55,0.013413,0.033,
4905,pittsburgh,0,0,osm_nodes,33,0.006275,0.111,
4906,pittsburgh,0,0,osm_nodes,33,0.006328,0.1136,
4907,pittsburgh,0,0,osm_nodes,30,0.00446,0.1399,
4908,pittsburgh,0,0,osm_nodes,29,0.004577,0.1389,
4909,pittsburgh,0,0,osm_nodes,22,0.000802,0.149,
4910,pittsburgh,0,0,osm_nodes,21,0.000824,0.1305,
4911,pittsburgh,1,0,osm_nodes,8,0.007897,0.0817,
4912,pittsburgh,1,0,osm_nodes,8,0.007882,0.1008,
4913,pittsburgh,1,0,osm_nodes,32,0.015872,0.1145,
4914,pittsburgh,1,0,osm_nodes,32,0.01595,0.1099,
4915,pittsburgh,1,0,osm_nodes,32,0.015973,0.1088,
4916,pittsburgh,1,0,osm_nodes,32,0.01666,0.0896,
4917,pittsburgh,1,0,osm_nodes,33,0.016742,0.0917,
4918,pittsburgh,1,0,osm_nodes,32,0.016814,0.0913,
4919,pittsburgh,1,0,osm_nodes,35,0.016807,0.1134,
4920,pittsburgh,0,0,osm_nodes,23,0.000203,0.1362,
4921,pittsburgh,0,0,osm_nodes,23,0.0,0.211,
4922,pittsburgh,0,0,osm_nodes,24,0.0,0.2578,
4923,pittsburgh,0,0,osm_nodes,9,0.001031,0.1675,
4924,pittsburgh,1,0,osm_nodes,15,0.003619,0.0705,
4925,pittsburgh,0,0,osm_nodes,10,0.00162,0.1655,
4926,pittsburgh,1,0,osm_nodes,14,0.003777,0.065,
4927,pittsburgh,0,0,osm_nodes,15,0.003545,0.0745,
4928,pittsburgh,0,0,osm_nodes,11,0.002243,0.1121,
4929,pittsburgh,1,0,osm_nodes,7,0.003646,0.0707,
4930,pittsburgh,0,0,osm_nodes,3,0.0,0.0129,
4931,pittsburgh,0,0,osm_nodes,3,0.0,0.0129,
4932,pittsburgh,0,0,osm_nodes,4,0.0,0.0814,
4933,pittsburgh,0,0,osm_nodes,4,0.0,0.0992,
4934,pittsburgh,0,0,osm_nodes,4,0.0,0.0931,
4935,pittsburgh,0,0,osm_nodes,16,0.0,0.1604,
4936,pittsburgh,0,0,osm_nodes,3,0.001158,0.0,
4937,pittsburgh,0,0,osm_nodes,19,0.001624,0.1722,
4938,pittsburgh,0,0,osm_nodes,20,0.002538,0.1653,
4939,pittsburgh,0,0,osm_nodes,20,0.001956,0.1626,
4940,pittsburgh,0,0,osm_nodes,17,0.00315,0.1485,
4941,pittsburgh,1,0,osm_nodes,18,0.006089,0.1258,
4942,pittsburgh,1,0,osm_nodes,18,0.006698,0.1055,
4943,pittsburgh,1,0,osm_nodes,18,0.00753,0.0477,
4944,pittsburgh,0,0,osm_nodes,20,0.006857,0.0861,
4945,pittsburgh,1,0,osm_nodes,16,0.007976,0.0636,
4946,pittsburgh,1,0,osm_nodes,5,0.001666,0.033,
4947,pittsburgh,0,0,osm_nodes,3,0.0,0.021,
4948,pittsburgh,0,0,osm_nodes,3,0.0,0.021,
4949,pittsburgh,0,0,osm_nodes,7,0.0,0.189,
4950,pittsburgh,0,0,osm_nodes,8,0.0,0.1202,
4951,pittsburgh,0,0,osm_nodes,8,0.0,0.1053,
4952,pittsburgh,0,0,osm_nodes,8,0.0,0.0568,
4953,pittsburgh,0,0,osm_nodes,7,0.0,0.1102,
4954,pittsburgh,0,0,osm_nodes,6,0.0,0.1133,
4955,pittsburgh,0,0,osm_nodes,7,0.0,0.0745,
4956,pittsburgh,0,0,osm_nodes,7,0.0,0.0608,
4957,pittsburgh,0,0,osm_nodes,9,0.0,0.0766,
4958,pittsburgh,0,0,osm_nodes,7,0.001505,0.0303,
4959,pittsburgh,1,0,osm_nodes,4,0.001446,0.0346,
4960,pittsburgh,1,0,osm_nodes,4,0.001446,0.0371,
4961,pittsburgh,0,0,osm_nodes,1,0.0,0.0303,
4962,pittsburgh,1,0,osm_nodes,40,0.007738,0.0959,
4963,pittsburgh,1,0,osm_nodes,40,0.008147,0.1152,
4964,pittsburgh,1,0,osm_nodes,39,0.007664,0.0917,
4965,pittsburgh,1,0,osm_nodes,40,0.007857,0.0912,
4966,pittsburgh,1,0,osm_nodes,40,0.007845,0.0884,
4967,pittsburgh,1,0,osm_nodes,39,0.008244,0.1174,
4968,pittsburgh,1,0,osm_nodes,39,0.008038,0.0925,
4969,pittsburgh,1,0,osm_nodes,39,0.008052,0.0929,
4970,pittsburgh,1,0,osm_nodes,39,0.008036,0.0923,
4971,pittsburgh,1,0,osm_nodes,38,0.007517,0.0783,
4972,pittsburgh,1,0,osm_nodes,36,0.007684,0.0778,
4973,pittsburgh,1,0,osm_nodes,35,0.00783,0.0776,
4974,pittsburgh,1,0,osm_nodes,38,0.008425,0.1035,
4975,pittsburgh,1,0,osm_nodes,38,0.008419,0.1,
4976,pittsburgh,1,0,osm_nodes,37,0.00839,0.0928,
4977,pittsburgh,1,0,osm_nodes,37,0.008172,0.0756,
4978,pittsburgh,1,0,osm_nodes,36,0.006938,0.0237,
4979,pittsburgh,1,0,osm_nodes,36,0.007112,0.0263,
4980,pittsburgh,1,0,osm_nodes,36,0.007216,0.029,
4981,pittsburgh,0,0,osm_nodes,5,0.002595,0.1188,
4982,pittsburgh,1,0,osm_nodes,7,0.001731,0.1362,
4983,pittsburgh,1,0,osm_nodes,7,0.001716,0.1334,
4984,pittsburgh,1,0,osm_nodes,7,0.001642,0.1493,
4985,pittsburgh,1,0,osm_nodes,7,0.001775,0.1212,
4986,pittsburgh,1,0,osm_nodes,29,0.015545,0.099,
4987,pittsburgh,1,0,osm_nodes,33,0.016211,0.1026,
4988,pittsburgh,1,0,osm_nodes,32,0.014518,0.1229,
4989,pittsburgh,1,0,osm_nodes,32,0.014901,0.1194,
4990,pittsburgh,1,0,osm_nodes,33,0.0157,0.1116,
4991,pittsburgh,1,0,osm_nodes,33,0.015187,0.1149,
4992,pittsburgh,1,0,osm_nodes,32,0.016139,0.1047,
4993,pittsburgh,1,0,osm_nodes,33,0.015759,0.1104,
4994,pittsburgh,1,0,osm_nodes,33,0.015811,0.1054,
4995,pittsburgh,1,0,osm_nodes,32,0.015449,0.1173,
4996,pittsburgh,0,0,osm_nodes,7,0.0,0.0057,
4997,pittsburgh,0,0,osm_nodes,6,0.0,0.0086,
4998,pittsburgh,0,0,osm_nodes,15,0.0,0.137,
4999,pittsburgh,0,0,osm_nodes,13,0.0,0.0742,
