point_id,tract_geoid,LPA_CrudePrev,LPA_Crude95CI,OBESITY_CrudePrev,OBESITY_Crude95CI,TotalPopulation
PGH_0,42003432400,,,,,2579.0
PGH_1,42003432400,,,,,2579.0
PGH_2,42003432400,,,,,2579.0
PGH_3,42003432400,,,,,2579.0
PGH_4,42003432400,,,,,2579.0
PGH_5,42003432400,,,,,2579.0
PGH_6,42003432400,,,,,2579.0
PGH_7,42003432400,,,,,2579.0
PGH_8,42003432400,,,,,2579.0
PGH_9,42003432400,,,,,2579.0
PGH_10,42003432400,,,,,2579.0
PGH_11,42003431500,,,,,3165.0
PGH_12,42003431500,,,,,3165.0
PGH_13,42003431500,,,,,3165.0
PGH_14,42003431500,,,,,3165.0
PGH_15,42003431500,,,,,3165.0
PGH_16,42003431500,,,,,3165.0
PGH_17,42003431500,,,,,3165.0
PGH_18,42003431500,,,,,3165.0
PGH_19,42003431500,,,,,3165.0
PGH_20,42003431500,,,,,3165.0
PGH_21,42003431500,,,,,3165.0
PGH_22,42003431500,,,,,3165.0
PGH_23,42003431500,,,,,3165.0
PGH_24,42003431500,,,,,3165.0
PGH_25,42003431500,,,,,3165.0
PGH_26,42003431500,,,,,3165.0
PGH_27,42003431500,,,,,3165.0
PGH_28,42003431500,,,,,3165.0
PGH_29,42003429100,,,,,2607.0
PGH_30,42003462100,,,,,2524.0
PGH_31,42003462100,,,,,2524.0
PGH_32,42003462100,,,,,2524.0
PGH_33,42003431100,,,,,3253.0
PGH_34,42003431100,,,,,3253.0
PGH_35,42003431100,,,,,3253.0
PGH_36,42003431100,,,,,3253.0
PGH_37,42003431100,,,,,3253.0
PGH_38,42003431100,,,,,3253.0
PGH_39,42003431100,,,,,3253.0
PGH_40,42003431100,,,,,3253.0
PGH_41,42003431100,,,,,3253.0
PGH_42,42003431100,,,,,3253.0
PGH_43,42003431100,,,,,3253.0
PGH_44,42003431100,,,,,3253.0
PGH_45,42003431100,,,,,3253.0
PGH_46,42003431100,,,,,3253.0
PGH_47,42003431100,,,,,3253.0
PGH_48,42003431100,,,,,3253.0
PGH_49,42003431100,,,,,3253.0
PGH_50,42003431100,,,,,3253.0
PGH_51,42003431100,,,,,3253.0
PGH_52,42003431100,,,,,3253.0
PGH_53,42003431100,,,,,3253.0
PGH_54,42003431100,,,,,3253.0
PGH_55,42003431100,,,,,3253.0
PGH_56,42003431100,,,,,3253.0
PGH_57,42003431100,,,,,3253.0
PGH_58,42003431100,,,,,3253.0
PGH_59,42003431100,,,,,3253.0
PGH_60,42003431100,,,,,3253.0
PGH_61,42003431500,,,,,3165.0
PGH_62,42003431100,,,,,3253.0
PGH_63,42003431100,,,,,3253.0
PGH_64,42003431500,,,,,3165.0
PGH_65,42003431500,,,,,3165.0
PGH_66,42003431100,,,,,3253.0
PGH_67,42003431100,,,,,3253.0
PGH_68,42003431500,,,,,3165.0
PGH_69,42003431500,,,,,3165.0
PGH_70,42003431500,,,,,3165.0
PGH_71,42003431500,,,,,3165.0
PGH_72,42003431500,,,,,3165.0
PGH_73,42003431500,,,,,3165.0
PGH_74,42003431500,,,,,3165.0
PGH_75,42003431500,,,,,3165.0
PGH_76,42003431500,,,,,3165.0
PGH_77,42003431500,,,,,3165.0
PGH_78,42003431500,,,,,3165.0
PGH_79,42003431500,,,,,3165.0
PGH_80,42003431500,,,,,3165.0
PGH_81,42003431500,,,,,3165.0
PGH_82,42003431500,,,,,3165.0
PGH_83,42003431500,,,,,3165.0
PGH_84,42003431500,,,,,3165.0
PGH_85,42003431100,,,,,3253.0
PGH_86,42003431500,,,,,3165.0
PGH_87,42003431500,,,,,3165.0
PGH_88,42003431500,,,,,3165.0
PGH_89,42003431100,,,,,3253.0
PGH_90,42003431500,,,,,3165.0
PGH_91,42003431100,,,,,3253.0
PGH_92,42003431500,,,,,3165.0
PGH_93,42003431500,,,,,3165.0
PGH_94,42003431500,,,,,3165.0
PGH_95,42003431500,,,,,3165.0
PGH_96,42003431500,,,,,3165.0
PGH_97,42003431500,,,,,3165.0
PGH_98,42003431500,,,,,3165.0
PGH_99,42003431500,,,,,3165.0
PGH_100,42003431500,,,,,3165.0
PGH_101,42003431500,,,,,3165.0
PGH_102,42003431500,,,,,3165.0
PGH_103,42003431500,,,,,3165.0
PGH_104,42003431100,,,,,3253.0
PGH_105,42003431100,,,,,3253.0
PGH_106,42003431500,,,,,3165.0
PGH_107,42003431500,,,,,3165.0
PGH_108,42003431500,,,,,3165.0
PGH_109,42003431100,,,,,3253.0
PGH_110,42003431100,,,,,3253.0
PGH_111,42003431500,,,,,3165.0
PGH_112,42003431500,,,,,3165.0
PGH_113,42003431100,,,,,3253.0
PGH_114,42003431100,,,,,3253.0
PGH_115,42003431500,,,,,3165.0
PGH_116,42003431500,,,,,3165.0
PGH_117,42003431100,,,,,3253.0
PGH_118,42003431500,,,,,3165.0
PGH_119,42003431500,,,,,3165.0
PGH_120,42003431500,,,,,3165.0
PGH_121,42003431500,,,,,3165.0
PGH_122,42003431500,,,,,3165.0
PGH_123,42003431500,,,,,3165.0
PGH_124,42003431500,,,,,3165.0
PGH_125,42003431100,,,,,3253.0
PGH_126,42003431100,,,,,3253.0
PGH_127,42003431100,,,,,3253.0
PGH_128,42003431100,,,,,3253.0
PGH_129,42003431500,,,,,3165.0
PGH_130,42003431500,,,,,3165.0
PGH_131,42003431500,,,,,3165.0
PGH_132,42003431100,,,,,3253.0
PGH_133,42003431500,,,,,3165.0
PGH_134,42003431100,,,,,3253.0
PGH_135,42003431500,,,,,3165.0
PGH_136,42003431500,,,,,3165.0
PGH_137,42003431100,,,,,3253.0
PGH_138,42003431500,,,,,3165.0
PGH_139,42003431100,,,,,3253.0
PGH_140,42003431100,,,,,3253.0
PGH_141,42003431100,,,,,3253.0
PGH_142,42003431100,,,,,3253.0
PGH_143,42003431100,,,,,3253.0
PGH_144,42003431100,,,,,3253.0
PGH_145,42003431100,,,,,3253.0
PGH_146,42003431100,,,,,3253.0
PGH_147,42003431100,,,,,3253.0
PGH_148,42003432400,,,,,2579.0
PGH_149,42003431100,,,,,3253.0
PGH_150,42003432400,,,,,2579.0
PGH_151,42003431100,,,,,3253.0
PGH_152,42003432400,,,,,2579.0
PGH_153,42003431100,,,,,3253.0
PGH_154,42003432400,,,,,2579.0
PGH_155,42003432400,,,,,2579.0
PGH_156,42003432400,,,,,2579.0
PGH_157,42003431100,,,,,3253.0
PGH_158,42003432400,,,,,2579.0
PGH_159,42003431100,,,,,3253.0
PGH_160,42003431500,,,,,3165.0
PGH_161,42003431100,,,,,3253.0
PGH_162,42003432400,,,,,2579.0
PGH_163,42003431100,,,,,3253.0
PGH_164,42003431100,,,,,3253.0
PGH_165,42003431100,,,,,3253.0
PGH_166,42003432400,,,,,2579.0
PGH_167,42003431100,,,,,3253.0
PGH_168,42003431500,,,,,3165.0
PGH_169,42003431500,,,,,3165.0
PGH_170,42003431500,,,,,3165.0
PGH_171,42003431500,,,,,3165.0
PGH_172,42003432400,,,,,2579.0
PGH_173,42003432400,,,,,2579.0
PGH_174,42003431500,,,,,3165.0
PGH_175,42003432400,,,,,2579.0
PGH_176,42003432400,,,,,2579.0
PGH_177,42003431500,,,,,3165.0
PGH_178,42003432400,,,,,2579.0
PGH_179,42003431500,,,,,3165.0
PGH_180,42003431500,,,,,3165.0
PGH_181,42003432400,,,,,2579.0
PGH_182,42003432400,,,,,2579.0
PGH_183,42003432400,,,,,2579.0
PGH_184,42003432400,,,,,2579.0
PGH_185,42003432400,,,,,2579.0
PGH_186,42003432400,,,,,2579.0
PGH_187,42003432400,,,,,2579.0
PGH_188,42003432400,,,,,2579.0
PGH_189,42003432400,,,,,2579.0
PGH_190,42003432400,,,,,2579.0
PGH_191,42003432400,,,,,2579.0
PGH_192,42003431500,,,,,3165.0
PGH_193,42003432400,,,,,2579.0
PGH_194,42003431500,,,,,3165.0
PGH_195,42003431500,,,,,3165.0
PGH_196,42003431500,,,,,3165.0
PGH_197,42003431500,,,,,3165.0
PGH_198,42003432400,,,,,2579.0
PGH_199,42003431500,,,,,3165.0
PGH_200,42003431500,,,,,3165.0
PGH_201,42003431500,,,,,3165.0
PGH_202,42003432400,,,,,2579.0
PGH_203,42003431500,,,,,3165.0
PGH_204,42003432400,,,,,2579.0
PGH_205,42003431500,,,,,3165.0
PGH_206,42003431500,,,,,3165.0
PGH_207,42003431500,,,,,3165.0
PGH_208,42003432400,,,,,2579.0
PGH_209,42003432400,,,,,2579.0
PGH_210,42003431500,,,,,3165.0
PGH_211,42003432400,,,,,2579.0
PGH_212,42003432400,,,,,2579.0
PGH_213,42003432400,,,,,2579.0
PGH_214,42003432400,,,,,2579.0
PGH_215,42003432400,,,,,2579.0
PGH_216,42003432400,,,,,2579.0
PGH_217,42003432400,,,,,2579.0
PGH_218,42003432400,,,,,2579.0
PGH_219,42003432400,,,,,2579.0
PGH_220,42003432400,,,,,2579.0
PGH_221,42003432400,,,,,2579.0
PGH_222,42003432400,,,,,2579.0
PGH_223,42003432400,,,,,2579.0
PGH_224,42003431500,,,,,3165.0
PGH_225,42003432400,,,,,2579.0
PGH_226,42003432400,,,,,2579.0
PGH_227,42003431500,,,,,3165.0
PGH_228,42003431500,,,,,3165.0
PGH_229,42003431500,,,,,3165.0
PGH_230,42003431500,,,,,3165.0
PGH_231,42003431500,,,,,3165.0
PGH_232,42003431500,,,,,3165.0
PGH_233,42003431500,,,,,3165.0
PGH_234,42003431500,,,,,3165.0
PGH_235,42003431500,,,,,3165.0
PGH_236,42003431500,,,,,3165.0
PGH_237,42003431500,,,,,3165.0
PGH_238,42003431500,,,,,3165.0
PGH_239,42003431500,,,,,3165.0
PGH_240,42003431500,,,,,3165.0
PGH_241,42003431500,,,,,3165.0
PGH_242,42003431500,,,,,3165.0
PGH_243,42003431500,,,,,3165.0
PGH_244,42003431500,,,,,3165.0
PGH_245,42003431500,,,,,3165.0
PGH_246,42003431500,,,,,3165.0
PGH_247,42003431500,,,,,3165.0
PGH_248,42003431500,,,,,3165.0
PGH_249,42003431500,,,,,3165.0
PGH_250,42003431500,,,,,3165.0
PGH_251,42003431500,,,,,3165.0
PGH_252,42003270100,,,,,2578.0
PGH_253,42003270100,,,,,2578.0
PGH_254,42003270100,,,,,2578.0
PGH_255,42003270100,,,,,2578.0
PGH_256,42003270100,,,,,2578.0
PGH_257,42003270100,,,,,2578.0
PGH_258,42003270100,,,,,2578.0
PGH_259,42003270100,,,,,2578.0
PGH_260,42003270100,,,,,2578.0
PGH_261,42003270100,,,,,2578.0
PGH_262,42003270100,,,,,2578.0
PGH_263,42003270100,,,,,2578.0
PGH_264,42003270100,,,,,2578.0
PGH_265,42003270100,,,,,2578.0
PGH_266,42003270100,,,,,2578.0
PGH_267,42003270100,,,,,2578.0
PGH_268,42003270100,,,,,2578.0
PGH_269,42003270100,,,,,2578.0
PGH_270,42003270100,,,,,2578.0
PGH_271,42003270100,,,,,2578.0
PGH_272,42003270100,,,,,2578.0
PGH_273,42003270100,,,,,2578.0
PGH_274,42003270100,,,,,2578.0
PGH_275,42003270100,,,,,2578.0
PGH_276,42003270100,,,,,2578.0
PGH_277,42003270100,,,,,2578.0
PGH_278,42003270100,,,,,2578.0
PGH_279,42003270100,,,,,2578.0
PGH_280,42003270100,,,,,2578.0
PGH_281,42003270100,,,,,2578.0
PGH_282,42003270100,,,,,2578.0
PGH_283,42003270100,,,,,2578.0
PGH_284,42003270100,,,,,2578.0
PGH_285,42003270800,,,,,2621.0
PGH_286,42003270100,,,,,2578.0
PGH_287,42003270100,,,,,2578.0
PGH_288,42003270100,,,,,2578.0
PGH_289,42003270100,,,,,2578.0
PGH_290,42003270800,,,,,2621.0
PGH_291,42003270100,,,,,2578.0
PGH_292,42003270100,,,,,2578.0
PGH_293,42003270100,,,,,2578.0
PGH_294,42003429700,,,,,2370.0
PGH_295,42003429700,,,,,2370.0
PGH_296,42003429700,,,,,2370.0
PGH_297,42003429700,,,,,2370.0
PGH_298,42003429700,,,,,2370.0
PGH_299,42003431100,,,,,3253.0
PGH_300,42003260200,,,,,2092.0
PGH_301,42003261200,,,,,
PGH_302,42003261200,,,,,
PGH_303,42003425000,,,,,3437.0
PGH_304,42003424000,,,,,3187.0
PGH_305,42003424000,,,,,3187.0
PGH_306,42003424000,,,,,3187.0
PGH_307,42003980100,,,,,
PGH_308,42003980100,,,,,
PGH_309,42003101400,,,,,3252.0
PGH_310,42003980100,,,,,
PGH_311,42003101400,,,,,3252.0
PGH_312,42003101400,,,,,3252.0
PGH_313,42003101400,,,,,3252.0
PGH_314,42003980100,,,,,
PGH_315,42003980100,,,,,
PGH_316,42003101400,,,,,3252.0
PGH_317,42003101400,,,,,3252.0
PGH_318,42003424000,,,,,3187.0
PGH_319,42003424000,,,,,3187.0
PGH_320,42003424000,,,,,3187.0
PGH_321,42003981800,,,,,314.0
PGH_322,42003980100,,,,,
PGH_323,42003980100,,,,,
PGH_324,42003980100,,,,,
PGH_325,42003981800,,,,,314.0
PGH_326,42003980100,,,,,
PGH_327,42003980100,,,,,
PGH_328,42003423000,,,,,2916.0
PGH_329,42003423000,,,,,2916.0
PGH_330,42003423000,,,,,2916.0
PGH_331,42003423000,,,,,2916.0
PGH_332,42003423000,,,,,2916.0
PGH_333,42003980000,,,,,
PGH_334,42003423000,,,,,2916.0
PGH_335,42003423000,,,,,2916.0
PGH_336,42003980000,,,,,
PGH_337,42003423000,,,,,2916.0
PGH_338,42003980000,,,,,
PGH_339,42003424000,,,,,3187.0
PGH_340,42003424000,,,,,3187.0
PGH_341,42003424000,,,,,3187.0
PGH_342,42003424000,,,,,3187.0
PGH_343,42003424000,,,,,3187.0
PGH_344,42003424000,,,,,3187.0
PGH_345,42003424000,,,,,3187.0
PGH_346,42003424000,,,,,3187.0
PGH_347,42003424000,,,,,3187.0
PGH_348,42003423000,,,,,2916.0
PGH_349,42003424000,,,,,3187.0
PGH_350,42003424000,,,,,3187.0
PGH_351,42003424000,,,,,3187.0
PGH_352,42003424000,,,,,3187.0
PGH_353,42003421100,,,,,4969.0
PGH_354,42003421100,,,,,4969.0
PGH_355,42003421100,,,,,4969.0
PGH_356,42003421100,,,,,4969.0
PGH_357,42003421100,,,,,4969.0
PGH_358,42003421100,,,,,4969.0
PGH_359,42003421100,,,,,4969.0
PGH_360,42003421100,,,,,4969.0
PGH_361,42003421100,,,,,4969.0
PGH_362,42003421100,,,,,4969.0
PGH_363,42003421100,,,,,4969.0
PGH_364,42003421100,,,,,4969.0
PGH_365,42003421100,,,,,4969.0
PGH_366,42003421100,,,,,4969.0
PGH_367,42003460001,,,,,4925.0
PGH_368,42003460001,,,,,4925.0
PGH_369,42003460001,,,,,4925.0
PGH_370,42003463900,,,,,2712.0
PGH_371,42003462600,,,,,3902.0
PGH_372,42003462600,,,,,3902.0
PGH_373,42003462100,,,,,2524.0
PGH_374,42003464400,,,,,3208.0
PGH_375,42003464400,,,,,3208.0
PGH_376,42003464400,,,,,3208.0
PGH_377,42003464400,,,,,3208.0
PGH_378,42003464400,,,,,3208.0
PGH_379,42003464400,,,,,3208.0
PGH_380,42003464400,,,,,3208.0
PGH_381,42003464400,,,,,3208.0
PGH_382,42003464400,,,,,3208.0
PGH_383,42003464400,,,,,3208.0
PGH_384,42003464400,,,,,3208.0
PGH_385,42003464400,,,,,3208.0
PGH_386,42003464400,,,,,3208.0
PGH_387,42003464400,,,,,3208.0
PGH_388,42003464400,,,,,3208.0
PGH_389,42003464400,,,,,3208.0
PGH_390,42003464400,,,,,3208.0
PGH_391,42003464400,,,,,3208.0
PGH_392,42003464400,,,,,3208.0
PGH_393,42003464400,,,,,3208.0
PGH_394,42003464400,,,,,3208.0
PGH_395,42003464400,,,,,3208.0
PGH_396,42003464400,,,,,3208.0
PGH_397,42003464400,,,,,3208.0
PGH_398,42003464400,,,,,3208.0
PGH_399,42003464400,,,,,3208.0
PGH_400,42003464400,,,,,3208.0
PGH_401,42003464400,,,,,3208.0
PGH_402,42003464400,,,,,3208.0
PGH_403,42003464400,,,,,3208.0
PGH_404,42003464400,,,,,3208.0
PGH_405,42003464400,,,,,3208.0
PGH_406,42003462100,,,,,2524.0
PGH_407,42003462100,,,,,2524.0
PGH_408,42003462100,,,,,2524.0
PGH_409,42003462100,,,,,2524.0
PGH_410,42003462100,,,,,2524.0
PGH_411,42003462100,,,,,2524.0
PGH_412,42003980900,,,,,
PGH_413,42003980900,,,,,
PGH_414,42003980900,,,,,
PGH_415,42003980900,,,,,
PGH_416,42003980900,,,,,
PGH_417,42003980900,,,,,
PGH_418,42003980900,,,,,
PGH_419,42003980900,,,,,
PGH_420,42003980900,,,,,
PGH_421,42003980900,,,,,
PGH_422,42003271500,,,,,
PGH_423,42003270300,,,,,1906.0
PGH_424,42003980900,,,,,
PGH_425,42003270100,,,,,2578.0
PGH_426,42003270300,,,,,1906.0
PGH_427,42003270100,,,,,2578.0
PGH_428,42003270100,,,,,2578.0
PGH_429,42003270100,,,,,2578.0
PGH_430,42003270100,,,,,2578.0
PGH_431,42003270100,,,,,2578.0
PGH_432,42003240600,,,,,
PGH_433,42003240600,,,,,
PGH_434,42003240600,,,,,
PGH_435,42003240600,,,,,
PGH_436,42003240600,,,,,
PGH_437,42003240600,,,,,
PGH_438,42003240600,,,,,
PGH_439,42003240600,,,,,
PGH_440,42003240600,,,,,
PGH_441,42003240600,,,,,
PGH_442,42003240600,,,,,
PGH_443,42003240600,,,,,
PGH_444,42003240600,,,,,
PGH_445,42003240600,,,,,
PGH_446,42003060300,,,,,2641.0
PGH_447,42003240600,,,,,
PGH_448,42003060300,,,,,2641.0
PGH_449,42003240600,,,,,
PGH_450,42003240600,,,,,
PGH_451,42003060300,,,,,2641.0
PGH_452,42003240600,,,,,
PGH_453,42003060300,,,,,2641.0
PGH_454,42003060300,,,,,2641.0
PGH_455,42003060300,,,,,2641.0
PGH_456,42003060300,,,,,2641.0
PGH_457,42003060300,,,,,2641.0
PGH_458,42003060300,,,,,2641.0
PGH_459,42003060300,,,,,2641.0
PGH_460,42003060300,,,,,2641.0
PGH_461,42003060300,,,,,2641.0
PGH_462,42003240600,,,,,
PGH_463,42003060300,,,,,2641.0
PGH_464,42003240600,,,,,
PGH_465,42003240600,,,,,
PGH_466,42003060300,,,,,2641.0
PGH_467,42003060300,,,,,2641.0
PGH_468,42003060300,,,,,2641.0
PGH_469,42003060300,,,,,2641.0
PGH_470,42003090200,,,,,2678.0
PGH_471,42003060300,,,,,2641.0
PGH_472,42003090200,,,,,2678.0
PGH_473,42003090200,,,,,2678.0
PGH_474,42003060300,,,,,2641.0
PGH_475,42003090200,,,,,2678.0
PGH_476,42003060300,,,,,2641.0
PGH_477,42003090100,,,,,2038.0
PGH_478,42003090100,,,,,2038.0
PGH_479,42003060300,,,,,2641.0
PGH_480,42003090100,,,,,2038.0
PGH_481,42003060300,,,,,2641.0
PGH_482,42003090100,,,,,2038.0
PGH_483,42003060300,,,,,2641.0
PGH_484,42003090100,,,,,2038.0
PGH_485,42003090100,,,,,2038.0
PGH_486,42003090100,,,,,2038.0
PGH_487,42003060300,,,,,2641.0
PGH_488,42003090100,,,,,2038.0
PGH_489,42003090100,,,,,2038.0
PGH_490,42003090100,,,,,2038.0
PGH_491,42003090100,,,,,2038.0
PGH_492,42003090100,,,,,2038.0
PGH_493,42003090100,,,,,2038.0
PGH_494,42003090100,,,,,2038.0
PGH_495,42003427000,,,,,3376.0
PGH_496,42003427000,,,,,3376.0
PGH_497,42003427000,,,,,3376.0
PGH_498,42003427000,,,,,3376.0
PGH_499,42003427000,,,,,3376.0
PGH_500,42003427000,,,,,3376.0
PGH_501,42003427000,,,,,3376.0
PGH_502,42003427000,,,,,3376.0
PGH_503,42003427000,,,,,3376.0
PGH_504,42003090300,,,,,1541.0
PGH_505,42003090300,,,,,1541.0
PGH_506,42003090300,,,,,1541.0
PGH_507,42003090300,,,,,1541.0
PGH_508,42003090300,,,,,1541.0
PGH_509,42003090300,,,,,1541.0
PGH_510,42003090300,,,,,1541.0
PGH_511,42003090300,,,,,1541.0
PGH_512,42003090300,,,,,1541.0
PGH_513,42003090200,,,,,2678.0
PGH_514,42003090200,,,,,2678.0
PGH_515,42003090200,,,,,2678.0
PGH_516,42003090200,,,,,2678.0
PGH_517,42003090200,,,,,2678.0
PGH_518,42003090200,,,,,2678.0
PGH_519,42003120400,,,,,
PGH_520,42003120400,,,,,
PGH_521,42003120300,,,,,1424.0
PGH_522,42003120300,,,,,1424.0
PGH_523,42003561900,,,,,1898.0
PGH_524,42003120300,,,,,1424.0
PGH_525,42003120300,,,,,1424.0
PGH_526,42003120300,,,,,1424.0
PGH_527,42003561900,,,,,1898.0
PGH_528,42003561900,,,,,1898.0
PGH_529,42003561900,,,,,1898.0
PGH_530,42003561900,,,,,1898.0
PGH_531,42003561900,,,,,1898.0
PGH_532,42003561900,,,,,1898.0
PGH_533,42003120300,,,,,1424.0
PGH_534,42003120300,,,,,1424.0
PGH_535,42003120300,,,,,1424.0
PGH_536,42003980100,,,,,
PGH_537,42003980100,,,,,
PGH_538,42003980100,,,,,
PGH_539,42003980100,,,,,
PGH_540,42003980100,,,,,
PGH_541,42003980100,,,,,
PGH_542,42003980100,,,,,
PGH_543,42003980100,,,,,
PGH_544,42003980100,,,,,
PGH_545,42003980100,,,,,
PGH_546,42003980100,,,,,
PGH_547,42003980100,,,,,
PGH_548,42003980100,,,,,
PGH_549,42003980100,,,,,
PGH_550,42003981800,,,,,314.0
PGH_551,42003120300,,,,,1424.0
PGH_552,42003981800,,,,,314.0
PGH_553,42003981800,,,,,314.0
PGH_554,42003981800,,,,,314.0
PGH_555,42003981800,,,,,314.0
PGH_556,42003981800,,,,,314.0
PGH_557,42003980100,,,,,
PGH_558,42003980100,,,,,
PGH_559,42003980100,,,,,
PGH_560,42003981800,,,,,314.0
PGH_561,42003563000,,,,,2928.0
PGH_562,42003563000,,,,,2928.0
PGH_563,42003563000,,,,,2928.0
PGH_564,42003563000,,,,,2928.0
PGH_565,42003563000,,,,,2928.0
PGH_566,42003563000,,,,,2928.0
PGH_567,42003563000,,,,,2928.0
PGH_568,42003563000,,,,,2928.0
PGH_569,42003563000,,,,,2928.0
PGH_570,42003563000,,,,,2928.0
PGH_571,42003563000,,,,,2928.0
PGH_572,42003563000,,,,,2928.0
PGH_573,42003563000,,,,,2928.0
PGH_574,42003563000,,,,,2928.0
PGH_575,42003563000,,,,,2928.0
PGH_576,42003563000,,,,,2928.0
PGH_577,42003563000,,,,,2928.0
PGH_578,42003563000,,,,,2928.0
PGH_579,42003563000,,,,,2928.0
PGH_580,42003563000,,,,,2928.0
PGH_581,42003563000,,,,,2928.0
PGH_582,42003460002,,,,,3776.0
PGH_583,42003460002,,,,,3776.0
PGH_584,42003460002,,,,,3776.0
PGH_585,42003562500,,,,,2919.0
PGH_586,42003464400,,,,,3208.0
PGH_587,42003464400,,,,,3208.0
PGH_588,42003980600,,,,,
PGH_589,42003210700,,,,,
PGH_590,42003210700,,,,,
PGH_591,42003980600,,,,,
PGH_592,42003210700,,,,,
PGH_593,42003210700,,,,,
PGH_594,42003210700,,,,,
PGH_595,42003562600,,,,,2398.0
PGH_596,42003562500,,,,,2919.0
PGH_597,42003210700,,,,,
PGH_598,42003210700,,,,,
PGH_599,42003980600,,,,,
PGH_600,42003980600,,,,,
PGH_601,42003980600,,,,,
PGH_602,42003210700,,,,,
PGH_603,42003980600,,,,,
PGH_604,42003980600,,,,,
PGH_605,42003980900,,,,,
PGH_606,42003980900,,,,,
PGH_607,42003980900,,,,,
PGH_608,42003981200,,,,,
PGH_609,42003981200,,,,,
PGH_610,42003981200,,,,,
PGH_611,42003981200,,,,,
PGH_612,42003981200,,,,,
PGH_613,42003981200,,,,,
PGH_614,42003981200,,,,,
PGH_615,42003981200,,,,,
PGH_616,42003981200,,,,,
PGH_617,42003981200,,,,,
PGH_618,42003981200,,,,,
PGH_619,42003981200,,,,,
PGH_620,42003981200,,,,,
PGH_621,42003981200,,,,,
PGH_622,42003981200,,,,,
PGH_623,42003981200,,,,,
PGH_624,42003981200,,,,,
PGH_625,42003981200,,,,,
PGH_626,42003981200,,,,,
PGH_627,42003981200,,,,,
PGH_628,42003981200,,,,,
PGH_629,42003981200,,,,,
PGH_630,42003981200,,,,,
PGH_631,42003981200,,,,,
PGH_632,42003981200,,,,,
PGH_633,42003981200,,,,,
PGH_634,42003981200,,,,,
PGH_635,42003981200,,,,,
PGH_636,42003981200,,,,,
PGH_637,42003981200,,,,,
PGH_638,42003981200,,,,,
PGH_639,42003981200,,,,,
PGH_640,42003981200,,,,,
PGH_641,42003562700,,,,,1959.0
PGH_642,42003562700,,,,,1959.0
PGH_643,42003562700,,,,,1959.0
PGH_644,42003562700,,,,,1959.0
PGH_645,42003562700,,,,,1959.0
PGH_646,42003562700,,,,,1959.0
PGH_647,42003562700,,,,,1959.0
PGH_648,42003562700,,,,,1959.0
PGH_649,42003562700,,,,,1959.0
PGH_650,42003562700,,,,,1959.0
PGH_651,42003210700,,,,,
PGH_652,42003020300,,,,,1845.0
PGH_653,42003020300,,,,,1845.0
PGH_654,42003020300,,,,,1845.0
PGH_655,42003020300,,,,,1845.0
PGH_656,42003020300,,,,,1845.0
PGH_657,42003030500,,,,,3041.0
PGH_658,42003020300,,,,,1845.0
PGH_659,42003020300,,,,,1845.0
PGH_660,42003020300,,,,,1845.0
PGH_661,42003020300,,,,,1845.0
PGH_662,42003020300,,,,,1845.0
PGH_663,42003020300,,,,,1845.0
PGH_664,42003020300,,,,,1845.0
PGH_665,42003020300,,,,,1845.0
PGH_666,42003020300,,,,,1845.0
PGH_667,42003020300,,,,,1845.0
PGH_668,42003020300,,,,,1845.0
PGH_669,42003020300,,,,,1845.0
PGH_670,42003020300,,,,,1845.0
PGH_671,42003020300,,,,,1845.0
PGH_672,42003020300,,,,,1845.0
PGH_673,42003030500,,,,,3041.0
PGH_674,42003020300,,,,,1845.0
PGH_675,42003020300,,,,,1845.0
PGH_676,42003020300,,,,,1845.0
PGH_677,42003020300,,,,,1845.0
PGH_678,42003050900,,,,,1386.0
PGH_679,42003050900,,,,,1386.0
PGH_680,42003020300,,,,,1845.0
PGH_681,42003020300,,,,,1845.0
PGH_682,42003020300,,,,,1845.0
PGH_683,42003020300,,,,,1845.0
PGH_684,42003020300,,,,,1845.0
PGH_685,42003020300,,,,,1845.0
PGH_686,42003020300,,,,,1845.0
PGH_687,42003020300,,,,,1845.0
PGH_688,42003020300,,,,,1845.0
PGH_689,42003020300,,,,,1845.0
PGH_690,42003020300,,,,,1845.0
PGH_691,42003020300,,,,,1845.0
PGH_692,42003020300,,,,,1845.0
PGH_693,42003020300,,,,,1845.0
PGH_694,42003020300,,,,,1845.0
PGH_695,42003020300,,,,,1845.0
PGH_696,42003020300,,,,,1845.0
PGH_697,42003020300,,,,,1845.0
PGH_698,42003020300,,,,,1845.0
PGH_699,42003020300,,,,,1845.0
PGH_700,42003020300,,,,,1845.0
PGH_701,42003020300,,,,,1845.0
PGH_702,42003020300,,,,,1845.0
PGH_703,42003020300,,,,,1845.0
PGH_704,42003020300,,,,,1845.0
PGH_705,42003020300,,,,,1845.0
PGH_706,42003020300,,,,,1845.0
PGH_707,42003020300,,,,,1845.0
PGH_708,42003020300,,,,,1845.0
PGH_709,42003020300,,,,,1845.0
PGH_710,42003020300,,,,,1845.0
PGH_711,42003020300,,,,,1845.0
PGH_712,42003020300,,,,,1845.0
PGH_713,42003020300,,,,,1845.0
PGH_714,42003020300,,,,,1845.0
PGH_715,42003020300,,,,,1845.0
PGH_716,42003020300,,,,,1845.0
PGH_717,42003020300,,,,,1845.0
PGH_718,42003020300,,,,,1845.0
PGH_719,42003020300,,,,,1845.0
PGH_720,42003020300,,,,,1845.0
PGH_721,42003020300,,,,,1845.0
PGH_722,42003020300,,,,,1845.0
PGH_723,42003020300,,,,,1845.0
PGH_724,42003020300,,,,,1845.0
PGH_725,42003020300,,,,,1845.0
PGH_726,42003020300,,,,,1845.0
PGH_727,42003020300,,,,,1845.0
PGH_728,42003020300,,,,,1845.0
PGH_729,42003020300,,,,,1845.0
PGH_730,42003020300,,,,,1845.0
PGH_731,42003020300,,,,,1845.0
PGH_732,42003020300,,,,,1845.0
PGH_733,42003020300,,,,,1845.0
PGH_734,42003020300,,,,,1845.0
PGH_735,42003020300,,,,,1845.0
PGH_736,42003020300,,,,,1845.0
PGH_737,42003020300,,,,,1845.0
PGH_738,42003020300,,,,,1845.0
PGH_739,42003020300,,,,,1845.0
PGH_740,42003020300,,,,,1845.0
PGH_741,42003020300,,,,,1845.0
PGH_742,42003020300,,,,,1845.0
PGH_743,42003020300,,,,,1845.0
PGH_744,42003020300,,,,,1845.0
PGH_745,42003020300,,,,,1845.0
PGH_746,42003020300,,,,,1845.0
PGH_747,42003020300,,,,,1845.0
PGH_748,42003020300,,,,,1845.0
PGH_749,42003020300,,,,,1845.0
PGH_750,42003020300,,,,,1845.0
PGH_751,42003020300,,,,,1845.0
PGH_752,42003020300,,,,,1845.0
PGH_753,42003020300,,,,,1845.0
PGH_754,42003020300,,,,,1845.0
PGH_755,42003020300,,,,,1845.0
PGH_756,42003020300,,,,,1845.0
PGH_757,42003020300,,,,,1845.0
PGH_758,42003020300,,,,,1845.0
PGH_759,42003020300,,,,,1845.0
PGH_760,42003563200,,,,,
PGH_761,42003563200,,,,,
PGH_762,42003563200,,,,,
PGH_763,42003563200,,,,,
PGH_764,42003563200,,,,,
PGH_765,42003563200,,,,,
PGH_766,42003563200,,,,,
PGH_767,42003563200,,,,,
PGH_768,42003020300,,,,,1845.0
PGH_769,42003020300,,,,,1845.0
PGH_770,42003020300,,,,,1845.0
PGH_771,42003020300,,,,,1845.0
PGH_772,42003020300,,,,,1845.0
PGH_773,42003020300,,,,,1845.0
PGH_774,42003020300,,,,,1845.0
PGH_775,42003020300,,,,,1845.0
PGH_776,42003020300,,,,,1845.0
PGH_777,42003020300,,,,,1845.0
PGH_778,42003240600,,,,,
PGH_779,42003240600,,,,,
PGH_780,42003240600,,,,,
PGH_781,42003240600,,,,,
PGH_782,42003050600,,,,,1723.0
PGH_783,42003051000,,,,,1703.0
PGH_784,42003051000,,,,,1703.0
PGH_785,42003050100,,,,,1757.0
PGH_786,42003051000,,,,,1703.0
PGH_787,42003051000,,,,,1703.0
PGH_788,42003050100,,,,,1757.0
PGH_789,42003050600,,,,,1723.0
PGH_790,42003050600,,,,,1723.0
PGH_791,42003050100,,,,,1757.0
PGH_792,42003050100,,,,,1757.0
PGH_793,42003050100,,,,,1757.0
PGH_794,42003050100,,,,,1757.0
PGH_795,42003050100,,,,,1757.0
PGH_796,42003050100,,,,,1757.0
PGH_797,42003050100,,,,,1757.0
PGH_798,42003050100,,,,,1757.0
PGH_799,42003050100,,,,,1757.0
PGH_800,42003050100,,,,,1757.0
PGH_801,42003050100,,,,,1757.0
PGH_802,42003050900,,,,,1386.0
PGH_803,42003050900,,,,,1386.0
PGH_804,42003050900,,,,,1386.0
PGH_805,42003050100,,,,,1757.0
PGH_806,42003050100,,,,,1757.0
PGH_807,42003050900,,,,,1386.0
PGH_808,42003050100,,,,,1757.0
PGH_809,42003050900,,,,,1386.0
PGH_810,42003050900,,,,,1386.0
PGH_811,42003050100,,,,,1757.0
PGH_812,42003050100,,,,,1757.0
PGH_813,42003050100,,,,,1757.0
PGH_814,42003050100,,,,,1757.0
PGH_815,42003050600,,,,,1723.0
PGH_816,42003050600,,,,,1723.0
PGH_817,42003050900,,,,,1386.0
PGH_818,42003050600,,,,,1723.0
PGH_819,42003050600,,,,,1723.0
PGH_820,42003050900,,,,,1386.0
PGH_821,42003050600,,,,,1723.0
PGH_822,42003050600,,,,,1723.0
PGH_823,42003050600,,,,,1723.0
PGH_824,42003050600,,,,,1723.0
PGH_825,42003050600,,,,,1723.0
PGH_826,42003050600,,,,,1723.0
PGH_827,42003050600,,,,,1723.0
PGH_828,42003050900,,,,,1386.0
PGH_829,42003050600,,,,,1723.0
PGH_830,42003050600,,,,,1723.0
PGH_831,42003050600,,,,,1723.0
PGH_832,42003050600,,,,,1723.0
PGH_833,42003050600,,,,,1723.0
PGH_834,42003050900,,,,,1386.0
PGH_835,42003050900,,,,,1386.0
PGH_836,42003050600,,,,,1723.0
PGH_837,42003060500,,,,,1201.0
PGH_838,42003020300,,,,,1845.0
PGH_839,42003060500,,,,,1201.0
PGH_840,42003060500,,,,,1201.0
PGH_841,42003060500,,,,,1201.0
PGH_842,42003060500,,,,,1201.0
PGH_843,42003060500,,,,,1201.0
PGH_844,42003050600,,,,,1723.0
PGH_845,42003060500,,,,,1201.0
PGH_846,42003060500,,,,,1201.0
PGH_847,42003060500,,,,,1201.0
PGH_848,42003060500,,,,,1201.0
PGH_849,42003020300,,,,,1845.0
PGH_850,42003020300,,,,,1845.0
PGH_851,42003020300,,,,,1845.0
PGH_852,42003020300,,,,,1845.0
PGH_853,42003020300,,,,,1845.0
PGH_854,42003020300,,,,,1845.0
PGH_855,42003020300,,,,,1845.0
PGH_856,42003020300,,,,,1845.0
PGH_857,42003020300,,,,,1845.0
PGH_858,42003020300,,,,,1845.0
PGH_859,42003020300,,,,,1845.0
PGH_860,42003020300,,,,,1845.0
PGH_861,42003020300,,,,,1845.0
PGH_862,42003060500,,,,,1201.0
PGH_863,42003020300,,,,,1845.0
PGH_864,42003020300,,,,,1845.0
PGH_865,42003020300,,,,,1845.0
PGH_866,42003060500,,,,,1201.0
PGH_867,42003020300,,,,,1845.0
PGH_868,42003020300,,,,,1845.0
PGH_869,42003020300,,,,,1845.0
PGH_870,42003020300,,,,,1845.0
PGH_871,42003020300,,,,,1845.0
PGH_872,42003020300,,,,,1845.0
PGH_873,42003020300,,,,,1845.0
PGH_874,42003020300,,,,,1845.0
PGH_875,42003020300,,,,,1845.0
PGH_876,42003020300,,,,,1845.0
PGH_877,42003060300,,,,,2641.0
PGH_878,42003020300,,,,,1845.0
PGH_879,42003060300,,,,,2641.0
PGH_880,42003060300,,,,,2641.0
PGH_881,42003020300,,,,,1845.0
PGH_882,42003060300,,,,,2641.0
PGH_883,42003060300,,,,,2641.0
PGH_884,42003060300,,,,,2641.0
PGH_885,42003060300,,,,,2641.0
PGH_886,42003060300,,,,,2641.0
PGH_887,42003060300,,,,,2641.0
PGH_888,42003060300,,,,,2641.0
PGH_889,42003060300,,,,,2641.0
PGH_890,42003060300,,,,,2641.0
PGH_891,42003060300,,,,,2641.0
PGH_892,42003060300,,,,,2641.0
PGH_893,42003060300,,,,,2641.0
PGH_894,42003060300,,,,,2641.0
PGH_895,42003060300,,,,,2641.0
PGH_896,42003240600,,,,,
PGH_897,42003240600,,,,,
PGH_898,42003240600,,,,,
PGH_899,42003240600,,,,,
PGH_900,42003240600,,,,,
PGH_901,42003240600,,,,,
PGH_902,42003240600,,,,,
PGH_903,42003240600,,,,,
PGH_904,42003240600,,,,,
PGH_905,42003240600,,,,,
PGH_906,42003240600,,,,,
PGH_907,42003240600,,,,,
PGH_908,42003240600,,,,,
PGH_909,42003240600,,,,,
PGH_910,42003240600,,,,,
PGH_911,42003240600,,,,,
PGH_912,42003040400,,,,,2220.0
PGH_913,42003140100,,,,,5579.0
PGH_914,42003040400,,,,,2220.0
PGH_915,42003040400,,,,,2220.0
PGH_916,42003140100,,,,,5579.0
PGH_917,42003140100,,,,,5579.0
PGH_918,42003982200,,,,,5022.0
PGH_919,42003070900,,,,,4987.0
PGH_920,42003070900,,,,,4987.0
PGH_921,42003070900,,,,,4987.0
PGH_922,42003562000,,,,,3449.0
PGH_923,42003982200,,,,,5022.0
PGH_924,42003040400,,,,,2220.0
PGH_925,42003982200,,,,,5022.0
PGH_926,42003562000,,,,,3449.0
PGH_927,42003040400,,,,,2220.0
PGH_928,42003562000,,,,,3449.0
PGH_929,42003562000,,,,,3449.0
PGH_930,42003562000,,,,,3449.0
PGH_931,42003070900,,,,,4987.0
PGH_932,42003070300,,,,,2243.0
PGH_933,42003040400,,,,,2220.0
PGH_934,42003070900,,,,,4987.0
PGH_935,42003070300,,,,,2243.0
PGH_936,42003070300,,,,,2243.0
PGH_937,42003070900,,,,,4987.0
PGH_938,42003070300,,,,,2243.0
PGH_939,42003070900,,,,,4987.0
PGH_940,42003070300,,,,,2243.0
PGH_941,42003070900,,,,,4987.0
PGH_942,42003040400,,,,,2220.0
PGH_943,42003040400,,,,,2220.0
PGH_944,42003040400,,,,,2220.0
PGH_945,42003562000,,,,,3449.0
PGH_946,42003562000,,,,,3449.0
PGH_947,42003562000,,,,,3449.0
PGH_948,42003562000,,,,,3449.0
PGH_949,42003562000,,,,,3449.0
PGH_950,42003562000,,,,,3449.0
PGH_951,42003070900,,,,,4987.0
PGH_952,42003562000,,,,,3449.0
PGH_953,42003562000,,,,,3449.0
PGH_954,42003070900,,,,,4987.0
PGH_955,42003562000,,,,,3449.0
PGH_956,42003562000,,,,,3449.0
PGH_957,42003562000,,,,,3449.0
PGH_958,42003562000,,,,,3449.0
PGH_959,42003070900,,,,,4987.0
PGH_960,42003070900,,,,,4987.0
PGH_961,42003070900,,,,,4987.0
PGH_962,42003070900,,,,,4987.0
PGH_963,42003070900,,,,,4987.0
PGH_964,42003070300,,,,,2243.0
PGH_965,42003070900,,,,,4987.0
PGH_966,42003070900,,,,,4987.0
PGH_967,42003070300,,,,,2243.0
PGH_968,42003070300,,,,,2243.0
PGH_969,42003562000,,,,,3449.0
PGH_970,42003562000,,,,,3449.0
PGH_971,42003562000,,,,,3449.0
PGH_972,42003070900,,,,,4987.0
PGH_973,42003562000,,,,,3449.0
PGH_974,42003070900,,,,,4987.0
PGH_975,42003562000,,,,,3449.0
PGH_976,42003562000,,,,,3449.0
PGH_977,42003070300,,,,,2243.0
PGH_978,42003562000,,,,,3449.0
PGH_979,42003562000,,,,,3449.0
PGH_980,42003562000,,,,,3449.0
PGH_981,42003562000,,,,,3449.0
PGH_982,42003070900,,,,,4987.0
PGH_983,42003562000,,,,,3449.0
PGH_984,42003070900,,,,,4987.0
PGH_985,42003562000,,,,,3449.0
PGH_986,42003562000,,,,,3449.0
PGH_987,42003562000,,,,,3449.0
PGH_988,42003562000,,,,,3449.0
PGH_989,42003562000,,,,,3449.0
PGH_990,42003562000,,,,,3449.0
PGH_991,42003070300,,,,,2243.0
PGH_992,42003070900,,,,,4987.0
PGH_993,42003070300,,,,,2243.0
PGH_994,42003070900,,,,,4987.0
PGH_995,42003562000,,,,,3449.0
PGH_996,42003562000,,,,,3449.0
PGH_997,42003562000,,,,,3449.0
PGH_998,42003070900,,,,,4987.0
PGH_999,42003562000,,,,,3449.0
PGH_1000,42003070900,,,,,4987.0
PGH_1001,42003080400,,,,,1674.0
PGH_1002,42003562000,,,,,3449.0
PGH_1003,42003070300,,,,,2243.0
PGH_1004,42003562000,,,,,3449.0
PGH_1005,42003080400,,,,,1674.0
PGH_1006,42003070900,,,,,4987.0
PGH_1007,42003070300,,,,,2243.0
PGH_1008,42003070900,,,,,4987.0
PGH_1009,42003070900,,,,,4987.0
PGH_1010,42003080400,,,,,1674.0
PGH_1011,42003070900,,,,,4987.0
PGH_1012,42003070900,,,,,4987.0
PGH_1013,42003080400,,,,,1674.0
PGH_1014,42003070900,,,,,4987.0
PGH_1015,42003070900,,,,,4987.0
PGH_1016,42003070900,,,,,4987.0
PGH_1017,42003070900,,,,,4987.0
PGH_1018,42003080400,,,,,1674.0
PGH_1019,42003080400,,,,,1674.0
PGH_1020,42003080400,,,,,1674.0
PGH_1021,42003080400,,,,,1674.0
PGH_1022,42003562000,,,,,3449.0
PGH_1023,42003562000,,,,,3449.0
PGH_1024,42003562000,,,,,3449.0
PGH_1025,42003080400,,,,,1674.0
PGH_1026,42003070900,,,,,4987.0
PGH_1027,42003562000,,,,,3449.0
PGH_1028,42003562000,,,,,3449.0
PGH_1029,42003070900,,,,,4987.0
PGH_1030,42003070900,,,,,4987.0
PGH_1031,42003080400,,,,,1674.0
PGH_1032,42003080400,,,,,1674.0
PGH_1033,42003080400,,,,,1674.0
PGH_1034,42003080400,,,,,1674.0
PGH_1035,42003080400,,,,,1674.0
PGH_1036,42003080400,,,,,1674.0
PGH_1037,42003080400,,,,,1674.0
PGH_1038,42003080400,,,,,1674.0
PGH_1039,42003080400,,,,,1674.0
PGH_1040,42003080400,,,,,1674.0
PGH_1041,42003070900,,,,,4987.0
PGH_1042,42003070900,,,,,4987.0
PGH_1043,42003080400,,,,,1674.0
PGH_1044,42003080400,,,,,1674.0
PGH_1045,42003080600,,,,,2008.0
PGH_1046,42003080600,,,,,2008.0
PGH_1047,42003050600,,,,,1723.0
PGH_1048,42003080600,,,,,2008.0
PGH_1049,42003080600,,,,,2008.0
PGH_1050,42003080600,,,,,2008.0
PGH_1051,42003080600,,,,,2008.0
PGH_1052,42003080600,,,,,2008.0
PGH_1053,42003080600,,,,,2008.0
PGH_1054,42003080600,,,,,2008.0
PGH_1055,42003080600,,,,,2008.0
PGH_1056,42003080700,,,,,1963.0
PGH_1057,42003080700,,,,,1963.0
PGH_1058,42003050600,,,,,1723.0
PGH_1059,42003080400,,,,,1674.0
PGH_1060,42003060500,,,,,1201.0
PGH_1061,42003080400,,,,,1674.0
PGH_1062,42003080400,,,,,1674.0
PGH_1063,42003080400,,,,,1674.0
PGH_1064,42003080400,,,,,1674.0
PGH_1065,42003080400,,,,,1674.0
PGH_1066,42003080200,,,,,1618.0
PGH_1067,42003080200,,,,,1618.0
PGH_1068,42003080900,,,,,1824.0
PGH_1069,42003080900,,,,,1824.0
PGH_1070,42003080900,,,,,1824.0
PGH_1071,42003080900,,,,,1824.0
PGH_1072,42003080900,,,,,1824.0
PGH_1073,42003080900,,,,,1824.0
PGH_1074,42003080900,,,,,1824.0
PGH_1075,42003080900,,,,,1824.0
PGH_1076,42003080200,,,,,1618.0
PGH_1077,42003080900,,,,,1824.0
PGH_1078,42003080200,,,,,1618.0
PGH_1079,42003080900,,,,,1824.0
PGH_1080,42003080900,,,,,1824.0
PGH_1081,42003080200,,,,,1618.0
PGH_1082,42003080200,,,,,1618.0
PGH_1083,42003080200,,,,,1618.0
PGH_1084,42003080200,,,,,1618.0
PGH_1085,42003080900,,,,,1824.0
PGH_1086,42003080900,,,,,1824.0
PGH_1087,42003080900,,,,,1824.0
PGH_1088,42003090300,,,,,1541.0
PGH_1089,42003090300,,,,,1541.0
PGH_1090,42003080200,,,,,1618.0
PGH_1091,42003080200,,,,,1618.0
PGH_1092,42003090300,,,,,1541.0
PGH_1093,42003140200,,,,,2771.0
PGH_1094,42003140200,,,,,2771.0
PGH_1095,42003140200,,,,,2771.0
PGH_1096,42003140200,,,,,2771.0
PGH_1097,42003140200,,,,,2771.0
PGH_1098,42003140200,,,,,2771.0
PGH_1099,42003070300,,,,,2243.0
PGH_1100,42003070300,,,,,2243.0
PGH_1101,42003140200,,,,,2771.0
PGH_1102,42003070300,,,,,2243.0
PGH_1103,42003140200,,,,,2771.0
PGH_1104,42003070300,,,,,2243.0
PGH_1105,42003070300,,,,,2243.0
PGH_1106,42003070300,,,,,2243.0
PGH_1107,42003070300,,,,,2243.0
PGH_1108,42003070300,,,,,2243.0
PGH_1109,42003070300,,,,,2243.0
PGH_1110,42003070300,,,,,2243.0
PGH_1111,42003070300,,,,,2243.0
PGH_1112,42003070300,,,,,2243.0
PGH_1113,42003070300,,,,,2243.0
PGH_1114,42003070300,,,,,2243.0
PGH_1115,42003070300,,,,,2243.0
PGH_1116,42003070300,,,,,2243.0
PGH_1117,42003070300,,,,,2243.0
PGH_1118,42003070300,,,,,2243.0
PGH_1119,42003070300,,,,,2243.0
PGH_1120,42003070300,,,,,2243.0
PGH_1121,42003070300,,,,,2243.0
PGH_1122,42003070300,,,,,2243.0
PGH_1123,42003070300,,,,,2243.0
PGH_1124,42003070300,,,,,2243.0
PGH_1125,42003070300,,,,,2243.0
PGH_1126,42003070300,,,,,2243.0
PGH_1127,42003070300,,,,,2243.0
PGH_1128,42003070300,,,,,2243.0
PGH_1129,42003070300,,,,,2243.0
PGH_1130,42003070300,,,,,2243.0
PGH_1131,42003070300,,,,,2243.0
PGH_1132,42003070300,,,,,2243.0
PGH_1133,42003070300,,,,,2243.0
PGH_1134,42003070300,,,,,2243.0
PGH_1135,42003140200,,,,,2771.0
PGH_1136,42003070300,,,,,2243.0
PGH_1137,42003070300,,,,,2243.0
PGH_1138,42003140200,,,,,2771.0
PGH_1139,42003070300,,,,,2243.0
PGH_1140,42003070300,,,,,2243.0
PGH_1141,42003070600,,,,,2194.0
PGH_1142,42003070300,,,,,2243.0
PGH_1143,42003070300,,,,,2243.0
PGH_1144,42003070600,,,,,2194.0
PGH_1145,42003070500,,,,,3040.0
PGH_1146,42003070300,,,,,2243.0
PGH_1147,42003070300,,,,,2243.0
PGH_1148,42003070500,,,,,3040.0
PGH_1149,42003070600,,,,,2194.0
PGH_1150,42003070600,,,,,2194.0
PGH_1151,42003070600,,,,,2194.0
PGH_1152,42003070600,,,,,2194.0
PGH_1153,42003070500,,,,,3040.0
PGH_1154,42003140200,,,,,2771.0
PGH_1155,42003070500,,,,,3040.0
PGH_1156,42003140400,,,,,2312.0
PGH_1157,42003070600,,,,,2194.0
PGH_1158,42003070800,,,,,2853.0
PGH_1159,42003070300,,,,,2243.0
PGH_1160,42003070500,,,,,3040.0
PGH_1161,42003070300,,,,,2243.0
PGH_1162,42003070300,,,,,2243.0
PGH_1163,42003070300,,,,,2243.0
PGH_1164,42003070500,,,,,3040.0
PGH_1165,42003070300,,,,,2243.0
PGH_1166,42003070300,,,,,2243.0
PGH_1167,42003070900,,,,,4987.0
PGH_1168,42003070900,,,,,4987.0
PGH_1169,42003070300,,,,,2243.0
PGH_1170,42003070300,,,,,2243.0
PGH_1171,42003070900,,,,,4987.0
PGH_1172,42003070900,,,,,4987.0
PGH_1173,42003070500,,,,,3040.0
PGH_1174,42003070500,,,,,3040.0
PGH_1175,42003070500,,,,,3040.0
PGH_1176,42003070500,,,,,3040.0
PGH_1177,42003070300,,,,,2243.0
PGH_1178,42003070300,,,,,2243.0
PGH_1179,42003070900,,,,,4987.0
PGH_1180,42003070900,,,,,4987.0
PGH_1181,42003070300,,,,,2243.0
PGH_1182,42003070300,,,,,2243.0
PGH_1183,42003070500,,,,,3040.0
PGH_1184,42003070500,,,,,3040.0
PGH_1185,42003070500,,,,,3040.0
PGH_1186,42003070900,,,,,4987.0
PGH_1187,42003070500,,,,,3040.0
PGH_1188,42003070500,,,,,3040.0
PGH_1189,42003070500,,,,,3040.0
PGH_1190,42003070900,,,,,4987.0
PGH_1191,42003070800,,,,,2853.0
PGH_1192,42003070800,,,,,2853.0
PGH_1193,42003070800,,,,,2853.0
PGH_1194,42003070500,,,,,3040.0
PGH_1195,42003070500,,,,,3040.0
PGH_1196,42003070800,,,,,2853.0
PGH_1197,42003070800,,,,,2853.0
PGH_1198,42003070800,,,,,2853.0
PGH_1199,42003070500,,,,,3040.0
PGH_1200,42003070500,,,,,3040.0
PGH_1201,42003070500,,,,,3040.0
PGH_1202,42003070800,,,,,2853.0
PGH_1203,42003070500,,,,,3040.0
PGH_1204,42003070800,,,,,2853.0
PGH_1205,42003070800,,,,,2853.0
PGH_1206,42003070900,,,,,4987.0
PGH_1207,42003070900,,,,,4987.0
PGH_1208,42003070500,,,,,3040.0
PGH_1209,42003070500,,,,,3040.0
PGH_1210,42003070900,,,,,4987.0
PGH_1211,42003080700,,,,,1963.0
PGH_1212,42003070800,,,,,2853.0
PGH_1213,42003080700,,,,,1963.0
PGH_1214,42003070900,,,,,4987.0
PGH_1215,42003080700,,,,,1963.0
PGH_1216,42003070800,,,,,2853.0
PGH_1217,42003070500,,,,,3040.0
PGH_1218,42003070500,,,,,3040.0
PGH_1219,42003070500,,,,,3040.0
PGH_1220,42003070800,,,,,2853.0
PGH_1221,42003070900,,,,,4987.0
PGH_1222,42003120800,,,,,
PGH_1223,42003070500,,,,,3040.0
PGH_1224,42003070500,,,,,3040.0
PGH_1225,42003070500,,,,,3040.0
PGH_1226,42003070900,,,,,4987.0
PGH_1227,42003070500,,,,,3040.0
PGH_1228,42003070500,,,,,3040.0
PGH_1229,42003070500,,,,,3040.0
PGH_1230,42003070500,,,,,3040.0
PGH_1231,42003120800,,,,,
PGH_1232,42003070800,,,,,2853.0
PGH_1233,42003070800,,,,,2853.0
PGH_1234,42003070500,,,,,3040.0
PGH_1235,42003070800,,,,,2853.0
PGH_1236,42003070800,,,,,2853.0
PGH_1237,42003120800,,,,,
PGH_1238,42003111500,,,,,3529.0
PGH_1239,42003111500,,,,,3529.0
PGH_1240,42003111500,,,,,3529.0
PGH_1241,42003120800,,,,,
PGH_1242,42003070500,,,,,3040.0
PGH_1243,42003080700,,,,,1963.0
PGH_1244,42003070500,,,,,3040.0
PGH_1245,42003080700,,,,,1963.0
PGH_1246,42003080700,,,,,1963.0
PGH_1247,42003070500,,,,,3040.0
PGH_1248,42003070500,,,,,3040.0
PGH_1249,42003070500,,,,,3040.0
PGH_1250,42003080700,,,,,1963.0
PGH_1251,42003080700,,,,,1963.0
PGH_1252,42003111500,,,,,3529.0
PGH_1253,42003111500,,,,,3529.0
PGH_1254,42003070500,,,,,3040.0
PGH_1255,42003070500,,,,,3040.0
PGH_1256,42003111500,,,,,3529.0
PGH_1257,42003080700,,,,,1963.0
PGH_1258,42003070500,,,,,3040.0
PGH_1259,42003111500,,,,,3529.0
PGH_1260,42003070500,,,,,3040.0
PGH_1261,42003111500,,,,,3529.0
PGH_1262,42003080700,,,,,1963.0
PGH_1263,42003070500,,,,,3040.0
PGH_1264,42003070500,,,,,3040.0
PGH_1265,42003070500,,,,,3040.0
PGH_1266,42003070500,,,,,3040.0
PGH_1267,42003111500,,,,,3529.0
PGH_1268,42003070500,,,,,3040.0
PGH_1269,42003070500,,,,,3040.0
PGH_1270,42003070500,,,,,3040.0
PGH_1271,42003070500,,,,,3040.0
PGH_1272,42003070500,,,,,3040.0
PGH_1273,42003070500,,,,,3040.0
PGH_1274,42003070500,,,,,3040.0
PGH_1275,42003070500,,,,,3040.0
PGH_1276,42003070500,,,,,3040.0
PGH_1277,42003070500,,,,,3040.0
PGH_1278,42003070500,,,,,3040.0
PGH_1279,42003070500,,,,,3040.0
PGH_1280,42003070500,,,,,3040.0
PGH_1281,42003070500,,,,,3040.0
PGH_1282,42003070500,,,,,3040.0
PGH_1283,42003070500,,,,,3040.0
PGH_1284,42003070500,,,,,3040.0
PGH_1285,42003070500,,,,,3040.0
PGH_1286,42003070500,,,,,3040.0
PGH_1287,42003070500,,,,,3040.0
PGH_1288,42003070800,,,,,2853.0
PGH_1289,42003070500,,,,,3040.0
PGH_1290,42003070500,,,,,3040.0
PGH_1291,42003070800,,,,,2853.0
PGH_1292,42003070500,,,,,3040.0
PGH_1293,42003070800,,,,,2853.0
PGH_1294,42003070800,,,,,2853.0
PGH_1295,42003070800,,,,,2853.0
PGH_1296,42003120800,,,,,
PGH_1297,42003120800,,,,,
PGH_1298,42003120800,,,,,
PGH_1299,42003111500,,,,,3529.0
PGH_1300,42003120800,,,,,
PGH_1301,42003111500,,,,,3529.0
PGH_1302,42003120800,,,,,
PGH_1303,42003111500,,,,,3529.0
PGH_1304,42003111500,,,,,3529.0
PGH_1305,42003111500,,,,,3529.0
PGH_1306,42003070800,,,,,2853.0
PGH_1307,42003070800,,,,,2853.0
PGH_1308,42003070800,,,,,2853.0
PGH_1309,42003070800,,,,,2853.0
PGH_1310,42003070800,,,,,2853.0
PGH_1311,42003111500,,,,,3529.0
PGH_1312,42003111500,,,,,3529.0
PGH_1313,42003111500,,,,,3529.0
PGH_1314,42003111500,,,,,3529.0
PGH_1315,42003120800,,,,,
PGH_1316,42003111500,,,,,3529.0
PGH_1317,42003111500,,,,,3529.0
PGH_1318,42003111500,,,,,3529.0
PGH_1319,42003120800,,,,,
PGH_1320,42003111500,,,,,3529.0
PGH_1321,42003111500,,,,,3529.0
PGH_1322,42003111500,,,,,3529.0
PGH_1323,42003111500,,,,,3529.0
PGH_1324,42003120800,,,,,
PGH_1325,42003111500,,,,,3529.0
PGH_1326,42003111500,,,,,3529.0
PGH_1327,42003120800,,,,,
PGH_1328,42003111500,,,,,3529.0
PGH_1329,42003111500,,,,,3529.0
PGH_1330,42003111500,,,,,3529.0
PGH_1331,42003111500,,,,,3529.0
PGH_1332,42003111500,,,,,3529.0
PGH_1333,42003111500,,,,,3529.0
PGH_1334,42003111500,,,,,3529.0
PGH_1335,42003111500,,,,,3529.0
PGH_1336,42003111500,,,,,3529.0
PGH_1337,42003111500,,,,,3529.0
PGH_1338,42003111500,,,,,3529.0
PGH_1339,42003111500,,,,,3529.0
PGH_1340,42003111500,,,,,3529.0
PGH_1341,42003111500,,,,,3529.0
PGH_1342,42003111500,,,,,3529.0
PGH_1343,42003111500,,,,,3529.0
PGH_1344,42003111500,,,,,3529.0
PGH_1345,42003111500,,,,,3529.0
PGH_1346,42003111500,,,,,3529.0
PGH_1347,42003111500,,,,,3529.0
PGH_1348,42003111500,,,,,3529.0
PGH_1349,42003111500,,,,,3529.0
PGH_1350,42003111500,,,,,3529.0
PGH_1351,42003111500,,,,,3529.0
PGH_1352,42003111500,,,,,3529.0
PGH_1353,42003111500,,,,,3529.0
PGH_1354,42003111500,,,,,3529.0
PGH_1355,42003111500,,,,,3529.0
PGH_1356,42003111500,,,,,3529.0
PGH_1357,42003111500,,,,,3529.0
PGH_1358,42003111500,,,,,3529.0
PGH_1359,42003111500,,,,,3529.0
PGH_1360,42003111500,,,,,3529.0
PGH_1361,42003111500,,,,,3529.0
PGH_1362,42003111500,,,,,3529.0
PGH_1363,42003111500,,,,,3529.0
PGH_1364,42003111500,,,,,3529.0
PGH_1365,42003111500,,,,,3529.0
PGH_1366,42003111500,,,,,3529.0
PGH_1367,42003111500,,,,,3529.0
PGH_1368,42003111500,,,,,3529.0
PGH_1369,42003111500,,,,,3529.0
PGH_1370,42003111500,,,,,3529.0
PGH_1371,42003111500,,,,,3529.0
PGH_1372,42003111500,,,,,3529.0
PGH_1373,42003111500,,,,,3529.0
PGH_1374,42003111500,,,,,3529.0
PGH_1375,42003111500,,,,,3529.0
PGH_1376,42003111500,,,,,3529.0
PGH_1377,42003111500,,,,,3529.0
PGH_1378,42003111500,,,,,3529.0
PGH_1379,42003111500,,,,,3529.0
PGH_1380,42003111500,,,,,3529.0
PGH_1381,42003111500,,,,,3529.0
PGH_1382,42003111500,,,,,3529.0
PGH_1383,42003111500,,,,,3529.0
PGH_1384,42003111500,,,,,3529.0
PGH_1385,42003111500,,,,,3529.0
PGH_1386,42003111500,,,,,3529.0
PGH_1387,42003111500,,,,,3529.0
PGH_1388,42003111500,,,,,3529.0
PGH_1389,42003140600,,,,,
PGH_1390,42003140400,,,,,2312.0
PGH_1391,42003140500,,,,,1988.0
PGH_1392,42003140500,,,,,1988.0
PGH_1393,42003140500,,,,,1988.0
PGH_1394,42003140500,,,,,1988.0
PGH_1395,42003560400,,,,,1553.0
PGH_1396,42003560400,,,,,1553.0
PGH_1397,42003560400,,,,,1553.0
PGH_1398,42003560400,,,,,1553.0
PGH_1399,42003560400,,,,,1553.0
PGH_1400,42003560400,,,,,1553.0
PGH_1401,42003140500,,,,,1988.0
PGH_1402,42003140500,,,,,1988.0
PGH_1403,42003140500,,,,,1988.0
PGH_1404,42003140500,,,,,1988.0
PGH_1405,42003140500,,,,,1988.0
PGH_1406,42003140500,,,,,1988.0
PGH_1407,42003140500,,,,,1988.0
PGH_1408,42003140500,,,,,1988.0
PGH_1409,42003140500,,,,,1988.0
PGH_1410,42003140500,,,,,1988.0
PGH_1411,42003140500,,,,,1988.0
PGH_1412,42003140500,,,,,1988.0
PGH_1413,42003140500,,,,,1988.0
PGH_1414,42003140500,,,,,1988.0
PGH_1415,42003140500,,,,,1988.0
PGH_1416,42003140500,,,,,1988.0
PGH_1417,42003140500,,,,,1988.0
PGH_1418,42003140500,,,,,1988.0
PGH_1419,42003140500,,,,,1988.0
PGH_1420,42003140500,,,,,1988.0
PGH_1421,42003140500,,,,,1988.0
PGH_1422,42003130300,,,,,
PGH_1423,42003130300,,,,,
PGH_1424,42003140500,,,,,1988.0
PGH_1425,42003140500,,,,,1988.0
PGH_1426,42003140500,,,,,1988.0
PGH_1427,42003140500,,,,,1988.0
PGH_1428,42003140500,,,,,1988.0
PGH_1429,42003140500,,,,,1988.0
PGH_1430,42003140500,,,,,1988.0
PGH_1431,42003140500,,,,,1988.0
PGH_1432,42003140500,,,,,1988.0
PGH_1433,42003140500,,,,,1988.0
PGH_1434,42003140500,,,,,1988.0
PGH_1435,42003140500,,,,,1988.0
PGH_1436,42003140500,,,,,1988.0
PGH_1437,42003140500,,,,,1988.0
PGH_1438,42003140500,,,,,1988.0
PGH_1439,42003140500,,,,,1988.0
PGH_1440,42003140500,,,,,1988.0
PGH_1441,42003140500,,,,,1988.0
PGH_1442,42003140500,,,,,1988.0
PGH_1443,42003140500,,,,,1988.0
PGH_1444,42003140500,,,,,1988.0
PGH_1445,42003140500,,,,,1988.0
PGH_1446,42003140500,,,,,1988.0
PGH_1447,42003140500,,,,,1988.0
PGH_1448,42003140400,,,,,2312.0
PGH_1449,42003140400,,,,,2312.0
PGH_1450,42003140500,,,,,1988.0
PGH_1451,42003140500,,,,,1988.0
PGH_1452,42003140500,,,,,1988.0
PGH_1453,42003140500,,,,,1988.0
PGH_1454,42003070800,,,,,2853.0
PGH_1455,42003120800,,,,,
PGH_1456,42003070800,,,,,2853.0
PGH_1457,42003120800,,,,,
PGH_1458,42003140500,,,,,1988.0
PGH_1459,42003140500,,,,,1988.0
PGH_1460,42003140500,,,,,1988.0
PGH_1461,42003140500,,,,,1988.0
PGH_1462,42003140500,,,,,1988.0
PGH_1463,42003140500,,,,,1988.0
PGH_1464,42003140500,,,,,1988.0
PGH_1465,42003140500,,,,,1988.0
PGH_1466,42003140500,,,,,1988.0
PGH_1467,42003140500,,,,,1988.0
PGH_1468,42003120800,,,,,
PGH_1469,42003140500,,,,,1988.0
PGH_1470,42003070800,,,,,2853.0
PGH_1471,42003120800,,,,,
PGH_1472,42003130300,,,,,
PGH_1473,42003130300,,,,,
PGH_1474,42003130300,,,,,
PGH_1475,42003120700,,,,,
PGH_1476,42003120700,,,,,
PGH_1477,42003130300,,,,,
PGH_1478,42003130300,,,,,
PGH_1479,42003130300,,,,,
PGH_1480,42003140500,,,,,1988.0
PGH_1481,42003120800,,,,,
PGH_1482,42003120800,,,,,
PGH_1483,42003140500,,,,,1988.0
PGH_1484,42003130300,,,,,
PGH_1485,42003130300,,,,,
PGH_1486,42003120800,,,,,
PGH_1487,42003120800,,,,,
PGH_1488,42003120700,,,,,
PGH_1489,42003120700,,,,,
PGH_1490,42003120700,,,,,
PGH_1491,42003120700,,,,,
PGH_1492,42003120700,,,,,
PGH_1493,42003120700,,,,,
PGH_1494,42003120700,,,,,
PGH_1495,42003120800,,,,,
PGH_1496,42003140500,,,,,1988.0
PGH_1497,42003130300,,,,,
PGH_1498,42003130300,,,,,
PGH_1499,42003120700,,,,,
PGH_1500,42003120800,,,,,
PGH_1501,42003120700,,,,,
PGH_1502,42003120700,,,,,
PGH_1503,42003120800,,,,,
PGH_1504,42003120800,,,,,
PGH_1505,42003120700,,,,,
PGH_1506,42003120700,,,,,
PGH_1507,42003120700,,,,,
PGH_1508,42003120700,,,,,
PGH_1509,42003120800,,,,,
PGH_1510,42003120700,,,,,
PGH_1511,42003120800,,,,,
PGH_1512,42003120700,,,,,
PGH_1513,42003120700,,,,,
PGH_1514,42003120700,,,,,
PGH_1515,42003120800,,,,,
PGH_1516,42003120800,,,,,
PGH_1517,42003120800,,,,,
PGH_1518,42003120800,,,,,
PGH_1519,42003120800,,,,,
PGH_1520,42003120800,,,,,
PGH_1521,42003120800,,,,,
PGH_1522,42003120800,,,,,
PGH_1523,42003120800,,,,,
PGH_1524,42003120800,,,,,
PGH_1525,42003120700,,,,,
PGH_1526,42003120700,,,,,
PGH_1527,42003120700,,,,,
PGH_1528,42003120800,,,,,
PGH_1529,42003120700,,,,,
PGH_1530,42003120800,,,,,
PGH_1531,42003120700,,,,,
PGH_1532,42003120700,,,,,
PGH_1533,42003120800,,,,,
PGH_1534,42003120800,,,,,
PGH_1535,42003120800,,,,,
PGH_1536,42003120800,,,,,
PGH_1537,42003120800,,,,,
PGH_1538,42003120700,,,,,
PGH_1539,42003120800,,,,,
PGH_1540,42003120800,,,,,
PGH_1541,42003120800,,,,,
PGH_1542,42003120800,,,,,
PGH_1543,42003120800,,,,,
PGH_1544,42003120800,,,,,
PGH_1545,42003120800,,,,,
PGH_1546,42003120800,,,,,
PGH_1547,42003120800,,,,,
PGH_1548,42003120800,,,,,
PGH_1549,42003120800,,,,,
PGH_1550,42003120800,,,,,
PGH_1551,42003120800,,,,,
PGH_1552,42003120800,,,,,
PGH_1553,42003120800,,,,,
PGH_1554,42003120800,,,,,
PGH_1555,42003120800,,,,,
PGH_1556,42003120800,,,,,
PGH_1557,42003120800,,,,,
PGH_1558,42003120800,,,,,
PGH_1559,42003120800,,,,,
PGH_1560,42003120800,,,,,
PGH_1561,42003120800,,,,,
PGH_1562,42003120800,,,,,
PGH_1563,42003120800,,,,,
PGH_1564,42003120800,,,,,
PGH_1565,42003120700,,,,,
PGH_1566,42003120800,,,,,
PGH_1567,42003120800,,,,,
PGH_1568,42003120800,,,,,
PGH_1569,42003120400,,,,,
PGH_1570,42003120400,,,,,
PGH_1571,42003120400,,,,,
PGH_1572,42003120800,,,,,
PGH_1573,42003120400,,,,,
PGH_1574,42003120400,,,,,
PGH_1575,42003120800,,,,,
PGH_1576,42003120400,,,,,
PGH_1577,42003120800,,,,,
PGH_1578,42003120800,,,,,
PGH_1579,42003120800,,,,,
PGH_1580,42003120800,,,,,
PGH_1581,42003120800,,,,,
PGH_1582,42003120700,,,,,
PGH_1583,42003120700,,,,,
PGH_1584,42003120300,,,,,1424.0
PGH_1585,42003120300,,,,,1424.0
PGH_1586,42003560400,,,,,1553.0
PGH_1587,42003560400,,,,,1553.0
PGH_1588,42003560400,,,,,1553.0
PGH_1589,42003560400,,,,,1553.0
PGH_1590,42003130400,,,,,
PGH_1591,42003130300,,,,,
PGH_1592,42003130400,,,,,
PGH_1593,42003130400,,,,,
PGH_1594,42003130300,,,,,
PGH_1595,42003130400,,,,,
PGH_1596,42003130300,,,,,
PGH_1597,42003130300,,,,,
PGH_1598,42003130600,,,,,2892.0
PGH_1599,42003561400,,,,,4012.0
PGH_1600,42003561400,,,,,4012.0
PGH_1601,42003561400,,,,,4012.0
PGH_1602,42003563000,,,,,2928.0
PGH_1603,42003563000,,,,,2928.0
PGH_1604,42003563000,,,,,2928.0
PGH_1605,42003563000,,,,,2928.0
PGH_1606,42003563000,,,,,2928.0
PGH_1607,42003464300,,,,,3391.0
PGH_1608,42003464300,,,,,3391.0
PGH_1609,42003191100,,,,,2397.0
PGH_1610,42003191100,,,,,2397.0
PGH_1611,42003562600,,,,,2398.0
PGH_1612,42003191100,,,,,2397.0
PGH_1613,42003191100,,,,,2397.0
PGH_1614,42003191100,,,,,2397.0
PGH_1615,42003191100,,,,,2397.0
PGH_1616,42003191100,,,,,2397.0
PGH_1617,42003191100,,,,,2397.0
PGH_1618,42003191100,,,,,2397.0
PGH_1619,42003562600,,,,,2398.0
PGH_1620,42003562600,,,,,2398.0
PGH_1621,42003191100,,,,,2397.0
PGH_1622,42003191100,,,,,2397.0
PGH_1623,42003562600,,,,,2398.0
PGH_1624,42003562600,,,,,2398.0
PGH_1625,42003562600,,,,,2398.0
PGH_1626,42003191100,,,,,2397.0
PGH_1627,42003191100,,,,,2397.0
PGH_1628,42003980700,,,,,
PGH_1629,42003980700,,,,,
PGH_1630,42003562600,,,,,2398.0
PGH_1631,42003562600,,,,,2398.0
PGH_1632,42003562600,,,,,2398.0
PGH_1633,42003562600,,,,,2398.0
PGH_1634,42003562600,,,,,2398.0
PGH_1635,42003562600,,,,,2398.0
PGH_1636,42003562600,,,,,2398.0
PGH_1637,42003191400,,,,,2725.0
PGH_1638,42003980700,,,,,
PGH_1639,42003980700,,,,,
PGH_1640,42003980700,,,,,
PGH_1641,42003980700,,,,,
PGH_1642,42003980700,,,,,
PGH_1643,42003980700,,,,,
PGH_1644,42003980700,,,,,
PGH_1645,42003980700,,,,,
PGH_1646,42003980700,,,,,
PGH_1647,42003980700,,,,,
PGH_1648,42003980700,,,,,
PGH_1649,42003980700,,,,,
PGH_1650,42003980700,,,,,
PGH_1651,42003980700,,,,,
PGH_1652,42003980700,,,,,
PGH_1653,42003980700,,,,,
PGH_1654,42003980700,,,,,
PGH_1655,42003980700,,,,,
PGH_1656,42003980700,,,,,
PGH_1657,42003980700,,,,,
PGH_1658,42003980700,,,,,
PGH_1659,42003980700,,,,,
PGH_1660,42003980700,,,,,
PGH_1661,42003980700,,,,,
PGH_1662,42003980700,,,,,
PGH_1663,42003980700,,,,,
PGH_1664,42003980700,,,,,
PGH_1665,42003980700,,,,,
PGH_1666,42003980700,,,,,
PGH_1667,42003980700,,,,,
PGH_1668,42003980700,,,,,
PGH_1669,42003980700,,,,,
PGH_1670,42003980700,,,,,
PGH_1671,42003980700,,,,,
PGH_1672,42003980700,,,,,
PGH_1673,42003980700,,,,,
PGH_1674,42003980700,,,,,
PGH_1675,42003980700,,,,,
PGH_1676,42003980700,,,,,
PGH_1677,42003980700,,,,,
PGH_1678,42003980700,,,,,
PGH_1679,42003980700,,,,,
PGH_1680,42003980700,,,,,
PGH_1681,42003980700,,,,,
PGH_1682,42003980700,,,,,
PGH_1683,42003980700,,,,,
PGH_1684,42003980700,,,,,
PGH_1685,42003980700,,,,,
PGH_1686,42003980700,,,,,
PGH_1687,42003980700,,,,,
PGH_1688,42003980700,,,,,
PGH_1689,42003980700,,,,,
PGH_1690,42003980700,,,,,
PGH_1691,42003980700,,,,,
PGH_1692,42003980700,,,,,
PGH_1693,42003980700,,,,,
PGH_1694,42003980700,,,,,
PGH_1695,42003980700,,,,,
PGH_1696,42003980700,,,,,
PGH_1697,42003980700,,,,,
PGH_1698,42003980700,,,,,
PGH_1699,42003980700,,,,,
PGH_1700,42003980700,,,,,
PGH_1701,42003980700,,,,,
PGH_1702,42003980700,,,,,
PGH_1703,42003980700,,,,,
PGH_1704,42003980700,,,,,
PGH_1705,42003980700,,,,,
PGH_1706,42003980700,,,,,
PGH_1707,42003980700,,,,,
PGH_1708,42003980700,,,,,
PGH_1709,42003980700,,,,,
PGH_1710,42003980700,,,,,
PGH_1711,42003980700,,,,,
PGH_1712,42003980700,,,,,
PGH_1713,42003980700,,,,,
PGH_1714,42003980700,,,,,
PGH_1715,42003980700,,,,,
PGH_1716,42003980700,,,,,
PGH_1717,42003980700,,,,,
PGH_1718,42003980700,,,,,
PGH_1719,42003980700,,,,,
PGH_1720,42003980700,,,,,
PGH_1721,42003980700,,,,,
PGH_1722,42003980700,,,,,
PGH_1723,42003980700,,,,,
PGH_1724,42003980700,,,,,
PGH_1725,42003980700,,,,,
PGH_1726,42003980700,,,,,
PGH_1727,42003980700,,,,,
PGH_1728,42003980700,,,,,
PGH_1729,42003980700,,,,,
PGH_1730,42003980700,,,,,
PGH_1731,42003980700,,,,,
PGH_1732,42003980700,,,,,
PGH_1733,42003980700,,,,,
PGH_1734,42003980700,,,,,
PGH_1735,42003980700,,,,,
PGH_1736,42003980700,,,,,
PGH_1737,42003980700,,,,,
PGH_1738,42003980700,,,,,
PGH_1739,42003980700,,,,,
PGH_1740,42003980700,,,,,
PGH_1741,42003980700,,,,,
PGH_1742,42003980700,,,,,
PGH_1743,42003980700,,,,,
PGH_1744,42003980700,,,,,
PGH_1745,42003190300,,,,,1930.0
PGH_1746,42003190300,,,,,1930.0
PGH_1747,42003190300,,,,,1930.0
PGH_1748,42003190300,,,,,1930.0
PGH_1749,42003190300,,,,,1930.0
PGH_1750,42003980700,,,,,
PGH_1751,42003190300,,,,,1930.0
PGH_1752,42003190300,,,,,1930.0
PGH_1753,42003190300,,,,,1930.0
PGH_1754,42003190300,,,,,1930.0
PGH_1755,42003190300,,,,,1930.0
PGH_1756,42003190300,,,,,1930.0
PGH_1757,42003190300,,,,,1930.0
PGH_1758,42003980700,,,,,
PGH_1759,42003980700,,,,,
PGH_1760,42003980700,,,,,
PGH_1761,42003190300,,,,,1930.0
PGH_1762,42003190300,,,,,1930.0
PGH_1763,42003190300,,,,,1930.0
PGH_1764,42003190300,,,,,1930.0
PGH_1765,42003980700,,,,,
PGH_1766,42003190300,,,,,1930.0
PGH_1767,42003980700,,,,,
PGH_1768,42003190300,,,,,1930.0
PGH_1769,42003190300,,,,,1930.0
PGH_1770,42003190300,,,,,1930.0
PGH_1771,42003020100,,,,,4729.0
PGH_1772,42003190300,,,,,1930.0
PGH_1773,42003190300,,,,,1930.0
PGH_1774,42003020100,,,,,4729.0
PGH_1775,42003190300,,,,,1930.0
PGH_1776,42003190300,,,,,1930.0
PGH_1777,42003020100,,,,,4729.0
PGH_1778,42003980700,,,,,
PGH_1779,42003190300,,,,,1930.0
PGH_1780,42003020100,,,,,4729.0
PGH_1781,42003020100,,,,,4729.0
PGH_1782,42003020100,,,,,4729.0
PGH_1783,42003190300,,,,,1930.0
PGH_1784,42003980700,,,,,
PGH_1785,42003980700,,,,,
PGH_1786,42003980700,,,,,
PGH_1787,42003980700,,,,,
PGH_1788,42003020100,,,,,4729.0
PGH_1789,42003980700,,,,,
PGH_1790,42003980700,,,,,
PGH_1791,42003020100,,,,,4729.0
PGH_1792,42003020100,,,,,4729.0
PGH_1793,42003980700,,,,,
PGH_1794,42003980700,,,,,
PGH_1795,42003980700,,,,,
PGH_1796,42003980700,,,,,
PGH_1797,42003980700,,,,,
PGH_1798,42003020100,,,,,4729.0
PGH_1799,42003020100,,,,,4729.0
PGH_1800,42003020100,,,,,4729.0
PGH_1801,42003020100,,,,,4729.0
PGH_1802,42003020100,,,,,4729.0
PGH_1803,42003020100,,,,,4729.0
PGH_1804,42003020100,,,,,4729.0
PGH_1805,42003020100,,,,,4729.0
PGH_1806,42003020100,,,,,4729.0
PGH_1807,42003020100,,,,,4729.0
PGH_1808,42003020100,,,,,4729.0
PGH_1809,42003020100,,,,,4729.0
PGH_1810,42003980700,,,,,
PGH_1811,42003020100,,,,,4729.0
PGH_1812,42003020100,,,,,4729.0
PGH_1813,42003980700,,,,,
PGH_1814,42003020100,,,,,4729.0
PGH_1815,42003020100,,,,,4729.0
PGH_1816,42003020100,,,,,4729.0
PGH_1817,42003020100,,,,,4729.0
PGH_1818,42003020100,,,,,4729.0
PGH_1819,42003020100,,,,,4729.0
PGH_1820,42003020100,,,,,4729.0
PGH_1821,42003020100,,,,,4729.0
PGH_1822,42003980700,,,,,
PGH_1823,42003980700,,,,,
PGH_1824,42003020100,,,,,4729.0
PGH_1825,42003020100,,,,,4729.0
PGH_1826,42003020100,,,,,4729.0
PGH_1827,42003020100,,,,,4729.0
PGH_1828,42003980700,,,,,
PGH_1829,42003020100,,,,,4729.0
PGH_1830,42003020100,,,,,4729.0
PGH_1831,42003020100,,,,,4729.0
PGH_1832,42003020100,,,,,4729.0
PGH_1833,42003020100,,,,,4729.0
PGH_1834,42003020100,,,,,4729.0
PGH_1835,42003020100,,,,,4729.0
PGH_1836,42003020100,,,,,4729.0
PGH_1837,42003020100,,,,,4729.0
PGH_1838,42003020100,,,,,4729.0
PGH_1839,42003020100,,,,,4729.0
PGH_1840,42003020100,,,,,4729.0
PGH_1841,42003020100,,,,,4729.0
PGH_1842,42003020100,,,,,4729.0
PGH_1843,42003020100,,,,,4729.0
PGH_1844,42003020100,,,,,4729.0
PGH_1845,42003020100,,,,,4729.0
PGH_1846,42003020100,,,,,4729.0
PGH_1847,42003020100,,,,,4729.0
PGH_1848,42003020100,,,,,4729.0
PGH_1849,42003020100,,,,,4729.0
PGH_1850,42003020100,,,,,4729.0
PGH_1851,42003020100,,,,,4729.0
PGH_1852,42003020100,,,,,4729.0
PGH_1853,42003020100,,,,,4729.0
PGH_1854,42003020100,,,,,4729.0
PGH_1855,42003020100,,,,,4729.0
PGH_1856,42003020100,,,,,4729.0
PGH_1857,42003020100,,,,,4729.0
PGH_1858,42003020100,,,,,4729.0
PGH_1859,42003020100,,,,,4729.0
PGH_1860,42003020100,,,,,4729.0
PGH_1861,42003020100,,,,,4729.0
PGH_1862,42003020100,,,,,4729.0
PGH_1863,42003020100,,,,,4729.0
PGH_1864,42003020100,,,,,4729.0
PGH_1865,42003020100,,,,,4729.0
PGH_1866,42003020100,,,,,4729.0
PGH_1867,42003020100,,,,,4729.0
PGH_1868,42003020100,,,,,4729.0
PGH_1869,42003020100,,,,,4729.0
PGH_1870,42003020100,,,,,4729.0
PGH_1871,42003981200,,,,,
PGH_1872,42003981200,,,,,
PGH_1873,42003981200,,,,,
PGH_1874,42003981200,,,,,
PGH_1875,42003981200,,,,,
PGH_1876,42003981200,,,,,
PGH_1877,42003170200,,,,,3984.0
PGH_1878,42003170200,,,,,3984.0
PGH_1879,42003170200,,,,,3984.0
PGH_1880,42003980700,,,,,
PGH_1881,42003170200,,,,,3984.0
PGH_1882,42003980700,,,,,
PGH_1883,42003980700,,,,,
PGH_1884,42003170200,,,,,3984.0
PGH_1885,42003170200,,,,,3984.0
PGH_1886,42003170200,,,,,3984.0
PGH_1887,42003170200,,,,,3984.0
PGH_1888,42003170200,,,,,3984.0
PGH_1889,42003980700,,,,,
PGH_1890,42003980700,,,,,
PGH_1891,42003980700,,,,,
PGH_1892,42003980700,,,,,
PGH_1893,42003980700,,,,,
PGH_1894,42003980700,,,,,
PGH_1895,42003980700,,,,,
PGH_1896,42003170200,,,,,3984.0
PGH_1897,42003170200,,,,,3984.0
PGH_1898,42003980700,,,,,
PGH_1899,42003170200,,,,,3984.0
PGH_1900,42003980700,,,,,
PGH_1901,42003170200,,,,,3984.0
PGH_1902,42003170200,,,,,3984.0
PGH_1903,42003170200,,,,,3984.0
PGH_1904,42003170200,,,,,3984.0
PGH_1905,42003980700,,,,,
PGH_1906,42003980700,,,,,
PGH_1909,42003980700,,,,,
PGH_1912,42003980700,,,,,
PGH_1914,42003170200,,,,,3984.0
PGH_1915,42003170200,,,,,3984.0
PGH_1916,42003980700,,,,,
PGH_1917,42003980700,,,,,
PGH_1918,42003980700,,,,,
PGH_1919,42003980700,,,,,
PGH_1920,42003170200,,,,,3984.0
PGH_1921,42003170200,,,,,3984.0
PGH_1922,42003980700,,,,,
PGH_1923,42003980700,,,,,
PGH_1924,42003980700,,,,,
PGH_1925,42003980700,,,,,
PGH_1926,42003980700,,,,,
PGH_1927,42003980700,,,,,
PGH_1928,42003980700,,,,,
PGH_1929,42003980700,,,,,
PGH_1930,42003980700,,,,,
PGH_1931,42003980700,,,,,
PGH_1932,42003980700,,,,,
PGH_1933,42003980700,,,,,
PGH_1934,42003980700,,,,,
PGH_1935,42003980700,,,,,
PGH_1936,42003980700,,,,,
PGH_1937,42003010300,,,,,
PGH_1938,42003010300,,,,,
PGH_1939,42003010300,,,,,
PGH_1940,42003010300,,,,,
PGH_1942,42003010300,,,,,
PGH_1943,42003010300,,,,,
PGH_1944,42003010300,,,,,
PGH_1945,42003010300,,,,,
PGH_1946,42003010300,,,,,
PGH_1947,42003010300,,,,,
PGH_1948,42003010300,,,,,
PGH_1949,42003020100,,,,,4729.0
PGH_1950,42003020100,,,,,4729.0
PGH_1951,42003020100,,,,,4729.0
PGH_1952,42003010300,,,,,
PGH_1953,42003020100,,,,,4729.0
PGH_1954,42003010300,,,,,
PGH_1955,42003020100,,,,,4729.0
PGH_1956,42003010300,,,,,
PGH_1957,42003020100,,,,,4729.0
PGH_1958,42003010300,,,,,
PGH_1959,42003020100,,,,,4729.0
PGH_1960,42003020100,,,,,4729.0
PGH_1961,42003020100,,,,,4729.0
PGH_1962,42003020100,,,,,4729.0
PGH_1963,42003020100,,,,,4729.0
PGH_1964,42003020100,,,,,4729.0
PGH_1965,42003020100,,,,,4729.0
PGH_1966,42003020100,,,,,4729.0
PGH_1967,42003020100,,,,,4729.0
PGH_1968,42003020100,,,,,4729.0
PGH_1969,42003020100,,,,,4729.0
PGH_1970,42003020100,,,,,4729.0
PGH_1971,42003020100,,,,,4729.0
PGH_1972,42003020100,,,,,4729.0
PGH_1973,42003020100,,,,,4729.0
PGH_1974,42003020100,,,,,4729.0
PGH_1975,42003020100,,,,,4729.0
PGH_1976,42003020100,,,,,4729.0
PGH_1977,42003020100,,,,,4729.0
PGH_1978,42003020100,,,,,4729.0
PGH_1979,42003020100,,,,,4729.0
PGH_1980,42003020100,,,,,4729.0
PGH_1981,42003020100,,,,,4729.0
PGH_1982,42003020100,,,,,4729.0
PGH_1983,42003020100,,,,,4729.0
PGH_1984,42003020100,,,,,4729.0
PGH_1985,42003020100,,,,,4729.0
PGH_1986,42003020100,,,,,4729.0
PGH_1987,42003020100,,,,,4729.0
PGH_1988,42003020100,,,,,4729.0
PGH_1989,42003020100,,,,,4729.0
PGH_1990,42003020100,,,,,4729.0
PGH_1991,42003020100,,,,,4729.0
PGH_1992,42003020100,,,,,4729.0
PGH_1993,42003020100,,,,,4729.0
PGH_1994,42003020100,,,,,4729.0
PGH_1995,42003010300,,,,,
PGH_1996,42003010300,,,,,
PGH_1997,42003010300,,,,,
PGH_1998,42003020100,,,,,4729.0
PGH_1999,42003020100,,,,,4729.0
PGH_2000,42003010300,,,,,
PGH_2001,42003020100,,,,,4729.0
PGH_2002,42003020100,,,,,4729.0
PGH_2003,42003020100,,,,,4729.0
PGH_2004,42003020100,,,,,4729.0
PGH_2005,42003020100,,,,,4729.0
PGH_2006,42003020100,,,,,4729.0
PGH_2007,42003020100,,,,,4729.0
PGH_2008,42003020100,,,,,4729.0
PGH_2009,42003020100,,,,,4729.0
PGH_2010,42003020100,,,,,4729.0
PGH_2011,42003020100,,,,,4729.0
PGH_2012,42003020100,,,,,4729.0
PGH_2013,42003020100,,,,,4729.0
PGH_2014,42003020100,,,,,4729.0
PGH_2015,42003020100,,,,,4729.0
PGH_2016,42003020100,,,,,4729.0
PGH_2017,42003020100,,,,,4729.0
PGH_2018,42003020100,,,,,4729.0
PGH_2019,42003020100,,,,,4729.0
PGH_2020,42003020100,,,,,4729.0
PGH_2021,42003020100,,,,,4729.0
PGH_2022,42003020100,,,,,4729.0
PGH_2023,42003020100,,,,,4729.0
PGH_2024,42003020100,,,,,4729.0
PGH_2025,42003020100,,,,,4729.0
PGH_2026,42003020100,,,,,4729.0
PGH_2027,42003020100,,,,,4729.0
PGH_2028,42003020100,,,,,4729.0
PGH_2029,42003020100,,,,,4729.0
PGH_2030,42003020100,,,,,4729.0
PGH_2031,42003020100,,,,,4729.0
PGH_2032,42003020100,,,,,4729.0
PGH_2033,42003020100,,,,,4729.0
PGH_2034,42003020100,,,,,4729.0
PGH_2035,42003020100,,,,,4729.0
PGH_2036,42003020100,,,,,4729.0
PGH_2037,42003020100,,,,,4729.0
PGH_2038,42003020100,,,,,4729.0
PGH_2039,42003020100,,,,,4729.0
PGH_2040,42003020100,,,,,4729.0
PGH_2041,42003020100,,,,,4729.0
PGH_2042,42003020100,,,,,4729.0
PGH_2043,42003020100,,,,,4729.0
PGH_2044,42003020100,,,,,4729.0
PGH_2045,42003020100,,,,,4729.0
PGH_2046,42003020100,,,,,4729.0
PGH_2047,42003020100,,,,,4729.0
PGH_2048,42003020100,,,,,4729.0
PGH_2049,42003020100,,,,,4729.0
PGH_2050,42003020100,,,,,4729.0
PGH_2051,42003020100,,,,,4729.0
PGH_2052,42003020100,,,,,4729.0
PGH_2053,42003020100,,,,,4729.0
PGH_2054,42003020100,,,,,4729.0
PGH_2055,42003020100,,,,,4729.0
PGH_2056,42003020100,,,,,4729.0
PGH_2057,42003020100,,,,,4729.0
PGH_2058,42003020100,,,,,4729.0
PGH_2059,42003020100,,,,,4729.0
PGH_2060,42003020100,,,,,4729.0
PGH_2061,42003020100,,,,,4729.0
PGH_2062,42003020100,,,,,4729.0
PGH_2063,42003020100,,,,,4729.0
PGH_2064,42003020100,,,,,4729.0
PGH_2065,42003020100,,,,,4729.0
PGH_2066,42003020100,,,,,4729.0
PGH_2067,42003020100,,,,,4729.0
PGH_2068,42003020100,,,,,4729.0
PGH_2069,42003020100,,,,,4729.0
PGH_2070,42003020100,,,,,4729.0
PGH_2071,42003020100,,,,,4729.0
PGH_2072,42003020100,,,,,4729.0
PGH_2073,42003020100,,,,,4729.0
PGH_2074,42003020100,,,,,4729.0
PGH_2075,42003020100,,,,,4729.0
PGH_2076,42003020100,,,,,4729.0
PGH_2077,42003020100,,,,,4729.0
PGH_2078,42003020100,,,,,4729.0
PGH_2079,42003020100,,,,,4729.0
PGH_2080,42003020100,,,,,4729.0
PGH_2081,42003020100,,,,,4729.0
PGH_2082,42003020100,,,,,4729.0
PGH_2083,42003020100,,,,,4729.0
PGH_2084,42003020100,,,,,4729.0
PGH_2085,42003020100,,,,,4729.0
PGH_2086,42003020100,,,,,4729.0
PGH_2087,42003020100,,,,,4729.0
PGH_2088,42003020100,,,,,4729.0
PGH_2089,42003020100,,,,,4729.0
PGH_2090,42003020100,,,,,4729.0
PGH_2091,42003020100,,,,,4729.0
PGH_2092,42003020100,,,,,4729.0
PGH_2093,42003020100,,,,,4729.0
PGH_2094,42003030500,,,,,3041.0
PGH_2095,42003020100,,,,,4729.0
PGH_2096,42003020100,,,,,4729.0
PGH_2097,42003020100,,,,,4729.0
PGH_2098,42003020100,,,,,4729.0
PGH_2099,42003020100,,,,,4729.0
PGH_2100,42003020100,,,,,4729.0
PGH_2101,42003020100,,,,,4729.0
PGH_2102,42003020100,,,,,4729.0
PGH_2103,42003020100,,,,,4729.0
PGH_2104,42003020100,,,,,4729.0
PGH_2105,42003020100,,,,,4729.0
PGH_2106,42003020100,,,,,4729.0
PGH_2107,42003020100,,,,,4729.0
PGH_2108,42003020100,,,,,4729.0
PGH_2109,42003020100,,,,,4729.0
PGH_2110,42003030500,,,,,3041.0
PGH_2111,42003020100,,,,,4729.0
PGH_2112,42003020100,,,,,4729.0
PGH_2113,42003020100,,,,,4729.0
PGH_2114,42003030500,,,,,3041.0
PGH_2115,42003020100,,,,,4729.0
PGH_2116,42003030500,,,,,3041.0
PGH_2117,42003020100,,,,,4729.0
PGH_2118,42003030500,,,,,3041.0
PGH_2119,42003030500,,,,,3041.0
PGH_2120,42003030500,,,,,3041.0
PGH_2121,42003030500,,,,,3041.0
PGH_2122,42003030500,,,,,3041.0
PGH_2123,42003030500,,,,,3041.0
PGH_2124,42003030500,,,,,3041.0
PGH_2125,42003020100,,,,,4729.0
PGH_2126,42003020100,,,,,4729.0
PGH_2127,42003030500,,,,,3041.0
PGH_2128,42003020100,,,,,4729.0
PGH_2129,42003020100,,,,,4729.0
PGH_2130,42003020100,,,,,4729.0
PGH_2131,42003020100,,,,,4729.0
PGH_2132,42003020100,,,,,4729.0
PGH_2133,42003020100,,,,,4729.0
PGH_2134,42003030500,,,,,3041.0
PGH_2135,42003020100,,,,,4729.0
PGH_2136,42003020100,,,,,4729.0
PGH_2137,42003020100,,,,,4729.0
PGH_2138,42003030500,,,,,3041.0
PGH_2139,42003020100,,,,,4729.0
PGH_2140,42003020100,,,,,4729.0
PGH_2141,42003020100,,,,,4729.0
PGH_2142,42003020100,,,,,4729.0
PGH_2143,42003030500,,,,,3041.0
PGH_2144,42003030500,,,,,3041.0
PGH_2145,42003020100,,,,,4729.0
PGH_2146,42003020100,,,,,4729.0
PGH_2147,42003020100,,,,,4729.0
PGH_2148,42003020100,,,,,4729.0
PGH_2149,42003020100,,,,,4729.0
PGH_2150,42003020100,,,,,4729.0
PGH_2151,42003020300,,,,,1845.0
PGH_2152,42003020100,,,,,4729.0
PGH_2153,42003030500,,,,,3041.0
PGH_2154,42003030500,,,,,3041.0
PGH_2155,42003020100,,,,,4729.0
PGH_2156,42003020100,,,,,4729.0
PGH_2157,42003020100,,,,,4729.0
PGH_2158,42003020100,,,,,4729.0
PGH_2159,42003020100,,,,,4729.0
PGH_2160,42003020100,,,,,4729.0
PGH_2161,42003020100,,,,,4729.0
PGH_2162,42003020300,,,,,1845.0
PGH_2163,42003020100,,,,,4729.0
PGH_2164,42003020300,,,,,1845.0
PGH_2165,42003020100,,,,,4729.0
PGH_2166,42003020300,,,,,1845.0
PGH_2167,42003020300,,,,,1845.0
PGH_2168,42003020300,,,,,1845.0
PGH_2169,42003020300,,,,,1845.0
PGH_2170,42003020300,,,,,1845.0
PGH_2171,42003020300,,,,,1845.0
PGH_2172,42003020300,,,,,1845.0
PGH_2173,42003020300,,,,,1845.0
PGH_2174,42003020300,,,,,1845.0
PGH_2175,42003020300,,,,,1845.0
PGH_2176,42003160900,,,,,3483.0
PGH_2177,42003160900,,,,,3483.0
PGH_2178,42003160900,,,,,3483.0
PGH_2179,42003160900,,,,,3483.0
PGH_2180,42003980800,,,,,
PGH_2181,42003170200,,,,,3984.0
PGH_2182,42003170200,,,,,3984.0
PGH_2183,42003170200,,,,,3984.0
PGH_2184,42003170200,,,,,3984.0
PGH_2185,42003170200,,,,,3984.0
PGH_2186,42003980800,,,,,
PGH_2187,42003170200,,,,,3984.0
PGH_2188,42003980800,,,,,
PGH_2189,42003170200,,,,,3984.0
PGH_2190,42003170200,,,,,3984.0
PGH_2191,42003160900,,,,,3483.0
PGH_2192,42003170200,,,,,3984.0
PGH_2193,42003170200,,,,,3984.0
PGH_2194,42003170200,,,,,3984.0
PGH_2195,42003170200,,,,,3984.0
PGH_2196,42003170200,,,,,3984.0
PGH_2197,42003980800,,,,,
PGH_2198,42003160900,,,,,3483.0
PGH_2199,42003980800,,,,,
PGH_2200,42003160900,,,,,3483.0
PGH_2201,42003160900,,,,,3483.0
PGH_2202,42003980800,,,,,
PGH_2203,42003160900,,,,,3483.0
PGH_2204,42003980800,,,,,
PGH_2205,42003980800,,,,,
PGH_2206,42003170200,,,,,3984.0
PGH_2207,42003170200,,,,,3984.0
PGH_2208,42003980800,,,,,
PGH_2209,42003980800,,,,,
PGH_2210,42003980800,,,,,
PGH_2211,42003980800,,,,,
PGH_2212,42003980800,,,,,
PGH_2213,42003980800,,,,,
PGH_2214,42003980800,,,,,
PGH_2215,42003980800,,,,,
PGH_2216,42003980800,,,,,
PGH_2217,42003980800,,,,,
PGH_2218,42003980800,,,,,
PGH_2219,42003980800,,,,,
PGH_2220,42003980800,,,,,
PGH_2221,42003980800,,,,,
PGH_2222,42003980800,,,,,
PGH_2223,42003980800,,,,,
PGH_2224,42003980800,,,,,
PGH_2225,42003980800,,,,,
PGH_2226,42003980800,,,,,
PGH_2227,42003980800,,,,,
PGH_2228,42003980800,,,,,
PGH_2229,42003980800,,,,,
PGH_2230,42003980800,,,,,
PGH_2232,42003980800,,,,,
PGH_2233,42003980800,,,,,
PGH_2234,42003980800,,,,,
PGH_2236,42003980800,,,,,
PGH_2237,42003980800,,,,,
PGH_2238,42003980800,,,,,
PGH_2239,42003040900,,,,,3326.0
PGH_2240,42003980800,,,,,
PGH_2241,42003160900,,,,,3483.0
PGH_2242,42003040900,,,,,3326.0
PGH_2243,42003980800,,,,,
PGH_2247,42003980800,,,,,
PGH_2248,42003980800,,,,,
PGH_2249,42003980800,,,,,
PGH_2251,42003980800,,,,,
PGH_2253,42003980800,,,,,
PGH_2254,42003980800,,,,,
PGH_2255,42003980800,,,,,
PGH_2256,42003980800,,,,,
PGH_2258,42003040900,,,,,3326.0
PGH_2259,42003040900,,,,,3326.0
PGH_2260,42003040900,,,,,3326.0
PGH_2261,42003040900,,,,,3326.0
PGH_2262,42003040900,,,,,3326.0
PGH_2263,42003040900,,,,,3326.0
PGH_2264,42003040900,,,,,3326.0
PGH_2265,42003040900,,,,,3326.0
PGH_2266,42003040900,,,,,3326.0
PGH_2267,42003040900,,,,,3326.0
PGH_2268,42003040900,,,,,3326.0
PGH_2269,42003040900,,,,,3326.0
PGH_2270,42003980800,,,,,
PGH_2271,42003040900,,,,,3326.0
PGH_2272,42003040900,,,,,3326.0
PGH_2273,42003040900,,,,,3326.0
PGH_2274,42003040900,,,,,3326.0
PGH_2275,42003980800,,,,,
PGH_2276,42003040900,,,,,3326.0
PGH_2277,42003040900,,,,,3326.0
PGH_2278,42003040900,,,,,3326.0
PGH_2279,42003040900,,,,,3326.0
PGH_2280,42003040900,,,,,3326.0
PGH_2281,42003040900,,,,,3326.0
PGH_2282,42003040900,,,,,3326.0
PGH_2283,42003040900,,,,,3326.0
PGH_2284,42003040900,,,,,3326.0
PGH_2285,42003040900,,,,,3326.0
PGH_2286,42003040900,,,,,3326.0
PGH_2287,42003010300,,,,,
PGH_2288,42003010300,,,,,
PGH_2289,42003010300,,,,,
PGH_2290,42003040900,,,,,3326.0
PGH_2291,42003040900,,,,,3326.0
PGH_2292,42003040900,,,,,3326.0
PGH_2293,42003010300,,,,,
PGH_2294,42003040900,,,,,3326.0
PGH_2295,42003040500,,,,,3781.0
PGH_2296,42003040900,,,,,3326.0
PGH_2297,42003040900,,,,,3326.0
PGH_2298,42003040500,,,,,3781.0
PGH_2299,42003040500,,,,,3781.0
PGH_2300,42003040500,,,,,3781.0
PGH_2301,42003040500,,,,,3781.0
PGH_2302,42003040500,,,,,3781.0
PGH_2303,42003040500,,,,,3781.0
PGH_2304,42003040500,,,,,3781.0
PGH_2305,42003040500,,,,,3781.0
PGH_2306,42003040500,,,,,3781.0
PGH_2307,42003040500,,,,,3781.0
PGH_2308,42003040500,,,,,3781.0
PGH_2309,42003040500,,,,,3781.0
PGH_2310,42003040500,,,,,3781.0
PGH_2311,42003040500,,,,,3781.0
PGH_2312,42003040500,,,,,3781.0
PGH_2313,42003040500,,,,,3781.0
PGH_2314,42003040500,,,,,3781.0
PGH_2315,42003040500,,,,,3781.0
PGH_2316,42003040500,,,,,3781.0
PGH_2317,42003040500,,,,,3781.0
PGH_2318,42003040500,,,,,3781.0
PGH_2319,42003040500,,,,,3781.0
PGH_2320,42003040500,,,,,3781.0
PGH_2321,42003040200,,,,,2534.0
PGH_2322,42003040200,,,,,2534.0
PGH_2323,42003040200,,,,,2534.0
PGH_2324,42003051100,,,,,617.0
PGH_2325,42003040200,,,,,2534.0
PGH_2326,42003040200,,,,,2534.0
PGH_2327,42003040200,,,,,2534.0
PGH_2328,42003040200,,,,,2534.0
PGH_2329,42003040200,,,,,2534.0
PGH_2330,42003040200,,,,,2534.0
PGH_2331,42003040200,,,,,2534.0
PGH_2332,42003040200,,,,,2534.0
PGH_2333,42003040200,,,,,2534.0
PGH_2334,42003040200,,,,,2534.0
PGH_2335,42003040200,,,,,2534.0
PGH_2336,42003040200,,,,,2534.0
PGH_2337,42003040200,,,,,2534.0
PGH_2338,42003040200,,,,,2534.0
PGH_2339,42003040200,,,,,2534.0
PGH_2340,42003051000,,,,,1703.0
PGH_2341,42003051000,,,,,1703.0
PGH_2342,42003051000,,,,,1703.0
PGH_2343,42003051000,,,,,1703.0
PGH_2344,42003051000,,,,,1703.0
PGH_2345,42003051000,,,,,1703.0
PGH_2346,42003051000,,,,,1703.0
PGH_2347,42003051000,,,,,1703.0
PGH_2348,42003051000,,,,,1703.0
PGH_2349,42003051000,,,,,1703.0
PGH_2350,42003051000,,,,,1703.0
PGH_2351,42003050100,,,,,1757.0
PGH_2352,42003050100,,,,,1757.0
PGH_2353,42003050100,,,,,1757.0
PGH_2354,42003050100,,,,,1757.0
PGH_2355,42003050100,,,,,1757.0
PGH_2356,42003050100,,,,,1757.0
PGH_2357,42003040900,,,,,3326.0
PGH_2358,42003980500,,,,,
PGH_2359,42003980500,,,,,
PGH_2360,42003980500,,,,,
PGH_2361,42003980500,,,,,
PGH_2362,42003980500,,,,,
PGH_2363,42003980500,,,,,
PGH_2364,42003980500,,,,,
PGH_2365,42003040900,,,,,3326.0
PGH_2366,42003980500,,,,,
PGH_2367,42003040900,,,,,3326.0
PGH_2368,42003040900,,,,,3326.0
PGH_2369,42003040900,,,,,3326.0
PGH_2370,42003980500,,,,,
PGH_2371,42003040900,,,,,3326.0
PGH_2372,42003040900,,,,,3326.0
PGH_2373,42003040900,,,,,3326.0
PGH_2374,42003040900,,,,,3326.0
PGH_2375,42003980500,,,,,
PGH_2376,42003980500,,,,,
PGH_2377,42003980500,,,,,
PGH_2378,42003980500,,,,,
PGH_2379,42003980500,,,,,
PGH_2380,42003980500,,,,,
PGH_2381,42003980500,,,,,
PGH_2382,42003980500,,,,,
PGH_2383,42003980500,,,,,
PGH_2384,42003980500,,,,,
PGH_2385,42003980500,,,,,
PGH_2386,42003980500,,,,,
PGH_2387,42003980500,,,,,
PGH_2388,42003980500,,,,,
PGH_2389,42003980500,,,,,
PGH_2390,42003040900,,,,,3326.0
PGH_2391,42003040900,,,,,3326.0
PGH_2392,42003980500,,,,,
PGH_2393,42003040600,,,,,2054.0
PGH_2394,42003040900,,,,,3326.0
PGH_2395,42003040900,,,,,3326.0
PGH_2396,42003040900,,,,,3326.0
PGH_2397,42003040600,,,,,2054.0
PGH_2398,42003040600,,,,,2054.0
PGH_2399,42003040600,,,,,2054.0
PGH_2400,42003980500,,,,,
PGH_2401,42003040900,,,,,3326.0
PGH_2402,42003980500,,,,,
PGH_2403,42003040900,,,,,3326.0
PGH_2404,42003040900,,,,,3326.0
PGH_2405,42003040600,,,,,2054.0
PGH_2406,42003980500,,,,,
PGH_2407,42003040900,,,,,3326.0
PGH_2408,42003040600,,,,,2054.0
PGH_2409,42003040900,,,,,3326.0
PGH_2410,42003980500,,,,,
PGH_2411,42003040600,,,,,2054.0
PGH_2412,42003040900,,,,,3326.0
PGH_2413,42003040900,,,,,3326.0
PGH_2414,42003040900,,,,,3326.0
PGH_2415,42003040900,,,,,3326.0
PGH_2416,42003980500,,,,,
PGH_2417,42003040600,,,,,2054.0
PGH_2418,42003040500,,,,,3781.0
PGH_2419,42003040500,,,,,3781.0
PGH_2420,42003980500,,,,,
PGH_2421,42003040500,,,,,3781.0
PGH_2422,42003980500,,,,,
PGH_2423,42003040900,,,,,3326.0
PGH_2424,42003040500,,,,,3781.0
PGH_2425,42003040900,,,,,3326.0
PGH_2426,42003040500,,,,,3781.0
PGH_2427,42003040600,,,,,2054.0
PGH_2428,42003040900,,,,,3326.0
PGH_2429,42003040500,,,,,3781.0
PGH_2430,42003040900,,,,,3326.0
PGH_2431,42003980500,,,,,
PGH_2432,42003040500,,,,,3781.0
PGH_2433,42003980500,,,,,
PGH_2434,42003980500,,,,,
PGH_2435,42003980500,,,,,
PGH_2436,42003040500,,,,,3781.0
PGH_2437,42003040500,,,,,3781.0
PGH_2438,42003980500,,,,,
PGH_2439,42003980500,,,,,
PGH_2440,42003040600,,,,,2054.0
PGH_2441,42003980500,,,,,
PGH_2442,42003040600,,,,,2054.0
PGH_2443,42003040600,,,,,2054.0
PGH_2444,42003040600,,,,,2054.0
PGH_2445,42003040600,,,,,2054.0
PGH_2446,42003040600,,,,,2054.0
PGH_2447,42003040600,,,,,2054.0
PGH_2448,42003040600,,,,,2054.0
PGH_2449,42003040500,,,,,3781.0
PGH_2450,42003040600,,,,,2054.0
PGH_2451,42003040500,,,,,3781.0
PGH_2452,42003040500,,,,,3781.0
PGH_2453,42003040500,,,,,3781.0
PGH_2454,42003040600,,,,,2054.0
PGH_2455,42003040500,,,,,3781.0
PGH_2456,42003040600,,,,,2054.0
PGH_2457,42003040600,,,,,2054.0
PGH_2458,42003040600,,,,,2054.0
PGH_2459,42003040600,,,,,2054.0
PGH_2460,42003040600,,,,,2054.0
PGH_2461,42003040600,,,,,2054.0
PGH_2462,42003040600,,,,,2054.0
PGH_2463,42003980500,,,,,
PGH_2464,42003040600,,,,,2054.0
PGH_2465,42003040600,,,,,2054.0
PGH_2466,42003980500,,,,,
PGH_2467,42003040600,,,,,2054.0
PGH_2468,42003040600,,,,,2054.0
PGH_2469,42003040600,,,,,2054.0
PGH_2470,42003980500,,,,,
PGH_2471,42003040500,,,,,3781.0
PGH_2472,42003980500,,,,,
PGH_2473,42003980500,,,,,
PGH_2474,42003980500,,,,,
PGH_2475,42003980500,,,,,
PGH_2476,42003980500,,,,,
PGH_2477,42003980500,,,,,
PGH_2478,42003040600,,,,,2054.0
PGH_2479,42003040500,,,,,3781.0
PGH_2480,42003040500,,,,,3781.0
PGH_2481,42003040500,,,,,3781.0
PGH_2482,42003040500,,,,,3781.0
PGH_2483,42003980500,,,,,
PGH_2484,42003040500,,,,,3781.0
PGH_2485,42003980500,,,,,
PGH_2486,42003040500,,,,,3781.0
PGH_2487,42003980500,,,,,
PGH_2488,42003980500,,,,,
PGH_2489,42003980500,,,,,
PGH_2490,42003980500,,,,,
PGH_2491,42003980500,,,,,
PGH_2492,42003040500,,,,,3781.0
PGH_2493,42003040500,,,,,3781.0
PGH_2494,42003980500,,,,,
PGH_2495,42003040500,,,,,3781.0
PGH_2496,42003040500,,,,,3781.0
PGH_2497,42003040500,,,,,3781.0
PGH_2498,42003040500,,,,,3781.0
PGH_2499,42003980500,,,,,
PGH_2500,42003040500,,,,,3781.0
PGH_2501,42003040600,,,,,2054.0
PGH_2502,42003040500,,,,,3781.0
PGH_2503,42003040500,,,,,3781.0
PGH_2504,42003980500,,,,,
PGH_2505,42003980500,,,,,
PGH_2506,42003980500,,,,,
PGH_2507,42003980500,,,,,
PGH_2508,42003040500,,,,,3781.0
PGH_2509,42003040500,,,,,3781.0
PGH_2510,42003040500,,,,,3781.0
PGH_2511,42003040500,,,,,3781.0
PGH_2512,42003980500,,,,,
PGH_2513,42003040500,,,,,3781.0
PGH_2514,42003040500,,,,,3781.0
PGH_2515,42003040500,,,,,3781.0
PGH_2516,42003040500,,,,,3781.0
PGH_2517,42003980500,,,,,
PGH_2518,42003040500,,,,,3781.0
PGH_2519,42003040500,,,,,3781.0
PGH_2520,42003040600,,,,,2054.0
PGH_2521,42003980500,,,,,
PGH_2522,42003040500,,,,,3781.0
PGH_2523,42003980500,,,,,
PGH_2524,42003040500,,,,,3781.0
PGH_2525,42003980500,,,,,
PGH_2526,42003040600,,,,,2054.0
PGH_2527,42003040500,,,,,3781.0
PGH_2528,42003980500,,,,,
PGH_2529,42003040500,,,,,3781.0
PGH_2530,42003040500,,,,,3781.0
PGH_2531,42003040500,,,,,3781.0
PGH_2532,42003040500,,,,,3781.0
PGH_2533,42003040500,,,,,3781.0
PGH_2534,42003040500,,,,,3781.0
PGH_2535,42003040500,,,,,3781.0
PGH_2536,42003040500,,,,,3781.0
PGH_2537,42003040500,,,,,3781.0
PGH_2538,42003980500,,,,,
PGH_2539,42003040500,,,,,3781.0
PGH_2540,42003040500,,,,,3781.0
PGH_2541,42003980500,,,,,
PGH_2542,42003980500,,,,,
PGH_2543,42003040500,,,,,3781.0
PGH_2544,42003040500,,,,,3781.0
PGH_2545,42003140100,,,,,5579.0
PGH_2546,42003040500,,,,,3781.0
PGH_2547,42003040500,,,,,3781.0
PGH_2548,42003140100,,,,,5579.0
PGH_2549,42003040500,,,,,3781.0
PGH_2550,42003040500,,,,,3781.0
PGH_2551,42003140100,,,,,5579.0
PGH_2552,42003040500,,,,,3781.0
PGH_2553,42003040500,,,,,3781.0
PGH_2554,42003140100,,,,,5579.0
PGH_2555,42003040500,,,,,3781.0
PGH_2556,42003980500,,,,,
PGH_2557,42003980500,,,,,
PGH_2558,42003040500,,,,,3781.0
PGH_2559,42003140100,,,,,5579.0
PGH_2560,42003980500,,,,,
PGH_2561,42003040500,,,,,3781.0
PGH_2562,42003140100,,,,,5579.0
PGH_2563,42003140100,,,,,5579.0
PGH_2564,42003040500,,,,,3781.0
PGH_2565,42003040500,,,,,3781.0
PGH_2566,42003140100,,,,,5579.0
PGH_2567,42003040500,,,,,3781.0
PGH_2568,42003040500,,,,,3781.0
PGH_2569,42003040500,,,,,3781.0
PGH_2570,42003040500,,,,,3781.0
PGH_2571,42003040500,,,,,3781.0
PGH_2572,42003140100,,,,,5579.0
PGH_2573,42003140100,,,,,5579.0
PGH_2574,42003040500,,,,,3781.0
PGH_2575,42003140100,,,,,5579.0
PGH_2576,42003040500,,,,,3781.0
PGH_2577,42003140100,,,,,5579.0
PGH_2578,42003140100,,,,,5579.0
PGH_2579,42003140100,,,,,5579.0
PGH_2580,42003140100,,,,,5579.0
PGH_2581,42003040500,,,,,3781.0
PGH_2582,42003040500,,,,,3781.0
PGH_2583,42003140100,,,,,5579.0
PGH_2584,42003140100,,,,,5579.0
PGH_2585,42003140100,,,,,5579.0
PGH_2586,42003040500,,,,,3781.0
PGH_2587,42003040500,,,,,3781.0
PGH_2588,42003140100,,,,,5579.0
PGH_2589,42003982200,,,,,5022.0
PGH_2590,42003140100,,,,,5579.0
PGH_2591,42003040500,,,,,3781.0
PGH_2592,42003140100,,,,,5579.0
PGH_2593,42003040500,,,,,3781.0
PGH_2594,42003040500,,,,,3781.0
PGH_2595,42003982200,,,,,5022.0
PGH_2596,42003140100,,,,,5579.0
PGH_2597,42003040500,,,,,3781.0
PGH_2598,42003982200,,,,,5022.0
PGH_2599,42003040500,,,,,3781.0
PGH_2600,42003140100,,,,,5579.0
PGH_2601,42003140100,,,,,5579.0
PGH_2602,42003040500,,,,,3781.0
PGH_2603,42003982200,,,,,5022.0
PGH_2604,42003982200,,,,,5022.0
PGH_2605,42003140100,,,,,5579.0
PGH_2606,42003140100,,,,,5579.0
PGH_2607,42003140100,,,,,5579.0
PGH_2608,42003140100,,,,,5579.0
PGH_2609,42003140100,,,,,5579.0
PGH_2610,42003140100,,,,,5579.0
PGH_2611,42003140100,,,,,5579.0
PGH_2612,42003140100,,,,,5579.0
PGH_2613,42003040500,,,,,3781.0
PGH_2614,42003140100,,,,,5579.0
PGH_2615,42003982200,,,,,5022.0
PGH_2616,42003982200,,,,,5022.0
PGH_2617,42003040500,,,,,3781.0
PGH_2618,42003040500,,,,,3781.0
PGH_2619,42003982200,,,,,5022.0
PGH_2620,42003982200,,,,,5022.0
PGH_2621,42003982200,,,,,5022.0
PGH_2622,42003982200,,,,,5022.0
PGH_2623,42003982200,,,,,5022.0
PGH_2624,42003982200,,,,,5022.0
PGH_2625,42003982200,,,,,5022.0
PGH_2626,42003982200,,,,,5022.0
PGH_2627,42003140100,,,,,5579.0
PGH_2628,42003982200,,,,,5022.0
PGH_2629,42003040500,,,,,3781.0
PGH_2630,42003140100,,,,,5579.0
PGH_2631,42003982200,,,,,5022.0
PGH_2632,42003140100,,,,,5579.0
PGH_2633,42003140100,,,,,5579.0
PGH_2634,42003140100,,,,,5579.0
PGH_2635,42003982200,,,,,5022.0
PGH_2636,42003140100,,,,,5579.0
PGH_2637,42003982200,,,,,5022.0
PGH_2638,42003982200,,,,,5022.0
PGH_2639,42003140100,,,,,5579.0
PGH_2640,42003140100,,,,,5579.0
PGH_2641,42003140100,,,,,5579.0
PGH_2642,42003140100,,,,,5579.0
PGH_2643,42003040500,,,,,3781.0
PGH_2644,42003140100,,,,,5579.0
PGH_2645,42003982200,,,,,5022.0
PGH_2646,42003982200,,,,,5022.0
PGH_2647,42003982200,,,,,5022.0
PGH_2648,42003982200,,,,,5022.0
PGH_2649,42003982200,,,,,5022.0
PGH_2650,42003982200,,,,,5022.0
PGH_2651,42003982200,,,,,5022.0
PGH_2652,42003982200,,,,,5022.0
PGH_2653,42003982200,,,,,5022.0
PGH_2654,42003982200,,,,,5022.0
PGH_2655,42003982200,,,,,5022.0
PGH_2656,42003982200,,,,,5022.0
PGH_2657,42003982200,,,,,5022.0
PGH_2658,42003982200,,,,,5022.0
PGH_2659,42003982200,,,,,5022.0
PGH_2660,42003982200,,,,,5022.0
PGH_2661,42003982200,,,,,5022.0
PGH_2662,42003982200,,,,,5022.0
PGH_2663,42003982200,,,,,5022.0
PGH_2664,42003140100,,,,,5579.0
PGH_2665,42003982200,,,,,5022.0
PGH_2666,42003140100,,,,,5579.0
PGH_2667,42003140100,,,,,5579.0
PGH_2668,42003982200,,,,,5022.0
PGH_2669,42003140100,,,,,5579.0
PGH_2670,42003140100,,,,,5579.0
PGH_2671,42003982200,,,,,5022.0
PGH_2672,42003140100,,,,,5579.0
PGH_2673,42003982200,,,,,5022.0
PGH_2674,42003140100,,,,,5579.0
PGH_2675,42003982200,,,,,5022.0
PGH_2676,42003982200,,,,,5022.0
PGH_2677,42003140100,,,,,5579.0
PGH_2678,42003140100,,,,,5579.0
PGH_2679,42003140100,,,,,5579.0
PGH_2680,42003140100,,,,,5579.0
PGH_2681,42003140100,,,,,5579.0
PGH_2682,42003140100,,,,,5579.0
PGH_2683,42003140100,,,,,5579.0
PGH_2684,42003140100,,,,,5579.0
PGH_2685,42003140100,,,,,5579.0
PGH_2686,42003982200,,,,,5022.0
PGH_2687,42003140100,,,,,5579.0
PGH_2688,42003140100,,,,,5579.0
PGH_2689,42003140100,,,,,5579.0
PGH_2690,42003982200,,,,,5022.0
PGH_2691,42003982200,,,,,5022.0
PGH_2692,42003982200,,,,,5022.0
PGH_2693,42003140100,,,,,5579.0
PGH_2694,42003982200,,,,,5022.0
PGH_2695,42003982200,,,,,5022.0
PGH_2696,42003140100,,,,,5579.0
PGH_2697,42003982200,,,,,5022.0
PGH_2698,42003140100,,,,,5579.0
PGH_2699,42003140100,,,,,5579.0
PGH_2700,42003140100,,,,,5579.0
PGH_2701,42003982200,,,,,5022.0
PGH_2702,42003140100,,,,,5579.0
PGH_2703,42003982200,,,,,5022.0
PGH_2704,42003982200,,,,,5022.0
PGH_2705,42003982200,,,,,5022.0
PGH_2706,42003140100,,,,,5579.0
PGH_2707,42003140100,,,,,5579.0
PGH_2708,42003982200,,,,,5022.0
PGH_2709,42003982200,,,,,5022.0
PGH_2710,42003140100,,,,,5579.0
PGH_2711,42003140100,,,,,5579.0
PGH_2712,42003140100,,,,,5579.0
PGH_2713,42003140100,,,,,5579.0
PGH_2714,42003982200,,,,,5022.0
PGH_2715,42003140100,,,,,5579.0
PGH_2716,42003140100,,,,,5579.0
PGH_2717,42003140100,,,,,5579.0
PGH_2718,42003140100,,,,,5579.0
PGH_2719,42003040400,,,,,2220.0
PGH_2720,42003982200,,,,,5022.0
PGH_2721,42003140100,,,,,5579.0
PGH_2722,42003140100,,,,,5579.0
PGH_2723,42003140100,,,,,5579.0
PGH_2724,42003140100,,,,,5579.0
PGH_2725,42003140100,,,,,5579.0
PGH_2726,42003140100,,,,,5579.0
PGH_2727,42003140100,,,,,5579.0
PGH_2728,42003140100,,,,,5579.0
PGH_2729,42003140100,,,,,5579.0
PGH_2730,42003140100,,,,,5579.0
PGH_2731,42003140100,,,,,5579.0
PGH_2732,42003140100,,,,,5579.0
PGH_2733,42003140100,,,,,5579.0
PGH_2734,42003140100,,,,,5579.0
PGH_2735,42003140100,,,,,5579.0
PGH_2736,42003140100,,,,,5579.0
PGH_2737,42003140100,,,,,5579.0
PGH_2738,42003140100,,,,,5579.0
PGH_2739,42003982200,,,,,5022.0
PGH_2740,42003140100,,,,,5579.0
PGH_2741,42003140100,,,,,5579.0
PGH_2742,42003140100,,,,,5579.0
PGH_2743,42003140100,,,,,5579.0
PGH_2744,42003140100,,,,,5579.0
PGH_2745,42003140100,,,,,5579.0
PGH_2746,42003040400,,,,,2220.0
PGH_2747,42003982200,,,,,5022.0
PGH_2748,42003982200,,,,,5022.0
PGH_2749,42003040400,,,,,2220.0
PGH_2750,42003140100,,,,,5579.0
PGH_2751,42003040400,,,,,2220.0
PGH_2752,42003140100,,,,,5579.0
PGH_2753,42003140100,,,,,5579.0
PGH_2754,42003140100,,,,,5579.0
PGH_2755,42003140100,,,,,5579.0
PGH_2756,42003140100,,,,,5579.0
PGH_2757,42003982200,,,,,5022.0
PGH_2758,42003140100,,,,,5579.0
PGH_2759,42003982200,,,,,5022.0
PGH_2760,42003140100,,,,,5579.0
PGH_2761,42003140100,,,,,5579.0
PGH_2762,42003982200,,,,,5022.0
PGH_2763,42003140100,,,,,5579.0
PGH_2764,42003562000,,,,,3449.0
PGH_2765,42003562000,,,,,3449.0
PGH_2766,42003140100,,,,,5579.0
PGH_2767,42003982200,,,,,5022.0
PGH_2768,42003140100,,,,,5579.0
PGH_2769,42003140100,,,,,5579.0
PGH_2770,42003140100,,,,,5579.0
PGH_2771,42003140100,,,,,5579.0
PGH_2772,42003982200,,,,,5022.0
PGH_2773,42003562000,,,,,3449.0
PGH_2774,42003040400,,,,,2220.0
PGH_2775,42003040400,,,,,2220.0
PGH_2776,42003562000,,,,,3449.0
PGH_2777,42003982200,,,,,5022.0
PGH_2778,42003040400,,,,,2220.0
PGH_2779,42003562000,,,,,3449.0
PGH_2780,42003562000,,,,,3449.0
PGH_2781,42003980500,,,,,
PGH_2782,42003980500,,,,,
PGH_2783,42003140800,,,,,4658.0
PGH_2784,42003140800,,,,,4658.0
PGH_2785,42003140800,,,,,4658.0
PGH_2786,42003141300,,,,,5048.0
PGH_2787,42003141300,,,,,5048.0
PGH_2788,42003140800,,,,,4658.0
PGH_2789,42003140800,,,,,4658.0
PGH_2790,42003140800,,,,,4658.0
PGH_2791,42003140800,,,,,4658.0
PGH_2792,42003140800,,,,,4658.0
PGH_2793,42003141300,,,,,5048.0
PGH_2794,42003140800,,,,,4658.0
PGH_2795,42003141300,,,,,5048.0
PGH_2796,42003140800,,,,,4658.0
PGH_2797,42003140800,,,,,4658.0
PGH_2798,42003141300,,,,,5048.0
PGH_2799,42003141300,,,,,5048.0
PGH_2800,42003980500,,,,,
PGH_2801,42003980500,,,,,
PGH_2802,42003980500,,,,,
PGH_2803,42003980500,,,,,
PGH_2804,42003980500,,,,,
PGH_2805,42003141300,,,,,5048.0
PGH_2806,42003141300,,,,,5048.0
PGH_2807,42003980500,,,,,
PGH_2808,42003980500,,,,,
PGH_2809,42003980500,,,,,
PGH_2810,42003141300,,,,,5048.0
PGH_2811,42003141300,,,,,5048.0
PGH_2812,42003140800,,,,,4658.0
PGH_2813,42003140800,,,,,4658.0
PGH_2814,42003141300,,,,,5048.0
PGH_2815,42003140800,,,,,4658.0
PGH_2816,42003140800,,,,,4658.0
PGH_2817,42003140800,,,,,4658.0
PGH_2818,42003140800,,,,,4658.0
PGH_2819,42003141300,,,,,5048.0
PGH_2820,42003140100,,,,,5579.0
PGH_2821,42003140100,,,,,5579.0
PGH_2822,42003140100,,,,,5579.0
PGH_2823,42003140800,,,,,4658.0
PGH_2824,42003141300,,,,,5048.0
PGH_2825,42003140800,,,,,4658.0
PGH_2826,42003140800,,,,,4658.0
PGH_2827,42003141300,,,,,5048.0
PGH_2828,42003141300,,,,,5048.0
PGH_2829,42003141300,,,,,5048.0
PGH_2830,42003140100,,,,,5579.0
PGH_2831,42003140100,,,,,5579.0
PGH_2832,42003140300,,,,,3529.0
PGH_2833,42003140300,,,,,3529.0
PGH_2834,42003140300,,,,,3529.0
PGH_2835,42003140300,,,,,3529.0
PGH_2836,42003140300,,,,,3529.0
PGH_2837,42003140300,,,,,3529.0
PGH_2838,42003140300,,,,,3529.0
PGH_2839,42003140100,,,,,5579.0
PGH_2840,42003140100,,,,,5579.0
PGH_2841,42003140100,,,,,5579.0
PGH_2842,42003140100,,,,,5579.0
PGH_2843,42003140100,,,,,5579.0
PGH_2844,42003140100,,,,,5579.0
PGH_2845,42003140100,,,,,5579.0
PGH_2846,42003140100,,,,,5579.0
PGH_2847,42003140100,,,,,5579.0
PGH_2848,42003140100,,,,,5579.0
PGH_2849,42003140100,,,,,5579.0
PGH_2850,42003140100,,,,,5579.0
PGH_2851,42003140100,,,,,5579.0
PGH_2852,42003140100,,,,,5579.0
PGH_2853,42003140100,,,,,5579.0
PGH_2854,42003140100,,,,,5579.0
PGH_2855,42003140100,,,,,5579.0
PGH_2856,42003140300,,,,,3529.0
PGH_2857,42003140300,,,,,3529.0
PGH_2858,42003140300,,,,,3529.0
PGH_2859,42003140300,,,,,3529.0
PGH_2860,42003140300,,,,,3529.0
PGH_2861,42003140300,,,,,3529.0
PGH_2862,42003140300,,,,,3529.0
PGH_2863,42003140300,,,,,3529.0
PGH_2864,42003140200,,,,,2771.0
PGH_2865,42003140300,,,,,3529.0
PGH_2866,42003140400,,,,,2312.0
PGH_2867,42003140400,,,,,2312.0
PGH_2868,42003140300,,,,,3529.0
PGH_2869,42003140300,,,,,3529.0
PGH_2870,42003140200,,,,,2771.0
PGH_2871,42003140200,,,,,2771.0
PGH_2872,42003140300,,,,,3529.0
PGH_2873,42003140200,,,,,2771.0
PGH_2874,42003140200,,,,,2771.0
PGH_2875,42003140200,,,,,2771.0
PGH_2876,42003140100,,,,,5579.0
PGH_2877,42003140200,,,,,2771.0
PGH_2878,42003140200,,,,,2771.0
PGH_2879,42003140200,,,,,2771.0
PGH_2880,42003140200,,,,,2771.0
PGH_2881,42003140100,,,,,5579.0
PGH_2882,42003140100,,,,,5579.0
PGH_2883,42003140100,,,,,5579.0
PGH_2884,42003140100,,,,,5579.0
PGH_2885,42003140200,,,,,2771.0
PGH_2886,42003140100,,,,,5579.0
PGH_2887,42003140200,,,,,2771.0
PGH_2888,42003140100,,,,,5579.0
PGH_2889,42003140100,,,,,5579.0
PGH_2890,42003140100,,,,,5579.0
PGH_2891,42003140200,,,,,2771.0
PGH_2892,42003140200,,,,,2771.0
PGH_2893,42003140100,,,,,5579.0
PGH_2894,42003515401,,,,,2290.0
PGH_2895,42003515401,,,,,2290.0
PGH_2896,42003515401,,,,,2290.0
PGH_2897,42003515401,,,,,2290.0
PGH_2898,42003980300,,,,,
PGH_2899,42003515401,,,,,2290.0
PGH_2900,42003515401,,,,,2290.0
PGH_2901,42003980300,,,,,
PGH_2902,42003980300,,,,,
PGH_2903,42003515401,,,,,2290.0
PGH_2904,42003515401,,,,,2290.0
PGH_2905,42003515401,,,,,2290.0
PGH_2906,42003515401,,,,,2290.0
PGH_2907,42003141000,,,,,
PGH_2908,42003141000,,,,,
PGH_2909,42003515401,,,,,2290.0
PGH_2910,42003515401,,,,,2290.0
PGH_2911,42003515401,,,,,2290.0
PGH_2912,42003515401,,,,,2290.0
PGH_2913,42003515401,,,,,2290.0
PGH_2914,42003515401,,,,,2290.0
PGH_2915,42003515401,,,,,2290.0
PGH_2916,42003515401,,,,,2290.0
PGH_2917,42003516100,,,,,1406.0
PGH_2918,42003141000,,,,,
PGH_2919,42003515401,,,,,2290.0
PGH_2920,42003141000,,,,,
PGH_2921,42003516100,,,,,1406.0
PGH_2922,42003141000,,,,,
PGH_2923,42003141000,,,,,
PGH_2924,42003515401,,,,,2290.0
PGH_2925,42003515401,,,,,2290.0
PGH_2926,42003141000,,,,,
PGH_2927,42003515401,,,,,2290.0
PGH_2928,42003515401,,,,,2290.0
PGH_2929,42003515401,,,,,2290.0
PGH_2930,42003980300,,,,,
PGH_2931,42003516100,,,,,1406.0
PGH_2932,42003515401,,,,,2290.0
PGH_2933,42003516100,,,,,1406.0
PGH_2934,42003516100,,,,,1406.0
PGH_2935,42003516100,,,,,1406.0
PGH_2936,42003516100,,,,,1406.0
PGH_2937,42003516100,,,,,1406.0
PGH_2938,42003516100,,,,,1406.0
PGH_2939,42003141000,,,,,
PGH_2940,42003516100,,,,,1406.0
PGH_2941,42003516100,,,,,1406.0
PGH_2942,42003516100,,,,,1406.0
PGH_2943,42003516100,,,,,1406.0
PGH_2944,42003516100,,,,,1406.0
PGH_2945,42003516100,,,,,1406.0
PGH_2946,42003516100,,,,,1406.0
PGH_2948,42003516100,,,,,1406.0
PGH_2950,42003516100,,,,,1406.0
PGH_2951,42003141000,,,,,
PGH_2952,42003516100,,,,,1406.0
PGH_2954,42003141000,,,,,
PGH_2955,42003141000,,,,,
PGH_2956,42003141000,,,,,
PGH_2957,42003141000,,,,,
PGH_2958,42003141000,,,,,
PGH_2959,42003141000,,,,,
PGH_2960,42003141000,,,,,
PGH_2961,42003515401,,,,,2290.0
PGH_2962,42003560500,,,,,2193.0
PGH_2963,42003515401,,,,,2290.0
PGH_2964,42003560500,,,,,2193.0
PGH_2965,42003560500,,,,,2193.0
PGH_2966,42003560500,,,,,2193.0
PGH_2967,42003560500,,,,,2193.0
PGH_2968,42003560500,,,,,2193.0
PGH_2969,42003560500,,,,,2193.0
PGH_2970,42003560500,,,,,2193.0
PGH_2971,42003560500,,,,,2193.0
PGH_2972,42003560500,,,,,2193.0
PGH_2973,42003560500,,,,,2193.0
PGH_2974,42003560500,,,,,2193.0
PGH_2975,42003140800,,,,,4658.0
PGH_2976,42003140800,,,,,4658.0
PGH_2977,42003141000,,,,,
PGH_2978,42003560500,,,,,2193.0
PGH_2979,42003140800,,,,,4658.0
PGH_2980,42003141000,,,,,
PGH_2981,42003141000,,,,,
PGH_2982,42003141000,,,,,
PGH_2983,42003141000,,,,,
PGH_2984,42003980300,,,,,
PGH_2985,42003141000,,,,,
PGH_2986,42003980300,,,,,
PGH_2987,42003141000,,,,,
PGH_2988,42003141000,,,,,
PGH_2989,42003141000,,,,,
PGH_2990,42003560500,,,,,2193.0
PGH_2991,42003560500,,,,,2193.0
PGH_2992,42003560500,,,,,2193.0
PGH_2993,42003560500,,,,,2193.0
PGH_2994,42003560500,,,,,2193.0
PGH_2995,42003560500,,,,,2193.0
PGH_2996,42003560500,,,,,2193.0
PGH_2997,42003560500,,,,,2193.0
PGH_2998,42003980300,,,,,
PGH_2999,42003980300,,,,,
PGH_3000,42003141000,,,,,
PGH_3001,42003141000,,,,,
PGH_3002,42003141000,,,,,
PGH_3003,42003980300,,,,,
PGH_3004,42003141000,,,,,
PGH_3005,42003141000,,,,,
PGH_3006,42003560500,,,,,2193.0
PGH_3007,42003560500,,,,,2193.0
PGH_3008,42003141000,,,,,
PGH_3009,42003560500,,,,,2193.0
PGH_3010,42003560500,,,,,2193.0
PGH_3011,42003560500,,,,,2193.0
PGH_3012,42003140800,,,,,4658.0
PGH_3013,42003560500,,,,,2193.0
PGH_3014,42003140800,,,,,4658.0
PGH_3015,42003140800,,,,,4658.0
PGH_3016,42003140800,,,,,4658.0
PGH_3017,42003140800,,,,,4658.0
PGH_3018,42003140300,,,,,3529.0
PGH_3019,42003981100,,,,,
PGH_3020,42003140300,,,,,3529.0
PGH_3021,42003981100,,,,,
PGH_3022,42003140600,,,,,
PGH_3023,42003560500,,,,,2193.0
PGH_3024,42003140600,,,,,
PGH_3025,42003560400,,,,,1553.0
PGH_3026,42003140600,,,,,
PGH_3027,42003140600,,,,,
PGH_3028,42003140600,,,,,
PGH_3029,42003140600,,,,,
PGH_3030,42003140600,,,,,
PGH_3031,42003140600,,,,,
PGH_3032,42003140600,,,,,
PGH_3033,42003516100,,,,,1406.0
PGH_3034,42003516100,,,,,1406.0
PGH_3035,42003516100,,,,,1406.0
PGH_3036,42003516100,,,,,1406.0
PGH_3037,42003516100,,,,,1406.0
PGH_3038,42003516100,,,,,1406.0
PGH_3039,42003516100,,,,,1406.0
PGH_3040,42003516100,,,,,1406.0
PGH_3041,42003516100,,,,,1406.0
PGH_3042,42003516100,,,,,1406.0
PGH_3043,42003516100,,,,,1406.0
PGH_3044,42003516100,,,,,1406.0
PGH_3045,42003516100,,,,,1406.0
PGH_3046,42003516100,,,,,1406.0
PGH_3047,42003516100,,,,,1406.0
PGH_3048,42003516200,,,,,1739.0
PGH_3049,42003516100,,,,,1406.0
PGH_3050,42003516200,,,,,1739.0
PGH_3051,42003516200,,,,,1739.0
PGH_3052,42003516100,,,,,1406.0
PGH_3053,42003516100,,,,,1406.0
PGH_3054,42003516100,,,,,1406.0
PGH_3055,42003516100,,,,,1406.0
PGH_3056,42003516100,,,,,1406.0
PGH_3057,42003516100,,,,,1406.0
PGH_3058,42003516100,,,,,1406.0
PGH_3059,42003516100,,,,,1406.0
PGH_3060,42003516100,,,,,1406.0
PGH_3061,42003516200,,,,,1739.0
PGH_3062,42003516100,,,,,1406.0
PGH_3063,42003516100,,,,,1406.0
PGH_3064,42003516100,,,,,1406.0
PGH_3065,42003516100,,,,,1406.0
PGH_3066,42003516100,,,,,1406.0
PGH_3067,42003516100,,,,,1406.0
PGH_3068,42003516200,,,,,1739.0
PGH_3069,42003516100,,,,,1406.0
PGH_3070,42003516200,,,,,1739.0
PGH_3071,42003516200,,,,,1739.0
PGH_3072,42003516200,,,,,1739.0
PGH_3073,42003516100,,,,,1406.0
PGH_3074,42003516200,,,,,1739.0
PGH_3075,42003516100,,,,,1406.0
PGH_3076,42003516100,,,,,1406.0
PGH_3077,42003516100,,,,,1406.0
PGH_3078,42003516100,,,,,1406.0
PGH_3079,42003516200,,,,,1739.0
PGH_3080,42003516100,,,,,1406.0
PGH_3081,42003516100,,,,,1406.0
PGH_3082,42003516100,,,,,1406.0
PGH_3083,42003516200,,,,,1739.0
PGH_3084,42003516100,,,,,1406.0
PGH_3085,42003560500,,,,,2193.0
PGH_3086,42003560500,,,,,2193.0
PGH_3087,42003560500,,,,,2193.0
PGH_3088,42003560500,,,,,2193.0
PGH_3089,42003560500,,,,,2193.0
PGH_3090,42003516100,,,,,1406.0
PGH_3091,42003561000,,,,,
PGH_3092,42003561000,,,,,
PGH_3093,42003561000,,,,,
PGH_3094,42003516100,,,,,1406.0
PGH_3095,42003561500,,,,,2588.0
PGH_3096,42003560500,,,,,2193.0
PGH_3097,42003561500,,,,,2588.0
PGH_3098,42003560500,,,,,2193.0
PGH_3099,42003516200,,,,,1739.0
PGH_3100,42003516200,,,,,1739.0
PGH_3101,42003561000,,,,,
PGH_3102,42003560600,,,,,
PGH_3103,42003561000,,,,,
PGH_3104,42003561000,,,,,
PGH_3105,42003561000,,,,,
PGH_3106,42003561000,,,,,
PGH_3107,42003561000,,,,,
PGH_3108,42003560500,,,,,2193.0
PGH_3109,42003560500,,,,,2193.0
PGH_3110,42003561000,,,,,
PGH_3111,42003561500,,,,,2588.0
PGH_3112,42003561500,,,,,2588.0
PGH_3113,42003561500,,,,,2588.0
PGH_3114,42003561500,,,,,2588.0
PGH_3115,42003560400,,,,,1553.0
PGH_3116,42003560400,,,,,1553.0
PGH_3117,42003560400,,,,,1553.0
PGH_3118,42003560400,,,,,1553.0
PGH_3119,42003560400,,,,,1553.0
PGH_3120,42003560400,,,,,1553.0
PGH_3121,42003560400,,,,,1553.0
PGH_3122,42003560400,,,,,1553.0
PGH_3123,42003560400,,,,,1553.0
PGH_3124,42003560400,,,,,1553.0
PGH_3125,42003560400,,,,,1553.0
PGH_3126,42003560400,,,,,1553.0
PGH_3127,42003560400,,,,,1553.0
PGH_3128,42003560400,,,,,1553.0
PGH_3129,42003560400,,,,,1553.0
PGH_3130,42003560400,,,,,1553.0
PGH_3131,42003518001,,,,,3286.0
PGH_3132,42003518001,,,,,3286.0
PGH_3133,42003518001,,,,,3286.0
PGH_3134,42003518001,,,,,3286.0
PGH_3135,42003518001,,,,,3286.0
PGH_3136,42003518001,,,,,3286.0
PGH_3137,42003518001,,,,,3286.0
PGH_3138,42003518001,,,,,3286.0
PGH_3139,42003518001,,,,,3286.0
PGH_3140,42003518001,,,,,3286.0
PGH_3141,42003561500,,,,,2588.0
PGH_3142,42003519000,,,,,3157.0
PGH_3143,42003519000,,,,,3157.0
PGH_3144,42003519000,,,,,3157.0
PGH_3145,42003519000,,,,,3157.0
PGH_3146,42003519000,,,,,3157.0
PGH_3147,42003519000,,,,,3157.0
PGH_3148,42003519000,,,,,3157.0
PGH_3149,42003519000,,,,,3157.0
PGH_3150,42003519000,,,,,3157.0
PGH_3151,42003468700,,,,,1670.0
PGH_3152,42003468700,,,,,1670.0
PGH_3153,42003468700,,,,,1670.0
PGH_3154,42003468700,,,,,1670.0
PGH_3155,42003468700,,,,,1670.0
PGH_3156,42003468700,,,,,1670.0
PGH_3157,42003468700,,,,,1670.0
PGH_3158,42003468700,,,,,1670.0
PGH_3159,42003468700,,,,,1670.0
PGH_3160,42003468700,,,,,1670.0
PGH_3161,42003468700,,,,,1670.0
PGH_3162,42003468700,,,,,1670.0
PGH_3163,42003468700,,,,,1670.0
PGH_3164,42003468700,,,,,1670.0
PGH_3165,42003469000,,,,,4941.0
PGH_3166,42003469000,,,,,4941.0
PGH_3167,42003469000,,,,,4941.0
PGH_3168,42003469000,,,,,4941.0
PGH_3169,42003469000,,,,,4941.0
PGH_3170,42003562400,,,,,2363.0
PGH_3171,42003191600,,,,,4141.0
PGH_3172,42003191600,,,,,4141.0
PGH_3173,42003191600,,,,,4141.0
PGH_3174,42003562400,,,,,2363.0
PGH_3175,42003191600,,,,,4141.0
PGH_3176,42003191600,,,,,4141.0
PGH_3177,42003562400,,,,,2363.0
PGH_3178,42003191600,,,,,4141.0
PGH_3179,42003191600,,,,,4141.0
PGH_3180,42003191600,,,,,4141.0
PGH_3181,42003191600,,,,,4141.0
PGH_3182,42003191600,,,,,4141.0
PGH_3183,42003191600,,,,,4141.0
PGH_3184,42003191600,,,,,4141.0
PGH_3185,42003191600,,,,,4141.0
PGH_3186,42003191600,,,,,4141.0
PGH_3187,42003191600,,,,,4141.0
PGH_3188,42003191600,,,,,4141.0
PGH_3189,42003191600,,,,,4141.0
PGH_3190,42003191500,,,,,2005.0
PGH_3191,42003562400,,,,,2363.0
PGH_3192,42003191500,,,,,2005.0
PGH_3193,42003191500,,,,,2005.0
PGH_3194,42003191500,,,,,2005.0
PGH_3195,42003562400,,,,,2363.0
PGH_3196,42003562400,,,,,2363.0
PGH_3197,42003191500,,,,,2005.0
PGH_3198,42003191500,,,,,2005.0
PGH_3199,42003191500,,,,,2005.0
PGH_3200,42003562400,,,,,2363.0
PGH_3201,42003562400,,,,,2363.0
PGH_3202,42003191500,,,,,2005.0
PGH_3203,42003191500,,,,,2005.0
PGH_3204,42003191500,,,,,2005.0
PGH_3205,42003191500,,,,,2005.0
PGH_3206,42003191500,,,,,2005.0
PGH_3207,42003191500,,,,,2005.0
PGH_3208,42003191500,,,,,2005.0
PGH_3209,42003191500,,,,,2005.0
PGH_3210,42003191500,,,,,2005.0
PGH_3211,42003191500,,,,,2005.0
PGH_3212,42003191600,,,,,4141.0
PGH_3213,42003191600,,,,,4141.0
PGH_3214,42003191600,,,,,4141.0
PGH_3215,42003191500,,,,,2005.0
PGH_3216,42003191600,,,,,4141.0
PGH_3217,42003191500,,,,,2005.0
PGH_3218,42003191600,,,,,4141.0
PGH_3219,42003562400,,,,,2363.0
PGH_3220,42003191600,,,,,4141.0
PGH_3221,42003191600,,,,,4141.0
PGH_3222,42003191600,,,,,4141.0
PGH_3223,42003191600,,,,,4141.0
PGH_3224,42003191600,,,,,4141.0
PGH_3225,42003191600,,,,,4141.0
PGH_3226,42003191600,,,,,4141.0
PGH_3227,42003191600,,,,,4141.0
PGH_3228,42003191600,,,,,4141.0
PGH_3229,42003191500,,,,,2005.0
PGH_3230,42003191500,,,,,2005.0
PGH_3231,42003191500,,,,,2005.0
PGH_3232,42003191500,,,,,2005.0
PGH_3233,42003191500,,,,,2005.0
PGH_3234,42003191600,,,,,4141.0
PGH_3235,42003191600,,,,,4141.0
PGH_3236,42003180700,,,,,2050.0
PGH_3237,42003191600,,,,,4141.0
PGH_3238,42003180700,,,,,2050.0
PGH_3239,42003191600,,,,,4141.0
PGH_3240,42003180700,,,,,2050.0
PGH_3241,42003191600,,,,,4141.0
PGH_3242,42003191400,,,,,2725.0
PGH_3243,42003191400,,,,,2725.0
PGH_3244,42003191400,,,,,2725.0
PGH_3245,42003191400,,,,,2725.0
PGH_3246,42003191400,,,,,2725.0
PGH_3247,42003191400,,,,,2725.0
PGH_3248,42003191400,,,,,2725.0
PGH_3249,42003191400,,,,,2725.0
PGH_3250,42003190300,,,,,1930.0
PGH_3251,42003191400,,,,,2725.0
PGH_3252,42003191400,,,,,2725.0
PGH_3253,42003191100,,,,,2397.0
PGH_3254,42003191100,,,,,2397.0
PGH_3255,42003191400,,,,,2725.0
PGH_3256,42003191500,,,,,2005.0
PGH_3257,42003191400,,,,,2725.0
PGH_3258,42003191400,,,,,2725.0
PGH_3259,42003191500,,,,,2005.0
PGH_3260,42003191500,,,,,2005.0
PGH_3261,42003180700,,,,,2050.0
PGH_3262,42003180700,,,,,2050.0
PGH_3263,42003180700,,,,,2050.0
PGH_3264,42003191400,,,,,2725.0
PGH_3265,42003180700,,,,,2050.0
PGH_3266,42003180700,,,,,2050.0
PGH_3267,42003180300,,,,,2305.0
PGH_3268,42003180300,,,,,2305.0
PGH_3269,42003191400,,,,,2725.0
PGH_3270,42003481000,,,,,3394.0
PGH_3271,42003300100,,,,,3493.0
PGH_3272,42003170200,,,,,3984.0
PGH_3273,42003170200,,,,,3984.0
PGH_3274,42003170200,,,,,3984.0
PGH_3275,42003170200,,,,,3984.0
PGH_3276,42003170200,,,,,3984.0
PGH_3277,42003170200,,,,,3984.0
PGH_3278,42003170200,,,,,3984.0
PGH_3279,42003170200,,,,,3984.0
PGH_3280,42003170200,,,,,3984.0
PGH_3281,42003170200,,,,,3984.0
PGH_3282,42003191400,,,,,2725.0
PGH_3283,42003170600,,,,,1775.0
PGH_3284,42003170600,,,,,1775.0
PGH_3285,42003170600,,,,,1775.0
PGH_3286,42003170600,,,,,1775.0
PGH_3287,42003170600,,,,,1775.0
PGH_3288,42003170200,,,,,3984.0
PGH_3289,42003980700,,,,,
PGH_3290,42003170200,,,,,3984.0
PGH_3291,42003170200,,,,,3984.0
PGH_3292,42003170200,,,,,3984.0
PGH_3293,42003170200,,,,,3984.0
PGH_3294,42003170200,,,,,3984.0
PGH_3295,42003170200,,,,,3984.0
PGH_3296,42003170200,,,,,3984.0
PGH_3297,42003170200,,,,,3984.0
PGH_3298,42003170200,,,,,3984.0
PGH_3299,42003170200,,,,,3984.0
PGH_3300,42003170200,,,,,3984.0
PGH_3301,42003170200,,,,,3984.0
PGH_3302,42003980700,,,,,
PGH_3303,42003980700,,,,,
PGH_3304,42003170200,,,,,3984.0
PGH_3305,42003170200,,,,,3984.0
PGH_3306,42003170200,,,,,3984.0
PGH_3307,42003170200,,,,,3984.0
PGH_3308,42003160900,,,,,3483.0
PGH_3309,42003160900,,,,,3483.0
PGH_3310,42003160900,,,,,3483.0
PGH_3311,42003160900,,,,,3483.0
PGH_3312,42003160900,,,,,3483.0
PGH_3313,42003160900,,,,,3483.0
PGH_3314,42003160900,,,,,3483.0
PGH_3315,42003160900,,,,,3483.0
PGH_3316,42003160900,,,,,3483.0
PGH_3317,42003160900,,,,,3483.0
PGH_3318,42003160900,,,,,3483.0
PGH_3319,42003160900,,,,,3483.0
PGH_3320,42003160900,,,,,3483.0
PGH_3321,42003160900,,,,,3483.0
PGH_3322,42003160900,,,,,3483.0
PGH_3323,42003160900,,,,,3483.0
PGH_3324,42003160900,,,,,3483.0
PGH_3325,42003160900,,,,,3483.0
PGH_3326,42003160900,,,,,3483.0
PGH_3327,42003160900,,,,,3483.0
PGH_3328,42003160900,,,,,3483.0
PGH_3329,42003160900,,,,,3483.0
PGH_3330,42003160900,,,,,3483.0
PGH_3331,42003160900,,,,,3483.0
PGH_3332,42003160900,,,,,3483.0
PGH_3333,42003160900,,,,,3483.0
PGH_3334,42003160900,,,,,3483.0
PGH_3335,42003160900,,,,,3483.0
PGH_3336,42003160900,,,,,3483.0
PGH_3337,42003160900,,,,,3483.0
PGH_3338,42003160900,,,,,3483.0
PGH_3339,42003160900,,,,,3483.0
PGH_3340,42003160900,,,,,3483.0
PGH_3341,42003160900,,,,,3483.0
PGH_3342,42003160900,,,,,3483.0
PGH_3343,42003160900,,,,,3483.0
PGH_3344,42003160900,,,,,3483.0
PGH_3345,42003160900,,,,,3483.0
PGH_3346,42003160900,,,,,3483.0
PGH_3347,42003160900,,,,,3483.0
PGH_3348,42003160900,,,,,3483.0
PGH_3349,42003160900,,,,,3483.0
PGH_3350,42003160900,,,,,3483.0
PGH_3351,42003160900,,,,,3483.0
PGH_3352,42003160900,,,,,3483.0
PGH_3353,42003160900,,,,,3483.0
PGH_3354,42003160900,,,,,3483.0
PGH_3355,42003980800,,,,,
PGH_3356,42003160900,,,,,3483.0
PGH_3357,42003160900,,,,,3483.0
PGH_3358,42003160900,,,,,3483.0
PGH_3359,42003160900,,,,,3483.0
PGH_3360,42003160900,,,,,3483.0
PGH_3361,42003160900,,,,,3483.0
PGH_3362,42003160900,,,,,3483.0
PGH_3363,42003160900,,,,,3483.0
PGH_3364,42003160900,,,,,3483.0
PGH_3365,42003160900,,,,,3483.0
PGH_3366,42003160900,,,,,3483.0
PGH_3367,42003160900,,,,,3483.0
PGH_3368,42003980800,,,,,
PGH_3369,42003160900,,,,,3483.0
PGH_3370,42003160900,,,,,3483.0
PGH_3371,42003160900,,,,,3483.0
PGH_3372,42003160900,,,,,3483.0
PGH_3373,42003160900,,,,,3483.0
PGH_3374,42003562900,,,,,
PGH_3375,42003562900,,,,,
PGH_3376,42003562900,,,,,
PGH_3377,42003562900,,,,,
PGH_3378,42003562900,,,,,
PGH_3379,42003562900,,,,,
PGH_3380,42003562900,,,,,
PGH_3381,42003562300,,,,,3115.0
PGH_3382,42003562300,,,,,3115.0
PGH_3383,42003562300,,,,,3115.0
PGH_3384,42003562900,,,,,
PGH_3385,42003562900,,,,,
PGH_3386,42003562900,,,,,
PGH_3387,42003562900,,,,,
PGH_3388,42003562900,,,,,
PGH_3389,42003562900,,,,,
PGH_3390,42003562900,,,,,
PGH_3391,42003562900,,,,,
PGH_3392,42003562900,,,,,
PGH_3393,42003562900,,,,,
PGH_3394,42003562900,,,,,
PGH_3395,42003562900,,,,,
PGH_3396,42003562900,,,,,
PGH_3397,42003151600,,,,,2305.0
PGH_3398,42003562900,,,,,
PGH_3399,42003151600,,,,,2305.0
PGH_3400,42003562900,,,,,
PGH_3401,42003562900,,,,,
PGH_3402,42003562900,,,,,
PGH_3403,42003562900,,,,,
PGH_3404,42003562900,,,,,
PGH_3405,42003562900,,,,,
PGH_3406,42003562900,,,,,
PGH_3407,42003151600,,,,,2305.0
PGH_3408,42003151600,,,,,2305.0
PGH_3409,42003562900,,,,,
PGH_3410,42003562900,,,,,
PGH_3411,42003562900,,,,,
PGH_3412,42003562900,,,,,
PGH_3413,42003160900,,,,,3483.0
PGH_3414,42003160900,,,,,3483.0
PGH_3415,42003160900,,,,,3483.0
PGH_3416,42003160900,,,,,3483.0
PGH_3417,42003151600,,,,,2305.0
PGH_3418,42003151600,,,,,2305.0
PGH_3419,42003151600,,,,,2305.0
PGH_3420,42003151600,,,,,2305.0
PGH_3421,42003151600,,,,,2305.0
PGH_3422,42003151600,,,,,2305.0
PGH_3423,42003151700,,,,,4956.0
PGH_3424,42003151700,,,,,4956.0
PGH_3425,42003151600,,,,,2305.0
PGH_3426,42003151700,,,,,4956.0
PGH_3427,42003151600,,,,,2305.0
PGH_3428,42003151700,,,,,4956.0
PGH_3429,42003151700,,,,,4956.0
PGH_3430,42003151700,,,,,4956.0
PGH_3431,42003151700,,,,,4956.0
PGH_3432,42003562900,,,,,
PGH_3433,42003562900,,,,,
PGH_3434,42003562900,,,,,
PGH_3435,42003151700,,,,,4956.0
PGH_3436,42003151700,,,,,4956.0
PGH_3437,42003151700,,,,,4956.0
PGH_3438,42003151700,,,,,4956.0
PGH_3439,42003151600,,,,,2305.0
PGH_3440,42003151700,,,,,4956.0
PGH_3441,42003151700,,,,,4956.0
PGH_3442,42003151600,,,,,2305.0
PGH_3443,42003151600,,,,,2305.0
PGH_3444,42003151600,,,,,2305.0
PGH_3445,42003151600,,,,,2305.0
PGH_3446,42003151700,,,,,4956.0
PGH_3447,42003151600,,,,,2305.0
PGH_3448,42003151600,,,,,2305.0
PGH_3449,42003151600,,,,,2305.0
PGH_3450,42003151600,,,,,2305.0
PGH_3451,42003151600,,,,,2305.0
PGH_3452,42003151600,,,,,2305.0
PGH_3453,42003151600,,,,,2305.0
PGH_3454,42003151600,,,,,2305.0
PGH_3455,42003151600,,,,,2305.0
PGH_3456,42003151600,,,,,2305.0
PGH_3457,42003151700,,,,,4956.0
PGH_3458,42003151700,,,,,4956.0
PGH_3459,42003151700,,,,,4956.0
PGH_3460,42003151700,,,,,4956.0
PGH_3461,42003151700,,,,,4956.0
PGH_3462,42003151700,,,,,4956.0
PGH_3463,42003151600,,,,,2305.0
PGH_3464,42003151700,,,,,4956.0
PGH_3465,42003151700,,,,,4956.0
PGH_3466,42003151600,,,,,2305.0
PGH_3467,42003151600,,,,,2305.0
PGH_3468,42003151600,,,,,2305.0
PGH_3469,42003151700,,,,,4956.0
PGH_3470,42003151700,,,,,4956.0
PGH_3471,42003151700,,,,,4956.0
PGH_3472,42003151600,,,,,2305.0
PGH_3473,42003151700,,,,,4956.0
PGH_3474,42003151600,,,,,2305.0
PGH_3475,42003151700,,,,,4956.0
PGH_3476,42003151600,,,,,2305.0
PGH_3477,42003151700,,,,,4956.0
PGH_3478,42003151700,,,,,4956.0
PGH_3479,42003151700,,,,,4956.0
PGH_3480,42003151600,,,,,2305.0
PGH_3481,42003151600,,,,,2305.0
PGH_3482,42003151700,,,,,4956.0
PGH_3483,42003151600,,,,,2305.0
PGH_3484,42003151700,,,,,4956.0
PGH_3485,42003151600,,,,,2305.0
PGH_3486,42003151600,,,,,2305.0
PGH_3487,42003151700,,,,,4956.0
PGH_3488,42003151600,,,,,2305.0
PGH_3489,42003151700,,,,,4956.0
PGH_3490,42003151700,,,,,4956.0
PGH_3491,42003151700,,,,,4956.0
PGH_3492,42003562900,,,,,
PGH_3493,42003151700,,,,,4956.0
PGH_3494,42003562900,,,,,
PGH_3495,42003151700,,,,,4956.0
PGH_3496,42003151600,,,,,2305.0
PGH_3497,42003151600,,,,,2305.0
PGH_3498,42003151600,,,,,2305.0
PGH_3499,42003151600,,,,,2305.0
PGH_3500,42003151600,,,,,2305.0
PGH_3501,42003151600,,,,,2305.0
PGH_3502,42003040900,,,,,3326.0
PGH_3503,42003562900,,,,,
PGH_3504,42003151600,,,,,2305.0
PGH_3505,42003040900,,,,,3326.0
PGH_3506,42003151600,,,,,2305.0
PGH_3507,42003040900,,,,,3326.0
PGH_3508,42003980500,,,,,
PGH_3509,42003040900,,,,,3326.0
PGH_3510,42003040900,,,,,3326.0
PGH_3511,42003040900,,,,,3326.0
PGH_3512,42003040900,,,,,3326.0
PGH_3513,42003040900,,,,,3326.0
PGH_3514,42003040900,,,,,3326.0
PGH_3515,42003562900,,,,,
PGH_3516,42003040900,,,,,3326.0
PGH_3517,42003040900,,,,,3326.0
PGH_3518,42003562900,,,,,
PGH_3519,42003980500,,,,,
PGH_3520,42003980500,,,,,
PGH_3521,42003040900,,,,,3326.0
PGH_3522,42003040900,,,,,3326.0
PGH_3523,42003141400,,,,,5593.0
PGH_3524,42003141400,,,,,5593.0
PGH_3525,42003141400,,,,,5593.0
PGH_3526,42003141400,,,,,5593.0
PGH_3527,42003141400,,,,,5593.0
PGH_3528,42003141400,,,,,5593.0
PGH_3529,42003141400,,,,,5593.0
PGH_3530,42003141400,,,,,5593.0
PGH_3531,42003141400,,,,,5593.0
PGH_3532,42003141400,,,,,5593.0
PGH_3533,42003141400,,,,,5593.0
PGH_3534,42003141400,,,,,5593.0
PGH_3535,42003141400,,,,,5593.0
PGH_3536,42003141400,,,,,5593.0
PGH_3537,42003141400,,,,,5593.0
PGH_3538,42003141400,,,,,5593.0
PGH_3539,42003141400,,,,,5593.0
PGH_3540,42003141400,,,,,5593.0
PGH_3541,42003141400,,,,,5593.0
PGH_3542,42003141400,,,,,5593.0
PGH_3543,42003141400,,,,,5593.0
PGH_3544,42003141400,,,,,5593.0
PGH_3545,42003141400,,,,,5593.0
PGH_3546,42003141400,,,,,5593.0
PGH_3547,42003141400,,,,,5593.0
PGH_3548,42003141400,,,,,5593.0
PGH_3549,42003141400,,,,,5593.0
PGH_3550,42003141400,,,,,5593.0
PGH_3551,42003141400,,,,,5593.0
PGH_3552,42003141400,,,,,5593.0
PGH_3553,42003141400,,,,,5593.0
PGH_3554,42003141400,,,,,5593.0
PGH_3555,42003562300,,,,,3115.0
PGH_3556,42003141400,,,,,5593.0
PGH_3557,42003141400,,,,,5593.0
PGH_3558,42003141400,,,,,5593.0
PGH_3559,42003141400,,,,,5593.0
PGH_3560,42003141400,,,,,5593.0
PGH_3561,42003141400,,,,,5593.0
PGH_3562,42003141400,,,,,5593.0
PGH_3563,42003141400,,,,,5593.0
PGH_3564,42003141400,,,,,5593.0
PGH_3565,42003141400,,,,,5593.0
PGH_3566,42003141400,,,,,5593.0
PGH_3567,42003141400,,,,,5593.0
PGH_3568,42003141400,,,,,5593.0
PGH_3569,42003141400,,,,,5593.0
PGH_3570,42003141400,,,,,5593.0
PGH_3571,42003141400,,,,,5593.0
PGH_3572,42003141400,,,,,5593.0
PGH_3573,42003141100,,,,,1339.0
PGH_3574,42003141100,,,,,1339.0
PGH_3575,42003141400,,,,,5593.0
PGH_3576,42003141400,,,,,5593.0
PGH_3577,42003141400,,,,,5593.0
PGH_3578,42003141100,,,,,1339.0
PGH_3579,42003141400,,,,,5593.0
PGH_3580,42003141400,,,,,5593.0
PGH_3581,42003141400,,,,,5593.0
PGH_3582,42003141100,,,,,1339.0
PGH_3583,42003141400,,,,,5593.0
PGH_3584,42003141100,,,,,1339.0
PGH_3585,42003141400,,,,,5593.0
PGH_3586,42003141400,,,,,5593.0
PGH_3587,42003141400,,,,,5593.0
PGH_3588,42003141400,,,,,5593.0
PGH_3589,42003141400,,,,,5593.0
PGH_3590,42003141400,,,,,5593.0
PGH_3591,42003141400,,,,,5593.0
PGH_3592,42003141400,,,,,5593.0
PGH_3593,42003141400,,,,,5593.0
PGH_3594,42003141400,,,,,5593.0
PGH_3595,42003141400,,,,,5593.0
PGH_3596,42003141400,,,,,5593.0
PGH_3597,42003141400,,,,,5593.0
PGH_3598,42003141400,,,,,5593.0
PGH_3599,42003141400,,,,,5593.0
PGH_3600,42003141400,,,,,5593.0
PGH_3601,42003141400,,,,,5593.0
PGH_3602,42003141400,,,,,5593.0
PGH_3603,42003141400,,,,,5593.0
PGH_3604,42003141400,,,,,5593.0
PGH_3605,42003141400,,,,,5593.0
PGH_3606,42003141400,,,,,5593.0
PGH_3607,42003562900,,,,,
PGH_3608,42003141400,,,,,5593.0
PGH_3609,42003141400,,,,,5593.0
PGH_3610,42003151700,,,,,4956.0
PGH_3611,42003141400,,,,,5593.0
PGH_3612,42003151700,,,,,4956.0
PGH_3613,42003141400,,,,,5593.0
PGH_3614,42003141400,,,,,5593.0
PGH_3615,42003151700,,,,,4956.0
PGH_3616,42003151700,,,,,4956.0
PGH_3617,42003141400,,,,,5593.0
PGH_3618,42003562300,,,,,3115.0
PGH_3619,42003562300,,,,,3115.0
PGH_3620,42003151700,,,,,4956.0
PGH_3621,42003151700,,,,,4956.0
PGH_3622,42003562300,,,,,3115.0
PGH_3623,42003562300,,,,,3115.0
PGH_3624,42003151700,,,,,4956.0
PGH_3625,42003151700,,,,,4956.0
PGH_3626,42003562300,,,,,3115.0
PGH_3627,42003562300,,,,,3115.0
PGH_3628,42003151700,,,,,4956.0
PGH_3629,42003562300,,,,,3115.0
PGH_3630,42003562300,,,,,3115.0
PGH_3631,42003151700,,,,,4956.0
PGH_3632,42003562300,,,,,3115.0
PGH_3633,42003562900,,,,,
PGH_3634,42003151700,,,,,4956.0
PGH_3635,42003141400,,,,,5593.0
PGH_3636,42003151700,,,,,4956.0
PGH_3637,42003151700,,,,,4956.0
PGH_3638,42003151700,,,,,4956.0
PGH_3639,42003151700,,,,,4956.0
PGH_3640,42003141400,,,,,5593.0
PGH_3641,42003141400,,,,,5593.0
PGH_3642,42003141400,,,,,5593.0
PGH_3643,42003141400,,,,,5593.0
PGH_3644,42003141400,,,,,5593.0
PGH_3645,42003141400,,,,,5593.0
PGH_3646,42003141400,,,,,5593.0
PGH_3647,42003141400,,,,,5593.0
PGH_3648,42003141400,,,,,5593.0
PGH_3649,42003141400,,,,,5593.0
PGH_3650,42003151700,,,,,4956.0
PGH_3651,42003151700,,,,,4956.0
PGH_3652,42003151700,,,,,4956.0
PGH_3653,42003151700,,,,,4956.0
PGH_3654,42003151700,,,,,4956.0
PGH_3655,42003151700,,,,,4956.0
PGH_3656,42003151700,,,,,4956.0
PGH_3657,42003151700,,,,,4956.0
PGH_3658,42003151700,,,,,4956.0
PGH_3659,42003151700,,,,,4956.0
PGH_3660,42003151700,,,,,4956.0
PGH_3661,42003151700,,,,,4956.0
PGH_3662,42003151700,,,,,4956.0
PGH_3663,42003151700,,,,,4956.0
PGH_3664,42003151700,,,,,4956.0
PGH_3665,42003151700,,,,,4956.0
PGH_3666,42003151700,,,,,4956.0
PGH_3667,42003151700,,,,,4956.0
PGH_3668,42003151700,,,,,4956.0
PGH_3669,42003151700,,,,,4956.0
PGH_3670,42003151700,,,,,4956.0
PGH_3671,42003151700,,,,,4956.0
PGH_3672,42003151700,,,,,4956.0
PGH_3673,42003151700,,,,,4956.0
PGH_3674,42003151700,,,,,4956.0
PGH_3675,42003151700,,,,,4956.0
PGH_3676,42003151700,,,,,4956.0
PGH_3677,42003151700,,,,,4956.0
PGH_3678,42003151700,,,,,4956.0
PGH_3679,42003151700,,,,,4956.0
PGH_3680,42003141400,,,,,5593.0
PGH_3681,42003141400,,,,,5593.0
PGH_3682,42003151700,,,,,4956.0
PGH_3683,42003151700,,,,,4956.0
PGH_3684,42003151700,,,,,4956.0
PGH_3685,42003151700,,,,,4956.0
PGH_3686,42003141400,,,,,5593.0
PGH_3687,42003141400,,,,,5593.0
PGH_3688,42003141400,,,,,5593.0
PGH_3689,42003151700,,,,,4956.0
PGH_3690,42003151700,,,,,4956.0
PGH_3691,42003151700,,,,,4956.0
PGH_3692,42003141400,,,,,5593.0
PGH_3693,42003151700,,,,,4956.0
PGH_3694,42003151700,,,,,4956.0
PGH_3695,42003151700,,,,,4956.0
PGH_3696,42003151700,,,,,4956.0
PGH_3697,42003151700,,,,,4956.0
PGH_3698,42003151700,,,,,4956.0
PGH_3699,42003141400,,,,,5593.0
PGH_3700,42003151700,,,,,4956.0
PGH_3701,42003151700,,,,,4956.0
PGH_3702,42003141400,,,,,5593.0
PGH_3703,42003141400,,,,,5593.0
PGH_3704,42003141400,,,,,5593.0
PGH_3705,42003141400,,,,,5593.0
PGH_3706,42003141400,,,,,5593.0
PGH_3707,42003141400,,,,,5593.0
PGH_3708,42003141400,,,,,5593.0
PGH_3709,42003141400,,,,,5593.0
PGH_3710,42003141400,,,,,5593.0
PGH_3711,42003141400,,,,,5593.0
PGH_3712,42003141400,,,,,5593.0
PGH_3713,42003141400,,,,,5593.0
PGH_3714,42003141400,,,,,5593.0
PGH_3715,42003140800,,,,,4658.0
PGH_3716,42003140800,,,,,4658.0
PGH_3717,42003141400,,,,,5593.0
PGH_3718,42003140800,,,,,4658.0
PGH_3719,42003151700,,,,,4956.0
PGH_3720,42003141400,,,,,5593.0
PGH_3721,42003141400,,,,,5593.0
PGH_3722,42003141400,,,,,5593.0
PGH_3723,42003141400,,,,,5593.0
PGH_3724,42003141400,,,,,5593.0
PGH_3725,42003141400,,,,,5593.0
PGH_3726,42003140800,,,,,4658.0
PGH_3727,42003141300,,,,,5048.0
PGH_3728,42003140800,,,,,4658.0
PGH_3729,42003141300,,,,,5048.0
PGH_3730,42003140800,,,,,4658.0
PGH_3731,42003141300,,,,,5048.0
PGH_3732,42003140800,,,,,4658.0
PGH_3733,42003141400,,,,,5593.0
PGH_3734,42003140800,,,,,4658.0
PGH_3735,42003140800,,,,,4658.0
PGH_3736,42003141400,,,,,5593.0
PGH_3737,42003141400,,,,,5593.0
PGH_3738,42003140800,,,,,4658.0
PGH_3739,42003141300,,,,,5048.0
PGH_3740,42003140800,,,,,4658.0
PGH_3741,42003140800,,,,,4658.0
PGH_3742,42003140800,,,,,4658.0
PGH_3743,42003140800,,,,,4658.0
PGH_3744,42003140800,,,,,4658.0
PGH_3745,42003141300,,,,,5048.0
PGH_3746,42003140800,,,,,4658.0
PGH_3747,42003140800,,,,,4658.0
PGH_3748,42003140800,,,,,4658.0
PGH_3749,42003140800,,,,,4658.0
PGH_3750,42003140800,,,,,4658.0
PGH_3751,42003140800,,,,,4658.0
PGH_3752,42003140800,,,,,4658.0
PGH_3753,42003140800,,,,,4658.0
PGH_3754,42003140800,,,,,4658.0
PGH_3755,42003140800,,,,,4658.0
PGH_3756,42003141100,,,,,1339.0
PGH_3757,42003141100,,,,,1339.0
PGH_3758,42003515300,,,,,1734.0
PGH_3759,42003515300,,,,,1734.0
PGH_3760,42003515300,,,,,1734.0
PGH_3761,42003515300,,,,,1734.0
PGH_3762,42003141400,,,,,5593.0
PGH_3763,42003141400,,,,,5593.0
PGH_3764,42003141100,,,,,1339.0
PGH_3765,42003141100,,,,,1339.0
PGH_3766,42003141400,,,,,5593.0
PGH_3767,42003515300,,,,,1734.0
PGH_3768,42003515300,,,,,1734.0
PGH_3769,42003515401,,,,,2290.0
PGH_3770,42003515401,,,,,2290.0
PGH_3771,42003515300,,,,,1734.0
PGH_3772,42003515401,,,,,2290.0
PGH_3773,42003141100,,,,,1339.0
PGH_3774,42003141100,,,,,1339.0
PGH_3775,42003515300,,,,,1734.0
PGH_3776,42003515300,,,,,1734.0
PGH_3777,42003141100,,,,,1339.0
PGH_3778,42003515401,,,,,2290.0
PGH_3779,42003141100,,,,,1339.0
PGH_3780,42003141100,,,,,1339.0
PGH_3781,42003515401,,,,,2290.0
PGH_3782,42003515401,,,,,2290.0
PGH_3783,42003141100,,,,,1339.0
PGH_3784,42003141100,,,,,1339.0
PGH_3785,42003141100,,,,,1339.0
PGH_3786,42003141100,,,,,1339.0
PGH_3787,42003141100,,,,,1339.0
PGH_3788,42003141100,,,,,1339.0
PGH_3789,42003141100,,,,,1339.0
PGH_3790,42003141100,,,,,1339.0
PGH_3791,42003141100,,,,,1339.0
PGH_3792,42003141100,,,,,1339.0
PGH_3793,42003141400,,,,,5593.0
PGH_3794,42003515401,,,,,2290.0
PGH_3795,42003515401,,,,,2290.0
PGH_3796,42003515401,,,,,2290.0
PGH_3797,42003515401,,,,,2290.0
PGH_3798,42003515401,,,,,2290.0
PGH_3799,42003141400,,,,,5593.0
PGH_3800,42003141400,,,,,5593.0
PGH_3801,42003141400,,,,,5593.0
PGH_3802,42003141400,,,,,5593.0
PGH_3803,42003141100,,,,,1339.0
PGH_3804,42003141100,,,,,1339.0
PGH_3805,42003141100,,,,,1339.0
PGH_3806,42003141100,,,,,1339.0
PGH_3807,42003141100,,,,,1339.0
PGH_3808,42003141100,,,,,1339.0
PGH_3809,42003141400,,,,,5593.0
PGH_3810,42003141400,,,,,5593.0
PGH_3811,42003515401,,,,,2290.0
PGH_3812,42003141400,,,,,5593.0
PGH_3813,42003515401,,,,,2290.0
PGH_3814,42003515401,,,,,2290.0
PGH_3815,42003141400,,,,,5593.0
PGH_3816,42003515401,,,,,2290.0
PGH_3817,42003141100,,,,,1339.0
PGH_3818,42003141100,,,,,1339.0
PGH_3819,42003141100,,,,,1339.0
PGH_3820,42003141100,,,,,1339.0
PGH_3821,42003141100,,,,,1339.0
PGH_3822,42003141100,,,,,1339.0
PGH_3823,42003141400,,,,,5593.0
PGH_3824,42003141400,,,,,5593.0
PGH_3825,42003141400,,,,,5593.0
PGH_3826,42003141400,,,,,5593.0
PGH_3827,42003141400,,,,,5593.0
PGH_3828,42003980300,,,,,
PGH_3829,42003980300,,,,,
PGH_3830,42003141400,,,,,5593.0
PGH_3831,42003980300,,,,,
PGH_3832,42003980300,,,,,
PGH_3833,42003141400,,,,,5593.0
PGH_3834,42003980300,,,,,
PGH_3835,42003980300,,,,,
PGH_3836,42003980300,,,,,
PGH_3837,42003980300,,,,,
PGH_3838,42003515401,,,,,2290.0
PGH_3839,42003980300,,,,,
PGH_3840,42003141000,,,,,
PGH_3841,42003515401,,,,,2290.0
PGH_3842,42003515401,,,,,2290.0
PGH_3843,42003980300,,,,,
PGH_3844,42003515401,,,,,2290.0
PGH_3845,42003515401,,,,,2290.0
PGH_3846,42003141000,,,,,
PGH_3847,42003980300,,,,,
PGH_3848,42003515401,,,,,2290.0
PGH_3849,42003980300,,,,,
PGH_3850,42003515401,,,,,2290.0
PGH_3851,42003515401,,,,,2290.0
PGH_3852,42003515401,,,,,2290.0
PGH_3853,42003515401,,,,,2290.0
PGH_3854,42003980300,,,,,
PGH_3855,42003980300,,,,,
PGH_3856,42003515401,,,,,2290.0
PGH_3857,42003140800,,,,,4658.0
PGH_3858,42003515401,,,,,2290.0
PGH_3859,42003515401,,,,,2290.0
PGH_3860,42003515401,,,,,2290.0
PGH_3861,42003515401,,,,,2290.0
PGH_3862,42003141000,,,,,
PGH_3863,42003141000,,,,,
PGH_3864,42003141000,,,,,
PGH_3865,42003141000,,,,,
PGH_3866,42003515401,,,,,2290.0
PGH_3867,42003514000,,,,,1896.0
PGH_3868,42003514000,,,,,1896.0
PGH_3869,42003514000,,,,,1896.0
PGH_3870,42003514000,,,,,1896.0
PGH_3871,42003514000,,,,,1896.0
PGH_3872,42003515100,,,,,2566.0
PGH_3873,42003515100,,,,,2566.0
PGH_3874,42003515100,,,,,2566.0
PGH_3875,42003515100,,,,,2566.0
PGH_3876,42003515100,,,,,2566.0
PGH_3877,42003514000,,,,,1896.0
PGH_3878,42003515100,,,,,2566.0
PGH_3879,42003515100,,,,,2566.0
PGH_3880,42003514000,,,,,1896.0
PGH_3881,42003515100,,,,,2566.0
PGH_3882,42003515100,,,,,2566.0
PGH_3883,42003515100,,,,,2566.0
PGH_3884,42003515100,,,,,2566.0
PGH_3885,42003515100,,,,,2566.0
PGH_3886,42003515100,,,,,2566.0
PGH_3887,42003515300,,,,,1734.0
PGH_3888,42003515300,,,,,1734.0
PGH_3889,42003515100,,,,,2566.0
PGH_3890,42003515100,,,,,2566.0
PGH_3891,42003515100,,,,,2566.0
PGH_3892,42003515100,,,,,2566.0
PGH_3893,42003515100,,,,,2566.0
PGH_3894,42003515100,,,,,2566.0
PGH_3895,42003515100,,,,,2566.0
PGH_3896,42003515100,,,,,2566.0
PGH_3897,42003515100,,,,,2566.0
PGH_3898,42003515100,,,,,2566.0
PGH_3899,42003515100,,,,,2566.0
PGH_3900,42003515100,,,,,2566.0
PGH_3901,42003515100,,,,,2566.0
PGH_3902,42003515100,,,,,2566.0
PGH_3903,42003515100,,,,,2566.0
PGH_3904,42003515100,,,,,2566.0
PGH_3905,42003515100,,,,,2566.0
PGH_3906,42003515100,,,,,2566.0
PGH_3907,42003515100,,,,,2566.0
PGH_3908,42003515100,,,,,2566.0
PGH_3909,42003515100,,,,,2566.0
PGH_3910,42003515100,,,,,2566.0
PGH_3911,42003515300,,,,,1734.0
PGH_3912,42003515300,,,,,1734.0
PGH_3913,42003515300,,,,,1734.0
PGH_3914,42003515300,,,,,1734.0
PGH_3915,42003515300,,,,,1734.0
PGH_3916,42003515300,,,,,1734.0
PGH_3917,42003515100,,,,,2566.0
PGH_3918,42003515100,,,,,2566.0
PGH_3919,42003515300,,,,,1734.0
PGH_3920,42003515300,,,,,1734.0
PGH_3921,42003515100,,,,,2566.0
PGH_3922,42003515100,,,,,2566.0
PGH_3923,42003515100,,,,,2566.0
PGH_3924,42003515100,,,,,2566.0
PGH_3925,42003515100,,,,,2566.0
PGH_3926,42003515100,,,,,2566.0
PGH_3927,42003515100,,,,,2566.0
PGH_3928,42003515100,,,,,2566.0
PGH_3929,42003515100,,,,,2566.0
PGH_3930,42003515100,,,,,2566.0
PGH_3931,42003515300,,,,,1734.0
PGH_3932,42003515100,,,,,2566.0
PGH_3933,42003515100,,,,,2566.0
PGH_3934,42003515100,,,,,2566.0
PGH_3935,42003515100,,,,,2566.0
PGH_3936,42003515100,,,,,2566.0
PGH_3937,42003515100,,,,,2566.0
PGH_3938,42003515300,,,,,1734.0
PGH_3939,42003515100,,,,,2566.0
PGH_3940,42003515100,,,,,2566.0
PGH_3941,42003515100,,,,,2566.0
PGH_3942,42003515300,,,,,1734.0
PGH_3943,42003515300,,,,,1734.0
PGH_3944,42003515100,,,,,2566.0
PGH_3945,42003515300,,,,,1734.0
PGH_3946,42003515100,,,,,2566.0
PGH_3947,42003515300,,,,,1734.0
PGH_3948,42003515100,,,,,2566.0
PGH_3949,42003515300,,,,,1734.0
PGH_3950,42003515100,,,,,2566.0
PGH_3951,42003515300,,,,,1734.0
PGH_3952,42003515300,,,,,1734.0
PGH_3953,42003515100,,,,,2566.0
PGH_3954,42003515300,,,,,1734.0
PGH_3955,42003515100,,,,,2566.0
PGH_3956,42003515100,,,,,2566.0
PGH_3957,42003515100,,,,,2566.0
PGH_3958,42003515100,,,,,2566.0
PGH_3959,42003515100,,,,,2566.0
PGH_3960,42003515300,,,,,1734.0
PGH_3961,42003515100,,,,,2566.0
PGH_3962,42003515100,,,,,2566.0
PGH_3963,42003515100,,,,,2566.0
PGH_3964,42003515300,,,,,1734.0
PGH_3965,42003515100,,,,,2566.0
PGH_3966,42003515100,,,,,2566.0
PGH_3967,42003515100,,,,,2566.0
PGH_3968,42003515300,,,,,1734.0
PGH_3969,42003515300,,,,,1734.0
PGH_3970,42003515300,,,,,1734.0
PGH_3971,42003515100,,,,,2566.0
PGH_3972,42003515300,,,,,1734.0
PGH_3973,42003515100,,,,,2566.0
PGH_3974,42003515300,,,,,1734.0
PGH_3975,42003515300,,,,,1734.0
PGH_3976,42003515100,,,,,2566.0
PGH_3977,42003515300,,,,,1734.0
PGH_3978,42003515100,,,,,2566.0
PGH_3979,42003515100,,,,,2566.0
PGH_3980,42003515100,,,,,2566.0
PGH_3981,42003515300,,,,,1734.0
PGH_3982,42003515100,,,,,2566.0
PGH_3983,42003515100,,,,,2566.0
PGH_3984,42003515100,,,,,2566.0
PGH_3985,42003515300,,,,,1734.0
PGH_3986,42003515300,,,,,1734.0
PGH_3987,42003515100,,,,,2566.0
PGH_3988,42003515100,,,,,2566.0
PGH_3989,42003515300,,,,,1734.0
PGH_3990,42003515300,,,,,1734.0
PGH_3991,42003515100,,,,,2566.0
PGH_3992,42003515100,,,,,2566.0
PGH_3993,42003515100,,,,,2566.0
PGH_3994,42003515300,,,,,1734.0
PGH_3995,42003515100,,,,,2566.0
PGH_3996,42003515100,,,,,2566.0
PGH_3997,42003515100,,,,,2566.0
PGH_3998,42003515100,,,,,2566.0
PGH_3999,42003515100,,,,,2566.0
PGH_4000,42003515100,,,,,2566.0
PGH_4001,42003515100,,,,,2566.0
PGH_4002,42003515100,,,,,2566.0
PGH_4003,42003515100,,,,,2566.0
PGH_4004,42003515200,,,,,2034.0
PGH_4005,42003515100,,,,,2566.0
PGH_4006,42003515100,,,,,2566.0
PGH_4007,42003515200,,,,,2034.0
PGH_4008,42003515100,,,,,2566.0
PGH_4009,42003515100,,,,,2566.0
PGH_4010,42003515200,,,,,2034.0
PGH_4011,42003515100,,,,,2566.0
PGH_4012,42003515100,,,,,2566.0
PGH_4013,42003515100,,,,,2566.0
PGH_4014,42003515200,,,,,2034.0
PGH_4015,42003515200,,,,,2034.0
PGH_4016,42003515100,,,,,2566.0
PGH_4017,42003515100,,,,,2566.0
PGH_4018,42003515100,,,,,2566.0
PGH_4019,42003515100,,,,,2566.0
PGH_4020,42003515100,,,,,2566.0
PGH_4021,42003515100,,,,,2566.0
PGH_4022,42003515200,,,,,2034.0
PGH_4023,42003515200,,,,,2034.0
PGH_4024,42003515100,,,,,2566.0
PGH_4025,42003515100,,,,,2566.0
PGH_4026,42003515200,,,,,2034.0
PGH_4027,42003515100,,,,,2566.0
PGH_4028,42003515100,,,,,2566.0
PGH_4029,42003515100,,,,,2566.0
PGH_4030,42003515200,,,,,2034.0
PGH_4031,42003515100,,,,,2566.0
PGH_4032,42003515100,,,,,2566.0
PGH_4033,42003515100,,,,,2566.0
PGH_4034,42003515200,,,,,2034.0
PGH_4035,42003515200,,,,,2034.0
PGH_4036,42003515100,,,,,2566.0
PGH_4037,42003515100,,,,,2566.0
PGH_4039,42003515300,,,,,1734.0
PGH_4040,42003515200,,,,,2034.0
PGH_4041,42003515200,,,,,2034.0
PGH_4042,42003515300,,,,,1734.0
PGH_4043,42003515100,,,,,2566.0
PGH_4044,42003515401,,,,,2290.0
PGH_4045,42003515100,,,,,2566.0
PGH_4046,42003515100,,,,,2566.0
PGH_4047,42003515401,,,,,2290.0
PGH_4048,42003515200,,,,,2034.0
PGH_4049,42003515100,,,,,2566.0
PGH_4050,42003515100,,,,,2566.0
PGH_4051,42003515200,,,,,2034.0
PGH_4052,42003515200,,,,,2034.0
PGH_4053,42003515300,,,,,1734.0
PGH_4054,42003515200,,,,,2034.0
PGH_4055,42003515200,,,,,2034.0
PGH_4056,42003515300,,,,,1734.0
PGH_4057,42003515300,,,,,1734.0
PGH_4058,42003515200,,,,,2034.0
PGH_4059,42003515300,,,,,1734.0
PGH_4060,42003515300,,,,,1734.0
PGH_4061,42003515200,,,,,2034.0
PGH_4062,42003515401,,,,,2290.0
PGH_4063,42003515300,,,,,1734.0
PGH_4064,42003515401,,,,,2290.0
PGH_4065,42003515200,,,,,2034.0
PGH_4066,42003515401,,,,,2290.0
PGH_4067,42003515200,,,,,2034.0
PGH_4068,42003515200,,,,,2034.0
PGH_4069,42003515401,,,,,2290.0
PGH_4070,42003515200,,,,,2034.0
PGH_4071,42003515200,,,,,2034.0
PGH_4072,42003515300,,,,,1734.0
PGH_4073,42003515401,,,,,2290.0
PGH_4074,42003515300,,,,,1734.0
PGH_4075,42003515401,,,,,2290.0
PGH_4076,42003515300,,,,,1734.0
PGH_4077,42003515401,,,,,2290.0
PGH_4078,42003515200,,,,,2034.0
PGH_4079,42003515300,,,,,1734.0
PGH_4080,42003515200,,,,,2034.0
PGH_4081,42003515200,,,,,2034.0
PGH_4082,42003515200,,,,,2034.0
PGH_4083,42003515200,,,,,2034.0
PGH_4084,42003515200,,,,,2034.0
PGH_4085,42003515200,,,,,2034.0
PGH_4086,42003515200,,,,,2034.0
PGH_4087,42003515300,,,,,1734.0
PGH_4088,42003515401,,,,,2290.0
PGH_4089,42003515401,,,,,2290.0
PGH_4090,42003515200,,,,,2034.0
PGH_4091,42003515100,,,,,2566.0
PGH_4092,42003515200,,,,,2034.0
PGH_4093,42003515401,,,,,2290.0
PGH_4094,42003515200,,,,,2034.0
PGH_4095,42003515300,,,,,1734.0
PGH_4096,42003515100,,,,,2566.0
PGH_4097,42003515200,,,,,2034.0
PGH_4098,42003515200,,,,,2034.0
PGH_4099,42003515200,,,,,2034.0
PGH_4100,42003515200,,,,,2034.0
PGH_4101,42003515100,,,,,2566.0
PGH_4102,42003515200,,,,,2034.0
PGH_4103,42003515100,,,,,2566.0
PGH_4104,42003516100,,,,,1406.0
PGH_4105,42003515200,,,,,2034.0
PGH_4106,42003515200,,,,,2034.0
PGH_4107,42003515200,,,,,2034.0
PGH_4108,42003515200,,,,,2034.0
PGH_4109,42003515200,,,,,2034.0
PGH_4110,42003515200,,,,,2034.0
PGH_4111,42003515401,,,,,2290.0
PGH_4112,42003515200,,,,,2034.0
PGH_4113,42003515200,,,,,2034.0
PGH_4114,42003515300,,,,,1734.0
PGH_4115,42003515401,,,,,2290.0
PGH_4116,42003515200,,,,,2034.0
PGH_4117,42003515300,,,,,1734.0
PGH_4118,42003515200,,,,,2034.0
PGH_4119,42003515300,,,,,1734.0
PGH_4120,42003515200,,,,,2034.0
PGH_4121,42003515401,,,,,2290.0
PGH_4122,42003515200,,,,,2034.0
PGH_4123,42003515200,,,,,2034.0
PGH_4124,42003516100,,,,,1406.0
PGH_4125,42003515401,,,,,2290.0
PGH_4126,42003515200,,,,,2034.0
PGH_4127,42003515200,,,,,2034.0
PGH_4128,42003515200,,,,,2034.0
PGH_4129,42003515200,,,,,2034.0
PGH_4130,42003515200,,,,,2034.0
PGH_4131,42003515200,,,,,2034.0
PGH_4132,42003515200,,,,,2034.0
PGH_4133,42003515200,,,,,2034.0
PGH_4134,42003515200,,,,,2034.0
PGH_4135,42003515200,,,,,2034.0
PGH_4136,42003515200,,,,,2034.0
PGH_4137,42003515200,,,,,2034.0
PGH_4138,42003515200,,,,,2034.0
PGH_4139,42003515200,,,,,2034.0
PGH_4140,42003515200,,,,,2034.0
PGH_4141,42003515200,,,,,2034.0
PGH_4142,42003516100,,,,,1406.0
PGH_4143,42003515200,,,,,2034.0
PGH_4144,42003515200,,,,,2034.0
PGH_4145,42003515200,,,,,2034.0
PGH_4146,42003515200,,,,,2034.0
PGH_4147,42003515200,,,,,2034.0
PGH_4148,42003515200,,,,,2034.0
PGH_4149,42003515200,,,,,2034.0
PGH_4150,42003515200,,,,,2034.0
PGH_4151,42003515401,,,,,2290.0
PGH_4152,42003515200,,,,,2034.0
PGH_4153,42003516100,,,,,1406.0
PGH_4154,42003515401,,,,,2290.0
PGH_4155,42003515200,,,,,2034.0
PGH_4156,42003515401,,,,,2290.0
PGH_4157,42003516100,,,,,1406.0
PGH_4158,42003515200,,,,,2034.0
PGH_4159,42003515200,,,,,2034.0
PGH_4160,42003516100,,,,,1406.0
PGH_4161,42003515401,,,,,2290.0
PGH_4162,42003515200,,,,,2034.0
PGH_4163,42003516100,,,,,1406.0
PGH_4164,42003515200,,,,,2034.0
PGH_4165,42003515200,,,,,2034.0
PGH_4166,42003515200,,,,,2034.0
PGH_4167,42003515200,,,,,2034.0
PGH_4168,42003515200,,,,,2034.0
PGH_4169,42003515200,,,,,2034.0
PGH_4170,42003517000,,,,,1730.0
PGH_4171,42003515401,,,,,2290.0
PGH_4172,42003515200,,,,,2034.0
PGH_4173,42003516100,,,,,1406.0
PGH_4174,42003515200,,,,,2034.0
PGH_4175,42003516100,,,,,1406.0
PGH_4176,42003515200,,,,,2034.0
PGH_4177,42003516200,,,,,1739.0
PGH_4178,42003516100,,,,,1406.0
PGH_4179,42003516100,,,,,1406.0
PGH_4180,42003515200,,,,,2034.0
PGH_4181,42003515200,,,,,2034.0
PGH_4182,42003515401,,,,,2290.0
PGH_4183,42003515200,,,,,2034.0
PGH_4184,42003515200,,,,,2034.0
PGH_4185,42003515401,,,,,2290.0
PGH_4186,42003516200,,,,,1739.0
PGH_4187,42003515200,,,,,2034.0
PGH_4188,42003515401,,,,,2290.0
PGH_4189,42003515401,,,,,2290.0
PGH_4190,42003515200,,,,,2034.0
PGH_4191,42003515200,,,,,2034.0
PGH_4192,42003515401,,,,,2290.0
PGH_4193,42003515401,,,,,2290.0
PGH_4194,42003517000,,,,,1730.0
PGH_4195,42003515401,,,,,2290.0
PGH_4196,42003516200,,,,,1739.0
PGH_4197,42003517000,,,,,1730.0
PGH_4198,42003141100,,,,,1339.0
PGH_4199,42003516200,,,,,1739.0
PGH_4200,42003515200,,,,,2034.0
PGH_4201,42003517000,,,,,1730.0
PGH_4202,42003516200,,,,,1739.0
PGH_4203,42003517000,,,,,1730.0
PGH_4204,42003517000,,,,,1730.0
PGH_4205,42003515200,,,,,2034.0
PGH_4206,42003516100,,,,,1406.0
PGH_4207,42003515401,,,,,2290.0
PGH_4208,42003515200,,,,,2034.0
PGH_4209,42003516200,,,,,1739.0
PGH_4210,42003515200,,,,,2034.0
PGH_4211,42003515200,,,,,2034.0
PGH_4212,42003516100,,,,,1406.0
PGH_4213,42003515200,,,,,2034.0
PGH_4214,42003515200,,,,,2034.0
PGH_4215,42003515200,,,,,2034.0
PGH_4216,42003515200,,,,,2034.0
PGH_4217,42003516100,,,,,1406.0
PGH_4218,42003516100,,,,,1406.0
PGH_4219,42003516200,,,,,1739.0
PGH_4220,42003517000,,,,,1730.0
PGH_4221,42003516200,,,,,1739.0
PGH_4222,42003515401,,,,,2290.0
PGH_4223,42003515401,,,,,2290.0
PGH_4224,42003516100,,,,,1406.0
PGH_4225,42003515401,,,,,2290.0
PGH_4226,42003515401,,,,,2290.0
PGH_4227,42003516200,,,,,1739.0
PGH_4228,42003516200,,,,,1739.0
PGH_4229,42003563900,,,,,3891.0
PGH_4230,42003563900,,,,,3891.0
PGH_4231,42003518001,,,,,3286.0
PGH_4232,42003563900,,,,,3891.0
PGH_4233,42003563900,,,,,3891.0
PGH_4234,42003518001,,,,,3286.0
PGH_4235,42003518001,,,,,3286.0
PGH_4236,42003518001,,,,,3286.0
PGH_4237,42003518001,,,,,3286.0
PGH_4238,42003518001,,,,,3286.0
PGH_4239,42003563900,,,,,3891.0
PGH_4240,42003518001,,,,,3286.0
PGH_4241,42003563900,,,,,3891.0
PGH_4242,42003563900,,,,,3891.0
PGH_4243,42003563900,,,,,3891.0
PGH_4244,42003518001,,,,,3286.0
PGH_4245,42003518001,,,,,3286.0
PGH_4246,42003563900,,,,,3891.0
PGH_4247,42003563900,,,,,3891.0
PGH_4248,42003518001,,,,,3286.0
PGH_4249,42003518001,,,,,3286.0
PGH_4250,42003518001,,,,,3286.0
PGH_4251,42003563900,,,,,3891.0
PGH_4252,42003518001,,,,,3286.0
PGH_4253,42003563900,,,,,3891.0
PGH_4254,42003518001,,,,,3286.0
PGH_4255,42003518001,,,,,3286.0
PGH_4256,42003563900,,,,,3891.0
PGH_4257,42003518001,,,,,3286.0
PGH_4258,42003518001,,,,,3286.0
PGH_4259,42003518001,,,,,3286.0
PGH_4260,42003518001,,,,,3286.0
PGH_4261,42003518001,,,,,3286.0
PGH_4262,42003518001,,,,,3286.0
PGH_4263,42003518001,,,,,3286.0
PGH_4264,42003518001,,,,,3286.0
PGH_4265,42003518001,,,,,3286.0
PGH_4266,42003518001,,,,,3286.0
PGH_4267,42003518001,,,,,3286.0
PGH_4268,42003518001,,,,,3286.0
PGH_4269,42003518001,,,,,3286.0
PGH_4270,42003518001,,,,,3286.0
PGH_4271,42003518001,,,,,3286.0
PGH_4272,42003518001,,,,,3286.0
PGH_4273,42003518001,,,,,3286.0
PGH_4274,42003518001,,,,,3286.0
PGH_4275,42003518001,,,,,3286.0
PGH_4276,42003518001,,,,,3286.0
PGH_4277,42003518001,,,,,3286.0
PGH_4278,42003518001,,,,,3286.0
PGH_4279,42003518001,,,,,3286.0
PGH_4280,42003518001,,,,,3286.0
PGH_4281,42003518001,,,,,3286.0
PGH_4282,42003518001,,,,,3286.0
PGH_4283,42003518001,,,,,3286.0
PGH_4284,42003518001,,,,,3286.0
PGH_4285,42003518001,,,,,3286.0
PGH_4286,42003518001,,,,,3286.0
PGH_4287,42003518001,,,,,3286.0
PGH_4288,42003518001,,,,,3286.0
PGH_4289,42003518001,,,,,3286.0
PGH_4290,42003518001,,,,,3286.0
PGH_4291,42003468900,,,,,3911.0
PGH_4292,42003468900,,,,,3911.0
PGH_4293,42003469000,,,,,4941.0
PGH_4294,42003470502,,,,,3011.0
PGH_4295,42003469000,,,,,4941.0
PGH_4296,42003469000,,,,,4941.0
PGH_4297,42003469000,,,,,4941.0
PGH_4298,42003469000,,,,,4941.0
PGH_4299,42003469000,,,,,4941.0
PGH_4300,42003469000,,,,,4941.0
PGH_4301,42003469000,,,,,4941.0
PGH_4302,42003469000,,,,,4941.0
PGH_4303,42003469000,,,,,4941.0
PGH_4304,42003469000,,,,,4941.0
PGH_4305,42003472100,,,,,2395.0
PGH_4306,42003472100,,,,,2395.0
PGH_4307,42003472100,,,,,2395.0
PGH_4308,42003472100,,,,,2395.0
PGH_4309,42003472100,,,,,2395.0
PGH_4310,42003472100,,,,,2395.0
PGH_4311,42003472100,,,,,2395.0
PGH_4312,42003472100,,,,,2395.0
PGH_4313,42003192000,,,,,3455.0
PGH_4314,42003472100,,,,,2395.0
PGH_4315,42003192000,,,,,3455.0
PGH_4316,42003192000,,,,,3455.0
PGH_4317,42003192000,,,,,3455.0
PGH_4318,42003192000,,,,,3455.0
PGH_4319,42003192000,,,,,3455.0
PGH_4320,42003192000,,,,,3455.0
PGH_4321,42003202300,,,,,4127.0
PGH_4322,42003202300,,,,,4127.0
PGH_4323,42003202300,,,,,4127.0
PGH_4324,42003202300,,,,,4127.0
PGH_4325,42003192000,,,,,3455.0
PGH_4326,42003202300,,,,,4127.0
PGH_4327,42003202300,,,,,4127.0
PGH_4328,42003192000,,,,,3455.0
PGH_4329,42003192000,,,,,3455.0
PGH_4330,42003192000,,,,,3455.0
PGH_4331,42003192000,,,,,3455.0
PGH_4332,42003192000,,,,,3455.0
PGH_4333,42003192000,,,,,3455.0
PGH_4334,42003192000,,,,,3455.0
PGH_4335,42003192000,,,,,3455.0
PGH_4336,42003192000,,,,,3455.0
PGH_4337,42003191900,,,,,2177.0
PGH_4338,42003191900,,,,,2177.0
PGH_4339,42003191900,,,,,2177.0
PGH_4340,42003191700,,,,,3391.0
PGH_4341,42003191700,,,,,3391.0
PGH_4342,42003192000,,,,,3455.0
PGH_4343,42003191700,,,,,3391.0
PGH_4344,42003192000,,,,,3455.0
PGH_4345,42003192000,,,,,3455.0
PGH_4346,42003192000,,,,,3455.0
PGH_4347,42003192000,,,,,3455.0
PGH_4348,42003192000,,,,,3455.0
PGH_4349,42003191700,,,,,3391.0
PGH_4350,42003191700,,,,,3391.0
PGH_4351,42003191700,,,,,3391.0
PGH_4352,42003191700,,,,,3391.0
PGH_4353,42003191700,,,,,3391.0
PGH_4354,42003191700,,,,,3391.0
PGH_4355,42003191700,,,,,3391.0
PGH_4356,42003191700,,,,,3391.0
PGH_4357,42003191700,,,,,3391.0
PGH_4358,42003191700,,,,,3391.0
PGH_4359,42003191700,,,,,3391.0
PGH_4360,42003191700,,,,,3391.0
PGH_4361,42003191700,,,,,3391.0
PGH_4362,42003191700,,,,,3391.0
PGH_4363,42003191700,,,,,3391.0
PGH_4364,42003191700,,,,,3391.0
PGH_4365,42003191700,,,,,3391.0
PGH_4366,42003191700,,,,,3391.0
PGH_4367,42003191700,,,,,3391.0
PGH_4368,42003191700,,,,,3391.0
PGH_4369,42003191700,,,,,3391.0
PGH_4370,42003191700,,,,,3391.0
PGH_4371,42003191700,,,,,3391.0
PGH_4372,42003191700,,,,,3391.0
PGH_4373,42003191700,,,,,3391.0
PGH_4374,42003191700,,,,,3391.0
PGH_4375,42003191700,,,,,3391.0
PGH_4376,42003191700,,,,,3391.0
PGH_4377,42003562400,,,,,2363.0
PGH_4378,42003562400,,,,,2363.0
PGH_4379,42003562400,,,,,2363.0
PGH_4380,42003562400,,,,,2363.0
PGH_4381,42003191700,,,,,3391.0
PGH_4382,42003191600,,,,,4141.0
PGH_4383,42003191700,,,,,3391.0
PGH_4384,42003191600,,,,,4141.0
PGH_4385,42003562400,,,,,2363.0
PGH_4386,42003562400,,,,,2363.0
PGH_4387,42003562400,,,,,2363.0
PGH_4388,42003562400,,,,,2363.0
PGH_4389,42003562400,,,,,2363.0
PGH_4390,42003191700,,,,,3391.0
PGH_4391,42003191600,,,,,4141.0
PGH_4392,42003191700,,,,,3391.0
PGH_4393,42003191600,,,,,4141.0
PGH_4394,42003191700,,,,,3391.0
PGH_4395,42003191600,,,,,4141.0
PGH_4396,42003191600,,,,,4141.0
PGH_4397,42003191600,,,,,4141.0
PGH_4398,42003191600,,,,,4141.0
PGH_4399,42003191600,,,,,4141.0
PGH_4400,42003191600,,,,,4141.0
PGH_4401,42003191600,,,,,4141.0
PGH_4402,42003191600,,,,,4141.0
PGH_4403,42003191600,,,,,4141.0
PGH_4404,42003191600,,,,,4141.0
PGH_4405,42003191600,,,,,4141.0
PGH_4406,42003191600,,,,,4141.0
PGH_4407,42003191600,,,,,4141.0
PGH_4408,42003191600,,,,,4141.0
PGH_4409,42003191700,,,,,3391.0
PGH_4410,42003191700,,,,,3391.0
PGH_4411,42003191700,,,,,3391.0
PGH_4412,42003191600,,,,,4141.0
PGH_4413,42003191700,,,,,3391.0
PGH_4414,42003191600,,,,,4141.0
PGH_4415,42003191600,,,,,4141.0
PGH_4416,42003191600,,,,,4141.0
PGH_4417,42003320600,,,,,2243.0
PGH_4418,42003290100,,,,,2130.0
PGH_4419,42003290100,,,,,2130.0
PGH_4420,42003290100,,,,,2130.0
PGH_4421,42003320600,,,,,2243.0
PGH_4422,42003320600,,,,,2243.0
PGH_4423,42003290100,,,,,2130.0
PGH_4424,42003320600,,,,,2243.0
PGH_4425,42003320600,,,,,2243.0
PGH_4426,42003320600,,,,,2243.0
PGH_4427,42003320600,,,,,2243.0
PGH_4428,42003320600,,,,,2243.0
PGH_4429,42003562400,,,,,2363.0
PGH_4430,42003562400,,,,,2363.0
PGH_4431,42003562400,,,,,2363.0
PGH_4432,42003562400,,,,,2363.0
PGH_4433,42003562400,,,,,2363.0
PGH_4434,42003191700,,,,,3391.0
PGH_4435,42003191700,,,,,3391.0
PGH_4436,42003562400,,,,,2363.0
PGH_4437,42003562400,,,,,2363.0
PGH_4438,42003562400,,,,,2363.0
PGH_4439,42003562300,,,,,3115.0
PGH_4440,42003562300,,,,,3115.0
PGH_4441,42003562300,,,,,3115.0
PGH_4442,42003562300,,,,,3115.0
PGH_4443,42003562300,,,,,3115.0
PGH_4444,42003562300,,,,,3115.0
PGH_4445,42003562300,,,,,3115.0
PGH_4446,42003562300,,,,,3115.0
PGH_4447,42003562300,,,,,3115.0
PGH_4448,42003562300,,,,,3115.0
PGH_4449,42003562300,,,,,3115.0
PGH_4450,42003562300,,,,,3115.0
PGH_4451,42003562300,,,,,3115.0
PGH_4452,42003562300,,,,,3115.0
PGH_4453,42003562300,,,,,3115.0
PGH_4454,42003562300,,,,,3115.0
PGH_4455,42003562300,,,,,3115.0
PGH_4456,42003562300,,,,,3115.0
PGH_4457,42003562300,,,,,3115.0
PGH_4458,42003562300,,,,,3115.0
PGH_4459,42003562300,,,,,3115.0
PGH_4460,42003562300,,,,,3115.0
PGH_4461,42003562900,,,,,
PGH_4462,42003562300,,,,,3115.0
PGH_4463,42003562900,,,,,
PGH_4464,42003562300,,,,,3115.0
PGH_4465,42003562900,,,,,
PGH_4466,42003562900,,,,,
PGH_4467,42003562900,,,,,
PGH_4468,42003562900,,,,,
PGH_4469,42003562900,,,,,
PGH_4470,42003482500,,,,,1872.0
PGH_4471,42003482500,,,,,1872.0
PGH_4472,42003482500,,,,,1872.0
PGH_4473,42003482500,,,,,1872.0
PGH_4474,42003482500,,,,,1872.0
PGH_4475,42003482500,,,,,1872.0
PGH_4476,42003482500,,,,,1872.0
PGH_4477,42003562300,,,,,3115.0
PGH_4478,42003482500,,,,,1872.0
PGH_4479,42003482500,,,,,1872.0
PGH_4480,42003482500,,,,,1872.0
PGH_4481,42003482500,,,,,1872.0
PGH_4482,42003482500,,,,,1872.0
PGH_4483,42003482500,,,,,1872.0
PGH_4484,42003482500,,,,,1872.0
PGH_4485,42003482500,,,,,1872.0
PGH_4486,42003482500,,,,,1872.0
PGH_4487,42003482500,,,,,1872.0
PGH_4488,42003482500,,,,,1872.0
PGH_4489,42003482500,,,,,1872.0
PGH_4490,42003482500,,,,,1872.0
PGH_4491,42003482500,,,,,1872.0
PGH_4492,42003482500,,,,,1872.0
PGH_4493,42003482500,,,,,1872.0
PGH_4494,42003482500,,,,,1872.0
PGH_4495,42003482500,,,,,1872.0
PGH_4496,42003482500,,,,,1872.0
PGH_4497,42003482500,,,,,1872.0
PGH_4498,42003482500,,,,,1872.0
PGH_4499,42003482500,,,,,1872.0
PGH_4500,42003482500,,,,,1872.0
PGH_4501,42003482500,,,,,1872.0
PGH_4502,42003482500,,,,,1872.0
PGH_4503,42003482500,,,,,1872.0
PGH_4504,42003482500,,,,,1872.0
PGH_4505,42003482500,,,,,1872.0
PGH_4506,42003482500,,,,,1872.0
PGH_4507,42003482500,,,,,1872.0
PGH_4508,42003482500,,,,,1872.0
PGH_4509,42003482500,,,,,1872.0
PGH_4510,42003482500,,,,,1872.0
PGH_4511,42003482500,,,,,1872.0
PGH_4512,42003482500,,,,,1872.0
PGH_4513,42003482500,,,,,1872.0
PGH_4514,42003482500,,,,,1872.0
PGH_4515,42003482500,,,,,1872.0
PGH_4516,42003482500,,,,,1872.0
PGH_4517,42003482500,,,,,1872.0
PGH_4518,42003482500,,,,,1872.0
PGH_4519,42003482500,,,,,1872.0
PGH_4520,42003482500,,,,,1872.0
PGH_4521,42003482500,,,,,1872.0
PGH_4522,42003482500,,,,,1872.0
PGH_4523,42003482500,,,,,1872.0
PGH_4524,42003562300,,,,,3115.0
PGH_4525,42003482500,,,,,1872.0
PGH_4526,42003482500,,,,,1872.0
PGH_4527,42003562300,,,,,3115.0
PGH_4528,42003482500,,,,,1872.0
PGH_4529,42003562300,,,,,3115.0
PGH_4530,42003482500,,,,,1872.0
PGH_4531,42003562300,,,,,3115.0
PGH_4532,42003482500,,,,,1872.0
PGH_4533,42003482500,,,,,1872.0
PGH_4534,42003562300,,,,,3115.0
PGH_4535,42003562300,,,,,3115.0
PGH_4536,42003562300,,,,,3115.0
PGH_4537,42003562300,,,,,3115.0
PGH_4538,42003482500,,,,,1872.0
PGH_4539,42003562300,,,,,3115.0
PGH_4540,42003562300,,,,,3115.0
PGH_4541,42003562300,,,,,3115.0
PGH_4542,42003562300,,,,,3115.0
PGH_4543,42003483800,,,,,2884.0
PGH_4544,42003482500,,,,,1872.0
PGH_4545,42003562300,,,,,3115.0
PGH_4546,42003482500,,,,,1872.0
PGH_4547,42003482500,,,,,1872.0
PGH_4548,42003482500,,,,,1872.0
PGH_4549,42003483800,,,,,2884.0
PGH_4550,42003483800,,,,,2884.0
PGH_4551,42003483800,,,,,2884.0
PGH_4552,42003483800,,,,,2884.0
PGH_4553,42003482500,,,,,1872.0
PGH_4554,42003483800,,,,,2884.0
PGH_4555,42003562300,,,,,3115.0
PGH_4556,42003483800,,,,,2884.0
PGH_4557,42003482500,,,,,1872.0
PGH_4558,42003562300,,,,,3115.0
PGH_4559,42003482500,,,,,1872.0
PGH_4560,42003483800,,,,,2884.0
PGH_4561,42003483800,,,,,2884.0
PGH_4562,42003483800,,,,,2884.0
PGH_4563,42003483800,,,,,2884.0
PGH_4564,42003483800,,,,,2884.0
PGH_4565,42003483800,,,,,2884.0
PGH_4566,42003483800,,,,,2884.0
PGH_4567,42003483800,,,,,2884.0
PGH_4568,42003483800,,,,,2884.0
PGH_4569,42003483800,,,,,2884.0
PGH_4570,42003483800,,,,,2884.0
PGH_4571,42003483800,,,,,2884.0
PGH_4572,42003562300,,,,,3115.0
PGH_4573,42003483800,,,,,2884.0
PGH_4574,42003483800,,,,,2884.0
PGH_4575,42003483800,,,,,2884.0
PGH_4576,42003483800,,,,,2884.0
PGH_4577,42003483800,,,,,2884.0
PGH_4578,42003483800,,,,,2884.0
PGH_4579,42003483800,,,,,2884.0
PGH_4580,42003483800,,,,,2884.0
PGH_4581,42003483800,,,,,2884.0
PGH_4582,42003483800,,,,,2884.0
PGH_4583,42003483800,,,,,2884.0
PGH_4584,42003483800,,,,,2884.0
PGH_4585,42003483800,,,,,2884.0
PGH_4586,42003483800,,,,,2884.0
PGH_4587,42003483800,,,,,2884.0
PGH_4588,42003562300,,,,,3115.0
PGH_4589,42003483800,,,,,2884.0
PGH_4590,42003562300,,,,,3115.0
PGH_4591,42003141400,,,,,5593.0
PGH_4592,42003562300,,,,,3115.0
PGH_4593,42003141400,,,,,5593.0
PGH_4594,42003141400,,,,,5593.0
PGH_4595,42003562300,,,,,3115.0
PGH_4596,42003141400,,,,,5593.0
PGH_4597,42003562300,,,,,3115.0
PGH_4598,42003484600,,,,,2038.0
PGH_4599,42003484600,,,,,2038.0
PGH_4600,42003484600,,,,,2038.0
PGH_4601,42003483800,,,,,2884.0
PGH_4602,42003483800,,,,,2884.0
PGH_4603,42003483800,,,,,2884.0
PGH_4604,42003483800,,,,,2884.0
PGH_4605,42003483800,,,,,2884.0
PGH_4606,42003483800,,,,,2884.0
PGH_4607,42003483800,,,,,2884.0
PGH_4608,42003483800,,,,,2884.0
PGH_4609,42003483800,,,,,2884.0
PGH_4610,42003483800,,,,,2884.0
PGH_4611,42003483800,,,,,2884.0
PGH_4612,42003483800,,,,,2884.0
PGH_4613,42003483800,,,,,2884.0
PGH_4614,42003483800,,,,,2884.0
PGH_4615,42003483800,,,,,2884.0
PGH_4616,42003483800,,,,,2884.0
PGH_4617,42003483800,,,,,2884.0
PGH_4618,42003483800,,,,,2884.0
PGH_4619,42003483800,,,,,2884.0
PGH_4620,42003483800,,,,,2884.0
PGH_4621,42003483800,,,,,2884.0
PGH_4622,42003483800,,,,,2884.0
PGH_4623,42003482500,,,,,1872.0
PGH_4624,42003482500,,,,,1872.0
PGH_4625,42003483800,,,,,2884.0
PGH_4626,42003482500,,,,,1872.0
PGH_4627,42003483800,,,,,2884.0
PGH_4628,42003482500,,,,,1872.0
PGH_4629,42003483800,,,,,2884.0
PGH_4630,42003482500,,,,,1872.0
PGH_4631,42003483800,,,,,2884.0
PGH_4632,42003482500,,,,,1872.0
PGH_4633,42003482500,,,,,1872.0
PGH_4634,42003483800,,,,,2884.0
PGH_4635,42003483800,,,,,2884.0
PGH_4636,42003482500,,,,,1872.0
PGH_4637,42003483800,,,,,2884.0
PGH_4638,42003482500,,,,,1872.0
PGH_4639,42003483800,,,,,2884.0
PGH_4640,42003483800,,,,,2884.0
PGH_4641,42003483800,,,,,2884.0
PGH_4642,42003483800,,,,,2884.0
PGH_4643,42003483800,,,,,2884.0
PGH_4644,42003483800,,,,,2884.0
PGH_4645,42003483800,,,,,2884.0
PGH_4646,42003483800,,,,,2884.0
PGH_4647,42003483800,,,,,2884.0
PGH_4648,42003483800,,,,,2884.0
PGH_4649,42003483800,,,,,2884.0
PGH_4650,42003483800,,,,,2884.0
PGH_4651,42003483800,,,,,2884.0
PGH_4652,42003483800,,,,,2884.0
PGH_4653,42003483800,,,,,2884.0
PGH_4654,42003483800,,,,,2884.0
PGH_4655,42003483800,,,,,2884.0
PGH_4656,42003483800,,,,,2884.0
PGH_4657,42003483800,,,,,2884.0
PGH_4658,42003483800,,,,,2884.0
PGH_4659,42003483800,,,,,2884.0
PGH_4660,42003483800,,,,,2884.0
PGH_4661,42003483800,,,,,2884.0
PGH_4662,42003483800,,,,,2884.0
PGH_4663,42003483800,,,,,2884.0
PGH_4664,42003483800,,,,,2884.0
PGH_4665,42003483800,,,,,2884.0
PGH_4666,42003483800,,,,,2884.0
PGH_4667,42003483800,,,,,2884.0
PGH_4668,42003483800,,,,,2884.0
PGH_4669,42003483800,,,,,2884.0
PGH_4670,42003483800,,,,,2884.0
PGH_4671,42003483800,,,,,2884.0
PGH_4672,42003483800,,,,,2884.0
PGH_4673,42003483800,,,,,2884.0
PGH_4674,42003483800,,,,,2884.0
PGH_4675,42003483800,,,,,2884.0
PGH_4676,42003483800,,,,,2884.0
PGH_4677,42003483800,,,,,2884.0
PGH_4678,42003483800,,,,,2884.0
PGH_4679,42003483800,,,,,2884.0
PGH_4680,42003483800,,,,,2884.0
PGH_4681,42003483800,,,,,2884.0
PGH_4682,42003483800,,,,,2884.0
PGH_4683,42003483800,,,,,2884.0
PGH_4684,42003483800,,,,,2884.0
PGH_4685,42003483800,,,,,2884.0
PGH_4686,42003483800,,,,,2884.0
PGH_4687,42003483800,,,,,2884.0
PGH_4688,42003483800,,,,,2884.0
PGH_4689,42003483800,,,,,2884.0
PGH_4690,42003483800,,,,,2884.0
PGH_4691,42003483800,,,,,2884.0
PGH_4692,42003483800,,,,,2884.0
PGH_4693,42003483800,,,,,2884.0
PGH_4694,42003483800,,,,,2884.0
PGH_4695,42003483800,,,,,2884.0
PGH_4696,42003483800,,,,,2884.0
PGH_4697,42003483800,,,,,2884.0
PGH_4698,42003483800,,,,,2884.0
PGH_4699,42003483800,,,,,2884.0
PGH_4700,42003483800,,,,,2884.0
PGH_4701,42003483800,,,,,2884.0
PGH_4702,42003483800,,,,,2884.0
PGH_4703,42003483800,,,,,2884.0
PGH_4704,42003483800,,,,,2884.0
PGH_4705,42003483800,,,,,2884.0
PGH_4706,42003483800,,,,,2884.0
PGH_4707,42003483800,,,,,2884.0
PGH_4708,42003483800,,,,,2884.0
PGH_4709,42003484300,,,,,3122.0
PGH_4710,42003485000,,,,,1179.0
PGH_4711,42003485000,,,,,1179.0
PGH_4712,42003485000,,,,,1179.0
PGH_4713,42003485000,,,,,1179.0
PGH_4714,42003485000,,,,,1179.0
PGH_4715,42003485000,,,,,1179.0
PGH_4716,42003485000,,,,,1179.0
PGH_4717,42003485000,,,,,1179.0
PGH_4718,42003485000,,,,,1179.0
PGH_4719,42003485000,,,,,1179.0
PGH_4720,42003485000,,,,,1179.0
PGH_4721,42003485000,,,,,1179.0
PGH_4722,42003484300,,,,,3122.0
PGH_4723,42003485000,,,,,1179.0
PGH_4724,42003485000,,,,,1179.0
PGH_4725,42003485000,,,,,1179.0
PGH_4726,42003485000,,,,,1179.0
PGH_4727,42003485000,,,,,1179.0
PGH_4728,42003485000,,,,,1179.0
PGH_4729,42003485000,,,,,1179.0
PGH_4730,42003485000,,,,,1179.0
PGH_4731,42003485000,,,,,1179.0
PGH_4732,42003485000,,,,,1179.0
PGH_4733,42003485000,,,,,1179.0
PGH_4734,42003485000,,,,,1179.0
PGH_4735,42003485000,,,,,1179.0
PGH_4736,42003485000,,,,,1179.0
PGH_4737,42003484300,,,,,3122.0
PGH_4738,42003513800,,,,,1721.0
PGH_4739,42003484300,,,,,3122.0
PGH_4740,42003513800,,,,,1721.0
PGH_4741,42003513800,,,,,1721.0
PGH_4742,42003484300,,,,,3122.0
PGH_4743,42003484300,,,,,3122.0
PGH_4744,42003484300,,,,,3122.0
PGH_4745,42003484300,,,,,3122.0
PGH_4746,42003484300,,,,,3122.0
PGH_4747,42003484300,,,,,3122.0
PGH_4748,42003484300,,,,,3122.0
PGH_4749,42003484300,,,,,3122.0
PGH_4750,42003484300,,,,,3122.0
PGH_4751,42003484300,,,,,3122.0
PGH_4752,42003514000,,,,,1896.0
PGH_4753,42003514000,,,,,1896.0
PGH_4754,42003514000,,,,,1896.0
PGH_4755,42003514000,,,,,1896.0
PGH_4756,42003514000,,,,,1896.0
PGH_4757,42003514000,,,,,1896.0
PGH_4758,42003514000,,,,,1896.0
PGH_4759,42003514000,,,,,1896.0
PGH_4760,42003484300,,,,,3122.0
PGH_4761,42003514000,,,,,1896.0
PGH_4762,42003514000,,,,,1896.0
PGH_4763,42003514000,,,,,1896.0
PGH_4764,42003514000,,,,,1896.0
PGH_4765,42003514000,,,,,1896.0
PGH_4766,42003514000,,,,,1896.0
PGH_4767,42003514000,,,,,1896.0
PGH_4768,42003514000,,,,,1896.0
PGH_4769,42003514000,,,,,1896.0
PGH_4770,42003514000,,,,,1896.0
PGH_4771,42003514000,,,,,1896.0
PGH_4772,42003514000,,,,,1896.0
PGH_4773,42003514000,,,,,1896.0
PGH_4774,42003514000,,,,,1896.0
PGH_4775,42003514000,,,,,1896.0
PGH_4776,42003514000,,,,,1896.0
PGH_4777,42003514000,,,,,1896.0
PGH_4778,42003514000,,,,,1896.0
PGH_4779,42003514000,,,,,1896.0
PGH_4780,42003515100,,,,,2566.0
PGH_4781,42003512900,,,,,
PGH_4782,42003512900,,,,,
PGH_4783,42003512900,,,,,
PGH_4784,42003512900,,,,,
PGH_4785,42003472400,,,,,1776.0
PGH_4786,42003472400,,,,,1776.0
PGH_4787,42003473100,,,,,4963.0
PGH_4788,42003472400,,,,,1776.0
PGH_4789,42003473100,,,,,4963.0
PGH_4790,42003473100,,,,,4963.0
PGH_4791,42003473100,,,,,4963.0
PGH_4792,42003473100,,,,,4963.0
PGH_4793,42003473100,,,,,4963.0
PGH_4794,42003473100,,,,,4963.0
PGH_4795,42003472400,,,,,1776.0
PGH_4796,42003473100,,,,,4963.0
PGH_4797,42003472400,,,,,1776.0
PGH_4798,42003473100,,,,,4963.0
PGH_4799,42003473100,,,,,4963.0
PGH_4800,42003473100,,,,,4963.0
PGH_4801,42003473100,,,,,4963.0
PGH_4802,42003472300,,,,,1849.0
PGH_4803,42003472200,,,,,2224.0
PGH_4804,42003472300,,,,,1849.0
PGH_4805,42003472200,,,,,2224.0
PGH_4806,42003472200,,,,,2224.0
PGH_4807,42003472100,,,,,2395.0
PGH_4808,42003472200,,,,,2224.0
PGH_4809,42003472100,,,,,2395.0
PGH_4810,42003472100,,,,,2395.0
PGH_4811,42003472300,,,,,1849.0
PGH_4812,42003472100,,,,,2395.0
PGH_4813,42003472300,,,,,1849.0
PGH_4814,42003472100,,,,,2395.0
PGH_4815,42003472300,,,,,1849.0
PGH_4816,42003472100,,,,,2395.0
PGH_4817,42003472100,,,,,2395.0
PGH_4818,42003472100,,,,,2395.0
PGH_4819,42003472100,,,,,2395.0
PGH_4820,42003472100,,,,,2395.0
PGH_4821,42003472300,,,,,1849.0
PGH_4822,42003472100,,,,,2395.0
PGH_4823,42003472300,,,,,1849.0
PGH_4824,42003472300,,,,,1849.0
PGH_4825,42003472300,,,,,1849.0
PGH_4826,42003472100,,,,,2395.0
PGH_4827,42003472300,,,,,1849.0
PGH_4828,42003472300,,,,,1849.0
PGH_4829,42003472100,,,,,2395.0
PGH_4830,42003472300,,,,,1849.0
PGH_4831,42003472300,,,,,1849.0
PGH_4832,42003472300,,,,,1849.0
PGH_4833,42003472300,,,,,1849.0
PGH_4834,42003472100,,,,,2395.0
PGH_4835,42003472300,,,,,1849.0
PGH_4836,42003472300,,,,,1849.0
PGH_4837,42003472100,,,,,2395.0
PGH_4838,42003472100,,,,,2395.0
PGH_4839,42003472300,,,,,1849.0
PGH_4840,42003472100,,,,,2395.0
PGH_4841,42003472100,,,,,2395.0
PGH_4842,42003472100,,,,,2395.0
PGH_4843,42003472100,,,,,2395.0
PGH_4844,42003320400,,,,,1870.0
PGH_4845,42003320400,,,,,1870.0
PGH_4846,42003320400,,,,,1870.0
PGH_4847,42003320700,,,,,1613.0
PGH_4848,42003320700,,,,,1613.0
PGH_4849,42003320400,,,,,1870.0
PGH_4850,42003320400,,,,,1870.0
PGH_4851,42003320400,,,,,1870.0
PGH_4852,42003320700,,,,,1613.0
PGH_4853,42003320400,,,,,1870.0
PGH_4854,42003320400,,,,,1870.0
PGH_4855,42003320700,,,,,1613.0
PGH_4856,42003320700,,,,,1613.0
PGH_4857,42003320600,,,,,2243.0
PGH_4858,42003320600,,,,,2243.0
PGH_4859,42003320400,,,,,1870.0
PGH_4860,42003320600,,,,,2243.0
PGH_4861,42003320400,,,,,1870.0
PGH_4862,42003320400,,,,,1870.0
PGH_4863,42003290100,,,,,2130.0
PGH_4864,42003320400,,,,,1870.0
PGH_4865,42003290100,,,,,2130.0
PGH_4866,42003290100,,,,,2130.0
PGH_4867,42003290100,,,,,2130.0
PGH_4868,42003478200,,,,,5719.0
PGH_4869,42003478200,,,,,5719.0
PGH_4870,42003478200,,,,,5719.0
PGH_4871,42003562900,,,,,
PGH_4872,42003562900,,,,,
PGH_4873,42003562900,,,,,
PGH_4874,42003562900,,,,,
PGH_4875,42003562900,,,,,
PGH_4876,42003488100,,,,,2149.0
PGH_4877,42003486700,,,,,2212.0
PGH_4878,42003486700,,,,,2212.0
PGH_4879,42003486700,,,,,2212.0
PGH_4880,42003486700,,,,,2212.0
PGH_4881,42003486700,,,,,2212.0
PGH_4882,42003486700,,,,,2212.0
PGH_4883,42003486700,,,,,2212.0
PGH_4884,42003486700,,,,,2212.0
PGH_4885,42003486700,,,,,2212.0
PGH_4886,42003486700,,,,,2212.0
PGH_4887,42003486700,,,,,2212.0
PGH_4888,42003486700,,,,,2212.0
PGH_4889,42003486700,,,,,2212.0
PGH_4890,42003486700,,,,,2212.0
PGH_4891,42003486700,,,,,2212.0
PGH_4892,42003486700,,,,,2212.0
PGH_4893,42003486700,,,,,2212.0
PGH_4894,42003486700,,,,,2212.0
PGH_4895,42003488200,,,,,3441.0
PGH_4896,42003488200,,,,,3441.0
PGH_4897,42003488200,,,,,3441.0
PGH_4898,42003488200,,,,,3441.0
PGH_4899,42003488200,,,,,3441.0
PGH_4900,42003488200,,,,,3441.0
PGH_4901,42003488200,,,,,3441.0
PGH_4902,42003488200,,,,,3441.0
PGH_4903,42003488200,,,,,3441.0
PGH_4904,42003488200,,,,,3441.0
PGH_4905,42003488200,,,,,3441.0
PGH_4906,42003488200,,,,,3441.0
PGH_4907,42003488200,,,,,3441.0
PGH_4908,42003488200,,,,,3441.0
PGH_4909,42003488200,,,,,3441.0
PGH_4910,42003488200,,,,,3441.0
PGH_4911,42003473602,,,,,4714.0
PGH_4912,42003473602,,,,,4714.0
PGH_4913,42003473401,,,,,3731.0
PGH_4914,42003473401,,,,,3731.0
PGH_4915,42003473401,,,,,3731.0
PGH_4916,42003473401,,,,,3731.0
PGH_4917,42003473500,,,,,3788.0
PGH_4918,42003473500,,,,,3788.0
PGH_4919,42003473500,,,,,3788.0
PGH_4920,42003478100,,,,,4363.0
PGH_4921,42003478100,,,,,4363.0
PGH_4922,42003478100,,,,,4363.0
PGH_4923,42003477200,,,,,4466.0
PGH_4924,42003320400,,,,,1870.0
PGH_4925,42003477200,,,,,4466.0
PGH_4926,42003320400,,,,,1870.0
PGH_4927,42003320400,,,,,1870.0
PGH_4928,42003320400,,,,,1870.0
PGH_4929,42003320700,,,,,1613.0
PGH_4930,42003478200,,,,,5719.0
PGH_4931,42003478200,,,,,5719.0
PGH_4932,42003478200,,,,,5719.0
PGH_4933,42003478200,,,,,5719.0
PGH_4934,42003478200,,,,,5719.0
PGH_4935,42003478200,,,,,5719.0
PGH_4936,42003478200,,,,,5719.0
PGH_4937,42003478100,,,,,4363.0
PGH_4938,42003478200,,,,,5719.0
PGH_4939,42003478200,,,,,5719.0
PGH_4940,42003478200,,,,,5719.0
PGH_4941,42003478200,,,,,5719.0
PGH_4942,42003478200,,,,,5719.0
PGH_4943,42003478200,,,,,5719.0
PGH_4944,42003478200,,,,,5719.0
PGH_4945,42003478200,,,,,5719.0
PGH_4946,42003478200,,,,,5719.0
PGH_4947,42003488500,,,,,2742.0
PGH_4948,42003488500,,,,,2742.0
PGH_4949,42003480400,,,,,5004.0
PGH_4950,42003480400,,,,,5004.0
PGH_4951,42003480400,,,,,5004.0
PGH_4952,42003480400,,,,,5004.0
PGH_4953,42003480400,,,,,5004.0
PGH_4954,42003480400,,,,,5004.0
PGH_4955,42003488500,,,,,2742.0
PGH_4956,42003488500,,,,,2742.0
PGH_4957,42003488500,,,,,2742.0
PGH_4958,42003310200,,,,,3155.0
PGH_4959,42003310200,,,,,3155.0
PGH_4960,42003310200,,,,,3155.0
PGH_4961,42003562900,,,,,
PGH_4962,42003310200,,,,,3155.0
PGH_4963,42003310200,,,,,3155.0
PGH_4964,42003310200,,,,,3155.0
PGH_4965,42003310200,,,,,3155.0
PGH_4966,42003310200,,,,,3155.0
PGH_4967,42003310200,,,,,3155.0
PGH_4968,42003310200,,,,,3155.0
PGH_4969,42003310200,,,,,3155.0
PGH_4970,42003310200,,,,,3155.0
PGH_4971,42003310200,,,,,3155.0
PGH_4972,42003310200,,,,,3155.0
PGH_4973,42003310200,,,,,3155.0
PGH_4974,42003310200,,,,,3155.0
PGH_4975,42003310200,,,,,3155.0
PGH_4976,42003310200,,,,,3155.0
PGH_4977,42003310200,,,,,3155.0
PGH_4978,42003310200,,,,,3155.0
PGH_4979,42003310200,,,,,3155.0
PGH_4980,42003310200,,,,,3155.0
PGH_4981,42003486700,,,,,2212.0
PGH_4982,42003486700,,,,,2212.0
PGH_4983,42003486700,,,,,2212.0
PGH_4984,42003486700,,,,,2212.0
PGH_4985,42003486700,,,,,2212.0
PGH_4986,42003473500,,,,,3788.0
PGH_4987,42003473500,,,,,3788.0
PGH_4988,42003473402,,,,,3678.0
PGH_4989,42003473402,,,,,3678.0
PGH_4990,42003473402,,,,,3678.0
PGH_4991,42003473402,,,,,3678.0
PGH_4992,42003473500,,,,,3788.0
PGH_4993,42003473401,,,,,3731.0
PGH_4994,42003473401,,,,,3731.0
PGH_4995,42003473401,,,,,3731.0
PGH_4996,42003488500,,,,,2742.0
PGH_4997,42003488500,,,,,2742.0
PGH_4998,42003488500,,,,,2742.0
PGH_4999,42003488500,,,,,2742.0
