point_id,city,walkability_index_v1,walkability_index_v2
0,seattle,0.26109898,0.42772608340928037
1,seattle,1.8465911,2.4968745887335304
10,seattle,0.022702452,0.1287163033261064
100,seattle,-4.9916506,-4.846164638810317
1000,seattle,0.8810148,0.31640089359342344
1001,seattle,-0.3616287,-0.22276985831854598
1002,seattle,-0.38296473,-0.2838729184140521
1003,seattle,0.38439712,0.13671555858325915
1004,seattle,-0.07497674,0.1752823362204038
1005,seattle,-0.077153124,0.17259163080385886
1006,seattle,0.43994486,0.20709520913066864
1007,seattle,-0.43665215,-0.35266048236476877
1008,seattle,-2.0934904,-3.062220982323233
1009,seattle,0.4781809,-0.2491511245855779
101,seattle,-1.4838902,-1.687623649701555
1010,seattle,0.36754793,-0.3859286499266141
1011,seattle,0.10137889,-0.21855120807937037
1012,seattle,0.115413256,-0.7247389874723211
1013,seattle,0.35474694,-0.4044145254309823
1014,seattle,0.17412777,-0.6532237964563913
1015,seattle,0.59191823,-0.041014475904300955
1016,seattle,-0.0020136891,-0.7690926627763769
1017,seattle,0.14438382,-0.6899967704825061
1018,seattle,0.5131795,-0.16298528426741538
1019,seattle,0.6216929,-0.24526207043191978
102,seattle,-1.4530581,-1.649505322967168
1020,seattle,0.69840765,-0.15224960378675284
1021,seattle,0.35773182,-0.35256434028670447
1022,seattle,-0.3492217,-0.012305780940896585
1023,seattle,-1.2382686,-1.166913068603869
1024,seattle,-0.12174444,-0.7988971832441117
1025,seattle,-0.16781141,0.008442718178696589
1026,seattle,-0.14984079,0.2416191977321224
1027,seattle,-0.047303285,0.15056817771487366
1028,seattle,-0.14931212,0.0313137142193289
1029,seattle,0.9240487,1.0574369352720547
103,seattle,0.31663534,0.31211059645101275
1030,seattle,0.5349803,0.07119502380247549
1031,seattle,0.3121229,-0.03580104085834201
1032,seattle,0.36408144,0.03405513416685525
1033,seattle,0.3949104,0.05639892465808634
1034,seattle,0.35464725,0.006620874452004275
1035,seattle,0.44929373,0.12229788899822652
1036,seattle,0.364312,-0.19138068506832237
1037,seattle,0.489122,0.1969137820592411
1038,seattle,-0.44390017,-0.34482313039534424
1039,seattle,-0.56251323,-0.49146657559704543
104,seattle,-1.4846157,-1.68852055150707
1040,seattle,-0.71428365,-0.6747944601632464
1041,seattle,0.25919634,-0.0926276525693425
1042,seattle,-1.7856443,-1.8858487054711308
1043,seattle,0.70457906,0.45569559729784065
1044,seattle,-1.0746061,-0.9380377892471533
1045,seattle,-0.7600855,-0.7247000068172005
1046,seattle,2.1452885,0.933005029756169
1047,seattle,2.5847862,1.4551393697414323
1048,seattle,2.7671313,1.460410622271387
1049,seattle,2.1164308,0.8936154372584022
105,seattle,-1.9115429,-2.058314318900035
1050,seattle,1.0131778,-0.0672550428220407
1051,seattle,0.84071594,-0.028684329385996247
1052,seattle,0.11289493,-0.11819701431890861
1053,seattle,2.288049,1.0910936224061745
1054,seattle,0.87421584,-0.23564216770105426
1055,seattle,2.8596158,1.8101168782894896
1056,seattle,1.6218901,0.9193770245396369
1057,seattle,2.6482396,1.550383731822017
1058,seattle,2.7374716,1.6607026539003609
1059,seattle,1.8597013,1.2213097052656952
106,seattle,0.49850085,0.1366682083927687
1060,seattle,2.1141145,0.6618133983526178
1061,seattle,2.6266255,1.3000240752273071
1062,seattle,1.521199,1.324064443340269
1063,seattle,1.9834396,1.335948385782362
1064,seattle,2.7193348,1.638280108762486
1065,seattle,2.7682076,1.697107250794601
1066,seattle,2.8004358,1.7397241831210324
1067,seattle,2.1140459,1.5228403675640467
1068,seattle,2.7855399,1.7209718081024117
1069,seattle,1.7625998,1.0567555568257194
107,seattle,0.44274867,0.07898660866330053
1070,seattle,0.6544745,-0.2708944198333136
1071,seattle,1.4772516,0.689757465296
1072,seattle,2.6263118,2.0596464920361908
1073,seattle,1.3831246,0.42169711234541174
1074,seattle,1.8976634,1.2253962433124033
1075,seattle,2.0884252,0.8560807181670328
1076,seattle,2.4625213,1.3207768696101791
1077,seattle,0.004015284,-0.15264619853798395
1078,seattle,1.3707925,0.4846799811667277
1079,seattle,2.368787,1.2090697955652223
108,seattle,0.5466402,0.7561581950179136
1080,seattle,0.82914525,0.570932208424955
1081,seattle,2.2945871,1.1091131959191802
1082,seattle,0.9974899,0.564463030152095
1083,seattle,2.5027156,1.3617655301960039
1084,seattle,2.315614,1.1328810916558738
1085,seattle,0.80203056,0.7974668671253525
1086,seattle,1.364205,0.4911855009594435
1087,seattle,0.44384813,0.3954460630775356
1088,seattle,0.71944743,0.5195434770530796
1089,seattle,0.72237307,0.5220620356426715
109,seattle,0.45469463,0.10317633499513343
1090,seattle,0.66802573,0.6370161907898422
1091,seattle,2.5896776,1.4670637582807455
1092,seattle,2.5769737,1.449325294608765
1093,seattle,2.2240102,1.5803142664596375
1094,seattle,0.84982693,0.8554087617799915
1095,seattle,2.0350692,1.3341005246936208
1096,seattle,2.884846,2.3670517117862544
1097,seattle,0.62573624,0.399141685854339
1098,seattle,2.265949,1.4072795571363443
1099,seattle,0.5709381,0.33211605197475363
11,seattle,1.3013994,0.9155816475864015
110,seattle,0.6783987,0.9274611386845321
1100,seattle,-0.31422207,-0.5399679140228374
1101,seattle,1.6563313,0.8688720548485144
1102,seattle,1.3720875,0.5225173144219892
1103,seattle,1.1999136,0.30414120567221764
1104,seattle,-0.26605698,-0.47562274289500334
1105,seattle,2.1287837,0.8952597736506075
1106,seattle,1.3402768,0.4855445966422091
1107,seattle,0.8406621,-0.14561196610936147
1108,seattle,1.8753842,1.4555870367974475
1109,seattle,0.09678411,-0.25398844226878914
111,seattle,0.66823196,0.9206983658919393
1110,seattle,0.8121118,0.6116298585182479
1111,seattle,0.070667475,-0.2862769072673288
1112,seattle,2.0489573,0.5918105620750126
1113,seattle,0.2500729,0.6773125785948079
1114,seattle,-0.32155216,-0.5519409316570294
1115,seattle,0.25186113,0.14983659485975134
1116,seattle,0.90747917,-0.32658397827754326
1117,seattle,1.3598377,-0.32434172376375575
1118,seattle,-0.37549818,-0.6273745172126196
1119,seattle,1.1564267,-0.35744701679692825
112,seattle,0.73893225,0.8595308221894057
1120,seattle,0.350741,-0.7894047908164077
1121,seattle,0.9692694,-0.8311408869829867
1122,seattle,-0.79877025,-1.3113752725736902
1123,seattle,0.1632178,0.03405582220928092
1124,seattle,-0.64018154,-0.6578613414132052
1125,seattle,-0.8506956,-0.9350830373129301
1126,seattle,0.06271499,-0.09153374892802982
1127,seattle,0.06655053,-0.08499374512205918
1128,seattle,0.17871244,0.025356257703808612
1129,seattle,-0.22807239,0.10931281249554523
113,seattle,0.6327571,0.3310881870395327
1130,seattle,-0.23496428,0.10079224534315265
1131,seattle,-0.20706935,-0.2377487114015849
1132,seattle,0.08011283,0.12252728656953601
1133,seattle,-0.014641238,-0.16501996856244874
1134,seattle,-0.28635213,-0.4633048611469562
1135,seattle,0.2078971,0.11193955956731803
1136,seattle,-0.6655909,-0.9450327408307357
1137,seattle,0.07696525,-0.04426053374735207
1138,seattle,-0.3989442,-0.484651277394068
1139,seattle,-0.15686138,-0.19157046619676316
114,seattle,0.594305,0.8302337876306677
1140,seattle,0.2570653,-0.04156982833080714
1141,seattle,0.34973022,0.2892684562232833
1142,seattle,-0.57332367,-0.8318797725762419
1143,seattle,-0.4547792,-0.5524753792651934
1144,seattle,-0.19277176,-0.23596710556975536
1145,seattle,0.579285,0.3475865544748861
1146,seattle,0.34845945,0.065749116583296
1147,seattle,0.5238594,0.5078723810308736
1148,seattle,0.062334653,0.03507501956375277
1149,seattle,0.4203509,0.3775917156392664
115,seattle,0.4801808,0.15180097386040747
1150,seattle,-0.7238001,-1.05200914569748
1151,seattle,-0.67549014,-0.9930672649546927
1152,seattle,-0.18580939,-0.43138449140276225
1153,seattle,-0.070693456,-0.2610300727040668
1154,seattle,-0.12807168,-0.3311832260157915
1155,seattle,0.6186511,0.3917499734562639
1156,seattle,0.48261723,-0.16349398350614466
1157,seattle,0.08183116,-0.2879182334172969
1158,seattle,0.43775788,-0.19938884538636567
1159,seattle,0.22391917,-0.5098633993853242
116,seattle,1.0679078,0.8854151109391846
1160,seattle,0.31700465,-0.3651507559146878
1161,seattle,-0.40682814,-1.0221508093475482
1162,seattle,0.064132065,-0.4874408542474494
1163,seattle,0.34114477,-0.33611618594612386
1164,seattle,0.5432046,0.37025118224475423
1165,seattle,0.5359443,0.13026268820153905
1166,seattle,0.26920903,-0.1548190605978925
1167,seattle,1.3215607,1.1114780703057947
1168,seattle,1.6305779,1.7223067420628266
1169,seattle,-0.9080135,-1.725026978208143
117,seattle,1.3671609,1.2553871057141186
1170,seattle,-0.6562776,-0.7975752606671269
1171,seattle,0.5748703,0.42356666918683433
1172,seattle,-0.36439425,-0.24551973126792306
1173,seattle,-0.025203688,-0.5271623849571078
1174,seattle,-0.16166352,-0.6894985931025703
1175,seattle,0.54232097,0.38559416491340187
1176,seattle,0.45269603,0.27948562136980176
1177,seattle,-0.36270463,-0.9819810181661277
1178,seattle,-0.48601428,-1.140322623028733
1179,seattle,-0.56948817,-1.2442606591517105
118,seattle,-0.17370278,-0.6598321387111158
1180,seattle,-0.6088205,-1.2880898549751323
1181,seattle,-0.02955646,-0.5325437957901976
1182,seattle,0.56090426,-0.018249105475610136
1183,seattle,0.22061178,-0.01474674343306073
1184,seattle,0.48601088,0.11917661452184895
1185,seattle,0.019514391,-0.7430864938302577
1186,seattle,0.0079069985,-0.7574369227184975
1187,seattle,-1.0516626,-1.867634259395081
1188,seattle,-0.03707165,-0.8130448346604272
1189,seattle,-0.1276526,-0.7079721666749125
119,seattle,0.8881953,0.6569231117429906
1190,seattle,-0.58860606,-1.3067834668709544
1191,seattle,0.23488441,0.08119225622588065
1192,seattle,-1.1302733,-1.391667174794863
1193,seattle,-0.4297733,-0.524023228637805
1194,seattle,0.3120211,-0.09117820938339008
1195,seattle,0.36939934,-0.021025056071665518
1196,seattle,-0.3657624,-1.2618112250044815
1197,seattle,-0.41452014,-0.15602380932178192
1198,seattle,0.533345,0.07029523448320853
1199,seattle,0.74519944,0.2649280086406993
12,seattle,-0.5088309,-0.23326420237400997
120,seattle,1.2644205,1.1250113953239074
1200,seattle,0.8457328,0.27887928867218564
1201,seattle,-0.050011367,-0.7859572337924886
1202,seattle,-0.1057091,-0.8540070323009554
1203,seattle,-0.43354598,-1.3044057431956255
1204,seattle,0.19917391,-0.4319835614508901
1205,seattle,-0.17948991,-0.9449474674793378
1206,seattle,0.061797056,-0.6201036949325184
1207,seattle,0.7203463,0.22615367247061727
1208,seattle,0.8256935,0.3556199937624856
1209,seattle,1.1775917,0.7147268420381189
121,seattle,1.5216722,1.4459670849580146
1210,seattle,-0.34088704,-1.188713421806296
1211,seattle,0.98630214,0.5806590018873847
1212,seattle,1.2045299,0.7496259386823211
1213,seattle,1.1012014,0.6235840938219478
1214,seattle,1.2773186,0.7739223612021084
1215,seattle,1.1685688,0.48749702091770786
1216,seattle,0.40236914,-0.26214975410406477
1217,seattle,-0.0015375433,-0.6152417116439528
1218,seattle,-1.8829577,-3.630856727019738
1219,seattle,-0.04178265,-0.6733201985571802
122,seattle,1.4648112,1.3752313409897674
1220,seattle,-2.3165717,-4.154317966094876
1221,seattle,0.61973953,0.14966122567416848
1222,seattle,0.5834264,0.09352911418421544
1223,seattle,1.1939827,1.033230910285897
1224,seattle,-0.122853614,-0.30556029608590113
1225,seattle,0.6831083,0.6717576970242107
1226,seattle,0.5504023,0.5101891349021143
1227,seattle,0.7819619,0.5759799939008607
1229,seattle,0.78740287,0.5827067574422231
123,seattle,1.5280744,1.4525924850908603
1230,seattle,-1.4375465,-2.507509042964766
1231,seattle,-0.48211616,-1.2090286062191138
1232,seattle,0.88324314,0.4655913571300049
1233,seattle,-0.11009396,-0.312557686630391
1234,seattle,0.5447054,0.2953241022014523
1235,seattle,-0.05371744,-0.2579784263049399
1236,seattle,0.18237674,0.06607333341045162
1237,seattle,-0.18841954,-0.3932773910012952
1238,seattle,-0.21308525,-0.42377205238880494
1239,seattle,0.6001939,-0.08926348495526015
124,seattle,0.57551396,0.0714547442435416
1240,seattle,-0.32655975,-0.5618145118100827
1241,seattle,0.6860787,0.2321456479337328
1242,seattle,0.3783416,-0.14210477666267882
1243,seattle,-1.3487041,-1.8512035819552133
1244,seattle,0.8150481,0.38959558434523345
1245,seattle,0.82738096,0.4048429150389882
1246,seattle,1.243735,0.7011476841835554
1247,seattle,0.6527584,0.1932626235990652
1248,seattle,0.028063344,-0.583988964479618
1249,seattle,0.0652607,-0.001628707115972757
125,seattle,1.3490124,1.2325044552454465
1250,seattle,0.4924207,0.4215375141666992
1251,seattle,-0.3553629,-1.0490145607586696
1252,seattle,0.36058435,0.06747593153853894
1253,seattle,0.8656847,0.4449883848166944
1254,seattle,0.26749906,0.13667402619447996
1255,seattle,-0.35766187,-0.6343266639586722
1256,seattle,0.9621821,0.3342310620707831
1257,seattle,-0.024175227,-0.11157429251118149
1258,seattle,-1.2026883,-2.4439018913619934
1259,seattle,-1.0949359,-2.678245963886149
126,seattle,1.0616064,0.8807749579932177
1260,seattle,0.7752146,0.32837156476818863
1261,seattle,1.1017703,0.5125653871340826
1262,seattle,1.0699377,0.47277275545610237
1263,seattle,-0.42816123,-1.3304585982736843
1264,seattle,0.3046416,-1.048355992445915
1265,seattle,0.24773633,-1.118199458027296
1266,seattle,0.24701087,-1.119096359832811
1267,seattle,0.61796147,-0.32272821001200913
1268,seattle,-0.3643699,-1.7069429981506337
1269,seattle,0.78255767,-0.3865878216751068
127,seattle,0.9400208,0.7370562391980205
1270,seattle,0.7379889,-0.22403004756606895
1271,seattle,-1.2450446,-2.8616778698714422
1272,seattle,-0.07647619,-1.3579024386475809
1273,seattle,-0.2858967,-1.6154395330949758
1274,seattle,-0.092188925,-1.381042186044848
1275,seattle,1.7019033,1.0449795644143192
1276,seattle,1.7779754,1.1354559304754615
1277,seattle,1.4750264,1.1770393603361657
1278,seattle,0.5959003,0.08442844072827724
1279,seattle,0.85017633,0.39047952662764374
128,seattle,0.7504521,0.5047934730475433
1280,seattle,-0.5468602,-1.3791926514123116
1281,seattle,0.72078675,0.2331726482510734
1282,seattle,0.344787,0.15562505584843467
1283,seattle,-0.17484827,-1.5539589489299426
1284,seattle,-0.68945086,-2.1869575139624198
1285,seattle,-0.18065196,-1.5611341633740625
1286,seattle,0.13150115,-0.10806407497297295
1287,seattle,0.31481463,0.12021776887834068
1288,seattle,0.32320777,0.3466337453014712
1289,seattle,-0.9623559,-1.338623562685498
129,seattle,1.0079546,0.5920078655266647
1290,seattle,-0.26285553,-0.15210384662903206
1291,seattle,-2.8445644,-3.4081033241987906
1292,seattle,-0.17838919,-1.5564588630505924
1293,seattle,-0.7197772,-2.2191071629322696
1294,seattle,0.27100542,-0.491018124694288
1295,seattle,0.36229196,-0.3809595641930758
1296,seattle,-0.37018567,-1.251117756136213
1297,seattle,1.0847591,0.7430613246863464
1298,seattle,0.34522745,-0.3772351084279403
1299,seattle,0.30315065,-0.42925541314780985
13,seattle,-0.52116376,-0.2485115330677646
130,seattle,-0.17466392,0.08952644608144522
1300,seattle,0.43833986,-0.6908494421370482
1301,seattle,1.0495743,0.6995615871188695
1302,seattle,-0.9825003,-2.530718084983659
1303,seattle,-1.1811215,-2.7731838895431347
1304,seattle,0.42073828,-0.9491605271544759
1305,seattle,-0.38237387,-2.010153673441491
1306,seattle,-0.98868287,-2.539774189598094
1307,seattle,0.35432684,-0.16141968216592475
1308,seattle,0.43195865,-0.06772483861126492
1309,seattle,0.42180216,-0.0802814638884748
131,seattle,-1.3797375,-1.44413593041749
1310,seattle,-0.3075697,-1.726187043791412
1311,seattle,0.6172061,-0.7174334217284142
1312,seattle,-0.446332,-1.3523681054953967
1313,seattle,1.1732426,0.21574198906418232
1314,seattle,-0.21832213,-1.4833670959078353
1315,seattle,1.0328314,0.042704527613194036
1316,seattle,0.6908603,-0.3789310491777743
1317,seattle,1.0226078,0.02593654090188989
1318,seattle,0.58577245,0.21640567047808282
1319,seattle,0.62520593,-0.4601006625768811
132,seattle,0.44193164,-0.10410876170118673
1320,seattle,0.8205126,-0.22343757856773644
1321,seattle,-0.08039987,-0.39992710711549284
1322,seattle,0.06277394,-1.1682180986518345
1323,seattle,0.67080724,0.5945001466415221
1324,seattle,-0.006978105,-0.29139139494114064
1325,seattle,-0.009154491,-0.29408210035768556
1326,seattle,1.2082516,0.4702378091740269
1327,seattle,0.4217394,-0.7104442818703074
1328,seattle,1.8927014,1.2922580742430443
1329,seattle,1.2050307,0.4343193970428454
133,seattle,0.26534945,-0.32141169992055774
1330,seattle,1.3524747,1.0180972509377944
1331,seattle,1.510753,0.8177656240039566
1332,seattle,2.5343854,2.779724976137125
1333,seattle,2.3254888,2.522406686751589
1334,seattle,2.5125563,2.208315278613033
1335,seattle,1.1010786,0.11570266891766898
1336,seattle,1.9097576,1.6615741401067567
1337,seattle,2.545889,0.5488000080178453
1338,seattle,2.513827,0.5044430568234074
1339,seattle,2.267633,1.5376336612349013
134,seattle,-0.28731236,-0.6740900365646052
1340,seattle,2.2773225,1.3456567317750432
1341,seattle,-0.8884746,-1.3681374568915905
1342,seattle,-0.20820762,0.4119731540782582
1343,seattle,-0.1849464,0.44381320716570943
1344,seattle,3.0615487,1.1759820617466257
1345,seattle,-0.3421211,0.22394385919723636
1346,seattle,-0.31996596,0.25049686682285377
1347,seattle,0.71007055,0.3055415891513525
1348,seattle,1.4712183,0.558173527513398
1349,seattle,1.528694,0.6603412895120635
135,seattle,0.87439245,0.7670781957358955
1350,seattle,2.9676502,1.0603158290663
1351,seattle,1.1104738,0.35848663865691427
1352,seattle,-0.28347167,-0.8705744042155145
1353,seattle,-1.5366299,-2.1867946894107355
1354,seattle,0.15238549,-0.30379886773326914
1355,seattle,-0.082997434,-0.6077060518348699
1356,seattle,1.9131118,0.5327573980625149
1357,seattle,0.24623671,-0.18936381375922548
1358,seattle,1.9225454,0.5367119208940805
1359,seattle,2.1033156,1.014200309552075
136,seattle,0.5799889,0.8204794552402876
1360,seattle,1.8018,1.6234698964682328
1361,seattle,1.4328612,0.6170661677809242
1362,seattle,2.5471823,1.5519319037445694
1363,seattle,2.543367,1.5475465297960702
1364,seattle,1.4204376,0.6020897009248056
1365,seattle,1.3247186,0.492656348743068
1366,seattle,2.5726411,1.5844161183611236
1367,seattle,1.4107112,0.1590414655781804
1368,seattle,1.3576982,0.08901117975221036
1369,seattle,1.3435975,0.07231592303342062
137,seattle,0.8399094,0.39792155420687597
1370,seattle,0.8543507,0.24304243557205304
1371,seattle,1.327379,0.05264200039442847
1372,seattle,2.4679391,1.4688979526600094
1373,seattle,2.3454452,1.3157684906167157
1374,seattle,1.7719153,1.0603111788905222
1375,seattle,1.8153186,0.6831826546642226
1376,seattle,2.2671583,1.021350052879833
1377,seattle,2.0640423,1.4179368193481292
1378,seattle,1.4038477,0.16518670728988374
1379,seattle,2.7060144,1.7735952278217049
138,seattle,0.24919315,-0.49847062987501
1380,seattle,2.2821138,1.702422257024461
1381,seattle,2.1794324,1.5763131489866793
1382,seattle,2.9078338,1.8034109186559713
1384,seattle,2.9785185,1.8897249894628985
1385,seattle,2.2877655,1.7090011291957812
1386,seattle,2.5039594,1.5382786059094324
1387,seattle,2.7768593,1.6423226402031053
1389,seattle,2.15958,1.1077199871547672
139,seattle,-0.45404854,-1.4477716101893767
1390,seattle,2.3602462,1.3532854872862288
1391,seattle,3.520148,2.7811494973705195
1392,seattle,3.3237739,2.5381226456765194
1393,seattle,3.6249857,2.9102728993794793
1394,seattle,2.3048418,1.2856368066040225
1395,seattle,2.5210068,1.5440712224418685
1396,seattle,3.6809123,3.5181509084076477
1397,seattle,3.8607426,3.200669192937657
1398,seattle,3.837546,3.712041324038672
1399,seattle,2.9899778,2.663370400860091
14,seattle,1.2080958,0.7675217130391033
140,seattle,-0.70406497,-1.75219484969192
1400,seattle,2.0709927,1.4404505476941694
1401,seattle,1.5119371,0.7460789558953741
1402,seattle,1.3282887,0.6169120710736125
1403,seattle,2.4651275,1.4696255864517467
1404,seattle,1.3565817,0.651891241488697
1405,seattle,0.39969194,0.42896501031062645
1406,seattle,2.4364007,1.445426500716431
1407,seattle,2.492351,1.5086436011240265
1408,seattle,3.6830175,2.985933149969149
1409,seattle,1.6604495,0.9355554481367232
141,seattle,-0.81933606,-0.1555695422240782
1410,seattle,1.1184523,0.24916255034091483
1411,seattle,0.72291404,0.6756591393348443
1412,seattle,0.40396705,0.0847698132127504
1413,seattle,1.7362278,0.8071473965644895
1414,seattle,1.5568532,0.8053535929534594
1415,seattle,2.6022174,0.6121925510633441
1416,seattle,1.2113248,0.5777340861859397
1417,seattle,1.2947484,0.4672008707329117
1418,seattle,0.65551734,0.4452267764977944
1419,seattle,-0.9414741,-0.417784987736149
142,seattle,-0.597957,0.09583624874317291
1420,seattle,-0.31481636,-0.646171718300524
1421,seattle,1.1702149,-1.1348830348967867
1422,seattle,-0.35595268,-0.4661259497059075
1423,seattle,0.20320301,0.20894059437160428
1424,seattle,0.27994788,0.1812862753131179
1425,seattle,-0.97232467,-1.240734804665163
1426,seattle,-2.3189337,-1.912926984883014
1427,seattle,-0.008643292,-0.03639654011632464
1428,seattle,-0.17748903,-0.2454881055492193
1429,seattle,2.6165726,0.6337762548481829
143,seattle,0.024508243,0.2969399455967952
1430,seattle,0.6268192,0.7183197068741665
1431,seattle,1.0690918,0.41384816625220133
1432,seattle,2.6010723,0.6270442045961357
1433,seattle,0.055308744,-0.08246893353435143
1434,seattle,-0.22200282,-0.33229618425985985
1435,seattle,-0.2447651,-0.43823044774970554
1436,seattle,0.5571946,0.5444491647178744
1437,seattle,-0.3515335,-0.7130286396393014
1438,seattle,-0.5088824,-0.6788525371374008
1439,seattle,0.1158154,0.5181669519268467
144,seattle,0.0705413,0.8925351827323423
1440,seattle,-0.88996476,-1.1626087656637822
1441,seattle,0.12341795,0.008439119501486809
1442,seattle,0.16642578,-0.17623091690655046
1443,seattle,-0.5782812,-0.8171249631302316
1444,seattle,-0.9980834,-0.9213236138030478
1445,seattle,-1.3315905,-1.7291754012619804
1446,seattle,-1.1691543,-1.532480758260717
1447,seattle,-0.97247684,-0.264751263934969
1448,seattle,-0.8931115,-0.1772497164502488
1449,seattle,-1.4084703,-0.5724065672817474
145,seattle,1.3713912,1.964273143996093
1450,seattle,-0.3227799,-0.6713445476376554
1451,seattle,-1.4326162,-0.6051379672326347
1452,seattle,0.10325478,-0.14142726567665756
1453,seattle,-0.13034132,-0.43793484769261437
1454,seattle,-0.39898995,-0.5487159431980086
1455,seattle,-3.2299054,-2.7155684344916886
1456,seattle,-3.4359453,-2.9996282695863816
1457,seattle,-3.2326279,-2.8809167505588107
1458,seattle,-3.0168657,-2.4680453635221062
1459,seattle,-0.8029932,-0.03648014155982707
146,seattle,0.39904267,1.1032777796059248
1460,seattle,-1.5600194,-0.5385786399770478
1461,seattle,-0.8262896,-0.08033838823762751
1462,seattle,-0.81095874,-0.05978972048166477
1463,seattle,-0.96944916,-0.2488387549893212
1464,seattle,-1.1503732,-0.2718269237150784
1465,seattle,-2.9691,-2.4014452323426876
1466,seattle,-2.1119606,-2.453465537062557
1467,seattle,-2.1065667,-1.1930274698592396
1468,seattle,-1.38185,-0.5437872801141426
1469,seattle,-1.6602103,-0.7036823714900621
147,seattle,0.4564457,1.3931646963716975
1470,seattle,-1.9189439,-1.216993336197003
1471,seattle,-1.9131402,-1.209818121752883
1472,seattle,-1.7429265,-1.2416581358486651
1473,seattle,-1.8904482,-1.4216866916080872
1474,seattle,-1.9044232,-0.9873803974580444
1475,seattle,-2.0977788,-1.4592485518849734
1476,seattle,-1.7505302,-0.8153466462766787
1477,seattle,-0.73601574,0.021265154206768746
1478,seattle,-1.237837,-0.4314377058656565
1479,seattle,-0.77047515,-0.02133768155519331
148,seattle,1.224981,1.7938129781608347
1480,seattle,-1.2703112,-0.4670805576946418
1481,seattle,-2.8251371,-2.3823537954262424
1482,seattle,-2.926339,-2.507471597295584
1483,seattle,-2.28599,-1.457782076085446
1484,seattle,-0.9803448,-0.06322564260536225
1485,seattle,-2.7054281,-2.2324536493607563
1486,seattle,-2.5761423,-2.070554757431716
1487,seattle,-2.3588061,-1.7996099935381578
1488,seattle,-1.7089815,-0.9905038957045236
1489,seattle,-1.75466,-1.0457713722984392
149,seattle,0.35529196,0.7296505734684192
1490,seattle,-2.697681,-2.2197167612230086
1491,seattle,-1.1925046,-1.44413593041749
1492,seattle,-2.0685985,-1.437857617778885
1493,seattle,-1.4979619,-0.703165080840309
1494,seattle,-0.82810146,-0.7537405349957585
1495,seattle,-0.7351849,-0.6214508215844412
1496,seattle,-1.1384954,-0.25875023620763055
1497,seattle,-1.6023151,-0.8134414294116582
1498,seattle,-0.8767074,-0.813832955965263
1499,seattle,-1.713636,-0.949518629661919
15,seattle,1.1382637,0.66999015895613
150,seattle,0.11085916,0.42852852024065125
1500,seattle,-1.7550561,-0.9811639299149763
1501,seattle,-0.5225236,-0.3672729936132721
1502,seattle,-1.4660273,-0.6569017612674952
1503,seattle,-1.3741666,-0.5193507354774985
1504,seattle,-0.3707998,-0.20233776533986036
1505,seattle,-0.35368374,-0.5499285378248493
1506,seattle,-1.249257,-0.3767739581247355
1507,seattle,-0.35740304,-0.5526001819332015
1508,seattle,-0.39233202,-0.5951064031562245
1509,seattle,-1.4866728,-2.089111149254752
151,seattle,0.10688524,0.4250279995778763
1510,seattle,-2.5628006,-3.4222827594824294
1511,seattle,-1.6884582,-2.3329269481621377
1512,seattle,-1.4873639,-2.0905210889764296
1513,seattle,-1.6576345,-2.2968513035032183
1514,seattle,-0.96107644,-0.46526833391148514
1515,seattle,0.80558354,0.8661652282488476
1516,seattle,-1.7192724,-2.371719285898508
1517,seattle,-2.195206,-2.360957955244985
1518,seattle,-2.2258866,-2.4097191309519537
1519,seattle,-2.1783614,-2.353245712326166
152,seattle,1.0411451,1.5421015042413933
1520,seattle,-2.144219,-2.3102969989782083
1521,seattle,-1.0426058,-0.04566696071900696
1522,seattle,-0.8838611,-0.06864053007640117
1523,seattle,-4.338034,-4.239746152004775
1524,seattle,-1.0360098,-0.04696767377966907
1525,seattle,-1.0179905,-0.23127390499120534
1526,seattle,-0.40816826,-0.3537948353363326
1527,seattle,-0.4110701,-0.3573824425583926
1528,seattle,-0.6178197,-0.3912546309579053
1529,seattle,-1.4324653,-0.7588567764393793
153,seattle,1.0617727,1.6112019656635233
1530,seattle,-1.5583835,-0.9264639512718166
1531,seattle,-1.1783748,-0.2330647481888398
1532,seattle,-3.3714333,-3.0055662442147097
1533,seattle,-1.0249932,-0.8393361152290473
1534,seattle,-1.1811119,-1.0119028431873556
1535,seattle,-1.3342048,-1.2157783347885174
1536,seattle,-1.3637415,-1.255388148063507
1537,seattle,-1.4972339,-1.4181444306428213
1538,seattle,-1.4087201,-1.3109960600054364
1539,seattle,-1.5381694,-1.4702987038011095
154,seattle,0.8185247,1.3111614385035464
1540,seattle,-1.4664105,-1.3837321928114357
1541,seattle,-1.9264224,-1.994906581714939
1542,seattle,-2.210439,-2.388105890094438
1543,seattle,-2.2070603,-2.3830301131314564
1544,seattle,-2.3191366,-2.51969009392801
1545,seattle,-2.2153006,-2.397416144095946
1546,seattle,-1.9526057,-2.0264929573895185
1547,seattle,-2.082445,-2.2315693838465545
1548,seattle,-2.2739668,-2.4683514605025128
1549,seattle,-2.448068,-2.6241952210524424
155,seattle,0.76959646,1.2360348019821834
1550,seattle,-3.098194,-3.464714662488322
1551,seattle,0.54147464,0.7262814472960019
1552,seattle,0.4852513,0.6567715573685899
1553,seattle,0.5496027,0.7354780541779551
1554,seattle,-0.14007924,0.3678395828023029
1555,seattle,-0.76701117,-0.41208034706111096
1556,seattle,0.32784012,0.6796582114820451
1557,seattle,-0.62308854,-0.623864938675789
1558,seattle,-1.0546404,-0.7830088224242719
1559,seattle,-0.8413032,-0.5029201307028682
156,seattle,1.3333465,1.95469587839209
1560,seattle,-0.740665,-0.5281806941032706
1561,seattle,-0.67328155,-0.6989035939557516
1562,seattle,-0.78442895,-0.589820317228122
1563,seattle,-0.61510843,-0.613999018815124
1564,seattle,0.14868306,0.9787278663633487
1565,seattle,0.6302503,0.9578309367942833
1566,seattle,0.7027507,1.0467267888570302
1567,seattle,0.7177374,1.0656212663671547
1568,seattle,0.68171394,0.8983942364729598
1569,seattle,0.71070683,0.9330329715400304
157,seattle,1.1046873,1.665841765437405
1570,seattle,0.21621254,1.0781364542406957
1571,seattle,0.90390414,1.3181750981518603
1572,seattle,-1.3901572,-1.3381361984163287
1573,seattle,0.40919763,1.3202921316048384
1574,seattle,-0.93872863,-0.8718683381358744
1575,seattle,-0.20312698,0.07897101773948356
1576,seattle,-1.461556,-1.4647952816684555
1577,seattle,-1.1315577,-0.9696306349370085
1578,seattle,-1.0320195,-1.0189602342403332
1579,seattle,-0.31124154,0.28443300160009327
158,seattle,0.6827277,1.4615414266551914
1580,seattle,-0.53713787,0.15147776578869132
1581,seattle,-1.677047,-1.6319757401980792
1582,seattle,-1.0253313,-0.4281360448987659
1583,seattle,-1.1622967,-0.9387714739414931
1584,seattle,-0.3921809,-0.03167315537453636
1585,seattle,-0.986181,-0.7255420646205395
1586,seattle,-0.87336105,-0.2586637413631183
1587,seattle,-0.62302786,0.030118223194258553
1588,seattle,-0.8260774,-0.20374246026682113
1589,seattle,-0.9489826,-0.6803632621527056
159,seattle,1.2297778,1.8217991233809012
1590,seattle,-0.6651877,-0.005641899958680922
1591,seattle,-0.85750425,-0.2661529502716853
1592,seattle,-0.43427488,0.0644822922058385
1593,seattle,-0.17882243,0.5819450123769686
1594,seattle,-0.16717586,0.6046518905301349
1595,seattle,-0.14483657,0.5246761697082124
1596,seattle,0.21407379,1.0843059198784337
1597,seattle,-0.13830742,0.5327482859578473
1598,seattle,0.3193252,1.0768731158318277
1599,seattle,-0.12653323,0.4416559869546861
16,seattle,0.8536801,0.3208776760591006
160,seattle,0.4640772,0.8809531309477753
1600,seattle,-0.0947218,0.456053043870452
1601,seattle,-0.15512115,0.40732101706037344
1602,seattle,-0.61916757,0.031731763944751516
1603,seattle,1.0012139,0.4620114102003329
1604,seattle,-0.76843566,-0.24612508454473517
1605,seattle,-0.5664996,-0.2149973670637549
1606,seattle,-1.1214088,-0.9320001331494566
1607,seattle,-0.12386644,0.650094363083167
1608,seattle,0.048346244,-0.483442128369608
1609,seattle,-1.2239286,-1.0580881329980405
161,seattle,1.4332699,2.0733800798278565
1610,seattle,0.5469935,0.8406214097416977
1611,seattle,1.7114785,1.5977393194398823
1612,seattle,1.404358,1.2212546707846925
1613,seattle,1.727022,1.6252747936153158
1614,seattle,1.5868864,1.4368424027535054
1615,seattle,0.033328295,0.7046274959317659
1616,seattle,-0.05383553,0.7355763386828957
1617,seattle,0.71874034,0.8324417336785148
1618,seattle,1.3681707,1.177567299632785
1619,seattle,1.7195628,1.6065570812605647
162,seattle,-4.4123073,-3.8961255455361337
1620,seattle,0.30545175,1.0553702670892793
1621,seattle,0.03763824,0.7317600244719932
1622,seattle,0.23018998,0.9636133492229825
1623,seattle,0.21887515,0.9486919653362421
1624,seattle,1.2674503,0.8066060809044237
1625,seattle,0.78833675,0.4300426604379203
1626,seattle,1.186289,0.7075773490004655
1627,seattle,-0.9701017,-1.760832462866787
1628,seattle,0.498532,-0.1616362930024761
1629,seattle,0.32571897,1.0732573680039603
163,seattle,-2.0957081,-1.0581819605275886
1630,seattle,0.24333218,0.974413285711728
1631,seattle,0.31373796,1.0580431899695746
1632,seattle,-1.9109244,-1.9199729479673142
1633,seattle,1.2859299,1.2327210057000455
1634,seattle,1.129367,1.0321210574895205
1635,seattle,-1.7398173,-1.9515368294790947
1636,seattle,-1.824278,-1.8387875635613375
1637,seattle,-1.7398173,-1.9515368294790947
1638,seattle,1.4198289,1.3899986437733634
1639,seattle,-0.1575544,-0.7112266033829051
164,seattle,-2.1661353,-1.1495439434004797
1640,seattle,-0.17451568,-0.7223354951805065
1641,seattle,-0.19047585,-0.7420673349018364
1642,seattle,0.81536347,0.6417952701965992
1643,seattle,0.6197318,0.397267463615278
1644,seattle,0.42410156,0.15948577400747027
1645,seattle,0.58270943,0.35259452016648146
1646,seattle,-0.04166696,-0.4072649316752611
1647,seattle,0.57520175,0.34566801287145354
1648,seattle,0.49334323,0.2520860565641391
1649,seattle,0.4096967,-0.054138410746871875
165,seattle,-3.1309233,-2.341987484171353
1650,seattle,-0.025792705,-0.6563007581937895
1651,seattle,1.1056674,0.7431886498188726
1652,seattle,1.1548978,0.8127923736386155
1653,seattle,0.4512121,0.16862496513291977
1654,seattle,1.1623266,0.8115613890888072
1655,seattle,0.9105292,0.7214762446416672
1656,seattle,-0.7303624,-1.2869486583744214
1657,seattle,-1.1772884,-1.8378674913794242
1658,seattle,-0.14693262,-0.5569677254796928
1659,seattle,-0.6612618,-0.41525822146638847
166,seattle,-0.7791271,-0.6517389844379703
1660,seattle,-1.5860512,-1.5394023338113716
1661,seattle,-1.8418173,-2.755806189653975
1662,seattle,-1.5321538,-2.3486201591561278
1663,seattle,-1.4959401,-2.3053466291918627
1664,seattle,0.06931988,-0.472644608679627
1665,seattle,-0.1900598,-0.22842674081161185
1666,seattle,0.45291662,-0.004696023728874772
1667,seattle,0.4805354,0.02883936016396242
1668,seattle,-0.039684694,0.1703456664038127
1669,seattle,-1.8147279,-2.5522497794721155
167,seattle,-0.98987734,-0.9009675030887642
1670,seattle,0.65355587,0.2438419329738253
1671,seattle,0.69744635,0.29810449220748236
1672,seattle,1.1064285,0.8193604236212673
1673,seattle,0.96581227,0.646760313066748
1674,seattle,-0.09759284,-0.452025363511775
1675,seattle,-0.31933478,-0.6950035169697166
1676,seattle,-0.4270659,-0.828193435088693
1677,seattle,0.54007435,0.8663389918660349
1678,seattle,-0.45573777,-0.8650534956740926
1679,seattle,0.4407046,0.5172729087119672
168,seattle,0.37695324,0.7701290725847244
1680,seattle,1.1716741,0.8945915278977423
1681,seattle,-0.43063053,0.29519582326627325
1682,seattle,-0.2317025,0.32044754736063424
1683,seattle,-1.4429277,-2.0796005324484326
1684,seattle,0.51624036,0.3283202203299345
1685,seattle,0.75350463,0.6201858432070987
1686,seattle,-1.175759,-1.7647543361571292
1687,seattle,1.0205625,0.9419714645191156
1688,seattle,1.3813517,1.3806540895588275
1689,seattle,1.1043082,1.0469005196160723
169,seattle,0.31728452,0.6968214973346488
1690,seattle,1.0089321,0.462814478113517
1691,seattle,0.8187694,0.6942443792896381
1692,seattle,0.70536447,0.555927199724645
1693,seattle,1.097497,1.039955369081243
1694,seattle,0.17672086,0.20563846675825181
1695,seattle,0.14264001,0.16449231605898634
1696,seattle,-0.3003066,0.44054931810608927
1697,seattle,-0.48668784,0.20915361183448167
1698,seattle,-0.66773665,-1.1297552041481473
1699,seattle,0.4068785,-0.035136261461942625
17,seattle,1.1934994,1.0848605214493279
170,seattle,-0.24161553,-0.037581686975350394
1700,seattle,-0.37960517,0.3319477793309858
1701,seattle,-1.1137294,-1.9847020393940424
1702,seattle,-0.40292498,-1.1132430905289141
1703,seattle,1.4586084,0.13253938317285727
1704,seattle,1.0238333,0.15358611761726146
1705,seattle,1.2790025,0.2476737206370512
1706,seattle,1.6875129,0.972239216888556
1707,seattle,1.2319227,0.4089848830251408
1708,seattle,0.5523622,-0.42457276455941917
1709,seattle,0.6879451,-0.2578162919110383
171,seattle,-0.3821262,0.10821794219841381
1710,seattle,0.73372924,0.6262838271088604
1711,seattle,1.6142412,0.8816521345315417
1712,seattle,0.286883,-0.7589205077347243
1713,seattle,1.5131881,1.2931358691791475
1714,seattle,0.83338,-0.09909768585709684
1715,seattle,1.3137419,0.5063942894518763
1716,seattle,0.27169666,-1.4116066558313798
1717,seattle,1.503412,1.2954940660651229
1718,seattle,2.046715,1.4264648608748538
1719,seattle,1.9096462,1.2529490182222696
172,seattle,0.26486653,0.42167267090695976
1720,seattle,1.6321568,0.909884077612785
1721,seattle,0.9176336,0.040916882560060416
1722,seattle,1.4523871,0.4742811936389192
1723,seattle,2.3438852,1.7960435911303814
1724,seattle,0.98974156,0.12715461262976022
1725,seattle,1.4766667,1.254958319337244
1726,seattle,1.376291,-0.034160117583265544
1727,seattle,2.1431108,1.5459911171660647
1728,seattle,0.9111629,0.02222004150957754
1729,seattle,1.6732655,0.9633640327257369
173,seattle,-0.42966595,-0.5683927375471163
1730,seattle,1.6203067,0.8978902009231424
1731,seattle,1.6166884,0.2670356922138492
1732,seattle,1.6462443,0.292727113889
1733,seattle,2.255867,1.0425670910160343
1734,seattle,1.8057014,1.1162074434311888
1735,seattle,1.6714623,0.9510831068535052
1736,seattle,2.6582465,1.549162374222144
1737,seattle,2.0569975,0.8164798108899937
1738,seattle,2.168769,1.526105032897923
1739,seattle,1.6789733,1.2120430249242384
174,seattle,-2.009997,-2.536990774119353
1740,seattle,2.308136,1.3194569136178256
1741,seattle,2.3193808,1.333358891603308
1742,seattle,1.1504315,0.2629198263724597
1743,seattle,1.4283506,1.451982560402076
1744,seattle,1.4364562,0.2314133879306467
1745,seattle,1.5974965,1.6618690660052777
1746,seattle,1.2670709,1.24777126683233
1747,seattle,2.0421128,1.2116104422934244
1748,seattle,1.1578882,0.11169088560078032
1749,seattle,2.089555,1.2673535109756144
175,seattle,-0.77595997,-1.0510424571907822
1750,seattle,0.9519925,1.2231528932444002
1751,seattle,0.6606552,-0.0241688251632204
1752,seattle,0.69000214,0.012668735876299396
1753,seattle,0.36252373,0.160333321044975
1754,seattle,1.3624344,0.3777440448642891
1755,seattle,1.8678811,1.1550467781291116
1756,seattle,1.7654067,1.026524498812076
1757,seattle,1.7904351,1.057467611102343
1758,seattle,1.2976383,0.6768693326220587
1759,seattle,1.3195075,0.32604591478258477
176,seattle,-1.4856478,-1.840562396033831
1760,seattle,2.0324728,1.1027783577869161
1761,seattle,1.0483748,0.6363827206331967
1762,seattle,1.1850692,0.7942685771341479
1763,seattle,0.54102015,-0.7449209695248856
1764,seattle,1.7480661,0.7499555128715105
1766,seattle,1.2212013,0.8114703392955547
1767,seattle,1.6506617,1.332782088277543
1769,seattle,1.0335791,0.5752761000416379
177,seattle,-0.0464533,-0.06194819133831168
1770,seattle,1.0961801,0.44374022887178705
1771,seattle,1.4376603,0.2536042725819248
1772,seattle,1.2822815,0.6884247526238814
1773,seattle,1.1384033,0.7311260221998183
1774,seattle,1.1686447,0.01791090166758542
1775,seattle,1.185581,0.03754856586110013
1776,seattle,1.4169903,0.26703506113203573
1777,seattle,1.4462126,0.45595325813384396
1779,seattle,1.3718528,0.36402082306855726
178,seattle,-0.15307279,-0.1959220523807376
1781,seattle,0.86003286,0.3976171758271053
1782,seattle,0.8865583,-0.3762480040536182
1783,seattle,0.95400196,-0.2933654614127077
1784,seattle,0.82679945,-0.4395994174979084
1785,seattle,1.6524334,0.5686780019448713
1786,seattle,0.3931094,-0.21110247455446218
1787,seattle,0.85271734,0.38122710309257185
1788,seattle,1.3373127,0.3030392608823208
1789,seattle,0.0054706214,-1.4583065650531002
179,seattle,-2.6562395,-1.7476908597712164
1790,seattle,1.3055909,0.15157854231925486
1791,seattle,1.7537665,0.5270096499146534
1792,seattle,1.0441302,0.9708140347834642
1793,seattle,1.9049708,0.798543065375184
1794,seattle,1.2223617,-0.17052887584341075
1795,seattle,1.4435847,0.11269089783718982
1796,seattle,1.8950531,0.703516175826741
1797,seattle,1.6049801,0.3444228714243977
1798,seattle,1.4591242,0.16293944944761615
1799,seattle,1.8986778,0.7157058854944452
18,seattle,0.9670395,0.8051374674789954
180,seattle,0.07114632,-0.530162882814992
1800,seattle,2.0328274,0.8834215635744886
1801,seattle,2.1079051,0.9743395522897776
1802,seattle,2.229318,1.1239909912061723
1803,seattle,1.9104408,0.9471689309071535
1804,seattle,0.9861878,-0.2234344386625912
1805,seattle,0.77448505,-0.7226520109087704
1806,seattle,0.9954293,-0.21581843360810216
1807,seattle,1.3139194,-0.03822421582374525
1808,seattle,2.0970778,1.090752532570409
1809,seattle,2.1296766,1.00315795461074
181,seattle,-1.144571,-2.207237359250518
1810,seattle,2.198643,1.0958169614040172
1812,seattle,2.1732602,1.188519300247827
1813,seattle,1.7418785,0.6990536995037923
1814,seattle,1.6778675,0.6216817735368029
1815,seattle,1.1446917,1.1210563607508082
1816,seattle,0.6418171,0.492117499046219
1817,seattle,1.0860157,1.050391909411019
1818,seattle,2.2357612,1.2634718981403508
1819,seattle,2.1475215,1.273617124410262
182,seattle,-1.3540921,-2.461211213708998
1820,seattle,2.093524,1.079139431177359
1821,seattle,2.412492,1.3817242499600169
1822,seattle,1.6869034,0.6637977880831043
1823,seattle,2.4233468,1.4968691377847088
1824,seattle,2.1628242,1.0525635227919339
1825,seattle,1.9997479,1.0908699344952584
1826,seattle,1.8050343,0.71865797449455
1827,seattle,1.890828,1.2423357268204176
1828,seattle,1.6218619,1.1246310700054676
1829,seattle,1.4868232,1.2570061020173817
183,seattle,-0.67049164,-1.5441631469147508
1830,seattle,1.7297674,1.0298983665356496
1831,seattle,1.1202688,0.4609363224842059
1832,seattle,1.6215333,1.127462638331707
1833,seattle,1.8038096,1.1328440491647969
1834,seattle,1.1430029,0.44211255389102766
1835,seattle,1.617144,1.114901620251359
1836,seattle,0.67672706,0.07656379440100221
1837,seattle,0.9137574,0.2165930337369875
1838,seattle,0.9347958,0.2426031860969224
1839,seattle,1.0009147,0.24507311607918195
184,seattle,1.5210057,1.6961354255192886
1840,seattle,1.4895295,0.9557688108404028
1841,seattle,0.94523233,-0.42654969794481445
1842,seattle,1.3830785,0.4225174633138339
1843,seattle,1.5151203,0.7578994106376639
1844,seattle,1.3649791,0.5333308747456448
1845,seattle,1.3802949,0.8119671573897659
1846,seattle,1.0342712,0.48953074221221243
1847,seattle,1.4233264,0.6375173222426479
1848,seattle,0.85379004,0.4020351155000538
1849,seattle,1.2319875,0.5151684950254714
185,seattle,1.979759,1.450302797624383
1850,seattle,-0.15310098,-1.4834533279245994
1851,seattle,0.9054785,0.33311776285367545
1852,seattle,0.6508119,0.1384121107088486
1853,seattle,-0.67138344,-2.2270048010480976
1854,seattle,-0.9560926,-2.569736332176312
1855,seattle,-0.62553334,-2.1670195950349926
1856,seattle,-0.10562712,0.05472753852689807
1857,seattle,-0.07569772,-0.12824042979816022
1858,seattle,1.9066848,1.429474290172311
1859,seattle,1.439355,1.0982291264103934
186,seattle,-0.23546341,0.05045338707510698
1860,seattle,-0.30164522,-0.6985504008705389
1861,seattle,0.85429054,-0.30841123076297244
1862,seattle,1.0210917,-0.07982775765939129
1863,seattle,0.48700407,-0.787906960647073
1864,seattle,0.53774667,-0.7308020695997831
1865,seattle,1.0149055,0.5421007834727734
1866,seattle,1.3352269,0.7150566981048366
1867,seattle,1.0196209,0.5479306452086209
1868,seattle,0.38445577,-0.33597796203686364
1869,seattle,1.3179119,0.15243920024487098
187,seattle,-1.422679,-1.411568683669692
1870,seattle,1.2648374,0.8470525497584102
1871,seattle,1.1420125,0.47983069500288644
1872,seattle,0.9659025,0.4820729495166739
1873,seattle,0.26529828,-0.9835641553588338
1874,seattle,0.27607477,0.2602017137160871
1875,seattle,1.0655136,-0.002982716345914251
1876,seattle,1.0053003,-0.0774255662036586
1877,seattle,1.4498793,0.13950880413401187
1878,seattle,0.13454409,0.08823350223158187
1879,seattle,0.2251737,0.7408017447109472
188,seattle,-2.3144045,-2.4995516262781794
1880,seattle,0.14780004,0.8839413663477292
1881,seattle,0.98378414,0.2793870496051413
1882,seattle,1.7369424,1.0582547990819764
1883,seattle,2.1418712,0.8054873014486877
1884,seattle,1.2334945,-0.12165140432141686
1885,seattle,2.0714834,0.719161837315717
1886,seattle,2.2005372,1.0930283980227762
1887,seattle,2.2512753,1.158524172972101
1888,seattle,2.1515603,1.1567335258433946
1889,seattle,0.2503449,-0.9951904021925797
189,seattle,-1.580292,-1.5559619395435964
1890,seattle,0.42662197,0.23682433390432403
1891,seattle,0.6877576,0.5491106789665009
1892,seattle,0.74678665,0.4246117993608488
1893,seattle,2.1346414,0.8603955580411091
1894,seattle,2.646526,1.7796887123862666
1895,seattle,0.50922614,0.11806376016958224
1896,seattle,2.8273094,1.9059532025899821
1897,seattle,1.822349,0.4348134579001839
1898,seattle,-0.43750602,-0.801011161298584
1899,seattle,2.1776025,1.110655792974006
19,seattle,0.7709156,0.5677384303417014
190,seattle,-1.4393646,-1.4321974251965366
1900,seattle,2.1100647,1.0347078241537617
1901,seattle,2.568716,1.6734097539198334
1902,seattle,2.569364,1.4630961409228354
1903,seattle,2.235247,1.194726191999715
1904,seattle,2.2695255,1.2375674005638313
1905,seattle,2.0337908,0.9346246684003674
1906,seattle,2.20705,1.2291078466369256
1907,seattle,1.4692483,-0.007606041402179312
1908,seattle,1.3756777,0.13035200076514367
1909,seattle,1.4408854,0.00030270048783967137
191,seattle,-1.38659,-1.3687827181333643
1910,seattle,1.4539437,0.0164469329871095
1911,seattle,1.4862268,0.056359063332526604
1912,seattle,1.2475283,-0.016174307067055808
1913,seattle,1.6791897,0.4798550419477076
1914,seattle,1.6663706,0.46276042063580586
1915,seattle,1.8053389,0.6326224970018469
1916,seattle,1.5364286,0.2828809776322785
1917,seattle,1.7923393,0.3792979217251402
1918,seattle,1.5465063,0.2887238103665222
1919,seattle,1.6618419,0.2191871835573533
192,seattle,-0.2518119,0.029035759297490634
1920,seattle,1.6262643,0.4032505818176521
1921,seattle,0.95204943,-0.4036246150118197
1922,seattle,-0.7402246,-1.2403861400673066
1923,seattle,0.98102546,-0.3705496531322616
1924,seattle,-0.6814297,-1.2243486562532186
1925,seattle,1.1460944,-0.16513582130411675
1926,seattle,-0.6252349,-1.1540362688832169
1928,seattle,1.7683598,0.5850263440551708
1929,seattle,-1.5121596,-1.7855030895251975
193,seattle,-0.4552964,0.1443147824916841
1930,seattle,-1.3590336,-1.6019637972681589
1931,seattle,-1.3593963,-1.6024122481709162
1932,seattle,-1.0020114,-1.1652475414521541
1933,seattle,-2.138336,-2.7682704105059304
1934,seattle,1.2721286,0.3358920295252857
1935,seattle,0.32372636,0.32815490137954206
1936,seattle,-0.286473,-1.6963675469304969
1937,seattle,-0.32709888,-1.7465940480393363
1938,seattle,-0.3766431,-1.809785671439698
1939,seattle,2.621684,1.231300990188307
194,seattle,-1.3486189,-1.325962583639888
1940,seattle,1.8719461,0.3025115952550761
1941,seattle,1.7706485,0.2971090873674933
1942,seattle,1.6846812,0.1908262234139668
1943,seattle,2.8147488,1.4467706013792507
1944,seattle,2.5112545,1.2358727585094829
1945,seattle,2.415653,0.9841650171611042
1946,seattle,2.7686336,1.379737677369898
1947,seattle,2.9456913,1.6183029369311008
1948,seattle,2.5717182,1.1672581372418034
1949,seattle,3.023819,1.7249798026024317
195,seattle,-1.2155721,-1.1643851019069291
1950,seattle,2.8123212,1.4587188557252384
1951,seattle,0.0667419,-0.3058079018554421
1952,seattle,1.9555695,0.5413887110010666
1953,seattle,3.091,1.8092705252228716
1954,seattle,2.7117012,1.3329796452040559
1955,seattle,2.8873205,1.3264907181998906
1956,seattle,2.7685122,1.3993808615291214
1957,seattle,2.802639,1.440995343684312
1958,seattle,1.7371638,0.7726260108820729
1959,seattle,2.390827,0.8995353380885602
196,seattle,-0.60413367,-0.43611371139928584
1960,seattle,2.2223227,0.6902600527436791
1961,seattle,3.3008466,2.0476907375435816
1962,seattle,1.9413482,0.3182889815188771
1963,seattle,1.8068162,0.14106218578116844
1964,seattle,1.885957,0.43643340694230165
1965,seattle,2.528966,1.104796252096433
1966,seattle,1.743996,0.2602654983323333
1967,seattle,2.8421154,1.4854372367546698
1968,seattle,2.7145128,1.326764532674511
1969,seattle,3.6508982,2.481878297972122
197,seattle,-0.15681319,0.11524065014047184
1970,seattle,3.2282732,2.5040524124154917
1971,seattle,3.1792278,1.9060161562954847
1972,seattle,2.121738,0.5842710505478969
1973,seattle,4.252031,3.006007087366495
1974,seattle,1.9230449,0.51154348395631
1975,seattle,3.4831872,2.277795297571861
1976,seattle,2.562171,1.135266676429771
1977,seattle,2.9844332,1.8410391549192524
1978,seattle,3.7856953,2.6600485462604233
1979,seattle,2.2935908,0.9807005563872934
198,seattle,-2.268462,-2.475359475808031
1980,seattle,1.2351631,-0.03539873222979425
1981,seattle,1.2910237,-0.50531348884844
1982,seattle,3.4211721,2.2013636009268422
1983,seattle,2.3732114,1.0642333063230203
1984,seattle,3.370912,2.099585928929867
1985,seattle,2.468247,1.1817274428454843
1986,seattle,3.296877,2.0069367084701977
1987,seattle,2.5180488,1.2312222675761673
1988,seattle,2.1017828,0.49171746958646445
1989,seattle,3.6549144,2.502305258353956
199,seattle,-2.422092,-2.5965213750421983
1990,seattle,2.5131042,1.2245943302724565
1991,seattle,3.1606925,1.8448072487150655
1992,seattle,2.3583407,0.8148652169301512
1993,seattle,1.4821026,0.3562284540747463
1994,seattle,2.4421737,1.1434481953037798
1995,seattle,3.4476564,2.226063758960136
1996,seattle,3.321927,2.038797120901408
1997,seattle,3.4297447,2.2259402459260795
1998,seattle,2.72339,1.4968158106389804
1999,seattle,2.780006,1.3806192639786143
2,seattle,1.6963995,1.7728556419529264
20,seattle,0.15882479,-0.0938170965575789
200,seattle,-3.005452,-4.006015415886087
2000,seattle,3.1167085,1.8505369040694857
2001,seattle,3.165553,2.640433890249779
2002,seattle,3.262246,2.00905864236966
2003,seattle,3.1696475,1.890100227732367
2004,seattle,2.4289134,1.698514766042138
2005,seattle,3.2179787,1.971456514448628
2006,seattle,3.0210512,1.732629573863365
2007,seattle,4.293717,1.9988340237529525
2008,seattle,4.4061184,2.3507325174976046
2009,seattle,4.423634,2.6960046056150535
201,seattle,-3.9808993,-4.512290116046858
2010,seattle,1.6884295,0.6208121898113405
2011,seattle,1.0844687,-0.7567561068708953
2012,seattle,0.61338514,-1.366755361270663
2013,seattle,3.8194783,1.6290800653229707
2014,seattle,1.0463063,-0.8030543940943147
2015,seattle,4.155866,2.0444370216218735
2016,seattle,3.2385802,1.9897067019076762
2017,seattle,1.169288,-0.013792459669161553
2018,seattle,2.2572885,1.1526558750470437
2019,seattle,1.6412799,0.5884608046564981
202,seattle,-2.4162023,-2.49132885580897
2020,seattle,3.7422366,1.5321617266017409
2021,seattle,1.5557956,0.3602085418716095
2022,seattle,1.8441374,0.8388739954603021
2023,seattle,2.1711898,0.5696474786513027
2024,seattle,2.3966696,1.5358996372061733
2025,seattle,3.478801,2.271931478061673
2026,seattle,3.2070892,1.9297109021875334
2027,seattle,2.575921,1.1823816141453176
2028,seattle,3.1302989,1.7654313249012732
2029,seattle,2.2800999,1.256039714822044
203,seattle,-0.5537075,-0.9293709885790552
2030,seattle,2.9210114,1.5087178360856663
2031,seattle,2.0102644,0.9067662881096782
2032,seattle,2.523464,1.003092405425208
2033,seattle,1.5610708,0.5072105636103118
2034,seattle,2.1547668,1.2588776205257688
2035,seattle,1.5469774,0.4882416572560781
2036,seattle,-1.6913875,-0.5672953643731367
2037,seattle,-1.5372268,-0.37670373070120095
2038,seattle,0.71660805,-1.2422321441364093
2039,seattle,0.93403715,-0.9384905608627299
204,seattle,-1.29266,-0.8691675824841393
2040,seattle,2.680964,1.2223489813647224
2041,seattle,1.5487995,0.3199863229639622
2042,seattle,2.8126776,1.3718003971745583
2043,seattle,2.3862894,0.8355788639864979
2044,seattle,0.19189914,1.5098838097793519
2045,seattle,2.851083,2.3930604691322053
2046,seattle,2.4168491,1.8492798371830896
2047,seattle,3.023801,2.5795470569189214
2048,seattle,3.648182,3.1456996664176358
2049,seattle,3.3008878,2.7079175801186417
205,seattle,0.28265044,0.5513840302282915
2050,seattle,3.038967,2.3782088805590145
2051,seattle,-0.42298672,1.0203369314730428
2052,seattle,2.825817,3.241613528319427
2053,seattle,3.1033595,2.6938710275311224
2054,seattle,2.8343914,2.365335467529818
2055,seattle,1.0794834,-0.7482385975928729
2056,seattle,2.9918392,2.5524858203574494
2057,seattle,2.4195929,0.9281386285388065
2058,seattle,1.3728175,-0.38186727892794015
2059,seattle,1.4330418,-0.3092155019822388
206,seattle,-1.4633367,-0.8099753333641491
2060,seattle,2.8562915,2.741146578367229
2061,seattle,-1.5780374,-0.18116160877894946
2062,seattle,0.49091387,-1.4803878997188147
2063,seattle,0.6301786,-1.3085486410654994
2064,seattle,1.448991,-0.28769258934886605
2065,seattle,1.3934231,-0.36610353001389995
2066,seattle,2.7923775,2.5228286438120766
2067,seattle,2.7426112,2.6002908398672533
2068,seattle,2.5711708,2.235594373138096
2069,seattle,2.415979,2.0443456110101312
207,seattle,-1.5737356,-0.9429270715402507
2070,seattle,2.0996091,0.6013935696711047
2071,seattle,2.463324,0.8131463299046119
2072,seattle,2.4167137,0.7559829871538063
2073,seattle,2.646973,0.9601760603998987
2074,seattle,3.178806,3.0066721825973213
2075,seattle,3.2334652,3.058947629339007
2076,seattle,3.091509,2.8857412837035996
2077,seattle,2.9581,2.5087952927232178
2078,seattle,3.2529242,3.085301935430685
2079,seattle,0.6534247,0.6371387816295219
208,seattle,-0.33406374,0.5580167177467962
2080,seattle,-0.35351816,0.3694601463371281
2081,seattle,1.9536643,1.900338653084039
2082,seattle,2.3077655,2.337606463834376
2083,seattle,2.8547044,3.012883897401263
2084,seattle,2.8084683,2.941142617663767
2085,seattle,2.2524927,0.6647681195710228
2086,seattle,2.3285146,2.3435406656515636
2087,seattle,2.2951655,2.5755466160825637
2088,seattle,2.6309376,2.723445168972066
2089,seattle,2.7436643,0.741770420521808
209,seattle,0.5061855,0.8377298785124152
2090,seattle,2.0736964,2.055060686148783
2091,seattle,2.9208772,3.0840489656608407
2092,seattle,3.0586011,3.7999909890090606
2093,seattle,3.0658379,3.2706578224228946
2094,seattle,2.6787531,2.7887225831500677
2095,seattle,2.8050046,2.960350861120438
2096,seattle,0.24571827,-0.5385501298578336
2097,seattle,1.946109,1.67654217171492
2098,seattle,2.3767505,2.4106704461119937
2099,seattle,2.4722545,2.8641728785330236
21,seattle,-0.24793342,0.12271992891908418
210,seattle,-0.21192448,0.7118648274479478
2100,seattle,2.4294004,2.2644859385336655
2101,seattle,1.9060179,1.8449689210849844
2102,seattle,2.4173186,2.2500196409390147
2103,seattle,1.6567436,0.9969590328261376
2104,seattle,1.7824764,1.4680408155759035
2105,seattle,3.3902135,1.537443148161824
2106,seattle,2.3978267,2.4360555880685792
2107,seattle,2.377046,2.2054230439226443
2108,seattle,2.7377694,3.3880815992932027
2109,seattle,1.0616738,0.4759464814387334
211,seattle,0.44396135,0.7558669231669581
2110,seattle,1.0656476,0.4794470021015089
2111,seattle,1.0671306,0.4836814791400351
2112,seattle,4.3230824,2.699539689697865
2113,seattle,0.96718615,-0.11783234707329178
2114,seattle,1.8094941,1.9571267544899158
2115,seattle,2.2327356,2.1995895508632732
2116,seattle,2.1840816,2.149472661662408
2117,seattle,2.3054376,2.2929892266740226
2118,seattle,0.039722186,-1.0543360097958188
2119,seattle,1.5887187,1.3981956557839064
212,seattle,-0.71579593,-1.0273903325295046
2120,seattle,1.6536314,1.0017751079814705
2121,seattle,1.0142194,0.4047713037115074
2122,seattle,0.70328945,-0.3905936655150082
2123,seattle,1.7870044,1.6589209994715945
2124,seattle,1.9635683,1.9591232701355976
2125,seattle,0.5117438,0.3728776961063347
2126,seattle,1.1532108,0.9792211391369904
2127,seattle,0.4356196,0.2716458889447902
2128,seattle,-0.47173104,-1.0874057007527416
2129,seattle,0.7877177,0.7378216721002596
213,seattle,-1.3761472,-1.843875353927918
2130,seattle,1.8610415,1.8222510089823252
2131,seattle,0.551307,0.4229961816604308
2132,seattle,0.9458381,0.9418039645901038
2133,seattle,-2.438966,-1.763270965520597
2134,seattle,-2.455403,-1.7844909749828486
2135,seattle,-2.4205809,-1.741439688318129
2136,seattle,-2.5303743,-1.876280593015486
2137,seattle,-2.2628713,-1.5473277106015408
2138,seattle,-2.2897134,-1.5805130774055955
2139,seattle,-2.565398,-1.915618611880079
214,seattle,-1.3503932,-1.8120353398321358
2140,seattle,-2.668716,-2.0411044460241468
2141,seattle,-2.6331685,-1.9971562575539124
2142,seattle,0.6494462,-1.3424982522660533
2143,seattle,-2.727028,-2.326446716625786
2144,seattle,-2.647461,-2.0181262350271147
2145,seattle,-2.296057,-1.8083261360064036
2146,seattle,-2.6466734,-2.0150025654652897
2147,seattle,-1.3989965,-1.959379166765883
2148,seattle,0.23206636,-1.907786711205607
2149,seattle,-2.6378584,-2.0017487821362305
215,seattle,-0.96884316,-1.348360055812617
2150,seattle,-2.4574578,-1.7842306134057166
2151,seattle,-2.4660954,-1.7939007836483671
2152,seattle,-2.3877454,-1.697035388652748
2153,seattle,-2.3061988,-1.5972265869558409
2154,seattle,-1.6535673,-2.050863150928412
2155,seattle,0.0007481861,-2.1949465452048713
2156,seattle,0.454342,-1.5915145087316784
2157,seattle,0.41924283,-1.6338565271753136
2158,seattle,0.43697914,-1.6124602774546755
2159,seattle,-2.1824703,-2.4731702355983693
216,seattle,-1.4256884,-0.8222937786984841
2160,seattle,-1.3095931,-1.8443425152683497
2161,seattle,-1.312508,-1.309984973365446
2162,seattle,0.25352135,-1.7569221465899079
2163,seattle,1.3739809,-0.41510709866814705
2164,seattle,1.3874019,-0.3985144152661197
2165,seattle,1.4774151,-0.28841597894960913
2166,seattle,-2.181843,-2.352352515217321
2167,seattle,-0.8691868,-0.9571110372444496
2168,seattle,-0.20732401,0.04431806836368695
2169,seattle,-0.30509937,-2.4041579658436043
217,seattle,-0.7793837,-0.04773064380327003
2170,seattle,-0.15474975,0.1423663412472653
2171,seattle,-0.636959,-0.4546268015092595
2172,seattle,-0.7035838,-0.504662884038653
2173,seattle,-0.016718054,-2.106658477285657
2174,seattle,0.0010182541,-2.085262227565019
2175,seattle,0.364704,-1.5940263605815816
2176,seattle,0.2824926,0.6878665119870223
2177,seattle,0.3974359,0.8272243378201071
2178,seattle,-0.74446166,-0.5410204513328454
2179,seattle,1.9884531,0.38244736215700004
218,seattle,-0.04596178,1.080240038470108
2180,seattle,0.8988699,-1.1783915909092528
2181,seattle,0.43726653,0.6785632846714535
2182,seattle,-0.45554158,-0.13870600784571208
2183,seattle,-0.6148935,-0.8856549191208845
2184,seattle,0.91958976,0.19559407369849294
2185,seattle,1.6670402,-0.5637381583284115
2186,seattle,2.1518755,0.026089991534530184
2187,seattle,0.68359125,1.5135799443995177
2188,seattle,-1.590738,-0.534405023028216
2189,seattle,0.5917817,-0.23171173518817845
219,seattle,-0.043044608,1.0789964715250773
2190,seattle,1.0791751,0.38527348498013647
2191,seattle,4.0498886,2.6725920844920465
2192,seattle,0.3489235,-0.5274561106165113
2193,seattle,3.4967499,1.6776126550908241
2194,seattle,3.509351,1.6961727350333509
2195,seattle,0.32173604,-0.5719919884753802
2196,seattle,-0.065635264,0.29090157755027984
2197,seattle,0.5157322,-0.5380386694221537
2198,seattle,-1.2370808,-0.2972605895126449
2199,seattle,1.1636081,0.3031210842791565
22,seattle,0.58991563,0.2030039995468844
220,seattle,-0.6762625,0.28673877449385216
2200,seattle,-0.22670259,0.4628234401236211
2201,seattle,-1.5132368,-0.9304402409174021
2202,seattle,-1.395417,-0.8120204364070401
2203,seattle,1.2114886,0.362316603443146
2204,seattle,-1.4309647,-0.31699242923397464
2205,seattle,1.0716517,0.4094039482326831
2206,seattle,4.0902567,2.410547362833653
2207,seattle,0.025195733,0.7728992114553037
2208,seattle,4.1645613,2.502141718434906
2209,seattle,0.18892297,-0.7304180301779992
221,seattle,-0.34613594,0.6971554569819763
2210,seattle,-0.2216253,1.004122411959829
2211,seattle,0.28595608,1.3145169718007743
2212,seattle,0.63612384,1.5232416396751278
2213,seattle,-0.90717024,-2.1895340345444896
2214,seattle,1.3689852,0.5529580701130976
2215,seattle,0.84958786,0.1166410704656493
2216,seattle,0.57724714,-0.22473957892554125
2217,seattle,1.3752103,0.5527451149890172
2218,seattle,2.3771942,0.8343861833411103
2219,seattle,-2.7911558,-2.190005803812459
222,seattle,0.01975444,1.1521947771244698
2220,seattle,-2.40575,-1.9334918874351712
2221,seattle,-2.8408077,-2.2486424671491942
2222,seattle,-3.2115138,-2.691236409895652
2223,seattle,-2.9060724,-2.3227010032317335
2224,seattle,-3.7175255,-3.320777409460643
2225,seattle,-3.3464518,-2.8620121359397244
2226,seattle,-3.0390697,-3.751142238217858
2227,seattle,-3.209611,-2.693843047405663
2228,seattle,-2.1329174,-2.6196194221947136
2229,seattle,-3.16165,-3.89387632114427
223,seattle,-2.3691552,-1.3901598144263603
2230,seattle,-3.10521,-3.8273983725797613
2231,seattle,-3.2708938,-2.766243386503285
2232,seattle,-1.9908234,-1.0691240266123299
2233,seattle,-4.586529,-4.395898960536006
2234,seattle,-2.7700655,-2.606835745805621
2235,seattle,-1.9530994,-1.5614613283688505
2236,seattle,-1.9044225,-1.4747449851862613
2237,seattle,-1.8794782,-1.445055497405344
2238,seattle,-2.054205,-1.6587178708715782
2239,seattle,-1.3701066,-0.7975807569933323
224,seattle,-2.2454336,-1.192735131638178
2240,seattle,-1.2947755,-0.9221696893318853
2241,seattle,-1.1592932,-0.7375932446221191
2242,seattle,-2.5267522,-2.23433048510303
2243,seattle,0.40697667,0.3937131777633027
2244,seattle,-1.3977797,-1.6278801249707977
2245,seattle,-0.46090665,-0.4714354481798749
2246,seattle,-0.43279538,-0.4372624342707333
2247,seattle,0.64068073,0.6746862703273507
2248,seattle,0.23231176,0.1623328923728665
2249,seattle,0.25802216,0.19360958031710288
225,seattle,-2.7637606,-3.5606198857907523
2250,seattle,0.32734197,0.27784243521754637
2251,seattle,0.33409452,0.3193445663490217
2252,seattle,0.22769804,0.3736884243119076
2253,seattle,0.27620307,0.4423952463261354
2254,seattle,-3.0000825,-3.719884340752438
2255,seattle,0.5284687,0.7602183914643946
2256,seattle,-3.271075,-4.049786099009962
2257,seattle,0.43170995,0.6419062707418641
2258,seattle,-0.73090875,-0.7933925866356364
2259,seattle,-2.7690983,-3.4372251152749542
226,seattle,-1.191096,-0.32790846779699184
2260,seattle,-4.3935337,-4.3000461431930335
2261,seattle,-1.7816765,-0.9990608729095146
2262,seattle,-4.4456034,-4.361816691926436
2263,seattle,-1.292352,-0.334816819721538
2264,seattle,-0.88108957,0.14527928996335543
2265,seattle,-0.87096715,0.15707748697499166
2266,seattle,-0.7374695,0.3194488145099824
2267,seattle,-1.1354355,-0.14411797109320262
2268,seattle,-0.91235995,-0.09210532666572191
2269,seattle,-0.71316975,0.34707819465212736
227,seattle,-1.2157617,-0.3584031291845016
2270,seattle,-1.010969,-0.23217023632612607
2271,seattle,-0.9298468,-0.12230033562113385
2272,seattle,-0.95474577,-0.16266034639871424
2273,seattle,-1.084253,-0.10661164384641608
2274,seattle,0.12475785,0.02779520367608178
2275,seattle,1.607907,0.9293931773701577
2276,seattle,1.3906963,0.6415030969473574
2277,seattle,-0.16837212,-0.3289099052394232
2278,seattle,0.31548718,-0.7703394367596005
2279,seattle,0.70120513,-0.4852366306305952
228,seattle,-4.4450097,-4.488728297406808
2280,seattle,-0.62273246,-1.9348949536529756
2281,seattle,0.7918703,0.9226584946110957
2282,seattle,1.5396061,0.8176735060915568
2283,seattle,1.6222403,0.925576788854444
2284,seattle,1.3668315,0.6149093369444047
2285,seattle,-0.6185051,-0.6624678724621796
2286,seattle,1.737375,0.8567629510925464
2287,seattle,0.91057044,1.0768714699772506
2288,seattle,1.2651361,1.29778493486692
2289,seattle,0.8638368,-0.01644615902852957
229,seattle,-5.121587,-4.768696817467746
2290,seattle,0.8660132,-0.013755453611984643
2291,seattle,0.78572977,0.7135872769574221
2292,seattle,1.2731941,0.48967085949779676
2293,seattle,0.30639833,0.2886396340016291
2294,seattle,0.28222153,0.23997539248670782
2295,seattle,1.5773517,0.8881632912431804
2296,seattle,0.27944812,0.24610188916987316
2297,seattle,0.7854267,1.0878402611902886
2298,seattle,0.66081285,-0.22498635145042403
2299,seattle,0.17477903,0.7155743534436577
23,seattle,0.20724373,0.6668193579576821
230,seattle,-1.9232638,-2.8436101621691896
2300,seattle,0.504166,1.1156921133673545
2301,seattle,0.35994506,0.9406890463355319
2302,seattle,1.4675337,0.7035491173407368
2303,seattle,0.44431537,0.5027215187690678
2304,seattle,1.017781,0.16196671238093344
2305,seattle,1.9002243,1.239357229610003
2306,seattle,1.5787528,0.8713871226219864
2307,seattle,0.8780222,1.205586321952219
2308,seattle,0.6820189,0.9668001707253485
2309,seattle,0.8801452,0.6302514133218614
231,seattle,-3.5043085,-3.6069876582206626
2310,seattle,2.7609637,2.8349492065828663
2311,seattle,0.48399717,0.7151775609988094
2312,seattle,1.3305662,2.063575528157555
2313,seattle,2.3779628,1.5989046433518972
2314,seattle,2.2863255,2.2411630388520853
2315,seattle,0.8900801,0.6473501829235891
2316,seattle,0.6239438,0.6705811778721518
2317,seattle,1.0557722,0.6230298954223806
2318,seattle,1.0979614,0.9012153042403455
2319,seattle,1.0141339,0.5706689840391507
232,seattle,-3.6041875,-3.1010278249538077
2320,seattle,2.7464027,3.1844517811228736
2321,seattle,1.0399759,0.8456353442613025
2322,seattle,1.9588116,1.6704884593953218
2323,seattle,1.014644,0.8158153413797629
2324,seattle,0.96685743,0.7444597583603741
2325,seattle,0.8042224,0.7175296702060743
2326,seattle,2.2552555,2.0380279530733563
2327,seattle,1.0441512,0.842420474075217
2328,seattle,1.1455654,0.713244931930911
2329,seattle,1.1518751,0.7249652482803596
233,seattle,-2.0438027,-1.8044361149296464
2330,seattle,1.109298,0.6216927368811554
2331,seattle,0.91425157,1.3677664509928984
2332,seattle,1.3993875,1.3065670501172753
2333,seattle,0.8057081,0.9054823837267151
2334,seattle,0.56718886,1.177240176609432
2335,seattle,1.3311709,1.2153342704014967
2336,seattle,1.0317444,0.5772300887915885
2337,seattle,1.3551899,1.244114043673971
2338,seattle,0.5385331,0.6028363596482899
2339,seattle,0.70933485,0.7952428685463477
234,seattle,-3.4259634,-2.8862003616398377
2340,seattle,0.91422445,0.41126036744893363
2341,seattle,0.55820954,-0.052864219471638885
2342,seattle,0.54941016,-0.021405972322491865
2343,seattle,0.71384084,0.4085170171055605
2344,seattle,0.5785534,0.013251023454427602
2345,seattle,-0.061480843,-0.15763355257605094
2346,seattle,0.3778189,-0.2742579284785172
2347,seattle,0.28868136,0.2945251290639705
2348,seattle,0.6703184,0.35668750245244507
2349,seattle,0.7866957,0.49906868192611625
235,seattle,-3.5258844,-3.522485788049496
2350,seattle,0.84961396,0.5759050725405176
2351,seattle,0.69858533,0.12247325818380936
2352,seattle,0.4453243,-0.15078539241587682
2353,seattle,0.88117754,0.3514878513178847
2354,seattle,0.47129396,0.13527454430738564
2355,seattle,0.35952234,-0.5538192409608093
2356,seattle,0.5446117,-0.01929544401559959
2357,seattle,0.010690702,-0.7048083791613957
2358,seattle,1.029697,0.30823931819715805
2359,seattle,0.9851651,0.2543334816673365
236,seattle,-0.737637,-0.23172794398126462
2360,seattle,-0.32914102,-0.14382540848289938
2361,seattle,-0.45931157,-0.3030526201473278
2362,seattle,-0.39039266,-0.21784694862340365
2363,seattle,0.14536518,-0.12347121019559903
2364,seattle,0.15443346,-0.11225993762666163
2365,seattle,0.43557698,-0.2264764581874185
2366,seattle,-0.2920462,-0.08232700433021278
2367,seattle,0.099305764,0.31759073861929105
2368,seattle,0.17069596,0.4048429150389882
2369,seattle,0.6106749,0.3068869418596251
237,seattle,-2.0584888,-1.2901002784936206
2370,seattle,0.2590399,-0.16042575217731567
2371,seattle,0.36372593,-0.2502544062687561
2372,seattle,-0.24527287,0.08847639765519802
2373,seattle,-0.4622389,-0.1892353867289584
2374,seattle,0.33787724,-0.06433098272261926
2375,seattle,-0.41708174,-0.13523814862369346
2376,seattle,0.14556515,-0.2873302678358924
2377,seattle,0.10513176,-0.3355528851236449
2378,seattle,0.1742209,-0.2519026465180501
2379,seattle,0.2785659,0.6172439333438031
238,seattle,-2.0668318,-1.300414649257043
2380,seattle,-0.099042855,0.16089923629870012
2381,seattle,-0.11817693,0.13515383374329884
2382,seattle,0.40568417,0.5475367969603844
2383,seattle,-0.19299509,0.14864554493764565
2384,seattle,-0.28310102,-0.5472987518304985
2385,seattle,0.3556252,-0.28223123627093494
2386,seattle,-0.6128252,-0.49371151699667143
2387,seattle,-0.17472018,-0.6873673835181131
2388,seattle,-0.24615617,-0.01788654006921073
2389,seattle,0.011687267,0.4196880782232392
239,seattle,-3.8033407,-3.417996727706999
2390,seattle,0.12894909,0.5420237307265062
2391,seattle,-0.22849679,-0.10465279481255045
2392,seattle,-0.27514255,0.04885107383278118
2393,seattle,-0.48865157,-0.2349756804533443
2394,seattle,-1.0595809,-0.7878494248726841
2395,seattle,-0.5829638,-0.3266529752729806
2396,seattle,-0.15933959,0.17935281914849413
2397,seattle,-0.28147116,-0.07850644993706613
2398,seattle,0.1342431,0.43604782548304444
2399,seattle,0.3289551,0.7830842372039414
24,seattle,0.18657418,0.6358847812859347
240,seattle,-0.6003098,-0.43181596421655644
2400,seattle,0.16960266,0.4138325500905929
2401,seattle,0.5630007,0.6899548274300572
2402,seattle,0.003554537,0.27181540658249004
2404,seattle,0.2375773,0.5665689813322061
2405,seattle,0.1536425,0.39410071036926303
2409,seattle,0.13419265,0.3713220718105509
241,seattle,-0.7712689,-0.2728542644303454
2410,seattle,0.10047968,0.3290002152498038
2411,seattle,0.15457082,0.3459246807862652
2412,seattle,-0.9736588,-0.17559872987186814
2413,seattle,0.123479314,0.5076440816317901
2414,seattle,-0.044319883,0.3369181977828507
2415,seattle,0.32555518,0.38488200226567115
2416,seattle,-1.2088828,-0.9784244875124543
2417,seattle,-0.057146113,0.20868072048733535
2418,seattle,0.31080046,0.662863110271803
2419,seattle,0.38601303,0.5388485552749253
242,seattle,-2.5483608,-2.4257052121635616
2420,seattle,0.30415404,0.3584233990029788
2421,seattle,0.34708187,0.57197423885784
2422,seattle,0.391483,0.626015936015543
2423,seattle,0.43970048,0.7053311003510266
2424,seattle,0.30481273,0.5390872391346009
2425,seattle,0.36224085,0.5915982343397728
2426,seattle,0.6891902,0.8364180024420921
2427,seattle,-0.96142113,-0.6600517397754662
2428,seattle,-0.44936746,-0.1674450783289813
2429,seattle,0.51958454,0.834523418214641
243,seattle,0.10416838,-0.1908281581728283
2430,seattle,0.7178773,0.9407483650858298
2431,seattle,-0.9273244,-0.6178973549162614
2432,seattle,-0.3322838,-0.0235596017212328
2433,seattle,0.39436498,0.7541451354067018
2434,seattle,0.7451805,0.9661157862574028
2435,seattle,0.73986757,0.9339338006042791
2436,seattle,0.7384004,0.8140662814382531
2437,seattle,0.7108866,0.8986355728981587
2438,seattle,0.79719275,1.0064359363869106
2439,seattle,0.78880936,0.7993807641497278
244,seattle,-3.7230172,-3.244639328792606
2440,seattle,0.81817573,0.8244900982573059
2441,seattle,0.5769586,0.18050092875674503
2442,seattle,0.8460873,0.752948653180547
2443,seattle,0.7552237,0.7491346885212233
2444,seattle,0.6948494,0.6858905850153041
2445,seattle,0.6652595,0.644792720879923
2446,seattle,0.6796263,0.8565938411579423
2447,seattle,-0.073517166,-0.4018460026293472
2448,seattle,1.2619876,1.2885361031241236
2449,seattle,0.69188535,0.5471181581420598
245,seattle,-3.4904077,-3.4160634263876366
2450,seattle,0.7897133,0.7986669921185786
2451,seattle,0.5096019,0.6419846478134313
2452,seattle,0.5487379,0.6824851011539321
2453,seattle,0.24680294,0.04285480094831106
2454,seattle,0.78868544,0.705534442781902
2455,seattle,0.53660125,0.5789315166357328
2456,seattle,0.6150969,0.672938049335361
2457,seattle,1.0705729,1.1313634413844627
2458,seattle,1.3496463,1.1444850841060623
2459,seattle,1.4292051,1.2491723738039169
246,seattle,-1.0528728,-1.604831165447488
2460,seattle,1.4802569,1.0934681823481427
2461,seattle,1.3189557,0.8949472494592219
2462,seattle,1.3025807,0.8759540077532807
2463,seattle,1.284209,0.8548999623735438
2464,seattle,1.0297492,0.7602768218917121
2465,seattle,1.254076,0.8163098663711874
2466,seattle,1.0769435,0.839078249873439
2467,seattle,1.4244583,1.0266335110797995
2468,seattle,1.225893,0.7752302915905215
2469,seattle,1.2077456,0.7607125167359792
247,seattle,-0.18883273,-0.5315123716700665
2470,seattle,1.504544,1.1385593064812338
2471,seattle,1.2105566,0.7645384401157562
2472,seattle,0.9478202,0.6690065772276693
2473,seattle,1.4449846,1.054721431418957
2474,seattle,1.4731919,1.0885428827101993
2475,seattle,-0.4751478,-0.2964441063351608
2476,seattle,1.2458795,0.8059603835456591
2477,seattle,1.2331353,0.789782050815281
2478,seattle,0.9492942,0.6588343872100921
2479,seattle,1.0203269,0.7523231873230191
248,seattle,-1.447412,-2.091306219411556
2480,seattle,1.2009882,0.767760667628612
2481,seattle,1.0899296,0.6263236676948247
2482,seattle,0.92419094,0.6269749863383015
2483,seattle,1.2194464,0.7773603865213572
2484,seattle,1.110968,0.6523338200547596
2485,seattle,1.0412506,0.5525515232565655
2486,seattle,1.0678242,0.7964410449467524
2487,seattle,1.1320944,0.8751147654108691
2488,seattle,1.1036423,0.6353069367714554
2489,seattle,1.1550342,0.6973144389301276
249,seattle,-0.97514343,-1.4538465815629529
2490,seattle,1.3009444,0.8690403887472862
2491,seattle,0.06362531,0.47468943209635467
2492,seattle,-0.1826603,0.17389735802701675
2493,seattle,-0.010634229,0.7257773768293946
2494,seattle,1.1632111,0.9183827441091011
2495,seattle,1.117129,0.854398289820754
2496,seattle,1.012332,0.5251978269328642
2497,seattle,0.89621085,0.372221674984823
2498,seattle,1.0314134,0.5377801318732217
2499,seattle,-1.0223501,-1.7536849321984405
25,seattle,-2.013719,-2.14960751299581
250,seattle,-0.24544436,-0.6027080496537649
2500,seattle,0.43813485,-0.004895855092505688
2501,seattle,0.37992227,0.41857740484959133
2502,seattle,0.34467945,0.3756925395625141
2503,seattle,0.47401336,0.7755768407967694
2504,seattle,0.3795145,0.419465850506809
2505,seattle,0.8189156,0.9816966130483288
2506,seattle,0.40815735,0.45417144754507593
2507,seattle,-0.23828362,-0.07961596456591974
2508,seattle,-0.36555925,-0.01864697613864837
2509,seattle,0.6534198,0.0412945878915164
251,seattle,-0.40861833,-0.8421834808915246
2510,seattle,0.18432777,0.18712120505858512
2511,seattle,0.04749914,0.23547898119605162
2512,seattle,0.19258139,-0.5388740103815248
2513,seattle,-0.9876261,-1.7873546066457595
2514,seattle,0.6173226,0.21036572853217797
2515,seattle,0.13759735,0.13149780635917827
2516,seattle,-0.23377736,-0.10404630386025258
2517,seattle,0.99719024,0.9508693534997289
2518,seattle,-0.26408923,0.0828498676283902
2519,seattle,-0.25230417,0.1050095239547605
252,seattle,-0.03892956,-0.3682046375641931
2520,seattle,0.48146453,0.28038571780453375
2521,seattle,0.35172382,0.1586550586863764
2522,seattle,0.9570337,0.6820813301109084
2523,seattle,0.2952823,0.7769396197832276
2524,seattle,-0.6967915,-0.9256343105906759
2525,seattle,-0.21088018,-0.5692825045771116
2526,seattle,0.18456672,-0.045854039728519265
2527,seattle,-0.27726898,-0.6157586871913764
2528,seattle,-0.56057596,-0.5199286675412133
2529,seattle,0.10118718,-0.1639132959919272
253,seattle,-1.4541119,-1.14554049017348
2530,seattle,0.38976866,-0.3593270634585729
2531,seattle,0.4825269,0.7953261067962849
2532,seattle,0.44192874,-0.29779483088288694
2533,seattle,-0.006176128,-0.5540630297636419
2534,seattle,0.2238354,-0.34527544019183076
2535,seattle,-0.14314382,0.03754856586110013
2536,seattle,-0.18394811,-0.03395717932831141
2537,seattle,0.46501413,0.53175948007062
2538,seattle,-0.049122743,-0.6525228800750664
2539,seattle,1.1602646,0.24974962652253643
254,seattle,-2.6670294,-2.4152351962673815
2540,seattle,1.0608637,0.12953268384675035
2541,seattle,1.100414,0.17575522756754963
2542,seattle,0.6135052,-0.21688012492133554
2543,seattle,0.15444136,-0.15659726427125226
2544,seattle,1.4769251,0.8411492640081804
2545,seattle,1.9794028,1.464362729101453
2546,seattle,1.9892209,2.0159764243911895
2547,seattle,1.6413753,1.0145535026372878
2548,seattle,1.4282252,0.9772345281679142
2549,seattle,1.564121,0.916759810714497
255,seattle,-3.0345292,-2.887097263445353
2550,seattle,1.5286375,0.8592052939649858
2551,seattle,1.6844478,1.1178842036171077
2552,seattle,1.3973498,1.2948783507238875
2553,seattle,1.1945771,0.5304182597836329
2554,seattle,1.468731,1.382532726130318
2555,seattle,1.5581259,1.281767810970711
2556,seattle,1.2330266,0.5779540554759275
2557,seattle,1.9032329,1.3790340495649849
2558,seattle,1.5734448,1.151765712997721
2559,seattle,1.5414498,1.1113857449735376
256,seattle,-0.34736475,-1.0993771883749754
2561,seattle,1.5607979,1.1365524825350746
2562,seattle,0.7750488,0.6559113838701435
2563,seattle,0.9063319,0.817013273514828
2564,seattle,0.38910335,0.37403240775532337
2565,seattle,0.3930934,0.9179415633289563
2566,seattle,1.6266779,1.775706129004482
2567,seattle,1.2855564,0.6187913496624127
2568,seattle,1.6294447,1.00612819330244
2569,seattle,1.4589828,1.0349408894539684
257,seattle,0.65976644,1.0666252645898997
2570,seattle,1.5570096,1.1272217576477042
2571,seattle,1.5866948,0.9927658143845435
2572,seattle,0.49382347,0.5113718061394339
2573,seattle,1.2714833,1.2527183590406126
2575,seattle,0.68650967,0.4455412589621332
2576,seattle,0.9947597,0.8373982683198121
2577,seattle,1.1711029,0.6665513052510047
2578,seattle,0.46663523,0.525829457313202
2579,seattle,1.2197516,0.645377498282463
258,seattle,-0.24093822,-0.7425393126620112
2580,seattle,0.67374843,-0.07187335411533484
2581,seattle,1.1555935,0.5610401220421835
2582,seattle,0.8266374,0.6266950658513146
2583,seattle,0.8614775,0.6690723415140507
2584,seattle,0.79752284,0.6638900400089819
2585,seattle,0.8750053,0.6851199594743814
2586,seattle,0.92201245,0.594908146131754
2587,seattle,0.8824583,0.5517895980306464
2588,seattle,0.7646565,0.6210006033618022
2589,seattle,0.92867315,0.6080735497021368
259,seattle,0.35509437,0.1383613052634229
2590,seattle,0.8752301,0.5441892510489806
2591,seattle,0.50996464,0.569768995262569
2592,seattle,0.39733827,0.44500650905361105
2593,seattle,0.864257,0.774760916507556
2594,seattle,0.8070458,0.7176670478729706
2595,seattle,0.8300284,0.7335670375679214
2596,seattle,0.86689645,0.7916614468279576
2597,seattle,0.83764577,0.7429845065258288
2598,seattle,0.8618182,0.7853831341893526
2599,seattle,0.16281262,-0.11981159084469022
26,seattle,0.88388574,0.558994393564214
260,seattle,0.25619328,-0.19844401550425442
2600,seattle,0.22958449,0.49651896334231505
2601,seattle,1.4950877,1.277814460761937
2602,seattle,1.5241758,1.313415812838822
2603,seattle,0.8471955,0.17886770142146516
2604,seattle,0.49074462,0.20586873313596477
2605,seattle,-0.05375818,-0.4021659904284142
2606,seattle,0.47493786,0.17088783664316198
2607,seattle,-0.055478275,-0.15877042210622688
2608,seattle,0.1031068,-0.14916729189700037
2609,seattle,-0.111338854,-0.22783186113088127
261,seattle,0.9393368,0.7096028761651171
2610,seattle,0.45281127,0.1435323315749546
2611,seattle,0.89323944,0.4648575191909724
2612,seattle,0.85624087,0.41911552710970784
2613,seattle,-0.1729335,-0.5470312900919088
2614,seattle,0.10613102,-0.18125561236493407
2615,seattle,-0.16631907,-0.5192795937132811
2616,seattle,-0.15362129,-0.285328323535514
2617,seattle,0.6889461,-0.02923147836575202
2618,seattle,0.68348205,-0.0428822519044839
2619,seattle,1.3905396,0.8265891250725039
262,seattle,1.1053966,0.9110434117775158
2620,seattle,1.1032879,0.25466293992328093
2621,seattle,1.0442195,0.17344720876738057
2622,seattle,0.58298105,-0.16773269282833075
2623,seattle,1.1129252,0.5007146156643856
2624,seattle,0.97562635,0.35693978415225236
2625,seattle,1.0449687,0.22407204067144132
2626,seattle,1.1522994,0.5822593837925225
2627,seattle,0.8280179,0.18134427672732095
2628,seattle,1.0375643,0.4391093702850661
2629,seattle,0.835998,0.1912101965879859
263,seattle,-0.52030987,-1.070584886648966
2630,seattle,1.3499829,0.8066112543660853
2631,seattle,0.95276594,0.3296606675468502
2632,seattle,1.3379422,0.7810624765135651
2633,seattle,1.5111272,0.9931693625264858
2634,seattle,1.4854014,0.5297832105679064
2635,seattle,1.8742543,1.2325591933576756
2636,seattle,2.2050812,1.1969624780239285
2637,seattle,2.0924573,1.4983649181148044
2638,seattle,1.7116336,1.2569812447108846
2639,seattle,1.8518162,0.9738232586470729
264,seattle,-0.9755638,-1.4997332419271623
2640,seattle,2.2885122,2.0489674540271516
2641,seattle,2.648709,2.2776516054170433
2642,seattle,2.5323043,2.136139539059383
2643,seattle,2.9223297,2.283902912123879
2644,seattle,1.943774,1.5388070699718537
2645,seattle,2.080949,1.7125325349041811
2646,seattle,1.816526,1.388849388705229
2647,seattle,1.8658428,1.448973303642068
2648,seattle,1.7367252,1.2901901900985797
2649,seattle,1.9006718,1.4896524362337056
265,seattle,-0.48825002,0.2509385375344203
2650,seattle,2.0140889,1.1733203062601036
2651,seattle,2.1900635,1.9329912801102374
2653,seattle,1.6721824,0.9982172676440659
2654,seattle,1.4684572,0.9731726588917691
2656,seattle,1.46325,0.7428993339845301
2657,seattle,0.9762675,0.43764439863321103
266,seattle,-0.42298225,0.33272874866323754
2660,seattle,2.336932,1.5646579218286827
2662,seattle,1.4851675,0.8841677527337228
2663,seattle,2.6110277,1.9244764021290777
2664,seattle,1.6977743,1.7691456305732298
2665,seattle,1.9380755,1.2284825138022701
2668,seattle,1.1316788,0.9675773683296479
2669,seattle,-0.3010295,-1.2832506070062462
267,seattle,-1.0341357,-0.5866467837909161
2670,seattle,2.1653342,1.1299499137074112
2671,seattle,1.4961965,0.27159849969684424
2672,seattle,0.34219888,0.1405721908038153
2673,seattle,2.1927898,1.1387846868136715
2674,seattle,1.688834,0.5026502692809659
2675,seattle,2.4581754,1.2412276827685473
2676,seattle,2.3488038,1.1007708146773998
2677,seattle,2.1252463,1.0606618739929672
2678,seattle,2.5252457,1.5561123384042812
2679,seattle,0.7407177,0.45339382634013853
268,seattle,-0.0073870122,-0.4101886224183594
2680,seattle,0.5816635,0.22217077421255058
2681,seattle,0.5105682,0.13427439727208143
2682,seattle,2.3888404,1.3925077155684253
2683,seattle,1.375939,1.3831852785154215
2684,seattle,0.46360913,0.2629199557765907
2685,seattle,0.24697728,0.5409312026529771
2686,seattle,0.29247218,0.06026174040173544
2687,seattle,-0.3744268,-0.7259205122428578
2688,seattle,0.51359224,0.3248238982138331
2689,seattle,0.88306135,0.7729526508854732
269,seattle,0.8731523,0.8301301445898096
2690,seattle,0.061005358,-0.17562094754021826
2691,seattle,0.47903156,-0.8129199873778119
2692,seattle,-1.1106791,-1.7117302910929013
2693,seattle,-1.2592349,-1.892788779959798
2694,seattle,0.4576588,-0.6150646046001412
2695,seattle,0.87497663,-0.10875157824807329
2696,seattle,0.72915876,-0.2890288411565867
2697,seattle,1.1939588,0.12109433633610758
2698,seattle,0.14011207,-1.0024314377309445
2699,seattle,-0.44732136,-0.8887352199202974
27,seattle,0.7710495,0.6219333790211847
270,seattle,0.8031118,0.5567768664499356
2700,seattle,-0.09834852,-0.4560881143140573
2701,seattle,0.69638824,-0.3182205081520135
2702,seattle,0.7672529,-0.24421514600249403
2703,seattle,-0.004907376,-1.1880931301252988
2704,seattle,0.5586383,-0.8360436847031874
2705,seattle,1.1508137,-0.09892801670359777
2706,seattle,0.76388186,-0.367841461331233
2707,seattle,-0.57025665,-1.061931102277022
2708,seattle,-0.57341707,-1.0770766545366641
2709,seattle,-1.6670862,-3.433771550198055
271,seattle,1.4088789,1.3343719394868887
2710,seattle,1.2344912,0.26492859444032213
2711,seattle,-0.6743125,-2.223516748490048
2712,seattle,1.6649729,0.54703153035484
2713,seattle,0.46364737,-0.6870965159645959
2714,seattle,0.8337841,-0.2453845745276627
2715,seattle,0.2060131,-1.0770832192748376
2716,seattle,0.6508298,-0.4495532483163798
2717,seattle,0.438869,-0.21083157658001203
2718,seattle,0.43233985,-0.218903692829647
2719,seattle,0.015038061,-1.3113577202886164
272,seattle,1.3801917,1.0841625151104235
2720,seattle,0.397136,-0.7955113281153675
2721,seattle,0.31957877,-0.887268459871377
2722,seattle,0.31513482,-0.4054459750433496
2723,seattle,0.2201097,-1.0613602964928084
2724,seattle,0.46884176,-0.7574213007190976
2727,seattle,1.3336482,0.3466548511914653
2728,seattle,1.3115652,0.3198626722748041
2729,seattle,0.15113463,-0.19043986192529078
273,seattle,1.1137937,0.9565457651285475
2730,seattle,1.9514846,1.113156832495337
2731,seattle,1.6472034,1.0454562329364327
2732,seattle,1.8387095,0.9731755638215932
2733,seattle,0.11485074,-1.1071329152566065
2734,seattle,1.5251098,1.4470129157661902
2735,seattle,1.5149429,1.4339002797726748
2736,seattle,0.7542923,-0.3438516020630698
2737,seattle,-0.042201012,-0.42946419309503614
2738,seattle,1.4606166,0.8348184564423565
2739,seattle,1.6847159,0.8149603795916287
274,seattle,-2.7570662,-2.050322814361981
2740,seattle,0.17688532,-0.16101667817211568
2741,seattle,0.17688532,-0.16101667817211568
2742,seattle,0.22593792,-0.10257016745020835
2743,seattle,0.060790457,-1.2447732471820205
2744,seattle,0.77713567,-0.29048833457772916
2745,seattle,1.9593006,1.4626669833164405
2746,seattle,1.9567615,1.4595278269971381
2747,seattle,2.025304,1.5435078157955733
2748,seattle,1.3618852,0.415839076137457
2749,seattle,0.9650293,0.04982408277911004
275,seattle,1.7041566,1.683948787474029
2750,seattle,0.8591228,-0.2003497031234723
2751,seattle,0.95886284,0.042200417432232594
2752,seattle,1.964548,1.4793496982180763
2753,seattle,-0.05010405,-0.0903607869234488
2754,seattle,-0.17933442,-0.2808100483014946
2755,seattle,-0.1438725,-0.23801957895510206
2756,seattle,-0.099750645,0.06507141347286484
2757,seattle,0.4905152,-0.5078525473544968
2758,seattle,0.36065328,-0.4728648580728451
2759,seattle,0.36863336,-0.4629989382121803
276,seattle,1.6381396,1.6023307231721649
2760,seattle,0.13170476,-0.12381159580550517
2761,seattle,0.45008183,-0.5560751646422495
2762,seattle,-0.032842163,-1.3630730501072563
2763,seattle,-1.2215271,-2.5738276758011396
2764,seattle,0.63791627,-0.2696365253528173
2765,seattle,-0.38267484,-0.1381052541046106
2766,seattle,0.5230323,-0.1946100678520551
2767,seattle,-1.2293508,-1.5080183339450481
2768,seattle,-1.3070284,-1.602507505988461
2769,seattle,0.11281214,-0.9721150983054628
277,seattle,-5.0631933,-4.061188245848376
2770,seattle,0.32583532,-0.7114492572063998
2771,seattle,0.48086068,-0.21668472568949657
2772,seattle,-1.2910682,-1.582775666267131
2773,seattle,-0.44613376,-0.2560500349538934
2774,seattle,-1.4141527,-1.515761669274709
2775,seattle,0.5780384,-0.10088886052885293
2776,seattle,0.45670006,-0.5528519404164132
2777,seattle,-0.98934686,-0.9989915916646845
2778,seattle,0.8101718,-0.03305803550179796
2779,seattle,0.7595627,-0.09943642940229619
278,seattle,-2.256673,-0.8637158032582085
2780,seattle,0.7508571,-0.11019925106847603
2781,seattle,-2.953975,-3.4135728932759393
2782,seattle,0.8867671,0.007525613444443843
2783,seattle,0.792676,-0.1301305449749761
2784,seattle,0.9952237,0.14161243336893506
2785,seattle,1.1943234,0.16906029591906255
2786,seattle,0.7011457,-0.42715783364218596
2787,seattle,0.6967929,-0.4325392444752761
2788,seattle,-1.1784616,-1.2316740060817701
2789,seattle,0.012533898,-0.9348902537558794
279,seattle,1.1087167,1.116494193200625
2790,seattle,-1.6744975,-1.8360356876144432
2791,seattle,-1.2345277,-2.482952694034295
2792,seattle,0.024829388,-0.8749064357820273
2793,seattle,0.7973984,-0.09820861051667033
2794,seattle,0.47625616,-0.25102779504021466
2795,seattle,-1.6309314,-1.6989860946378328
2796,seattle,0.6199208,0.524826058613753
2797,seattle,-0.13462792,-0.5309708412497796
2798,seattle,0.36635184,0.6196244687172137
2799,seattle,0.33987245,0.5868875528159166
28,seattle,0.7791627,0.6326229045136376
280,seattle,-0.66273546,-0.1222577770205654
2800,seattle,0.62064624,0.5257229604192682
2801,seattle,0.34132338,0.5886813564269466
2802,seattle,0.504141,0.027492886605654368
2803,seattle,-0.58425635,-1.6659927216984702
2804,seattle,-0.9797073,-1.1669286564005872
2805,seattle,-0.37468183,-1.414193523504071
2806,seattle,-0.008500764,-1.1814475049729305
2807,seattle,1.1222153,0.5632325126805907
2808,seattle,0.9648242,0.9070679786109748
2809,seattle,-0.022549681,-1.1993845581838802
281,seattle,0.3618936,-0.18235335447239376
2810,seattle,0.31042165,-0.7949753808400467
2811,seattle,-0.55817646,-1.1937268432749857
2812,seattle,-1.3162632,-2.113833910898892
2813,seattle,0.24351408,-0.0849819683731284
2814,seattle,-0.9285622,-1.6426732747550803
2815,seattle,-1.0309652,-1.6881158866999069
2816,seattle,0.12417557,-0.2325223153803445
2817,seattle,0.41471267,0.280616715744446
2818,seattle,-0.27115014,-1.5098928457526046
2819,seattle,0.47540778,0.13881727622652648
282,seattle,-0.6493144,-0.10566509361853815
2820,seattle,-0.6886721,-1.3599221549059748
2821,seattle,0.88144594,0.26671473775896365
2822,seattle,-0.1998584,0.08791400088516758
2823,seattle,-0.06274607,0.2574284421275011
2824,seattle,-1.0411038,-1.7757100462533244
2825,seattle,-1.2708615,-2.0554548749123867
2826,seattle,-0.7490244,-0.5873345769866797
2827,seattle,-0.75693774,-0.5979025861713044
2828,seattle,-0.14412208,-0.5697379133608531
2829,seattle,0.29108366,0.13898440629258482
283,seattle,1.4850926,1.4143217793620304
2830,seattle,-0.9513711,-1.5614197959800715
2831,seattle,0.59399563,-0.07679377410749823
2832,seattle,0.57096046,-0.3333049098381777
2833,seattle,0.55681396,-0.35079449504572
2834,seattle,-0.8521068,-1.4357084271863179
2835,seattle,0.46575114,0.13699103024323514
2836,seattle,-0.2144778,-0.6243234398137366
2837,seattle,0.60076284,0.4719220651318747
2838,seattle,0.046800267,-0.7568577925523965
2839,seattle,-0.4491522,-0.9438530446788891
284,seattle,2.004701,1.8424831367219363
2840,seattle,0.43455628,0.09842425260609049
2841,seattle,0.48943844,0.3350060662508971
2842,seattle,-0.37610894,-0.8519002752658544
2843,seattle,-0.47832066,-0.9773992648605456
2844,seattle,-0.69233197,-1.2419852974874686
2845,seattle,-0.14662,-0.5544807093264437
2846,seattle,-0.41980693,-0.9041589506784244
2847,seattle,-0.38957334,-0.7077769003981639
2848,seattle,0.030566439,-0.4118071361859513
2849,seattle,-0.015004555,-0.4674883443016082
285,seattle,-0.8250855,-0.10190533956952463
2850,seattle,-0.46420375,-1.0269095901401442
2851,seattle,0.05439338,-0.29677430750872297
2852,seattle,0.25076643,-0.27566997389360326
2853,seattle,-0.94284046,-1.392958236904895
2854,seattle,-0.55070937,-1.0943668914489821
2855,seattle,-0.039181452,-0.420719836208967
2856,seattle,-0.08464345,-0.48979031653049804
2857,seattle,-0.02672974,-0.4104054654455446
2858,seattle,0.44440165,0.3418706386063117
2859,seattle,0.21373764,0.07208022872979948
286,seattle,1.0963737,1.1030931429620694
2860,seattle,0.19433188,0.04867003648683772
2861,seattle,-0.19160263,-0.8831115485995958
2862,seattle,-0.09074162,-0.5415380945307139
2863,seattle,-0.13264033,-0.8110256919663121
2864,seattle,-0.15405971,-0.5512535395909773
2865,seattle,0.4870785,-0.02007859877285552
2866,seattle,0.0847573,-0.27610837456117054
2867,seattle,2.0479205,0.7112740213936984
2868,seattle,2.5414603,1.3186025744680356
2869,seattle,3.218534,2.153131130480954
287,seattle,-2.3618762,-1.001395838242393
2870,seattle,0.09768824,-0.47838687289031856
2871,seattle,0.14730816,-0.4060535107489028
2872,seattle,1.7394246,0.11711714462826628
2873,seattle,0.6218706,-1.2844648678769266
2874,seattle,1.6432613,-0.017797962497269813
2875,seattle,0.5788431,-1.3302898409481767
2876,seattle,0.022150736,-0.3425835627673952
2877,seattle,3.7419305,2.8121311268717055
2878,seattle,3.6998641,2.760666832868141
2879,seattle,2.136422,0.824460950865881
288,seattle,2.0909343,1.4164355292817843
2880,seattle,2.5198243,0.8627413506327226
2881,seattle,3.7300212,2.8098829693725986
2882,seattle,2.113494,0.8054993461925227
2883,seattle,2.2456243,0.7540735459089628
2884,seattle,3.8970644,2.782451079312226
2885,seattle,3.7742534,2.8406023757712524
2886,seattle,2.0782547,0.5557121933565975
2887,seattle,0.85128355,0.4539607657428784
2888,seattle,2.855049,1.504373816578267
2889,seattle,2.2845423,0.8053323545226186
289,seattle,1.9339114,1.2284559911428685
2890,seattle,1.8882458,0.31872302050804613
2891,seattle,1.8512582,0.2733963266701699
2892,seattle,3.3998728,2.3578687045569953
2893,seattle,2.2829745,1.033872187477464
2894,seattle,2.1375194,0.8540433754717083
2895,seattle,1.89836,0.34519190999275
2896,seattle,3.4494965,2.1985720195391454
2897,seattle,1.8485781,0.4950329632172693
2898,seattle,2.0138094,0.48175401196336404
2899,seattle,2.107394,0.5974543448747982
29,seattle,-1.0301546,-0.5908642658253095
290,seattle,1.3319643,1.3175366437478562
2900,seattle,2.5786002,1.3993596732248235
2901,seattle,2.2450094,0.9082395393371699
2902,seattle,1.8874574,0.3352132779079978
2903,seattle,2.684109,1.4660419282930723
2904,seattle,0.84164906,1.4532972372800599
2905,seattle,0.2688934,0.20006059867093237
2906,seattle,0.2548519,0.2071210744043791
2907,seattle,0.64500993,0.4323528319892392
2908,seattle,0.26796335,0.22178598575695765
2909,seattle,-0.02277645,0.0684657761846093
291,seattle,2.4226875,1.8274132590389742
2910,seattle,0.09949522,0.2160446653931467
2911,seattle,-0.06883576,0.000568121912625503
2912,seattle,-1.5266107,-1.916435095057563
2913,seattle,-0.14828731,-0.1031007304597021
2914,seattle,-0.48069414,-0.5213170364637831
2915,seattle,-0.6113457,-1.0007859749813433
2916,seattle,-1.5646976,-2.292085815274428
2917,seattle,-1.406131,-1.5117256111498913
2918,seattle,-1.432959,-2.1250867761393626
2919,seattle,-1.3357471,-2.0049019342003533
292,seattle,1.4920785,1.729471020888043
2920,seattle,-1.5439824,-1.6829141860204717
2921,seattle,-0.8544339,-1.2251654025690901
2922,seattle,-1.5196905,-2.1226277634743376
2923,seattle,-1.9898387,-2.7487184381866965
2924,seattle,-2.0721052,-1.7961052729693543
2925,seattle,-0.4221774,-0.9868839969958606
2926,seattle,-0.394151,-0.7354573433350724
2927,seattle,-2.1154609,-2.9565007541069397
2928,seattle,1.2708231,-0.5176103936845841
2929,seattle,0.7071099,1.287680380622602
293,seattle,2.1497338,1.5029894789237075
2930,seattle,0.4859711,0.46952582077370786
2931,seattle,0.3741033,0.3327911941293839
2932,seattle,0.037038896,0.14303401679681665
2933,seattle,0.27837947,0.44508595174268034
2934,seattle,0.2535997,0.4135515715170068
2935,seattle,0.24631521,0.9583396095253952
2936,seattle,0.10694238,0.2459046427138661
2937,seattle,1.2274054,0.4085929319235263
2938,seattle,0.8028625,-0.11126201963476628
2939,seattle,-0.23508234,-0.18702282897994915
294,seattle,1.6669205,0.8856023730363061
2940,seattle,1.1879594,0.360854984283868
2941,seattle,-0.23238657,-1.396249639513726
2942,seattle,1.6954583,0.7558391089884134
2943,seattle,1.7293888,0.7973582811000148
2944,seattle,1.7803347,0.8684818208737967
2945,seattle,0.813225,-0.12844087596323128
2946,seattle,0.8607532,-0.06913779698569385
2947,seattle,1.6385057,0.9069922941040309
2948,seattle,1.5183864,0.7617382223064743
2949,seattle,1.6884265,0.9670731024429141
295,seattle,1.2583348,1.9892820627806738
2950,seattle,-0.86316925,-0.9994252559057386
2951,seattle,1.6949424,0.9748140370435354
2952,seattle,1.6943674,0.7621989569202703
2953,seattle,1.6757925,0.7401170184457557
2954,seattle,1.6145929,0.6649084293871053
2955,seattle,1.6478502,0.7051261936026312
2956,seattle,1.653946,0.925086189285252
2957,seattle,1.6760803,0.9514945901001455
2958,seattle,1.4408556,0.6731701318003585
2959,seattle,-1.2874769,-1.6139724169786007
296,seattle,1.282275,2.0188798223626687
2960,seattle,0.57490456,-0.4177002438603359
2961,seattle,1.7850472,0.9006431766157256
2962,seattle,0.2651971,-0.795414519954351
2963,seattle,1.6924883,0.7871801386668187
2964,seattle,1.6869569,0.9942113091200492
2965,seattle,-1.2682825,-1.465868100469936
2966,seattle,-1.3434294,-1.5621840498686579
2967,seattle,1.7344457,1.5959885153689404
2968,seattle,1.807062,0.9304417788762815
2969,seattle,1.5258025,0.8054343819314363
297,seattle,2.085205,1.4166455691690694
2970,seattle,1.9143386,1.6044834320414436
2971,seattle,-0.2773914,-0.2590685161681927
2972,seattle,0.12865189,-0.9235687188396722
2973,seattle,-0.6861226,-0.7746745576496386
2974,seattle,0.3143572,0.182102326302474
2975,seattle,1.6128544,1.2577992809465073
2976,seattle,0.83248276,0.4125795548642406
2977,seattle,1.5230212,0.8390472967659556
2978,seattle,1.5117098,0.8258474081044332
2979,seattle,0.60781467,0.13355073586715788
298,seattle,1.2585711,1.4513953129208605
2980,seattle,0.8570621,0.4410896213448251
2981,seattle,1.8067967,0.9466182877777235
2982,seattle,1.6590631,0.9951730372305588
2983,seattle,0.49334908,0.39426428000931646
2984,seattle,1.5087315,0.817461060555842
2985,seattle,1.5176826,0.8338081713947735
2986,seattle,-0.44338715,-0.7402267595770615
2987,seattle,1.800158,1.1798175060174831
2988,seattle,1.0129454,0.21312930806165142
2989,seattle,0.8538953,0.4394210387946046
299,seattle,1.6987308,1.2480642163024303
2990,seattle,-0.77754384,-1.0958196304290004
2991,seattle,0.16455577,-0.010935713266615094
2992,seattle,-1.1853397,-1.6855520534222166
2993,seattle,0.21150543,0.042310951514714236
2994,seattle,-0.5628701,-0.8995604957835764
2995,seattle,0.5187061,0.3461919305227115
2996,seattle,-0.2330095,-0.5784136418735905
2997,seattle,-1.5978575,-1.8081405046325627
2998,seattle,-1.4999201,-2.226034956531339
2999,seattle,0.9810896,0.5928568177727541
3,seattle,1.3346553,1.3253018123162916
30,seattle,-1.1624526,-0.5353236170607876
300,seattle,1.6519939,0.6358195859997972
3000,seattle,0.96391577,0.5800843562544706
3001,seattle,-0.16885924,-0.4975585109388223
3002,seattle,0.8159545,0.37622317297082475
3003,seattle,0.22554162,0.07942680191236497
3004,seattle,0.27480286,0.13939671878612656
3005,seattle,-2.138027,-2.7405162548866673
3006,seattle,0.3580385,0.24053654259926374
3007,seattle,0.85756695,0.4359381132289865
3008,seattle,0.33490217,0.21279984980570665
3009,seattle,0.88442695,0.46844946903105766
301,seattle,-0.26904324,0.8638901794842496
3010,seattle,0.3117488,0.16246598762987627
3011,seattle,0.08610617,-0.08528711917482988
3012,seattle,1.2694045,0.7513846492369236
3013,seattle,1.2423276,0.7131036149914687
3014,seattle,1.3914553,0.8984688850489936
3015,seattle,0.66667914,0.6143315410268625
3016,seattle,0.19691235,0.047895138651757534
3017,seattle,0.2814642,0.08396201066688357
3018,seattle,-0.87282413,-1.3299596799784483
3019,seattle,-0.790113,-1.228191783037695
302,seattle,-2.7786412,-2.823223125655901
3020,seattle,-0.78428966,-1.2448792025695594
3021,seattle,2.5772252,1.8599996840584976
3022,seattle,1.3587282,1.0396033038823147
3023,seattle,1.3780434,1.0647954720421828
3024,seattle,2.874978,2.2367864448691908
3025,seattle,2.2239568,1.4124866068248805
3026,seattle,0.63544524,0.1376870031437381
3027,seattle,2.383159,1.6358650991490131
3028,seattle,0.5728853,0.062108880787778695
3029,seattle,0.6304454,0.1323728554880567
303,seattle,1.6518563,0.6282789016429051
3030,seattle,2.6337113,1.9096706322422274
3031,seattle,2.9323032,2.3092885806518226
3032,seattle,2.6053166,1.898692122273709
3033,seattle,2.9755342,2.363152445647363
3034,seattle,0.42489943,-0.686373608817415
3035,seattle,2.4298053,2.2453484412145466
3036,seattle,1.5151238,1.0090569130254003
3037,seattle,1.4828067,0.9683863544144099
3038,seattle,1.1249079,0.1726615389793547
3039,seattle,2.592577,2.4525993469734138
304,seattle,1.7364587,0.9442883181758801
3040,seattle,2.2496943,2.0244405732150534
3041,seattle,1.6585867,1.4118759835983539
3042,seattle,1.6159647,1.137233241044012
3043,seattle,1.9342749,1.061912022240335
3044,seattle,2.8472085,2.188340271339134
3045,seattle,0.9756883,0.5646071122677889
3046,seattle,2.8310122,2.1890196708062795
3047,seattle,2.3324075,1.5508307212024053
3048,seattle,1.7584753,0.957679026147803
3049,seattle,1.3688996,0.16439541434345
305,seattle,-3.5513024,-3.831663656960542
3050,seattle,2.1902535,2.119268579126055
3051,seattle,2.8470144,2.548507998811661
3052,seattle,2.298183,2.5599576441827514
3053,seattle,1.7465061,1.3206835663275063
3054,seattle,-0.55915445,-1.3209343282948547
3055,seattle,2.7498727,2.4293425627739094
3056,seattle,2.7418926,2.4194766429132444
3057,seattle,2.2957406,1.5277884315844565
3058,seattle,1.5540668,1.28842911231082
3059,seattle,0.8591495,0.4523029901541011
306,seattle,0.8815184,0.6480809772710865
3060,seattle,2.0276089,1.1774644928737115
3061,seattle,0.9055449,0.5102177436232233
3062,seattle,0.6800546,-0.36061916140967787
3063,seattle,1.6315677,0.683860250923377
3064,seattle,2.4657671,1.76014572763065
3065,seattle,2.3403747,1.6172848824002006
3066,seattle,2.1848671,1.4095643366306876
3067,seattle,1.3349022,1.0546291876999128
3068,seattle,1.7157108,1.5238831053526927
3069,seattle,1.5356647,1.2935507095567564
307,seattle,1.281245,0.6053375110626658
3070,seattle,1.4319556,1.167734424795609
3071,seattle,2.8889747,2.2749996575923124
3072,seattle,2.8623836,2.2425953238873615
3073,seattle,1.8765972,1.5399143200154057
3074,seattle,3.2752576,2.2422098090492297
3075,seattle,2.720375,1.5634396326718971
3076,seattle,2.0612116,1.537667619575143
3077,seattle,1.9933985,1.68993736894392
3078,seattle,0.90327144,0.9883123419072827
3079,seattle,0.9830722,1.0869715405139315
308,seattle,-0.023905283,0.669731405855382
3080,seattle,1.9151838,0.5134265188918324
3081,seattle,2.705797,1.3388116498036104
3082,seattle,2.3572583,0.8525270869331648
3083,seattle,2.9358776,1.6428409497015992
3084,seattle,2.9873497,1.7057282719163829
3085,seattle,2.7945268,2.1621522422888297
3086,seattle,2.8988693,2.075720504852547
3087,seattle,1.6998153,1.3178104309062435
3088,seattle,1.4791188,1.3813625249743686
3089,seattle,0.49162406,0.41675174111821645
309,seattle,-0.66772425,0.2986008173447687
3090,seattle,1.6590741,1.7455870570006886
3091,seattle,0.8730929,0.9457906638610539
3092,seattle,1.6657295,1.753018178369594
3093,seattle,2.4884694,1.7871237852713429
3094,seattle,0.97743124,1.1123053170882853
3095,seattle,1.3417133,1.323129500976646
3096,seattle,1.9304813,0.5496917777861869
3097,seattle,1.3158717,1.2916184391161842
3098,seattle,1.5344688,1.5682928180022941
3099,seattle,2.053965,0.5064261584944713
31,seattle,-1.1797627,-0.5654636614378709
310,seattle,-0.8421998,-0.07021552381955805
3100,seattle,2.2008374,0.9224063341291925
3101,seattle,2.5369568,1.3515628848735834
3102,seattle,0.6440797,0.5897441969090379
3103,seattle,1.3394469,0.6172222060729882
3104,seattle,1.4625418,1.144997784896893
3105,seattle,1.1768667,0.9910756819737195
3106,seattle,1.5585055,1.4826306626317138
3107,seattle,1.9231893,0.35245503378558746
3108,seattle,1.0573889,0.9920260707863513
3109,seattle,2.053183,1.4886745174393314
311,seattle,-0.6822354,-0.41142487134680245
3110,seattle,2.5909028,1.431702043919765
3111,seattle,1.9935387,1.4175049406272535
3112,seattle,1.1216708,1.0723660455573516
3113,seattle,0.7718334,0.8839242670060679
3114,seattle,0.47024962,0.1074342486520215
3115,seattle,0.4535904,0.04718340248499107
3116,seattle,0.5980163,0.4883756091001001
3117,seattle,0.7481797,0.4759601717043768
3118,seattle,0.75574297,0.48579067402858317
3119,seattle,1.7888517,1.156004798409428
312,seattle,-0.72117513,-0.2824043977273546
3120,seattle,1.2532332,0.8867153276849675
3121,seattle,1.4026371,1.2949473867365218
3122,seattle,0.93074226,0.6842758861122109
3123,seattle,0.56210697,0.5997354236422818
3124,seattle,0.7675353,0.4613847733869634
3125,seattle,0.68641394,0.3486986867915443
3126,seattle,0.5961561,0.49127266169304734
3127,seattle,1.2245356,1.2191323218770604
3128,seattle,0.61482334,0.40790324725241045
3129,seattle,0.8702111,0.6066127521537028
313,seattle,-1.0439801,-1.105090404496485
3130,seattle,0.64854854,0.54433814016191
3131,seattle,1.0448257,0.8556473979542976
3132,seattle,0.63331383,0.5255032022460953
3133,seattle,0.7920526,0.5550718303079089
3134,seattle,0.8756819,0.8576971471355048
3135,seattle,1.6778561,1.018778822165634
3136,seattle,0.3429528,0.0657257969889433
3137,seattle,0.34077638,0.06303509157239816
3138,seattle,0.93280596,0.6827416118389416
3139,seattle,0.73904604,0.36413579861373974
314,seattle,-1.3211482,-0.6580498267339431
3140,seattle,1.5417819,1.194005690258572
3141,seattle,1.5743933,0.6763166373545278
3142,seattle,1.6022756,0.7027522333095303
3143,seattle,1.0091382,1.5713477616972895
3144,seattle,1.2753584,1.517874889312748
3145,seattle,1.6339256,0.731363230901748
3146,seattle,0.99390036,0.586877972307301
3147,seattle,1.301855,0.743828127980036
3148,seattle,0.8702688,0.5477340434163912
3149,seattle,1.4272629,1.1542525874699314
315,seattle,-1.0981553,-0.7314174877140313
3150,seattle,1.4330292,1.160849957399572
3151,seattle,0.8460298,0.4074938781706475
3152,seattle,2.0446913,1.3236699738932705
3153,seattle,0.50842345,0.0011996022933546927
3154,seattle,1.0879765,0.3852374324817941
3155,seattle,0.831308,0.4090152660073923
3156,seattle,1.053278,0.27279328839300604
3157,seattle,1.5128343,1.0450336368600879
3158,seattle,0.96190625,0.32599735990441076
3159,seattle,1.5399375,1.0971819315435334
316,seattle,-1.1008459,-0.722726850606772
3160,seattle,1.0525036,0.4770305508598404
3161,seattle,1.4946877,0.7878366941372191
3162,seattle,1.704802,1.446478579367075
3163,seattle,1.5848861,0.9086547492253502
3164,seattle,1.0891235,0.5213158578784083
3165,seattle,1.1031312,0.5721959761367605
3166,seattle,0.9679199,0.4406161254968893
3167,seattle,0.9790167,0.25219210176101625
3168,seattle,1.476988,0.8042125422572206
3169,seattle,1.562009,0.9025823842194329
317,seattle,-3.411441,-3.5816263059628684
3170,seattle,0.6099443,-0.2244148360216622
3171,seattle,1.5242159,0.8562298283243389
3172,seattle,1.7160475,1.094939677029746
3173,seattle,2.1048558,1.5328601495014973
3174,seattle,1.7094456,1.034941388350135
3175,seattle,2.8035154,2.137049518209493
3176,seattle,2.2438087,2.1094574929925085
3177,seattle,1.7292852,1.0585815124070452
3178,seattle,1.3716918,0.6179804825996386
3179,seattle,2.7187684,2.142953002158243
318,seattle,-2.4029016,-1.7913947407322552
3180,seattle,2.6735756,2.0860434508754384
3181,seattle,2.5080042,2.026764212355809
3182,seattle,2.893159,2.466267653847916
3183,seattle,2.4461896,1.8036961417048127
3184,seattle,2.7361777,2.17279164242424
3185,seattle,3.2169003,2.6465449167564294
3186,seattle,2.304424,2.28543364748439
3187,seattle,2.613063,2.711086671794681
3188,seattle,1.0611804,0.22419790942424372
3189,seattle,2.36836,1.7181255149815076
319,seattle,-3.337065,-3.4882614316300242
3190,seattle,2.2365,1.5429485460863224
3192,seattle,2.547465,1.9477326651471099
3193,seattle,2.3680296,1.7123038930703351
3195,seattle,2.5559115,2.1222969532731804
3196,seattle,2.6771665,2.63472100871036
3197,seattle,2.9467678,2.6084050234080802
3198,seattle,3.074961,2.5897334374442287
3199,seattle,2.2278237,1.5995282923146175
32,seattle,-1.3798715,-0.8094659346743076
320,seattle,0.16248038,0.17320743088140436
3200,seattle,0.8575167,0.5807810239087844
3201,seattle,1.1400276,0.19890108891059882
3202,seattle,0.86412483,-0.15694509385734504
3203,seattle,2.265078,1.6025802624991479
3204,seattle,-0.24444039,-0.7707306618667475
3205,seattle,2.0854166,1.4267674797965832
3206,seattle,2.0126216,1.3376685671804902
3207,seattle,1.1434568,0.2718659575750258
3208,seattle,1.4910082,2.0151983919701144
3209,seattle,1.4615606,1.2158045568870193
321,seattle,-2.8662438,-3.238132771761311
3210,seattle,0.82562065,0.41135919907368224
3211,seattle,1.5655252,1.361226386926034
3212,seattle,2.2609086,1.588753907666932
3213,seattle,0.8060989,0.9059984209267089
3214,seattle,1.9241624,1.5068029746829055
3215,seattle,0.96518576,1.1083749991311493
3217,seattle,1.622547,1.9138898427223476
3218,seattle,1.4292189,0.8909009334769231
3219,seattle,1.3294896,1.563000200437287
322,seattle,-2.9795747,-3.0339441350051226
3220,seattle,1.3860781,0.8312441618277568
3221,seattle,1.1671374,0.5616462353248697
3222,seattle,1.5646454,1.052365714106303
3223,seattle,1.5026063,0.9596923575971429
3224,seattle,1.1852331,0.5787262975870446
3225,seattle,0.8186583,0.1412755762948334
3226,seattle,0.83706623,0.947067830878711
3227,seattle,1.0557964,0.4076787364771879
3228,seattle,1.7346206,1.23475985519993
3229,seattle,3.224683,3.0795822234719923
323,seattle,-0.51152986,-0.12608515865057762
3230,seattle,0.35709286,0.09813554789545276
3231,seattle,0.6769894,0.5002122068981527
3232,seattle,2.632143,2.3481507895524123
3233,seattle,0.5809767,0.640203918409492
3234,seattle,1.2703966,0.42739133427259207
3235,seattle,1.2128291,0.35554257529245353
3236,seattle,1.0830156,0.41436293972741284
3237,seattle,1.7125689,2.0427480712750574
3238,seattle,0.955266,0.3028481540777809
3239,seattle,0.6575473,0.4059497588467658
324,seattle,-0.4125953,-0.0068003749994073465
3240,seattle,2.2121031,1.8211394435191022
3241,seattle,2.760331,1.8460455966660587
3242,seattle,1.4534049,0.6623198112478531
3243,seattle,1.2948158,0.6885786707568792
3244,seattle,1.3417635,0.7448337944558815
3245,seattle,1.3047184,0.7151184374534658
3246,seattle,0.9547419,0.2564349257830469
3247,seattle,0.9847224,-0.3585879775595031
3248,seattle,1.3879778,0.6753672984322011
3249,seattle,-0.34188515,-1.3123642259992687
325,seattle,-0.36557487,0.057205229836550846
3250,seattle,2.948559,2.069854519017627
3251,seattle,0.7094452,-0.24884727385588837
3252,seattle,2.5967493,1.6375239246642574
3253,seattle,1.4780985,0.5448660684384781
3254,seattle,-0.095622726,-0.7253761053532994
3255,seattle,-0.123619735,-0.759204735541667
3256,seattle,1.4031689,0.12864794829466017
3257,seattle,1.3413832,1.3641133871743367
3258,seattle,1.4518114,0.18005440833807218
3259,seattle,1.2223932,0.5991164113662792
326,seattle,-0.29564458,0.143065801631951
3260,seattle,0.5630622,-0.21512761100868485
3261,seattle,1.1752381,0.5408177940078048
3262,seattle,0.4686172,-1.012576642207362
3263,seattle,1.8003796,0.642306100689197
3264,seattle,1.9668822,1.1697160659265655
3265,seattle,3.0299478,2.1910931370457485
3266,seattle,2.3429275,1.331229560808957
3267,seattle,0.030350843,-0.9091411818526591
3268,seattle,0.28648722,-0.582455185146716
3269,seattle,2.6773722,1.7637878760875754
327,seattle,0.93823594,0.14534034974179486
3270,seattle,-0.4483922,-1.4988696057362436
3271,seattle,2.339911,1.3346094614846733
3272,seattle,2.261862,1.253825942470244
3273,seattle,1.9577464,1.3880506749242374
3274,seattle,2.0280304,1.4738924309353496
3275,seattle,1.9562579,1.3856790267987282
3276,seattle,3.2767549,2.493709898881902
3277,seattle,-1.0384731,-2.218932603079701
3278,seattle,1.5559801,0.38341413533960106
3279,seattle,1.0978199,0.4005701656035004
328,seattle,0.90614134,0.10710119474973633
3280,seattle,2.5556552,1.6059489401183453
3281,seattle,2.7581885,1.6297372602277906
3282,seattle,2.7364244,1.602830206062341
3283,seattle,2.5376282,1.592671123856687
3284,seattle,2.4939702,1.5303282092538708
3285,seattle,1.4883189,0.8724324096760089
3286,seattle,4.2049656,2.686946897860291
3287,seattle,2.7536736,2.5699217900063274
3288,seattle,1.6498563,1.628265953230274
3289,seattle,2.284915,1.681150358081263
329,seattle,0.73257893,0.11200369669487069
3290,seattle,2.1760957,1.546615087254014
3291,seattle,2.2258806,1.6078145447740742
3292,seattle,2.224513,2.1541101455483576
3293,seattle,2.1674275,1.5392996417322402
3294,seattle,1.5179068,1.4602572495500237
3295,seattle,2.2271307,2.1205779578987203
3296,seattle,2.3031137,1.489193890807926
3297,seattle,2.0910985,2.16565513030938
3298,seattle,1.7637908,1.538038750038527
3299,seattle,2.0512831,1.3856540148384682
33,seattle,-0.8776326,-0.17653860498135374
330,seattle,0.8643954,0.27752065383116903
3300,seattle,1.0701301,1.0354282617308666
3301,seattle,2.1155558,2.196475391582403
3302,seattle,1.8906887,1.3887398454858284
3303,seattle,1.3677634,1.0264164832573326
3304,seattle,1.522045,0.5735752486584361
3305,seattle,1.1787691,0.373371147936475
3306,seattle,2.1924663,1.3764141669049703
3307,seattle,1.896204,1.0285273071410561
3308,seattle,2.2276273,1.425223987527494
3309,seattle,1.541291,0.8189018239775312
331,seattle,0.6019279,0.8353936827514405
3310,seattle,1.5048895,1.1788294309135408
3311,seattle,1.9673308,1.2660643979513952
3312,seattle,1.3643674,1.2178925177719129
3313,seattle,1.3900838,1.2491546873532158
3314,seattle,1.9691445,1.2683066524651827
3315,seattle,1.2154106,0.8485450445026599
3316,seattle,0.9997783,1.0988888695591155
3317,seattle,0.8764544,0.050862913788763585
3318,seattle,1.1931045,0.346809114487054
3319,seattle,1.727618,0.7964754141114769
332,seattle,1.136959,0.5903970147538042
3320,seattle,2.1004894,1.2560505028786257
3321,seattle,2.1730099,1.5618863420429114
3322,seattle,1.5709383,0.8289669469924921
3323,seattle,1.7911013,1.5411458912990024
3324,seattle,2.5403433,1.748698585504841
3325,seattle,1.7186134,1.0120497905663388
3326,seattle,1.6385995,0.6958754344654765
3327,seattle,0.52298295,0.6292142044750005
3328,seattle,0.81184196,0.5602677426475209
3329,seattle,1.4441819,1.3625217355106707
333,seattle,1.0417465,0.6970452446029051
3330,seattle,0.7612696,0.49182290928081407
3331,seattle,0.5455456,0.2163802210953805
3332,seattle,1.0557879,0.6518425698936618
3333,seattle,1.0913566,0.6951748357595965
3334,seattle,-0.008530219,0.06366122566149118
3335,seattle,0.26221013,0.17566354642636853
3336,seattle,0.61747086,0.1105944813806663
3337,seattle,1.0411772,1.1892842138563318
3338,seattle,-0.004645619,-0.448792927176339
3339,seattle,0.71324646,0.792944851221449
334,seattle,0.58559984,0.8092725492667969
3340,seattle,0.7782881,0.5276809621306551
3341,seattle,-0.055725705,-0.5172693346327617
3342,seattle,0.55299485,0.5429297838370664
3343,seattle,0.60682327,1.079474662717924
3344,seattle,0.69759876,0.9789246382615088
3345,seattle,0.19035318,0.4419644895287839
3346,seattle,0.55002,0.32094509595944937
3347,seattle,0.5627804,0.11455666450462079
3348,seattle,0.1858979,0.024898921550315853
3349,seattle,0.24701366,-0.05783927222101205
335,seattle,1.3069886,1.0260205736424772
3350,seattle,0.4971261,0.033387051105513994
3351,seattle,-0.13288681,0.5691148356560093
3352,seattle,0.32474837,0.5017656649491329
3353,seattle,-0.010246957,0.08299399119057799
3354,seattle,0.2666489,-0.10807073288111192
3355,seattle,0.23726769,-0.1443952560044691
3356,seattle,-0.13330069,-0.11724217133611521
3357,seattle,0.029271247,-0.3895278298579524
3358,seattle,0.10741159,-0.31325367612529087
3359,seattle,0.0023419934,-0.6865377587452959
336,seattle,1.0150285,0.24272911700051472
3360,seattle,0.34258005,0.594676471236881
3361,seattle,0.31362814,0.1825360458127846
3362,seattle,0.5404668,0.2661811233954571
3363,seattle,-0.09318459,0.10108082278785806
3364,seattle,0.5539653,-0.6006049662468572
3365,seattle,0.5440941,0.27066563242303204
3366,seattle,0.28167605,-0.7326123351323603
3367,seattle,0.35238254,0.07891381267563545
3368,seattle,0.32362103,-0.6585520901061384
3369,seattle,-0.06259326,0.5343857975263671
337,seattle,1.1861358,0.45002527244952667
3370,seattle,0.11694653,-0.9216394945890901
3371,seattle,0.5746663,-0.3486139292100476
3372,seattle,0.5485787,-0.3872389237752323
3374,seattle,0.3978411,-0.5619275799793373
3375,seattle,0.6320088,-0.30000993813492177
3376,seattle,0.3978411,-0.5619275799793373
3377,seattle,0.13720445,-0.03044051278089778
3378,seattle,0.30665627,-0.5379173801581993
3379,seattle,0.5318892,0.7822159546052846
338,seattle,1.6249994,1.954814716553461
3380,seattle,0.019471219,0.2382986829980678
3381,seattle,-0.20411557,-1.3285286614272762
3382,seattle,0.5135673,-0.4419356539174335
3383,seattle,0.008589288,0.22484515591534293
3384,seattle,0.34462327,-0.6441694643695418
3385,seattle,-0.40858352,-1.5672334912506074
3386,seattle,-0.03301717,-1.1020849139047864
3387,seattle,0.003290635,-1.047937396092617
3388,seattle,0.10870886,-0.9311132815791316
3389,seattle,0.18261693,-0.5172470561974383
339,seattle,0.86087584,1.1339108352246607
3390,seattle,0.04382245,-1.0085848828316821
3391,seattle,0.029721715,-1.0252801395504711
3392,seattle,0.4464537,0.3394820577147687
3393,seattle,0.26468447,-0.10990054574337252
3394,seattle,0.3841093,0.8026896813202797
3395,seattle,-0.09595842,0.07486122619271583
3396,seattle,-0.16267785,-0.0007297299172940068
3397,seattle,-0.21777411,-0.13599417291726795
3398,seattle,-0.38510442,0.2020681918255854
3399,seattle,-0.38185528,-0.0915140587303152
34,seattle,-2.921003,-1.9141365214932933
340,seattle,0.8436013,1.1120281613350043
3400,seattle,-0.4956814,0.08586789225779388
3401,seattle,0.44262707,-0.551422804051
3402,seattle,0.41469678,-0.5859535235633272
3403,seattle,-1.0764805,-0.9739174601449629
3404,seattle,-0.6943816,-0.7081033400013574
3405,seattle,-0.61028826,-0.6063854037034367
3406,seattle,-1.4075328,-1.3906301165189539
3407,seattle,-1.5089599,-1.51475865910086
3408,seattle,-0.34522292,-0.2817101065893334
3409,seattle,-0.5909773,-0.36557042540498524
341,seattle,0.90607417,0.3399295001000252
3410,seattle,-0.2503465,-0.5377985214955959
3411,seattle,-0.5065619,-0.2524669640177653
3412,seattle,0.723868,-0.4022248459483039
3413,seattle,0.31222388,-0.693978294317808
3414,seattle,0.81152725,-0.29665079447466663
3415,seattle,0.22548611,-0.17016539577338827
3416,seattle,-2.092054,-2.244410520879738
3417,seattle,0.76630855,-0.09439625451556426
3418,seattle,0.56786466,-0.121552998729456
3419,seattle,1.6562407,1.2202908335819644
342,seattle,1.0407706,0.5009428550830943
3420,seattle,-1.5266116,-2.1457155176662073
3421,seattle,-0.9863238,-1.6367315746441842
3422,seattle,1.6427703,1.175732772080839
3423,seattle,1.7739072,1.337310518642634
3424,seattle,0.97183806,0.1529927876504624
3425,seattle,0.9631461,0.32582769075091206
3426,seattle,0.87651145,0.23255398472296904
3427,seattle,0.8452508,0.00859004724861714
3428,seattle,0.8485154,0.012626105373434542
3429,seattle,0.5891708,0.5597822808262469
343,seattle,0.5368591,0.05286682129359117
3430,seattle,0.28244713,-0.5187569855385411
3431,seattle,0.43075383,0.3661973132959633
3432,seattle,-0.32723725,-0.3020073061432377
3433,seattle,0.3705023,0.2931757309644573
3434,seattle,-0.0011982393,-0.4761541497765791
3435,seattle,0.12286375,0.25394038956945225
3436,seattle,0.12322648,0.2543888404722097
3437,seattle,-0.21347725,0.05968107490457374
3438,seattle,-1.3375024,-1.9051740681763167
3439,seattle,-1.2841554,-1.8380144483174359
344,seattle,0.89227813,1.1732713221257216
3440,seattle,-1.40543,-1.3630763694315733
3441,seattle,-1.3598514,-2.1563240365462204
3442,seattle,-1.3474631,-1.9716672085424314
3443,seattle,-1.0090245,-0.8906284652612915
3444,seattle,-0.5973374,-0.3967493276953259
3445,seattle,-0.0035690886,-0.14763618586138413
3446,seattle,-1.2789334,-1.8258636707733722
3447,seattle,-0.03064318,-0.4262024288648967
3448,seattle,-0.18816596,-0.35955743389477235
3449,seattle,-0.66635984,-1.027885172715461
345,seattle,0.8787862,1.1555278989024813
3450,seattle,0.11758497,-0.2475717148850476
3451,seattle,-0.41512126,-0.7283460755875097
3452,seattle,-0.43656147,0.35715073476273274
3453,seattle,-0.48264933,-0.23816280292646944
3454,seattle,-1.1095505,-1.6533504557833087
3455,seattle,-0.4379003,-0.1821797362555098
3456,seattle,-0.5603602,-0.3361158910234987
3457,seattle,-0.88092244,-1.3365012230129005
3458,seattle,-0.76021415,-1.4056427358084371
3459,seattle,-0.3446343,-0.5887282968864057
346,seattle,0.95775604,1.2556193726966693
3460,seattle,-0.7885357,-1.4398194087809317
3461,seattle,0.37746888,0.10975692179384
3462,seattle,0.07426584,-0.28039934701899727
3463,seattle,-0.052051675,-0.45038738249214466
3464,seattle,0.3895774,0.11293326953384956
3465,seattle,0.32379124,0.0327241620543128
3466,seattle,-1.8379699,-2.6217488104310935
3467,seattle,0.022521218,-0.11671639193632864
3468,seattle,-2.1078434,-2.9470832851490325
3469,seattle,-2.067606,-2.8985425720964795
347,seattle,1.1864326,0.8560811123070752
3470,seattle,-0.11334466,-0.060114242152328974
3471,seattle,0.467739,0.21965453415494338
3472,seattle,0.44790095,0.2080458453172392
3473,seattle,0.18448551,0.10643641195628491
3474,seattle,0.42219764,0.3948098233224837
3475,seattle,-0.20484465,-0.5983164439361256
3476,seattle,0.5528412,0.32276344031126186
3477,seattle,-0.09177933,-0.024145318938748574
3478,seattle,0.19252211,0.1068033275657904
3479,seattle,0.1289062,-0.07152525847493199
348,seattle,1.2917447,0.9846681049518755
3480,seattle,0.21722504,0.359961815512008
3481,seattle,0.21214682,0.35368350287340306
3482,seattle,0.40292802,0.16218581609090682
3483,seattle,0.54856604,0.5480807801123513
3484,seattle,0.16475335,0.28519324991984596
3485,seattle,-0.09265744,0.29957844493305497
3486,seattle,-0.63698053,-0.09961195519992955
3487,seattle,0.43290383,0.6289231377086261
3488,seattle,-0.8096827,-1.2368114568731325
3489,seattle,1.0335374,1.1476596370991234
349,seattle,1.1705512,0.661808224579002
3490,seattle,0.33303478,0.5129456630680608
3491,seattle,0.004788434,0.11025324543430827
3492,seattle,0.5932077,0.8299255278478135
3493,seattle,0.4410608,0.6454913806662652
3494,seattle,-0.05252307,0.039398002798623974
3495,seattle,0.6970826,0.7050054434181058
3496,seattle,0.8567742,1.2447804557868578
3497,seattle,0.98050976,1.0578690438865566
3498,seattle,1.009867,1.0938276790043504
3499,seattle,0.2660578,-0.009223444948837105
35,seattle,-0.5227016,-0.9381155587099275
350,seattle,1.4891515,1.0806147559509154
3500,seattle,0.27399367,0.2143474763210559
3501,seattle,0.3838858,-0.4761848394204972
3502,seattle,-0.040451072,-0.8320348486634302
3503,seattle,0.73443455,-0.6602048567335819
3504,seattle,0.096890874,-0.6628955621501268
3505,seattle,0.5454469,-0.08597958299525425
3506,seattle,0.50795376,-0.13120952005970635
3507,seattle,2.314397,1.058082733735927
3508,seattle,0.99808246,-0.94093534600287
3509,seattle,2.8018382,1.6692080370060915
351,seattle,1.2215521,0.892189562271195
3510,seattle,2.4641428,1.2494265969034182
3511,seattle,1.7447367,0.022443820635722127
3512,seattle,0.7079566,0.08299350187242358
3513,seattle,2.7851036,2.5804444036867453
3514,seattle,1.5187823,0.9430188007287755
3515,seattle,1.2564216,0.7839239329515445
3516,seattle,1.1892432,0.7212674889193481
3517,seattle,2.3983984,1.3385361147522226
3518,seattle,1.5419989,1.4560573924602032
3519,seattle,1.1753384,0.6626573893635
352,seattle,0.57477605,0.07805237787096896
3520,seattle,1.492011,1.0816708919381333
3521,seattle,1.8902162,0.9340410607573496
3522,seattle,0.1726978,-1.965878879195363
3523,seattle,0.717693,-1.2959008907680527
3524,seattle,1.2450258,0.8193275092834399
3525,seattle,1.0086272,0.5275171341929189
3526,seattle,2.6448534,1.8946005798298682
3527,seattle,0.20022614,-1.9169639645883516
3528,seattle,1.3671675,1.4448678976747222
3529,seattle,1.2665648,0.842996155176391
353,seattle,0.5007166,-0.01143070648793694
3530,seattle,1.9983951,1.5150838827875412
3531,seattle,1.2344445,-0.6018984077673726
3532,seattle,1.0741788,-0.8077024044824579
3533,seattle,1.5709488,1.7345041949086648
3534,seattle,1.5076147,1.3882263513382347
3535,seattle,1.158966,0.21866911227258107
3536,seattle,1.0334296,-0.852566975651336
3537,seattle,2.352374,0.7638491872147012
3538,seattle,2.3215759,1.3657714261106895
3539,seattle,1.7156687,1.7656088256625062
354,seattle,1.4330857,1.1733702178208538
3540,seattle,1.9015148,2.1356964437029977
3541,seattle,2.237411,1.6169051327178146
3542,seattle,2.0711098,0.4618703231475432
3543,seattle,1.6090956,1.7640124943496704
3544,seattle,2.5011575,1.9840283186392222
3545,seattle,2.8182807,2.3813128160864085
3546,seattle,2.6541884,1.2293109048184088
3547,seattle,0.38319814,-1.587480581936366
3548,seattle,2.6637895,2.3794321270420826
3549,seattle,1.548494,-0.14191256931473042
355,seattle,0.47443056,-0.003790452485841517
3550,seattle,2.0780938,1.6507740959107424
3551,seattle,2.1336498,1.7208918189529971
3552,seattle,2.1760442,1.772577863934842
3553,seattle,0.94426817,2.00817668447429
3554,seattle,2.2479312,1.8547067916630844
3555,seattle,1.0086708,2.075905551724849
3556,seattle,1.5231044,-0.15429465250308294
3557,seattle,1.0829315,2.1660336208723843
3558,seattle,1.3823116,-0.3268142816263
3559,seattle,2.8009324,2.3105521335114942
356,seattle,1.0262024,0.6615939038822202
3560,seattle,2.0067239,1.5601930302323512
3561,seattle,2.967474,1.3944883395660355
3562,seattle,1.8724279,1.3895709540322292
3563,seattle,2.2357113,1.6437345378104316
3564,seattle,2.250168,1.6360875268422463
3565,seattle,0.15983023,-1.8289897162110942
3566,seattle,2.910854,2.1747928531525837
3567,seattle,2.1701367,0.6441890012619633
3568,seattle,2.469744,1.740118086046795
3569,seattle,2.3325455,0.8410677287149285
357,seattle,0.4049459,-0.0620418430170043
3570,seattle,2.5092764,1.787014640769578
3571,seattle,2.3777025,1.6091208599986415
3572,seattle,2.6591947,2.6240288404321817
3573,seattle,2.3809583,1.6225483532303664
3574,seattle,2.8054755,1.9124026459044556
3575,seattle,2.3500502,1.3475734385523541
3576,seattle,2.2670987,2.1406858538188858
3577,seattle,1.3008193,0.9765814366409442
3578,seattle,2.3401203,1.5772281478585133
3579,seattle,0.84001034,0.4017033391347501
358,seattle,0.38999435,-0.13956628266001503
3580,seattle,2.408161,1.6570865697006232
3581,seattle,1.959225,1.12271937191985
3582,seattle,2.1091008,1.95413322321209
3583,seattle,2.5255637,1.804150321332429
3584,seattle,2.5538568,1.8391294917475138
3585,seattle,1.866878,1.0065535044844605
3586,seattle,2.9087944,3.1483458160142663
3587,seattle,-0.28135732,-0.5376240394446125
3588,seattle,3.1408021,3.4342219624205823
3589,seattle,3.5401602,2.9742638764369658
359,seattle,0.587309,0.47182434303963366
3590,seattle,3.1781108,3.4776200772941013
3591,seattle,3.5421276,3.707409299277554
3592,seattle,3.3420243,2.665823830867624
3593,seattle,3.5117817,2.6290916910066953
3594,seattle,3.3396196,3.4604826250616334
3595,seattle,2.0582802,1.03669379250826
3596,seattle,3.3225408,2.6481076303570723
3597,seattle,1.9596138,0.9120261990793886
3598,seattle,2.9360826,3.1849733685851636
3599,seattle,3.059084,3.337777747179763
36,seattle,-0.5310444,-0.9484299294733499
360,seattle,0.3380405,-0.22552229589658085
3600,seattle,1.8187267,2.0434785589702145
3601,seattle,3.242046,3.573474392196428
3602,seattle,2.3073125,2.7952727836435898
3603,seattle,2.3282535,2.8091516953606575
3604,seattle,2.1152148,1.1208052672442228
3605,seattle,3.1705863,3.1744446742706973
3606,seattle,1.9211588,2.3074537288075363
3607,seattle,1.813313,2.5765952461439663
3608,seattle,2.6073613,2.803580823895804
3609,seattle,2.6441338,3.5141917680065737
361,seattle,0.19807631,-0.3117409169325102
3610,seattle,4.430724,3.7236485701422284
3611,seattle,1.7311959,2.0783763531821937
3612,seattle,1.8835901,1.9964559718099015
3613,seattle,4.203857,3.490963603987543
3614,seattle,5.08619,3.087053686653583
3615,seattle,3.8974748,3.0907459392235848
3616,seattle,3.2833986,3.62618745509801
3617,seattle,3.5391135,2.904273802571979
3618,seattle,2.4836192,1.3051064847295857
3619,seattle,2.3408985,2.8296560751882947
362,seattle,0.1355173,-0.4184844754480459
3620,seattle,3.5997863,2.753048959611254
3621,seattle,2.2802515,2.4766083868901685
3622,seattle,3.6541705,2.8003086119346157
3623,seattle,2.859093,3.4680417473585505
3624,seattle,3.8314922,3.044149591790825
3625,seattle,2.7740176,3.0821011735193227
3626,seattle,2.253021,2.502516980084613
3627,seattle,2.230645,1.4283593216262613
3628,seattle,2.213942,2.1767316253015743
3629,seattle,3.2466183,2.442615431848901
363,seattle,0.20546281,-0.42014561714012627
3630,seattle,1.6985734,1.8056422612545997
3631,seattle,3.0862966,3.0794128167947035
3632,seattle,2.2180235,2.3984143818021892
3633,seattle,2.4665804,2.4826427503765003
3634,seattle,3.17581,2.605953370363878
3635,seattle,3.4707935,3.1579255018885446
3636,seattle,1.9511393,2.07179411405632
3637,seattle,3.2548373,2.7031357925556496
3638,seattle,2.146664,2.3108505459628423
3639,seattle,2.9394002,3.1915387314097927
364,seattle,1.0445176,0.626532072883235
3640,seattle,3.523357,3.047564046781146
3641,seattle,2.5223134,2.7699949746280628
3642,seattle,2.994983,2.342799527565835
3643,seattle,4.323557,4.595352765682534
3644,seattle,2.8678088,2.194778390863134
3645,seattle,4.2686443,4.526085819836401
3646,seattle,3.033861,2.9887873405765495
3647,seattle,3.0299926,2.784062661638315
3648,seattle,3.051253,2.641490531780532
3649,seattle,2.831715,2.3690200164884043
365,seattle,0.8481403,0.5320318054306261
3650,seattle,3.3725157,3.368568001319317
3651,seattle,3.2600806,3.0683748306523
3652,seattle,3.8303893,3.5927690567407997
3653,seattle,1.8241903,1.8796082258175537
3654,seattle,3.1567643,2.7614327854903067
3655,seattle,2.950018,2.8701787530282314
3656,seattle,2.6926646,2.169374393260631
3657,seattle,1.7447184,1.995577700573861
3658,seattle,2.929798,2.4634704023338307
3659,seattle,3.6749752,3.1841780259451395
366,seattle,0.5705884,0.6584989541438916
3660,seattle,2.8091269,2.8976001460719405
3661,seattle,3.7611198,3.320563123914181
3662,seattle,3.3839629,2.825719090838297
3663,seattle,2.482602,1.8931807455470915
3664,seattle,1.5667924,1.437355427627635
3665,seattle,2.984351,3.106001174587883
3666,seattle,2.970013,2.564338362166378
3667,seattle,1.8140072,1.8784780216477877
3668,seattle,0.8982088,0.9781939562247766
3669,seattle,2.8963788,2.946526016878282
367,seattle,0.7139102,0.5337473499136185
3670,seattle,2.5391374,2.6565727681302698
3671,seattle,2.8696983,2.9154913634754913
3672,seattle,2.6035283,2.1018490174542057
3673,seattle,2.8144062,1.844330984315003
3674,seattle,2.6121638,2.2415630183687494
3675,seattle,2.0858097,1.670982318170988
3676,seattle,3.3907027,3.07950280032383
3677,seattle,1.956399,1.936620376949056
3678,seattle,2.2077878,1.8084872056904595
3679,seattle,2.7279932,1.983561243676495
368,seattle,0.55497485,0.652755129772
3680,seattle,2.6315205,2.7632935855076393
3681,seattle,2.464595,2.5586297768541377
3682,seattle,2.397812,1.791347465692853
3683,seattle,1.9957863,1.9852708392703817
3684,seattle,1.7750263,1.9104209759135489
3685,seattle,1.8939383,2.393461926460491
3686,seattle,2.17981,2.40625965491006
3687,seattle,2.1317294,2.3515066330753522
3688,seattle,1.7964762,1.9416166564071176
3689,seattle,2.7779267,2.2562533102044924
369,seattle,0.6159298,1.2535315126318785
3690,seattle,2.0784116,1.3650845375406264
3691,seattle,2.106142,2.1030362480821614
3692,seattle,2.5070374,2.6262871506248353
3693,seattle,2.3682678,1.739968619822034
3694,seattle,2.5003896,2.2708031166678673
3695,seattle,2.4557557,2.2090168769378966
3696,seattle,2.453422,2.1051002126471605
3697,seattle,1.3548691,0.48407183128202175
3698,seattle,1.4949001,0.5896536624439129
3699,seattle,1.4456781,1.2789070343096172
37,seattle,-0.53539723,-0.9538113403064399
370,seattle,0.6569184,1.3042064646434754
3700,seattle,2.0953236,1.577951995399529
3701,seattle,2.1080017,1.410441231990877
3702,seattle,1.7109963,1.4607651885597086
3703,seattle,2.1742065,1.6481241377110836
3704,seattle,2.2651696,1.977526426499264
3705,seattle,2.6089141,2.407987881146364
3706,seattle,2.9862697,2.6429933626093796
3707,seattle,2.8479393,2.463779547957859
3708,seattle,1.5880249,0.9029933624499563
3709,seattle,2.9703844,2.487441872465309
371,seattle,0.64511317,0.7636132480526735
3710,seattle,2.7886546,2.2529802053298473
3711,seattle,1.9334602,1.3649366957396827
3712,seattle,2.3713646,2.400448387762241
3713,seattle,2.5104504,2.070052442621597
3714,seattle,2.731887,2.1895337709511034
3715,seattle,0.7549231,0.6771000172560776
3716,seattle,0.22532038,0.20314192452379862
3717,seattle,0.7535247,0.8771237700427551
3718,seattle,0.6193667,0.6792110838694351
3719,seattle,1.2868761,0.7960082938122743
372,seattle,0.31533936,-0.12436811200111406
3720,seattle,1.9443004,1.8543026952068538
3721,seattle,1.9683479,1.8863092572134195
3722,seattle,2.2076662,2.1810332285240164
3723,seattle,1.6943748,2.0234230492390086
3724,seattle,0.43507862,0.3327231940642576
3725,seattle,1.4168861,1.4783675956492477
3726,seattle,0.8016279,0.8043352227410179
3727,seattle,0.9664678,1.147218918497425
3728,seattle,1.161116,0.5290437467687775
3729,seattle,1.3010558,1.3401570025118827
373,seattle,0.69856876,0.12945509895962878
3730,seattle,0.48842224,0.5410540747701638
3731,seattle,0.775795,0.7508585829626937
3732,seattle,1.1583607,1.358271376256226
3733,seattle,0.86596495,0.6352578047152707
3734,seattle,0.45154065,0.3428678161173832
3735,seattle,1.170508,1.179507383495965
3736,seattle,1.3557175,0.5464349263843591
3737,seattle,0.8851252,1.0470367801173823
3738,seattle,1.0972364,1.0889203011389506
3739,seattle,0.8244933,1.5122390625675293
374,seattle,0.4074642,0.4495704607702553
3740,seattle,0.5305533,0.42999321019393866
3741,seattle,1.1145431,1.1099395764862152
3742,seattle,1.0985298,1.1295425161550703
3743,seattle,0.36365306,0.13667947343860268
3744,seattle,0.3266545,0.09093748135733808
3745,seattle,-0.067728035,-0.4300765821505143
3746,seattle,0.35972172,0.2138130287128919
3747,seattle,1.9391,1.6250671250647613
3748,seattle,2.3337438,2.532112251327603
3749,seattle,2.4014077,2.193479634100586
375,seattle,-0.038886882,0.08936849048040427
3750,seattle,2.3873036,2.603188956658982
3751,seattle,0.031098748,-0.3052915553367984
3752,seattle,0.38404956,0.2546166136197014
3753,seattle,0.055881646,-0.18337344205329403
3754,seattle,2.104526,1.8073732533556939
3755,seattle,0.73077506,0.2529724708862407
3756,seattle,-0.31214878,-0.6214605875702381
3757,seattle,0.765559,0.7503333916755488
3758,seattle,0.564707,0.4932771905031725
3759,seattle,0.34313864,-0.06478219685591248
376,seattle,0.4963275,0.5348396835322955
3760,seattle,0.70509374,-0.035184437273917686
3761,seattle,0.93133414,0.2672579355133944
3762,seattle,-0.32799923,-0.638701465628689
3763,seattle,0.6870506,-0.05527699383473423
3764,seattle,2.5217855,1.8281987089545881
3765,seattle,2.6614103,1.9978202286152065
3766,seattle,3.0060892,2.212722044928378
3767,seattle,2.294335,2.0682277339164314
3768,seattle,3.5886135,3.4648628089420836
3769,seattle,0.81553924,0.36531459414692413
377,seattle,-0.15747139,-0.058077452163886795
3770,seattle,0.7864345,0.34882390620240006
3771,seattle,2.604815,1.9342635365631622
3772,seattle,3.3939908,2.908999109431428
3773,seattle,3.1940815,2.672563689846133
3774,seattle,2.6443627,1.9658219875002794
3775,seattle,0.83822536,0.8126368715452832
3776,seattle,2.377328,1.6292303555120637
3777,seattle,1.3712578,1.0788455364488176
3778,seattle,2.3343291,2.115476106474825
3779,seattle,0.92043215,0.5037641276753415
378,seattle,0.7809724,1.4575766733865392
3780,seattle,2.3978872,1.6521926699694345
3781,seattle,2.3680122,1.3927451576716834
3782,seattle,0.26893857,0.12337003083133924
3783,seattle,2.052187,1.507484828424917
3784,seattle,2.1723518,2.186283871836225
3785,seattle,2.1888514,1.444040935562837
3786,seattle,2.4037952,1.9381484868577958
3787,seattle,1.7927535,1.5811458067663413
3788,seattle,1.7812241,1.5739565406222498
3789,seattle,1.5467902,1.0665840914697147
379,seattle,-0.95583797,-0.7242687020125265
3790,seattle,2.685557,0.8237325574268631
3791,seattle,1.6166258,1.1407909605775604
3792,seattle,1.4623699,1.1789909652756791
3793,seattle,2.3375905,1.7640665764583265
3794,seattle,2.37573,1.6550042847233086
3795,seattle,1.6726141,0.8296022779437573
3796,seattle,1.4702237,0.7920108932489741
3797,seattle,1.4891808,1.5672163960168202
3798,seattle,1.5441558,0.616293951017356
3799,seattle,1.6456639,0.7211657008484801
38,seattle,-1.8255119,-1.8292421375065533
380,seattle,0.05837809,0.2093803758368435
3800,seattle,1.4454249,0.7606926262296766
3801,seattle,1.5470259,0.8808117822303847
3802,seattle,1.4443367,0.7593472735214041
3803,seattle,1.3263085,1.3657626775932148
3804,seattle,0.99962753,1.039103685336188
3805,seattle,1.0271693,1.2412477452034292
3806,seattle,3.6124988,1.949234132649354
3807,seattle,2.7182765,2.0809539261257557
3808,seattle,0.6334509,0.6125363566181604
3809,seattle,1.4349604,1.7205982591879236
381,seattle,-1.1529288,-1.2927905978999017
3810,seattle,1.812738,1.2233369325986363
3811,seattle,1.6278038,1.9691465120242428
3812,seattle,2.6439102,2.014368568144689
3813,seattle,2.7434697,1.8956309910628222
3814,seattle,3.652683,1.999830169164956
3815,seattle,3.6582506,2.0064811968562712
3816,seattle,3.5465991,1.6698793371593754
3817,seattle,0.7609271,0.5480288200690239
3818,seattle,2.1988196,1.7726338795835601
3819,seattle,2.6990476,2.490466841840682
382,seattle,-0.82281774,-0.8863842826728054
3820,seattle,3.796833,2.175951474874261
3821,seattle,2.4010403,1.8224367120034581
3822,seattle,1.1531184,1.236158266373271
3823,seattle,2.810264,2.644046294801162
3824,seattle,4.0021696,2.4245223178839175
3825,seattle,3.3766282,1.452960224270875
3826,seattle,1.2175674,1.0985179415672819
3827,seattle,0.8531452,0.7967991277162338
3828,seattle,1.1310512,1.2268172425443067
3829,seattle,0.99077654,1.0320805148839247
383,seattle,0.9099909,1.0564173395321121
3830,seattle,1.2200899,1.238085704817312
3831,seattle,1.8239179,1.1119276889420588
3832,seattle,1.1070768,1.1977325208784746
3833,seattle,2.0733361,1.9525212448602807
3834,seattle,1.619228,1.0751491514242821
3835,seattle,1.8112754,1.308912897909155
3836,seattle,1.737006,1.2184047331575896
3837,seattle,1.0481534,0.15001993318090265
3838,seattle,-1.125771,-0.931372815177001
3839,seattle,-0.21088491,-0.4792103501170632
384,seattle,-1.5547564,-1.3088956543343482
3840,seattle,-0.036674608,-0.6618650242796246
3841,seattle,0.35579354,0.5503147995144945
3842,seattle,1.1923527,0.5525481614116614
3843,seattle,1.4268624,0.6225065022418308
3844,seattle,1.4243232,0.6193673459225285
3845,seattle,1.4615456,0.6574556342566532
3846,seattle,1.4243599,0.6100043554499341
3847,seattle,0.3115118,0.49640628682066984
3848,seattle,1.4690598,0.6630694553387515
3849,seattle,1.2381232,0.6060027730863542
385,seattle,-0.15601939,0.20563369750685748
3850,seattle,1.2402996,0.6086934785028991
3851,seattle,1.4181857,0.5991431281917935
3852,seattle,1.5088365,0.7088151804536713
3853,seattle,1.513174,0.9323821007196044
3854,seattle,1.7320863,0.9830570527312014
3855,seattle,0.7355522,0.9833153012558006
3856,seattle,0.6760898,1.4499828860004003
3857,seattle,-1.1923776,-1.5348371976089799
3858,seattle,1.4439194,0.7907758619224627
3859,seattle,1.4248934,0.5730481559496616
386,seattle,-0.6185014,-0.36614120350895
3860,seattle,1.040669,0.31898608460707517
3861,seattle,0.2995571,0.42894857556010574
3862,seattle,0.5594562,0.5359068855731224
3863,seattle,0.3163829,0.46066115341275676
3864,seattle,1.659019,1.0567072472576577
3865,seattle,0.51493645,0.48246115437409826
3866,seattle,0.45950615,0.6315465978432525
3867,seattle,-0.42166358,-0.9582293388408395
3868,seattle,0.41181377,0.5672194958453006
3869,seattle,2.0149252,1.8198061831333714
387,seattle,-0.765921,-0.23177963662940082
3870,seattle,1.9584091,1.9686685632545073
3871,seattle,1.1091111,0.40270358639007764
3872,seattle,1.1112875,0.4053942918066226
3873,seattle,0.2994182,0.45039417455768216
3874,seattle,0.17782488,0.29919895715099826
3875,seattle,0.14296241,0.2412268619181876
3876,seattle,2.0528278,1.8648344031834867
3877,seattle,0.71668833,0.32789981492747794
3878,seattle,0.73376524,0.3481745099144905
3879,seattle,1.253452,0.751947679603768
388,seattle,-0.44667074,0.4080097295080381
3880,seattle,1.1322992,0.6223044980709277
3881,seattle,1.0564353,0.5300575805413024
3882,seattle,1.056798,0.5305060314440598
3883,seattle,0.19620703,0.06526573121248723
3884,seattle,0.577028,0.3070261210146865
3885,seattle,0.70074165,0.4757588312771241
3886,seattle,0.5926775,0.331442805044023
3887,seattle,-0.12522633,0.15939427851735147
3888,seattle,0.21322143,-0.19676923735865903
3889,seattle,0.40891573,0.05598000488364762
389,seattle,-0.30841672,0.590161418361491
3890,seattle,0.004278943,-0.4500015223246018
3891,seattle,-0.0040638703,-0.4603158930880241
3892,seattle,0.41022408,0.30405443639692653
3893,seattle,0.14110261,-0.04196036085013432
3894,seattle,0.8597441,0.6628811154347306
3895,seattle,-0.66148984,-0.2884117651672343
3896,seattle,-0.30666536,-0.3698842563407478
3897,seattle,-0.12808594,-0.06082037369273484
3898,seattle,-0.7121491,-0.23714832254696716
3899,seattle,-1.0603513,-0.667936807817691
39,seattle,-0.55679834,-0.9802699435691321
390,seattle,-0.5743594,0.2524286613728439
3900,seattle,-0.07187191,0.015091165012802735
3901,seattle,0.15328188,-0.002646975557790656
3902,seattle,-0.51407737,-0.6253787668167776
3903,seattle,-0.18137251,0.4118994893844104
3904,seattle,-0.123185046,0.47121404410553946
3905,seattle,0.39347318,1.103312083359471
3906,seattle,0.58102125,1.3365936393526539
3907,seattle,0.8340704,1.642797767850842
3908,seattle,0.677883,1.488486638557441
3909,seattle,0.29218873,1.013964286307988
391,seattle,0.4980939,-0.9972624440810199
3910,seattle,-0.007837786,0.30357481476653597
3911,seattle,0.90477914,1.706824561205524
3912,seattle,0.19203186,0.8833304393807934
3913,seattle,0.3097219,0.8096348460473043
3914,seattle,1.4489266,2.3936614972440706
3915,seattle,2.6529229,1.9248393116309903
3916,seattle,2.7547004,2.0287162962917997
3917,seattle,2.62862,1.8947931011462382
3918,seattle,1.8903086,0.7717714360810036
3919,seattle,2.3325832,1.5365652985264726
392,seattle,0.60872686,-0.8604849187399836
3920,seattle,1.2260703,1.4018157343245403
3921,seattle,0.32415664,0.5238630515598385
3922,seattle,1.20659,1.9189843836435063
3923,seattle,1.7492191,1.8453958901575904
3924,seattle,1.9868988,2.481359398955175
3925,seattle,1.8920096,2.0374245649181875
3926,seattle,-1.1266629,-1.3786009801400938
3927,seattle,1.2386113,1.7290319041971458
3928,seattle,1.8325422,2.509952696918107
3929,seattle,1.7837838,1.9104284505054199
393,seattle,-0.7549024,-0.5667539184018956
3930,seattle,0.6264344,0.8622232395829803
3931,seattle,0.46060878,0.5981376654243319
3932,seattle,3.8467925,3.9595740029849638
3933,seattle,1.7153192,2.012158925131997
3934,seattle,1.9420964,2.521055174548794
3935,seattle,1.7317704,2.2537311615891604
3936,seattle,1.9933481,2.357810462280066
3937,seattle,1.1702183,1.6876751010737614
3938,seattle,3.7257078,3.8069924825299206
3939,seattle,3.3687174,2.835251243427697
394,seattle,-0.7563397,-0.5677704901901939
3940,seattle,3.2755775,3.230855946635067
3941,seattle,1.2387636,1.7720170234515398
3942,seattle,2.102866,2.720617585525238
3943,seattle,2.0782964,2.68701343089231
3944,seattle,-0.27329326,-0.3370711041406516
3945,seattle,2.8046374,3.600122100758415
3946,seattle,2.511187,3.226736775138176
3947,seattle,1.705133,2.710632279348124
3948,seattle,3.8113825,3.376524840127241
3949,seattle,3.028398,2.957994923396624
395,seattle,-0.6353623,-0.33919411379271336
3950,seattle,3.0143373,2.940837015540251
3951,seattle,3.099189,2.510579347120148
3952,seattle,2.508569,3.2377949231356555
3953,seattle,2.3073702,1.418692973604146
3954,seattle,3.7409568,3.2583542850698475
3955,seattle,3.9163225,3.029556454698277
3956,seattle,3.5947886,2.63776652519488
3957,seattle,1.0151194,-0.17217537788860438
3958,seattle,2.7223492,2.005985336304656
3959,seattle,3.7162666,3.2410676842933324
396,seattle,0.32482386,-0.45468315445818286
3968,seattle,3.2276094,2.6241102220055694
3969,seattle,3.3286374,3.2795746051084933
397,seattle,-0.5993211,0.22078345975861693
3970,seattle,3.5270715,3.528240004782148
3971,seattle,3.6778996,2.7575251244299905
3972,seattle,0.8080346,-0.4574470552553605
3973,seattle,1.2670003,1.3024683545287867
3974,seattle,3.6492207,3.150989814535745
3975,seattle,3.06766,3.3451690554297406
3976,seattle,3.0669346,3.3442721536242255
3977,seattle,3.5407326,2.997556072355088
3978,seattle,3.6365569,3.1130489742453857
3979,seattle,3.6024315,3.071697086828771
398,seattle,0.76539016,-0.44255156092542397
3980,seattle,1.951858,1.9698157783482253
3981,seattle,1.9017851,1.907332812131251
3982,seattle,0.8264026,-0.4329286774620786
3983,seattle,4.1491933,3.753618931671411
3984,seattle,2.008706,1.0402971981041764
3985,seattle,3.8579595,3.385632035947266
3986,seattle,2.2582858,2.22971305870823
3987,seattle,2.0971267,1.142211636052241
3988,seattle,3.2116668,3.5277340479602475
3989,seattle,3.663997,3.1321545989576633
399,seattle,0.8036757,-0.3978221464968063
3990,seattle,2.5845962,2.75042444381315
3991,seattle,4.1556606,3.5390345326066672
3992,seattle,2.591483,2.6546015462485877
3993,seattle,2.9406679,3.1968468850608245
3994,seattle,3.24283,3.350542564056547
3995,seattle,4.081956,3.41665183082118
3996,seattle,2.826655,3.0488001065934767
3997,seattle,3.6116228,3.084549963053242
3998,seattle,3.1027818,3.391016305507526
3999,seattle,3.6415107,3.953684896041059
4,seattle,0.5771348,0.3835742261033322
40,seattle,-0.60105157,-1.0349809537055468
400,seattle,0.63600194,-0.6031935986515466
4000,seattle,1.2468895,1.7653958648409005
4001,seattle,1.9130523,0.9355402582556104
4002,seattle,2.2109854,2.5594177710032784
4003,seattle,3.3110802,3.4338545893516663
4004,seattle,3.2317445,3.6024527461525997
4005,seattle,1.3806658,1.5037619212140825
4006,seattle,3.6947079,3.173463687115938
4007,seattle,3.9661303,3.2924847814667726
4008,seattle,3.0687144,3.350054961671012
4009,seattle,3.016331,3.5596396394307552
401,seattle,0.68426824,-0.5366256185874303
4010,seattle,1.6102918,1.9770459848516932
4011,seattle,2.1311436,2.0656386013370396
4012,seattle,3.2497213,3.3527995177742915
4013,seattle,2.2512739,1.3101907811765454
4014,seattle,3.8308332,3.3690622319545027
4015,seattle,2.1769495,1.2134377937760095
4016,seattle,2.2154474,3.072113159343252
4017,seattle,-0.33362108,0.43905381992168063
4018,seattle,-0.23158942,0.5617595940737746
4019,seattle,-0.19920507,0.6021200040066029
402,seattle,-0.02393068,0.2642422922281484
4020,seattle,-0.14562277,0.16808783063891689
4021,seattle,0.7327861,-0.0037730689629288812
4022,seattle,-0.5693384,-0.146300302190006
4023,seattle,-0.5752169,-0.15439180521564944
4024,seattle,0.9631345,0.270021652674675
4025,seattle,1.0984393,0.4455420465156535
4026,seattle,1.0963087,0.44364566958786167
4027,seattle,0.81579405,0.2685511946088082
4028,seattle,1.3658519,0.7760379976119853
4029,seattle,-0.17789635,1.165380848900378
403,seattle,0.21075788,-1.1213613328452827
4030,seattle,-0.13835867,1.2142619973009452
4031,seattle,-1.6246694,-1.124612734478352
4032,seattle,-0.52706647,0.7542205737698711
4033,seattle,1.0454967,0.4749314268113531
4034,seattle,1.409035,0.7307778470026174
4035,seattle,1.4911239,0.8317951688294649
4036,seattle,-2.0177953,-1.6207165851856853
4037,seattle,1.3623334,0.8766581173558562
4038,seattle,-2.0623848,-1.135531179508073
4039,seattle,1.3833225,0.6746991747310321
404,seattle,-0.4007878,-1.0308020309912436
4040,seattle,1.3532501,0.8542448391881133
4041,seattle,1.4306741,0.732811030244661
4042,seattle,0.98615474,0.4054418733411426
4043,seattle,-0.22920442,-1.055417253308537
4044,seattle,0.51716715,-0.15356266213617067
4045,seattle,0.7388448,0.1567606048571208
4046,seattle,1.5359434,0.8989145322996115
4047,seattle,1.5165648,0.6783784848279324
4048,seattle,1.5292578,0.7017794670645743
4049,seattle,2.0213544,1.1078193332719923
405,seattle,-0.50064266,-0.23706655282573005
4050,seattle,1.9879831,1.0665618502183025
4051,seattle,1.7539594,0.9993164560560903
4052,seattle,0.52527744,0.9119005910338962
4053,seattle,1.8446082,0.8951388915242718
4054,seattle,1.2999197,0.4201713614410593
4055,seattle,1.1957091,0.2920110177913546
4056,seattle,1.7872399,1.0549346236729606
4057,seattle,1.1779983,1.1721076014687597
4058,seattle,1.5800967,1.6744182440166095
4059,seattle,1.5273529,1.608734240647641
406,seattle,0.74815804,-0.4868925911133825
4060,seattle,1.9596378,1.2782559999155334
4061,seattle,2.3863318,1.7936466445557941
4062,seattle,0.115169,-0.13227007856406217
4063,seattle,2.0522907,1.3970741074360253
4064,seattle,1.8679534,1.1603648731833964
4065,seattle,2.5931811,2.0559129489812213
4066,seattle,2.4030666,1.797399159669763
4067,seattle,1.1723621,0.8664237047064558
4068,seattle,2.1481667,1.4947416231385442
4069,seattle,2.0877306,1.4349354117089168
407,seattle,0.20294946,-0.23463566099633837
4070,seattle,2.10953,1.4626351718511472
4071,seattle,2.1399992,1.5003050476827768
4072,seattle,2.1632366,1.29072856312066
4073,seattle,2.1277978,1.4642184455403167
4074,seattle,1.9266425,1.7489681902915846
4075,seattle,2.2655356,1.655420755381733
4076,seattle,2.1569805,1.5203345645479251
4077,seattle,1.7272233,1.5641647711048727
4078,seattle,1.3768042,1.1246831381308893
4079,seattle,1.7029814,0.9497071632121363
408,seattle,0.9196472,0.33406910599142486
4080,seattle,1.2945349,1.0163724495763737
4081,seattle,1.752603,1.5378683726391724
4082,seattle,1.7440848,1.350690615430254
4083,seattle,1.2859,1.0060860205968127
4084,seattle,1.7492709,0.9908976767763935
4085,seattle,1.8030218,1.0559903187441848
4086,seattle,1.6905483,1.3255327086414097
4087,seattle,1.408447,1.2739551703885237
4088,seattle,1.6090107,1.253483416025753
4089,seattle,2.6278818,2.5085126199781684
409,seattle,0.8670881,-0.29775487104049375
4090,seattle,2.6252084,2.5035593257000883
4091,seattle,1.2638291,1.0925801629959337
4092,seattle,2.7036006,2.5955749566793753
4093,seattle,1.5862569,1.4026944482056347
4094,seattle,0.93985033,1.1061853187634079
4095,seattle,1.1914612,0.9998498806638354
4096,seattle,1.0333457,0.7934882946098227
4097,seattle,1.1690576,0.9732036438167124
4098,seattle,2.5346406,2.400824170045905
4099,seattle,1.7902818,1.4398140873712653
41,seattle,-2.1011064,-1.1671935513909772
410,seattle,0.96381634,-0.24526038655998422
4100,seattle,1.2524,1.0751896323270944
4101,seattle,1.1578114,0.9515446633899592
4102,seattle,2.1945338,1.9771937108584627
4103,seattle,1.9867247,1.719031734433778
4104,seattle,1.5366805,1.1980751153620994
4105,seattle,2.5954244,2.4262171170132074
4106,seattle,1.0064869,0.5104775602095976
4107,seattle,1.5112892,1.1666835521690746
4108,seattle,1.5580815,1.2245337186247918
4109,seattle,0.9892394,0.5012213778787808
411,seattle,0.9422333,-0.27240581352758797
4110,seattle,1.0841384,0.651089864896143
4111,seattle,1.089957,0.6497453218677484
4112,seattle,1.8054888,1.4598125316809212
4113,seattle,1.7816794,1.4712281369576816
4114,seattle,1.11428,0.7846423204140089
4115,seattle,0.7056333,0.39994963341330325
4116,seattle,0.68672633,0.37940201966792053
4117,seattle,1.9038713,1.5859156993571895
4118,seattle,2.3396807,1.9014721076736
4119,seattle,1.243302,1.345079748519219
412,seattle,0.90307444,-0.3194060717578405
4120,seattle,1.0214125,1.079565117653764
4121,seattle,0.5037967,0.07170923611936335
4122,seattle,1.601437,1.1832296249427883
4123,seattle,1.0127105,0.5275067137951079
4124,seattle,0.97832465,0.7214128729719289
4125,seattle,0.6330552,0.9068594839072053
4126,seattle,0.5106302,0.37390791878230506
4127,seattle,1.0966116,0.4097394955554691
4128,seattle,0.13622445,0.341713253475865
4129,seattle,0.18084888,0.6245838573901613
413,seattle,-0.042108364,-0.5521411131969113
4130,seattle,0.5764612,0.2484146656849384
4131,seattle,-0.48879328,-0.41006734048353394
4132,seattle,-0.00066506263,0.17636965693598836
4133,seattle,0.010795972,-0.021568551654195748
4134,seattle,0.45319346,1.300000453115766
4135,seattle,1.3306766,1.034987553440488
4136,seattle,1.2115579,1.1016171439981393
4137,seattle,0.73510504,0.6966069463936949
4138,seattle,0.5983631,1.2277727165862922
4139,seattle,0.7563531,0.8840375817915274
414,seattle,0.011422185,-0.47340233133008053
4140,seattle,0.1696601,0.7480999197892704
4141,seattle,-0.051029146,-0.31064914430868795
4142,seattle,0.47209597,0.280905756275681
4143,seattle,-0.0034383808,-0.3025026750598505
4144,seattle,0.4991994,0.34871430015572324
4145,seattle,1.427642,0.8364988768113184
4146,seattle,0.8219224,0.07673435839162233
4147,seattle,0.7759909,-0.19030841407722465
4148,seattle,0.77200085,-0.19524137400755714
4149,seattle,0.63188887,-0.15767607013882626
415,seattle,0.59756285,-0.5975660253359952
4150,seattle,0.9646559,0.7779646598402634
4151,seattle,1.1212833,0.7584416042626654
4152,seattle,1.113485,0.7493818409079435
4153,seattle,0.90602213,-0.03527657061274242
4154,seattle,-2.2495399,-2.8960022233567004
4155,seattle,-1.7915254,-2.312678322649146
4156,seattle,-3.436127,-4.338325195121781
4157,seattle,-1.6506352,-2.1511169620993087
4158,seattle,-3.3744476,-4.345139940617875
4159,seattle,-1.7244684,-2.239794564998161
416,seattle,2.5078938,1.7362310996256078
4160,seattle,-2.703868,-3.5282606485347263
4161,seattle,-2.5456953,-3.341796308390351
4162,seattle,-2.4635396,-3.2420570782038216
4163,seattle,0.1048468,0.4253069469635947
4164,seattle,-2.613038,-1.8203727772101628
4165,seattle,-2.5506482,-1.7432392219358734
4166,seattle,0.13900945,0.17197561892971017
4167,seattle,0.21916637,0.2603174324735455
4168,seattle,-0.27347898,-0.3542879841260562
4169,seattle,-0.590231,-0.7437486842315013
417,seattle,2.1433117,1.0629377795870036
4170,seattle,-0.31952238,0.2837488844225073
4171,seattle,-0.08193623,0.5851894263687961
4172,seattle,-0.019357499,0.6548076301242285
4173,seattle,-0.0055737197,0.6718487644290132
4174,seattle,0.015096135,0.7014114673650461
4175,seattle,-0.56150556,-0.10112620087239822
4176,seattle,-0.87327003,-0.48473485250442283
4177,seattle,-0.7174799,-0.29396008905812165
4178,seattle,-0.8731153,-0.4634552263018622
4179,seattle,-0.025011728,0.623457149304224
418,seattle,2.5395436,1.555617682743263
4180,seattle,0.052526847,0.6624674873225235
4181,seattle,-0.009537134,0.6417798408252128
4182,seattle,-0.21744633,0.31693009358247903
4183,seattle,-0.9940265,-0.571572308155938
4184,seattle,-0.00789027,0.35686161070390465
4185,seattle,-0.2368057,0.3681462990062937
4186,seattle,0.88534755,1.741978293949041
4187,seattle,0.45889127,1.2168886434380592
4188,seattle,-0.47545952,0.014475518169498167
4189,seattle,-0.08262182,0.5001478458558666
419,seattle,1.8603483,0.7150117795078508
4190,seattle,0.21115918,0.9476621256640683
4191,seattle,-0.45151928,0.044073277751492904
4192,seattle,-0.38340974,0.13047640862025678
4193,seattle,-0.17789668,0.3863431132404715
4194,seattle,0.11705162,0.8375529706288065
4195,seattle,-1.1181235,-0.753695396999707
4196,seattle,-0.3391415,0.21821487157737726
4197,seattle,-0.4718169,0.05533546567748359
4198,seattle,-0.6241357,-0.13948177696726505
4199,seattle,-0.2185804,0.36820254601947605
42,seattle,-3.499547,-2.7222793158171323
420,seattle,1.9529942,1.0542643204967175
4200,seattle,-0.37567985,0.17470100396444804
4201,seattle,-0.06390879,-0.054723763983398906
4202,seattle,0.07351719,0.701910397717769
4203,seattle,-0.21420576,-0.19164415391392073
4204,seattle,0.12343997,0.17556800612897686
4205,seattle,0.32358906,0.42214873946819204
4206,seattle,-1.1092178,-0.9709637439860294
4207,seattle,-0.2823025,-0.4791498848251343
4208,seattle,-0.62150824,-0.7572282917787417
4209,seattle,-0.22511674,-0.28599017663775406
421,seattle,2.6918507,1.7367565020342595
4210,seattle,-0.5954651,-0.7438585483531576
4211,seattle,-0.75309956,-0.9366843205052969
4212,seattle,-1.3513398,-1.6688294792285836
4213,seattle,-2.7135682,-3.3586931500779396
4214,seattle,1.705575,0.8817376240851149
4215,seattle,1.4572457,0.7974123847098781
4216,seattle,1.5983244,0.9676139898113414
4217,seattle,1.0913093,0.6066346877160849
4218,seattle,1.6265957,0.7856890571241282
4219,seattle,1.5602536,0.9215348791817437
422,seattle,1.726732,0.7719148807019225
4220,seattle,2.0439367,1.2907366680006913
4221,seattle,1.7695267,1.1714487278671974
4222,seattle,1.2678386,0.8270713576182206
4223,seattle,1.881087,1.3125594775110887
4224,seattle,1.0679594,0.5865768562997998
4225,seattle,1.3510884,0.9340106300897274
4226,seattle,0.87563,0.3465816516886126
4227,seattle,1.3594313,0.9443250008531497
4228,seattle,1.412745,1.008335935402989
4229,seattle,1.0679594,0.5865768562997998
423,seattle,1.9311988,1.0196282886026389
4230,seattle,1.9096977,1.8883001910322064
4231,seattle,1.380514,0.9635193014409391
4232,seattle,-0.1964557,0.40938809766901463
4233,seattle,1.8048152,1.4773328698193051
4234,seattle,1.9973769,1.4357171429392543
4235,seattle,1.6112428,1.2340535891744633
4236,seattle,1.8593976,1.2675371335461592
4237,seattle,-0.9375337,-0.5352563538833799
4238,seattle,2.390705,1.704152509397375
4239,seattle,0.29251042,-0.6713040733305157
424,seattle,2.2641244,1.2110065147297446
4240,seattle,1.818849,1.224892660202523
4241,seattle,1.8296264,1.2378398193001527
4242,seattle,1.3788518,0.6816719830055579
4243,seattle,0.75337946,0.2882456803220393
4244,seattle,1.4891752,1.2087484277032532
4245,seattle,0.82921433,0.4054471396784609
4246,seattle,1.3851808,0.867423982997176
4247,seattle,0.8248616,0.40006572884537095
4248,seattle,1.770875,1.1633997001413956
4249,seattle,1.417567,1.1191029033861788
425,seattle,-0.82335943,-0.9499781313784113
4250,seattle,1.1757554,0.8220341042450321
4251,seattle,1.7424856,1.6642210199056082
4252,seattle,1.4746548,1.722702767038449
4253,seattle,1.4451346,1.6921613676390486
4254,seattle,1.4906149,1.7424346067597787
4255,seattle,0.024001202,-0.5978730005270746
4256,seattle,-0.3020956,-0.9927173651724253
4257,seattle,0.98301095,1.1282933557534198
4258,seattle,0.44792706,-0.10010039016908955
4259,seattle,0.63815725,-0.0862217305488189
426,seattle,0.58096915,-0.08143077120366718
4260,seattle,0.70698977,-0.003000653931819764
4261,seattle,0.92604613,0.25105614758315836
4262,seattle,1.6097403,1.0511925082249831
4263,seattle,1.6749699,1.1296869029650225
4264,seattle,1.6209052,1.0635417294561396
4265,seattle,1.7871305,1.259747600444148
4266,seattle,0.7857558,0.3176320614672206
4267,seattle,0.5466171,0.014802595600840561
4268,seattle,1.2918035,0.7066432646195615
4269,seattle,1.7912171,1.2695959243329724
427,seattle,1.8772178,0.9509321323159137
4270,seattle,1.9529508,1.462426830724793
4271,seattle,0.9693884,1.063587393908531
4272,seattle,0.763353,0.06278684219589258
4273,seattle,-0.28813866,0.22434512238861595
4274,seattle,1.8113515,1.2963198487240568
4275,seattle,0.7004274,-0.027880313932004144
4276,seattle,1.2917138,0.7111219220992536
4277,seattle,0.78869003,0.33854533971523565
4278,seattle,1.318409,0.7820639325149528
4279,seattle,1.1864952,0.8383289729129111
428,seattle,1.9557588,1.0435282487951005
4280,seattle,0.86333257,0.4052860667110299
4281,seattle,2.0859468,1.6530849974287483
4282,seattle,2.127084,1.7029067610022284
4283,seattle,0.70974565,-0.0033607212557924863
4284,seattle,0.48777467,0.4133440012982522
4285,seattle,1.10066,0.47757839025390886
4286,seattle,-2.4572423,-2.3904313777832997
4287,seattle,-0.72070503,0.01775871384352755
4288,seattle,-0.7555272,-0.5642687684644921
4289,seattle,-0.15725309,0.15678735675794717
429,seattle,2.1151328,1.2446045504749534
4290,seattle,0.59463215,0.0836574735518703
4291,seattle,-0.34141868,0.22411678164278162
4292,seattle,-0.8112103,-0.42777918405612925
4293,seattle,1.881879,1.1858991745297458
4294,seattle,2.3983068,2.202465537596616
4295,seattle,1.3008481,0.6913245197540215
4296,seattle,1.2352197,0.6170576095524539
4297,seattle,1.9943676,1.4865663796519077
4298,seattle,0.08700209,0.4560457055724951
4299,seattle,1.2608964,0.6492175699569601
43,seattle,-0.64095193,-1.0843105530088712
430,seattle,1.9514412,1.0430405829370366
4300,seattle,0.4487628,0.1419178903445076
4301,seattle,0.43642995,0.1266705596507529
4302,seattle,0.44985098,0.1432632430527802
4303,seattle,1.737118,1.1740607360443338
4304,seattle,0.3598003,0.02971743059186278
4305,seattle,0.061248187,-0.1147705041665873
4306,seattle,0.30578053,-0.016854936760802595
4307,seattle,-1.1754804,-0.8066577415211431
4308,seattle,-1.1707649,-0.8008278797852956
4309,seattle,-0.97318304,-0.5417422367407391
431,seattle,3.7790148,3.849449408050404
4310,seattle,-0.86298347,-0.41874529276637296
4311,seattle,-0.4717607,-1.274314896260319
4312,seattle,-0.46166342,-1.2716902393795484
4313,seattle,-0.72683144,-1.6161998031119231
4314,seattle,-0.093273,-0.02911551214016667
4315,seattle,0.24745715,-0.19305637997909286
4316,seattle,0.22353277,-0.22164590540114829
4317,seattle,0.10023385,-0.14909721441678853
4318,seattle,1.6340874,1.121046433607593
4319,seattle,1.6595763,1.15199052879721
432,seattle,3.083252,2.9870599620046465
4320,seattle,0.94620925,0.814739839253951
4321,seattle,0.6239765,-0.15086271868970116
4322,seattle,1.4423978,0.8823058325806205
4323,seattle,1.3333797,0.7501284921142911
4324,seattle,1.1100138,0.4646387941109302
4325,seattle,1.2429589,0.4090308821690008
4326,seattle,0.6198684,-0.1554746862609628
4327,seattle,0.16951324,-0.24868195490549583
4328,seattle,-0.76583564,-1.2227019086688962
4329,seattle,0.34440687,0.18906455661313754
433,seattle,1.6621099,1.0514316701603983
4330,seattle,1.0719069,1.0856364428657108
4331,seattle,-0.14039858,-0.6212682347891859
4332,seattle,-0.1335067,-0.6127476676367934
4333,seattle,0.5523838,0.2317805448792422
4334,seattle,0.5477164,0.21847152612837795
4335,seattle,0.64974934,0.3341848835436877
4336,seattle,1.1545359,0.27277025947564715
4337,seattle,0.6297649,0.3100331218081881
4338,seattle,-4.3596497,-4.347914713940954
4339,seattle,-0.2232149,-0.5723013783509021
434,seattle,1.7002932,1.1034343789084282
4340,seattle,-3.3424792,-3.5760388159236807
4341,seattle,-3.4674373,-3.7286952526355948
4342,seattle,-1.0038985,-1.5459928617835124
4343,seattle,0.45559713,0.06807663801025315
4344,seattle,-1.3183358,-1.9228050828986754
4345,seattle,-1.3123333,-1.9179877988154748
4346,seattle,-2.8226855,-2.9238828737627816
4347,seattle,0.69047576,0.5861745839241379
4348,seattle,1.9339296,1.494618722853225
4349,seattle,1.9504888,1.515888459260799
435,seattle,2.6408007,1.895679710886016
4350,seattle,-0.029286796,-0.6854216420207591
4351,seattle,0.308557,-0.27394979249547546
4352,seattle,-1.5855843,-1.0161495166912964
4353,seattle,-1.3257594,-1.714767761730703
4354,seattle,-2.2532568,-2.8842430581550413
4355,seattle,-1.7138358,-2.2362610073516884
4356,seattle,-1.4035153,-2.0725764278452026
4357,seattle,-0.9159462,-1.4254734898769297
4358,seattle,-1.8424968,-2.38305874532963
4359,seattle,-0.3730726,-0.30958674133914216
436,seattle,1.259492,0.8354398621393929
4360,seattle,0.1242142,0.31291543952496187
4361,seattle,0.087941095,0.2680703492492123
4362,seattle,0.10897949,0.29408050160914706
4363,seattle,0.07704608,0.10804929178275198
4364,seattle,0.2914867,0.5222157739833146
4365,seattle,0.12296528,0.1698351611009319
4366,seattle,0.34438664,0.44179516902628996
4367,seattle,0.5677768,0.6266988013736685
4368,seattle,0.5626986,0.6204204887350636
4369,seattle,-0.7754972,0.4082191438242348
437,seattle,2.7351565,2.0130712740917187
4370,seattle,0.43338433,0.6896336787343866
4371,seattle,0.40618348,0.28295852492224455
4372,seattle,0.44048545,0.5658988435290527
4373,seattle,-0.8901495,-0.827824233558296
4374,seattle,-0.77854973,-0.9595607834142563
4375,seattle,-1.4546409,-2.1182536593712595
4376,seattle,0.12551342,0.16131311753812874
4377,seattle,-0.66135174,-0.7066584326290742
4378,seattle,-0.7359603,-0.7979995997589543
4379,seattle,-1.1874149,-1.3762602067375853
438,seattle,1.9679788,0.8619182588472994
4380,seattle,-0.9718577,-1.1158633788562125
4381,seattle,-1.7074893,-2.129885767631276
4382,seattle,-0.9465599,-1.086801804240246
4383,seattle,-1.2960691,-1.7451656305535057
4384,seattle,-0.85352784,0.09973731809034272
4385,seattle,-1.4051791,-1.1882082978591249
4386,seattle,-2.2713468,-2.2629960909795113
4387,seattle,-1.4029051,-1.1859650604459873
4388,seattle,-1.1160222,-0.8431111286360021
4389,seattle,-2.1057258,-2.0724157223534094
439,seattle,2.9977415,2.3432868439641887
4390,seattle,-1.1359144,-0.866271193367307
4391,seattle,-0.398368,0.06712551316620327
4392,seattle,-0.41393578,-0.16144582196125554
4393,seattle,-0.1460158,0.1837668182281398
4394,seattle,-0.20542182,0.3720608385814149
4395,seattle,-1.2741882,-0.9398934148733341
4396,seattle,-0.1814952,0.1786102201291461
4397,seattle,-0.23971762,0.3265990180391197
4398,seattle,-1.3342495,-1.2645213054242093
4399,seattle,-0.3495966,0.1899158970610086
44,seattle,-3.4816403,-2.67145453161262
440,seattle,1.7048817,1.1078175245274862
4400,seattle,-1.70831,-1.4902490257835228
4401,seattle,-3.1143901,-3.3587695256576047
4402,seattle,-3.7756064,-4.173494411043479
4403,seattle,-0.24812663,0.3608042638772888
4404,seattle,-3.4678051,-3.7881560929279763
4405,seattle,-3.4503942,-3.7666304495956164
4406,seattle,-0.17360175,0.42381045796140543
4407,seattle,-0.055150997,0.5796703117969921
4408,seattle,-0.19064955,0.4129613146818768
4409,seattle,-0.5960216,-0.08213115079727283
441,seattle,1.5948741,0.7453245872626116
4410,seattle,-0.6255353,-0.12487601967829899
4411,seattle,-0.46420252,-0.15006419370251536
4412,seattle,-1.295246,-1.2545555919323308
4413,seattle,-1.0978404,-0.7188424422646944
4414,seattle,-0.54650825,-0.03719338223631619
4415,seattle,-0.095271766,0.2958829580287065
4416,seattle,-0.015787898,0.9338642298646513
4417,seattle,-0.15244003,0.4444586803813788
4418,seattle,-0.876365,-0.6569295804154435
4419,seattle,-0.67795813,-0.1934966680925849
442,seattle,-1.3610538,-2.133494714550214
4420,seattle,-1.1143576,-0.7863320391003349
4421,seattle,-0.6758625,-0.19434297536404962
4422,seattle,-0.7685681,-0.30689603592259723
4423,seattle,-1.4545985,-1.1707036227983632
4424,seattle,-0.6763184,-0.2071317001828384
4425,seattle,-0.6242454,-0.13651514140682988
4426,seattle,-2.114125,-2.1136587454191877
4427,seattle,-1.6659428,-1.4637931360886536
4428,seattle,-0.7697128,-0.3578347684145347
4429,seattle,-0.38137653,0.16200288649454558
443,seattle,-1.3382019,-2.105242307676492
4430,seattle,-1.667404,-1.4908815573931427
4431,seattle,0.058304694,0.4162535359031501
4432,seattle,0.13700905,0.16441987817145173
4433,seattle,-2.437209,-3.083209597180894
4434,seattle,-0.26579112,0.2350489132039236
4435,seattle,0.39973375,-0.17317356043584828
4436,seattle,0.25926563,-0.07850012407734148
4437,seattle,-1.5101075,-1.2308085118725938
4438,seattle,-1.323028,-1.0197590068902385
4439,seattle,0.45790353,-0.34383508158333687
444,seattle,2.312204,2.1438061694393666
4440,seattle,-1.0047699,-0.47480307953627376
4441,seattle,0.2912504,-0.323030400400315
4442,seattle,0.2486787,-0.45292947710162634
4443,seattle,0.50027174,-0.1791190980188276
4444,seattle,1.2084601,0.4434905670453591
4445,seattle,1.1529033,0.6040447671901525
4446,seattle,1.1289058,0.5999576808393638
4447,seattle,-1.1172738,-0.645438381863599
4448,seattle,1.3862802,0.6955098238634875
4449,seattle,0.9552049,0.44702058010882445
445,seattle,0.22365016,0.3209115241075949
4450,seattle,1.5218594,0.853898042435957
4451,seattle,1.3238915,0.8411735269589051
4452,seattle,1.2087066,0.6986168794460129
4453,seattle,1.357507,0.8457909807072784
4454,seattle,1.3834406,0.8681986074488168
4455,seattle,1.4232622,0.9183461930616618
4456,seattle,1.1745406,0.6215255754400851
4457,seattle,1.4976833,0.8103321824586006
4458,seattle,1.088316,0.3572673770618079
4459,seattle,1.1603835,0.44483658067765725
446,seattle,1.4452908,1.0776991944297365
4460,seattle,0.77936256,0.1974709623167064
4461,seattle,0.5486282,-0.12845680677608678
4462,seattle,0.87629163,0.29664195559690265
4463,seattle,0.5225595,-0.15961141654384187
4464,seattle,1.164823,0.6997113012350916
4465,seattle,0.03217211,0.26021665285118856
4466,seattle,0.60465664,0.9653018729786539
4467,seattle,0.3201078,0.6302193303820449
4468,seattle,0.16264272,0.4453259030451683
4469,seattle,0.9652214,1.3896789985597056
447,seattle,1.8667685,1.5896014838011332
4470,seattle,0.70662045,1.088219330690221
4471,seattle,0.7523754,1.1414651081176594
4472,seattle,1.5392097,0.5513840302282915
4473,seattle,0.51686275,0.14967548747329926
4474,seattle,0.4676301,0.33330091141906526
4475,seattle,0.6852306,1.0469222777753247
4476,seattle,0.386727,0.7074253796527094
4477,seattle,0.7585454,0.6762721892618385
4478,seattle,2.13163,1.2672970273475614
4479,seattle,1.9502816,1.2545441280664273
448,seattle,1.8893726,1.617913430269165
4480,seattle,2.0035672,1.3238359816488865
4481,seattle,-0.79851484,-1.0281900696138102
4482,seattle,0.6104457,0.4783477261608803
4483,seattle,0.96435845,0.6862425823507607
4484,seattle,-0.7971317,-1.0274889174263098
4485,seattle,1.1317575,1.436193464696501
4486,seattle,-0.22196637,-0.5418065395047512
4487,seattle,-0.2281328,-0.5494302048516285
4488,seattle,-0.14123726,-0.6728934415958169
4489,seattle,0.62386006,0.9587200069920643
449,seattle,1.1488652,0.6966946067461574
4490,seattle,0.15598713,-0.10685269070311916
4491,seattle,0.20314698,1.3368130292449851
4492,seattle,0.5312928,0.8177411045758177
4493,seattle,0.56856495,1.4145679787463659
4494,seattle,-1.5434004,-2.192362757889294
4495,seattle,0.15567505,1.291747617774163
4496,seattle,0.31735665,0.09191363253521356
4497,seattle,0.14527987,-0.1223091958084778
4498,seattle,0.3080364,0.12073348295850597
4499,seattle,-0.17536914,-0.48445618243266564
45,seattle,-1.1612964,-1.489423837440219
450,seattle,0.3886173,-0.01702351036008666
4500,seattle,0.17578956,-0.04528094858692344
4501,seattle,-0.73037434,-0.747975532423073
4502,seattle,-0.73080724,-0.7494433892270883
4503,seattle,0.10093096,-0.13412219348673032
4504,seattle,-0.47981346,-0.6551430390699475
4505,seattle,-1.4918153,-1.696211605564147
4506,seattle,-0.7590926,-0.7825112114866605
4507,seattle,0.114756875,-0.17204332467704317
4508,seattle,-0.61451983,-1.0555656866569592
4509,seattle,-1.3503788,-2.0460297456620906
451,seattle,2.0329561,1.793995252840776
4510,seattle,-0.6438991,-1.10780493177423
4511,seattle,-0.18076402,-0.7161534488769473
4512,seattle,-0.15405367,-0.48484588085657443
4513,seattle,-1.9661013,-2.2053755946580442
4514,seattle,0.6361769,0.47972258669553186
4515,seattle,0.11525365,-0.16397689001427793
4516,seattle,0.9711942,0.6847868318706175
4517,seattle,0.82860535,0.7265327197155099
4518,seattle,-3.1847804,-3.8856993363976624
4519,seattle,0.3014882,0.06832879364768955
452,seattle,1.6560092,1.882506283607762
4520,seattle,0.5248878,0.3515118963038319
4521,seattle,1.1048083,1.0873780810606755
4522,seattle,-0.4501761,-0.9615782545898811
4523,seattle,-0.5297518,-1.0612267124839658
4524,seattle,-0.751141,-1.3294198332260767
4525,seattle,-0.5974449,-1.1436493211094247
4526,seattle,-0.6554555,-1.2140327944771399
4527,seattle,-0.73948544,-1.314489529728474
4528,seattle,1.1292988,0.9033052074348554
4529,seattle,-0.1872254,-0.8573100563233386
453,seattle,-0.88871247,-0.5624364226521409
4530,seattle,-0.29255128,-0.7691771592340924
4531,seattle,1.0377625,0.7439837634845292
4532,seattle,-0.38509926,-0.8819748559750009
4533,seattle,0.46602604,0.05967689700607866
4534,seattle,0.546418,0.1574188594594647
4535,seattle,-0.8605142,-1.460134276439651
4536,seattle,0.11376202,-0.43809479270374707
4537,seattle,0.10080575,-0.4536594116956505
4538,seattle,-0.049727187,-0.630352800415759
4539,seattle,0.111564435,-0.4343760228770782
454,seattle,1.444537,1.0820832116568417
4540,seattle,0.14264527,-0.39684896407809733
4541,seattle,-0.017855061,-0.5914689955824622
4542,seattle,-0.20592576,-0.7849952052586292
4543,seattle,0.13938068,-0.4008850222029148
4544,seattle,-0.004840242,-0.5758880892347382
4545,seattle,-0.077036634,-0.38197946019750495
4546,seattle,-1.9624754,-1.6747452264607894
4547,seattle,-1.6223766,-0.9247492049768594
4548,seattle,-1.6035146,-0.9014297580334697
4549,seattle,-1.5984364,-0.8951514453948648
455,seattle,0.78809965,-0.024617276065977925
4550,seattle,1.2397399,0.5840366233930183
4551,seattle,-0.18523808,-0.5886664517908686
4552,seattle,-0.34438086,-0.9966353912836241
4553,seattle,-0.3400281,-0.9912539804505341
4554,seattle,-0.45970654,-1.1299325243590002
4555,seattle,1.7383776,0.9977390498566532
4556,seattle,0.042027686,-0.2498930419252835
4557,seattle,-0.028380662,-0.32988805808879684
4558,seattle,0.7857043,0.0062564914557803695
4559,seattle,0.069197625,-0.18684220446804053
456,seattle,1.3220791,0.9103709802173483
4560,seattle,-0.055023715,-0.04306093977799299
4561,seattle,-0.031512924,-0.013209541774796132
4562,seattle,0.156373,-0.323594258692715
4563,seattle,-0.17046152,-0.5031898503068558
4564,seattle,0.26366255,0.3272200889160642
4565,seattle,0.031399556,-0.262521850910512
4566,seattle,0.00818477,-0.29122270868699185
4567,seattle,-0.6795823,-0.6441957098792496
4568,seattle,-0.13709027,-0.46193236725316633
4569,seattle,-0.13149238,-0.674144048620387
457,seattle,0.64566207,0.0924306799731239
4570,seattle,0.0025555056,-0.5047504335262715
4571,seattle,-0.10335628,-0.4202264332967191
4572,seattle,0.60826486,-0.2333909551503066
4573,seattle,-0.17445156,0.030853385406111686
4574,seattle,1.4073815,0.8084927688929898
4575,seattle,1.2844532,0.6570457573726778
4576,seattle,1.307732,0.4675221894338598
4577,seattle,1.3786088,0.5462259216664089
4578,seattle,0.29281276,-0.12767878604082827
4579,seattle,0.29245004,-0.1281272369435857
458,seattle,1.8687091,2.134907721552443
4580,seattle,0.1240636,0.1741011355316837
4581,seattle,-0.21272783,-0.5592538734439318
4582,seattle,0.13082394,-0.31757297209241914
4583,seattle,-0.0019118845,-0.2637669797951037
4584,seattle,0.18874514,0.2504451752722034
4585,seattle,1.7545495,1.2289411786280238
4586,seattle,-0.068082035,-0.598181367920563
4587,seattle,2.0226827,1.5653115516298874
4588,seattle,2.1056483,1.6768881524939963
4589,seattle,1.7811567,1.2538983927984928
459,seattle,1.9425097,2.2265784675598175
4590,seattle,2.0964234,1.6378952385881318
4591,seattle,2.0241063,1.58030534220626
4592,seattle,1.7146568,0.9828180962355371
4593,seattle,1.8048971,1.0929296142678275
4594,seattle,1.7448325,1.0197531831727236
4595,seattle,1.0599539,0.39987886802379224
4596,seattle,0.47767887,0.305169554331734
4597,seattle,2.007657,2.103303821517718
4598,seattle,0.7627163,0.4648140584303551
4599,seattle,0.44720945,0.2674996785001044
46,seattle,-3.036686,-2.9607919261964475
460,seattle,0.13926372,-0.29427169141780357
4600,seattle,-0.03733762,-0.3469213659284932
4601,seattle,0.37679386,0.17970587487639758
4602,seattle,0.3707776,0.1733829060033679
4603,seattle,0.11127122,-0.1372387300907782
4604,seattle,1.9337642,1.4763171361625291
4605,seattle,0.8974233,-0.04659505813807935
4606,seattle,-0.012437876,-0.2871277349841772
4607,seattle,1.9294689,1.4752720030979503
4608,seattle,1.7150815,1.7459123569858404
4609,seattle,-1.5822526,-1.7946843799034577
461,seattle,0.1356364,-0.29875620044537854
4610,seattle,-0.6920627,-0.6785891555297173
4611,seattle,-0.65242493,-0.6322828459487377
4612,seattle,-0.5771914,-0.8178864239460933
4613,seattle,-0.8437677,-0.8732036406089568
4614,seattle,-0.41912887,-0.6259572691736198
4615,seattle,-0.82136405,-0.846557403761834
4616,seattle,-0.40666705,-0.572087246292925
4617,seattle,-0.7894781,-1.07538131003543
4618,seattle,-0.44910657,-0.6245560019155519
4619,seattle,-1.0011518,-1.3331149185429234
462,seattle,0.36842662,0.4063685306077978
4620,seattle,-2.4454122,-2.934924741077512
4621,seattle,-1.0902064,-1.223244447367337
4622,seattle,-1.5949342,-2.1343978918705293
4623,seattle,-2.860189,-3.4651786001485565
4624,seattle,-2.007443,-2.4201729553021027
4625,seattle,-1.9532712,-1.8280525020215357
4626,seattle,-1.9489185,-2.361647286831746
4627,seattle,-1.9075671,-1.7715476882740913
4628,seattle,-1.5929687,-2.350884465165566
4629,seattle,-4.0430574,-3.8816949611582503
463,seattle,0.4826055,-0.38472471283491877
4630,seattle,-4.3708944,-4.361816691926436
4631,seattle,0.71757764,0.1119288079147867
4632,seattle,0.8313675,1.185795680493455
4633,seattle,-2.1739218,-2.7002200581212668
4634,seattle,-1.6977704,-2.1057951215826836
4635,seattle,-1.6295769,-2.0214863518642745
4636,seattle,-1.1686128,-1.4845271213897855
4637,seattle,-0.7747269,-0.9852029034994646
4638,seattle,-0.8348094,-1.0733612123533616
4639,seattle,-1.4950062,-1.9205735602997205
464,seattle,0.5451514,-0.2998435419314724
4640,seattle,-0.34794495,-0.4991575020682971
4641,seattle,-1.8538815,-2.365905641085662
4642,seattle,-2.6831656,-3.461416832829645
4643,seattle,-1.100794,-1.3980040638735385
4644,seattle,-1.7817264,-2.2713829924043
4645,seattle,-0.22461836,-0.3307694731368349
4646,seattle,0.5154916,0.9531175440830568
4647,seattle,0.21813333,0.26488727159239267
4648,seattle,-0.7703304,-1.0074640729760658
4649,seattle,-1.1803006,-1.4673052622499756
465,seattle,0.13599914,-0.298307749542621
4650,seattle,-0.14666171,-0.24517618493556156
4651,seattle,1.0375954,1.2592438005177018
4652,seattle,-0.004791588,-0.034324664657660854
4653,seattle,0.7574304,0.9243283403933557
4654,seattle,0.54332775,0.6438563391403846
4655,seattle,0.33511212,0.37725191972303734
4656,seattle,0.8638037,1.0438724919453155
4657,seattle,0.80212754,0.7607950171213368
4658,seattle,0.18060796,0.20303470956739908
4659,seattle,-0.23650151,-0.3175119914471903
466,seattle,-0.32165426,0.156935011882949
4660,seattle,0.8343262,1.007109401981691
4661,seattle,-1.6475226,-2.057703974027989
4662,seattle,0.4487255,0.3144743231849344
4663,seattle,0.2516883,0.0818610714512531
4664,seattle,-0.0031156666,-0.24134443465722882
4665,seattle,-0.5711348,-0.10019994483310009
4666,seattle,-0.7564202,-0.3283389502409228
4667,seattle,-2.0380313,-1.9155042078764888
4668,seattle,-2.0737085,-1.9389608566457914
4669,seattle,-0.94250834,-0.8159862671083228
467,seattle,-0.33535415,0.13779951642780958
4670,seattle,-1.2105402,-1.1460228131726282
4671,seattle,0.103332765,0.08019910013554692
4672,seattle,0.18190756,0.19936352723498443
4673,seattle,0.3708152,0.4582346529316462
4674,seattle,-0.070950344,-0.1366563525966755
4675,seattle,-0.04855743,-0.06200753455106399
4676,seattle,0.30204484,0.37082270082954194
4677,seattle,0.085674465,0.1073363324145511
4678,seattle,0.2524427,0.2930377773426774
4679,seattle,-1.2735325,-1.145873987264715
468,seattle,0.5152114,0.5841928181567887
4680,seattle,-1.5120527,-1.2353944986627152
4681,seattle,0.15759124,0.19677228986654854
4682,seattle,-0.9817669,-1.2473617870470872
4683,seattle,-0.95488125,-0.5177148454104477
4684,seattle,-0.8736781,-0.6292119901310059
4685,seattle,0.07552067,0.08707450649721193
4686,seattle,1.0005645,1.7763014903713221
4687,seattle,1.239188,2.068817716098608
4688,seattle,0.23141606,0.9685553106128494
4689,seattle,-1.1237811,-0.7003928401305122
469,seattle,0.91940576,0.4183250149873874
4690,seattle,0.9126902,1.1359699724334378
4691,seattle,0.6445365,0.7793298200188322
4692,seattle,-0.061621558,-0.10247938004575895
4693,seattle,-0.78090256,-0.324044200608129
4694,seattle,-0.61252177,0.23368656340503782
4695,seattle,-1.040506,-0.8837947109066248
4696,seattle,-1.6136444,-1.4215068242059912
4697,seattle,-0.19373634,-1.177875238565273
4698,seattle,0.6131053,0.4173346243451728
4699,seattle,0.19884543,-0.09418038399958766
47,seattle,-2.556306,-2.4810000938422854
470,seattle,0.91440636,0.13096023960237568
4700,seattle,0.4187595,-0.04414467418664326
4701,seattle,1.2885431,1.2650889133876546
4702,seattle,1.7541566,1.2540583606133588
4703,seattle,1.1306148,1.0700619596611387
4704,seattle,1.1523786,1.0969690138265884
4705,seattle,0.975218,0.33164255612681776
4706,seattle,-0.5987055,-0.06344268920253619
4707,seattle,0.74071205,0.041137116439532176
4708,seattle,0.29946807,0.05699388893352381
4709,seattle,0.8666332,0.7530405593324713
471,seattle,0.64795154,0.02094420506505373
4710,seattle,0.7665979,-0.1881763502622611
4711,seattle,0.867007,-0.05845571051478626
4712,seattle,0.023938106,0.23479491594660906
4713,seattle,1.3853409,0.5699936755114182
4714,seattle,1.4470257,0.6608595396176914
4715,seattle,0.4916465,0.8547006374639712
4716,seattle,0.47859138,0.8409732353073086
4717,seattle,0.42406195,0.7522471515632472
4718,seattle,-0.07988674,0.1682034329817396
4719,seattle,1.0506158,0.738756197441428
472,seattle,1.5501065,1.131449337602657
4720,seattle,0.894079,0.6588019029000373
4721,seattle,0.79622877,0.8294580185091149
4722,seattle,-2.2055116,-0.870211838809115
4723,seattle,-2.0058362,-0.6271591098069411
4724,seattle,-0.84996575,-1.080282610917638
4725,seattle,-1.5567126,-0.2761278554542989
4726,seattle,-1.7608207,-0.3095089718763682
4727,seattle,-0.20115498,-0.3287071972341917
4728,seattle,-0.16970226,-0.253786106122916
4729,seattle,-1.1838235,-1.5040688914821128
473,seattle,1.349091,1.409528916211921
4730,seattle,-1.8085818,-0.37883550888038253
4731,seattle,-1.7584627,-0.3189501841034714
4732,seattle,-1.8118362,-0.05855437483946216
4733,seattle,-2.053987,-0.675837331638371
4734,seattle,-2.0354536,-0.6534793735139014
4735,seattle,-2.0733094,-0.699157761481111
4736,seattle,-3.6849012,-2.743032515956968
4737,seattle,-2.7050457,-1.4820217431995626
4738,seattle,-2.6107488,-1.4117550891798016
4739,seattle,-2.621136,-1.3976080648828622
474,seattle,1.169627,1.1872167671116398
4740,seattle,-2.5135584,-1.2666685173112573
4741,seattle,-2.29213,-0.9965802477030267
4742,seattle,-2.9312587,-1.7963922980181297
4743,seattle,-1.8219677,-0.6260198363047662
4744,seattle,-1.776467,-0.34910006920416503
4745,seattle,-1.787331,-0.3632276072888736
4746,seattle,-1.8108997,-0.3886708270651091
4747,seattle,-3.9407275,-3.030399990984262
4748,seattle,-2.963283,-1.7974240063876536
4749,seattle,-3.705315,-2.739355355094647
475,seattle,1.3734628,0.6938528666335705
4750,seattle,-4.72014,-3.9739616622918184
4751,seattle,-2.8526714,-1.6873275986952847
4752,seattle,-2.4546921,-0.6241506878987387
4753,seattle,-1.9030898,-0.513836996125904
4754,seattle,-2.1852098,-0.836590489207029
4755,seattle,-2.488611,-1.4148619627471715
4756,seattle,-0.061860323,-0.07201439779997451
4757,seattle,-0.55611366,-0.9168390889896908
4758,seattle,-0.988963,-1.2429956620918496
4759,seattle,-0.16592509,-0.21156097569240967
476,seattle,1.2594966,1.2987615432308193
4760,seattle,-0.28606546,-0.35075428260039776
4761,seattle,-0.33181518,-0.42504395634712244
4762,seattle,-0.59849066,-0.7684107254276946
4763,seattle,-0.53080595,-0.6880307988777035
4764,seattle,-0.3380697,-0.6712158721761308
4765,seattle,-0.24104387,-0.5462828266087961
4766,seattle,-0.84143406,-0.439459776224461
4767,seattle,-0.6301392,-0.39820229317077127
4768,seattle,-0.9145653,-0.5477402766174285
4769,seattle,-0.8271146,-0.42699488647530237
477,seattle,0.85045,0.2549724481152274
4770,seattle,0.6103805,0.32109633254976017
4771,seattle,0.10193035,0.8707128348373845
4772,seattle,0.25547683,0.6997171527829746
4773,seattle,0.24385327,-0.10448312565905184
4774,seattle,0.16163094,-0.22946948067439094
4775,seattle,0.13395368,-0.2660427109468401
4776,seattle,-1.6015,-0.610001897486161
4777,seattle,-1.6351166,-0.6651390969855963
4778,seattle,-1.9294701,-0.8703167433795113
4779,seattle,-1.952022,-0.8972287570962212
478,seattle,-0.4163188,-1.3196685694450845
4780,seattle,-2.3334026,-1.3561130661742788
4781,seattle,-2.5745397,-1.4199425311003175
4782,seattle,-2.3618903,-1.1619991941082233
4783,seattle,-2.2479086,-1.0199319861330196
4784,seattle,-0.5821464,-0.1152003859675874
4785,seattle,-1.0121944,-0.5840386938267297
4786,seattle,-2.5765543,-2.524305721811876
4787,seattle,-3.8143082,-2.306328903930007
4788,seattle,-0.82330245,-0.24584914661354157
4789,seattle,-0.7132069,-0.0965361013122413
479,seattle,-0.6410641,-0.2517729902551267
4790,seattle,-1.0215243,-0.6772487623727051
4791,seattle,-2.4300613,-2.2359932182776143
4792,seattle,-2.6880503,-2.5522326196647995
4793,seattle,-2.6485584,-2.5041457997529855
4794,seattle,-0.28996655,0.4519923142286488
4795,seattle,-0.36985937,0.35514598054122254
4796,seattle,-0.6347598,0.028321886969946915
4797,seattle,-2.1421077,-1.8338464852022984
4798,seattle,-0.16273995,0.6112114460157527
4799,seattle,-0.05405376,0.7449231112112139
48,seattle,0.6942874,0.6021749246120763
480,seattle,-0.23712619,0.2360079262174248
4800,seattle,-2.3786082,-2.1080420676885345
4801,seattle,-0.15090294,0.6251867201749625
4802,seattle,-1.4488752,-0.9496533311648122
4803,seattle,-0.27040464,0.4749713258240246
4804,seattle,-0.5225691,0.1663481504803166
4805,seattle,-0.8801344,0.2772568730712341
4806,seattle,-0.79688084,0.15250598681139826
4807,seattle,-0.04559336,0.7268373211270095
4808,seattle,-0.81510156,0.12882981716417347
4809,seattle,-0.033260502,0.7420846518207643
481,seattle,1.2665066,1.2959793375826942
4810,seattle,-0.08934654,0.6723490652560112
4811,seattle,-2.415544,-1.3191188527617577
4812,seattle,-0.8972735,-0.3126761683113329
4813,seattle,-0.09630898,0.6633521054169998
4814,seattle,0.026534963,0.5941239983834433
4815,seattle,0.02351836,0.5900284006643164
4816,seattle,-1.0817379,0.3307212055537212
4817,seattle,-0.3555506,-0.03134858601850269
4818,seattle,-0.44332728,-0.1280139510392551
4819,seattle,-1.5040004,-0.1819336849820964
482,seattle,-0.09467691,0.41004762886466906
4820,seattle,-3.0723932,-1.4009371409867435
4821,seattle,-1.6013627,0.18575938269348516
4822,seattle,-1.5980949,0.19221227116090991
4823,seattle,-1.2397538,0.8625275259760529
4824,seattle,-1.2593127,0.8375086797845585
4825,seattle,-2.709338,-1.9358217003264893
4826,seattle,-0.32145,-0.2158520961636433
4827,seattle,-0.39897832,-0.31010685951359956
4828,seattle,-0.3834428,-0.30044951225593874
4829,seattle,-0.16707255,0.06569275497618361
483,seattle,1.4272949,0.954437938548791
4830,seattle,0.06822685,0.5782417293077764
4831,seattle,-0.87623495,0.3492888894729806
4832,seattle,-1.0886372,-0.21976807679388755
4833,seattle,0.79191154,0.683607020514813
4834,seattle,0.6417666,0.49155925822157753
4835,seattle,0.34840927,0.5547603775251866
4836,seattle,-1.4820719,-2.0920034017567555
4837,seattle,0.08752368,-0.41318602881385225
4838,seattle,-1.7670563,-0.8836808526493171
4839,seattle,-1.6048412,-0.6722976361735985
484,seattle,1.3499578,0.8654136814321903
4840,seattle,-0.4879372,-0.9384992490574773
4841,seattle,-3.9022117,-3.8835739282300286
4842,seattle,-3.5926125,-3.118188767595979
4843,seattle,-3.64261,-3.1785034318650287
4844,seattle,-2.091237,-0.6455049803151174
4845,seattle,-1.8963925,-1.1926918239873496
4846,seattle,-2.7319918,-1.2460574814154917
4847,seattle,-1.5686116,-0.5680852175129392
4848,seattle,-1.5628079,-0.5609100030688192
4849,seattle,-1.3756676,-0.3464152088425163
485,seattle,0.01364536,0.5423203108303828
4850,seattle,-1.3340529,-0.2912658053676639
4851,seattle,-0.08847849,-0.16265922554867865
4852,seattle,-0.45787907,-0.4069374221941561
4853,seattle,-0.003650655,-0.05717482958669206
4854,seattle,-0.12852213,-0.2096290752160479
4855,seattle,-1.1520914,0.4625446940635504
4856,seattle,-0.2013969,0.42475899243602694
4857,seattle,-0.05952418,0.5973314622162009
4858,seattle,-4.4829283,-4.0666563005586776
4859,seattle,-0.68344253,-0.9900077869478312
486,seattle,0.098431855,0.6461027159504769
4860,seattle,-0.5340209,-0.1217445236513854
4861,seattle,-3.1192405,-2.4579569342494465
4862,seattle,-3.1152506,-2.4530239743191142
4863,seattle,-3.4183445,-2.9079600410543867
4864,seattle,-3.4183445,-2.9079600410543867
4865,seattle,-2.6633837,-1.8959678793234223
4866,seattle,-3.7786613,-3.3395968606189803
4867,seattle,-4.0951314,-3.717534447101463
4868,seattle,-3.5454736,-3.0613225895050618
4869,seattle,-3.8202038,-3.3864509850169027
487,seattle,1.5867805,1.6890600053724973
4870,seattle,-2.0406284,-1.839423122531656
4871,seattle,-1.9262687,-1.7002176144128793
4872,seattle,-2.1549056,-1.0896115452139303
4873,seattle,-5.140555,-4.693905071371255
488,seattle,0.3225275,0.4868337626200535
489,seattle,1.274594,0.7753237595028365
49,seattle,-3.8913054,-4.026181315306912
490,seattle,-0.85339373,-0.5380945607567357
491,seattle,0.41607556,1.0343908401671142
492,seattle,0.66751164,1.1146235999817151
493,seattle,0.52338046,1.168142674859966
494,seattle,0.97534573,0.39731500685989835
495,seattle,0.6945189,0.05649533941695233
496,seattle,1.1052451,0.5625301446347476
497,seattle,2.1037128,1.366927551147639
498,seattle,0.7814162,1.0373069149330594
499,seattle,1.2841908,0.7808908020526742
5,seattle,1.2615962,0.8969191904924876
50,seattle,0.7470179,1.421580248266276
500,seattle,1.3961194,0.9178075135850207
501,seattle,-0.28547114,0.14651810310627986
502,seattle,-0.6215459,-0.26249356065294444
503,seattle,0.51971656,1.7041988328186455
504,seattle,0.5818436,1.23933290272729
505,seattle,0.5818436,1.23933290272729
506,seattle,0.31337488,0.6827575541611579
507,seattle,1.8124294,0.9960521326204984
508,seattle,1.0945772,0.5503782568928971
509,seattle,0.010442712,0.5330988064303952
51,seattle,1.4561756,2.286944012157712
510,seattle,0.49356133,1.1211928683277321
511,seattle,0.66531175,1.3319061690996485
512,seattle,0.55267465,1.1940369577506913
513,seattle,0.0038568226,0.5260234346040508
514,seattle,0.6044587,1.2568980947875588
515,seattle,2.6140702,2.42628048386428
516,seattle,-1.5318003,-1.3725565472508368
517,seattle,0.23540366,0.8192953297602866
518,seattle,0.32226995,0.6975640942445431
519,seattle,-0.10757994,0.17400266607975154
52,seattle,1.2376152,1.4763288087102753
520,seattle,0.56379855,-0.13285169727364846
521,seattle,0.5525539,-0.14675367525913077
522,seattle,0.15316214,0.19083758094639605
523,seattle,0.22570834,0.2805277614978954
524,seattle,0.3071033,0.3786210140796191
525,seattle,0.34982878,0.4308477681682071
526,seattle,0.48220482,0.806649624678989
527,seattle,-1.5238631,-1.4180017148264317
528,seattle,-1.4480523,-1.3242754761501152
529,seattle,-0.6149167,-0.2896621783435157
53,seattle,1.0521054,1.2438540047539342
530,seattle,-0.66837,-0.3546239551292977
531,seattle,-0.43042624,-0.06367772483164343
532,seattle,-0.77081555,-0.4794920669501969
533,seattle,-0.6909635,-0.3813797530602803
534,seattle,-0.5424979,-0.418394728620434
535,seattle,-0.74217314,-0.6614474576226085
536,seattle,0.1623066,0.19075345565377103
537,seattle,-0.097217865,0.32708253009205
538,seattle,0.6342136,0.5618861770729681
539,seattle,-0.9212785,-1.0097849741370926
54,seattle,-0.027502637,1.6346525551494144
540,seattle,-1.0654174,-1.0864700785086243
541,seattle,-0.9979303,-1.02637765753912
542,seattle,-1.2444259,-1.069916115545199
543,seattle,0.021851983,-1.3590380875366537
544,seattle,-0.53293294,-0.8393946574224403
545,seattle,-2.1788557,-2.491123934755473
546,seattle,-2.9860234,-2.997563520418954
547,seattle,-1.293299,-1.30217496273498
548,seattle,-2.0793319,-2.281509273842097
549,seattle,-3.3444366,-3.9859152807516436
55,seattle,-1.5973388,-1.221561913131112
550,seattle,-2.4305906,-2.800525003408079
551,seattle,-1.7559845,-1.9515757912653517
552,seattle,0.69073814,-0.14080885913850957
553,seattle,2.2818518,1.8080969238831113
554,seattle,1.1008024,0.3370329468878298
555,seattle,-1.0375699,-0.5502352069664188
556,seattle,2.0839286,1.555576814771909
557,seattle,1.9029112,1.3302774001896178
558,seattle,-1.2260879,-1.1500350494362452
559,seattle,-1.2434069,-1.1831302922342277
56,seattle,0.08113598,0.030046980397017444
560,seattle,-0.76303333,-1.1122850998337335
561,seattle,-0.7764544,-1.1288777832357608
562,seattle,1.5360937,0.9038651786806449
563,seattle,2.1091018,1.617940508063271
564,seattle,2.2227163,1.7598583973806934
565,seattle,1.5265669,0.8745722449924089
566,seattle,1.9517672,1.4230745001088008
567,seattle,-1.3988712,-1.358135749208852
568,seattle,1.7540962,1.174831010150623
569,seattle,0.0127610685,0.3761699191181343
57,seattle,0.93970406,1.105888772823634
570,seattle,0.12905265,0.5173933794679636
571,seattle,-1.364088,-1.3042432937430986
572,seattle,1.2900556,1.3943419578832033
573,seattle,-1.322914,-1.4733092840826747
574,seattle,0.68569267,-0.16837651693154615
575,seattle,0.6893646,-0.16410993915624272
576,seattle,0.6697771,-0.1883262879051476
577,seattle,0.5333114,-0.35621285817353143
578,seattle,1.8445362,2.102595089642479
579,seattle,-4.5783086,-4.724399732758764
58,seattle,0.70259297,0.8055077057167787
580,seattle,-1.9786546,-1.394460272332209
581,seattle,-1.7463336,-1.1110469620818604
582,seattle,-0.22521408,0.5273508858610109
583,seattle,0.43840897,0.2592766345033391
584,seattle,-0.4374918,0.4875381440069046
585,seattle,-0.44907537,0.4721186664861967
586,seattle,0.4857755,0.5372516071995816
587,seattle,-0.5553451,0.3412785626945558
588,seattle,-0.45761928,0.2426839511013117
589,seattle,-3.6401901,-3.52924271380099
59,seattle,0.90689015,1.0481964480450774
590,seattle,-2.9281883,-2.3946064547405363
591,seattle,-1.7678547,-1.1634297102772446
592,seattle,-1.4417686,-0.7811931768584409
593,seattle,-0.83539116,-1.089404053557911
594,seattle,-2.9574091,-2.7652308088506388
595,seattle,-2.844696,-2.4108705277656832
596,seattle,-2.8475978,-2.414458134987743
597,seattle,-3.6278765,-3.256412515063167
598,seattle,-3.3785944,-3.004754221620551
599,seattle,-3.279154,-2.7485014940488983
6,seattle,0.19044805,0.6522910207964192
60,seattle,0.67187196,0.7665669551310568
600,seattle,-3.3041825,-2.7794446063391653
601,seattle,-2.1111643,-1.3483703652702623
602,seattle,-2.4993796,-2.380180669467042
603,seattle,-1.4568661,-1.0850198212299558
604,seattle,-1.7957274,-0.382822983740404
605,seattle,-1.3896751,-0.4619224894526769
606,seattle,-2.5532928,-1.8868637045280119
607,seattle,-3.7321515,-3.296552418556076
608,seattle,-2.503126,-1.789997108469466
609,seattle,-2.7913465,-1.7201558077490209
61,seattle,-0.4322184,-0.4740945349339858
610,seattle,-0.6491902,-0.12851481309106008
611,seattle,-0.6875939,-0.17525628029460152
612,seattle,-1.3750589,-1.0458263653080848
613,seattle,-2.30616,-1.0484103847631236
614,seattle,-2.2659826,-1.5387662493241836
615,seattle,-1.732211,-0.9177390252337387
616,seattle,-1.5780938,-0.6988302266867014
617,seattle,-1.6673825,-0.22629813192056097
618,seattle,-2.277083,-1.5408748381103672
619,seattle,-1.5572859,-0.688515855923279
62,seattle,-4.472314,-3.7293018097103454
620,seattle,-1.1060408,-0.6677077803807414
621,seattle,-2.4883213,-1.473006801766709
622,seattle,-2.4622047,-1.4407183367681693
623,seattle,-2.618465,-1.9423253961697846
624,seattle,-1.2498342,-0.7020281664437786
625,seattle,-1.2792467,-0.734803624546397
626,seattle,-1.21873,-0.6614838840973799
627,seattle,-1.3383855,-0.26970215787530044
63,seattle,-1.5349799,-1.2929468577134122
634,seattle,-0.12835394,-0.6982430279783257
638,seattle,-0.74889195,-0.5387727495749353
639,seattle,0.42057067,-0.23310210578224674
64,seattle,-1.5295151,-1.2872891428045181
640,seattle,0.87596303,0.5438432140006837
641,seattle,-0.9797771,-0.421651228694061
642,seattle,0.7118761,0.31687808278109947
643,seattle,-0.14389119,0.16171407042700572
644,seattle,-0.1596993,0.13647559881177657
645,seattle,-1.3744533,-1.3821536197115483
646,seattle,-1.0413764,-0.9368327383904825
647,seattle,-1.6061699,-1.6207165851856853
648,seattle,0.5336775,0.1951808532034938
649,seattle,-0.37976032,-0.08811794187695926
65,seattle,-1.470051,-0.6736979504765201
650,seattle,-0.4404284,-0.16119637771823833
651,seattle,-0.5324262,-0.6509348341181765
652,seattle,-0.39429286,-0.4842864016016652
653,seattle,-0.50920266,-1.1716474506944314
654,seattle,-0.5801398,-1.2757837121090636
655,seattle,-1.1944768,-1.47104298458294
656,seattle,-0.51208943,-0.6268906321962253
658,seattle,-0.83894366,-1.062170154649365
659,seattle,0.32360792,-0.3809595641930758
66,seattle,-0.8493957,-0.42883038864781114
660,seattle,0.3633433,-0.302703723908581
661,seattle,0.20188378,-0.2885593742264388
662,seattle,-0.33348343,-0.9733632067357281
663,seattle,0.16042817,-0.3489676917677677
664,seattle,0.059361216,-0.7058211475638683
665,seattle,0.034988064,-0.7368867639498784
666,seattle,-0.9024216,-1.1406490626319268
667,seattle,-0.9022719,-0.7282735803902546
668,seattle,-0.71698403,-1.4809237431608557
669,seattle,-0.16833788,-0.7893091865585272
67,seattle,-0.83887655,-0.4158253124678438
670,seattle,0.025730476,-0.5141272381883877
671,seattle,0.122809276,-0.39476600188116645
672,seattle,0.30202472,-0.1718625848454792
673,seattle,-0.9467272,-1.4961099033242613
674,seattle,-0.26204017,-0.9475200853549833
675,seattle,-0.36771342,-0.45412432451995544
676,seattle,0.9584456,0.5972152925024551
677,seattle,0.96969026,0.6111172704879377
678,seattle,0.4995225,-0.2045995007467764
68,seattle,0.3397027,0.7739370929064237
680,seattle,0.13941702,-0.5074227187706897
681,seattle,1.180101,0.6506560641502196
682,seattle,-1.0770416,-1.2084731645030522
683,seattle,-0.47186437,-0.4113124174862498
684,seattle,-0.27270988,-0.3794724033904676
685,seattle,1.2025905,0.6784600201211843
686,seattle,1.1457793,0.60949093857845
687,seattle,0.4155209,-0.4154902837054031
688,seattle,0.34859988,-0.4963945759761177
689,seattle,-0.046803646,-1.0145426307581478
69,seattle,0.32197237,0.21355012917955193
690,seattle,-1.2852764,-1.4588083229057454
691,seattle,-1.1151284,-1.2555605092925892
692,seattle,0.99777544,0.5444904257577565
693,seattle,0.76525706,0.2537958351789382
694,seattle,1.0628473,0.40704916030154503
695,seattle,1.3129392,0.71447639938313
696,seattle,-0.13408644,-0.880030962545504
697,seattle,1.3502424,0.7642973932590521
698,seattle,1.1544287,0.5164635202819853
699,seattle,0.669937,0.6741760299533832
7,seattle,0.09829971,0.5335031635741138
70,seattle,0.11616662,0.7185754799198878
700,seattle,1.3203858,0.9504340220859576
701,seattle,1.961787,2.064728330750375
702,seattle,0.3855343,-0.08886479071743893
703,seattle,2.456186,2.133079126428357
704,seattle,1.7523947,1.4810840487766028
705,seattle,0.7200134,0.2057510651568045
706,seattle,0.14020394,0.30136494133648206
707,seattle,-0.16750962,0.14191216957282804
708,seattle,-0.22155653,0.07509298506196102
709,seattle,1.4064115,0.5844591236495844
71,seattle,-0.21607797,-0.2377017825436475
710,seattle,1.1103154,0.42372893026285685
711,seattle,1.6208351,1.0496716436606481
712,seattle,1.767404,1.2320831455282055
713,seattle,1.3353858,0.705704627783987
714,seattle,1.1383512,0.4547892264554314
715,seattle,-1.1249379,-1.1426845475253042
716,seattle,1.39264,0.7721973626817343
717,seattle,1.174981,0.488497610389738
718,seattle,-1.2037213,-1.2666223156367655
719,seattle,-1.3976052,-1.2863541553580953
72,seattle,-0.5512358,-0.6532555837802247
720,seattle,-1.6436812,-1.635946511213718
721,seattle,-1.4935589,-1.5359419598987962
722,seattle,0.3696544,-0.5177283691675137
724,seattle,1.2373424,0.547495154731854
725,seattle,1.4189218,0.770902638250719
726,seattle,-1.1245749,-1.344334307145445
727,seattle,0.2193227,-0.5430775402078849
728,seattle,0.17978503,-0.5919586886084519
729,seattle,0.52870244,0.7447477420256311
73,seattle,-1.4562794,-0.8055461440547209
730,seattle,0.44901213,-0.26371931025535167
731,seattle,0.34212726,0.5192826391179636
732,seattle,0.17025225,0.30999511239401184
733,seattle,0.754144,0.10748609441437793
734,seattle,0.21367557,0.36330285273981605
735,seattle,0.32785052,0.32815473520684224
736,seattle,0.9415867,0.8904496557579226
737,seattle,0.83101034,0.24429441639119057
738,seattle,1.1178875,0.5701978306774971
739,seattle,1.2558161,0.7403383098877091
74,seattle,-0.82893366,-0.628392550708033
740,seattle,1.4437532,0.7692321707792092
741,seattle,1.1483916,0.6171701340455467
742,seattle,0.36852142,0.6203083074654989
743,seattle,-0.5883817,-0.551228090208275
744,seattle,0.3170975,0.5545339181235799
745,seattle,-0.6919616,-0.6753233296940349
746,seattle,-0.11510324,0.02357141212973861
747,seattle,0.30253723,0.10997216302681838
748,seattle,0.6550607,0.015060256436843765
749,seattle,-0.15972762,-0.085292952149622
75,seattle,-1.3656585,-1.2346363817649577
750,seattle,-0.28167483,-0.48439644477982
751,seattle,-0.7843061,-1.040644511317005
752,seattle,0.668116,0.46349614940788936
753,seattle,-0.29743272,-0.5141418220196632
754,seattle,0.44350177,0.3062701454005453
755,seattle,0.68029547,0.7022513096360642
756,seattle,-0.3101283,-0.5298376036161756
757,seattle,0.1121882,-0.3512797329827379
758,seattle,-0.31494042,-0.6630715920801394
759,seattle,0.8074368,0.6394681832500148
76,seattle,-0.28856862,-0.32681046775828493
760,seattle,0.56904095,0.4609211198384762
761,seattle,1.0537387,0.5301427440020515
762,seattle,0.75905824,0.80586399784183
763,seattle,1.3914325,0.9439444455662785
764,seattle,0.77538097,0.8357553895836609
765,seattle,1.2723004,1.3541127111564963
766,seattle,1.3086965,1.4052418364642232
767,seattle,1.1595356,1.2199643504479687
768,seattle,0.8435621,1.453340950647458
769,seattle,0.9031543,1.5256975763776823
77,seattle,0.31303108,0.9984402251915501
770,seattle,1.4543209,1.0225325210844278
771,seattle,0.9459798,0.8217018395109986
772,seattle,0.8555983,0.9372161910122597
773,seattle,0.7748679,0.8380334272832306
774,seattle,0.9648021,1.0722470529105386
775,seattle,0.7695493,0.7258849184080743
776,seattle,0.2825956,0.1197010174740125
777,seattle,0.2936048,0.12590881458549827
778,seattle,0.47616526,0.3509345532308222
779,seattle,-0.09221032,-0.14924178696659499
78,seattle,-1.7007607,-1.2334818191234396
780,seattle,0.79027,0.716554193520704
781,seattle,0.5503193,0.6398690891491723
782,seattle,1.5204498,1.0673749683666771
783,seattle,1.6369177,1.2111797462060774
784,seattle,1.3491315,0.8512968683940063
785,seattle,0.71291465,0.05503025358460219
786,seattle,0.5258669,-0.1610400698408484
787,seattle,0.46585974,0.5300087755636321
788,seattle,1.8835909,2.0565349949920324
789,seattle,0.7557508,0.8880347088751861
79,seattle,0.14423536,0.2060934472586706
790,seattle,2.0474203,1.7324278657028294
791,seattle,0.343925,0.38661883768840904
792,seattle,0.5106475,0.3732801858544724
793,seattle,0.70655036,0.5961200720796257
794,seattle,0.25205123,0.2440961636501814
795,seattle,0.2611195,0.2553074362191189
796,seattle,0.2776243,0.2761745505481176
797,seattle,0.12135416,-0.45812952951996383
798,seattle,-1.5932078,-1.469122693669168
799,seattle,-0.44741747,-0.04985166166412692
8,seattle,1.277936,1.236113034373291
80,seattle,-0.14999051,-0.1494555264650813
800,seattle,0.80612755,0.22867988583853696
801,seattle,-0.44312721,-0.043578308576782306
802,seattle,-0.33283266,0.09328009113348022
803,seattle,-0.36584118,0.052471058982548106
804,seattle,2.6832933,2.736143703276396
805,seattle,2.664764,2.392442411186922
806,seattle,2.7666957,2.299073878113791
807,seattle,1.5577056,1.0162040129663032
808,seattle,2.1533885,1.54124449488237
809,seattle,2.1464965,1.5327239277299773
81,seattle,-4.822019,-4.156517413866246
810,seattle,1.2114086,0.2594353887155581
811,seattle,1.2483244,0.6233222852552609
812,seattle,1.1371632,0.48649436254350076
813,seattle,1.6121844,1.0784610235967294
814,seattle,-0.09710965,-1.3609963535110638
815,seattle,1.5392201,0.9893859619568898
816,seattle,0.2600786,-0.9236448849474564
817,seattle,0.83672583,0.07971403063340472
818,seattle,1.0917971,0.7131705497258877
819,seattle,1.0794643,0.15894702338883268
82,seattle,-4.8064213,-4.137234025047674
820,seattle,0.6888928,-0.09909221898876967
821,seattle,0.4109279,-0.4366876698447447
822,seattle,0.081978224,-0.7323324906090666
823,seattle,1.0243583,0.9924101235949462
824,seattle,0.671099,0.019420048320409763
826,seattle,0.4153355,-0.2700787690716576
827,seattle,0.3746177,-0.5253414508823966
828,seattle,0.8258984,0.02688825163537657
829,seattle,-1.7408856,-2.0370840459721524
83,seattle,-0.39724177,0.31334248636041906
830,seattle,0.27610764,-0.4601006625768811
831,seattle,-1.6745269,-2.5523541332405157
832,seattle,-1.7093228,-2.0550605531884507
833,seattle,0.48010948,0.0756668925954872
834,seattle,0.9168788,-0.06218112748053366
835,seattle,-1.4380263,-2.259964144642628
836,seattle,0.62067187,0.02947644961146521
837,seattle,0.6007006,0.005427572564102836
838,seattle,0.21558201,-0.5229972517617968
839,seattle,0.70813984,0.09125144213396952
84,seattle,-0.3462959,0.21710122905891638
840,seattle,1.1184942,1.1339551854762449
841,seattle,1.1570208,0.6421948392165155
842,seattle,0.9435681,0.38330431218352373
843,seattle,0.9794184,0.4445838793929143
844,seattle,0.6852163,0.08796585703669392
845,seattle,-0.42077017,-0.9690457286873431
846,seattle,-0.4138783,-0.9605251615349507
847,seattle,-1.5729538,-1.8445639150592246
848,seattle,-1.481554,-1.7335969696398035
849,seattle,-2.4002683,-2.6247737819159207
85,seattle,0.06941425,0.10316690433719532
850,seattle,-2.0663984,-2.2168024530534116
851,seattle,-1.7648959,-1.8504210841532887
852,seattle,0.8632072,0.2970967836700858
853,seattle,0.3206874,-0.12265438216096622
854,seattle,-0.35365757,-0.8883559613126507
855,seattle,0.14430228,-0.3468579915849132
856,seattle,-0.13604052,-0.6834308800573067
857,seattle,0.5569985,0.16569188801971496
858,seattle,0.9834905,0.7472192365046136
859,seattle,0.94720393,0.195577210493393
86,seattle,0.08551203,0.12433645424871818
860,seattle,0.78407836,0.2219879211923047
861,seattle,-1.9347023,-2.070375766002948
862,seattle,0.8638628,0.07917296452429533
863,seattle,0.9862424,0.45201179512177725
864,seattle,-1.4393,-1.4613872716660032
865,seattle,-0.21055871,-0.7842351963832682
866,seattle,-2.4173167,-2.6458509743455227
867,seattle,0.03777992,-0.46360376410619114
868,seattle,-2.3304827,-2.5447071495284264
869,seattle,0.03697033,-0.46575429042105615
87,seattle,0.2932528,0.1595238267145979
870,seattle,0.74149644,0.1909680675817258
871,seattle,-3.1249642,-3.444405795826497
872,seattle,0.49415007,-0.11002924609438013
873,seattle,0.67804664,0.08814761673522385
874,seattle,-1.0614948,-0.875367866437515
875,seattle,-0.46778587,-0.13399439039653444
876,seattle,0.31869912,0.3847889815790366
877,seattle,-1.073173,-1.4533151554163684
879,seattle,-0.6524107,-0.36027130622231573
88,seattle,-5.4975367,-5.477115578096986
880,seattle,-3.120029,-3.185564003338355
881,seattle,-2.6084068,-2.514781246444355
882,seattle,-0.37695864,0.2452779591749669
883,seattle,-0.78227204,-0.7802689569728729
884,seattle,-0.93811667,-0.9697834259787562
885,seattle,0.20628253,0.7400072893599168
886,seattle,0.31336042,0.32179571437171073
887,seattle,-0.7526868,-0.7296993517265581
888,seattle,-0.47237727,0.11270616111224704
889,seattle,-0.026745722,0.23923110516107113
89,seattle,-3.029556,-3.242711984730233
890,seattle,-0.42942527,0.39930811629827606
891,seattle,0.03731979,0.5459014081577102
892,seattle,-0.4324392,0.37994809767780885
893,seattle,-2.562891,-2.448420563071436
894,seattle,-0.44658965,-0.16241779780751878
895,seattle,-0.8282766,-0.6677360797188586
896,seattle,-0.30930308,0.005872118984213512
897,seattle,-0.050313123,0.8650422591963659
898,seattle,0.2631655,0.49610387705850006
899,seattle,1.0407065,0.973419316522741
9,seattle,1.2182691,1.1540557291749896
90,seattle,-3.3964858,-2.7137808001603907
900,seattle,0.9807753,1.4368256965934914
901,seattle,0.3106392,-0.02195217344395263
902,seattle,0.30895987,-0.022380289998962535
903,seattle,0.49592218,-0.06120875669401899
904,seattle,0.44396394,-0.12500828355302054
905,seattle,0.47436306,-0.10373428078440275
906,seattle,0.30007008,-0.012866573792484721
907,seattle,-0.016310332,-0.40652126565025315
908,seattle,0.015421174,-0.635862806733699
909,seattle,0.5921718,0.021108947361043594
91,seattle,-4.321235,-3.861575345130678
910,seattle,0.5829193,0.007838550052684932
911,seattle,-0.14386995,-0.5614249164272148
912,seattle,-0.07852235,-0.5018936902797513
913,seattle,0.06378255,-0.29891368803418245
914,seattle,0.2691004,-0.3340859589020248
915,seattle,-0.11453509,-0.51607113992521
916,seattle,0.031101061,-0.3366000335226396
917,seattle,-0.0030998676,-0.3777062603418623
918,seattle,0.014406022,-0.3521533400271096
919,seattle,-0.32354924,-0.2832343760944977
92,seattle,-4.2714033,-3.7986998612627083
920,seattle,-0.27945584,0.1686574418168402
921,seattle,-0.15515451,0.32595632241297606
922,seattle,-0.07718463,0.050565923017093777
923,seattle,-0.10910496,0.01110224357443411
924,seattle,-0.081861824,-0.12304871347760997
925,seattle,-0.10061175,-0.14492863218491217
926,seattle,0.016454028,0.16585322256222865
927,seattle,0.29030225,0.6879109309830145
928,seattle,0.48738062,0.6015011127500949
929,seattle,0.2573884,0.5293005174061379
93,seattle,-3.1383715,-2.0827726147877934
930,seattle,0.26321286,0.3243584548459621
931,seattle,0.48562574,0.3770608010228245
932,seattle,0.08928301,0.3197236724832702
933,seattle,0.48598847,0.9164854475688825
934,seattle,0.09947371,0.33176725984431754
935,seattle,0.027990242,0.2550408326248561
936,seattle,-0.2711506,-0.4727470346817029
937,seattle,0.6036314,0.6013852531893862
938,seattle,-0.098200485,0.34472175494086543
939,seattle,0.16030559,0.4720691119235472
94,seattle,-2.3043208,-2.5823523941658415
940,seattle,-0.30875248,-0.6208337488291471
941,seattle,0.062119734,-0.10977766562022331
942,seattle,0.47497708,0.47578465251918484
943,seattle,0.35431895,0.31536796499863173
944,seattle,0.22833695,0.6749160689568028
945,seattle,0.46900383,0.45930521802631136
946,seattle,0.5851335,0.5773947390630115
947,seattle,-0.6795912,-1.1174965984286258
948,seattle,-0.68066967,-1.1186345973166574
949,seattle,-0.6843392,-1.122974420614232
95,seattle,-2.2763622,-2.009647976452804
950,seattle,-0.6872411,-1.126562027836292
951,seattle,-0.44171318,-0.7738049041468723
952,seattle,0.4119708,0.383419187432312
953,seattle,-0.3522551,-0.5676003405035074
954,seattle,-0.43267396,-0.6657877686130463
955,seattle,-0.45008507,-0.6873134119454061
956,seattle,-4.015112,-4.346838101981784
957,seattle,-3.4923894,-3.7076960108883417
958,seattle,-3.526849,-3.750298846650304
959,seattle,-2.939925,-3.0158662237748706
96,seattle,-2.333261,-2.0782881057602185
960,seattle,-2.1974952,-1.24802272944207
961,seattle,-1.5372626,-1.2740328818020048
962,seattle,-2.9987552,-3.9512410852377884
963,seattle,-2.9676304,-3.9136937135019014
964,seattle,-2.9376378,-3.8775120074111937
965,seattle,-1.9981643,-2.7064983707598715
966,seattle,-0.43999454,-1.2415880180031922
967,seattle,-0.32246703,-0.8796915023489269
968,seattle,-0.14562468,-0.507970464751471
969,seattle,1.0759873,0.23902351804939845
97,seattle,-1.4565538,-1.518693173656496
970,seattle,1.7518363,1.2990661874670952
971,seattle,2.270489,1.9383363932101165
972,seattle,0.9066649,0.2345210196120973
973,seattle,2.2753143,1.946657216608843
974,seattle,1.4105818,1.2879745848809412
975,seattle,1.3018304,0.5023846820982636
976,seattle,1.2399716,1.0725012022976115
977,seattle,1.2151687,1.042232237547443
978,seattle,1.6594703,1.1886127933135906
979,seattle,1.7235163,1.2725921047760556
98,seattle,-1.2477666,-2.235552427667246
980,seattle,-2.4523664,-3.446205213243204
981,seattle,0.7596222,0.06906737370809922
982,seattle,0.78293246,0.5272588779280081
983,seattle,0.8696337,0.6382007692216725
984,seattle,0.8152349,-0.09539271098508978
985,seattle,1.3296938,0.5462882309208879
986,seattle,0.80761755,-0.10481017994299727
987,seattle,0.7066614,0.43353165635234125
988,seattle,0.698053,-0.013152288117255075
989,seattle,0.7977106,0.10784172156399786
99,seattle,-0.9368612,-1.2446896720716658
990,seattle,0.3397795,0.2057225993036346
991,seattle,1.2833209,0.4981632763195425
992,seattle,1.1477631,0.31412303700338634
993,seattle,0.7397699,0.48302822124905914
994,seattle,0.5104048,0.4162979909847429
995,seattle,0.60035646,0.31204215103386085
996,seattle,0.62270963,0.8824731817554087
997,seattle,1.0608224,0.3196625540084687
998,seattle,0.10114944,0.3960096848059121
999,seattle,0.77057016,0.16976749862691246
0,msp,-4.942508,-4.340908685581926
1,msp,-4.926548,-4.321176845860597
10,msp,-1.5238844,-0.7758100981181583
100,msp,-1.5343927,-0.6977952991111774
1000,msp,-0.46738124,-1.1972591998585314
1001,msp,-0.44345713,-1.1690938795440942
1002,msp,-0.39991328,-1.1138473319456372
1003,msp,0.16336003,0.14554933228818337
1004,msp,0.1227111,0.08839882118197441
1005,msp,0.22647524,0.2235797893679877
1006,msp,0.17458163,0.15252730027629638
1007,msp,0.16914067,0.14580053673493393
1008,msp,0.14892519,0.33932392268011785
1009,msp,0.117004864,0.2998602432374583
101,msp,-1.5227643,-0.14508459718393737
1010,msp,-0.7087297,-0.7218632145116597
1011,msp,-0.017837683,0.13536649598872802
1012,msp,0.2788328,0.2847790453587887
1013,msp,0.6087408,0.1675635465844456
1014,msp,0.6092844,0.16777362468504917
1015,msp,0.59738445,0.15399415079530965
1016,msp,0.2871756,0.29509341612221107
1017,msp,0.60591775,0.1631579530528653
1018,msp,0.17276798,0.1502850457625089
1019,msp,0.25216028,0.24770146497764733
102,msp,-1.4313726,-0.3127110592874257
1020,msp,0.10161956,0.0638679899687309
1021,msp,0.45022273,0.19109307162843892
1022,msp,0.33378607,0.0471403318432827
1023,msp,0.37528726,0.4016263120647864
1024,msp,0.21774663,0.20589295770443838
1025,msp,0.15862148,0.1327954605549665
1026,msp,0.020893386,-0.0351249208300026
1027,msp,0.36691812,0.38994327022787967
1028,msp,-0.6410321,-0.0255320327686433
1029,msp,0.21413265,0.2019344977330917
103,msp,-1.6026884,-0.5238348199472673
1030,msp,0.2975488,0.3046181000365184
1031,msp,-0.66143274,-0.05031633108774275
1032,msp,-3.4852571,-4.762725068080765
1033,msp,-3.7380085,-5.123869932451683
1034,msp,-2.0097094,-2.996960890019125
1035,msp,-1.7337672,-2.6574034828608184
1036,msp,-1.8066761,-2.7475421143150753
1037,msp,-1.6847985,-2.5968626109885564
1038,msp,-2.8494236,-3.9983252735450017
1039,msp,-1.8301296,-2.7344980763488507
104,msp,-1.4291962,-0.3100203538708807
1040,msp,-1.7666593,-2.6579305165218017
1041,msp,-3.8481326,-5.256718614624301
1042,msp,-4.349824,-4.856593194408215
1043,msp,-2.042782,-2.2424589013622627
1044,msp,-1.7704666,-1.7160393309961726
1045,msp,-1.776633,-1.7236629963430499
1046,msp,-2.0409684,-2.240216646848475
1047,msp,-1.6842595,-1.7538467656518162
1048,msp,-1.391631,-1.2023139447313063
1049,msp,-1.6784558,-1.7466715512076962
105,msp,-1.9372295,-1.7408196379761982
1050,msp,-1.3869156,-1.1964840829954588
1051,msp,-0.3625993,0.1694061910913028
1052,msp,0.008094428,0.9507482356651202
1053,msp,0.008094428,0.9507482356651202
1054,msp,0.2507675,0.9093068113420888
1055,msp,0.27552092,0.939472520494278
1056,msp,-0.24846074,0.30771715846623776
1057,msp,0.7797357,0.9560678747467938
1058,msp,0.78154933,0.9583101292605813
1059,msp,-0.1971356,0.9551839601636134
106,msp,-1.9713262,-1.782974022835403
1060,msp,-0.15796065,1.003616657661423
1061,msp,-1.3818359,-0.832785034690428
1062,msp,-1.4351075,-0.8969406549702668
1063,msp,-1.4795067,-0.9551320573723417
1064,msp,-1.4403675,-0.9040251241148147
1065,msp,-1.4529654,-0.9201683737147345
1066,msp,-1.3713272,-0.8203359692267661
1067,msp,-1.3370212,-0.7799835040121753
1068,msp,-3.5022936,-3.0073004716823903
1069,msp,-4.7813787,-4.623299088591544
107,msp,1.8657225,1.2948482878591194
1070,msp,-2.3889332,-2.519842000677381
1071,msp,-2.3700712,-2.4965225537339912
1072,msp,-1.4536974,-1.5661231341959991
1073,msp,-1.452972,-1.5652262323904842
1074,msp,-1.0969293,-0.9251692350088089
1075,msp,-1.4859805,-1.6060352645414162
1076,msp,-1.4859805,-1.6060352645414162
1077,msp,-1.7226532,-1.7644322671071433
1078,msp,-1.5077444,-1.6329423187068661
1079,msp,-1.5808388,-1.5033400078099497
108,msp,1.565549,1.5475359131546713
1080,msp,-1.6221901,-1.5544634107243043
1081,msp,-1.6579996,-1.6074744511420198
1082,msp,-1.9293013,-1.9257604072653665
1083,msp,-1.6701328,-1.642345595280525
1084,msp,-1.6059293,-1.5629697854924482
1085,msp,-0.4252848,-0.2032246169101852
1086,msp,-3.9009547,-4.5577100390781355
1087,msp,-0.3969582,-0.40367942393979134
1088,msp,-0.6872829,-0.6652451421824737
1089,msp,-0.5937182,-0.6158289785754002
109,msp,1.7084612,1.103026977326043
1090,msp,-0.64975834,-0.45708013964585487
1091,msp,-0.8157994,0.009190698971354673
1092,msp,-0.80634737,0.020234499838749597
1093,msp,-0.48335811,-0.24155846993078078
1094,msp,-0.3406194,-0.28505820749825794
1095,msp,-0.35549134,-0.3034446945113153
1096,msp,-0.048111692,0.08903061040588313
1097,msp,-0.7412487,0.09306568563135055
1098,msp,-0.059895545,0.06821206080482382
1099,msp,-2.5957055,-2.9079600410543867
11,msp,-1.6213375,-0.7390294637996553
110,msp,1.423789,1.37328426160002
1100,msp,-2.137998,-1.073425780325881
1101,msp,-1.0278038,-0.5823960001764691
1102,msp,-0.972306,-0.5137830120545721
1103,msp,-1.1524304,-0.7400565747019457
1104,msp,-2.4299774,-2.3396494819017333
1105,msp,-2.460654,-2.3744825184844878
1106,msp,-3.117489,-3.1677051218135404
1107,msp,-2.428323,-2.31304661806226
1108,msp,-2.422882,-2.306319854520898
1109,msp,-3.8372722,-4.043756786010813
111,msp,1.6779575,1.065870139410576
1110,msp,-3.5298367,-3.6574307916935265
1111,msp,-2.7373695,-2.7065708979293057
1112,msp,-1.4517257,-1.1214100269209333
1113,msp,-1.447373,-1.1160286160878432
1114,msp,-0.88778764,-0.6315081378694198
1115,msp,-1.0063846,-0.7767191438035638
1116,msp,-2.4489987,-2.3386083195194374
1117,msp,-0.9139043,-0.6637966028679595
1118,msp,-1.4818324,-1.1586314518498053
1119,msp,-1.495979,-1.1761210370573478
112,msp,1.4089171,1.3548977745869626
1120,msp,-3.1857746,-3.7509258931116154
1121,msp,-3.1857746,-3.7509258931116154
1122,msp,-3.282911,-3.8681067354715823
1123,msp,-3.0988832,-3.646104057713493
1124,msp,-0.8727437,-1.0124148453282291
1125,msp,-0.975642,-0.8391306296535159
1126,msp,-3.3189385,-2.7087035485379567
1127,msp,-5.085386,-4.971709919676631
1128,msp,-5.4480686,-5.410081163074976
1129,msp,-0.13358863,0.3153965378643063
113,msp,1.4877489,1.2391350291519074
1130,msp,0.3070456,0.471457452023915
1131,msp,0.14725852,0.49387999716178976
1132,msp,-0.11853565,0.33342531927417807
1133,msp,-0.57609016,-0.3844294083067472
1134,msp,0.31012848,0.47468735364278936
1135,msp,0.36610687,0.2181744201648517
1136,msp,0.20757319,0.3473282801590105
1137,msp,0.20467135,0.3437406729369506
1138,msp,0.35090637,0.19882644433287425
1139,msp,-2.8451154,-3.274891354584163
114,msp,1.8942331,1.113853403106278
1140,msp,-3.0603416,-3.453773163544826
1141,msp,-2.3901057,-1.7005186421064076
1142,msp,-2.280629,-1.5661791208971734
1143,msp,-2.5056453,-1.8388567506668596
1144,msp,-2.8589454,-2.275647929952661
1145,msp,-2.5101078,-1.8467291231628284
1146,msp,-3.0485303,-2.8173585674941104
1147,msp,-3.4023376,-3.3001408414687097
1148,msp,-3.074477,-2.9048208847350843
1149,msp,-3.074477,-2.9048208847350843
115,msp,1.5080618,1.2642482797063272
1150,msp,-3.074477,-2.9048208847350843
1151,msp,-3.1147146,-2.9533615977876373
1152,msp,-1.1008271,-1.396120144161325
1153,msp,-0.5647683,-0.21578782388398154
1154,msp,-0.4937364,-0.413363881933283
1155,msp,-0.38674596,-0.27129874545125626
1156,msp,-0.5342989,-0.1781179480523519
1157,msp,-0.6107592,-0.25742436439248667
1158,msp,-0.563267,-0.19991463328478365
1159,msp,-1.1816322,-1.2149614662047736
116,msp,1.2546809,1.405583072410581
1160,msp,-0.9912603,-0.9817515100133984
1161,msp,-1.4567178,-1.5767660502560241
1162,msp,-1.3218575,-1.4129463140092773
1163,msp,-2.680465,-2.1033329394273776
1164,msp,-2.7406783,-2.177775789285122
1165,msp,-1.8019286,-1.0159720513729544
1166,msp,-2.7473035,-2.1875616353749052
1167,msp,-1.8109969,-1.0271833239418915
1168,msp,-4.380373,-4.192336280028934
1169,msp,-3.132015,-2.6503618524255406
117,msp,0.9542306,1.2559487351663492
1170,msp,-2.5380738,-1.9286853143315907
1171,msp,-1.1583408,-0.742990716341214
1172,msp,-1.0831035,-0.31304586456744676
1173,msp,-0.7730204,-0.2693106964323406
1174,msp,-0.81157,-0.3142716533050479
1175,msp,-0.74451184,-0.22540363219879958
1176,msp,-1.0037292,-0.20619498574049133
1177,msp,-0.9860025,-0.17831628740926245
1178,msp,-0.54662097,0.025490189485722528
1179,msp,-0.75687903,0.12212409016744481
118,msp,1.2188622,1.3623296337984974
1180,msp,-0.6391097,-0.08695344256192629
1181,msp,-1.0436758,-0.23941863346589096
1182,msp,-0.9852761,-0.16721803812193411
1183,msp,-0.5823909,-0.011998331833296282
1184,msp,-0.5707971,0.0015748652322120206
1185,msp,-0.8478354,0.0047140215515145256
1186,msp,-0.77134496,0.09854283354459316
1187,msp,-0.6085589,0.28611640028662666
1188,msp,-0.43467352,0.14580053673493393
1189,msp,-0.5724115,0.33783679352976
119,msp,0.5169817,0.7093892919344953
1190,msp,-0.5275012,0.382124004898087
1191,msp,-0.54491234,0.36059836156572705
1192,msp,-0.5669705,0.3445635570711223
1193,msp,-0.084319495,0.5817167573619497
1194,msp,0.023092741,0.7201245166739627
1195,msp,0.038741395,1.2778372164191028
1196,msp,-0.46563447,0.4648487380485479
1197,msp,-0.5018735,0.4207620760383723
1198,msp,-0.39767903,0.5474899804205194
1199,msp,-3.7034714,-4.000955417644201
12,msp,-1.7261667,-0.8686317746965716
120,msp,-0.6327238,-0.7182599944134473
1200,msp,-0.13831039,-0.33689823783191747
1201,msp,-0.10412459,-0.2995927449965116
1202,msp,-0.08526258,-0.2762732980531219
1203,msp,-0.3709622,-0.6183193255575272
1204,msp,0.051565506,-0.09620864796794715
1205,msp,0.21653235,-0.10446470548692487
1206,msp,0.50246465,0.2366286659486512
1207,msp,0.2263261,-0.09235653111247248
1208,msp,0.49194545,0.22362358976868385
1209,msp,0.54564756,0.28932031237480965
121,msp,0.22743763,0.5710315472130508
1210,msp,0.4148678,0.13987377333850284
1211,msp,0.3840642,0.1009529491615257
1212,msp,0.30498755,0.21317074546532022
1213,msp,-0.022758327,-0.20697691200082424
1214,msp,0.32235214,0.2456825228647247
1215,msp,0.36103123,0.29284316382798914
1216,msp,0.3056665,0.2250537813378798
1217,msp,0.5846642,0.5504182924436836
1218,msp,0.50891536,0.4589188215236767
1219,msp,0.18161562,0.5190745094819044
122,msp,0.6112543,0.8254086821369652
1220,msp,-0.14994228,0.10430359860162756
1221,msp,1.6805786,0.595116164858561
1222,msp,1.7264826,0.6452889569104263
1223,msp,-0.12999208,0.12896839825328987
1224,msp,-0.2883409,-0.0995452061774591
1225,msp,-0.7049316,-0.3725838889192428
1226,msp,-0.33911794,-0.1603437388857244
1227,msp,-0.038694542,1.0267929043597361
1229,msp,0.15413296,1.2648781786898446
123,msp,0.6151283,0.8286691160344052
1230,msp,1.5895902,0.6654330036546148
1231,msp,-0.043193057,1.2453795755840678
1232,msp,0.09881899,1.4227830033016708
1233,msp,-0.087982185,1.1938153820593445
1234,msp,-0.04800891,1.2257883398471214
1235,msp,-0.21059057,1.0402543832495266
1236,msp,-1.19201,-0.9653897145677086
1237,msp,1.2272569,1.5801418265425415
1238,msp,1.219826,0.21449747468667124
1239,msp,1.6248155,0.37386269794327476
124,msp,-0.49784136,-0.5540007268748057
1240,msp,0.12591639,1.4550481487058577
1241,msp,2.5886042,1.677504732940659
1242,msp,2.4292977,1.3655850565688052
1243,msp,1.7551249,0.7514505264573518
1244,msp,-0.020943118,1.2812584290861686
1245,msp,2.370068,1.510001259661775
1246,msp,1.9000164,0.9299427449188445
1247,msp,2.5266712,1.7049510576018057
1248,msp,-0.35051373,0.8702946475867598
1249,msp,2.6046498,1.8018469105826227
125,msp,0.5808291,0.780026651493514
1250,msp,-0.7529721,0.3655171544358931
1251,msp,2.6277363,1.073024401689989
1252,msp,1.824907,-0.24871475988092176
1253,msp,2.2909126,0.33869575927137324
1254,msp,1.9290622,-0.12306674074297407
1255,msp,2.210818,0.23718216456952368
1256,msp,1.4231781,0.4536110147084057
1257,msp,-1.0588415,-0.008072929369981814
1258,msp,2.1522543,0.17066593183077466
1259,msp,2.3565805,0.411142819743424
126,msp,0.5763786,0.7797929271850985
1260,msp,2.2862747,0.3267096391068118
1261,msp,2.0436144,0.03410586810011136
1262,msp,-1.2557818,-1.1219364202650688
1263,msp,2.6260743,0.7491730146593344
1264,msp,2.3232572,0.3710191919205188
1265,msp,1.8683122,-0.17788124451605247
1266,msp,1.4722842,-0.6769174549767991
1267,msp,-0.8034314,-0.6121255186116723
1268,msp,1.9878004,-0.039339271502197105
1269,msp,2.2218487,0.2550018427347003
127,msp,-0.560664,-0.6326021389531105
1270,msp,2.0022113,-0.015460251351990128
1271,msp,2.392876,0.4613969287007437
1272,msp,2.0431144,0.03388311383469518
1273,msp,-2.2579308,-2.507366689042415
1274,msp,-2.2945168,-2.550893567795409
1275,msp,2.1766481,0.20047382615780987
1276,msp,2.6862004,0.83387715870875
1277,msp,2.8532877,1.04527482592872
1278,msp,2.285282,0.3312201361603822
1279,msp,2.2649176,0.30665377032269453
128,msp,0.2782063,0.6321677804521532
1280,msp,2.1399517,0.16180261598570742
1281,msp,1.9664247,-0.053118895110304536
1282,msp,1.1004436,1.2639004328730254
1283,msp,2.059147,0.06539957278862835
1284,msp,1.4928987,-0.872499259222105
1285,msp,2.106826,0.13229564389821794
1286,msp,1.4206469,1.3251680753550812
1287,msp,-2.5079138,-2.8087606633460576
1288,msp,-2.5202467,-2.8240079940398126
1289,msp,-3.3652205,-3.8743806775569793
129,msp,-0.08433035,-0.010080248864768866
1290,msp,-2.5195212,-2.8231110922342975
1291,msp,3.5426877,1.8997135130522425
1292,msp,1.9795915,1.8252659773339497
1293,msp,-1.2190101,-0.7811453614304497
1294,msp,-2.1482792,-2.319872223559807
1295,msp,-1.3544943,-1.2676528014511228
1296,msp,2.0037136,1.8555505606208558
1297,msp,-2.5988495,-2.91883087827531
1298,msp,3.8007336,2.0065241209591558
1299,msp,3.8195956,2.029843567902546
13,msp,-1.8519726,-1.0220174701971125
130,msp,-0.015127169,0.07460970857899017
1300,msp,-2.0493448,-2.2005874399086367
1301,msp,3.766663,1.9657384071734352
1302,msp,-1.6172155,-1.5986189779165116
1303,msp,-2.3842897,-2.121074071296546
1304,msp,-0.7775222,-0.25193475684753486
1305,msp,1.4257663,-0.43673329774714337
1306,msp,-2.256316,-1.963790308524408
1307,msp,-2.350556,-2.618344332983399
1308,msp,-2.3433714,-2.610394720829507
1309,msp,2.2667456,0.28194641037989526
131,msp,-0.08686947,-0.013219405184071371
1310,msp,1.6314527,-0.7221118425289268
1311,msp,-3.135579,-3.5972974563651663
1312,msp,2.120253,0.08947866585019935
1313,msp,2.2649572,0.2671732388969114
1314,msp,2.0199351,-0.03392044662773439
1315,msp,2.175312,0.14441115434022359
1316,msp,-3.38499,-3.8681067354715823
1317,msp,2.966981,1.1799894544068128
1318,msp,-3.4093192,-3.646104057713493
1319,msp,2.3764367,0.3975706838870659
132,msp,-0.049508173,0.032971037799950774
1320,msp,2.5219436,0.6032937955110891
1321,msp,2.4276445,0.2566512979147348
1322,msp,2.1355956,-0.11634639038063564
1323,msp,3.0463383,1.0429851899528981
1324,msp,-3.4962108,-3.7509258931116154
1325,msp,-3.4962108,-3.7509258931116154
1326,msp,-3.4962108,-3.7509258931116154
1327,msp,-3.4962108,-3.7509258931116154
1328,msp,2.0875363,2.0065792880723534
1329,msp,2.1097777,2.03232317643687
133,msp,-0.11153518,-0.04371406657158106
1330,msp,1.8308135,1.6870985442107922
1331,msp,1.7732675,1.6149714163559088
1332,msp,0.6871501,1.5218519323724757
1333,msp,0.2896671,1.0313691488515173
1334,msp,2.2478719,0.6223404870076151
1335,msp,-0.16588391,0.7925782371259941
1336,msp,-2.4018981,-2.535745352492647
1337,msp,1.7334119,2.6190124629976084
1338,msp,1.2122725,2.1961560823641335
1339,msp,1.2695841,2.267011324999818
134,msp,-0.10790787,-0.03922955754400615
1340,msp,1.2292428,2.0108551058677833
1341,msp,-0.33293575,-0.5735546539098086
1342,msp,1.3466227,2.3632209702920286
1343,msp,1.0864909,1.8345512380542803
1344,msp,1.4577552,2.8191996486940836
1345,msp,0.44334623,0.37961062892742947
1346,msp,1.3773286,2.184257672923309
1347,msp,1.7223583,2.620685670588171
1348,msp,-1.342725,-1.2113789892216913
1349,msp,-0.47609088,-0.7215890681172537
135,msp,-0.14297874,-0.08168957627331903
1350,msp,2.982438,2.7743672495101332
1351,msp,0.38687494,0.5676713033749399
1352,msp,-0.97289276,-1.3495664658100783
1353,msp,-0.44583917,-0.9219470669858439
1354,msp,2.9517221,2.7379214488086383
1355,msp,2.4558365,2.357670528463291
1356,msp,-1.0159606,-1.39321187579836
1357,msp,-0.55944604,-0.8160421033285956
1358,msp,-0.8386823,-1.1836396317898048
1359,msp,-0.29240394,-0.7322523351194229
136,msp,-0.05427358,0.025374513638590626
1360,msp,-0.42443803,-0.8954884637231516
1361,msp,-0.58846456,-0.8519181755491952
1362,msp,-0.9548433,-1.3194827979717652
1363,msp,-0.3889868,-0.39039412193934686
1364,msp,-0.26132655,-0.24969472330796838
1365,msp,-0.5038888,-0.24885185038488097
1366,msp,2.1265185,1.737705297918176
1367,msp,0.009794775,-0.14881066835323103
1368,msp,2.4270792,2.0806646100682036
1369,msp,2.4027762,2.0506183995834513
137,msp,0.16743037,-0.22251892839341594
1370,msp,2.3533611,2.0135755051633932
1371,msp,0.60147935,0.5756538680937671
1372,msp,-1.0481153,-1.2077691390071992
1373,msp,-0.9853628,-1.1301871328301525
1374,msp,-0.99982965,-1.1453240585994107
1375,msp,1.7504498,1.4754653848611088
1376,msp,-0.4375312,-0.6708284019186022
1377,msp,-0.5066526,-0.7625221531242131
1378,msp,1.0648168,1.4439180625336145
1379,msp,0.92794716,1.2824569815323017
138,msp,-0.45431226,-0.3278107150136123
1380,msp,-0.625373,-0.6326511640046435
1381,msp,-0.6542584,-0.6677036305934558
1382,msp,0.098046035,0.03323957601871698
1384,msp,-0.036727954,0.09143640761394994
1385,msp,-0.20097426,-0.5868139355846478
1386,msp,-0.25879568,-0.6496381862073908
1387,msp,-0.06634879,-0.17394230105548228
1389,msp,-0.2587255,-0.648618780306133
139,msp,-1.5831901,-1.880024573741998
1390,msp,-0.07324133,-0.42283770525922976
1391,msp,-0.5320595,-0.7536747139015135
1392,msp,0.6313861,-0.6371112400719063
1393,msp,0.7055232,-0.7677463610404949
1394,msp,0.63421875,-0.85384081833635
1395,msp,0.7392495,-0.7279517752395603
1396,msp,0.68019986,-0.79804527280999
1397,msp,0.56132585,-0.7279517752395603
1398,msp,0.55519944,-0.7409400495338685
1399,msp,0.623343,-0.6583979422409718
14,msp,-3.3790855,-2.903355680779099
140,msp,-1.3701557,-1.622605929094107
1400,msp,0.66090417,-0.6127706888703803
1401,msp,1.7840301,0.6420533742636665
1402,msp,1.8797407,0.7632263063694454
1403,msp,1.9112879,0.8016855241930422
1404,msp,2.860926,1.910585833692349
1405,msp,1.8114077,0.6766404806593428
1406,msp,2.183754,1.3008390998970385
1407,msp,2.0935524,1.1964939556953407
1408,msp,2.443502,1.422498157484761
1409,msp,1.7015992,1.363891363484696
141,msp,-0.029127527,-0.20189018686657115
1410,msp,1.7585692,1.4409343072252836
1411,msp,1.7668315,1.6645781295012991
1412,msp,2.176274,1.9533880284990348
1413,msp,2.2404907,2.032556576911538
1414,msp,1.2534919,2.103324390624987
1415,msp,2.211273,2.0022852796695516
1416,msp,2.2200646,2.232203402238566
1417,msp,2.4667337,2.3137435608661305
1418,msp,2.5220764,2.386332039247204
1419,msp,1.1001067,1.5990283405066528
142,msp,-1.2913926,-1.5132973716201443
1420,msp,2.6277864,2.5128557616904588
1421,msp,1.002069,1.2537233691534821
1422,msp,2.0658987,1.8235705438373588
1423,msp,1.7797552,1.2045480726363245
1424,msp,1.9934857,1.7347039689176476
1425,msp,1.5971946,1.1996823758833994
1426,msp,0.5530031,0.9473969777668393
1427,msp,1.1847376,1.4914740165319835
1428,msp,1.6942468,1.370283495788794
1429,msp,1.222467,1.5400975040965472
143,msp,-0.19259773,-0.22421855647663066
1430,msp,1.5577928,1.1605519346066635
1431,msp,0.841765,1.6014082757753385
1432,msp,1.7772572,1.4354182979026777
1433,msp,0.38889107,-0.5546381807007419
1434,msp,1.1761136,0.9472242226671533
1435,msp,1.1244892,1.9564452802163619
1436,msp,0.82887113,1.2859876095835485
1437,msp,1.4004279,0.9617862275532305
1438,msp,0.3680061,-0.35938989117427766
1439,msp,0.71980214,0.08982474778614209
144,msp,-1.4911804,-1.553965799786693
1440,msp,2.4308965,2.272542852137571
1441,msp,1.2956067,0.8051487401171269
1442,msp,1.5784802,0.9584088912910532
1443,msp,2.8064065,2.735543088290058
1444,msp,2.192773,1.9789155957452225
1445,msp,1.6476407,1.5312418328438047
1446,msp,2.289191,2.1039843451151774
1447,msp,0.91516215,0.3370464162663319
1448,msp,2.167289,1.952775516516675
1449,msp,2.2187967,2.0164555447082395
145,msp,-1.9885145,-2.0022029630457023
1450,msp,2.7444074,2.6634197852061945
1451,msp,0.4084602,0.5507613494528695
1452,msp,0.9394878,0.3949474429500792
1453,msp,1.3720523,1.7319021821122431
1454,msp,2.1904798,2.2066493846459196
1455,msp,2.7506402,2.899221647929334
1456,msp,1.3555433,1.719755308397179
1457,msp,0.72249633,0.4544061108718895
1458,msp,2.6245368,2.7494851350684266
1459,msp,1.5013249,1.0794081721860511
146,msp,-0.06034342,-0.2398410418994157
1460,msp,1.7885985,1.4136604590098028
1461,msp,2.7373374,2.6769098420862294
1462,msp,1.2585448,0.7648976286574238
1463,msp,2.8774412,2.848085876291841
1464,msp,1.4913667,1.058174450901
1465,msp,1.7206554,1.672784838029641
1466,msp,1.4912606,1.0496757169356137
1467,msp,1.449736,1.0212695315949625
1468,msp,1.6079665,1.2183468819515566
1469,msp,1.6401343,1.0208606684902073
147,msp,-1.5428047,-1.6339887684559038
1470,msp,1.72927,1.1294658607284034
1471,msp,1.4389175,1.0025069867763035
1472,msp,1.6881539,1.299582173021785
1473,msp,1.3320009,0.8807437735515111
1474,msp,1.8088151,1.442923998505101
1475,msp,2.0619652,1.767335170901632
1476,msp,1.6532308,1.2651452874017888
1477,msp,1.545981,1.134185130809365
1478,msp,1.9613382,1.645026915404786
1479,msp,2.163005,1.679283482439601
148,msp,-0.029965566,0.05111770849384117
1480,msp,2.6648216,2.8490525520615964
1481,msp,1.7454778,1.1465898001724324
1482,msp,1.7217543,1.1139600992275347
1483,msp,1.7835872,1.2145900326127153
1484,msp,1.6008288,0.9860366163964661
1485,msp,-0.89251614,-1.9685136610198672
1486,msp,-0.9348181,-2.0195447064523013
1487,msp,1.7937717,1.3098925973806674
1488,msp,0.69428676,-0.1759734719464618
1489,msp,0.43613768,-0.27730788921217886
149,msp,-0.07227198,-0.0005274414969982507
1490,msp,2.1021657,1.9415340267470131
1491,msp,1.9769086,1.7856198421237963
1492,msp,1.8860006,1.6722559476168448
1493,msp,2.0445695,1.6460158916649767
1494,msp,1.881954,1.6660443095442161
1495,msp,2.218152,1.2885799743834363
1496,msp,2.4505353,1.5505953753157369
1497,msp,3.1928768,3.6192035709200243
1498,msp,1.8568395,1.0336552651635065
1499,msp,1.0518765,0.8104189371997389
15,msp,-3.2472908,-2.745929933018089
150,msp,-2.213106,-1.2703690438603352
1500,msp,2.5181828,1.6379700441713902
1501,msp,1.940086,1.1359928162917876
1502,msp,1.6582323,0.7787481061760413
1503,msp,1.7467234,0.8930013006159612
1504,msp,3.149206,3.240860950069876
1505,msp,1.6254861,0.5188885841107327
1506,msp,1.645385,1.0830764641224275
1507,msp,1.8762375,1.053827895495205
1508,msp,2.4255433,2.344776290848286
1509,msp,0.87466913,-0.05971212232819457
151,msp,-2.2457516,-1.3107296251085097
1510,msp,-0.39883906,-1.6355807292155315
1511,msp,1.0099678,0.10756006440035153
1512,msp,0.8460377,-0.094610418374053
1513,msp,-0.37381062,-1.6046376169252643
1514,msp,0.71015316,-0.2605024509164207
1515,msp,0.8417284,-0.09942850305559715
1516,msp,1.192575,0.3353812390347435
1517,msp,1.292181,0.4559759578577278
1518,msp,1.4865934,0.47541063291916974
1519,msp,0.550967,0.6185334659124552
152,msp,-2.4983277,-1.6193712324774128
1520,msp,0.6395074,0.7287139144508579
1521,msp,0.6931916,0.7950846480589674
1522,msp,0.9780261,1.1451411020143476
1523,msp,0.6871521,0.7915487703063123
1524,msp,0.24989098,0.25272086540185895
1525,msp,-0.32541367,-0.4646648681968778
1526,msp,-0.57890236,-0.7758093760825491
1527,msp,0.83291024,-0.0685959149791947
1528,msp,0.7672559,-0.14976552837830148
1529,msp,0.77471465,-0.14116984700628643
153,msp,-1.065654,-0.5548913950364006
1530,msp,1.916905,1.2899943417978852
1531,msp,2.137462,1.5578356261761779
1532,msp,1.3057133,1.6220254640356724
1533,msp,1.3100661,1.6274068748687622
1534,msp,0.92155063,1.4147797881965367
1535,msp,1.3353155,1.6617655193200456
1536,msp,1.3052088,1.6245440943911733
1537,msp,0.7788357,1.3040770022288404
1538,msp,-0.24779718,0.11265559939959213
1539,msp,-0.0914601,0.30593793848807305
154,msp,-1.0003678,-1.0151310218611358
1540,msp,0.13149278,1.1182543244649237
1541,msp,2.1495574,1.9012267849760456
1542,msp,2.9911728,2.9162546963980756
1543,msp,2.3330889,2.1301893116837913
1544,msp,2.7741811,2.644475820088737
1545,msp,2.954614,2.870641208910844
1546,msp,1.2582312,0.8419302725463078
1547,msp,0.9274668,0.4270942085074209
1548,msp,0.99574006,0.512955734980157
1549,msp,0.17943817,0.8536789502645532
155,msp,-0.8907286,-0.8825631475743866
1550,msp,0.54817,-0.043615697631621285
1551,msp,0.04288517,0.6787823799107757
1552,msp,0.6545555,1.4388269597350547
1553,msp,0.6824858,1.4733576792473817
1554,msp,0.7524911,1.556911147068155
1555,msp,0.78962785,0.17762366232979512
1556,msp,1.0717078,0.5188464626222183
1557,msp,1.1475078,0.6121574030551468
1558,msp,1.2717872,0.794522216027613
1559,msp,-0.14446008,-1.2170169388116079
156,msp,-0.9008851,-0.8951197728515965
1560,msp,1.5424396,1.1294046689487387
1561,msp,1.6627953,1.2771396288430148
1562,msp,2.0407763,1.7532311885033425
1563,msp,1.5581666,1.1459185177986428
1564,msp,-0.12403214,-0.9830037433917026
1565,msp,-0.024922045,-1.071703188245356
1566,msp,2.0674016,1.7894484966703001
1567,msp,0.2267682,-0.7725730550420373
1568,msp,1.9194646,1.6409573421611674
1569,msp,1.2631991,0.7600152511794528
157,msp,-0.9761695,-0.7698550605181723
1570,msp,1.8326448,1.5323308602853363
1571,msp,1.7499952,1.4343735653920842
1572,msp,0.6024926,-0.03696542741922169
1573,msp,0.91170496,0.36222059838389786
1574,msp,2.004776,1.7031756176630402
1575,msp,0.5976327,-0.15055800400499023
1576,msp,0.38985032,-0.40841231353929036
1577,msp,0.324196,-0.4895819269383969
1578,msp,2.1615012,1.7042570381367024
1579,msp,2.0711963,1.587761589182995
158,msp,-1.1618282,-1.2247017914860236
1580,msp,-0.48425096,-1.5103379254544957
1581,msp,-0.66996926,-1.7399447876663339
1582,msp,-0.694635,-1.7704394490538435
1583,msp,-1.1917336,-2.3797894790496072
1584,msp,-1.2228873,-2.683639842823965
1585,msp,-0.99184376,-2.3994090570349975
1586,msp,-0.4433432,-1.6519911073302158
1587,msp,-0.45748973,-1.669480692537758
1588,msp,1.5414867,0.9162628125815242
1589,msp,1.5795181,0.9884124004916853
159,msp,-1.0977683,-0.9179917517915789
1590,msp,-0.88809925,-1.9806132615695402
1591,msp,1.2977258,0.61461434640206
1592,msp,-0.9970562,-2.1165862425869815
1593,msp,1.489214,0.8777563598650079
1594,msp,1.2356012,0.5383767100339347
1595,msp,0.84352344,0.25644046860704883
1596,msp,1.0940756,0.5767697236603028
1597,msp,-1.0854249,-2.2245705526696176
1598,msp,1.1631228,0.6983836590543985
1599,msp,1.0214756,0.47536344309833894
16,msp,-2.0074744,-1.2119119458171987
160,msp,-0.9874624,-0.7843369131130176
1600,msp,0.44899887,-0.21603543448479462
1601,msp,1.0515162,0.5323518458564698
1602,msp,1.1280129,0.9416976844261723
1603,msp,1.2457545,0.5444116375970394
1604,msp,1.0598862,0.31713462742414517
1605,msp,0.61304855,-0.21988557191605534
1606,msp,-0.6506729,-0.533809984988727
1607,msp,-0.5940869,-0.46385164415855756
1608,msp,-0.104927935,-0.0918614052551304
1609,msp,-0.53157246,-0.38793716532794864
161,msp,-0.78277546,-0.5221989348530871
1610,msp,0.5971827,0.7994252122424172
1611,msp,1.3270744,0.691198394375088
1612,msp,0.6425618,0.8664613533421449
1613,msp,0.60336584,0.8186445784486353
1614,msp,-1.1447425,-0.4420554115101818
1615,msp,-1.566688,-0.7421491392258293
1616,msp,-1.5786923,-0.756434981100664
1617,msp,-1.1512716,-0.4501275277598168
1618,msp,-1.0541191,-0.33151424613229297
1619,msp,-1.5705513,-0.744624984293852
162,msp,-0.52796406,-0.20861092556792596
1620,msp,-1.2910228,-0.4018824638464377
1621,msp,-1.0907745,-0.15781246052227246
1622,msp,-1.0740889,-0.13718371899542767
1623,msp,-1.0618678,-0.12160380610532638
1624,msp,-0.9951955,-0.04010824589920498
1625,msp,-1.6839573,-0.8802044116089817
1626,msp,-0.26156384,-0.47332114616252713
1627,msp,0.049671214,-0.5416285004143159
1628,msp,0.040240206,-0.5532882238860107
1629,msp,0.025005504,-0.5721231618018255
163,msp,-0.696383,-0.4163595622510577
1630,msp,-0.32975724,-0.5576299158809364
1631,msp,0.024280041,-0.5730200636073405
1632,msp,-0.32758087,-0.5549392104643913
1633,msp,-3.2354257,-2.798898655902283
1634,msp,-2.811844,-2.5001462867592568
1635,msp,-0.8117652,-0.9261584942962441
1636,msp,-0.31109607,-0.7605720956239844
1637,msp,-3.0756385,-2.8213212010401576
1638,msp,-3.4355779,-3.043439554645379
1639,msp,-0.919396,-1.5126242595483055
164,msp,-0.5644191,-0.25414283954858685
1640,msp,-2.3315895,-2.765909120435004
1641,msp,-2.3315895,-2.765909120435004
1642,msp,-2.2913518,-2.717368407382451
1643,msp,-2.2913518,-2.717368407382451
1644,msp,-1.046977,-2.143631018776111
1645,msp,-1.2240103,-1.5501732715111356
1646,msp,-1.1968056,-1.5165394538043233
1647,msp,-1.2560483,-1.3688033571790925
1648,msp,-0.7633363,-1.7674762097305068
1649,msp,-1.1559386,-1.468815568786403
165,msp,-0.90555304,-0.684079660513353
1650,msp,-1.1026957,-1.403857451063974
1651,msp,0.4118255,0.3912708681207414
1652,msp,0.2634769,0.20989713096839338
1653,msp,0.35435054,0.3163111501974
1654,msp,0.32350048,0.27886683446499655
1655,msp,0.3775474,0.34568601897586343
1656,msp,0.47260088,0.46250614449634386
1657,msp,-1.5535413,-1.730826108733615
1658,msp,0.39054498,0.5803521173826262
1659,msp,0.43630144,0.4162923831471099
166,msp,-1.1574117,-0.9899426570870936
1660,msp,0.22720924,0.3790942765834496
1661,msp,0.2809689,0.44846900977060106
1662,msp,-0.68095595,-1.6264229338874765
1663,msp,-1.213792,-1.2820774011249272
1664,msp,-0.5697748,-1.7089378999948557
1665,msp,-0.25226146,-0.21344610132208455
1666,msp,-0.32582003,-1.4098054897827825
1667,msp,-0.40195966,-0.3961653624980515
1668,msp,-0.46529996,-0.4732065602904207
1669,msp,-0.37435937,-1.2349335960774048
167,msp,-0.9817022,-0.7777250248204434
1670,msp,-0.2906473,-0.5039523882155109
1671,msp,-0.01750347,-0.16854250807456095
1672,msp,0.048016902,-0.7175402469420669
1673,msp,0.016549977,-0.7585329801912232
1674,msp,0.9793891,0.21747897234796992
1675,msp,0.3541247,0.2800793105951379
1676,msp,0.91093385,0.1241073506820799
1677,msp,0.63136137,-0.0027125265993695655
1678,msp,-1.2116175,-1.4283103680578215
1679,msp,1.398982,0.7427882429691719
168,msp,-1.0063244,-0.8076563600564073
1680,msp,1.4360149,0.7880171971342739
1681,msp,1.4457982,0.7995693607924207
1682,msp,1.0419168,1.3434376949873228
1683,msp,1.096331,1.4221098253535263
1684,msp,0.45513237,0.42349421885858585
1685,msp,0.78238875,0.8217156018544912
1686,msp,1.3159537,1.2368401679118148
1687,msp,0.9860569,0.830422821755852
1688,msp,1.2998818,1.2174409103868313
1689,msp,1.7715082,1.8290355998624452
169,msp,-0.68937933,-0.40817157729501163
1690,msp,1.0677035,0.9350911620595357
1691,msp,0.23124348,0.5488000080178453
1692,msp,0.27942735,0.6068724177731072
1693,msp,0.80783266,0.6155953584418832
1694,msp,0.23700494,0.3752877289639884
1695,msp,0.6512705,0.4233022786408373
1696,msp,0.8508193,0.6859481568684432
1697,msp,-0.19366989,-0.17031115293110907
1698,msp,-0.64976317,-0.7773090845466815
1699,msp,-0.72677386,-0.8443089014055798
17,msp,-1.9971181,-1.1999185101534195
170,msp,-0.67353094,-0.3881071553773355
1700,msp,-0.6292595,-0.7259982817056319
1701,msp,-0.8627724,-1.0112406527861122
1702,msp,-0.72122115,-0.8656539123899082
1703,msp,-0.29487184,-0.2954289548004505
1704,msp,-0.69064677,-0.8029442033954907
1705,msp,-0.75331354,-0.8793684904486955
1706,msp,-0.78615,-0.9459266239834998
1707,msp,-0.90258664,-1.0898793637686564
1708,msp,0.7248074,0.9565887192288087
1709,msp,0.7095727,0.9377537813129938
171,msp,-0.94835526,-0.7369968670387375
1710,msp,0.9972982,1.5182368096174623
1711,msp,1.3308296,1.0940826742369019
1712,msp,1.7828697,1.2431529210079506
1713,msp,1.5840551,1.2310406717163962
1714,msp,0.59722215,0.8004477312983176
1715,msp,0.71551645,1.1721131313167064
1716,msp,1.3648239,0.9755771771865612
1717,msp,1.5392439,1.1686796131650081
1718,msp,1.2117419,0.7750721284550399
1719,msp,1.5713413,0.9888812591444504
172,msp,-0.5105758,-0.4088817193651349
1720,msp,1.36186,0.9498660306045482
1721,msp,0.16883685,0.27082721514171454
1722,msp,0.12592779,0.26994112406067533
1723,msp,0.1563972,0.30761099989230495
1724,msp,0.22020692,0.5591714925467812
1725,msp,0.536908,0.5543322535909863
1726,msp,1.2489274,0.8157597297869285
1727,msp,0.440538,0.6078733609861614
1728,msp,1.1956499,0.7613244440984512
1729,msp,1.4516684,1.0652064472748397
173,msp,-0.7033507,-0.641371199139449
1730,msp,1.5378947,1.1882573638159764
1731,msp,1.7480266,1.7524367619565053
1732,msp,-0.23042369,-0.19624359835075014
1733,msp,-0.26214707,-0.2345132113280067
1734,msp,-0.38390344,-0.3813943865867303
1735,msp,-0.36536995,-0.3590364284622606
1736,msp,-0.40286306,-0.4042663655267127
1737,msp,-0.38390344,-0.3813943865867303
1738,msp,1.2405989,0.8112157053750368
1739,msp,1.2087574,0.7709340396228568
174,msp,-0.68740094,-0.6221953701344246
1740,msp,-0.3295075,-0.31577364432005306
1741,msp,1.3062845,0.6766675395248699
1742,msp,1.1672066,0.5072696461222016
1743,msp,0.6942882,0.9475724152332696
1744,msp,0.07466541,0.19619934303038428
1745,msp,0.12925678,0.2642731349499518
1746,msp,0.51829296,0.7365860610244479
1747,msp,0.09563461,-0.021024518542832396
1748,msp,-0.14047313,-0.10522458768016424
1749,msp,-0.28144535,-0.2771998307471096
175,msp,-0.6405765,-0.34688508986010413
1750,msp,0.37034252,0.5181601305269404
1751,msp,0.37345263,0.5238032325273961
1752,msp,-0.5092235,-0.5572109672253687
1753,msp,-2.2770963,-2.2789166509402063
1754,msp,-3.0495994,-3.242603153484916
1755,msp,-2.5339854,-2.5994238896715554
1756,msp,-2.3983238,-2.431703252040252
1757,msp,-3.1660361,-3.3865558932700717
1758,msp,-3.0111432,-3.2167722282102287
1759,msp,-2.0892084,-2.069101185552162
176,msp,-0.708429,-0.6476495117780539
1760,msp,-1.9710252,-1.9271175526873134
1761,msp,-2.1011784,-2.0839000653431596
1762,msp,-2.7391002,-2.8824186448198903
1763,msp,-1.7194741,-1.6179517509130332
1764,msp,-2.798588,-2.9559645928721197
1766,msp,-0.28563046,0.47984019153713026
1767,msp,0.08298533,0.7741506660999008
1769,msp,-0.29698575,-0.12252402353205043
177,msp,-0.47172108,-0.3580963624290415
1770,msp,-0.2886429,-0.11220965276862803
1771,msp,0.62926775,1.4637316380468002
1772,msp,-1.781835,-1.2591335680629459
1773,msp,-2.828704,-2.555813012150377
1774,msp,-1.6110198,-1.2646221938524354
1775,msp,0.20480482,0.49839015636222506
1776,msp,-1.0846127,-0.6317255994797937
1777,msp,0.05885196,0.7530641949816769
1779,msp,-0.27924737,0.3343495253461166
178,msp,-0.538085,-0.439154643473724
1781,msp,-0.49337864,0.9804679965367531
1782,msp,-1.8709235,-1.6345373510889385
1783,msp,-0.47748807,0.46149836075849765
1784,msp,0.3119311,0.4119540927700655
1785,msp,0.2966964,0.39311915485425064
1786,msp,0.5008222,0.8657407461053056
1787,msp,-0.7139284,0.15843199098830948
1788,msp,0.021218749,0.5096772729430217
1789,msp,-0.74353415,-0.22931478242978273
179,msp,-0.716409,-0.6575154316387188
1790,msp,-3.5222301,-3.602041684408783
1791,msp,0.8031863,1.2374984284576858
1792,msp,0.81273925,1.027126934668341
1793,msp,0.7663472,0.9703030636298606
1794,msp,0.7188897,0.9138786685104472
1795,msp,-2.2722802,-2.0738351926457113
1796,msp,-2.325787,-1.9200165329998904
1797,msp,0.24937657,0.7917528907774867
1798,msp,0.3004685,0.8506949571308366
1799,msp,0.28594136,0.8334309320225205
18,msp,-2.9610765,-2.4010891786780464
180,msp,-0.6982829,-0.6356488972171495
1800,msp,-1.5515169,-0.8780231377404231
1801,msp,-2.10372,-1.8677964845263555
1802,msp,0.4516816,0.7947216792933331
1803,msp,0.46128023,0.6781254274757341
1804,msp,-0.67871314,0.21268539891692104
1805,msp,0.6242781,0.859344040282452
1806,msp,-0.70800096,0.17869086437062245
1807,msp,-1.1095088,-0.7113229149486909
1808,msp,-0.54369736,0.3810618914970367
1809,msp,-0.74385667,-0.45693945476192793
181,msp,-0.69683194,-0.6338550936061195
1810,msp,-0.48771322,0.22815562041420742
1812,msp,-1.0493308,-0.24330143512418143
1813,msp,-1.1913239,-1.0584260612270033
1814,msp,-1.2710656,-0.21966662619674318
1815,msp,-1.2453117,-0.187826612100961
1816,msp,-1.1553433,-1.0130100159527533
1817,msp,-1.1936156,-0.8403564183911171
1818,msp,-1.2810458,-0.9355464321258328
1819,msp,-2.3623064,-2.273736060551697
182,msp,-0.81923634,-0.7947313576473225
1820,msp,-1.8946863,-1.685845332848002
1821,msp,-1.0588657,-0.6439905189798588
1822,msp,-1.6823773,-1.4293235900056263
1823,msp,-1.846443,-1.6262013627812553
1824,msp,-1.5504811,-1.2442368802008368
1825,msp,-2.5671737,-2.5483302771079743
1826,msp,-2.7775528,-3.057287626934459
1827,msp,-1.2152134,-0.4404063284623654
1828,msp,-0.95177925,-0.5244801511531314
1829,msp,-2.3037605,-1.7974589605718236
183,msp,-0.83696437,-0.8030237950920304
1830,msp,-0.8753575,-0.422019841449308
1831,msp,-0.72748536,-0.4686499959116567
1832,msp,-1.0937613,-0.5182018385145264
1833,msp,-0.8836868,-0.4315569803899989
1834,msp,-0.74086064,-0.484448350824931
1835,msp,-1.178103,-0.6333240003052294
1836,msp,-1.2375772,-0.7060927165347272
1837,msp,-1.481395,-1.1860423974416476
1838,msp,-1.0784478,-0.6839935157945396
1839,msp,-1.1377474,-0.7673953334722436
184,msp,-0.9447578,-0.9450785055031513
1840,msp,-1.1214424,-0.7465410318461727
1841,msp,-1.9122064,-1.9568539375481724
1842,msp,-1.8048177,-1.809483259694455
1843,msp,-1.9212747,-1.9680652101171099
1844,msp,-1.2596781,-1.1479164104148714
1845,msp,-2.2335916,-2.130201674508906
1846,msp,-0.5791767,-0.24899723567398335
1847,msp,-0.4817318,-0.13168336201205688
1848,msp,-0.42116338,-0.058703409407067635
1849,msp,-0.1592707,0.256633811530251
185,msp,-0.90190583,-0.8806379020058542
1850,msp,-0.08486536,0.3506645402638399
1851,msp,0.108839944,0.37200705382183397
1852,msp,0.3033976,0.6121550571423472
1853,msp,-0.1224262,0.30670069372078207
1854,msp,-0.10191372,0.3295873478342377
1855,msp,0.110863365,0.5893476354872274
1856,msp,-0.19392014,0.006051422388876485
1857,msp,-0.003663516,0.449350880056006
1858,msp,0.027483435,0.4867838024623661
1859,msp,-0.1159412,0.095407022348274
186,msp,-1.2510258,-1.0771940910436002
1860,msp,-0.027319727,0.4254515882317958
1861,msp,0.15894674,0.4357659589952182
1862,msp,0.041368257,0.5092483029333926
1863,msp,0.16251001,0.6584748937380909
1864,msp,0.7856183,0.3922672043270913
1865,msp,0.5725413,0.35595962948358045
1866,msp,0.4914189,0.2502585414880819
1867,msp,0.52960986,0.29629772823763695
1868,msp,0.68622506,0.4933234499228378
1869,msp,0.5204374,0.28613461370868165
187,msp,-1.4085832,-1.279324993027544
1870,msp,0.212164,0.5027363997405524
1871,msp,0.19542715,0.48265454293043986
1872,msp,0.6284781,0.4154834717949584
1873,msp,0.7339693,0.5618882804917303
1874,msp,0.80602354,0.6494089648650843
1875,msp,-0.42147484,-0.06735260535402353
1876,msp,0.22765519,-0.08330202537173813
1877,msp,0.15489227,-0.16996026456033442
1878,msp,-1.0738518,-0.5274898715038532
1879,msp,-0.9929655,-0.4197801195488023
188,msp,-1.4881132,-1.4213149820837807
1880,msp,-1.7694207,-1.3861534446783033
1881,msp,-0.70061433,-1.2610433031013502
1882,msp,-1.2408998,-0.7418207328185243
1883,msp,-0.2752822,-0.7404753801102518
1884,msp,-0.8241666,-0.6244401423548431
1885,msp,-1.1676736,-1.0703308055606149
1886,msp,-1.4598935,-1.0889514512710605
1887,msp,-1.1615148,-1.06461848836925
1888,msp,-1.2438768,-1.4564130034899871
1889,msp,-1.1143597,-1.0063198710107755
189,msp,-1.4738396,-1.3997376092820157
1890,msp,-1.1755911,-1.0810886676755345
1891,msp,-1.0998505,-0.9883818349004756
1892,msp,-3.6372101,-3.5287289567481688
1893,msp,-3.7028644,-3.6098985701472754
1894,msp,-0.25359485,-0.5844273651471853
1895,msp,-1.3797898,-1.3394348238530616
1896,msp,-0.78138447,-1.0143798091054146
1897,msp,-1.4652348,-1.4410116128154384
1898,msp,-0.8809716,-1.134897426100049
1899,msp,-0.4991776,-0.6635699545436471
19,msp,-2.9627643,-2.3883327220372057
190,msp,-1.5008087,-1.437010763680293
1900,msp,-1.8476506,-1.4445992200374984
1901,msp,-0.21648948,-0.5392304385076173
1902,msp,-0.115406565,-0.19742189635985463
1903,msp,-0.43795097,-0.8381903349590943
1904,msp,-2.1929197,-1.8951973346820425
1905,msp,-2.1686168,-1.8651511241972902
1906,msp,-0.46512175,-0.8710657244003327
1907,msp,0.0039624334,-0.2975000384262467
1908,msp,-2.176529,-1.8739243926344256
1909,msp,-0.6376118,-0.8620653112235259
191,msp,-1.748552,-1.3781447027722482
1910,msp,-0.8206657,-1.08100172753607
1911,msp,0.048612576,-0.24285361530323724
1912,msp,-2.0372252,-2.214114766289618
1913,msp,-2.0103831,-2.180929399485563
1914,msp,-2.0564501,-2.237882664135765
1915,msp,-1.9353598,-2.0903268303710716
1916,msp,-2.1124053,-2.5175668749713616
1917,msp,-2.1364417,-2.5488783643935045
1918,msp,-2.575927,-2.867120399179334
1919,msp,-2.550536,-2.835728835986309
192,msp,-1.7077229,-1.3317273748490432
1920,msp,-2.8700435,-2.772187433073609
1921,msp,-2.8483052,-2.746517716061688
1922,msp,-3.034223,-2.973897981832562
1923,msp,-3.0987628,-3.052353571449912
1924,msp,-3.9217741,-4.0781771311625485
1925,msp,-4.548886,-4.6765451577556645
1926,msp,-4.8387218,-5.0270045374560635
1928,msp,-4.398654,-4.498475181710333
1929,msp,-4.5752554,-4.706791111994082
193,msp,-1.7529047,-1.383526113605338
1930,msp,-2.1145232,-2.6399196276599906
1931,msp,-4.45706,-4.512695543548179
1932,msp,-4.554196,-4.629876385908147
1933,msp,-1.339292,-2.0113056468284567
1934,msp,-1.3925173,-2.075514199693661
1935,msp,-1.3925173,-2.075514199693661
1936,msp,-1.597751,-2.3536885397260123
1937,msp,-2.4200127,-1.9840934825198544
1938,msp,-2.4605544,-2.033066359119344
1939,msp,-2.3866177,-1.9439050480986333
194,msp,-1.7077093,-1.3309501430263118
1940,msp,-2.4265418,-1.9921655987694893
1941,msp,-1.1390123,-1.7975704585204606
1942,msp,-2.3515184,-1.9015630296549981
1943,msp,-0.045088924,-0.437887929678759
1944,msp,-0.019056195,-0.4035051035298648
1945,msp,0.013721418,-0.3641050282012601
1946,msp,-0.8371973,-1.4060911867111945
1947,msp,0.008179028,-0.37453011526055413
1948,msp,0.19310933,-0.1449282125999765
1949,msp,-3.452553,-3.307543107024712
195,msp,-1.772308,-1.4056833376148208
1950,msp,-3.4652486,-3.3232388886212245
1951,msp,-2.391124,-1.9515368294790947
1952,msp,-3.100704,-2.872545731349941
1953,msp,-3.2146013,-3.013359314815795
1954,msp,-2.4247901,-1.9921501120120122
1955,msp,-3.4061234,-3.250141391471753
1956,msp,-2.575152,-2.1735395072371833
1957,msp,-2.9084775,-2.6520220720277283
1958,msp,-3.8621247,-3.8334496341064836
1959,msp,-1.8794415,-1.9127536631782072
196,msp,-1.1028098,-0.5656412179420848
1960,msp,-1.0304207,-0.8742633836914095
1961,msp,-1.1688998,-1.0443180040354232
1962,msp,-1.0816422,-0.9232330774754275
1963,msp,-1.1122212,-0.9633939149699366
1964,msp,-1.1166444,-1.1920603485031207
1965,msp,-1.0919108,-1.1604730356920814
1966,msp,-1.1070598,-1.178150254484054
1967,msp,-1.355041,-1.2766959902918371
1968,msp,-1.4018334,-1.334546156747554
1969,msp,-1.426076,-1.362269694090488
197,msp,-1.0980943,-0.5598113562062375
1970,msp,-0.6813786,-1.4673206681346083
1971,msp,-1.3292013,-1.2412959659007075
1972,msp,-2.6716967,-2.934680839368894
1973,msp,-1.8793781,-1.9509050970630488
1974,msp,-2.0359225,-2.141350596902654
1975,msp,-0.24706955,-0.2926866677539999
1976,msp,-0.34938073,-0.4185338997273137
1977,msp,-0.3268914,-0.390729943756349
1978,msp,-0.35473347,-0.42166522443888144
1979,msp,-1.3363984,-1.4237231258410883
198,msp,-1.0921865,-0.5536842998020994
1980,msp,-0.55677736,-0.47633384932270173
1981,msp,-0.6730283,-0.37139633807744765
1982,msp,-1.8391366,-1.7642691519699822
1983,msp,-1.4380729,-2.2299022760850526
1984,msp,-1.1337262,-2.0182190587802524
1985,msp,-1.4679135,-2.2348286712772114
1986,msp,-2.1835382,-2.2366290396264152
1987,msp,-1.3525525,-2.1253214875436335
1988,msp,-1.642236,-2.4998391098209445
1989,msp,-1.3331559,-2.313441640445819
199,msp,-1.100892,-0.5644471214682794
1990,msp,-1.1971775,-1.856369043140502
1991,msp,-2.0040686,-2.935684956130808
1992,msp,-0.90554744,-1.1723099855149157
1993,msp,-1.0620201,-1.683060915470011
1994,msp,-1.0420699,-1.6583961158183484
1995,msp,-3.4145298,-4.22931009336293
1996,msp,-0.38161278,-1.0583085166825206
1997,msp,-0.6254913,-1.3543055933955965
1998,msp,0.22679186,0.14583404286317
1999,msp,0.20788635,0.12195126976823445
2,msp,-3.6563432,-2.967964646241859
20,msp,-2.853313,-2.2552305379815003
200,msp,-2.3490424,-1.8908909852552442
2000,msp,-1.2271637,-1.9084553760460445
2001,msp,-0.018109828,-0.40841759966771823
2002,msp,-1.1749142,-1.8424460067814081
2003,msp,-1.5782303,-2.328770101653148
2004,msp,-0.20915937,-0.6422602637580396
2005,msp,-0.09944035,-0.5080526155758769
2006,msp,-0.23099533,-0.6643522727002603
2007,msp,-0.31559005,-0.761218788545915
2008,msp,-0.08934211,-0.49259893981517355
2009,msp,-0.075195596,-0.4751093546076312
201,msp,-1.1441612,-0.6167646208564393
2010,msp,-0.5976647,-1.1060919210707412
2011,msp,-0.6641407,-1.2009474763397023
2012,msp,-1.6032434,-1.7303399482623836
2013,msp,-0.96484965,-1.7813950542770745
2014,msp,-0.9982209,-1.822652537330764
2015,msp,-1.312195,-2.1527964696668147
2016,msp,-1.1907214,-2.058289005032115
2017,msp,-1.348468,-2.1976415599425647
2018,msp,-3.3159134,-4.473757367754544
2019,msp,-0.9770691,-1.1986138807663849
202,msp,-1.1242877,-0.5927902736415736
2020,msp,-1.502483,-1.2243978255231076
2021,msp,-0.46074572,-0.5654959529244736
2022,msp,-1.477444,-1.2131294248991389
2023,msp,-1.2893403,-0.9826337769153699
2024,msp,-3.2704847,-2.6280707541416675
2025,msp,-3.153665,-2.4690403528162554
2026,msp,-3.3903604,-2.7612279001571087
2027,msp,-3.1322334,-2.4433685675839643
2028,msp,-1.7341164,-0.7256816373291559
2029,msp,-1.6111506,-0.5736567812943648
203,msp,-1.1191328,-0.5858215085661721
2030,msp,-1.8591633,-0.8441717868081942
2031,msp,-1.84157,-0.8158885632365874
2032,msp,-1.6247716,-0.5896862750829611
2033,msp,-1.8591633,-0.8441717868081942
2034,msp,-1.84157,-0.8158885632365874
2035,msp,-0.6796319,-0.2520561222074916
2036,msp,-0.710077,-0.2891966727671375
2037,msp,-0.9889875,-0.4090334190657437
2038,msp,-1.0138574,-0.43915474377011826
2039,msp,-1.0779663,-0.5213948519042096
204,msp,-1.0984571,-0.5602598071089947
2040,msp,-1.1556951,-0.6195456427086606
2041,msp,-1.2136387,-0.6889677985728015
2042,msp,-1.0598543,-0.4996018476263549
2043,msp,-1.0700108,-0.5121584729035648
2044,msp,-1.1928954,-0.6608898698328864
2045,msp,-1.1236138,-0.5752357474062048
2046,msp,-1.0971345,-0.5424988315049075
2047,msp,-1.074645,-0.5146948755339428
2048,msp,-1.2941064,-0.7802905200810144
2049,msp,-1.2791064,-0.7845360224410391
205,msp,-1.1347302,-0.6051048973847445
2050,msp,-1.095106,-0.697314602108007
2051,msp,-0.42381105,-0.7699736716441371
2052,msp,-1.0344795,-0.6309538917893134
2053,msp,-0.34942737,-0.6791102852113189
2054,msp,-0.68950975,-0.22589249415811535
2055,msp,-0.5538225,-0.05126915332927241
2056,msp,0.35335407,-0.04284299053980513
2057,msp,0.3678633,-0.02490495442950526
2058,msp,0.39696023,0.0119352827740172
2059,msp,0.21773563,0.007811627124043968
206,msp,-1.104882,-0.5693800813986117
2060,msp,0.42960602,0.05229586402219174
2061,msp,0.44955623,0.07696066367385404
2062,msp,0.5307581,0.1756470034660205
2063,msp,0.3558649,0.7342676758167794
2064,msp,0.26040474,0.614098320635248
2065,msp,0.2750856,0.6367540861647373
2066,msp,0.27524102,0.6351590434080226
2067,msp,0.2948308,0.4805046458985726
2068,msp,0.2242076,0.3864850008916052
2069,msp,0.15790763,0.3059712424413103
207,msp,-1.104882,-0.5693800813986117
2070,msp,0.13481331,0.2784482868470598
2071,msp,0.22134282,0.3829530052623797
2072,msp,0.096895926,0.22220487778116532
2073,msp,0.047210183,0.16280978617885625
2074,msp,0.04874092,0.16615634654421313
2075,msp,0.1365065,0.27951263917861796
2076,msp,0.10605068,0.24261999516971997
2077,msp,0.25449416,0.41180787411953496
2078,msp,0.25231776,0.40911716870299003
2079,msp,0.13748553,0.2824110487981499
208,msp,-1.559471,-0.9603076635209548
2080,msp,0.24748504,0.4164788074144484
2081,msp,0.02437605,0.13388336830315042
2082,msp,0.07804232,0.20092811291324345
2083,msp,0.33901048,0.5162969344620317
2084,msp,0.2517254,0.4090438725292626
2085,msp,-0.117076315,-0.18975936745907185
2086,msp,-0.29265064,-0.19209335750091058
2087,msp,-0.10684141,-0.17623857719893932
2088,msp,-0.106115945,-0.17534167539342438
2089,msp,-1.8370707,-2.3524431180993064
209,msp,-1.334908,-0.6878076208163904
2090,msp,-1.8533937,-2.3726234087233937
2091,msp,-3.5669355,-2.0079249450992607
2092,msp,-3.778956,-2.0500793299584656
2093,msp,-4.5751996,-3.6586801638838318
2094,msp,-3.998288,-4.9099588518363575
2095,msp,-5.59501,-4.925206182530112
2096,msp,-5.7045546,-5.060638355162876
2097,msp,-3.4309282,-2.2740565437613847
2098,msp,-3.5035884,-2.3647864431510484
2099,msp,-3.4007857,-2.24020468970962
21,msp,-2.8692732,-2.2749623777028303
210,msp,-0.33087844,0.5852083566639491
2100,msp,-3.502913,-2.365656203771046
2101,msp,-3.4113047,-2.2532097658895878
2102,msp,-3.8607426,-2.796759875243351
2103,msp,-3.2962658,-2.1125301508621526
2104,msp,-3.2422647,-2.046505294840039
2105,msp,-3.239,-2.0424692367152213
2106,msp,-3.2172363,-2.0155621825497714
2107,msp,-3.174468,-1.963403404289961
2108,msp,-3.18535,-1.9768569313726858
2109,msp,-2.8369248,-1.7667590180786463
211,msp,-0.385388,0.5185267111731839
2110,msp,-3.0921102,-1.862279060365993
2111,msp,-2.839464,-1.7698981743979487
2112,msp,-3.1091766,-1.8826822417936118
2113,msp,-3.1088138,-1.8822337908908542
2114,msp,-3.1015413,-1.873938783837688
2115,msp,-3.0847487,-1.8538551077525398
2116,msp,-3.1048238,-1.8773008309605217
2117,msp,-3.6964254,-2.593611616294205
2118,msp,-2.793415,-1.7122708987457633
2119,msp,-3.0718153,-1.8364917988095897
212,msp,0.56458026,0.6573332161578583
2120,msp,-1.4150767,-1.7515895488644022
2121,msp,0.6453883,0.7766877272940513
2122,msp,0.57671446,0.6891051292449407
2123,msp,0.538265,0.641569333552646
2124,msp,0.0816164,0.0759376707551729
2125,msp,0.13801926,0.14941036162534382
2126,msp,0.5070522,0.6036765669174851
2127,msp,0.07538083,0.0728680742864614
2128,msp,0.110565744,0.1163678118539384
2129,msp,0.524826,0.6256506611526023
213,msp,0.2013584,0.0038684803573443252
2130,msp,0.5480587,0.6536775079270984
2131,msp,0.5172266,0.6155591811927112
2132,msp,0.048176005,0.03923425657964912
2133,msp,0.07284171,0.06972891796715878
2134,msp,0.5237557,0.6236312974423462
2135,msp,0.048176005,0.03923425657964912
2136,msp,0.067400746,0.06300215442579642
2137,msp,-0.49930304,-0.413978285274767
2138,msp,-0.49730983,-0.40777322981822045
2139,msp,-0.33053678,-0.21275102548524863
214,msp,0.070374995,0.06104933383434981
2140,msp,-0.1582363,-0.2157353893292412
2141,msp,-0.15315805,-0.20945707669063618
2142,msp,-0.330462,-0.34660263430639904
2143,msp,-1.5524615,-0.37799419749942376
2144,msp,-0.35313183,-0.3785974408774912
2145,msp,-0.97016376,-0.9284514215912013
2146,msp,-0.9081368,-0.8517663172196693
2147,msp,-0.84501284,-1.3788374571781494
2148,msp,-1.3530835,-1.3999582858693105
2149,msp,-1.5032632,-1.2999537345543888
215,msp,0.12981267,-0.08414739525056197
2150,msp,-1.1695849,-0.8391441229365149
2151,msp,0.7205528,0.5708869470399824
2152,msp,0.73910093,0.5884294550818352
2153,msp,-1.1232299,-0.7931907378161911
2154,msp,-1.043561,-0.9133559492269722
2155,msp,-1.1715008,-0.8601603970693198
2156,msp,-0.019346341,-0.3703662970710798
2157,msp,-1.0339957,-0.9132237374270346
2158,msp,-1.0209143,-0.8901554949303953
2159,msp,-1.0778037,-0.9589907263518375
216,msp,-0.42130488,0.4758612577514632
2160,msp,-1.1710488,-1.0811666183578836
2161,msp,-1.5843942,-1.3601961781478038
2162,msp,-1.2641513,-1.1877807605290427
2163,msp,-0.7226845,-1.221688229746136
2164,msp,-2.5934157,-2.603017679498335
2165,msp,-2.6110468,-3.774748792208379
2166,msp,0.4607876,0.19365100681593625
2167,msp,2.8143141,1.088688643142767
2168,msp,2.7606454,1.0196063425683242
2169,msp,-0.5882528,-1.3664578381150358
217,msp,-0.32845932,0.5898874570346507
2170,msp,1.6637112,1.7988392011173224
2171,msp,2.878703,0.9504431177804283
2172,msp,1.6033275,-0.6984797325048532
2173,msp,-1.0137578,-1.669943423434729
2174,msp,2.8398218,0.9027452091770618
2175,msp,1.3916699,-0.7401856664613004
2176,msp,2.2946825,0.43214957921136815
2177,msp,2.8214068,0.8747567009776531
2178,msp,1.9398658,-0.05279603378102372
2179,msp,2.8388534,0.8970750502867937
218,msp,-0.5110931,0.3750498361306341
2180,msp,1.5920281,1.7114836325615312
2181,msp,2.7785492,0.8229030642666857
2182,msp,2.0528214,0.10978921538989625
2183,msp,1.8445858,-0.16872656843132183
2184,msp,1.7984751,1.9709417071660036
2185,msp,1.2943261,-0.8594100024807393
2186,msp,2.0149856,0.06348290369946316
2187,msp,1.7555852,1.9183534528759394
2188,msp,1.2509801,-0.9124179543056957
2189,msp,-2.5885699,-3.5697229459910624
219,msp,0.57371056,0.6702931999302031
2190,msp,2.5015442,0.7015933553812377
2191,msp,2.4614046,1.192190340533845
2192,msp,1.7100284,0.20488257644888655
2193,msp,1.4140909,1.497893677716437
2194,msp,-0.62311685,-0.18837218324032307
2195,msp,1.9435472,1.8572531241603085
2196,msp,-1.4286344,-1.215785995080906
2197,msp,-1.3716253,-2.1249987941846302
2198,msp,0.43636662,0.19577034824871498
2199,msp,-1.3332599,-2.078716623001686
22,msp,-3.006292,-2.4421468303681055
220,msp,0.20235887,0.00554278530093728
2200,msp,-1.0430948,-1.9199729479673142
2201,msp,-1.4118629,-2.1735395072371833
2202,msp,-1.4118629,-2.1735395072371833
2203,msp,-1.6506548,-2.1735395072371833
2204,msp,-1.7352604,-2.030526581449929
2205,msp,-1.7537596,-2.0533975774905615
2206,msp,0.7380243,0.4241469208540153
2207,msp,0.7167818,0.39851010517721575
2208,msp,-1.6771203,-2.4113465613517926
2209,msp,-1.5122577,-2.419785593210933
221,msp,0.25016093,0.06377413948200311
2210,msp,-1.7737833,-2.0969810987151796
2211,msp,-1.4729054,-2.151163502459193
2212,msp,-2.2463589,-2.5883954723553626
2213,msp,-2.2742388,-2.7404081419941866
2214,msp,-1.9066176,-2.054214123647665
2215,msp,-1.6708585,-2.2210378594734537
2216,msp,-0.010913148,0.017820503314737765
2217,msp,0.073965915,0.12275801455999179
2218,msp,-1.5735321,-2.264865125011201
2219,msp,-0.17941938,0.028702994963701087
222,msp,0.1254599,-0.08952880608365188
2220,msp,-0.46526262,-1.1952047011631397
2221,msp,-0.2777867,-0.09703856111767518
2222,msp,0.28104317,-0.2687952568737962
2223,msp,-2.291402,-2.7286075400164878
2224,msp,0.7968786,-0.3743203981768692
2225,msp,1.3268039,0.2873757707724109
2226,msp,1.4499651,0.6512895833539879
2227,msp,-2.4381037,-2.7551657796619526
2228,msp,-1.9860334,-2.660074707384235
2229,msp,-1.9022425,-2.5564825488472533
223,msp,0.03362217,-0.20170879284098076
2230,msp,-2.523612,-2.8592864628725736
2231,msp,-1.6153699,-1.7893959697180408
2232,msp,0.5795887,-0.630861929765835
2233,msp,-0.7405332,-0.9221921936561489
2234,msp,0.595774,-0.6121193493319403
2235,msp,-0.9378621,-0.9501509421024237
2236,msp,-1.3298475,-1.449272062090981
2237,msp,-1.3189656,-1.4358185350082562
2238,msp,-0.9543361,-0.9941690060949436
2239,msp,-2.8246248,-3.0059493889674034
224,msp,-0.384962,0.5210514067938766
2240,msp,-2.0206597,-2.240570350899559
2241,msp,-2.0202968,-2.240121899996802
2242,msp,-3.0473094,-3.729535406519516
2243,msp,-2.1410277,-2.2828118223180485
2244,msp,-2.499789,-3.0037071344536157
2245,msp,-2.1277978,-2.261949860399589
2246,msp,-2.0762901,-2.1982698322080245
2247,msp,-2.0473402,-2.4498507886549796
2248,msp,-2.3053033,-2.7611106828192877
2249,msp,-2.0248508,-2.422046832684015
225,msp,-0.33642584,0.5807987689967175
2250,msp,-1.6703657,-1.903100552233633
2251,msp,-1.7477896,-1.7217432577452392
2252,msp,-1.8629539,-1.8622915200827008
2253,msp,-1.6195576,-1.8237036215323006
2254,msp,-0.9028818,-0.626052482869559
2255,msp,-0.7335288,-0.702714268875879
2256,msp,-0.8575404,-0.5699961200248719
2257,msp,-0.7834279,-0.4819923568126569
2258,msp,-0.6350555,-0.5847793417430459
2259,msp,-0.6299772,-0.5785010291044411
226,msp,0.56360835,0.6580519942537901
2260,msp,-0.76021314,-0.45329149903617716
2261,msp,1.0008321,0.94861344499137
2262,msp,-0.20300867,0.5019442869463361
2263,msp,0.40636477,0.010124940923837188
2264,msp,0.74253356,0.6241834651427064
2265,msp,0.48970118,0.11212544779715271
2266,msp,1.4616832,1.314085553019926
2267,msp,1.506226,1.370830615619333
2268,msp,1.2814101,1.3164195430617647
2269,msp,0.50620914,0.35573269358643383
227,msp,0.27317914,0.09266175910332854
2270,msp,1.1465113,1.1395323175624592
2271,msp,0.47447056,0.3170751706497172
2272,msp,-0.5378718,-0.9943837545317438
2273,msp,0.64531684,0.5282955458484979
2274,msp,1.2255765,1.2502946588141213
2275,msp,1.2716433,1.307247923464323
2276,msp,1.0376241,1.0194472483100034
2277,msp,0.73664093,0.6400515488340365
2278,msp,0.37033585,0.18659941129581858
2279,msp,-0.6840471,-1.1731248746652303
228,msp,0.19147694,-0.007910741781787595
2280,msp,-0.20817119,0.4776282541292894
2281,msp,-0.20309296,0.4839065667678941
2282,msp,-0.60098165,-1.0704296179337638
2283,msp,1.290897,1.326961878966111
2284,msp,0.12506863,0.8627194027879758
2285,msp,0.23905985,1.0229292312976273
2286,msp,0.6534598,1.314789894623531
2287,msp,0.35671392,1.1699483690664438
2288,msp,0.9625172,1.6989099145929745
2289,msp,0.03277129,0.7705507615364678
229,msp,-0.5027503,0.3853642068940566
2290,msp,0.2320184,0.8114693640045153
2291,msp,0.21008578,0.7784732408736244
2292,msp,0.8945012,0.5967604205260681
2293,msp,-0.41832522,-1.0399415105625918
2294,msp,-0.05462245,0.6452854755057978
2295,msp,0.908285,0.6138015548308531
2296,msp,1.2588297,0.4137086685438691
2297,msp,-0.26256183,-1.2553843681535282
2298,msp,-0.26909098,-1.2634564844031633
2299,msp,0.90428144,0.749507061968753
23,msp,-6.8746653,-2.4071676599530205
230,msp,0.29095295,0.11463585333844588
2300,msp,1.2682607,0.42536839201556387
2301,msp,0.8550622,0.13576146631614175
2302,msp,0.9907704,0.6326014764166288
2303,msp,0.9559272,0.5901661123562092
2304,msp,1.4110057,1.1407769269285553
2305,msp,-1.0374502,0.3038572586764754
2306,msp,0.019842498,1.4133601523353159
2307,msp,-1.0305583,0.31237782582886764
2308,msp,0.7931126,0.6158763532394075
2309,msp,0.7575649,0.571928164769173
231,msp,0.2575817,0.07337837028475624
2310,msp,-0.3156757,1.2304892409387058
2311,msp,-0.21342574,1.139776127841004
2312,msp,1.4120297,1.1498756382559043
2313,msp,0.10139319,-0.7944391230005753
2314,msp,0.04963236,-0.8560766404320183
2315,msp,-0.23200183,1.1162146793635752
2316,msp,-1.369853,0.42203522052757686
2317,msp,0.72701013,0.5072408920515012
2318,msp,0.40919837,-0.6349627484458602
2319,msp,0.41464162,1.0883303047645796
232,msp,0.29114953,0.1144490914936002
2320,msp,-0.15803033,0.5668848621182481
2321,msp,0.11300059,-0.7800886941123354
2322,msp,0.76908696,0.5592611967713708
2323,msp,0.31353197,1.1252754256176474
2324,msp,0.03802497,-0.8704270693202582
2325,msp,-0.75645876,-0.7140726994455371
2326,msp,0.4142766,-0.6286844358072552
2327,msp,-0.15694214,0.5682302148265207
2328,msp,0.6962238,-0.06905930183743304
2329,msp,0.014756574,0.24545908378173856
233,msp,0.29312935,0.11732655875499083
2330,msp,0.9832537,0.28815632390662577
2331,msp,0.0013355266,0.2288664003797111
2332,msp,0.09814603,-0.8378451486066061
2333,msp,0.32133263,-0.7827529507448417
2334,msp,0.47339043,-0.5759333009164954
2335,msp,0.6942464,-0.2907137177824196
2336,msp,0.7456949,-0.22860524990233982
2337,msp,0.5130446,-0.29552700772996865
2338,msp,0.00073402975,0.2588829317227378
2339,msp,0.96741754,0.2993379173338376
234,msp,-0.5057788,-0.6601184767028012
2340,msp,0.6572245,0.8520427205215071
2341,msp,0.8498658,0.853415214415296
2342,msp,0.4964907,0.4225658396788195
2343,msp,0.3206952,0.4246766704860017
2344,msp,1.0864816,0.21595936711933558
2345,msp,1.299499,0.2563167918851865
2346,msp,0.48876575,0.4109969358000643
2347,msp,0.2998829,0.41040360583326524
2348,msp,0.30713752,0.4193726238884152
2349,msp,-0.33924016,0.3579862310290382
235,msp,0.21953209,0.2507293814027971
2350,msp,0.4056572,0.3675633189052541
2351,msp,0.3665738,0.329748906273255
2352,msp,0.44481167,0.43137610686750194
2353,msp,1.6679864,0.7231217784186729
2354,msp,0.46033892,0.4496400897848164
2355,msp,0.48602945,0.4714443094266847
2356,msp,0.37915534,0.3444049690316031
2357,msp,0.65075976,0.687035730854174
2358,msp,-0.57511485,0.333126433285258
2359,msp,0.65731615,0.6526081741112464
236,msp,0.13465303,0.145791870157543
2360,msp,1.8303711,0.930060457461268
2361,msp,0.6323978,0.8376430936408155
2362,msp,-0.3036694,-0.3104992199476092
2363,msp,0.57709044,0.7678795370130518
2364,msp,0.55869323,0.7455881544797859
2365,msp,0.5265604,0.7443718875605021
2366,msp,1.3204114,0.5326915202144579
2367,msp,0.5626734,0.7996553378736226
2368,msp,0.44628435,-0.5589526637814658
2369,msp,0.21161936,0.1085712801983269
237,msp,-1.1125796,-0.600346037547229
2370,msp,-0.60815966,0.05056140262985058
2371,msp,0.8227081,0.8891982107859616
2372,msp,-0.15361024,0.8515283349543319
2373,msp,0.7503908,0.8117635122480751
2374,msp,0.61219907,0.6446098072004708
2375,msp,0.6271268,0.8761263325840476
2376,msp,1.0006589,1.1135556492190926
2377,msp,0.39228043,0.3312839071672601
2378,msp,0.12766936,0.2260887350860027
2379,msp,1.149115,0.7687993121426403
238,msp,-1.0203191,-0.27824482656848076
2380,msp,1.2651728,0.9108711617574817
2381,msp,1.4095076,1.080707400963371
2382,msp,1.3857332,1.047949830362115
2383,msp,0.11232116,0.6088483335087632
2384,msp,-0.64397687,0.2251005320014385
2385,msp,-0.5658248,-0.4406255531091594
2386,msp,-0.09049505,0.929558792034136
2387,msp,1.51202,0.570557145664102
2388,msp,1.6522218,0.7636801614111051
2389,msp,1.2602633,1.1203808183524158
239,msp,-1.1398349,-0.6459745668296274
2390,msp,1.030936,0.8148035643254595
2391,msp,1.8461096,1.0071966619008141
2392,msp,1.0945733,0.8903967228898347
2393,msp,1.8477147,1.0046655754025777
2394,msp,-0.23828985,0.7404465999640735
2395,msp,1.1553348,0.7455470812991635
2396,msp,1.9596279,0.912385484969296
2397,msp,1.2831492,0.9042254047015897
2398,msp,-0.7756184,-0.7222355090038675
2399,msp,-1.0183533,-0.7865862313977349
24,msp,-3.0186248,-2.45739416106186
240,msp,-1.1633619,-0.6631291639332785
2400,msp,-1.1197062,-0.631208628552625
2401,msp,-0.2155509,0.5080885383988961
2402,msp,0.06563892,0.33775300987261925
2404,msp,1.9627793,0.9100189922940493
2405,msp,-1.1212195,-0.6321104899094003
2409,msp,1.1372986,1.828081347683681
241,msp,-1.2109882,-0.7104676058147089
2410,msp,1.0535333,1.1790715346398957
2411,msp,0.18194753,1.003163145234597
2412,msp,-0.07839087,0.9004485017271222
2413,msp,0.12608695,0.9341017062099427
2414,msp,-0.029363446,0.7358266756393609
2415,msp,-0.14369334,0.8193120409873846
2416,msp,-0.012476302,0.7627934613565794
2417,msp,0.9066503,1.0043729290204795
2418,msp,1.523716,0.4003737343511344
2419,msp,0.5306249,0.9542469100510101
242,msp,1.0391107,1.2531944785116884
2420,msp,1.9243249,0.8966223036945193
2421,msp,0.24696688,0.588148646039017
2422,msp,0.5669914,0.5243770484921011
2423,msp,0.64258933,0.6159009865430755
2424,msp,0.8907214,0.9288601659529895
2425,msp,-1.2482824,-0.5733269224357951
2426,msp,-1.4564282,-0.8285109728622873
2427,msp,0.288857,0.6104710020872369
2428,msp,1.2305765,1.3543687448918096
2429,msp,-1.7564957,-1.194530977418938
243,msp,1.1705027,1.1952131494513623
2430,msp,2.1740906,2.5221420863228206
2431,msp,2.065838,2.387681929715194
2432,msp,0.84594786,0.8768747786442703
2433,msp,0.35304335,0.6908861356808512
2434,msp,-1.596805,-1.0020614722294385
2435,msp,-0.3501687,-0.7778188080154956
2436,msp,-1.9951864,-1.496197516450769
2437,msp,0.6372985,0.5554876101772026
2438,msp,0.545366,0.6549734259157419
2439,msp,0.646004,0.5662504318433824
244,msp,0.30250388,0.34602423545027544
2440,msp,0.37155116,0.8284838050320215
2441,msp,0.4358209,0.9038636769461522
2442,msp,0.3602188,0.8149107792818595
2443,msp,0.4496047,0.920904811250937
2444,msp,1.0823283,1.1845059124322421
2445,msp,1.0493197,1.14369688028131
2446,msp,0.72483945,0.7451397035770284
2447,msp,0.63296646,0.6311020116720155
2448,msp,0.5725688,0.350651079642973
2449,msp,0.61047137,0.3956792996930885
245,msp,-1.4534644,-0.7895146346828117
2450,msp,0.57510793,0.3537902359622755
2451,msp,0.57652664,0.3480182829399845
2452,msp,0.61500174,0.39679141578580807
2453,msp,0.5520241,0.32019866889619636
2454,msp,0.53969127,0.3049513382024415
2455,msp,0.6273346,0.4120387464795629
2456,msp,0.07232321,0.2085827644017982
2457,msp,-0.056087468,-0.2509562923591002
2458,msp,-0.4782055,-0.779482868800967
2459,msp,-0.44773608,-0.7418129929693373
246,msp,-1.4242712,-0.7642716639104182
2460,msp,-0.8106592,-0.7223599349972664
2461,msp,-1.1238532,-1.1043453572949797
2462,msp,-0.24176908,-0.2619731761840737
2463,msp,-1.6389816,-1.77581429514876
2464,msp,-0.8323533,-1.0059573056043762
2465,msp,-0.0037550079,0.031318673770588966
2466,msp,-1.516573,-1.8461541405732638
2467,msp,-1.9005225,-2.324854016221929
2468,msp,-0.6415063,-0.7580774191783469
2469,msp,-0.52724606,-0.6168153848097356
247,msp,-1.0895209,-0.36234619224083553
2470,msp,-1.5703188,-1.8142134572183706
2471,msp,-2.0119357,-2.388582681231751
2472,msp,-1.3599026,-1.5454647135274289
2473,msp,-0.51881194,-0.5883262890057952
2474,msp,-1.1237187,-1.339719731067476
2475,msp,-2.0739276,-2.70365960841246
2476,msp,-0.970644,-1.0541972355094849
2477,msp,-0.3661303,-0.301934318550938
2478,msp,0.27762923,0.4923014347837384
2479,msp,-2.1777995,-2.614140203290512
248,msp,-1.3456548,-0.6797468580763808
2480,msp,0.2339354,0.2108608852853763
2481,msp,0.18420702,0.14993614952376197
2482,msp,-2.2347052,-2.2667029989672187
2483,msp,-0.42547733,0.19908030866671775
2484,msp,0.09087179,0.8193473260872208
2485,msp,0.08871759,0.8220656393522459
2486,msp,-0.6202691,-0.05647392412713491
2487,msp,0.06752513,0.8003803771015775
2488,msp,-0.5332782,-0.165681834738857
2489,msp,0.001750019,0.49578324682844976
249,msp,0.04465753,0.026112073775278615
2490,msp,0.04538453,0.5490522897176527
2491,msp,0.0057400605,0.5007162067587823
2492,msp,0.050100036,0.5548821514535002
2493,msp,-0.8351009,-0.3234027279383207
2494,msp,0.045882937,0.47715648486132
2495,msp,0.10487708,0.5551446913003912
2496,msp,0.10705346,0.5578353967169364
2497,msp,0.046245668,0.4776049357640775
2498,msp,-0.8048075,-0.4920226573179407
2499,msp,-1.2460319,-0.7982731120112284
25,msp,-4.1685658,-3.85967159567923
250,msp,0.8487482,0.796977093374666
2500,msp,-1.3612945,-0.9373204887927647
2501,msp,-1.6715125,-1.379314248015984
2502,msp,-0.6702553,-0.3750087169902106
2503,msp,-0.5525289,-0.23342389229690846
2504,msp,-0.29464078,0.3014610829338456
2505,msp,-0.33599213,0.2503376800194911
2506,msp,0.5965162,1.1490026718732647
2507,msp,0.0045847273,0.4370003339848937
2508,msp,-0.12013221,0.28194729934939705
2509,msp,0.0051314128,0.43514634416485776
251,msp,0.8423068,0.7885760248897106
2510,msp,-0.13987702,0.25448959770501733
2511,msp,-1.0184735,-0.5818261184546678
2512,msp,-1.02863,-0.5943827437318776
2513,msp,-0.6110842,-0.0950635346066746
2514,msp,-0.5625384,-0.042806287383303096
2515,msp,0.42399916,0.938962346028674
2516,msp,-0.038968723,0.15292998574384056
2517,msp,-1.2358264,-0.8536686715093966
2518,msp,-0.7184966,-0.23420773630146907
2519,msp,-0.1529108,0.016660345908427437
252,msp,0.6563273,0.7794991625951636
2520,msp,-0.3134558,0.03052555100781935
2521,msp,0.68743485,1.2806705412706227
2522,msp,0.6010281,0.6732704084999787
2523,msp,-0.4459694,0.08795344573983103
2524,msp,-0.44850853,0.08481428942052864
2525,msp,-0.3853308,0.16195280424607825
2526,msp,0.51498663,1.0628910640754634
2527,msp,0.7889568,1.1820504996149237
2528,msp,0.7162078,0.04102733815507007
2529,msp,0.30979666,0.7956702478340132
253,msp,0.6720982,0.5785815037317654
2530,msp,0.30907118,0.7947733460284981
2531,msp,-0.09597572,0.08542024449440719
2532,msp,0.470671,0.8413590784060087
2533,msp,0.4848404,0.644688427437067
2534,msp,0.37189925,0.5061807025990558
2535,msp,0.7156012,0.8132142313458343
2536,msp,0.5603019,0.6092825333900399
2537,msp,0.52550375,0.017428739299800784
2538,msp,0.58745396,0.09342339123453612
2539,msp,0.8498004,0.42022602263304926
254,msp,0.38583204,0.4455344026454379
2540,msp,1.2826611,0.9699673249511905
2541,msp,1.595823,1.134514703922629
2542,msp,1.3562351,1.0582780504538547
2543,msp,0.7873031,0.12892371509553927
2544,msp,0.75431067,0.08954712221216413
2545,msp,0.38250238,0.6978388587107546
2546,msp,1.2874721,0.7472818984052919
2547,msp,0.6055842,0.9850510008728379
2548,msp,0.9470107,0.5468889318860964
2549,msp,0.3809462,-0.15966204724125047
255,msp,0.5011851,0.3686392201733024
2550,msp,1.4269142,1.1429818420082287
2551,msp,1.0456735,0.6688675774361353
2552,msp,0.46021217,-0.06329242319654853
2553,msp,1.2528272,0.9244200049945028
2554,msp,0.48736575,-0.029111720773003818
2555,msp,0.42198217,-0.10802001835013035
2556,msp,0.45586103,-0.05806910483453502
2557,msp,0.5450318,0.0562866629221468
2558,msp,0.7997409,0.14174137489167837
2559,msp,0.8716505,0.23431766976477145
256,msp,-1.1169568,-0.3811402901693497
2561,msp,0.7271054,-0.24113898832696598
2562,msp,0.85514414,0.4541557823119462
2563,msp,-1.884899,-2.7581930976062066
2564,msp,-2.0527418,-2.961453194930401
2565,msp,-1.9673945,-2.5743060046646358
2566,msp,-0.6640844,-1.1272977191232167
2567,msp,-2.2002273,-3.1404923200870414
2568,msp,-1.9712027,-2.863555741389006
2569,msp,-1.4256959,-2.19725389484537
257,msp,-1.4536543,-0.7680597340228027
2570,msp,-1.7581064,-2.6039103289848042
2571,msp,-1.2831502,-2.022924038217187
2572,msp,-1.5906707,-2.4002064041765014
2573,msp,-3.0916996,-3.126374672317398
2575,msp,-1.503467,-1.1829211178226233
2576,msp,-1.4661988,-1.355666443583182
2577,msp,-1.6599675,-1.4060911867111945
2578,msp,-1.5299366,-1.2491410310384599
2579,msp,-0.32993653,-0.9896355563755131
258,msp,-2.2007675,-1.717540295518064
2580,msp,-1.2113518,-0.8609240414431606
2581,msp,-1.9985083,-1.2187135490565628
2582,msp,-1.4474456,-0.5963225220587604
2583,msp,-1.4814941,-0.6378970323086023
2584,msp,-0.9053334,-0.7956488359001807
2585,msp,-0.94458187,-0.8630002549709458
2586,msp,-1.9262335,-2.1613268028050046
2587,msp,0.43583304,0.7516981823666231
2588,msp,0.38468796,0.6884666050778163
2589,msp,0.52542496,0.8701707559878542
259,msp,-1.5019866,-0.8228548120657507
2590,msp,-0.59348273,-0.45685179890002053
2591,msp,-0.54837936,-0.4024629634017713
2592,msp,-0.47814372,-0.40293047561272155
2593,msp,-0.5052973,-0.43711117803626626
2594,msp,-1.2989491,-0.5534072165328233
2595,msp,-1.3159975,-0.5744844089624257
2596,msp,-0.26107514,-0.1363518785204535
2597,msp,-1.4484284,-0.7389274167344856
2598,msp,-1.431362,-0.7185242353068668
2599,msp,-0.58286434,-0.5033271442019569
26,msp,-7.493589,-3.170068292072677
260,msp,-1.5027174,-0.8257363075490501
2600,msp,-1.3704412,-0.6425104726416239
2601,msp,-1.0157851,-0.20795276672718577
2602,msp,-0.16675338,0.00042131646004300556
2603,msp,-0.7507896,0.11792076624239689
2604,msp,0.43588609,0.7429385163042889
2605,msp,-1.2667499,-0.5257769114248924
2606,msp,0.22441389,0.4814916399966685
2607,msp,-0.05335168,0.13996284339135165
2608,msp,-0.034126937,0.16373074123749895
2609,msp,-0.35463,0.6258928306845822
261,msp,-1.4363021,-1.8397167273460813
2610,msp,-0.9865783,-0.1819325641320608
2611,msp,-0.916648,-0.0960719923366605
2612,msp,-0.26145747,-0.11307530413892472
2613,msp,-0.22592343,-0.06990434749142171
2614,msp,-1.4921631,-0.815714568171187
2615,msp,-0.65874183,0.2524507238097558
2616,msp,0.3565607,0.6480810345808066
2617,msp,-0.71688557,0.18124364481025304
2618,msp,-0.755353,0.13438186011994216
2619,msp,0.3685255,0.6608953206940198
262,msp,-1.5825129,-0.9224109124779148
2620,msp,-1.5665067,-0.9062145639689163
2621,msp,-0.93309957,-0.08740176430669885
2622,msp,-1.5077605,-0.8349979569897593
2623,msp,-0.8704335,-0.011804353036577165
2624,msp,-0.45682535,0.5034569530893616
2625,msp,-0.7369485,0.1532255791781814
2626,msp,-0.36685014,0.6139987659712368
2627,msp,-1.7386771,-1.1151409551845046
2628,msp,-0.7335765,0.15863030960562405
2629,msp,-0.90296656,-0.04881166830434237
263,msp,-0.7122643,-0.9315449652340646
2630,msp,-1.618413,-0.9627884743951738
2631,msp,0.29059,0.5924573516320072
2632,msp,-0.8674942,0.010326926698501314
2633,msp,-0.90369207,-0.049708570109857395
2634,msp,-0.8344857,0.05113595884943344
2635,msp,-0.9375904,-0.07137520550989652
2636,msp,-0.8216804,0.06932270210882525
2637,msp,-0.83945423,0.04734860787370803
2638,msp,-1.3576075,-1.4951191768614505
2639,msp,-1.6462038,-1.8506483852662245
264,msp,-1.0357867,-1.3423042575599868
2640,msp,-0.8653879,0.01786283630186086
2641,msp,-0.5083812,-0.4167566390766317
2642,msp,-0.31523508,-0.18177602632409262
2643,msp,-0.4092593,0.355426717775719
2644,msp,0.77300787,0.9484863814398828
2645,msp,-0.021860953,0.8260592849870865
2646,msp,-2.5756214,-2.1392948971443357
2647,msp,1.4091274,1.7297243859557527
2648,msp,-2.6553721,-2.2361874333254725
2649,msp,-2.5260828,-2.0811424136181915
265,msp,-1.0852067,-0.3401211778083606
2650,msp,-2.3525145,-1.8705732517285854
2651,msp,0.35135323,1.2781468926627
2653,msp,-1.6187539,-0.9098062430701672
2654,msp,-0.4995516,-0.6181460620653528
2656,msp,0.6200061,1.0109104110962044
2657,msp,0.10168455,0.12904674594645435
266,msp,-0.08694877,-0.16610649387362536
2660,msp,0.23141916,0.9641052321498409
2662,msp,-0.0010576642,0.223589812657404
2663,msp,0.7636388,1.1847908796851712
2664,msp,0.8474297,1.2883830382221526
2665,msp,-0.43858972,-0.5358823004047242
2668,msp,0.7730698,1.196450603156866
2669,msp,0.1633316,0.8873639699429274
267,msp,-1.8828062,-1.3181001058293784
2670,msp,-1.0210665,-1.709665132646872
2671,msp,-0.8562475,-1.5106176923777512
2672,msp,-0.94933367,-1.6465902156039973
2673,msp,-2.1918142,-2.3842706109519574
2674,msp,0.8883177,0.4552182905821804
2675,msp,0.93655,0.5144469624055392
2676,msp,1.4608307,1.1642726548488984
2677,msp,1.4299985,1.1261543281145114
2678,msp,0.8872548,0.6924209159653527
2679,msp,0.92253137,0.7370638542937384
268,msp,-1.6150924,-0.9837958481103539
2680,msp,0.8902001,0.6965718493389584
2681,msp,0.5768352,0.3184126968929012
2682,msp,1.3599914,1.0396033038823147
2683,msp,1.3309729,1.003727231661715
2684,msp,0.41003898,0.0982634215906616
2685,msp,0.97505265,0.5605034369511419
2686,msp,0.54107535,0.2615784677998387
2687,msp,0.94349504,0.5214882084112399
2688,msp,0.5840498,0.31609469373384746
2689,msp,0.24996877,-0.08643589498035593
269,msp,-1.747747,-1.1566382999435514
2690,msp,0.36731356,0.05462337698183852
2691,msp,0.77734536,0.3219659928733637
2692,msp,1.3129148,0.9822688515067639
2693,msp,-0.021134524,-0.43584502346019566
2694,msp,-0.19299428,-0.6524342437083205
2695,msp,1.3797741,1.5970945314554776
2696,msp,0.05317183,-0.34647705668205614
2697,msp,0.37458465,0.03878570081073382
2698,msp,0.07995987,-0.31287865651170227
2699,msp,-0.059336048,-0.4909995790080109
27,msp,-3.5523334,-3.116277502106989
270,msp,-1.993834,-1.463973302164766
2700,msp,0.15973184,-0.22836975965459624
2701,msp,-0.0041547604,-0.4299769162774549
2702,msp,0.021342518,-0.3827984233230895
2703,msp,0.08767808,-0.3142920701234984
2704,msp,-0.09474407,-0.5326707114865522
2705,msp,0.05976894,-0.34218663762816437
2706,msp,0.013342046,-0.4072935538212531
2707,msp,0.3064287,-0.04494522439319624
2708,msp,0.7385411,0.26826113931596646
2709,msp,0.41983163,0.10140406353464149
271,msp,-1.9720702,-1.4370662479993164
2710,msp,1.4395983,1.13074406369368
2711,msp,0.80088735,0.34483136843871
2712,msp,0.31178397,-0.039376179975675885
2713,msp,0.88990635,0.45294798989171176
2714,msp,0.4508956,0.6475906303310999
2715,msp,1.5073339,0.8771559710759269
2716,msp,1.2235998,0.5255032001366414
2717,msp,1.4170139,0.7654916962893105
2718,msp,1.3981519,0.7421722493459207
2719,msp,-0.28720272,0.5110500584153331
272,msp,-2.9141967,-2.6060522131440074
2720,msp,-0.22302555,0.5967024547642972
2721,msp,-0.26906615,0.533472603553208
2722,msp,1.18459,0.6936800987956074
2723,msp,1.1200645,0.6166331377593381
2724,msp,1.055784,0.5375772742799854
2727,msp,0.055175286,1.165122968949659
2728,msp,-0.1653994,0.8929778579892643
2729,msp,0.021407073,1.1239300729093746
273,msp,-1.3560563,-1.2815679695769406
2730,msp,0.31949502,0.4826787748280427
2731,msp,0.31623045,0.4786427167032252
2732,msp,0.2115728,0.3537581352254983
2733,msp,0.0338389,0.3592312815866396
2734,msp,-0.4895833,0.25978301808474386
2735,msp,-0.62350863,0.08917315780235847
2736,msp,-0.68077517,0.00842192780905018
2737,msp,-0.9176183,-0.05577065931612785
2738,msp,-0.84265304,-0.006503060390566487
2739,msp,-2.0819468,-1.5409371882855567
274,msp,-1.4868411,-1.2247017914860236
2740,msp,-1.4235606,-0.6988021983753843
2741,msp,-2.1673756,-1.69466690456065
2742,msp,-1.992314,-1.4795028287189722
2743,msp,-1.4577088,-0.7573250843434489
2744,msp,-1.6033016,-0.9385916065393975
2745,msp,0.5551039,0.6702424612727271
2746,msp,-1.7518023,-1.1312753064647505
2747,msp,0.47453868,0.5787313432538094
2748,msp,0.4890236,0.5961400540921253
2749,msp,0.43304107,0.5226981201298594
275,msp,-0.76147276,-0.9985984685897119
2750,msp,0.5720813,0.6969239626680795
2751,msp,0.6478726,0.7836216220649251
2752,msp,0.4892209,0.5916446839057256
2753,msp,0.8103085,0.9820113992175457
2754,msp,0.7727425,0.9393130029272249
2755,msp,0.828731,1.0116208205567094
2756,msp,-0.8715165,-0.6914591556941222
2757,msp,-0.9898539,-0.8573501033887531
2758,msp,-2.9685447,-2.7229845296198123
2759,msp,-2.3799784,-1.9986291067100568
276,msp,-0.44400308,-0.8287349649359318
2760,msp,1.0156369,1.2521058101192386
2761,msp,0.99237096,1.2239518370594915
2762,msp,-0.49905092,-0.4430595282720963
2763,msp,-0.59778017,-0.5619879717493834
2764,msp,-1.2589192,-1.186807214129346
2765,msp,1.055282,1.3023556308224309
2766,msp,1.0558233,1.3011934078885241
2767,msp,-1.1475322,-1.0499352844253846
2768,msp,-1.2467566,-1.1700044505172615
2769,msp,-0.54440457,-0.28297021628005903
277,msp,-0.047171935,0.21666115858318505
2770,msp,-2.9928267,-2.735875420965304
2771,msp,-0.4608265,-0.18158035836841974
2772,msp,-3.5615854,-2.317697168075837
2773,msp,1.0417222,0.6492997343498775
2774,msp,-0.16800949,-0.655190713411247
2775,msp,1.0420849,0.6497481852526349
2776,msp,-0.61877227,-1.2134905189170861
2777,msp,0.5526419,0.2908574480710283
2778,msp,0.5267919,0.2573037041350983
2779,msp,0.32509986,0.007187770379198809
278,msp,-0.064583026,0.19513551525082531
2780,msp,0.5206255,0.24968003878822084
2781,msp,-0.114030235,-0.5488499116364275
2782,msp,0.08979713,-0.2813659038475367
2783,msp,-0.00979366,-0.4107295308847773
2784,msp,-1.4815899,-2.2429493843642665
2785,msp,-1.6001503,-2.3955313677805847
2786,msp,-1.1224078,-1.8066055351311876
2787,msp,-1.1140649,-1.7962911643677653
2788,msp,-1.0747857,-1.7489066249099376
2789,msp,-1.0558262,-1.7260346459699552
279,msp,-0.10315889,-0.39073548120404006
2790,msp,-1.0941916,-1.7723168171528993
2791,msp,-1.1140649,-1.7962911643677653
2792,msp,0.30701494,-0.03949905300489861
2793,msp,-1.0119153,-1.6751734607943252
2794,msp,-1.1558532,-1.856258671261803
2795,msp,0.19370525,-0.18085344485543017
2796,msp,-0.0868873,0.021533333957374275
2797,msp,-0.005799492,-0.4197962407319236
2798,msp,-0.048101407,-0.47082728616435804
2799,msp,0.67013097,0.1869843109604602
28,msp,-7.244754,-2.886120436876426
280,msp,-1.3321501,-1.2527286382605198
2800,msp,0.97552055,0.48429160141585675
2801,msp,-0.0116951885,-0.42515859025682073
2802,msp,0.74566734,0.6761857858074408
2803,msp,0.4208014,0.3188329641203824
2804,msp,0.4823025,-0.146581625397865
2805,msp,0.15622166,0.26905194283030287
2806,msp,-0.19302802,-0.16048360338334733
2807,msp,-0.11183419,-0.0647663146399937
2808,msp,-0.016963879,0.24690247940960272
2809,msp,-0.19072534,-0.16046948670170622
281,msp,-1.367863,-1.736583820521826
2810,msp,-0.016869368,-0.15456451074623637
2811,msp,-0.11293082,0.35701617261505747
2812,msp,-0.07773223,0.4021628033294818
2813,msp,-0.0996325,0.38022632931049316
2814,msp,-0.7487564,-0.8575655101892222
2815,msp,-0.97023153,-1.129318641226681
2816,msp,-0.909693,-1.055005184980658
2817,msp,-0.7636284,-0.8759519972022796
2818,msp,-0.77267236,-0.8866339444992333
2819,msp,-0.5242002,-0.3624955413653445
282,msp,-1.4208293,-1.1450683208619437
2820,msp,-0.4515945,-0.048853105708011164
2821,msp,0.7024303,0.12386141015042204
2822,msp,-0.0019665814,0.07294950471355542
2823,msp,-0.4146556,-0.43387930867466845
2824,msp,-1.439248,-1.4987171597907485
2825,msp,-0.4248119,-0.23961999400979056
2826,msp,-0.46942782,-0.2947794550489626
2827,msp,-0.30952346,-0.6896494993574609
2828,msp,-0.54404455,-0.7941044191460773
2829,msp,0.477634,0.0037537701719671536
283,msp,-0.7012252,-0.9246686566481301
2830,msp,0.5056791,-0.08593641037953204
2831,msp,0.5078555,-0.08324570496298705
2832,msp,0.477634,0.0037537701719671536
2833,msp,-0.5072099,-0.7511688083284896
2834,msp,-0.42017934,-0.8353695624921553
2835,msp,0.41712552,-0.1992976625651972
2836,msp,-0.73094577,-0.8572278835424031
2837,msp,-1.2011405,-1.4482787216311805
2838,msp,-0.9918176,-1.1965982105202142
2839,msp,-0.8363149,-0.851602064724127
284,msp,-0.37002182,-0.7382592149333418
2840,msp,-0.8363149,-0.851602064724127
2841,msp,-4.423695,-3.478851351878076
2842,msp,-4.3871346,-3.4365618102786106
2843,msp,-1.2344407,-1.127713434258344
2844,msp,-0.30262,0.025514124908598
2845,msp,-0.16222653,-0.027566616981936676
2846,msp,-0.6267056,-0.3129620809103061
2847,msp,-0.22799382,-0.11351892430538811
2848,msp,-0.30443937,0.019056618832019655
2849,msp,-0.6310584,-0.31834349174339593
285,msp,0.021731809,0.3003268676060734
2850,msp,-0.15964834,-0.03471678648087823
2851,msp,-0.1498546,-0.0226086121064258
2852,msp,-0.69401747,-0.4156678251251859
2853,msp,-0.6925666,-0.41387402151415603
2854,msp,-1.0727794,-1.4416093057998616
2855,msp,-0.59767234,-1.1798258169645326
2856,msp,0.5733988,-0.0625075670837272
2857,msp,-2.8530555,-3.4435230660551293
2858,msp,-0.49325725,-0.5812199119282191
2859,msp,-0.4389274,-0.5155050332689215
286,msp,-1.3321501,-1.2527286382605198
2860,msp,-0.40372458,-0.4726793067034281
2861,msp,-0.38782743,-0.46436824929049847
2862,msp,0.17556469,-0.2682849654606276
2863,msp,-0.1416585,-0.16962979936858605
2864,msp,-0.23663375,-0.28439912813394275
2865,msp,-0.23916085,-0.806008948378839
2866,msp,-0.34366333,-0.9317932374958903
2867,msp,-0.22557099,-0.27118397385337184
2868,msp,-0.27563384,-0.8502908490411579
2869,msp,-0.30242604,-0.8817095534197
287,msp,-0.004816536,0.2678762896964615
2870,msp,-0.6090618,-0.777963102106478
2871,msp,0.35570848,-0.010028667234863271
2872,msp,0.21774246,-0.07464789257348194
2873,msp,-0.040235203,-0.5092836588770059
2874,msp,0.03823304,-0.2938299790974009
2875,msp,0.06400621,-0.2451670905825638
2876,msp,-0.17003354,-0.6682575217527048
2877,msp,-0.13799487,-0.5102055575260592
2878,msp,0.03575409,-0.2837400980112105
2879,msp,-0.2269959,-0.7394415453083634
288,msp,-0.05812441,-0.33624495682945893
2880,msp,0.15252234,-0.14399026609854518
2881,msp,-0.21280181,-0.7324289939389573
2882,msp,-0.5427589,-1.1373512725683121
2883,msp,0.24776196,-0.026869466259216306
2884,msp,-0.3623055,-0.9065660410741978
2885,msp,-0.13340862,-0.6314464130370586
2886,msp,-0.24083014,-0.7627085591065862
2887,msp,-0.22300318,-0.7422137860181602
2888,msp,-0.38513038,-0.9418941077280293
2889,msp,-0.09065214,-0.5793235350004272
289,msp,-1.2643278,-1.170911001520336
2890,msp,-1.4571002,-2.2745357976360028
2891,msp,0.3697982,0.12463182465319496
2892,msp,-1.1379842,-1.8791374937675236
2893,msp,0.20450498,-0.07842225876813556
2894,msp,0.35927904,0.11162674847322766
2895,msp,-1.0132579,-1.723391062072254
2896,msp,-1.2972863,-2.118256624758635
2897,msp,-1.1693057,-1.935143671830933
2898,msp,0.14225413,-0.17303260571021203
2899,msp,-0.09474234,-0.46669465084264444
29,msp,-3.3343744,-2.870098708472899
290,msp,-1.3792226,-1.0948651393474567
2900,msp,-0.11865626,-0.494923739351155
2901,msp,-0.95822173,-1.6632777362844071
2902,msp,0.05469115,-0.38734190897260856
2903,msp,0.01118135,-0.44183002830549173
2904,msp,-0.06307018,-0.45022206354175215
2905,msp,-0.34698358,-0.9037461018519167
2906,msp,-0.45994836,-0.952822062734039
2907,msp,-0.540838,-0.9494434505600549
2908,msp,0.5775452,0.4712522717479623
2909,msp,-0.37439364,-0.9773992648605456
291,msp,-0.26952198,-0.3734307796820809
2910,msp,-0.29101542,-0.8760222196518341
2911,msp,-0.35469213,-0.9521431972734765
2912,msp,2.4610996,2.525741830256893
2913,msp,-1.9776014,-1.7483375381191626
2914,msp,-1.9979656,-1.77290390395685
2915,msp,-1.9776014,-1.7483375381191626
2916,msp,-1.9383222,-1.7009529986613352
2917,msp,-1.9383222,-1.7009529986613352
2918,msp,-1.9193625,-1.6780810197213527
2919,msp,-1.928391,-1.4743336663717117
292,msp,-0.6261878,-0.832973175008113
2920,msp,2.2814972,2.8747616094705846
2921,msp,2.3287787,2.393443036305029
2922,msp,2.5942798,2.328538553812251
2923,msp,2.4830196,2.1886918615215
2924,msp,-2.2181911,-1.8239349493892842
2925,msp,2.5930073,2.3251340763645576
2926,msp,2.9456284,2.7629238773996168
2927,msp,2.9129825,2.7225632961514425
2928,msp,2.6080189,2.3457976193693075
2929,msp,0.98250717,0.6915542356991285
293,msp,-0.019688508,-0.289486392959896
2930,msp,2.6462486,2.390494767762373
2931,msp,1.1407084,0.8920117892317293
2932,msp,-3.0898576,-2.911486258576983
2933,msp,2.2827382,1.9350144962031022
2934,msp,2.4157474,2.0911943319552537
2935,msp,1.2486567,0.6745557994123104
2936,msp,1.1785944,0.5757311187538278
2937,msp,2.0802157,1.6789476468954856
2938,msp,1.7342179,1.249419498437065
2939,msp,-1.9138179,-0.8942267834629717
294,msp,0.05613323,-0.19755122719562226
2940,msp,-0.7453187,0.5385509130752834
2941,msp,-1.5014914,-0.4064124779624357
2942,msp,-1.6166615,-0.5660070060377372
2943,msp,-1.6235534,-0.5745275731901295
2944,msp,-0.76380366,0.2865666708936387
2945,msp,-0.814586,0.2237835445075892
2946,msp,-1.1928473,-0.2397393856343845
2947,msp,-0.99742854,0.21516493543750212
2948,msp,-0.51572174,0.8107077342994568
2949,msp,-2.5431285,-2.0982506705207262
295,msp,-0.18938476,-0.27569180124615855
2950,msp,-0.7526606,0.51486529521977
2951,msp,-0.58616704,0.7207042595854606
2952,msp,-2.531332,-2.0900845723653534
2953,msp,-2.4454243,-1.9853732687233117
2954,msp,-2.3950207,-1.9244710325075771
2955,msp,-1.2226788,-0.2953529317320923
2956,msp,-1.2075067,-0.2756260515620228
2957,msp,-1.1026148,-0.1469156829193611
2958,msp,-1.0693562,-0.490453514875992
2959,msp,-1.0200248,-0.42946419210097253
296,msp,-0.16698316,-0.24755889303987333
2960,msp,-0.7549856,0.5045370343724572
2961,msp,-0.686955,0.5878341635746782
2962,msp,-0.65612286,0.6259524903090654
2963,msp,-1.5498707,-0.47341238057120716
2964,msp,-1.5488081,-0.47330436501646356
2965,msp,-0.87759477,0.339318558468631
2966,msp,0.9006806,0.43761992882986855
2967,msp,0.5257508,1.010238058213565
2968,msp,0.54055053,0.0023878579747643918
2969,msp,0.26540774,0.16114713784330645
297,msp,-0.16498528,-0.24325751378666421
2970,msp,-0.016018946,0.04844298537495513
2971,msp,-0.651469,-0.7553550547136773
2972,msp,-1.5309051,-0.4752050233902747
2973,msp,-0.2568391,-0.28267747944452926
2974,msp,-0.31375384,-0.35232584291188235
2975,msp,-2.2354078,-2.7656568131881585
2976,msp,-3.9505858,-3.4938268944318565
2977,msp,-0.9085654,-0.8682888469473985
2978,msp,-3.0010185,-2.6932852850881326
2979,msp,-1.8982369,-2.0976985648886606
298,msp,0.110832766,-0.13027083572350742
2980,msp,-1.5290197,-1.649270611562897
2981,msp,-1.1758078,-1.4375177175548248
2982,msp,-0.6678337,-0.5734685145100981
2983,msp,-0.71540135,-0.6339822451968425
2984,msp,-1.1326029,-1.1691934342081047
2985,msp,-1.1151919,-1.1476677908757449
2986,msp,-1.1403217,-1.107001575757462
2987,msp,-1.0817575,-1.0217665499997546
2988,msp,-1.0563663,-0.99037498680673
2989,msp,-0.8850216,-0.8657078488884117
299,msp,-0.284372,-0.38310627840947153
2990,msp,-0.064200275,0.7928338202934487
2991,msp,-0.48268712,-0.5209481762635015
2992,msp,-0.2847324,0.5335352643108907
2993,msp,-0.5105624,-0.49082744308589277
2994,msp,-0.81240946,-0.315658443416989
2995,msp,-0.37067285,0.20668967042029843
2996,msp,-0.8779728,-0.39368574401446965
2997,msp,-0.3993286,0.1712620491024563
2998,msp,-0.49855295,0.0511928830105792
2999,msp,-1.6059507,-1.1022364215815268
3,msp,-3.834267,-2.967964646241859
30,msp,-6.658279,-2.1683963817969385
300,msp,0.030590544,-0.010182608323437125
3000,msp,-0.6422731,0.09280220242808723
3001,msp,-0.6477141,0.0860754388867248
3002,msp,-0.7243834,-0.009371307226894516
3003,msp,-0.5290487,0.012154336105465301
3004,msp,-0.3995096,0.17855939578296082
3005,msp,-0.6594546,0.07090140436669727
3006,msp,-0.5796307,0.17648461297071583
3007,msp,-1.1182367,-0.46902593519498614
3008,msp,-0.37613228,0.22069449337111435
3009,msp,-1.3336657,-0.7190655099627619
301,msp,-0.07158651,-0.12130330868101405
3010,msp,-0.8461451,-0.13833097863941599
3011,msp,-1.5193485,-0.9403037636481273
3012,msp,-1.5146593,-0.9358425729857642
3013,msp,0.17264582,0.8823891331693549
3014,msp,0.29950026,1.035648625616547
3015,msp,0.25158155,0.9778743739787958
3016,msp,0.29344556,1.0276923780733231
3017,msp,0.07171022,0.9726118325301457
3018,msp,-1.3673574,-0.7741077058103437
3019,msp,-1.543393,-0.9843549304330351
302,msp,-0.02914698,-0.06883455305838693
3020,msp,0.3036688,1.038970911710215
3021,msp,0.26976162,1.0008602452682163
3022,msp,0.366784,1.1170013687900195
3023,msp,0.90120083,0.28686394819991523
3024,msp,0.8258622,0.2024947653306506
3025,msp,0.55671376,-0.13779573711708087
3026,msp,-1.0192269,-0.4288778379549599
3027,msp,0.25664634,-0.4856213355620801
3028,msp,0.55997837,-0.13375967899226343
3029,msp,0.84039253,0.21981687883665052
303,msp,0.03306585,0.0015966791189286436
3030,msp,0.4343503,-0.2702693699892724
3031,msp,0.44559497,-0.25636739200379005
3032,msp,-0.91973853,-0.3085771294189933
3033,msp,0.553924,-0.13994381610305326
3034,msp,1.0644269,0.2824364355826466
3035,msp,1.0676914,0.28647249370746397
3036,msp,0.69711375,0.04267877224743956
3037,msp,0.72794586,0.08079709898182674
3038,msp,0.78002053,0.1445522413930135
3039,msp,0.846763,0.22706720750039278
304,msp,0.050380442,0.02073424547654638
3040,msp,0.8347929,0.21226832770939544
3041,msp,0.96621203,0.38290849910851843
3042,msp,0.87812185,0.26844036640121427
3043,msp,0.9104049,0.3083524967466314
3044,msp,0.94512874,0.35967017994659073
3045,msp,1.0230134,0.4456920450795036
3046,msp,1.2011821,0.6669740897569636
3047,msp,-1.0483115,-0.4797729858542961
3048,msp,0.18419106,-0.59081488164736
3049,msp,0.3218522,-0.6558380650952408
305,msp,-0.91705734,-1.1857641127554368
3050,msp,0.326205,-0.6504566542621507
3051,msp,0.3013795,-0.4445965689832045
3052,msp,-1.0815125,-0.7478026008973045
3053,msp,-1.0913062,-0.7599107752717569
3054,msp,0.16951048,-0.8422028505756047
3055,msp,0.1637068,-0.8493780650197247
3056,msp,-1.3086768,-0.7987567344551362
3057,msp,-1.3537462,-0.8643998356142536
3058,msp,-1.1051064,-2.2023680213389163
3059,msp,-1.4367182,-0.9647651037686616
306,msp,0.16423987,0.16964289339462593
3060,msp,0.56905764,0.22517748778201863
3061,msp,0.5893706,0.2502907383364383
3062,msp,0.63283014,0.31198974707195176
3063,msp,0.686126,0.3766746926237747
3064,msp,-0.2275826,-0.7568445376778947
3065,msp,-0.34436795,-0.8955550457850225
3066,msp,-0.2551361,-0.7852361237066783
3067,msp,-0.15638591,-0.654578990442817
3068,msp,-0.8694177,-1.5311031034435127
3069,msp,-0.31118104,-0.8429252131186413
307,msp,0.21901226,0.23735897971100786
3070,msp,-0.9837497,-1.6608816953173828
3071,msp,-1.4945574,-2.3356164424296666
3072,msp,-1.5834732,-0.365101001602379
3073,msp,-1.2247207,0.08770962123682857
3074,msp,-0.23264103,0.35722861379408366
3075,msp,-0.3031649,0.2745540287683958
3076,msp,-0.63329595,-0.13729799323676128
3077,msp,-0.6945975,-0.2130861958027782
3078,msp,-0.65995795,-0.16490752158620217
3079,msp,-0.587049,-0.07476889013194557
308,msp,0.26207775,0.2811918624967311
3080,msp,-0.6452946,-0.15129437558516878
3081,msp,-0.9274767,-0.5321095372716885
3082,msp,-0.72670364,-0.496151929757837
3083,msp,-0.73359555,-0.5046724969102294
3084,msp,-0.73468375,-0.5060178496185019
3085,msp,-0.77594936,-0.5559835334090145
3086,msp,-1.0837519,-0.7231651086038589
3087,msp,-1.1127703,-0.7590411808244586
3088,msp,-0.5802197,-0.5521986797309475
3089,msp,-0.31954288,-0.4379571623266524
309,msp,0.4026186,0.4575487431275593
3090,msp,-0.37343776,-0.5102829787314186
3091,msp,-0.724138,-0.7266736778303261
3092,msp,-0.7266771,-0.7298128341496285
3093,msp,-0.32244474,-0.44154476954871236
3094,msp,-0.3763396,-0.5138705859534786
3095,msp,-2.5758078,-3.03014625682318
3096,msp,-3.5034132,-4.154317966094876
3097,msp,-3.5034132,-4.154317966094876
3098,msp,-3.0110188,-4.334032593266156
3099,msp,-0.5063461,-1.3977129734811533
31,msp,-2.7358248,-2.1357979394355824
310,msp,0.3287431,0.3640267749128344
3100,msp,-1.776773,-2.7683199266082394
3101,msp,-1.5049936,-2.3988822682324207
3102,msp,-1.5093464,-2.4042636790655108
3103,msp,-1.3642217,-2.1814157921500428
3104,msp,-0.3382636,-0.941652426445682
3105,msp,-0.7685902,-1.4521350696023432
3106,msp,-0.8643512,-1.5705261079303223
3107,msp,-0.22470322,-0.8000499567290568
3108,msp,-0.7468033,-1.4183040054395242
3109,msp,0.036374554,-0.4730201163988777
311,msp,0.51242405,0.5928497531557142
3110,msp,0.15758702,-0.3209148417360555
3111,msp,0.03963913,-0.46898405827406026
3112,msp,0.5312742,0.14893669183977679
3113,msp,0.88562816,0.5826842470554853
3114,msp,1.4849318,1.3388938934442745
3115,msp,0.7342085,0.39748076359650686
3116,msp,1.0573978,0.573265857185057
3117,msp,0.9970385,0.4953426150616521
3118,msp,0.7609379,0.4273128644201522
3119,msp,0.48512524,0.08347705274584015
312,msp,0.5195396,0.5999119497632773
3120,msp,0.61168087,0.2394085732937272
3121,msp,0.54571176,0.15892436422264752
3122,msp,0.6924782,0.3382699238477401
3123,msp,0.7097524,0.14689020751953863
3124,msp,0.78231394,0.23174921390394704
3125,msp,0.15000245,0.41581725733005215
3126,msp,0.9434269,0.43490353132924836
3127,msp,-1.5140796,-0.11353443635868592
3128,msp,-0.04230435,0.17656671855709508
3129,msp,0.88745844,0.5787509606850529
313,msp,0.026105527,-0.003400553091066014
3130,msp,-0.72989804,-1.3773608254866454
3131,msp,0.77395916,0.22097473780972732
3132,msp,1.0286422,0.5293158599703164
3133,msp,-0.753823,-1.4117897592357311
3134,msp,-0.34244126,-0.40035110197755225
3135,msp,-0.8250195,-1.3365517933357134
3136,msp,0.3305722,-0.17072185078201793
3137,msp,0.5645719,0.11710771397032872
3138,msp,0.43139556,-0.04706073397537334
3139,msp,-0.7597279,-1.2558306308393639
314,msp,0.09620343,0.08287960730349443
3140,msp,-0.7073945,-1.6215030820667038
3141,msp,-0.9266695,-1.6726264849810581
3142,msp,0.20291793,-0.1675516028710678
3143,msp,0.20260341,-0.1674201791644625
3144,msp,0.20042703,-0.17011088458100743
3145,msp,0.21307442,-0.15499497759385794
3146,msp,0.20876984,-0.15979651381758508
3147,msp,-0.8878088,0.08859623381068113
3148,msp,-0.5769048,0.473481983625401
3149,msp,2.5445893,2.65573195644838
315,msp,-0.7274602,-0.9407636091133437
3150,msp,2.319281,2.385941506597767
3151,msp,0.28590497,-0.21867718182441234
3152,msp,2.2797709,2.882119868386987
3153,msp,2.2173676,2.804209081289966
3154,msp,-0.5619594,0.12195291195032454
3155,msp,0.56135803,0.6442705365552152
3156,msp,0.41565666,0.4732472722211295
3157,msp,-1.6659148,-2.2458252660418885
3158,msp,-1.724699,-1.8848323395572948
3159,msp,-0.1780004,0.05325867278456898
316,msp,-0.67549884,-0.8769059938566581
3160,msp,-1.7276009,-1.8884199467793548
3161,msp,0.4795294,0.59604524310346
3162,msp,0.43488342,0.5492891132083487
3163,msp,-0.078165255,0.17783629555223038
3164,msp,-0.78623545,-0.17538654540615664
3165,msp,-0.88002264,-1.0934401116827284
3166,msp,-0.8198686,-1.0205688221364688
3167,msp,-0.8476663,-0.10228904825668476
3168,msp,-1.4856962,-0.0792082851729707
3169,msp,-0.64339834,-0.3767926740719285
317,msp,-0.6466305,-0.8423306181099062
3170,msp,-0.8378726,-0.09018087388223243
3171,msp,-1.3439404,-1.1046513842516659
3172,msp,-1.386306,-1.1295160152669592
3173,msp,-1.885075,-1.5216773347881531
3174,msp,-1.9191219,-1.562065057221845
3175,msp,0.85472393,0.7631102499290467
3176,msp,0.88941973,0.430323436807611
3177,msp,0.75155896,0.4850282442982296
3178,msp,0.81649953,0.7145851949493169
3179,msp,0.55902445,0.4650911097452079
318,msp,-0.72492105,-0.9376244527940412
3180,msp,0.8959489,0.43839555305724603
3181,msp,0.5865816,0.4986173676384722
3182,msp,0.93621206,0.4881736032633281
3183,msp,0.5588245,0.4694638864083226
3184,msp,0.52296203,0.4262011022661151
3185,msp,0.9781368,0.5457005398770971
3186,msp,1.7079116,1.6781787670900394
3187,msp,0.7477552,0.4813339117175198
3188,msp,1.40277,1.4224545375618667
3189,msp,1.6185851,1.5641262228378354
319,msp,-0.123774655,-0.1654257092307462
3190,msp,1.5678189,1.5027755357193429
3192,msp,0.49940154,0.9401020606697984
3193,msp,0.17397241,0.47595479256818074
3195,msp,1.823807,1.8232937298091023
3196,msp,0.15329675,0.45039309111100356
3197,msp,1.5627875,1.6245108966133797
3198,msp,1.8866594,1.8969638792431818
3199,msp,1.8630351,1.876015938242369
32,msp,-6.490314,-1.9461344031827197
320,msp,-1.1466893,-1.4420274147807728
3200,msp,1.9702569,1.778934205258676
3201,msp,0.60532737,1.2714720109957796
3202,msp,0.8251205,1.314509180978858
3203,msp,0.86794585,1.374350397501612
3204,msp,1.9793406,1.7853143036605224
3205,msp,2.012543,2.012286344072414
3206,msp,0.65435183,1.561394194573361
3207,msp,2.0833776,2.1003138836174924
3208,msp,1.2117132,1.2247321375385003
3209,msp,1.7538933,1.9190622653558285
321,msp,-1.2910653,-1.6147937224570423
3210,msp,1.6222366,1.7530777281429297
3211,msp,0.7122066,1.6368887387119304
3212,msp,2.0032141,2.0012062341080856
3213,msp,2.102965,2.124530232366397
3214,msp,-0.08993946,0.872264462752922
3215,msp,1.7430114,1.9056087382731035
3217,msp,-0.42726162,0.4595089497705528
3218,msp,-0.16806869,0.26308726921134357
3219,msp,-0.12778495,0.30448610777531254
322,msp,0.009223579,-0.006368142617508181
3220,msp,-0.39225477,0.048775259311209004
3221,msp,-0.62160313,0.23915656570760563
3222,msp,-0.2543919,0.48691298260159466
3223,msp,-0.2634602,0.4757017100326572
3224,msp,0.10873462,0.16662123219749117
3225,msp,0.111722544,0.4444843247289032
3226,msp,-0.11279057,0.4973217577279421
3227,msp,0.11127374,0.1697603885167938
3228,msp,-0.41930425,0.32292928699810164
3229,msp,0.25602168,0.3945281246906302
323,msp,-1.1927547,-1.4927075170934554
3230,msp,-0.107712336,0.5036000703665472
3231,msp,0.11047308,0.4326273901168247
3232,msp,0.1761274,0.5137970035159316
3233,msp,-0.38505247,-0.45899002127288013
3234,msp,-0.3241636,-0.38541693203513344
3235,msp,0.4024001,-0.000491359224593511
3236,msp,0.26803273,0.05252025166371624
3237,msp,-0.5171025,-0.6066633928716342
3238,msp,0.36947003,-0.0403362263926029
3239,msp,-0.34855175,-0.4353551480182707
324,msp,0.1386401,0.15276466468399433
3240,msp,-0.56014866,-0.6955829478822105
3241,msp,-0.254584,-0.3045771535665807
3242,msp,-0.5265335,-0.618323116343329
3243,msp,-0.56740326,-0.7045519659373605
3244,msp,-0.089560926,0.12370920649148492
3245,msp,-0.10354547,-0.0379303649572207
3246,msp,-0.40343094,-0.5025261688929559
3247,msp,-0.18155482,0.0038903077098996317
3248,msp,-0.10608459,-0.041069521276523205
3249,msp,-0.5578775,-0.14861014041316642
325,msp,0.12594453,0.13706888308748202
3250,msp,-0.4948407,-0.07154384831628482
3251,msp,-0.7003808,-0.7438765382336295
3252,msp,-0.45926452,-0.02839815728864015
3253,msp,-0.5296629,-0.11459513498100446
3254,msp,-0.6905871,-0.7317683638591772
3255,msp,-1.2797084,-0.6280924216650547
3256,msp,-1.276081,-0.6236079126374798
3257,msp,-0.9892695,-0.22869736781473932
3258,msp,-0.9907204,-0.23049117142576936
3259,msp,1.1566164,-0.10256792542920981
326,msp,-3.1462235,-3.1803675495972277
3260,msp,1.1704003,-0.08552679112442496
3261,msp,-0.54298365,0.09850042368785551
3262,msp,-0.48445165,0.17616969281224132
3263,msp,-0.46770087,-0.41986757777657846
3264,msp,-0.44854283,-0.39539759060647156
3265,msp,-0.89544344,-0.12433222567547138
3266,msp,-0.2210069,-0.10370348414862647
3267,msp,-0.89907074,-0.12881673470304636
3268,msp,-0.50150156,-0.460871422409066
3269,msp,1.1685866,-0.08776904563821243
327,msp,-2.3857846,-1.582265528755343
3270,msp,-0.73183405,0.10602237482793549
3271,msp,1.1631455,-0.0944958091795749
3272,msp,-0.73872596,0.09750180767554313
3273,msp,0.15114097,0.04423290490293816
3274,msp,0.3029574,0.2362621137817456
3275,msp,0.15767013,0.05230502115257318
3276,msp,0.25900435,-0.4894575414748725
3277,msp,0.252698,0.16788780951952448
3278,msp,-0.88383603,-0.10998179678723145
3279,msp,-0.061474066,-0.369072955782198
328,msp,-2.5314412,-1.7583810729609723
3280,msp,0.59194577,-0.06749863100805283
3281,msp,-0.7216776,0.11857900010514548
3282,msp,1.1467942,-0.11387360236107227
3283,msp,1.2039714,-0.04483249768416599
3284,msp,-0.7147857,0.12709956725753785
3285,msp,0.21880108,-0.4930282601960116
3286,msp,0.33407646,-0.13589416974520518
3287,msp,0.14015031,-0.3666724918901435
3288,msp,0.35255018,-0.11426051085810184
3289,msp,-0.41216478,-1.2800858112359192
329,msp,-2.535517,-1.7644717520151467
3290,msp,0.21009552,-0.5037910818621913
3291,msp,-1.3374696,-0.6353593431970912
3292,msp,-0.5454905,-0.7304309345816804
3293,msp,-0.4894207,-0.66317141520164
3294,msp,0.3279831,-0.3580445384660052
3295,msp,-0.2957461,-0.6416376558356961
3296,msp,-0.6176978,-0.8186036155979537
3297,msp,-0.7518825,-0.9505555672804032
3298,msp,0.2549172,0.032591165486379324
3299,msp,0.67559075,0.06574939110491664
33,msp,-2.5663633,-1.9109478287215804
330,msp,-3.483322,-3.223267908514817
3300,msp,0.2607209,0.03976637993049934
3301,msp,0.8329661,0.25861042047615734
3302,msp,0.672639,0.06039512145734412
3303,msp,0.53641874,-0.11312123735592694
3304,msp,0.52252096,-0.13120209049887605
3305,msp,0.7278471,0.13725033109936552
3306,msp,0.2632831,0.04982954624717119
3307,msp,0.78474593,0.2058904604067798
3308,msp,0.54911435,-0.09742545575941457
3309,msp,0.5196191,-0.13478969772093602
331,msp,-3.4087634,-3.133693403810449
3310,msp,0.25095025,0.03458221555341637
3311,msp,0.42200342,-0.015528922875266566
3312,msp,0.49368986,0.07145021791193958
3313,msp,0.50965005,0.09118205763326946
3314,msp,0.009751141,-0.03740861274745872
3315,msp,0.35908836,-0.08964414797847133
3316,msp,0.051006354,0.01200106032674793
3317,msp,0.3163486,-0.1434532967581106
3318,msp,0.62813896,0.016156788434348743
3319,msp,0.6527589,0.0458571213331054
332,msp,-3.6961415,-3.50282819011832
3320,msp,0.30663922,0.09892592515888077
3321,msp,0.14104842,0.11417325585263571
3322,msp,0.7298926,1.675055880330796
3323,msp,0.300249,0.2970880025276612
3324,msp,0.7466238,0.84504287526297
3325,msp,0.2684085,0.2591770798393286
3326,msp,1.2923398,1.0293833374818173
3327,msp,0.34560832,0.35247035437036484
3328,msp,0.83149153,1.8001090951867322
3329,msp,0.7123839,1.6539777050018436
333,msp,-4.7250023,-4.769699003943986
3330,msp,0.84744126,1.8192849241917566
3331,msp,0.49113372,1.8785117642877196
3332,msp,0.34545177,1.6916655473282933
3333,msp,0.32042333,1.6607224350380259
3334,msp,0.48029527,1.8656215633565407
3335,msp,0.13225667,0.3927967950646593
3336,msp,0.1067286,0.36598992998886454
3337,msp,0.21732274,0.5074646975709598
3338,msp,1.0071931,1.0373573900800985
3339,msp,0.80491155,1.2135819198044753
334,msp,-2.6215065,-0.9994313813708943
3340,msp,1.1490964,1.2157056926373209
3341,msp,-0.65100616,0.4091441436758335
3342,msp,0.41803744,0.028746890349507684
3343,msp,0.32751495,-0.08940546411879567
3344,msp,0.40461642,0.012154206947480277
3345,msp,0.31481937,-0.10510124571530792
3346,msp,-0.56281096,-0.14501337606072515
3347,msp,-0.533067,-0.10824040203461043
3348,msp,-0.5319788,-0.10689504932633796
3349,msp,-0.55736995,-0.13828661251936267
335,msp,-2.1799216,-1.0608691550486713
3350,msp,-0.85316014,-1.103642644071102
3351,msp,-0.8524347,-1.102745742265587
3352,msp,-0.94606113,-1.1718172315254318
3353,msp,-1.1830989,-1.474959991554309
3354,msp,-1.1687517,-1.44579741474505
3355,msp,-2.151293,-1.6320674683970018
3356,msp,1.1485469,1.4434710880412676
3357,msp,-1.735162,-1.025870799515524
3358,msp,-0.9832773,-0.10583282857043066
3359,msp,0.096382916,1.516063079597308
336,msp,-2.9646823,-2.025354877990434
3360,msp,1.1361885,1.4269864201939837
3361,msp,-1.9695904,-1.306677070087022
3362,msp,-0.099491835,1.2738995921082603
3363,msp,-0.11286166,1.2567600239895005
3364,msp,0.108690195,1.530073073137534
3365,msp,1.0642791,1.317734457374008
3366,msp,1.3802329,1.709875156176823
3367,msp,1.4143499,1.7512822845117726
3368,msp,0.8969489,1.1131795485845677
3369,msp,1.0520349,1.3229458107542447
337,msp,-2.744053,-1.2185694254943749
3370,msp,-0.15367492,0.11520897368684054
3371,msp,0.22324677,1.1358575648383544
3372,msp,0.7074439,0.9745936542331953
3374,msp,-0.086004585,0.3193151497764422
3375,msp,0.68561333,0.9483886893917052
3376,msp,-0.16201773,0.10489460292341815
3377,msp,0.8594051,0.8881419421589349
3378,msp,0.8391856,0.8653586801815736
3379,msp,0.5028593,0.22100132511904638
338,msp,-2.5267155,-1.4965122280822067
3380,msp,0.48943827,0.2044086417170191
3381,msp,0.82244056,0.8431583783432441
3382,msp,0.69115734,0.6669842693962851
3383,msp,0.28969857,-0.052655943441213666
3384,msp,0.6703693,0.6272010886072112
3385,msp,0.9999751,1.3009796683900379
3386,msp,1.0677352,1.3843635945190709
3387,msp,0.66999906,0.9070090696326296
3388,msp,1.1276412,1.4572944236596406
3389,msp,1.3620163,1.7437346705209764
339,msp,-2.2397628,-0.8335428015006623
3390,msp,0.85932493,1.4589142900998155
3391,msp,0.62677044,0.574577717031442
3392,msp,0.9085193,1.2430644953727366
3393,msp,0.8182319,1.4077329701031231
3394,msp,0.75832814,1.3294490602126792
3395,msp,-0.5326996,0.33387715034821636
3396,msp,-0.49860287,0.37603153520742094
3397,msp,-0.023725009,0.13479653391141969
3398,msp,-0.12855427,0.005194223014503412
3399,msp,0.25579143,0.4916454029403906
34,msp,-6.3915577,-1.8218257690556223
340,msp,-2.8154025,-1.4737227673348265
3400,msp,0.13597763,0.33557905225849544
3401,msp,0.51312965,0.7983725522964967
3402,msp,-0.10257759,0.06949673917616991
3403,msp,-0.30547628,-0.42689233248580455
3404,msp,-0.58406276,-0.7655854741823479
3405,msp,-0.29169253,-0.40985119818101967
3406,msp,-0.39859897,-0.529614581473158
3407,msp,-0.36335152,-0.4870067861599357
3408,msp,-0.10423297,-0.1701901778532608
3409,msp,-0.039345786,-0.0066727702026147424
341,msp,-2.2338996,-0.8247960267450577
3410,msp,-0.4375567,-0.5723427332810399
3411,msp,-0.67033666,-0.857918224274294
3412,msp,-0.13390888,-0.12122749415944184
3413,msp,-0.037532132,-0.004430515688827259
3414,msp,0.14663918,-0.11405227971532181
3415,msp,-0.40073723,-0.8634944475889392
3416,msp,0.1625382,-0.8433278519619355
3417,msp,0.35905725,-0.6035609217728419
3418,msp,0.22057517,-0.7715757075207362
3419,msp,-0.12295685,-0.1781987428647798
342,msp,-2.827657,-1.2627892339746694
3420,msp,-0.16845846,-0.22821547693053754
3421,msp,-0.2205315,-0.2988320357065463
3422,msp,-0.2230706,-0.3019711920258488
3423,msp,-0.1898596,-0.2546740801932299
3424,msp,-1.6759698,-1.2481505834441977
3425,msp,-1.011602,-0.4298738197440974
3426,msp,-1.6538433,-1.2207950783759904
3427,msp,-0.19161074,-0.25780827696127206
3428,msp,-0.17659059,-0.23257476489730308
3429,msp,0.7298422,0.6520523369367436
343,msp,0.77471274,0.08553775736462572
3430,msp,-1.034349,-0.4652073206295773
3431,msp,0.6771366,0.5953346982718476
3432,msp,0.7331068,0.656088395061561
3433,msp,0.6963273,0.6183441678524212
3434,msp,-0.22300778,-0.6474595941407678
3435,msp,-0.30778006,-0.7529421708277186
3436,msp,-0.45405132,-0.9316903799297355
3437,msp,-1.9446115,-1.6683685602211
3438,msp,-0.54722744,-1.046147933449659
3439,msp,0.5316815,0.4155058862660917
344,msp,0.8621148,0.19218198566162487
3440,msp,0.5993922,0.4914336175758326
3441,msp,-0.34374177,-0.4382179796449793
3442,msp,-1.999661,-1.7353753783163977
3443,msp,-1.1675637,-0.6226565217391197
3444,msp,0.5619779,0.458200457556105
3445,msp,-0.54867834,-1.047941737060689
3446,msp,0.6118423,0.7305641084981948
3447,msp,0.64642817,0.7664229752127282
3448,msp,0.62608224,0.5301256162737867
3449,msp,-0.42579234,-0.8974696377802247
345,msp,1.9667484,1.2466646929688427
3450,msp,-0.313221,-0.7596689343690811
3451,msp,-0.39701188,-0.8632610929060626
3452,msp,-0.714235,-0.6970393916058406
3453,msp,-0.43797132,-0.3605505710399811
3454,msp,-1.0910618,-1.0584908192283824
3455,msp,-0.19433793,-1.2922254677639604
3456,msp,-0.61169744,-0.9383977054882959
3457,msp,-0.1997789,-1.2989522313053228
3458,msp,-0.5856649,-0.9073628649991062
3459,msp,-0.99385273,-1.408389909650975
346,msp,2.0829966,1.3889444574006404
3460,msp,-0.6252645,-0.9584707811559836
3461,msp,-0.18475804,-1.284690337078698
3462,msp,-0.66806674,-0.4724117920380681
3463,msp,-0.92292064,-1.3231685800542277
3464,msp,-0.48183474,-1.6519716264370872
3465,msp,-0.8397301,-0.9035607431724523
3466,msp,-0.3160904,-1.1259923909401703
3467,msp,-0.3056569,-1.6531212295273452
3468,msp,-0.5148433,-1.6927806585880194
3469,msp,-0.76655,-1.0986609818971114
347,msp,0.46491542,1.5390174182098906
3470,msp,-0.1283783,-1.1825244571950868
3471,msp,0.25670826,-0.6963340116304617
3472,msp,-0.656169,-0.9480145227414277
3473,msp,0.05353452,-0.06761589619964259
3474,msp,1.2284176,0.5088858855404
3475,msp,0.27661586,0.06602247282209145
3476,msp,0.3215945,0.12163038476402083
3477,msp,0.57756793,0.4312072648244139
3478,msp,1.7243838,1.1160003289536302
3479,msp,0.45016688,0.26168381250907796
348,msp,0.28493652,1.1117618456080627
3480,msp,1.5770293,0.9327715433102449
3481,msp,-0.43692717,-0.8317467033700969
3482,msp,-1.332856,-1.4297731990609837
3483,msp,-1.3666185,-1.4706766355748409
3484,msp,-1.2341481,-1.2880733344953992
3485,msp,-0.6674631,-1.1121152616640684
3486,msp,-0.80857456,-1.2808455112155208
3487,msp,-0.23620176,-1.0376075385717176
3488,msp,-1.9702402,-1.808500472392582
3489,msp,-1.9952687,-1.8394435846828492
349,msp,0.30087236,1.1309643600574086
3490,msp,-0.7310358,-1.1860347371492586
3491,msp,-1.4077303,-1.1763564508730242
3492,msp,0.54331475,0.6361624011733018
3493,msp,0.6529611,0.5539479926052471
3494,msp,-0.1895563,-0.2848492629086359
3495,msp,-0.22922899,-0.3516583971843126
3496,msp,-0.92312646,-1.249622632001998
3497,msp,-0.9260283,-1.2532102392240583
3498,msp,-0.42595205,-0.7080132968948282
3499,msp,-0.53159744,-0.8365350048880057
35,msp,-6.2987123,-1.7077995697724346
350,msp,0.44061244,1.5089712077251383
3500,msp,-0.9650401,-1.2989678893781462
3501,msp,0.51322174,0.6005878693913768
3502,msp,0.5972822,0.4856927100865357
3503,msp,-0.42319906,-0.5884373173579468
3504,msp,-0.29800758,-0.416951489155343
3505,msp,-0.93071824,-1.2578027638063767
3506,msp,-0.5536647,-0.8623189496447282
3507,msp,-0.7948808,-1.160538799978463
3508,msp,-3.2770333,-3.1797009915417265
3509,msp,-2.8857648,-2.823003719813147
351,msp,1.1649688,0.5652698183906499
3510,msp,-1.195122,-0.949834034660471
3511,msp,-1.1675544,-0.9157517660509014
3512,msp,-2.1363769,-1.8098263442077258
3513,msp,-1.4825411,-1.5440941499193133
3514,msp,-1.5641328,-1.6014958654722729
3515,msp,-1.4810902,-1.5423003463082834
3516,msp,-1.561231,-1.5979082582502129
3517,msp,-1.5580626,-1.5955859299655433
3518,msp,-1.6200701,-0.910818806120569
3519,msp,-0.9083864,-0.9081281007040239
352,msp,1.1403031,0.5347751570031403
3520,msp,-2.1147008,-1.8189129068073584
3521,msp,-2.200242,-1.7055976454423611
3522,msp,-1.9611046,-1.4835532780470515
3523,msp,-1.9796039,-1.5064242740876836
3524,msp,-1.0171059,-1.520326252073166
3525,msp,-1.0551927,-1.5674135968627032
3526,msp,-1.0441109,-1.5545232593934089
3527,msp,-0.90725714,-0.09209120998408026
3528,msp,-1.1788673,-0.13668509581307936
3529,msp,0.13970764,-0.12733570152755716
353,msp,1.263269,0.6868000130379315
3530,msp,-1.1996132,-0.16326620317151452
3531,msp,0.4269407,0.22607075103086727
3532,msp,0.50585324,0.32282140731581316
3533,msp,0.3107151,0.07901978841327631
3534,msp,0.66984314,0.30811012504997154
3535,msp,-0.69337624,-0.01633962601744833
3536,msp,0.38065645,-0.02442179250227346
3537,msp,-0.69591534,-0.019478782336750947
3538,msp,0.38319555,-0.021282636182971052
3539,msp,-0.7601187,-0.09885459212482778
354,msp,1.2467165,0.6669948771428743
3540,msp,0.25261238,-0.1827249611756697
3541,msp,-0.7952335,-0.14133492379104698
3542,msp,0.20770392,-0.23731346721634133
3543,msp,0.14488894,-0.3140035311391334
3544,msp,-2.791622,-1.9836012455215024
3545,msp,-3.883253,-3.3389205429137667
3546,msp,-2.5482821,-1.7059671205003153
3547,msp,-3.8296213,-3.2958262400347493
3548,msp,-3.7850215,-3.2420992182631347
3549,msp,-3.6981301,-3.1372773828650127
355,msp,0.32331085,0.5904063873102815
3550,msp,-2.0653975,-2.022538248857435
3551,msp,-1.0367756,-0.7438632352554538
3552,msp,-1.5295594,-0.6246499396996843
3553,msp,-1.0434616,-0.5972944346314768
3554,msp,-1.0102962,-0.7111263193541567
3555,msp,-1.0090351,-0.7148056621042677
3556,msp,-1.1676401,-0.7592023014772599
3557,msp,-0.68463755,-0.5456225211288414
3558,msp,-0.89618516,-0.6540605530368705
3559,msp,-0.9632657,-0.5365279977634886
356,msp,-1.1152945,-0.9732170197649922
3560,msp,-0.68397796,-0.33919261695472097
3561,msp,0.37431526,-0.2634817257482687
3562,msp,-1.3711137,-0.44958885039262964
3563,msp,-0.95977575,-0.5372742560712662
3564,msp,-0.95859605,-0.6875053084950274
3565,msp,-1.4495746,-2.3024844784555194
3566,msp,0.14698473,-0.32747504810233025
3567,msp,0.22562687,-0.45089566089958083
3568,msp,0.2259896,-0.4504472099968233
3569,msp,0.2516104,-0.41943080153282875
357,msp,0.41324183,1.2392297357639563
3570,msp,0.24725762,-0.4248122123659187
3571,msp,-0.27064183,-0.8183354275557336
3572,msp,-1.0130895,-0.6012851906211055
3573,msp,0.045420032,-0.4530413008744292
3574,msp,-0.985391,-1.723732434556727
3575,msp,-0.0725864,-0.5894994322239084
3576,msp,-1.3779849,-2.422863660718648
3577,msp,-1.3612993,-2.402234919191803
3578,msp,-1.4547877,-2.516221522263089
3579,msp,-2.233239,-2.4476085341411924
358,msp,0.05472057,0.4797261008884648
3580,msp,-2.3050098,-2.5346351504616638
3581,msp,0.5559321,0.41118190128004467
3582,msp,1.118651,0.8781235168136037
3583,msp,1.1110337,0.8687060478556962
3584,msp,1.0043907,0.7368614824449924
3585,msp,1.0072926,0.7404490896670523
3586,msp,0.29835838,0.3359604073245159
3587,msp,0.72137415,0.4022440543733405
3588,msp,0.3420248,0.5500167156548881
3589,msp,0.3738754,0.371442436764465
359,msp,-1.0620419,-1.320835977145126
3590,msp,0.28276095,0.31667701850594354
3591,msp,0.7126686,0.3914812327071605
3592,msp,0.24423188,0.3107701411855977
3593,msp,0.36371896,0.3588858114872551
3594,msp,0.24822192,0.3157031011159302
3595,msp,0.8081432,0.6474934765316585
3596,msp,0.9213153,0.7874101581919972
3597,msp,0.9274817,0.7950338235388748
3598,msp,0.4142483,0.3600997404889223
3599,msp,0.80705506,0.6461481238233858
36,msp,-2.4281628,-1.7400880347709744
360,msp,-0.025130486,-0.07016118609395085
3600,msp,0.3816025,0.31973915924074764
3601,msp,0.39600912,0.3747533925648727
3602,msp,0.3295626,0.29338896668421066
3603,msp,0.42150292,0.36906875854407223
3604,msp,0.38317135,0.5401507957942231
3605,msp,0.31829655,0.45946505083433214
3606,msp,0.3874062,0.32691437368486753
3607,msp,0.38317135,0.5401507957942231
3608,msp,0.31757107,0.4585681490288173
3609,msp,0.2871017,0.4208982731971875
361,msp,0.8262802,-0.19841251012681607
3610,msp,0.2406096,0.36438849989848277
3611,msp,0.35305622,0.5034082797533066
3612,msp,0.22254087,0.34305860618413747
3613,msp,0.18808141,0.3004557704221753
3614,msp,0.4509373,0.4325361827821657
3615,msp,-0.308236,-0.23617180377136515
3616,msp,-0.33981463,-0.2745711097069673
3617,msp,-0.26300204,-0.18148411322930322
3618,msp,-0.28657955,-0.2106334219085405
3619,msp,-0.28258952,-0.20570046197820807
362,msp,0.8226298,-0.20982102915176049
3620,msp,-0.26706886,-0.18710752559643226
3621,msp,-0.27377975,-0.1959857983520102
3622,msp,1.0526041,0.21480164799549348
3623,msp,1.0688834,0.234418612468035
3624,msp,1.0764849,0.24282784726600318
3625,msp,-0.9479946,-0.7941190788068289
3626,msp,-0.9355939,-0.7777790966895446
3627,msp,-0.96126205,-0.8084613916614847
3628,msp,1.3039614,0.5353502437750038
3629,msp,-0.12621337,0.20133473984870012
363,msp,0.6641163,-0.4057940736567863
3630,msp,1.1923006,0.3995500388675135
3631,msp,1.3039377,0.5364192924074719
3632,msp,0.14078012,0.25442422696690853
3633,msp,-0.36017758,-0.08021089178975563
3634,msp,-0.29988742,-0.005077589495214727
3635,msp,-0.01881832,0.05952266009621738
3636,msp,-0.09391626,-0.030648072094816407
3637,msp,-0.844883,-0.6849899722640652
3638,msp,-0.12684497,-0.06990434749142171
3639,msp,-0.30041108,-0.007470117344119138
364,msp,-0.44403124,-0.5760577257419232
3640,msp,-0.09582471,-0.036917603590996925
3641,msp,-0.107794836,-0.05171648338199426
3642,msp,-0.06524259,0.004105538221042173
3643,msp,-0.028739225,0.32677271567429816
3644,msp,-0.16241236,0.16488530264987625
3645,msp,-1.135909,-1.0373743181801032
3646,msp,-1.3240036,-1.2812135434902474
3647,msp,0.21490845,0.6259802874064876
3648,msp,0.24847911,0.3838472579026378
3649,msp,0.21817304,0.6300163455313051
365,msp,0.4817388,-0.3978367966536407
3650,msp,-1.0721542,-0.9620069695901312
3651,msp,0.3255253,0.7613253734799671
3652,msp,0.3732829,0.5386436937232003
3653,msp,0.40157592,0.5736228641382849
3654,msp,-1.1089325,-1.2395961441954153
3655,msp,-1.0255044,-1.136452436561191
3656,msp,0.15332456,0.25569685374636825
3657,msp,-0.84497166,-0.9925248573511454
3658,msp,-0.36467898,-0.09876248920641958
3659,msp,-0.3930102,-0.13232039209526583
366,msp,0.50324076,-0.3763379405681151
3660,msp,-0.29477325,-0.29396486903532837
3661,msp,-0.10110814,0.23296830457576378
3662,msp,0.04006232,0.12823835936444916
3663,msp,0.37308288,0.5473963088095054
3664,msp,-0.20502375,0.11062016104381389
3665,msp,-0.1437773,0.19803357466828744
3666,msp,0.038153514,0.1368534618265137
3667,msp,-0.019312922,0.07402244164754278
3668,msp,0.009322392,0.3802041958518419
3669,msp,0.016416773,0.39521284268592105
367,msp,-0.36350495,-0.47650162532975904
3670,msp,0.22290315,0.6432491261524776
3671,msp,0.6083314,0.8356345634354434
3672,msp,0.99929106,1.109978012675425
3673,msp,1.2665048,0.7034333994579604
3674,msp,0.8433368,1.1339429032341224
3675,msp,1.0627626,0.45475725808865697
3676,msp,0.96637416,0.33807113477141043
3677,msp,-1.3968258,-2.725881314242455
3678,msp,-1.9365265,-3.385081191864242
3679,msp,0.6724212,0.9373902796965645
368,msp,0.8552275,0.06009714529684864
3680,msp,1.209041,0.6447981391513132
3681,msp,-0.40638703,-0.6376277036249347
3682,msp,0.51885504,0.7379545534534575
3683,msp,0.60237586,0.8340200688822971
3684,msp,0.8371011,1.1409869895484677
3685,msp,0.73564184,1.0182108306842246
3686,msp,0.34736902,0.5269949955730039
3687,msp,-0.7351907,-0.8227508399044957
3688,msp,0.8275502,0.114732225555419
3689,msp,0.45844448,-0.34339783732735024
369,msp,-0.8454081,-1.0543832721913122
3690,msp,1.1194986,1.4936468987458844
3691,msp,1.2589226,0.6772061899251759
3692,msp,0.75191385,0.031310307407334495
3693,msp,0.8708896,0.17840220351179317
3694,msp,1.1174922,1.4876395373800124
3695,msp,1.187026,1.5786303269702637
3696,msp,1.1298268,1.5219965636664754
3697,msp,0.993385,0.31839619647527695
3698,msp,1.2304251,0.6718665957302581
3699,msp,1.0859177,1.4657152804362061
37,msp,-2.3991444,-1.7042119625503749
370,msp,-0.43331844,-0.5520187064389058
3700,msp,0.7662872,0.8537939078333312
3701,msp,0.7749727,1.0904453688476878
3702,msp,0.8790853,1.21498128820706
3703,msp,1.1430444,1.1289379763716116
3704,msp,1.2427204,1.6627184189334072
3705,msp,0.9226183,1.270779990215744
3706,msp,0.8371206,1.164400511723278
3707,msp,-0.51283956,-0.49762337357927566
3708,msp,1.1521604,1.5447686700622132
3709,msp,1.4073323,0.9003763927979797
371,msp,-0.86499554,-1.078599620940217
3710,msp,1.1993543,0.6425904198861466
3711,msp,1.14168,0.5712867263477048
3712,msp,1.1386405,0.5662614089354521
3713,msp,-0.25444797,-0.17044351945485206
3714,msp,0.6120973,0.8678356460996324
3715,msp,0.85721695,0.8223158973179128
3716,msp,0.91731215,0.8947466944007336
3717,msp,1.0586078,1.2070770242522342
3718,msp,0.7379001,0.8174801954344492
3719,msp,0.16288224,0.3312336485520703
372,msp,-0.3408719,-0.4394303886612571
3720,msp,1.6785941,1.834620868974997
3721,msp,-0.118788175,-0.012494973471314636
3722,msp,1.49718,1.609912866462383
3723,msp,1.3201673,1.3910688259167248
3724,msp,1.1138395,1.1551637252108435
3725,msp,0.8705111,0.838959271124163
3726,msp,0.8743492,0.8432958887816959
3727,msp,1.7147498,1.889740126506815
3728,msp,0.34663472,0.06013867831325634
3729,msp,0.20765102,-0.12105420607348094
373,msp,0.40758502,0.47137488585187404
3730,msp,0.52330035,0.4101117034939631
3731,msp,-0.60069734,-1.1322018597327603
3732,msp,0.9905927,0.9905757300208338
3733,msp,0.93100846,0.9083237237956787
3734,msp,0.9817908,0.971106850181728
3735,msp,0.45224652,0.3078534627601561
3736,msp,1.1130685,1.1364819634060481
3737,msp,0.1845042,-0.020149030841156868
3738,msp,0.2712671,0.08805014081914254
3739,msp,1.1430798,1.1713084967895433
374,msp,0.4332249,0.5021751811094924
3740,msp,0.65246695,0.5608030641784858
3741,msp,1.0133294,0.6030955680659004
3742,msp,1.0266116,0.5973892784692086
3743,msp,0.7831974,0.2897522702350881
3744,msp,0.95594585,0.5086632607911792
3745,msp,1.2127025,0.9632807649171821
3746,msp,0.890385,0.4227321102534608
3747,msp,0.57981455,0.06774362398742495
3748,msp,0.7626222,0.27009903495223114
3749,msp,0.6460801,0.5709009369596917
375,msp,1.7801971,0.9939621881495375
3750,msp,0.9236612,0.4770641273793999
3751,msp,0.8298725,0.361737131151101
3752,msp,-0.16066492,-0.6079422956576196
3753,msp,1.0063294,1.3147948541747914
3754,msp,1.8181717,1.5651110356011566
3755,msp,1.7502743,1.4819528061094651
3756,msp,0.88584864,1.1663221878256016
3757,msp,-0.000947258,-0.42377194649885913
3758,msp,0.28863603,-0.29198126146047526
3759,msp,0.038328625,-0.3839536500457732
376,msp,1.44061,0.5475882209554367
3760,msp,-0.5407775,-1.3349703484254978
3761,msp,-0.52735645,-1.3183776650234704
3762,msp,-3.3468387,-2.9691478964340563
3763,msp,-3.2518084,-2.853638353589376
3764,msp,-2.989377,-2.5227060277987325
3765,msp,-2.96053,-2.491547684997323
3766,msp,-0.13771752,-0.4075119252184104
3767,msp,-0.1567441,-0.42376399462794856
3768,msp,-1.169345,-0.28935794632628953
3769,msp,-1.2884159,-0.4304668340741683
377,msp,1.8807937,1.1259032503498823
3770,msp,-1.1816127,-0.30466189744239375
3771,msp,-1.6538521,-0.8935734329989565
3772,msp,-1.6758232,-0.9176436479155312
3773,msp,-1.7243266,-0.9946634668633973
3774,msp,-1.5935581,-1.052962084221872
3775,msp,-2.766612,-2.231760464498786
3776,msp,-3.290705,-2.867707765946433
3777,msp,-3.2925186,-2.869950020460221
3778,msp,-3.2857275,-2.8528150522631046
3779,msp,0.9102412,0.21473677476088673
378,msp,1.6675005,0.8644877691639189
3780,msp,1.0746204,0.19674525164347004
3781,msp,1.0700283,0.1923142296230119
3782,msp,0.73260015,0.3815683207115803
3783,msp,0.48492092,0.2976467047639067
3784,msp,0.8024925,0.4676113544467101
3785,msp,0.75835407,0.4134083348073627
3786,msp,0.9598753,0.6594379359024216
3787,msp,0.77745306,0.6667135050358483
3788,msp,0.4900271,-0.4530074287780387
3789,msp,0.56474966,-0.3606265428099943
379,msp,1.8985096,1.138156282644858
3790,msp,0.6599851,-0.24369559590096113
3791,msp,-2.7917955,-2.299015615230505
3792,msp,0.22281812,-0.1741857059735492
3793,msp,1.0759537,1.0395685066713578
3794,msp,0.09895017,-0.10202999083722766
3795,msp,1.4695189,1.5326855574170741
3796,msp,1.2666343,1.2812941034144332
3797,msp,-2.653406,-2.138997100461152
3798,msp,1.5683107,1.6772419329424324
3799,msp,1.6822808,1.643457273475701
38,msp,-5.404117,-5.4780124799025005
380,msp,1.8713627,1.1142435268781874
3800,msp,1.5381496,1.6490543575753207
3801,msp,0.4517359,0.3540082930368146
3802,msp,0.04362202,-0.14326870317415122
3803,msp,0.19897722,0.046700808675726284
3804,msp,0.51155525,0.43155175701254006
3805,msp,0.6378306,0.5862186318614725
3806,msp,0.66536963,0.6211033979136321
3807,msp,0.5400511,0.2593769649013951
3808,msp,0.8333652,0.8318439350411769
3809,msp,0.8888405,0.8965466565696597
381,msp,1.6700395,0.8676269254832214
3810,msp,0.5157536,0.43527661974197723
3811,msp,0.89082605,0.8932891060282911
3812,msp,0.87153596,0.6702106856347104
3813,msp,0.8297872,0.8205241931846192
3814,msp,2.4249368,2.5458930362833714
3815,msp,2.4020905,2.5179300889360756
3816,msp,2.35099,2.4553284534722364
3817,msp,1.4315101,1.5762539596398517
3818,msp,2.5260525,2.9046500219729494
3819,msp,0.49830872,0.4035926617305044
382,msp,1.8401209,1.0663709855442893
3820,msp,2.5060236,2.880716191489722
3821,msp,2.5323942,2.9153302658713276
3822,msp,1.9947556,2.2717284140457403
3823,msp,2.0661974,2.1298027809302664
3824,msp,1.1423696,1.1969976644715055
3825,msp,0.8127672,0.7870410348533281
3826,msp,2.1083443,2.1835454288909233
3827,msp,2.0658348,2.129354330027509
3828,msp,1.3107554,1.4060430483339064
3829,msp,2.1188977,2.1960374671547283
383,msp,1.1776649,0.9972573808527905
3830,msp,1.4986168,1.6395251139633475
3831,msp,1.9698663,2.2328343085970928
3832,msp,2.1083803,2.1671176689808465
3833,msp,0.5453092,0.44900142994106185
3834,msp,2.4756105,2.6225120626288407
3835,msp,3.1049435,3.6464248544649385
3836,msp,2.3165252,2.4278924868656717
3837,msp,2.2065938,2.293080911962618
3838,msp,1.9455394,1.9746022758565356
3839,msp,0.7430302,0.6820229269512196
384,msp,-0.26534978,-0.1309038278564885
3840,msp,0.5716779,0.47271385048563674
3841,msp,1.1278111,1.1571388823401263
3842,msp,0.37957105,0.01806576287099776
3843,msp,0.5771797,0.26091874811950627
3844,msp,0.6094968,0.3015893067304973
3845,msp,2.2185526,2.233660763818039
3846,msp,0.64105433,0.34060453527039936
3847,msp,2.551229,2.6603919302742765
3848,msp,2.4533348,2.8496361851013297
3849,msp,2.313373,2.359712346551722
385,msp,0.9496153,0.9356574942639415
3850,msp,2.9261649,2.7696209617992538
3851,msp,2.5185852,2.6112381166153265
3852,msp,0.059448022,-0.1727607116093405
3853,msp,-1.9766243,-1.3041102478388933
3854,msp,-2.1904104,-1.569685539753251
3855,msp,-2.1904104,-1.569685539753251
3856,msp,-2.8535738,-2.3853185914982755
3857,msp,-1.9776279,-1.5165821418536154
3858,msp,-3.08976,-2.6695685468089967
3859,msp,-3.0756135,-2.6520789616014544
386,msp,0.94671345,0.9320698870418815
3860,msp,-2.8746605,-2.4036371614738012
3861,msp,-2.5127952,-1.9518341978681728
3862,msp,-2.7124305,-2.226298849756208
3863,msp,-2.396451,-1.82752980225079
3864,msp,-2.8890517,-2.432760619174545
3865,msp,-2.5698512,-2.030418624107819
3866,msp,-2.9874434,-2.5417367211578985
3867,msp,-2.9399257,-2.4829896528966664
3868,msp,-2.7759714,-2.280289844850278
3869,msp,-2.7571094,-2.2569703979068882
387,msp,0.96557546,0.9553893339852714
3870,msp,-2.7767231,-2.2825554177292773
3871,msp,-2.6309054,-2.102278154820764
3872,msp,-3.1100729,-2.6946817973634163
3873,msp,-3.0607417,-2.633692474588397
3874,msp,-3.0215242,-2.5824586667495457
3875,msp,-5.0849295,-4.473757367754544
3876,msp,-3.2801116,-2.4294609975264643
3877,msp,-4.3548164,-3.646104057713493
3878,msp,-4.1111956,-3.551281173477996
3879,msp,-4.1111956,-3.551281173477996
388,msp,0.31005296,1.117003038859174
3880,msp,-5.287318,-4.807044370458096
3881,msp,-4.2762136,-3.551281173477996
3882,msp,-4.27669,-3.7509258931116154
3883,msp,-4.27669,-3.7509258931116154
3884,msp,-4.27669,-3.7509258931116154
3885,msp,-4.27669,-3.7509258931116154
3886,msp,-0.3358002,-0.9565700336749842
3887,msp,-0.28610605,-0.8951322599972069
3888,msp,-1.5059105,-2.175096519096965
3889,msp,-2.168508,-2.39962428754614
389,msp,0.36145636,1.1801766990656433
3890,msp,-2.181929,-2.4162169709481676
3891,msp,-1.5167924,-2.1885500461796896
3892,msp,-2.0239463,-2.2098024040889963
3893,msp,-2.0435336,-2.234018752837901
3894,msp,-2.0193365,-2.2299826947130836
3895,msp,-2.064339,-2.2845215580225444
3896,msp,-2.033483,-2.247472279920626
3897,msp,-3.459356,-4.5577100390781355
3898,msp,-2.3088155,-3.169534413809879
3899,msp,-1.4418719,-2.1238140155940326
39,msp,-6.555818,-2.3093826873166803
390,msp,0.27217138,1.071337098133991
3900,msp,-1.448028,-2.1308816702246043
3901,msp,-1.4720024,-2.1599663918904364
3902,msp,-1.516897,-2.2143206793230155
3903,msp,-1.516897,-2.2143206793230155
3904,msp,-1.5400349,-2.2423310846626987
3905,msp,-0.98201066,-1.6232968856777337
3906,msp,-0.9685896,-1.6067042022757063
3907,msp,-0.98055977,-1.6215030820667038
3908,msp,-2.0616941,-2.2553722493433073
3909,msp,-2.1347184,-2.34203065984725
391,msp,0.36798552,1.1882488153152782
3910,msp,-1.5334579,-1.5267809479789543
3911,msp,-2.1336303,-2.3406853071389775
3912,msp,-2.057704,-2.250439289412975
3913,msp,-2.1358066,-2.3433760125555225
3914,msp,-0.5949943,-0.23465475992616916
3915,msp,-2.0458398,-2.2616505619819125
3916,msp,-2.2975132,-2.34920587429137
3917,msp,-1.6937135,-1.5308170061037716
3918,msp,-2.0425751,-2.257614503857095
3919,msp,-2.277563,-2.3245410746397077
392,msp,-0.7593987,-0.7352923086340726
3920,msp,-2.0407615,-2.2553722493433073
3921,msp,-0.8741507,-0.1572635438158765
3922,msp,-0.89990455,-0.1891035579116588
3923,msp,-2.2142227,-2.2474998768473387
3924,msp,-2.1628864,-2.1885375780749636
3925,msp,-2.1523674,-2.175532501894996
3926,msp,-2.096144,-2.106022611967584
3927,msp,-2.2080562,-2.239876211500461
3928,msp,-2.1603475,-2.185398421755661
3929,msp,-1.6256578,-1.447945946575555
393,msp,-0.29469696,-0.16646992271427194
3930,msp,-1.7702053,-1.655544289749002
3931,msp,-1.8227172,-1.719316046139489
3932,msp,-2.1574454,-2.181810814533601
3933,msp,0.17197111,-0.14858299922764906
3934,msp,-2.573087,-2.685655889734541
3935,msp,-0.29536158,-0.5403477239976124
3936,msp,-1.1112509,-0.9972463173187093
3937,msp,-0.95105577,-0.5849970646553476
3938,msp,-1.0528512,-0.9250457219747524
3939,msp,-2.444014,-2.5275789286643566
394,msp,-2.0595968,-2.3541300207506937
3940,msp,-0.036749054,-0.4442584046592905
3941,msp,-1.1156037,-1.0026277281517995
3942,msp,-1.0644586,-0.9393961508629923
3943,msp,-0.47488856,-1.0132575240952089
3944,msp,-0.5788041,-1.151818802812085
3945,msp,0.13951358,-0.2608610438674157
3946,msp,-0.47188914,-1.0160579368693126
3947,msp,-0.39429104,-0.9214581147526925
3948,msp,-1.9801811,-2.7632378959115873
3949,msp,0.26140282,-0.10088886052885293
395,msp,-0.9362004,-0.9524042849173293
3950,msp,-0.19731022,-0.08686790532298304
3951,msp,0.20198497,0.06596611845405222
3952,msp,0.13878812,-0.2617579456729306
3953,msp,-0.26717222,-0.5511105456637924
3954,msp,-0.23126183,-0.5067139062908004
3955,msp,-0.4889375,-1.0371351292989148
3956,msp,-0.37542903,-0.8981386678093026
3957,msp,-1.9206932,-2.689691947859358
3958,msp,-0.77512026,-1.0258141493724189
3959,msp,-0.8514682,-1.1302931594797252
396,msp,-1.0885979,-1.152748375651064
3968,msp,-1.8501973,-2.8240049753870617
3969,msp,-1.446652,-2.1136462773144618
397,msp,-0.8610925,-0.8778509909134696
3970,msp,-1.8527364,-2.827144131706364
3971,msp,-0.39467338,-0.6936511326790049
3972,msp,0.04314374,-0.3377587295848335
3973,msp,-0.14812139,-0.23676554826547427
3974,msp,-0.086796016,-0.16204639433192589
3975,msp,-0.36194345,-0.6520369269214803
3976,msp,-0.24959898,-0.3523635004055724
3977,msp,-0.2970904,-0.40974189759332
3978,msp,-0.26952288,-0.3756596289837504
3979,msp,-0.3750881,-0.5768810270681959
398,msp,-0.8259102,-0.9719884997936725
3980,msp,-0.477762,-0.7031767099442673
3981,msp,-0.4624527,-0.6728934415958169
3982,msp,-0.55207294,-0.800274618892201
3983,msp,-0.477762,-0.7031767099442673
3984,msp,-0.3772645,-0.5795717324847409
3985,msp,0.114804246,-0.24292582205992
3986,msp,-0.7647302,-0.17601490935013062
3987,msp,-0.7777647,-0.19322819048186887
3988,msp,-0.25702387,-0.5133839200056816
3989,msp,-1.0867472,-0.34920102572105804
399,msp,-0.58799917,-0.6599257048499638
3990,msp,-1.0501283,-0.5301365065754107
3991,msp,-0.9585176,-0.4106387993988351
3992,msp,-0.37817603,-0.6631665215266853
3993,msp,-0.89902973,-0.3370928513466057
3994,msp,-0.94043344,-0.40522361145446484
3995,msp,-0.37708002,-0.5431698820934956
3996,msp,-0.4329585,-0.6115573101161664
3997,msp,-0.2826269,-0.42105242051476693
3998,msp,-0.50430286,-0.4710759515236681
3999,msp,-0.2989184,-0.4364486174724018
4,msp,-4.8257794,-4.223131417107098
40,msp,-6.7109194,-2.812574697370983
400,msp,-1.0613503,-0.815269690496099
4000,msp,-0.35080686,-0.4999030855647401
4001,msp,0.11506924,-0.23587810406367202
4002,msp,-0.71210515,-0.07609199309195556
4003,msp,-0.7382218,-0.10838045809049522
4004,msp,-0.7814029,-0.1631785547861947
4005,msp,-0.10787686,-0.1250602280518076
4006,msp,0.1130209,0.09829821768058815
4007,msp,-0.0072522676,-0.048337111487528964
4008,msp,-0.018496929,-0.06223908947301131
4009,msp,0.06822102,-0.2865079087853418
401,msp,-1.3065565,-1.1184225007601665
4010,msp,0.015318209,-0.3592021023219836
4011,msp,-0.66876066,-0.018763534721054364
4012,msp,-0.76036453,-0.13716840242625983
4013,msp,-0.12093517,-0.14120446055107738
4014,msp,-0.109542415,-0.17480026606514276
4015,msp,-0.14575522,-0.21732268319907388
4016,msp,0.8907995,1.0150187602938885
4017,msp,-0.44379765,-0.37224791670838175
4018,msp,0.8081344,0.9133497989796586
4019,msp,1.0331273,0.970490697214291
402,msp,-1.1907755,-1.638750161593377
4020,msp,0.91178447,1.0384644443666762
4021,msp,1.0585185,1.0018822604073157
4022,msp,-0.037399765,-0.11571822932422407
4023,msp,-0.115943015,-0.2221881394989581
4024,msp,-0.7795347,-0.36283044775047435
4025,msp,0.12534659,0.8949976145980907
4026,msp,0.3545881,0.9541588311305907
4027,msp,0.12150551,0.8870633425439194
4028,msp,-0.4857768,-0.25492505540025534
4029,msp,-0.345932,-0.07266694265950449
403,msp,-1.0124829,-1.4126019977058053
4030,msp,-0.48541406,-0.25447660449749787
4031,msp,0.16846634,0.9395242161553193
4032,msp,0.06455673,0.8166565508109925
4033,msp,0.100501336,0.860540152267822
4034,msp,0.09565401,0.8556707964515446
4035,msp,0.17122348,0.9474320675892283
4036,msp,0.1538124,0.9259064242568684
4037,msp,0.16755866,0.9423697140471742
4038,msp,0.16066676,0.9338491468947818
4039,msp,0.11682423,0.8807204428919094
404,msp,-1.1733009,-1.4271676571051877
4040,msp,-0.13735546,0.5364560218249833
4041,msp,-0.31604096,0.31125209803184534
4042,msp,-0.81320524,0.11119701158717092
4043,msp,-0.544309,0.29155805815282504
4044,msp,-0.6027192,0.3894147593168842
4045,msp,-0.5464854,0.28886735273627995
4046,msp,-0.21036112,0.43328185620556114
4047,msp,-0.54249424,0.09729503360168844
4048,msp,-0.7947145,0.2597853072344504
4049,msp,-0.20310651,0.442250874260711
405,msp,-1.2565883,-1.5465753548314303
4050,msp,-0.3519584,0.3508479816797395
4051,msp,-0.4195724,0.1697531102379645
4052,msp,-0.53886694,0.1017795426292634
4053,msp,-0.3472429,0.35667784341558695
4054,msp,-0.7389038,0.3270800838335922
4055,msp,-0.3828191,0.31353215238794224
4056,msp,-0.64890605,-0.4300025959406025
4057,msp,-0.44021058,0.14476925329526627
4058,msp,0.06416282,0.44932920573881635
4059,msp,-0.07331224,0.27936631359372527
406,msp,-1.3925238,-1.224705364713693
4060,msp,-1.0977521,-0.9894295564930543
4061,msp,-1.2151394,-1.1332899387962907
4062,msp,-1.2356555,-0.8705655440281703
4063,msp,-0.921619,-0.9369362776362796
4064,msp,-1.2367437,-0.8719108967364428
4065,msp,-0.93177545,-0.9494929029134895
4066,msp,-0.94860095,-0.8902973837495002
4067,msp,-0.98872423,-1.0198996946464167
4068,msp,-0.9948907,-1.027523359993294
4069,msp,-0.952591,-0.8952303436798326
407,msp,-1.2339094,-1.0373467212533907
4070,msp,-1.1723397,-1.2657345730146652
4071,msp,-0.79954,-0.3986399256120823
4072,msp,0.16754098,-0.12105738888895216
4073,msp,-0.73688847,-0.31244351839031215
4074,msp,-0.7365257,-0.31199506748755457
4075,msp,-0.55427206,0.34013955412129415
4076,msp,-0.7423294,0.21980591371162556
4077,msp,-0.17572205,0.25203099183005123
4078,msp,0.13139847,0.9095863151269561
4079,msp,-0.26524776,0.8431713523302886
408,msp,-1.3642308,-1.1897261942986084
4080,msp,-0.10160928,0.3469125446737828
4081,msp,0.017988866,0.9811434614760376
4082,msp,0.34480175,0.9175124164247912
4083,msp,-0.45966393,-0.8794754629770337
4084,msp,-0.41105798,-0.8193830420075293
4085,msp,-0.6035119,-0.4985458340543644
4086,msp,-0.36891446,-0.7680648266116195
4087,msp,-0.4557149,-0.29529884483973
4088,msp,-1.1875817,-1.2243669094597311
4089,msp,-0.36517552,-0.17737282844667404
409,msp,-0.52489936,-0.40303060074732633
4090,msp,-1.0430769,-1.0335527186904307
4091,msp,-0.27457917,-0.06724469766422539
4092,msp,0.043260008,0.31758638841618464
4093,msp,0.2625189,0.579294669405355
4094,msp,0.26422852,0.5772214966818435
4095,msp,0.2937618,0.6080393879113013
4096,msp,-0.49026665,-0.37528354326890706
4097,msp,0.4461787,0.8128113418007209
4098,msp,0.51398265,0.8925851433092601
4099,msp,0.031396315,0.30047033275105667
41,msp,-6.8409343,-2.968092413776161
410,msp,-0.23568757,-1.0594464760665747
4100,msp,0.076804474,0.35524860395542596
4101,msp,0.059768107,0.33463151685662107
4102,msp,0.05128421,0.3318889513952283
4103,msp,0.20053785,0.48437313670910864
4104,msp,0.0051505896,0.276213778385344
4105,msp,0.010855851,0.25120198564042245
4106,msp,0.023914168,0.2673462181396924
4107,msp,-0.7346446,0.24540748701362186
4108,msp,-0.021873416,0.24234158787637788
4109,msp,0.031939868,0.3006804108516603
411,msp,-0.5441241,-0.42679849859347363
4110,msp,-0.041032605,0.7267237131913844
4111,msp,0.2244781,1.0529470919344035
4112,msp,0.024746418,0.26769805450351075
4113,msp,-0.36400965,0.3469676972916372
4114,msp,0.027462738,0.28739004031601334
4115,msp,-0.03920183,-0.3210163853052372
4116,msp,0.26850706,0.6064975502926907
4117,msp,0.15385379,0.46553952180800967
4118,msp,0.2319331,0.47954888606523693
4119,msp,-0.35602957,0.3568336171523021
412,msp,-0.16579454,-0.9739351706725419
4120,msp,-0.23669231,-0.5593357268153982
4121,msp,0.013875743,0.26425516192037646
4122,msp,0.11575333,0.9367146200758104
4123,msp,-0.05443059,0.17807884414342623
4124,msp,0.34794515,0.7047082979965824
4125,msp,0.08564665,0.36051699950363797
4126,msp,0.06605918,0.3363006507547332
4127,msp,0.3097014,0.6603061426731806
4128,msp,0.29351613,0.6415635622392862
4129,msp,0.07118174,0.21474713651309907
413,msp,-1.2741122,-1.0848020983176543
4130,msp,0.01526994,0.14623258220517718
4131,msp,-0.016599169,0.106222018045785
4132,msp,-0.30706453,-0.2604575449741483
4133,msp,-0.012834112,0.10506908105722529
4134,msp,-0.02299058,0.0925124557800154
4135,msp,-0.21047801,-0.14374444366024172
4136,msp,-0.94896424,0.03391952123537139
4137,msp,-0.75999177,-1.474520114476331
4138,msp,-0.7197542,-1.4259794014237779
4139,msp,-0.6447292,-1.3354727376947946
414,msp,-2.6030092,-2.982473663169618
4140,msp,-0.7215419,-1.2134972486270794
4141,msp,-0.78755367,-1.2931307192511594
4142,msp,-1.1751688,-1.760731345099624
4143,msp,-0.22968131,-0.05871642820448526
4144,msp,-0.15749784,0.0305253014442565
4145,msp,-0.054754697,0.16857227835609195
4146,msp,-0.06092112,-0.3780275826340856
4147,msp,0.29368544,-0.16641819324486698
4148,msp,0.39330214,-0.044908332945333695
4149,msp,0.28969538,-0.17135115317519953
415,msp,-1.5923785,-1.939766519850134
4150,msp,0.7799892,0.1922320265756591
4151,msp,0.33358583,-0.11708859394154246
4152,msp,0.3179884,-0.13637198276011478
4153,msp,0.3441336,-0.104886015204165
4154,msp,0.58965147,-0.04857990943509722
4155,msp,0.20014784,0.05254378698488469
4156,msp,-0.020801337,-0.20721439164174915
4157,msp,0.20636092,-0.5043312609638715
4158,msp,-0.5101727,-0.6963762628988234
4159,msp,-0.28990352,-0.7536699628970392
416,msp,-1.5218343,-1.8424627241869478
4160,msp,-0.0908654,-0.6419139599115001
4161,msp,-0.107104175,-0.6608406260262375
4162,msp,-0.6814271,-1.0096461974703064
4163,msp,-0.09485544,-0.6468469198418327
4164,msp,-0.8030591,-0.8316111890755802
4165,msp,-0.75773543,-0.7703441815923184
4166,msp,-0.7617255,-0.7752771415226509
4167,msp,-0.82264656,-0.855827537824485
4168,msp,-0.5972978,-0.5733424091932721
4169,msp,-0.48364592,-0.761243337448663
417,msp,-1.5858616,-1.715548728763775
4170,msp,-0.61869895,-0.5998010124559643
4171,msp,-0.6638391,-0.9828698116097885
4172,msp,-0.5825618,-0.8811794722385804
4173,msp,-1.0672172,-1.1578919351747377
4174,msp,-0.563337,-0.8574115743924331
4175,msp,-0.64434314,-0.6291500648888677
4176,msp,-1.258562,-1.174484618576765
4177,msp,-1.0922457,-1.188835047465005
4178,msp,-1.0907948,-1.1870412438539748
4179,msp,-1.0668545,-1.15744348427198
418,msp,-2.3742514,-2.6883523251578003
4180,msp,-0.58210546,-0.5465098777206789
4181,msp,-0.19947849,-0.4049485376052623
4182,msp,-0.5245409,-0.47769714584511613
4183,msp,-0.50783145,-0.4581374529507396
4184,msp,-0.72280276,-0.7285064215473658
4185,msp,-0.2695357,-0.3974912343131954
4186,msp,-0.01953696,-0.19102197756158837
4187,msp,0.16447629,-0.1766598869161794
4188,msp,0.08997656,-0.27229880591709466
4189,msp,-0.1777143,-0.2720384443399628
419,msp,-1.6199623,-1.7457881192580829
4190,msp,-0.09002569,-0.06500727388673193
4191,msp,-0.21233071,-0.2186099186470046
4192,msp,-0.26826915,-0.1996321636985405
4193,msp,-2.0818903,-0.9642567215543143
4194,msp,-1.5624429,-1.021380560481235
4195,msp,-1.5080674,-0.9548713533331841
4196,msp,-0.48257023,-0.8153710218388256
4197,msp,-1.1983454,-0.7901826570647835
4198,msp,-1.1581079,-0.7416419440122305
4199,msp,-0.5406198,-0.8844645616002572
42,msp,-6.668694,-2.7646789854375458
420,msp,-1.5624601,-1.8926892252957872
4200,msp,-1.0572431,-0.6157352558921176
4201,msp,-1.0430453,-0.5987925554013078
4202,msp,-1.0344166,-0.5887201861719243
4203,msp,-0.4633402,-0.7896185303148942
4204,msp,-0.354592,0.16598082735902117
4205,msp,-0.33244234,0.20026034242459784
4206,msp,-0.3224012,0.21608476328272996
4207,msp,-0.5172756,-0.024191993893333073
4208,msp,-0.4868846,0.012513716955373923
4209,msp,-0.3477924,0.18469320008970522
421,msp,-1.7003101,-1.8469548935069116
4210,msp,-0.10688663,0.26190005153772195
4211,msp,-0.009244862,0.5858304270040481
4212,msp,0.78464544,0.8322648392900494
4213,msp,-0.11015121,0.2578639934129044
4214,msp,0.34217957,0.780800545286485
4215,msp,0.17494573,0.2538279352880869
4216,msp,-0.19235663,0.020137382302251396
4217,msp,-0.2905783,-0.10042864736210737
4218,msp,0.36544663,0.6925617418603324
4219,msp,-0.105604485,0.12828500088119982
422,msp,-1.1529717,-1.179084803451472
4220,msp,0.19018042,0.27266287320390176
4221,msp,0.30514678,0.735571591121383
4222,msp,0.2583434,0.5607161935502782
4223,msp,-1.3202237,-1.34065816526177
4224,msp,-1.0559038,-1.1205491906358702
4225,msp,-0.9457364,-0.8819814264024665
4226,msp,-0.8125516,-0.7182918873447202
4227,msp,-2.489689,-2.4708431082093107
4228,msp,-2.8170636,-2.8710765439801396
4229,msp,-1.0345572,-0.6566073214454131
423,msp,-1.1357607,-1.1691008178008733
4230,msp,-1.0083221,-0.6190844012745367
4231,msp,-0.90906984,-0.364662095913299
4232,msp,-1.9595016,-1.6633513584973092
4233,msp,-0.54813427,0.08549775130597954
4234,msp,-0.57442385,0.058233981765823464
4235,msp,-0.63826454,-0.020693377119495916
4236,msp,-0.5907335,0.0420823678662371
4237,msp,-0.5704206,0.06719561842065686
4238,msp,-0.15832818,0.35360961145036685
4239,msp,-0.43990985,0.15594454909755254
424,msp,-0.98283863,-0.9415206003571763
4240,msp,-0.19204684,0.3070725033268288
4241,msp,-0.4406353,0.15504764729203765
4242,msp,-0.28903642,0.3496049484472062
4243,msp,-0.41524413,0.18643921048506226
4244,msp,-0.28323272,0.3567801628913262
4245,msp,-0.42068508,0.1797124469436998
4246,msp,-3.337336,-3.222213600839259
4247,msp,-2.8965268,-2.717588991482752
4248,msp,-3.0729535,-2.905372552088196
4249,msp,-1.1394548,-0.741634283719842
425,msp,0.2948083,-0.028234782929024052
4250,msp,-0.66415393,-0.1595255310474837
4251,msp,-0.5506295,-0.019716409200692876
4252,msp,-0.24841304,-0.32703130833026517
4253,msp,-0.022722261,-0.05290989203833155
4254,msp,-0.11877816,-0.1706567298455385
4255,msp,-0.0071248272,-0.033626503219759386
4256,msp,-0.014379447,-0.04259552127490932
4257,msp,-0.09560687,-0.14251919822060458
4258,msp,-0.035417847,-0.06860567363484397
4259,msp,-0.17459053,-0.2391382942608302
426,msp,0.835814,0.6470382947180274
4260,msp,-0.18692338,-0.254385624954585
4261,msp,-0.14702298,-0.20505602565126038
4262,msp,0.11989354,0.1224393704911096
4263,msp,-0.058153875,-0.09518555447567394
4264,msp,0.02541126,0.00424311636553639
4265,msp,-0.21235484,-0.509681618194554
4266,msp,-0.3347857,-0.6596590039179635
4267,msp,-0.42082667,-0.5465335077166633
4268,msp,-0.55129343,-0.7014878121327743
4269,msp,-0.42014575,-0.5410926622807077
427,msp,-0.0440993,0.5165390820155962
4270,msp,-0.36692187,-0.47472291157194846
4271,msp,-0.556849,-0.6841642712672188
4272,msp,-0.22744435,-0.2797426847614195
4273,msp,-0.4157998,-0.5082375489478616
4274,msp,-0.38019902,-0.4657686816243183
4275,msp,-0.61477625,-0.7534254540455387
4276,msp,-0.7959702,-0.9729331760050974
4277,msp,-0.71953523,-0.866631891879444
4278,msp,-0.65468484,-0.787323345268775
4279,msp,-1.1146675,-0.8749556486928202
428,msp,0.7841744,0.5843187724460331
4280,msp,-1.1744276,-0.9650623879570858
4281,msp,-1.227679,-1.0299652647611799
4282,msp,-1.2044642,-1.0012644069847
4283,msp,-0.94731474,-0.689975343343445
4284,msp,-1.0277953,-0.7887371152668562
4285,msp,-0.9686701,-0.7156396181173843
4286,msp,0.11019178,-0.5101653209973103
4287,msp,0.11345635,-0.5061292628724929
4288,msp,-0.74118966,-0.4017072983667333
4289,msp,-0.8125883,-0.48848056589847544
429,msp,0.51769835,0.24351880384963023
4290,msp,0.1574988,-0.4219493223202818
4291,msp,0.38603282,-0.13396714891462333
4292,msp,0.8988082,0.5076197070637068
4293,msp,0.8440358,0.43990362074732486
4294,msp,0.93147826,0.5485096135838652
4295,msp,0.76402503,0.35103940041512727
4296,msp,0.90547645,0.5242883593436035
4297,msp,0.59597355,0.14892953546418894
4298,msp,0.68593085,0.26014535934804806
4299,msp,0.7742599,0.14937798636694652
43,msp,-7.053495,-3.2308846427920535
430,msp,0.3929957,0.08994214573784791
4300,msp,0.7804264,0.15700165171382385
4301,msp,0.7266814,0.30915278401320734
4302,msp,0.81092983,0.19542995581102737
4303,msp,0.8112925,0.19587840671378481
4304,msp,0.7117646,0.2935381301981571
4305,msp,0.6609291,0.23223432495879898
4306,msp,0.6544666,0.2234601193852043
4307,msp,0.62683237,0.19007994009959425
4308,msp,0.6449689,0.21250248523746906
4309,msp,0.6547626,0.2246106596119215
431,msp,-0.044824764,0.515642180210081
4310,msp,0.6692719,0.24254869572222124
4311,msp,0.6145526,0.1733532882591482
4312,msp,0.53894436,0.08611512926451813
4313,msp,0.87292844,0.48682829575172654
4314,msp,0.8783694,0.49355505929308896
4315,msp,0.61395264,0.9322472571463196
4316,msp,0.9986983,0.63954024135228
4317,msp,0.9884936,0.6264037414657073
4318,msp,1.0513667,1.46670547541571
4319,msp,0.8353918,1.2022070403139438
432,msp,0.7657108,0.5587735406456833
4320,msp,-1.6728178,-1.9088163811309808
4321,msp,1.2152205,0.6909996484391142
4322,msp,1.1362458,1.5716429866609642
4323,msp,1.078757,1.2805983507713494
4324,msp,0.6222246,0.7200550587816807
4325,msp,0.9443751,0.57708815958745
4326,msp,1.2083285,0.6824790812867219
4327,msp,0.6474339,0.7507597982697941
4328,msp,1.1245278,1.3364010751948336
4329,msp,0.7588849,0.34253432002021217
433,msp,-0.032502312,0.5303335001875304
4330,msp,0.6973887,0.8120664093429621
4331,msp,-2.63585,-3.152110511169956
4332,msp,-2.3030076,-2.672653674742573
4333,msp,0.7996314,1.155480548902008
4334,msp,0.7771421,1.1276765929310433
4335,msp,0.65830356,0.9803590001892434
4336,msp,-0.24345776,-0.12673295784855917
4337,msp,-0.3456876,-0.25087343928435457
4338,msp,0.74479675,1.0897653623892494
4339,msp,0.7176651,1.0545459431222022
434,msp,-1.9284494,-1.7775268477159314
4340,msp,0.72105604,1.05794100636629
4341,msp,0.67808056,1.0086190673553543
4342,msp,0.4942228,0.7783001870235845
4343,msp,0.58215564,0.8874216477636981
4344,msp,0.53962,0.8332391623009231
4345,msp,0.5780695,0.8807749579932177
4346,msp,0.49948865,0.7964615254050917
4347,msp,0.5934003,0.9013236257491805
4348,msp,0.47885647,0.7714631500994603
4349,msp,-0.20283188,-0.07650645673971963
435,msp,-2.633682,-2.453991082208798
4350,msp,0.11501998,0.312043652768354
4351,msp,-0.25615335,-0.1424287394450716
4352,msp,0.14921874,0.35477765113492504
4353,msp,0.37563306,0.6356304203568605
4354,msp,0.7259772,1.0692470257869007
4355,msp,0.5434053,0.8416641689249569
4356,msp,0.46862084,0.7470565152006019
4357,msp,0.4472696,0.722364574363423
4358,msp,-0.6840723,-0.6782406039149598
4359,msp,0.40845737,0.6743803277683709
436,msp,-1.604611,-1.1742499071724934
4360,msp,0.09376068,0.29184289835178756
4361,msp,-0.04760683,0.11649957827295672
4362,msp,0.39053816,0.641952165019566
4363,msp,0.37353772,0.6220088278207485
4364,msp,0.32806453,0.5669129708956313
4365,msp,0.8825283,0.016572967912611657
4366,msp,0.17844145,0.3709939858617075
4367,msp,0.1414804,0.3258298382949221
4368,msp,0.045729812,0.20799481068324852
4369,msp,-0.28161752,-0.19931428486768987
437,msp,-2.962801,-2.8491009587323664
4370,msp,-0.40768397,-0.3525688177636216
4371,msp,-0.35974982,-0.5121537350312351
4372,msp,-0.26095518,-0.3911355954007662
4373,msp,-2.98609,-3.0075936446349107
4374,msp,-0.3031638,-0.44219539420106574
4375,msp,-1.9622546,-3.085624101714715
4376,msp,-1.9517354,-3.0726190255347476
4377,msp,-0.3793373,-0.53637008378014
4378,msp,-3.3783467,-3.5379117143018046
4379,msp,0.44608936,-0.5418321896776116
438,msp,-2.5567832,-2.3589194908242086
4380,msp,0.4662206,-0.5175250956291348
4381,msp,0.41891012,-0.5742286702308947
4382,msp,0.4279784,-0.5630173976619574
4383,msp,0.43865302,-0.5516073642387046
4384,msp,0.40056947,-0.5962778786856344
4385,msp,0.040838204,-1.0456310652570928
4386,msp,-2.3260193,-3.5833209313274432
4387,msp,-2.1164706,-3.3266072711964902
4388,msp,-1.9736217,-3.1541289769441314
4389,msp,-1.4419335,-1.6224846804887019
439,msp,-1.7017474,-1.2914307495324604
4390,msp,-0.6445381,-0.6638805022031501
4391,msp,-0.7220717,-0.39730314498756986
4392,msp,-0.68660253,-0.35431912150025796
4393,msp,-4.6077824,-4.678771925511976
4394,msp,-4.641516,-4.7204778594684225
4395,msp,-4.4574885,-4.498475181710333
4396,msp,-4.641516,-4.7204778594684225
4397,msp,-7.688818,-2.7683199266082394
4398,msp,-3.3982813,-2.6021199449944854
4399,msp,-3.2203577,-2.6021199449944854
44,msp,-6.649764,-2.7402668870706264
440,msp,-2.6157157,-2.4300131041525934
4400,msp,-5.9530735,-5.7201152927950325
4401,msp,-4.8198476,-4.349927723157893
4402,msp,-1.4261258,-2.089177227280814
4403,msp,-1.8768293,-2.3684320726483397
4404,msp,-1.4315667,-2.095903990822176
4405,msp,-1.7504151,-2.093661736308389
4406,msp,-1.7471505,-2.0896256781835714
4407,msp,-2.6064336,-2.919378883842078
4408,msp,-2.545132,-2.8435906812760616
4409,msp,-2.7533104,-3.3882447886279325
441,msp,-1.7735063,-1.3779972605221342
4410,msp,-2.8078725,-3.162907204932527
4411,msp,-2.77244,-3.7285033479737404
4412,msp,-2.2461848,-2.6904307434928803
4413,msp,-2.241832,-2.6850493326597906
4414,msp,-2.4342597,-2.7010027750923062
4415,msp,-2.3553615,-2.8234298715451027
4416,msp,-2.369508,-2.840919456752645
4417,msp,-2.3107455,-2.7682704105059304
4418,msp,-2.3375876,-2.801455777309985
4419,msp,-2.6321375,-2.949452235512348
442,msp,-2.2841399,-2.018322755100584
4420,msp,-2.7549138,-3.097433373129933
4421,msp,0.5028595,1.0461678038717908
4422,msp,-0.059808414,0.35543549891814336
4423,msp,-0.056309313,0.5177713628453229
4424,msp,0.073137455,0.677288460520386
4425,msp,-0.17484537,0.21382344746074966
4426,msp,-0.19240773,0.1852628397299706
4427,msp,-0.2109873,0.32137705381972725
4428,msp,-2.484259,-3.547693566255936
4429,msp,-2.899041,-3.3406845524912496
443,msp,-1.9299558,-1.8070382427742506
4430,msp,-0.45206645,-0.7645063753146892
4431,msp,-0.40636235,-0.7080015615672447
4432,msp,-1.4261258,-2.089177227280814
4433,msp,-1.440635,-2.1071152633911137
4434,msp,0.24528076,-0.22638023591583883
4435,msp,0.023503212,-0.49625914471423654
4436,msp,0.29173338,-0.16205451036550997
4437,msp,-1.7830609,-2.1340223175565636
4438,msp,-0.96013355,-0.7881608103619704
4439,msp,-0.99096566,-0.8262791370963576
444,msp,-1.746594,-1.584360906510192
4440,msp,-1.7732671,-2.121914143182111
4441,msp,-0.25432628,-0.18484321958699398
4442,msp,-0.14134371,-0.048970256343861686
4443,msp,-0.4254453,-0.17014023785237598
4444,msp,-1.5366504,-1.969555021079038
4445,msp,-0.41099006,-0.9330981880030789
4446,msp,-1.7756754,-1.2105302950915016
4447,msp,-0.68827385,-0.7348492076377007
4448,msp,-1.030125,-1.1918610002078962
4449,msp,-0.53319186,-0.529639318686676
445,msp,-2.6634161,-2.4371701682693705
4450,msp,-1.6710243,-1.2564298141713917
4451,msp,-0.47225302,-0.45429956702341673
4452,msp,-0.37698627,-0.5557520443633728
4453,msp,-0.31822383,-0.4831029981166584
4454,msp,-0.931426,-0.771552640202466
4455,msp,-0.54408103,-0.7764856001327983
4456,msp,-1.6797298,-1.2671926358375716
4457,msp,-0.3559343,-0.5289646601807064
4458,msp,-0.36755526,-0.5440923208916778
4459,msp,-0.55351204,-0.7881453236044934
446,msp,-2.6137922,-2.3767518004928516
4460,msp,-0.93904334,-0.7809701091603733
4461,msp,-0.91742516,-1.2714895112807159
4462,msp,-1.7156402,-1.3115892752105636
4463,msp,-0.37443355,-0.5518356562213387
4464,msp,-0.3541206,-0.526722405666919
4465,msp,-0.573825,-0.8132585741589131
4466,msp,-0.9735028,-0.8235729449223355
4467,msp,-0.8830335,-1.2299793269422834
4468,msp,-1.7178166,-1.3142799806271086
4469,msp,-0.37080625,-0.5473511471937638
447,msp,-2.6547105,-2.426407346603191
4470,msp,-0.34867966,-0.5199956421255565
4471,msp,-0.56874675,-0.8069802615203081
4472,msp,-0.9702382,-0.8195368867975181
4473,msp,-1.0642693,-1.4508853591411914
4474,msp,-1.0635439,-1.4499884573356765
4475,msp,-1.060642,-1.4464008501136165
4476,msp,-1.7841018,-1.3997619562268369
4477,msp,-1.7859155,-1.4020042107406243
4478,msp,-1.7793864,-1.3939320944909894
4479,msp,-1.7746708,-1.388102232755142
448,msp,-2.637007,-2.405452658269331
4480,msp,-2.0502179,-1.666590243367547
4481,msp,-1.7760684,-1.5093592798089432
4482,msp,-1.183971,-1.809483259694455
4483,msp,-1.9787022,-2.8042235908253033
4484,msp,-0.7571772,-1.3335971356521255
4485,msp,-0.76150435,-1.3377412093316863
4486,msp,-2.0942974,-2.3344993519822927
4487,msp,-1.8850735,-1.637640678441976
4488,msp,-1.6389256,-1.726150825235595
4489,msp,-1.8266739,-1.565440083098019
449,msp,-2.67321,-2.4492783426438227
4490,msp,-1.9911144,-1.7632264121072034
4491,msp,-1.6605414,-1.368362566568724
4492,msp,-1.7601082,-1.4896274400876133
4493,msp,-2.0793107,-2.3484013299677753
4494,msp,-1.7142589,-1.851717078007694
4495,msp,-1.4733347,-1.5273217563636319
4496,msp,-0.8230104,-1.6266431453715244
4497,msp,-0.8307239,-1.6377743441695798
4498,msp,-0.8225393,-1.3734690095205704
4499,msp,-0.7590407,-1.337606052591426
45,msp,-7.350289,-2.6741729971555435
450,msp,-2.4702578,-2.4183352303535557
4500,msp,-0.7612171,-1.340296758007971
4501,msp,-0.76411897,-1.343884365230031
4502,msp,-1.8871028,-2.32947403457004
4503,msp,-2.6144948,-2.9994134154927954
4504,msp,-2.0690167,-2.3344069945003723
4505,msp,-1.8823874,-2.3236441728341926
4506,msp,-1.8910929,-2.3344069945003723
4507,msp,-1.8925439,-2.3362007981114026
4508,msp,-1.8867402,-2.3290255836672826
4509,msp,-1.8889165,-2.3317162890838277
451,msp,-2.471346,-2.419680583061828
4510,msp,-2.6703553,-3.06847485451745
4511,msp,-1.6973326,-2.5049443479574163
4512,msp,-0.70295703,-1.2703732186557073
4513,msp,-0.63225645,-1.1853659660454918
4514,msp,-0.5592259,-1.097265318643431
4515,msp,-0.3597115,-0.8562000632964176
4516,msp,-1.6274172,-1.8168664836303468
4517,msp,-1.6274172,-1.8168664836303468
4518,msp,-1.684316,-1.8855066129377602
4519,msp,-0.88325554,-1.5772941468938333
452,msp,-2.3208182,-2.457350458893458
4520,msp,-1.5871797,-1.7683257705777937
4521,msp,-1.5871797,-1.7683257705777937
4522,msp,-1.5871797,-1.7683257705777937
4523,msp,-1.8231901,-1.9558380569933813
4524,msp,-1.8054162,-1.9338639627582639
4525,msp,-1.0298932,-0.9833921895881933
4526,msp,-0.9658867,-0.9052104462655195
4527,msp,-0.18022604,-0.5944168800726819
4528,msp,-1.099432,-1.7616176304966304
4529,msp,-1.2488055,-1.384734171388888
453,msp,-2.2795372,-2.4072464618803613
4530,msp,-0.21192656,-0.6368544124805613
4531,msp,-0.6861613,-0.6169605917851863
4532,msp,-0.7023985,-0.6359831632854315
4533,msp,-0.3893465,-0.25449782672163446
4534,msp,-0.38125902,-0.2432632345583443
4535,msp,-0.3330158,-0.1836192644915974
4536,msp,0.19287923,-0.09240264127456269
4537,msp,-1.9408497,-2.169365065999134
4538,msp,0.02843609,0.04534770068995451
4539,msp,0.103907205,0.14554949846088314
454,msp,-2.3237202,-2.460938066115518
4540,msp,0.51706004,0.09781155082122461
4541,msp,-0.60472214,-1.054466847301667
4542,msp,-1.6747321,-0.8872206835334532
4543,msp,-1.5243447,-0.7045939511547529
4544,msp,-4.3661456,-4.413204494621822
4545,msp,-4.3661456,-4.413204494621822
4546,msp,-6.6631093,-2.5868369031934164
4547,msp,-6.6920495,-2.6217488104310935
4548,msp,-6.0879655,-1.8038756563236604
4549,msp,-7.1280103,-3.0945507605414373
455,msp,-2.263577,-2.3875146221590313
4550,msp,-1.654228,-2.5070329768503306
4551,msp,-1.9228153,-1.198549061419999
4552,msp,-2.100739,-1.198549061419999
4553,msp,-1.6280446,-2.4754466011757503
4554,msp,-2.098037,-1.1943982645845084
4555,msp,-1.7681614,-2.6444769894390765
4556,msp,-1.7681614,-2.6444769894390765
4557,msp,-1.7681614,-2.6444769894390765
4558,msp,-2.3536913,-2.03061036510707
4559,msp,-1.7681614,-2.6444769894390765
456,msp,-2.3798356,-2.437618619172128
4560,msp,-1.7681614,-2.6444769894390765
4561,msp,-1.7992861,-2.6820243611749635
4562,msp,-1.7790433,-2.6579305165218017
4563,msp,-1.810168,-2.695477888257688
4564,msp,-1.8425136,-2.7344980763488507
4565,msp,-2.3938785,-1.9982659775105531
4566,msp,-1.9047498,-2.8093812610757687
4567,msp,-3.1249025,-3.094114048520658
4568,msp,-1.9479387,-2.8616778698714422
4569,msp,-2.4598901,-2.077899448134633
457,msp,-2.3838255,-2.4425515791024606
4570,msp,-2.4443443,-2.084510358934328
4571,msp,-2.5098145,-2.1636208475940126
4572,msp,-2.3938785,-1.9982659775105531
4573,msp,-2.5042653,-2.1749006309523256
4574,msp,-2.2387714,-1.821724377760902
4575,msp,-2.1580708,-1.7118639568205056
4576,msp,-2.1624234,-1.7172453676535957
4577,msp,-0.7962643,-0.09134787853688923
4578,msp,-0.8411087,-0.14514165252004058
4579,msp,-2.3342202,-1.9516616767617097
458,msp,-2.2059019,-2.4425515791024606
4580,msp,-3.121037,-4.223727843221959
4581,msp,-0.80374736,-0.09895120953601856
4582,msp,-2.8837836,-3.9375166125986656
4583,msp,-1.7938309,-2.5632940803909228
4584,msp,-0.635946,0.10316133157892225
4585,msp,-2.2798114,-3.18200679729363
4586,msp,-1.5378158,-1.2855644685089798
4587,msp,-1.6490525,-1.420287828661854
4588,msp,-1.1671025,-1.8255140097706541
4589,msp,-1.6080307,-2.3924565092513137
459,msp,-2.1924808,-2.425958895700433
4590,msp,-2.0046732,-1.9053123571502406
4591,msp,-1.9587281,-1.8513101594937156
4592,msp,-1.6990762,-2.505017685843445
4593,msp,-2.9129243,-2.6863374793101515
4594,msp,-1.7976966,-2.6241952210524424
4595,msp,-1.9982632,-1.601208139763875
4596,msp,-1.226273,-1.8605143051268893
4597,msp,-1.226273,-1.8605143051268893
4598,msp,-4.4439726,-4.843921269701429
4599,msp,-0.3606688,-0.8154060829889983
46,msp,-7.639628,-3.3667191452955727
460,msp,-2.3349648,-2.474840044101
4600,msp,0.36649102,0.07114209039789252
4601,msp,-1.3906054,-2.103604221288716
4602,msp,-0.5213285,-1.0231853272867975
4603,msp,-2.0562232,-1.6543314254953574
4604,msp,-1.726398,-1.2507612150898606
4605,msp,-1.6339016,-1.136406234886699
4606,msp,-1.2406397,-0.6116464579847941
4607,msp,-1.2656628,-0.6406049765972771
4608,msp,-1.5577416,-1.0430087771303567
4609,msp,-1.3691834,-0.8120410754527689
461,msp,-2.3411312,-2.482463709447878
4610,msp,-0.93330646,-0.23438338216878238
4611,msp,-1.0781308,-0.4087558598716518
4612,msp,-0.7818475,-0.04346412374230691
4613,msp,-0.64028734,0.1254487199765367
4614,msp,-0.39696884,0.399665812052383
4615,msp,-0.5163455,0.2535467325714053
4616,msp,-0.5075414,0.28880451856304873
4617,msp,-0.28328222,0.3353322462681038
4618,msp,-0.7646365,-0.02585371238654656
4619,msp,-0.5769112,0.19955495730657216
462,msp,-2.2777236,-2.4050042073665736
4620,msp,-0.73693407,-0.23757976428369523
4621,msp,-0.70396304,-0.19734857664724223
4622,msp,-0.83019346,-0.35340949080685086
4623,msp,-0.74468064,-0.2487182785169904
4624,msp,-0.6564869,0.09990649941248801
4625,msp,0.5297743,1.61706946321422
4626,msp,0.4809636,1.554914875996352
4627,msp,0.5446469,1.6384457365560592
4628,msp,0.43693087,1.4989952163260563
4629,msp,0.5176199,1.3865155813700674
463,msp,-2.257048,-2.379442505909396
4630,msp,-0.032500375,0.9164511655207666
4631,msp,0.04672991,1.0174892035706615
4632,msp,0.25754026,1.2832876632648267
4633,msp,0.36340907,1.4137527757361499
4634,msp,1.8579174,1.542906213375584
4635,msp,1.9060011,1.598292559353938
4636,msp,-0.4056333,0.2409497045927466
4637,msp,-1.2525692,-0.6062054304113952
4638,msp,1.904072,1.5995305257904657
4639,msp,-2.0007458,-2.7675027517411865
464,msp,-2.1924808,-2.425958895700433
4640,msp,-3.9707713,-3.3422875660355253
4641,msp,-3.9718595,-3.343632918743798
4642,msp,-3.5655735,-2.848443567435512
4643,msp,-3.1838968,-2.600786830738325
4644,msp,-3.1273108,-2.530828489908156
4645,msp,-3.9642422,-3.3342154497858902
4646,msp,-2.109426,-2.3963855765628272
4647,msp,-2.8399448,-3.068923305420207
4648,msp,1.15511,0.6666473376255222
4649,msp,1.6224265,1.2508974125030456
465,msp,-2.196471,-2.4308918556307657
4650,msp,1.4662557,1.0582502861621679
4651,msp,1.3508075,0.6886214318606395
4652,msp,1.0024077,0.47557585792917195
4653,msp,1.2956798,0.6181832450060558
4654,msp,1.3613267,0.7016265080406069
4655,msp,1.6767128,1.3167662082012808
4656,msp,0.07571331,-0.9666381552231633
4657,msp,-5.3322573,-4.90233518648948
4658,msp,-4.7238984,-5.206484453223072
4659,msp,-1.4407336,-1.2577185846907943
466,msp,-0.5610019,-0.3161423500334514
4660,msp,-1.152137,-0.9059824334311799
4661,msp,-3.1055672,-3.1935552513905203
4662,msp,-2.1604192,-2.0170874455704664
4663,msp,-2.1013782,-1.9452435729303446
4664,msp,-1.9006988,-1.8593407433545712
4665,msp,-1.9798633,-1.7950125205065834
4666,msp,-1.8329483,-1.5889927504330232
4667,msp,-1.7430588,-1.4788695779726937
4668,msp,-1.4873052,-1.167992610561279
4669,msp,-1.4579239,-1.131668087437922
467,msp,-0.48007202,-0.3077007168266911
4670,msp,-1.3257962,-1.0023572374647283
4671,msp,-1.0172409,-0.5918750005640502
4672,msp,-1.0303855,-0.6100038279702451
4673,msp,-1.2569797,-0.8869323762132708
4674,msp,-0.6162735,-0.7812136390096336
4675,msp,-0.59228206,-0.7521627641443713
4676,msp,-1.2771859,-0.9125906922093873
4677,msp,-1.2588197,-0.8905433018005425
4678,msp,-1.0426525,-0.7878480450690759
4679,msp,-0.5433134,-0.6916218922721095
468,msp,-0.5653367,-0.3221977718685256
4680,msp,-1.1680038,-0.7776069704793809
4681,msp,-0.56827825,-0.1016271012921142
4682,msp,-1.0831815,-0.2154450959309033
4683,msp,-0.61593884,-0.16523660092647366
4684,msp,-0.96157485,-0.07304334854285995
4685,msp,-0.004801677,0.5726845249291013
4686,msp,0.0630047,0.6560155184727693
4687,msp,-0.022575498,0.5507104306939838
4688,msp,-0.07217795,0.4904158577771156
4689,msp,-0.11639362,0.43628269215518023
469,msp,-0.50836504,-0.3426798872417758
4690,msp,-0.17699352,0.36246044002714645
4691,msp,-0.021124573,0.5525042343050139
4692,msp,-0.17296925,0.36688036204131624
4693,msp,-0.1301774,0.4192415578503954
4694,msp,0.11327136,0.4986901259741143
4695,msp,0.08642927,0.4655047591700596
4696,msp,0.057773516,0.43007713785221746
4697,msp,-0.09595571,0.46619330638241485
4698,msp,-1.2178615,-0.5652652249340178
4699,msp,-0.7381841,-0.7986554439859302
47,msp,-1.561492,-1.9429589074121767
470,msp,-0.47723913,-0.3038267716129457
4700,msp,-0.6538792,-0.5336160009049898
4701,msp,-0.6958663,-0.7491377553569801
4702,msp,-1.1573269,-0.6030318969741894
4703,msp,-2.0017269,-1.6579726646292858
4704,msp,-1.2589757,-0.7298517742556382
4705,msp,-1.3217282,-0.807433780432685
4706,msp,-2.4319477,-2.180775181841783
4707,msp,-4.4248624,-3.7154997628064295
4708,msp,-3.1128068,-2.3510644384576076
4709,msp,-3.1672165,-2.418332073871232
471,msp,-0.613857,-0.38113247371418757
4710,msp,-3.171932,-2.424161935607079
4711,msp,-3.1189733,-2.358688103804485
4712,msp,-3.6633682,-2.805705574933289
4713,msp,-3.1683047,-2.4196774265795042
4714,msp,-3.1984112,-2.4568988515083765
4715,msp,-3.658431,-2.7933913213527393
4716,msp,-3.6736658,-2.812226259268554
4717,msp,-3.2274299,-2.4927749237289762
4718,msp,-3.229969,-2.4959140800482786
4719,msp,-1.5831019,-1.0614637397837587
472,msp,-0.47278196,-0.29793899279476044
4720,msp,-2.3567188,-1.3525595700158122
4721,msp,-2.3654242,-1.363322391681992
4722,msp,-2.285637,-1.2654404248980746
4723,msp,-2.3287883,-1.318028850503485
4724,msp,-5.558741,-0.6106095935571735
4725,msp,-5.691785,-0.7742269098862518
4726,msp,-5.815163,-1.4674430748926133
4727,msp,-5.9404683,-1.6231702768601377
4728,msp,-5.454586,-0.7034592647757232
4729,msp,-5.768008,-1.4091444575341388
473,msp,-0.49744767,-0.32843365418227016
4730,msp,-5.917091,-1.5934577785674697
4731,msp,-5.8561807,-1.5173155294616205
4732,msp,-6.036458,-1.740195628132096
4733,msp,-6.6885486,-2.5283908671678907
4734,msp,-6.6885486,-2.5283908671678907
4735,msp,-6.6885486,-2.5283908671678907
4736,msp,-7.6996536,-3.7841540641479905
4737,msp,-6.598954,-2.417623494186789
4738,msp,-7.32481,-2.8461049962209417
4739,msp,-7.32481,-2.8461049962209417
474,msp,-0.49283656,-0.3231101604315181
4740,msp,-7.1500673,-2.546169292958526
4741,msp,-7.1500673,-2.546169292958526
4742,msp,-7.1500673,-2.546169292958526
4743,msp,-0.52216065,0.48961927786789117
4744,msp,-1.3457333,-0.524769003877176
4745,msp,-0.5805603,0.41741868252393427
4746,msp,-0.5907952,0.4038978922638018
4747,msp,-0.6009517,0.39134126698659183
4748,msp,-1.4774046,-0.6875566815781471
4749,msp,-1.4410204,-0.6477284084335863
475,msp,-0.45430297,-0.274320740229873
4750,msp,-1.463794,-0.6750166503243858
4751,msp,-4.7182765,-4.164635797912825
4752,msp,-1.455196,-1.440920743822722
4753,msp,-1.5562873,-1.7680751302440774
4754,msp,-1.1614778,-1.3098981588571899
4755,msp,-1.144473,-1.2893842925791335
4756,msp,-1.232642,-1.166262401071515
4757,msp,-1.4034346,-1.3837163338308687
4758,msp,-1.3247988,-1.2870929403692883
4759,msp,-1.1979119,-1.3736337716958151
476,msp,-0.56566435,-0.4099553327803053
4760,msp,-1.4045742,-1.3845148018224087
4761,msp,-1.7073526,-1.7790827576713242
4762,msp,-2.1785564,-2.369226215150532
4763,msp,-2.0840678,-2.254239654270248
4764,msp,-1.545267,-1.8332672507798733
4765,msp,-1.6185386,-1.9238543331368874
4766,msp,-1.3213302,-1.5575335496980682
4767,msp,-1.6543173,-1.9692114784294497
4768,msp,-1.4665313,-1.5040878184990436
4769,msp,-1.8516772,-2.212655731613365
477,msp,-0.57255626,-0.41847589993269785
4770,msp,-2.128857,-2.3058038477949707
4771,msp,-1.7345287,-2.0694529831696404
4772,msp,-1.6809489,-1.7696856281802695
4773,msp,-1.5688523,-1.8656541213703737
4774,msp,-1.6954145,-1.7870603381390235
4775,msp,-1.6617241,-1.7459177303341222
4776,msp,-2.028209,-2.176865218311955
4777,msp,-1.4814032,-1.522474305512101
4778,msp,-1.1867466,-1.3951891704893151
4779,msp,-1.084651,-1.0348730174744423
478,msp,-0.58594877,-0.435871080777315
4780,msp,-1.4435805,-1.4537610406905843
4781,msp,-1.4737386,-1.7382942311599445
4782,msp,0.40992063,0.6020697138158745
4783,msp,0.37222287,0.3225378909338715
4784,msp,-0.66782963,-0.48080910069614763
4785,msp,-1.9200448,-2.321957452615427
4786,msp,-1.5574181,-1.847708424967685
4787,msp,0.1396147,0.03552833026972401
4788,msp,0.49108067,0.7013795152726449
4789,msp,-2.091588,-2.519193060115907
479,msp,-0.032518752,-0.4395734267100477
4790,msp,-0.7633177,-0.48440482395179174
4791,msp,-1.1576649,-0.9586956664438753
4792,msp,-2.0459666,-2.056046374100771
4793,msp,-1.8602347,-1.834292403491774
4794,msp,-2.5916371,-3.1426345618005
4795,msp,-2.0116205,-2.3932672605901595
4796,msp,-1.5838983,-1.4870943827067433
4797,msp,-1.7841171,-1.7309331921258795
4798,msp,-2.1681478,-2.1972423599336075
4799,msp,-1.712932,-1.6368148945120007
48,msp,-1.0849226,-1.644472808372825
480,msp,0.06807986,-0.31711818578459855
4800,msp,-1.684858,-1.9296331310839077
4801,msp,-1.0262018,-1.1190653489244202
4802,msp,-1.6530473,-1.8926604133041272
4803,msp,-1.1752044,-1.301825913203424
4804,msp,-1.3018867,-1.4534863862419913
4805,msp,-1.2779464,-1.4238886266599966
4806,msp,-1.0530455,-1.1439377187948365
4807,msp,-0.64659566,-0.6459419862228728
4808,msp,-1.1743798,-1.305935988999585
4809,msp,-1.0234135,-1.1183610075512085
481,msp,-0.6068354,-0.24292917703684816
4810,msp,-1.3223039,-1.4878845514233854
4811,msp,-1.1526083,-1.2771175866786224
4812,msp,-1.2903163,-1.444209510546631
4813,msp,-1.2562196,-1.4020551256874263
4814,msp,-1.402341,-1.5922845894114044
4815,msp,-2.8251877,-3.4213572838171764
4816,msp,-4.0669107,-3.9721324955717416
4817,msp,-3.2624266,-3.0032709324864695
4818,msp,-2.4186432,-2.8795855698846857
4819,msp,-3.24828,-2.985781347278927
482,msp,-0.46076813,-0.9174875698673151
4820,msp,-2.4063103,-2.8643382391909307
4821,msp,-4.2716656,-4.312153922109045
4822,msp,-3.8554685,-3.7522380928601557
4823,msp,-4.6757827,-4.854779909904056
4824,msp,-4.647609,-4.689440419654364
4825,msp,-4.3632765,-4.347934571251638
4826,msp,-3.1209614,-2.828375080411046
4827,msp,-3.772535,-3.5456899355633094
4828,msp,-3.5311162,-3.32469906358187
4829,msp,-2.2917378,-2.734622465495148
483,msp,-0.40785182,0.11580731327154588
4830,msp,-3.8766665,-3.7407394900412627
4831,msp,-3.7172108,-3.546901485093625
4832,msp,-3.8425698,-3.698585105182058
4833,msp,-2.156802,-2.5677987296693594
4834,msp,-3.1948993,-2.918287504262091
4835,msp,-2.595959,-3.0985663457932255
4836,msp,-2.849233,-3.4304256479895505
4837,msp,-3.0720232,-3.724693223855609
4838,msp,-1.4280566,-1.8876538732446537
4839,msp,-1.3312074,-1.7679174822084023
484,msp,-0.38756445,0.1396832266724366
4840,msp,-4.0383587,-3.9971760694228897
4841,msp,-4.757609,-4.870924142403326
4842,msp,-4.713869,-4.901867254693593
4843,msp,-2.486871,-2.9744566119111235
4844,msp,-3.6432002,-3.463270392533936
4845,msp,-3.1618907,-2.8774784721111586
4846,msp,-2.5238101,-3.0186270436809037
4847,msp,-4.781549,-4.900521901985321
4848,msp,-3.6432002,-3.463270392533936
4849,msp,-3.7160654,-3.413687240091935
485,msp,0.14547023,0.019275630468011486
4850,msp,-2.7573829,-2.243254265079687
4851,msp,-2.612174,-2.076675492045172
4852,msp,-2.711761,-2.197193109039807
4853,msp,-2.475534,-1.9101004633684757
4854,msp,-2.2133954,-1.546368951400497
4855,msp,-1.7220803,-0.9862566360374282
4856,msp,-2.83927,-1.386344233750993
4857,msp,-2.5971878,-1.1034914717037618
4858,msp,-2.8922756,-1.4549667670865678
4859,msp,-1.5567471,-0.9731406392113472
486,msp,0.11327286,-0.019304913052493898
4860,msp,-0.82064617,-0.983006559072012
4861,msp,-2.663155,-2.1371006880703023
4862,msp,-1.7609947,-1.0025922649610117
4863,msp,-3.2061718,-1.8688429803147861
4864,msp,-3.0553374,-1.684514172523978
4865,msp,-0.79344136,-0.9493727413651997
4866,msp,-0.8010587,-0.9587902103231073
4867,msp,-2.9879234,-1.5593740275804644
4868,msp,-2.5228271,-0.9999015595444668
4869,msp,-2.8080752,-1.3477774561138485
487,msp,-1.1136569,-1.541896397173304
4870,msp,-2.5763593,-1.096154248398532
4871,msp,-2.6095207,-1.1187388023975167
4872,msp,-3.088647,-1.7235448878213573
4873,msp,-3.1757023,-1.8311731044831565
488,msp,-1.0759329,-1.4952575032865245
489,msp,-0.96605784,-1.3621877877226065
49,msp,-0.88891035,-0.45439829728890574
490,msp,-0.99143547,-1.3928021190928996
491,msp,-1.1765573,-1.6188090903716392
492,msp,-3.3218,-3.7994788980101055
493,msp,-4.2798076,-4.131049434098288
494,msp,0.5583041,0.5263191163799031
495,msp,1.003405,0.8535421415605453
496,msp,-0.000838781,0.18805419200875623
497,msp,0.4166841,0.3454597602266801
498,msp,0.6838829,0.6913485446778608
499,msp,0.32870626,0.3444703043770873
5,msp,-6.2826576,-6.045421907447872
50,msp,-4.256913,-4.338217980165382
500,msp,0.051382586,0.24431810884825939
501,msp,0.27470797,0.27813367100008624
502,msp,0.02469913,0.2119545296300974
503,msp,-0.53682727,0.03523810080247283
504,msp,-0.5802055,-0.7813228484503933
505,msp,-0.58056825,-0.7817712993531508
506,msp,-0.8547901,-0.3719389134688194
507,msp,-0.9320518,-1.006435151399466
508,msp,-1.5016348,-0.6476179981509171
509,msp,-1.5383774,-0.6923664738877277
51,msp,-2.345569,-1.6254186458102156
510,msp,-1.4502338,-0.5833929045176561
511,msp,-1.4828975,-0.6230794747638471
512,msp,-1.5634116,-1.4777574456560358
513,msp,-1.2700703,-1.2129561825179704
514,msp,-1.5071826,-1.1927758918938831
515,msp,-1.1391298,-1.0530500003002987
516,msp,-1.4544798,-1.128295576435743
517,msp,-1.0600275,-1.1758504334362303
518,msp,-1.4153312,-1.6088198479718978
519,msp,-1.1563554,-1.2943165859838315
52,msp,-2.237242,-1.4946512450655642
520,msp,-1.1592572,-1.2979041932058915
521,msp,-1.1208076,-1.2503683975135969
522,msp,-1.4738293,-1.15084439783821
523,msp,-1.4676628,-1.1432207324913326
524,msp,-1.1101112,-1.017173928079699
525,msp,-2.0599785,-1.9418972418507296
526,msp,0.44630224,0.1745398307006229
527,msp,0.46202567,0.06780851584433888
528,msp,-0.42612416,-0.7942740882995759
529,msp,-0.9310477,-1.4082864357961196
53,msp,-4.8251405,-5.023785225647116
530,msp,-0.41418037,-0.7808438795820628
531,msp,-0.38207456,-0.9611211424905762
532,msp,-0.5242651,-1.1369138963715149
533,msp,-0.41900322,-0.4164801754367549
534,msp,-0.8835322,-1.37296744804672
535,msp,-0.95441526,-1.0955490270460793
536,msp,-0.92770344,-1.4433118896044574
537,msp,-0.9755341,-1.5007407463429343
538,msp,-0.5328567,-0.5731917656955348
539,msp,-0.35617077,-0.3581657469297417
54,msp,-5.39812,-5.657860772801385
540,msp,-0.19238876,-0.17035734970910082
541,msp,-1.3341224,-1.5883572001706525
542,msp,-0.6883565,-1.0049701773344315
543,msp,-0.9860345,-1.03540846506548
544,msp,-0.41407415,-0.4389895980508884
545,msp,-0.91201234,-1.2143003341633163
546,msp,-0.63457716,-0.9246377724023888
547,msp,-0.8772242,-1.1720074757641705
548,msp,0.5691376,0.7892901494321665
549,msp,-0.27131838,0.28271588205779447
55,msp,-4.5411983,-4.215437646505766
550,msp,-0.14360303,0.4413290280940068
551,msp,-0.57749075,-0.6560442663802974
552,msp,-1.4312046,-1.0282382101726204
553,msp,-0.5128936,-0.5835570490531318
554,msp,-0.66303045,-0.8143925338281264
555,msp,-0.35079902,-0.593183365739458
556,msp,-0.20995294,-0.4215015913436802
557,msp,-0.53135943,-0.8099813209742788
558,msp,-0.46830106,-0.5323712665489369
559,msp,0.03796762,0.10484961203636803
56,msp,-4.676524,-4.375634173454203
560,msp,0.09886731,0.1853857139883344
561,msp,-1.2004452,-1.2828915739164077
562,msp,-1.1910142,-1.2712318504447129
563,msp,0.29595447,0.20365086936335067
564,msp,-0.31504238,-0.17421838418890803
565,msp,0.14442657,0.01235284943103325
566,msp,0.11708447,-0.021055271638437748
567,msp,1.2342103,1.379994555484555
568,msp,0.892783,0.934104427913791
569,msp,-0.5260838,-0.5847530490983188
57,msp,-2.4451017,-1.8774695589092962
570,msp,-0.27131808,-0.12059103770285422
571,msp,-1.4017783,-1.4572433987182585
572,msp,-1.6152554,-1.7166632510232336
573,msp,0.66149366,0.6692163442707512
574,msp,1.2217654,1.5927937096372964
575,msp,-0.48428404,-0.5320234761573647
576,msp,1.5044128,1.7103235908556425
577,msp,1.5799286,1.8046940300527312
578,msp,-0.3513407,-0.3614039040368574
579,msp,1.3260543,1.6987134208212002
58,msp,-1.6456423,-0.8795579707223676
580,msp,0.3938705,0.32208793829662175
581,msp,0.34210983,0.2471394245939024
582,msp,-1.370405,-1.635349705648245
583,msp,0.118779324,0.21147178116623502
584,msp,-1.0914086,-1.4864896635719191
585,msp,-1.3569998,-1.6197652564061569
586,msp,1.2049602,1.295944118374923
587,msp,2.0187843,1.1383044968241653
588,msp,0.0866796,-0.07108623823011263
589,msp,0.22931394,0.11312929850475695
59,msp,-2.3572779,-1.1455903722439433
590,msp,-1.4515853,-1.739788932992726
591,msp,-0.3305739,-0.3611321841743542
592,msp,0.96042824,1.237705689080616
593,msp,-0.025680296,0.013339977700978384
594,msp,-1.475667,-1.620123496307721
595,msp,-1.4757422,-1.7663547512118176
596,msp,-0.45484373,-0.49848337985726526
597,msp,-0.025436541,-0.01272019959987172
598,msp,-1.4531776,-1.5923195403367563
599,msp,-0.32985967,-0.32752793393176577
6,msp,-3.8080397,-3.302070723487291
60,msp,-2.5734818,-2.0331891005844316
600,msp,0.20272893,0.3016860817089599
601,msp,1.1641822,1.4983494974750522
602,msp,-1.1914707,-0.6489217375708672
603,msp,-0.54851586,-0.6094307261304084
604,msp,0.39092442,0.5322053324837898
605,msp,-0.42919055,-0.47848642755432924
606,msp,0.519044,0.6935125007362279
607,msp,-0.9214713,-0.8756305890763193
608,msp,-1.7664596,-1.555637332512172
609,msp,0.9534785,1.2462990521018291
61,msp,-4.0834656,-3.748249692589274
610,msp,-0.5322351,-0.6184413368570914
611,msp,-0.77040154,-1.0650649593656085
612,msp,0.8078899,-0.33040046492314623
613,msp,0.6893626,-0.47588619100100543
614,msp,0.67850953,0.9122415657367039
615,msp,-0.39498964,-0.8245744493393725
616,msp,-1.6218396,-1.3791963839748105
617,msp,0.5675131,-0.6362094931226092
618,msp,-0.90408903,-1.0415622309089303
619,msp,0.58891493,0.8014741927556024
62,msp,-3.972107,-3.6105752654427223
620,msp,0.8305252,-0.29911611668652094
621,msp,0.7975178,1.0542423957388376
622,msp,-0.7129722,-0.8080297154967715
623,msp,-0.7394516,-0.8407666313980686
624,msp,-0.40837562,-0.6028817477761286
625,msp,1.0578735,-0.019191025166920967
626,msp,0.684913,-0.47391722191027125
627,msp,0.82481307,0.8741182794510567
63,msp,-6.127437,-6.503076539664789
634,msp,1.1539806,1.4906969624969297
638,msp,0.6513706,-0.5178531658191045
639,msp,0.32952803,0.47644282050562725
64,msp,-2.6639788,-2.0166525701803972
640,msp,-0.7581716,-1.0298264880943935
641,msp,-0.6711162,-0.9221982714325944
642,msp,-0.08016304,-0.4041357110354096
643,msp,0.61591285,0.8242065635173706
644,msp,1.2636714,0.24852927010434947
645,msp,0.5019254,-0.7026149377551929
646,msp,0.88352925,-0.22144727598550645
647,msp,0.8827961,-0.22425552594653397
648,msp,0.014107587,-0.06431714170162715
649,msp,0.0660037,0.0010486745462237783
65,msp,-2.475855,-1.8044151367689265
650,msp,-0.74757326,-1.0049714022927778
651,msp,0.71103185,-0.4383766867719167
652,msp,-0.5792661,-0.2579139877699995
653,msp,-1.1161724,-1.4649456383452215
654,msp,-0.97096467,-1.2890454981925372
655,msp,0.042501938,0.2886436574962347
656,msp,0.07030251,0.319854957828722
658,msp,-1.1140299,-1.4792789343719195
659,msp,-0.8873516,-1.1981946227058946
66,msp,-1.9530941,-2.498986632219441
660,msp,0.3578265,0.1335492610784393
661,msp,-0.7373692,-0.805814054178522
662,msp,-0.49827033,-0.10023923238656701
663,msp,0.10331335,0.6549377916389052
664,msp,0.38639155,0.675859346204247
665,msp,-0.65148026,-0.8422786945874637
666,msp,0.34527507,-0.5932676174088355
667,msp,0.23435783,-0.7295294286697066
668,msp,-0.03625446,-1.2731438171834142
669,msp,0.868768,-0.1358640951450377
67,msp,-1.8512261,-2.374543488856069
670,msp,0.5728636,-0.5005464072858045
671,msp,0.5838922,0.6904930802760145
672,msp,-0.01896143,-0.0528477264291599
673,msp,-1.8248119,-2.074652265538751
674,msp,2.3144643,1.962128014703991
675,msp,1.5344912,0.6240596859102222
676,msp,2.2157073,1.8421036398396198
677,msp,1.7497658,0.6696941181779389
678,msp,1.7526675,0.6732817253999988
68,msp,-0.6023754,-0.8300726573518152
680,msp,2.5464382,2.2735196797005615
681,msp,2.7172074,2.485060001208066
682,msp,2.7153864,2.6803325499428325
683,msp,2.2632802,1.3684728945629996
684,msp,2.6138477,2.3603685441179576
685,msp,2.9097812,2.9169420481573773
686,msp,1.7843702,0.9446555370488038
687,msp,1.9655925,1.1712407380635073
688,msp,2.2982895,1.4073075332709473
689,msp,1.5164193,0.6146189922136394
69,msp,-0.07387629,-0.1766796920341436
690,msp,1.4233096,0.5008066384410506
691,msp,1.6753763,0.8160290808782489
692,msp,1.9164288,1.1215703835103439
693,msp,1.2111768,0.2437256551888018
694,msp,2.7549639,2.512315525259228
695,msp,2.6615465,2.4020069489929052
696,msp,2.7772167,2.775622247890758
697,msp,1.1977824,0.004385350849089976
698,msp,2.3740742,2.2806746617256564
699,msp,1.5920689,0.7196911114622198
7,msp,-3.5355575,-3.3589943089957672
70,msp,-1.5062762,-1.9457930306982465
700,msp,1.4404473,0.5322386341095864
701,msp,2.329772,1.6619309509578937
702,msp,1.1068741,0.1173781764583198
703,msp,2.336217,2.2328995212496605
704,msp,2.2306046,2.104052533506414
705,msp,2.2077162,2.0622829828583598
706,msp,2.1568148,2.0146120430033565
707,msp,2.284577,2.165566269691426
708,msp,2.4311788,2.1245423771919723
709,msp,1.7469983,0.7095346962998379
71,msp,-1.5530154,-2.0051225183006545
710,msp,2.490193,1.6365373976211413
711,msp,2.3325698,2.009891190829355
712,msp,2.4870129,2.1906808793777275
713,msp,1.9087185,0.9147260291051581
714,msp,2.715577,1.9027742957938387
715,msp,1.8943211,1.4554381661278957
716,msp,1.4239993,1.0456050421923668
717,msp,1.9944099,1.5761330317869664
718,msp,1.2897298,0.8768985197240196
719,msp,2.4610598,1.5890385533029234
72,msp,-1.6701775,-2.149972159891326
720,msp,1.3361024,1.1563065198626465
721,msp,1.1758405,0.9515648145087384
722,msp,1.298874,0.8815572028068213
724,msp,0.8079348,0.8650926810395196
725,msp,1.5710186,0.04442956631232396
726,msp,2.1147175,1.0944418836444951
727,msp,2.0004246,0.5728792078944615
728,msp,1.5797527,0.05438989053591385
729,msp,1.7662108,0.5040714072910095
73,msp,-1.4565961,-1.8900459396012554
730,msp,2.3459082,1.2192166287507968
731,msp,0.29519525,0.4512793851699295
732,msp,0.26944134,0.4194393710741472
733,msp,2.4809031,1.188748705418881
734,msp,2.4605742,1.1622030155969039
735,msp,2.3195786,0.9872105489825415
736,msp,2.5317762,1.2495543270956766
737,msp,2.3667336,1.0455091663410159
738,msp,2.4013355,1.0982938487593412
739,msp,2.2331839,0.8886175871231488
74,msp,-0.35605544,-0.5243371572259465
740,msp,2.1218252,0.7509431599765974
741,msp,1.9789948,0.5807748086912671
742,msp,1.8250098,0.6017569027217841
743,msp,1.7551925,0.5206790248507285
744,msp,2.585296,1.3279335560132655
745,msp,2.866121,1.4635805098010655
746,msp,2.8915334,1.4943561503897902
747,msp,3.1589224,1.829956828550673
748,msp,3.077308,1.7290553754302367
749,msp,3.180456,1.8549253543127835
75,msp,0.25403255,0.22871992405863276
750,msp,3.1313064,1.7946228552426755
751,msp,3.1160717,1.7757879173268607
752,msp,3.0185065,1.6559950204211549
753,msp,2.9295998,1.5455467047310891
754,msp,2.5547493,1.294858706606977
755,msp,2.513302,1.2336426331934052
756,msp,0.38128638,-0.20441858029516052
757,msp,0.34244013,-0.2531612551557864
758,msp,0.4958228,-0.2848749929869763
759,msp,0.36260703,-0.23152839686702714
76,msp,-0.08294457,-0.187890964603081
760,msp,0.3268606,-0.2731186549763423
761,msp,0.5156399,-0.26103379896710166
762,msp,0.38137704,-0.20639608500441453
763,msp,0.5951688,0.055381747083795375
764,msp,0.61180323,0.07655737332737264
765,msp,1.0745312,0.3808446589822703
766,msp,1.1858896,0.5185190861288217
767,msp,0.4121905,0.808940792981872
768,msp,1.2143463,1.3118866136184055
769,msp,0.38643658,0.7771007788860899
77,msp,0.09316099,0.029250017631118994
770,msp,1.1294141,0.6694522278765427
771,msp,1.1577071,0.7044313982916273
772,msp,1.1812847,0.7335807069708645
773,msp,0.40335065,0.7963638333569141
774,msp,1.8416948,1.5440345652071639
775,msp,1.859559,1.3522507254476879
776,msp,1.8279821,1.320510562913541
777,msp,0.87755954,1.1570493616873678
778,msp,1.7518688,1.2286585464762854
779,msp,0.32948384,-1.52966356554143
78,msp,-0.6694687,-0.9024651413928833
780,msp,-2.137755,-1.23069294723451
781,msp,-0.37371698,-0.4357581718546461
782,msp,0.3548906,1.0135531888385532
783,msp,0.3360348,-1.3046873461894968
784,msp,0.7496912,-1.015995369738166
785,msp,-0.507002,-0.8051647639678841
786,msp,-0.85567915,0.3420291765483661
787,msp,0.2030041,0.837525284036086
788,msp,1.9044409,0.4003549350923577
789,msp,-0.9246765,0.25585934004151895
79,msp,-0.54533595,-0.7499129189593399
790,msp,0.2146115,0.8518757129243261
791,msp,1.8009664,0.27083269796632364
792,msp,-1.4476385,-0.17391092758632912
793,msp,1.2635763,-0.173582146666355
794,msp,0.09501703,-0.6200239335829169
795,msp,-0.6418963,-0.22720426113256226
796,msp,0.05337844,-0.668591787820987
797,msp,-1.3082526,-0.2250421621084183
798,msp,-0.7862208,-0.4028866100890041
799,msp,1.2822474,-0.37122932479962734
8,msp,-7.14323,-3.7259936245543908
80,msp,-0.6279629,-0.8529487823541668
800,msp,1.1507534,-0.3138276092466679
801,msp,-1.6328617,-0.6213309600998912
802,msp,1.0349461,-0.6737793813747702
803,msp,-0.9290496,-0.8643037518692984
804,msp,0.1709913,-0.8408414878932593
805,msp,-0.17648853,0.12157622722030947
806,msp,0.12660256,0.5019878138194754
807,msp,-0.22684032,0.06033420316054682
808,msp,0.087618746,0.44928583780523396
809,msp,-0.061463706,0.2649725167719031
81,msp,-0.58307195,-0.7970119181769169
810,msp,-0.30138496,-0.059938872966746146
811,msp,-0.257823,-0.006637802552009232
812,msp,-0.22812696,0.02900131624332083
813,msp,-0.26869193,-0.03182743598914162
814,msp,-0.44730553,-0.25071143042324484
815,msp,-0.9477771,-0.8196728679363006
816,msp,0.14415357,-0.8085486819266481
817,msp,-0.98006016,-0.8595849982817177
818,msp,0.07597625,-0.8914250123774999
819,msp,-0.64908963,-0.4753353140961719
82,msp,-0.7001464,-0.9421905120029086
820,msp,0.4528137,-0.44965887392832155
821,msp,-0.49831513,-0.27962595824753855
822,msp,-0.38547894,-0.3958548158326122
823,msp,-0.5639865,-0.13432176592505
824,msp,-0.42499483,-0.22783186113088127
826,msp,-0.010128389,0.34368350352553456
827,msp,0.014041474,0.37290610837849913
828,msp,0.12605934,0.2485112802238775
829,msp,0.23278931,0.6427060801369693
83,msp,-0.8899424,-1.1764013819097585
830,msp,0.22879927,0.6377731202066369
831,msp,0.27439,0.43055902837820914
832,msp,0.6433866,1.1613241036718611
833,msp,0.6123404,0.8559198817636249
834,msp,0.59525,1.0980755427875848
835,msp,0.06744699,0.4031272870112029
836,msp,0.44653028,0.9142106726570112
837,msp,-0.032555252,0.291727208691026
838,msp,0.9631578,1.3192373210172212
839,msp,0.5111232,0.7720870995919314
84,msp,-0.95848656,-1.260698497200128
840,msp,0.8915255,1.2321170176245957
841,msp,2.6908867,1.2321251336581798
842,msp,2.69525,1.238062555207575
843,msp,0.21427897,0.3917067928063866
844,msp,2.436064,0.9187226741942288
845,msp,0.16715796,0.33416660371348594
846,msp,-0.07699878,0.25004884803504207
847,msp,0.1578471,0.0785495891417132
848,msp,0.3881813,0.3633159123927232
849,msp,-1.5113583,-1.4945862202659423
85,msp,-1.0711237,-1.398567708549085
850,msp,-0.80607224,-0.8718331450448905
851,msp,0.26280046,0.42685324243216877
852,msp,-1.6755115,-1.6949280979514114
853,msp,0.23476022,0.40108405614748616
854,msp,-0.97609603,-1.3330379195356037
855,msp,0.8712167,1.216729504192835
856,msp,0.8900957,1.247478533152826
857,msp,-0.64658314,-0.7200229336318055
858,msp,-1.4385362,-1.2687916274393092
859,msp,-2.594728,-2.701950591844623
86,msp,-0.8038874,-1.0704474701915525
860,msp,-2.2935994,-2.327509574799591
861,msp,-1.5690521,-1.4260225909979132
862,msp,-1.6368828,-1.5098829098135649
863,msp,-2.7701182,-2.914283099360061
864,msp,-3.4856942,-3.7534736312871604
865,msp,-0.7450213,-0.41801612778078645
866,msp,-2.8287597,-2.9827650170455127
867,msp,-1.1486937,-0.8958501454985712
868,msp,-2.3028986,-2.3303621229045466
869,msp,-2.014706,-1.9722329813756727
87,msp,-0.8740607,-1.1576337071713525
870,msp,-1.1778964,-0.933785342458593
871,msp,-2.2503026,-2.2653367420047097
872,msp,-1.2927612,-1.096609430212163
873,msp,-2.6199958,-2.7387040849776088
874,msp,-1.7629381,-1.666099120964296
875,msp,-1.3046883,-1.1033132443217932
876,msp,-0.9143369,-0.6112419284195539
877,msp,-1.2103579,-0.9720867989673456
879,msp,-1.7126164,-1.562277866137936
88,msp,-1.9357585,-2.480464988466123
880,msp,-1.592361,-1.4655974366222972
881,msp,-0.9392299,-0.5862192456596791
882,msp,-0.687,-0.5052696001730551
883,msp,-0.7069189,-0.3132253988364474
884,msp,-0.72882265,-0.3523868235571112
885,msp,-0.5973055,-0.4028645291127014
886,msp,-0.29284447,0.16716351699257967
887,msp,-0.3227158,0.13931482005027454
888,msp,-0.20541245,0.2781285206990008
889,msp,-0.64018625,0.005721191999881061
89,msp,-1.9131624,-2.4532060979368553
890,msp,-1.4545887,-1.1629333350198159
891,msp,-0.5611348,0.12455774110554593
892,msp,-1.4787008,-1.2963063829131576
893,msp,-0.55134106,0.13666591547999848
894,msp,-0.40661138,0.31559782568023936
895,msp,-0.24748652,0.5114280531526161
896,msp,-1.1940374,-0.8487518780443756
897,msp,-1.85063,-1.056395568685755
898,msp,-1.9815087,-1.2140749831471163
899,msp,-1.5996652,-1.393895968687784
9,msp,-7.1146703,-3.6922797330766968
90,msp,-1.891169,-2.4266741985004354
900,msp,-1.5905969,-1.3826846961188466
901,msp,-1.6640418,-1.469676510961412
902,msp,0.26163477,-0.04068913699796894
903,msp,0.158103,-0.17941788741638734
904,msp,0.054177653,-0.3358567992260328
905,msp,0.010649929,-0.38967090755693234
906,msp,0.033501983,-0.3614185006832101
907,msp,0.010287198,-0.3901193584596898
908,msp,-0.9603801,-0.3985455212491572
909,msp,-0.9334881,-0.36359349201958985
91,msp,-2.1730118,-2.7666762190894163
910,msp,-0.069072455,-0.4873659411806588
911,msp,-0.8769805,-0.2945993161723432
912,msp,-1.5070908,-1.0589194424055917
913,msp,0.010601982,-0.19638856846845154
914,msp,-1.5219628,-1.0773059294186489
915,msp,-0.8571296,-1.2493529699055346
916,msp,-0.88542265,-1.2843321403206194
917,msp,-0.8966673,-1.2982341183061017
918,msp,-0.99663967,-1.4513065931124414
919,msp,-0.40229252,0.28833512794299665
92,msp,-2.0328948,-2.59764583082609
920,msp,-0.39431244,0.29820104780366175
921,msp,0.48787484,0.39047936045494397
922,msp,0.48062024,0.3815103423997941
923,msp,0.21650626,0.05424375670358382
924,msp,0.1588778,-0.016265608346104955
925,msp,0.38050646,0.25773789323872515
926,msp,-0.07536527,-0.3026714324219781
927,msp,-0.03523643,-0.2547075201746741
928,msp,-0.102491654,-0.33534108514586763
929,msp,-0.20812483,-0.4668044628312216
93,msp,-2.114079,-2.6955826057610315
930,msp,-0.107285604,-0.34213511186463774
931,msp,-0.6089923,-0.9456884845704994
932,msp,-0.5771323,-0.9085474782696582
933,msp,-0.51047814,-0.8194850306459917
934,msp,-0.3797463,-0.6622675140277618
935,msp,-0.44610316,-0.7353914914387254
936,msp,-0.34115824,-0.613062458637283
937,msp,-0.4407719,-0.7311556895602419
938,msp,-0.43884853,-0.7264224733835755
939,msp,-0.7912968,-1.1697940303430925
94,msp,-2.0796402,-2.667608980636568
940,msp,-0.21962027,-0.45590739621615256
941,msp,-0.3264878,-0.5909627038240992
942,msp,-0.53397924,-0.8578782812299726
943,msp,-0.53832006,-0.8605632316746061
944,msp,-1.446602,-0.4442904365599066
945,msp,-1.4361503,-1.187959987614291
946,msp,-0.6964105,-1.0537651521350562
947,msp,-1.3926482,-1.1353832164369204
948,msp,-1.4272083,-1.9641294257929616
949,msp,-1.3297468,-1.061925803046306
95,msp,-1.4323208,-0.5075922733148736
950,msp,-1.4515486,-0.9807377694750722
951,msp,-1.5023539,-1.050444905858491
952,msp,-1.0306588,-0.4575836552826998
953,msp,-1.231008,-0.7080796205985146
954,msp,-0.665856,-1.2215317509209798
955,msp,-0.73279214,-1.2940907656680865
956,msp,-0.96322,-1.3734447685807223
957,msp,-0.78649944,-1.3673855092735654
958,msp,-1.8755614,-1.4695665375495437
959,msp,-1.8755614,-1.4695665375495437
96,msp,-0.7748826,-0.4273276777548659
960,msp,-0.5951711,-1.330202707445558
961,msp,-0.6332578,-1.377290052235095
962,msp,-0.6024257,-1.3391717255007078
963,msp,-1.0101832,-1.6220518876587677
964,msp,0.2502893,-0.24457890812489133
965,msp,-0.7725701,-0.5097247017022876
966,msp,-0.36753118,-0.9763605549606948
967,msp,0.17415485,-0.3102006934059305
968,msp,-0.7428051,-0.47356765028047293
969,msp,0.12070392,-0.3667060776239692
97,msp,-1.3776342,-0.44103390612233373
970,msp,-0.0011982238,-0.5882873933419901
971,msp,-0.050503317,-0.6479080450435254
972,msp,-0.99028224,-0.7977139649297409
973,msp,-1.0033405,-0.8138581974290107
974,msp,-0.22530372,-0.8912303678274197
975,msp,-1.266365,-1.1642403530677958
976,msp,-0.09918012,-0.7346243882261144
977,msp,-1.1945622,-1.074773063319828
978,msp,1.5760202,1.4652780104205443
979,msp,1.6078607,1.503188933108878
98,msp,-1.5566838,-0.5060257844325116
980,msp,1.6159315,1.5128165368118258
981,msp,-1.5237113,-1.4607674454671677
982,msp,-1.3058021,-2.2163159737267284
983,msp,-1.48635,-1.4145770024831459
984,msp,0.085633725,-0.48565689716573135
985,msp,-0.78596294,-0.5503632207745324
986,msp,-0.51243883,-0.6142495940330452
987,msp,-0.5498604,-0.6631648447741746
988,msp,-0.60620534,-0.7306367506493907
989,msp,-0.8276125,-0.9981558603895182
99,msp,-1.6295658,-0.277750950180534
990,msp,-1.7136323,-2.5612159413132463
991,msp,-0.942046,-1.135822627243681
992,msp,-1.8088846,-2.6756781364728073
993,msp,-0.7541592,-1.0871625210797327
994,msp,-0.41951686,-1.1394961199620994
995,msp,-0.48438382,-1.2175420637993808
996,msp,-0.44809714,-1.1719197417008995
997,msp,-0.80780166,-1.0997191463569427
998,msp,-0.43946707,-1.1641609196137617
999,msp,-0.74296623,-1.0217764233404094
0,dc,-1.7653294,-0.8555396119573193
1,dc,-3.8410017,-3.1483281872062214
10,dc,0.56944174,0.616794226950708
100,dc,-1.9363765,-1.1830864844583857
1000,dc,-0.34450352,0.13047745739591293
1001,dc,0.41221043,0.8682213301386799
1002,dc,0.8832314,0.8870788293013969
1003,dc,0.48340252,0.9384584564400327
1004,dc,0.6563759,1.1633142750891954
1005,dc,0.618289,1.119881584167215
1006,dc,1.0931426,1.063792611418066
1007,dc,1.2174959,1.5292771604952258
1008,dc,1.0941763,1.3700023174321763
1009,dc,-0.5326088,0.1325364245004812
101,dc,-3.699948,-2.6129923705658027
1010,dc,-0.3883132,0.2940162144414444
1011,dc,-0.60621846,-0.1866017712980257
1012,dc,0.9368823,1.1743333028750176
1013,dc,0.61786467,0.5698512292057777
1014,dc,0.5213529,0.997407483728895
1015,dc,-0.29604498,0.17346924358146062
1016,dc,0.729035,0.6991614313891784
1017,dc,-0.07716547,0.4629703664059716
1018,dc,1.0467553,1.6272137306647982
1019,dc,0.42472258,0.22131580758338518
102,dc,-1.4977436,-0.6839705663628073
1020,dc,0.43937203,0.2503376800194911
1021,dc,0.89266855,1.426067215895383
1022,dc,-0.36328915,0.6368902641910795
1023,dc,0.9116407,0.9471519061143736
1024,dc,0.63718593,0.37541388961969935
1025,dc,0.52623665,0.45643687686521145
1026,dc,0.65466326,1.0639494553981297
1027,dc,1.0589213,1.1269784870208983
1028,dc,-0.7070232,-0.4186071959010411
1029,dc,0.7456704,0.7254338977066987
103,dc,-4.998522,-4.335707361320047
1030,dc,0.29773593,0.6226737670847536
1031,dc,0.96206933,1.001655504875605
1032,dc,0.73749936,0.7059041027613331
1033,dc,1.4893672,1.4588340945821547
1034,dc,0.21435486,0.5450839594304345
1035,dc,-0.25128394,0.706491790558866
1036,dc,-0.047003213,0.6592449355314046
1037,dc,0.8053356,0.7036721424227352
1038,dc,-0.047646515,-0.12547878279540225
1039,dc,0.23799741,0.5501188963658544
104,dc,-4.458955,-3.5570821901294427
1040,dc,0.17925707,1.26019508981851
1041,dc,-0.33717299,0.39191895456733716
1042,dc,0.24151263,0.5531638771573418
1043,dc,0.4895237,0.8431148687022357
1044,dc,-0.23055807,0.5133459223397399
1045,dc,0.92794824,1.5598118247872086
1046,dc,-0.005791041,1.1275138920744276
1047,dc,0.021246817,-0.059813139639971806
1048,dc,0.12680827,1.2976865512626004
1049,dc,0.255988,0.6050144273313097
105,dc,-2.0374706,-0.9690847769142508
1050,dc,0.060933087,0.3571858417685561
1051,dc,0.6554705,0.6853270928133466
1052,dc,-0.026174717,0.774550696586874
1053,dc,0.13761213,0.9474577952124023
1054,dc,0.904258,1.53225985338448
1055,dc,0.5136117,0.7281166883107005
1056,dc,0.09137251,0.5951858222413525
1057,dc,0.26490253,0.6022477412204928
1058,dc,0.2513154,1.377752412695705
1059,dc,-0.28426573,0.4315385907676245
1060,dc,0.19895966,0.4816222748438153
1061,dc,0.30133042,1.1654403514890037
1062,dc,0.018474557,0.48537644188701895
1063,dc,0.94909525,0.2664853401876543
1064,dc,-0.19727406,0.5653728321482153
1065,dc,0.15180047,-0.07075316635487608
1066,dc,1.2041626,0.6043206235296845
1067,dc,0.8003549,0.579714936018177
1068,dc,0.35749105,0.03319342358196926
1069,dc,-0.45063466,0.21384250876894248
107,dc,-2.4929333,-1.5594026511434174
1070,dc,-0.4000548,0.2701375554733051
1071,dc,-0.79128385,0.09373278270791532
1072,dc,0.036437187,0.5301256162737867
1073,dc,0.10391611,0.9582724654354052
1074,dc,0.5472037,0.4193157506852335
1075,dc,-0.117552795,0.946733195501705
1076,dc,0.024998529,0.47681542023030793
1077,dc,0.06498918,0.9032587615539539
1078,dc,1.4785135,0.9647666961587873
1079,dc,0.42226568,1.34093400713027
108,dc,-2.1450574,-1.280005737465037
1080,dc,0.25521877,0.786021412594818
1081,dc,0.62849593,0.8814054975314406
1082,dc,0.54496545,1.6525061100505625
1083,dc,-0.3856386,0.021982151013031914
1084,dc,0.50428873,0.4317422592913245
1085,dc,0.37891522,0.9683330964100011
1086,dc,1.2284579,1.0868739779819487
1087,dc,1.1073765,0.9516834968105582
1088,dc,1.0128018,2.0305321240088126
1089,dc,0.07687769,0.8939920363138074
109,dc,-1.8673445,-0.7313904954581443
1090,dc,0.90898836,0.6369230332826262
1091,dc,1.0091258,2.025565063847372
1092,dc,1.0434122,1.7433499051475974
1093,dc,0.8345187,0.5314243263302693
1094,dc,0.9218865,0.6385815925434314
1095,dc,-0.22520286,0.1630909672153068
1096,dc,1.0916342,1.1381992808188346
1097,dc,0.11806812,0.6453335711758156
1098,dc,0.5875563,1.8466218979603457
1099,dc,0.35668996,0.8569075054830603
11,dc,2.3183405,2.2610225382209523
110,dc,-1.9498547,-0.8316334174657664
1100,dc,0.44009653,1.5388083657795566
1101,dc,0.49022818,0.8074885915066768
1102,dc,-0.23267311,0.4544058537746017
1103,dc,0.9418708,1.4375834454880991
1104,dc,0.8341397,1.3043935273691227
1105,dc,0.25831524,1.4308405569074067
1106,dc,-0.30205137,1.016678297750279
1107,dc,0.73647445,1.5112056442678845
1108,dc,0.106423,0.20671946077107217
1109,dc,-0.48070046,0.476805200301464
111,dc,-4.699905,-4.34244923520133
1110,dc,0.5094956,0.5313346424822765
1111,dc,0.16604197,0.6188160500544374
1112,dc,0.10460604,0.879017109185323
1113,dc,0.3465078,0.8277370758905674
1114,dc,0.23720932,1.0574521188380155
1115,dc,0.616936,1.3642284868740984
1116,dc,0.22621264,1.2730985492514018
1117,dc,0.16100094,0.46135149461691044
1118,dc,-1.4961556,-1.252517436718242
1119,dc,-1.2676401,-1.0054318963672104
112,dc,-4.9399004,-4.6279904489582915
1120,dc,-0.47226948,0.2999398092765275
1121,dc,-0.0315944,0.5285665211947761
1122,dc,0.22171319,0.8447798718957257
1123,dc,0.22037672,0.836152111017014
1124,dc,0.35442695,1.0081185738162166
1125,dc,-0.8137751,-1.0133900542777972
1126,dc,0.38230366,0.42474818974429474
1127,dc,0.19123495,0.5947703049969024
1128,dc,-0.11654326,0.9700691046854724
1129,dc,1.295837,1.6150371927832419
113,dc,-4.6335597,-4.269685147533128
1130,dc,-0.11335088,0.46697533293914145
1131,dc,0.462338,0.5221347939783135
1132,dc,0.45759818,0.5157756069704824
1133,dc,0.34579605,0.3750170653043563
1134,dc,-0.30580467,-0.7086640362178817
1135,dc,-0.563837,-0.7477328862047923
1136,dc,-3.668118,-4.0803052008418605
1137,dc,-1.5175705,-0.7262072428724324
1138,dc,-0.18674146,0.38107615329616723
1139,dc,-0.5455048,-1.0685710312944168
114,dc,-1.2850827,0.0257912139811169
1140,dc,-1.217144,0.09129679634394265
1141,dc,-0.8065331,-0.37338834836315693
1142,dc,-1.310445,-1.0248219226619164
1143,dc,-0.8275686,-0.4583288778151883
1144,dc,-2.5972733,-1.6125809381255163
1145,dc,-0.7452493,-0.34815131124712373
1146,dc,-3.7798502,-3.6914738277067225
1147,dc,-1.9824307,-0.8603095495544008
1148,dc,-4.4519963,-4.240635769935458
1149,dc,-3.206168,-3.1191738705558785
115,dc,-2.6283221,-1.6810235390993944
1150,dc,-2.2446465,-1.8160737680423913
1151,dc,-0.62986463,0.2034753998813737
1152,dc,-1.3860456,-0.1494555264650813
1153,dc,-2.0642955,-0.9668736925548453
1154,dc,-1.9614521,-0.880506728679409
1155,dc,-2.259699,-1.8226930372744612
1156,dc,-2.2784076,-1.8437621136704794
1157,dc,-2.14077,-1.098664138379435
1158,dc,-2.1040258,-1.4850853427592343
1159,dc,-0.37129733,0.5501568897483355
116,dc,-0.89796054,0.3005765285614098
1160,dc,-1.9461428,-1.2959922084163036
1161,dc,-1.9860469,-0.9501872718672896
1162,dc,-1.4856927,-0.8460578922868754
1163,dc,-0.35515666,0.5740795800697926
1164,dc,-1.7952799,-1.2272571873145959
1165,dc,-0.27968922,0.6626033276297942
1166,dc,-1.659678,-0.9331601391762145
1167,dc,-0.13040772,0.6221841060525348
1168,dc,0.50261617,0.6433877082211127
1169,dc,-2.4782119,-1.6324378569125044
117,dc,-0.9232049,-0.27241314959514107
1170,dc,-0.3030726,-0.8341454956918524
1171,dc,-1.7253995,-0.608457196482664
1172,dc,-2.2805686,-1.681885470355353
1173,dc,-0.84478855,-1.0249625442003836
1174,dc,-2.4849322,-1.9226760067356297
1175,dc,0.4137458,0.4203502113147626
1176,dc,0.3582208,0.04505338640066414
1177,dc,-1.0843408,0.22354747274682216
1178,dc,0.41037324,0.20651430123471556
1179,dc,-0.18614157,0.48074831558572584
118,dc,-2.0965905,-0.9734446823594927
1180,dc,-1.5198311,-1.1747173378490081
1181,dc,-1.2911066,-0.7540681230045431
1182,dc,0.5001078,1.524733058922295
1183,dc,-0.23937276,0.5732816281919273
1184,dc,-0.104926616,0.7382101969981689
1185,dc,-1.1541506,-0.5674512527430717
1186,dc,-0.01770535,0.13572721282821462
1187,dc,0.11416345,1.384976566408756
1188,dc,-0.22901276,-0.5663431087367286
1189,dc,-0.588228,0.6431319343348801
119,dc,-2.6001725,-2.441571102186591
1190,dc,-0.2699564,0.7748694272716578
1191,dc,0.2582409,0.48221231782087526
1192,dc,0.43667582,0.702994863931501
1193,dc,0.5014995,0.6227996936835165
1194,dc,0.5573691,0.8506152847095992
1195,dc,-0.7812151,-0.20864127964327356
1196,dc,0.6006914,0.9145451546012081
1197,dc,-0.615841,0.13521340042664556
1198,dc,-0.8708472,-0.34169694507443815
1199,dc,1.030798,0.7897812895339319
12,dc,2.36758,2.865468714201676
120,dc,-5.045002,-4.67219971788524
1200,dc,-0.00044957813,0.028034256048424577
1201,dc,0.041022297,0.03989037503889868
1202,dc,-0.7140623,0.19911692515167242
1203,dc,-0.38397023,0.26826113931596646
1204,dc,-0.5875903,0.3293818857975913
1205,dc,-0.35392976,0.9338356462771411
1206,dc,0.8528505,0.5777623233514867
1207,dc,0.6860072,1.0086187562978324
1208,dc,-0.20216809,0.819098500455765
1209,dc,-0.43353197,0.5412202034004344
121,dc,-0.25116277,0.6042606428029804
1210,dc,0.45022216,1.0992489337872444
1211,dc,-0.107766636,-0.09533036848138257
1212,dc,0.31165183,0.5920841908493443
1213,dc,-0.21014625,0.5850372347111122
1214,dc,-0.17154108,0.8481604427736908
1215,dc,-0.26095772,0.7535251139891604
1216,dc,0.042554453,1.133517161236635
1217,dc,-0.52500916,0.22739214536909358
1218,dc,-0.56960976,0.1674015101628306
1219,dc,0.14692765,1.5839829143112505
122,dc,-1.3805126,-1.3500656176033332
1220,dc,0.5484097,0.7249390608853997
1221,dc,-0.25782904,-0.10414963843424242
1222,dc,-0.4522208,0.5232779947392222
1223,dc,0.003909078,0.8250182445524167
1224,dc,0.34291518,1.3455126456270068
1225,dc,0.46222702,0.7774799781358697
1226,dc,-0.51540506,0.7884362691398421
1227,dc,0.11981127,1.069186015159163
1228,dc,-0.408528,0.9134357749388045
1229,dc,-0.9150512,0.07240179503463536
123,dc,-2.5370722,-1.937691339198687
1230,dc,-0.42457303,0.6880308444410735
1231,dc,-0.9665687,0.2290246048449028
1232,dc,0.53599507,0.5409531602889145
1233,dc,-0.83103603,0.15778382162770668
1234,dc,0.033780217,0.5041068677693716
1235,dc,-0.5397519,-0.7297188855733115
1236,dc,-0.72561145,-0.9532898068432044
1237,dc,0.4258004,0.9768098801955933
1238,dc,0.8829383,1.984265819318508
1239,dc,0.4294509,1.1044770378716642
124,dc,0.4304502,-0.6067025753898031
1240,dc,0.35931072,1.5560786036509795
1241,dc,0.62663037,0.45767894187581837
1242,dc,0.26795062,0.23267786626969292
1243,dc,0.5063157,0.30217373877203757
1244,dc,-0.81954616,0.1512038907147536
1245,dc,-0.4517412,0.6190191661663418
1246,dc,-0.7487015,0.24009134498855295
1247,dc,-0.30288866,0.19232274848957914
1248,dc,-0.96201867,-0.020048720812116148
1249,dc,-0.46405762,0.3750828517623
125,dc,-1.1641631,-0.2606486138454475
1250,dc,-0.017908346,0.03745110362551153
1251,dc,-0.3607678,0.72256973203179
1252,dc,0.5188903,1.5238028149313598
1253,dc,-0.043986786,0.0037413711007334275
1254,dc,-0.03678622,0.01312342252218236
1255,dc,-1.7986536,-0.7691389547682742
1256,dc,0.85791343,1.3740992726594872
1257,dc,-1.8198706,-1.0539597656497444
1258,dc,0.7086662,0.6564477055727725
1259,dc,-0.52697533,0.34811624688203197
126,dc,0.007590269,0.373981338041973
1260,dc,-3.230936,-2.949460061977436
1261,dc,0.47361943,0.5989082537066158
1262,dc,-0.29960105,1.3549229607296684
1263,dc,0.8702508,1.4091985253664543
1264,dc,0.4455274,0.5752178183005066
1265,dc,0.84091824,1.373356553376963
1266,dc,0.8090352,1.3310276333125672
1267,dc,-0.14973563,1.3036115956589949
1268,dc,-0.7581502,0.22412779493475576
1269,dc,-0.4035423,0.980986542304794
127,dc,0.9151172,1.2114788444457494
1270,dc,0.81714416,1.3443940065425715
1271,dc,-0.13632552,1.0126103642205067
1272,dc,-1.5172273,-0.3969299441768891
1273,dc,-1.2537369,-0.3890988169379971
1274,dc,-0.12271767,0.8157352676088804
1275,dc,-0.2902415,0.4602305632933696
1276,dc,-0.39359462,0.5581180811553131
1277,dc,-0.62604207,0.8257636039300487
1278,dc,-0.5584035,0.7051040794826355
1279,dc,-0.5724379,0.6890540225111808
128,dc,-0.29793215,-0.026635308731142542
1280,dc,-0.85602003,-0.030103383327729164
1281,dc,-0.6359374,0.247018271868517
1282,dc,-0.6294364,0.029576004275476266
1283,dc,-0.55203986,0.670663670007146
1284,dc,-1.1762785,0.5714401517913285
1285,dc,0.2386164,0.20859169813285788
1286,dc,-0.08667642,0.6670761710970361
1287,dc,0.01713898,0.7956856459730788
1288,dc,-0.06472116,0.05656999858039046
1289,dc,0.14025943,0.7281803691208438
129,dc,0.459813,0.8122518301828511
1290,dc,-0.40121195,0.2735597750094168
1291,dc,-0.44892162,0.7651438353755557
1292,dc,0.032807708,1.126624775312653
1293,dc,-0.10046451,0.42482094807993687
1294,dc,-1.4413173,-1.02111224713819
1295,dc,-0.50986475,-0.07438620064331812
1296,dc,-0.5398723,0.43481922114150506
1297,dc,-0.94707626,-0.38976580125404126
1298,dc,0.1477887,-0.20180924066622033
1299,dc,0.45071152,0.19244725708680213
13,dc,1.6593517,2.074908229660851
130,dc,1.3814858,1.7191385911156467
1300,dc,0.37471902,0.09791486190454231
1301,dc,0.17936124,-0.14158372443970615
1302,dc,-0.66281736,-0.11874799562810123
1303,dc,-2.4244683,-2.1782145461149938
1304,dc,-0.60533977,-0.0876746960242644
1305,dc,-0.3725066,0.1907643783184297
1306,dc,0.55303955,1.0792627180365624
1307,dc,0.6947372,0.7804439887553504
1308,dc,0.5099083,0.5545404096127037
1309,dc,0.46412763,0.5065462273382012
131,dc,0.28945425,0.6863077782760023
1310,dc,-0.46252048,-0.9359163986021654
1311,dc,-1.1589158,-1.786862472537407
1312,dc,-0.6142168,-1.3183421446659822
1313,dc,-0.5278921,-1.2135954234874822
1314,dc,-1.346116,-2.1909809357959236
1315,dc,-0.9945947,-0.4961831841661994
1316,dc,-1.0163585,-0.5230902383316491
1317,dc,-0.9674765,-0.45356778046241586
1318,dc,-0.34369633,0.1007667082181756
1319,dc,-0.47656655,0.15729090874162868
132,dc,-1.8931769,-1.510812745409697
1320,dc,-0.5148284,-0.11107732149637636
1321,dc,-1.4093046,-2.0441981768582598
1322,dc,-0.62807846,-0.029884388502916873
1323,dc,-1.3570714,-1.9796212468611807
1324,dc,0.5543067,0.18820511975588702
1325,dc,-4.0960984,-4.637729672969428
1326,dc,0.70158017,0.1507736167264112
1327,dc,1.2808032,1.4180715565402109
1328,dc,0.6259619,0.2990525433604741
1329,dc,0.35287338,-0.03749713118513579
133,dc,0.11565225,0.7725619431369788
1330,dc,-0.6973424,-0.44791002232678173
1331,dc,-1.4316194,-0.8195885235751807
1332,dc,-0.4912526,-0.078651799582997
1333,dc,-0.95841503,-0.7753575601506819
1334,dc,-2.0446172,-2.12664655439004
1335,dc,-0.9600796,-0.6564396921090173
1336,dc,-1.846176,-1.8884195703617985
1337,dc,-1.4593614,-1.4029513083562828
1338,dc,-1.1428527,-1.0147389604006214
1339,dc,-1.5972499,-1.561133906902383
134,dc,0.46344033,0.27776014356712586
1340,dc,-7.932773,-4.335707361320047
1341,dc,-0.5668643,-0.3174805963255334
1342,dc,-0.46407208,-0.18533943029341576
1343,dc,-8.307987,-4.786968005051227
1344,dc,-0.20214197,0.14250725295943711
1345,dc,-0.7083195,0.13749270279602543
1346,dc,-0.8239919,-0.010260377424674689
1347,dc,-1.9756091,-2.0462897748899143
1348,dc,-2.9715526,-2.6389363822217997
1349,dc,-0.48556572,-0.2011409504359169
135,dc,0.5821554,1.365387415315033
1350,dc,-3.248387,-3.007728343238854
1351,dc,-1.1855842,-1.041032244712921
1352,dc,-0.80289185,-0.5764246413514288
1353,dc,-3.0641687,-2.8155994603090235
1354,dc,-3.4752352,-3.2819742165203443
1355,dc,-1.4067682,-0.7195876942874695
1356,dc,-2.8217227,-2.4627864128408468
1357,dc,-0.826663,-0.5956179986703937
1358,dc,-3.5279248,-3.382465841838887
1359,dc,-2.9721658,-2.6377581660537435
136,dc,-0.7213083,0.2812317030826956
1360,dc,-1.9725142,-2.014161213059076
1361,dc,-1.529185,-0.8615650420784121
1362,dc,-3.0592544,-2.7967510617723423
1363,dc,-0.7785031,-0.5452207117428345
1364,dc,-1.0065724,-0.8314415199220815
1365,dc,-1.5422019,-0.5654021190321428
1366,dc,-1.5977175,-0.669398695429459
1367,dc,-1.2288029,-0.18046664755142774
1368,dc,-1.3519787,-0.351164432640924
1369,dc,-2.9986339,-2.4136612907127333
137,dc,-0.1443094,0.47911789657244924
1370,dc,-4.6091256,-4.4779654757406275
1371,dc,-1.248424,-0.30496843505792187
1372,dc,-3.2703063,-3.627288600690807
1373,dc,-5.120876,-5.022968479331246
1374,dc,-2.2398872,-2.517552483768099
1375,dc,-2.4675124,-2.8543535029422413
1376,dc,-1.6204447,-1.7222217579240817
1377,dc,-1.8101572,-1.9662165648843564
1378,dc,-3.1079044,-3.660112874237819
1379,dc,-1.8594832,-2.0252212939815912
138,dc,0.05586099,0.7001391044934769
1380,dc,-3.0825973,-3.6299749355541437
1381,dc,-0.8767449,-0.8010508451204501
1382,dc,-2.4282684,-2.7467604302203745
1383,dc,-1.7838213,-1.9311126325881909
1384,dc,-3.0721936,-3.613489638423862
1385,dc,-0.46784237,-0.5203762133207513
1386,dc,-0.3834847,-0.41670894056414753
1387,dc,-0.75708663,-0.6433973242119486
1388,dc,-2.2621808,-2.053040736710033
1389,dc,-2.4690034,-2.7742778401277812
139,dc,0.5725308,0.7326883868103439
1390,dc,-1.4753821,-0.6919619231823969
1391,dc,-2.9461026,-2.671463590749502
1392,dc,-1.8287483,-1.9492857565203177
1393,dc,-2.2641063,-1.8166233272996921
1394,dc,-2.5196702,-0.7052858433120183
1395,dc,-2.140143,-0.8062044828060483
1396,dc,-2.9928951,-2.729313757205219
1397,dc,-2.478149,-2.508961811361254
1398,dc,-1.912618,-2.0832370432869927
1399,dc,-2.4557192,-2.738452444413868
14,dc,2.91785,2.5827121872211065
140,dc,-0.11695603,0.19410961384382977
1400,dc,-1.4330571,-1.470105480971041
1401,dc,-2.0830946,-0.7501222546876508
1402,dc,-2.3361666,-1.489173639278471
1403,dc,-2.760704,-1.9632368945406546
1404,dc,-2.0960176,-1.5634479155369314
1405,dc,0.049344096,0.9167119293781419
1406,dc,0.48417133,0.9151866636286526
1407,dc,-2.9176626,-3.5293641196548355
1408,dc,0.6660877,1.6737051787194963
1409,dc,-2.5337033,-1.4045399316913605
141,dc,-1.1077098,-0.18025290805294172
1410,dc,0.828584,1.040863391923797
1411,dc,1.25409,1.5827072532804716
1412,dc,1.2378829,1.562416653306039
1413,dc,-3.6022162,-3.13685997583689
1414,dc,0.578726,1.043645638852701
1415,dc,-2.6080558,-3.209085011625235
1416,dc,1.034328,1.318028830377568
1417,dc,-2.952137,-1.8825536054303298
1418,dc,1.0074031,1.578849466061394
1419,dc,-0.258851,0.05089398005134398
142,dc,0.38940772,1.1197193015939106
1420,dc,1.0341454,1.612620822788308
1421,dc,-4.113485,-3.877819132293958
1422,dc,-3.00721,-3.8210120014760864
1423,dc,-3.1597874,-2.6946249077896907
1424,dc,0.08030485,0.8839200372470448
1425,dc,-0.26730636,0.6733393780094845
1426,dc,-0.040892053,0.9509422123712503
1427,dc,-3.7320414,-3.4198267654701553
1428,dc,-1.8930275,-1.3291398256000984
1429,dc,-1.7295337,-1.123911878065917
143,dc,-0.699058,0.3121710823393078
1430,dc,-1.330347,-0.6344062546611481
1431,dc,-2.0626445,-2.521077269610539
1432,dc,-1.4818045,-0.8190523507501045
1433,dc,-1.0027202,-1.2062384590726047
1434,dc,-1.0748028,-1.3040945897660698
1435,dc,-2.4850292,-1.3234101796178135
1436,dc,-0.34741664,-0.40135266373325396
1437,dc,-0.56526667,-0.6654066703470644
1438,dc,-0.7023534,-0.8336837744358689
1439,dc,-0.5694027,-0.6738200225430573
144,dc,-0.91578585,-0.19447592005010816
1440,dc,-1.1705238,-1.4377369422016193
1441,dc,-1.3383782,-0.2584212693700643
1442,dc,1.1126676,0.1482892563768147
1443,dc,-0.98773295,-1.5039600581518804
1444,dc,-1.467691,-0.9337821596431214
1445,dc,1.2707064,0.5824735139032117
1446,dc,-1.270069,-0.16853003996983473
1447,dc,-0.7928579,-1.0205862319924819
1448,dc,1.1392984,0.16584042582404393
1449,dc,1.2369927,0.5553967905842631
145,dc,-0.7848226,-1.284935309741512
1450,dc,1.3176563,0.43463207403589116
1451,dc,0.33545154,0.6009517473660878
1452,dc,1.655658,1.0593571475561903
1453,dc,-0.9161208,0.3253139586301787
1454,dc,1.3551987,0.6608647109698991
1455,dc,1.3523225,0.6585144409013681
1456,dc,-0.8531766,0.3940106999248658
1457,dc,1.2270092,0.8325544459026021
1458,dc,-0.41248953,-0.7353233748966534
1459,dc,0.34696457,0.6079800404243574
146,dc,-0.8173177,0.16069897118994192
1460,dc,-1.0725116,-0.6995812711144727
1461,dc,-0.9057309,0.3770433122617243
1462,dc,0.57606554,0.8929127659543462
1463,dc,-0.9901076,-0.5850109727902031
1464,dc,1.3920826,0.7268905503807095
1465,dc,-2.2598822,-1.9888769135475497
1466,dc,1.8445511,1.8320825655332027
1467,dc,-0.8953529,-0.1965064653481824
1468,dc,0.2770423,0.7539949360254377
1469,dc,-1.2303416,-0.6458571991796804
147,dc,-0.81949407,0.15800826577339688
1470,dc,-0.689719,0.306688591667227
1471,dc,-0.97362655,-0.3601850655085102
1472,dc,0.645064,0.9909236891231215
1473,dc,0.30353206,0.7872878626430402
1474,dc,0.74226993,1.2052693056778345
1475,dc,-1.3353424,-0.7801772394957862
1476,dc,0.5742643,0.9086626391583036
1477,dc,0.13821171,0.597057018332522
1478,dc,-0.50914663,0.4574208652300115
1479,dc,-0.0085304165,0.418240783979413
148,dc,-0.74764955,0.24573249588691312
1480,dc,0.062376842,-0.9329833214889606
1481,dc,0.21697858,0.2793152853677541
1482,dc,-0.30964392,-0.1986777446393063
1483,dc,-0.263464,-0.337544657226291
1484,dc,-1.040648,-0.6349735513652827
1485,dc,-1.1726048,-0.5754454478954933
1486,dc,-0.6769623,-0.8565082973274857
1487,dc,-0.8664016,-0.655424966679201
1488,dc,-0.580282,-0.48183972118289176
1489,dc,-0.46103382,-0.3202620968302997
149,dc,0.55682206,1.0145267564843972
1490,dc,-0.19480845,0.17868450911654515
1491,dc,1.7865999,1.2225119445725456
1492,dc,-0.606916,-0.7287320815282022
1493,dc,1.7698996,1.1950295794921373
1494,dc,0.9458883,1.6874207188489576
1495,dc,-0.10712522,0.4014656342487673
1496,dc,1.8145756,1.5474183686101888
1497,dc,-1.2583797,-1.3159518332213287
1498,dc,-1.2166986,-1.020663568988142
1499,dc,-0.20117007,0.2556608503204731
15,dc,2.3129878,2.254641169578864
150,dc,1.0997201,1.0658585066627833
1500,dc,1.2016835,1.0010313759440843
1501,dc,-0.5053254,-0.3884414214456175
1502,dc,1.1973307,0.9956499651109946
1503,dc,1.8860583,0.6544409178282865
1504,dc,-0.83730763,-0.8059360051953324
1505,dc,-0.1648106,-0.9342051611631766
1506,dc,0.98965,0.7596883852062774
1507,dc,-0.8948449,-0.8580134379702331
1508,dc,1.7964029,0.7516578725330108
1509,dc,0.99284446,-0.2601827793850379
151,dc,0.043274052,-0.24596105316200365
1510,dc,-1.2565874,-1.2913974870096572
1511,dc,1.605463,0.5045871047767786
1512,dc,-0.05056953,-0.4986094147827676
1513,dc,0.59931386,1.005478902097738
1514,dc,0.20926967,0.31043786724934336
1515,dc,-1.6589853,-1.7986040401455337
1516,dc,0.046359688,0.10709065781574707
1517,dc,-0.545427,-0.9143730447422269
1518,dc,0.60333014,0.5218074209701402
1519,dc,0.32553992,0.17182617585234566
152,dc,0.014083182,0.34883059356655627
1520,dc,-0.58931744,-0.968635603975884
1521,dc,0.69959295,1.1359261262315459
1522,dc,1.4043342,0.26744577280370335
1523,dc,0.36621213,0.24804705831425003
1524,dc,-0.19071221,0.668945688574849
1525,dc,-0.6782626,0.28212263639863655
1526,dc,-0.21811862,0.853620373951653
1527,dc,1.3629471,0.21899660564906623
1528,dc,0.5391746,0.443565466412848
1529,dc,0.49704993,0.3904113064621939
153,dc,0.114429615,1.0189865084156637
1530,dc,0.47874227,0.36745140137168186
1531,dc,0.4597419,0.33335158585222785
1532,dc,0.32019725,0.14679521694834632
1533,dc,-1.1256665,-0.16177110488558813
1534,dc,-1.0828463,-0.10952790936218712
1535,dc,-0.06427768,1.051858622402198
1536,dc,0.23446812,0.05789632818672995
1537,dc,-0.40739325,-0.9562047047809963
1538,dc,-0.45547813,0.7136131130478742
1539,dc,-0.35435882,-0.6982024417682511
154,dc,-0.80387557,0.5165662064405043
1540,dc,0.03208523,-0.1929551981562529
1541,dc,-0.52079046,-1.0951321271539
1542,dc,-0.54542184,0.6031745209867468
1543,dc,-0.65866166,0.321582956131289
1544,dc,-0.49932152,-0.8742633836914095
1545,dc,-0.5385824,0.46518903077692936
1546,dc,-0.99463636,-0.34792842044359235
1547,dc,-0.17854428,0.9016580599768745
1548,dc,-0.5395306,-0.8896341615429153
1549,dc,-1.1418433,-0.5277727192068252
155,dc,-1.0161604,-0.07327922149999767
1550,dc,-0.80981004,-0.11633816845710575
1551,dc,-1.0347261,-1.5283240245586336
1552,dc,-0.052429922,-0.2814599950434865
1553,dc,-0.9339165,-1.2437375687097192
1554,dc,-1.0868883,-0.25542299056270246
1555,dc,-0.42915675,-0.7696246887894891
1556,dc,-0.47471574,0.5022378766456813
1557,dc,-0.2596764,-0.41934450240009485
1558,dc,-0.993532,0.4144740165649373
1559,dc,-0.6590778,-1.0398631741495736
156,dc,0.09503829,0.9897006126975144
1560,dc,0.4842344,0.47436092099998417
1561,dc,-0.6956314,-0.974839898943145
1562,dc,1.3210391,0.9120641662683481
1563,dc,1.7416772,1.8754971643033378
1564,dc,1.6053023,1.7073397301973166
1565,dc,1.3862909,1.7676501123769504
1566,dc,0.39191025,0.5635864197041166
1567,dc,-0.1636416,1.0357082337582117
1568,dc,1.9319354,1.7120776920355312
1569,dc,-0.36085442,0.3576562805143539
157,dc,1.1306838,1.1192889611533994
1570,dc,-0.043493755,0.8630286916045152
1571,dc,0.012782563,1.2495903743243226
1572,dc,1.1376345,1.1270672251471279
1573,dc,1.615179,1.49470289480972
1574,dc,1.6415435,1.5269318202139501
1575,dc,0.26059762,1.3245956482605754
1576,dc,-1.0377095,-0.38050339985952364
1577,dc,-0.9907493,-0.31905526057229483
1578,dc,-0.8840066,-0.8736804104740359
1579,dc,-0.10964868,-0.8705563031259941
158,dc,-0.6924764,0.32177873300874027
1580,dc,-0.060338695,0.8335538631641292
1581,dc,-1.5345966,-0.9603581305557607
1582,dc,-0.10424527,0.777858864662915
1583,dc,0.6160625,1.3131402307986269
1584,dc,-0.12711956,1.0640425757221619
1585,dc,-0.15410057,1.0366403326420648
1586,dc,1.1060579,1.3600957375358294
1587,dc,0.32819808,0.961749031881563
1588,dc,0.08400984,1.4471314446399963
1589,dc,-0.6868831,-0.7141365334462446
159,dc,-0.13270092,0.031774727656014946
1590,dc,-0.44232365,-0.3182164760271221
1591,dc,1.1967338,1.0059274325572936
1592,dc,0.5326321,1.5677443834683595
1593,dc,0.55423313,1.0488947693921729
1594,dc,1.5909594,2.023760004549557
1595,dc,1.8800664,2.377144468333003
1596,dc,0.09576558,0.6647027949808874
1597,dc,-0.14450677,1.1494871937284832
1598,dc,0.3711029,1.1458995865064232
1599,dc,-0.47511685,0.06202611941078356
16,dc,2.2502918,1.9546033709032968
160,dc,-0.71654236,0.29905627639412924
1600,dc,0.035515055,0.9163317009872691
1601,dc,0.04916453,0.9315586973332758
1602,dc,-0.60732204,-0.19699044254771075
1603,dc,1.5719476,1.4678718162859596
1604,dc,-0.7252096,-0.342736985943897
1605,dc,-0.014483416,0.29988592290060573
1606,dc,0.06946288,0.4018830386808727
1607,dc,0.3863905,0.6144075055480439
1608,dc,-0.4309346,-0.21896541639249328
1609,dc,-0.08735683,0.30704311797396705
161,dc,-1.0848857,-0.14096995458655606
1610,dc,1.4109863,1.2382158861605161
1611,dc,0.46146944,1.2244336589392677
1612,dc,0.19152917,0.8742146256421259
1613,dc,1.3495977,1.1676557634746483
1614,dc,-0.8395576,0.7841496319970805
1615,dc,0.6442211,1.7722993274902918
1616,dc,0.25910214,0.3981209025021003
1617,dc,-1.181871,0.03609352752892885
1618,dc,-0.46606687,0.05370249846986166
1619,dc,-1.4153309,-1.131434446507145
162,dc,0.99160194,1.4785199158391444
1620,dc,-0.26875427,0.28800566968705205
1621,dc,-1.5597687,-0.784498681806045
1622,dc,-0.43099537,0.4023010841891055
1623,dc,-0.2838673,0.2721217987649141
1624,dc,-2.9437356,-2.5632940803909228
1625,dc,-1.2341627,0.3008594519669887
1626,dc,0.90674996,1.4005828504708115
1627,dc,1.4675012,1.230776855540181
1628,dc,-1.4662414,-0.43091839651718067
1629,dc,-1.6463414,-0.4336091019337256
163,dc,0.9038268,1.1447551897178139
1630,dc,0.3891414,1.6144068445268527
1631,dc,-1.5070689,-0.8018125901857047
1632,dc,-3.0085664,-2.2245705526696176
1633,dc,-1.3040469,-0.5012725232725999
1634,dc,-1.4393694,-0.6674756613686775
1635,dc,1.0600498,0.5697950304362266
1636,dc,-1.7943084,-0.6829227358160984
1637,dc,-0.70941,0.24249157177764794
1638,dc,0.4984331,1.7320560696814655
1639,dc,0.5835262,1.8382952202675942
164,dc,0.6326149,1.108927006162698
1640,dc,-2.776658,-1.8941341326680705
1641,dc,-1.3558943,-0.5584769923695524
1642,dc,-0.46097237,0.5575443672805309
1643,dc,-0.23093945,0.13285130975737494
1644,dc,-1.5974493,-0.13883072498972077
1645,dc,-2.6410341,-1.5267013218335868
1646,dc,-2.6566317,-1.545984710652159
1647,dc,-2.934521,-2.6719676512475443
1648,dc,-2.614816,-2.1497433100529184
1649,dc,-4.5376086,-4.635371742608509
165,dc,1.0026358,0.9474906153846697
1650,dc,-1.9072354,-0.8363253198175599
1651,dc,-2.4344149,-1.2763150745971663
1652,dc,-2.0101583,-1.2807995836247412
1653,dc,-1.5323102,-0.9017991516201543
1654,dc,1.0874059,0.9899448714310881
1655,dc,0.9452298,1.09110850329858
1656,dc,-1.5716136,-0.588447367593137
1657,dc,-1.1385037,-0.05871414132190021
1658,dc,0.5904404,1.216258566242948
1659,dc,1.2130774,1.437828017047993
166,dc,0.69935656,0.5688307167391217
1660,dc,1.1054614,1.2644683089767372
1661,dc,-1.1395004,-0.04944120916436253
1662,dc,1.0710583,1.4260435572338486
1663,dc,1.598552,1.547826453165873
1664,dc,0.5773958,0.5112244198208613
1665,dc,1.924843,1.410596395176463
1666,dc,1.222403,1.7167978483926982
1667,dc,0.75699353,1.0418185171829488
1668,dc,0.24196492,0.09180294910917927
1669,dc,1.5515531,1.7243533938705204
167,dc,1.2467653,1.258909180122021
1670,dc,1.0502936,1.4140253691623332
1671,dc,1.6290139,1.6017793869536414
1672,dc,1.5430467,1.4954965230001147
1673,dc,0.20570599,1.4337947190285976
1674,dc,0.16876422,1.385179371788061
1675,dc,0.08577013,1.1052759627507034
1676,dc,0.14768988,1.3698782329344876
1677,dc,-0.007874538,1.316624405472477
1678,dc,1.5221558,2.0219333062014004
1679,dc,1.5092677,2.008469578883876
168,dc,-0.14881314,-0.4896796604024058
1680,dc,1.3933738,1.869204110532711
1681,dc,1.5488846,1.502158699528072
1682,dc,-0.43587974,1.2232695784018963
1683,dc,0.318144,1.323958656432347
1684,dc,1.4461075,1.2840810975446186
1685,dc,-1.6334523,-0.6749883415901434
1686,dc,0.65423495,1.7935328903519359
1687,dc,-2.3823833,-1.0496609276401034
1688,dc,1.7434092,1.9712284081329623
1689,dc,0.6289182,1.5410996896245104
169,dc,0.88650346,0.2219440433927429
1690,dc,-0.3009265,1.901817676002984
1691,dc,-0.35865128,1.2856460494123545
1692,dc,1.355411,1.7952560410293412
1693,dc,1.0539275,0.8775384873142665
1694,dc,1.3187312,1.1986373314690684
1695,dc,0.81678057,1.4277971483995564
1696,dc,-0.36936396,0.8870461088926236
1697,dc,-0.3955782,0.8552051118974913
1698,dc,0.6967327,1.2807923388543823
1699,dc,0.73553646,1.8682316899806901
17,dc,1.5457684,2.2425764042106286
170,dc,1.5503426,2.173065056157771
1700,dc,2.1687243,1.622163030516848
1701,dc,1.8015298,1.9237882410651284
1702,dc,1.9283948,1.543597035975001
1703,dc,-0.25518823,1.2394346845676845
1704,dc,0.102543876,0.7974219161099256
1705,dc,1.6547596,2.1551561190575033
1706,dc,0.8031622,1.4068659709217541
1707,dc,1.1110635,1.769975737564024
1708,dc,1.9073128,1.5071033856507012
1709,dc,0.8801601,1.4938614160937793
171,dc,1.3743756,0.8363226852937322
1710,dc,1.088013,1.5368578043289125
1711,dc,0.6758192,1.246745487781271
1712,dc,0.6989885,1.744428782834423
1713,dc,0.30690598,1.476201056093078
1714,dc,0.33323956,0.96791081202935
1715,dc,0.89784706,1.524371761872258
1716,dc,-1.0568011,-0.27600177079068877
1717,dc,0.26765501,0.5929575973951116
1718,dc,0.30020484,1.2499241402672967
1719,dc,1.648478,1.192819365107076
172,dc,1.089468,1.0507408904713071
1720,dc,0.39387095,0.7793090296491859
1721,dc,0.41392162,0.9334566287158091
1722,dc,-2.126103,-1.3163257413691216
1723,dc,0.01781196,0.41069977114017614
1724,dc,0.6475587,0.8618654622569305
1725,dc,0.43692958,0.7167160362091141
1726,dc,0.1388634,0.3307696919781211
1727,dc,0.469859,1.3154233559483381
1728,dc,0.12121836,0.7630366665067057
1729,dc,0.23365764,0.7984212545401553
173,dc,1.5335239,2.1608189998695444
1730,dc,-0.16443792,0.8107411585241858
1731,dc,1.0884895,1.6245019578874624
1732,dc,-0.22806603,0.9411662004410531
1733,dc,1.187703,2.008232383677089
1734,dc,0.8468634,1.659875455182431
1735,dc,0.68662935,1.4626616435139947
1736,dc,-0.11688296,0.561137168630886
1737,dc,0.02621875,0.32677495769529674
1738,dc,1.0653895,1.5150815240822955
1739,dc,-0.31121156,0.43324740781244137
174,dc,1.0956345,1.0583645558181847
1740,dc,0.8263133,1.6302241749733062
1741,dc,-0.2634115,0.5000353125096871
1742,dc,1.2685059,1.6988592965538547
1743,dc,0.68312156,1.5807056381098412
1744,dc,1.4492626,1.7682276048473258
1745,dc,1.4298187,1.7956064282807447
1746,dc,1.2040254,1.3080775385093688
1747,dc,0.46182632,1.303066241068452
1748,dc,1.449654,1.3478243928147198
1749,dc,-0.08152044,0.24918529122586108
175,dc,1.0419416,0.9957441354463463
1750,dc,0.90957063,1.113076509035416
1751,dc,0.81303,1.2884711187257596
1752,dc,1.6215456,1.4354659478836815
1753,dc,-0.054396592,0.721922658225403
1754,dc,-0.36090612,1.072998380733806
1755,dc,-0.48535138,0.7117119650763137
1756,dc,-1.6333871,0.061846500815189144
1757,dc,0.22886178,1.33703998423397
1758,dc,1.350712,1.4681744075745509
1759,dc,0.22715324,-0.24809195947154108
176,dc,1.4888252,0.9837416176950164
1760,dc,-0.01813341,-0.5619275799793373
1761,dc,0.19772154,0.5287698716948398
1762,dc,0.3470741,-0.10457123002901135
1763,dc,0.91171724,0.9130335025631425
1764,dc,0.3435556,-0.529852152067879
1765,dc,-1.2797097,-0.21684194080971364
1766,dc,-1.3481609,-0.27789634619147263
1767,dc,-1.1056768,0.0074115632046687545
1768,dc,-1.4499662,-0.4092872894751165
1769,dc,0.21727826,-0.262889885459885
177,dc,1.5245901,1.0276476511311292
1770,dc,1.1966375,0.9644162032464542
1771,dc,1.4303752,1.0264197003477067
1772,dc,1.3632414,0.94425878078016
1773,dc,1.0608693,1.3153847819295559
1774,dc,-0.019285513,0.9421556657001745
1775,dc,1.4247037,1.5504186864339384
1776,dc,-1.5199267,-0.4913309357883784
1777,dc,0.98565227,1.2283962838866713
1778,dc,0.48498553,0.7177314003750908
1779,dc,0.93182147,1.1602122874546505
178,dc,0.82022494,1.3479372856324718
1780,dc,1.1691926,1.4621738570467862
1781,dc,1.4017932,1.7896489300069502
1782,dc,0.9434921,1.2052459186558713
1783,dc,1.4193019,1.8107271053359029
1784,dc,1.4541104,1.8521314988536752
1785,dc,1.0515356,1.3416661814554052
1786,dc,-0.19541252,-0.8221195337489936
1787,dc,0.92975533,1.5154347612924548
1788,dc,0.9153086,1.4966047829279003
1789,dc,1.1830255,1.5109657656078013
179,dc,1.4726871,0.9686102381391323
1790,dc,1.615553,1.815588580208174
1791,dc,1.1972604,0.9310264559455962
1792,dc,1.4618548,1.2912203761225496
1793,dc,1.7894261,1.4777454401121148
1794,dc,1.5363343,1.4132811321034342
1795,dc,1.2562963,1.5059026979653238
1796,dc,1.314814,1.7769555001800104
1797,dc,0.52161837,0.5737417335227248
1798,dc,1.8795707,1.3822969487591343
1799,dc,2.0305488,1.571527570420834
18,dc,1.9917228,2.617371200887209
180,dc,-0.7778476,0.530857883642758
1800,dc,1.9507853,2.012193833858853
1801,dc,0.7509119,0.8992930285188664
1802,dc,0.82673043,1.0012804785516172
1803,dc,1.6936873,1.3788184766491753
1804,dc,2.109136,2.2073977213376454
1805,dc,2.0028381,2.0787812470905203
1806,dc,1.396728,1.0055345589727176
1807,dc,1.4845804,1.437244262939867
1808,dc,-0.13815178,-0.2346844517070527
1809,dc,0.40288067,1.4335559062577075
181,dc,1.1898363,1.198408322532671
1810,dc,-1.4709249,-1.216713832412135
1811,dc,-1.3949685,-1.7801085678105273
1812,dc,-3.4074087,-2.635460427220933
1813,dc,0.24050646,0.2454137715080898
1814,dc,0.3010519,0.3242951875266156
1815,dc,-0.22435293,-0.33663006131537
1816,dc,0.55747366,1.6089277354522107
1817,dc,0.54546034,1.5897123084237448
1818,dc,0.31568936,0.3377956403754841
1819,dc,-0.038284387,0.19394455982235048
182,dc,-0.099962376,0.7508476636725511
1820,dc,0.108899325,0.8886548798550745
1821,dc,-0.05351909,0.1751096219065356
1822,dc,0.9551015,1.6319227207667915
1823,dc,0.27161953,0.32873408659960957
1824,dc,-0.14749895,0.7930085613031355
1825,dc,0.16948487,0.6225069218267665
1826,dc,0.97311044,1.3448310745526815
1827,dc,0.88772756,1.233215309464298
1828,dc,0.8810212,1.316741856248124
1829,dc,0.6082966,1.4263249106126614
183,dc,0.6587464,1.1524306601770162
1830,dc,0.3645994,0.8758797476831455
1831,dc,0.14430027,0.6051865663452207
1832,dc,0.3461046,0.6491949836041976
1833,dc,-0.7731092,-0.18604667250318108
1834,dc,0.12480682,0.9083714210304091
1835,dc,0.59072137,0.9541678994802282
1836,dc,0.016768953,0.5019842832383676
1837,dc,0.4451394,0.5174555083551441
1838,dc,0.6224418,0.9941947685363182
1839,dc,0.27408215,0.27637507953290225
184,dc,0.9508039,0.9006055279800367
1840,dc,0.6231978,1.0014985008479003
1841,dc,-0.84518427,-0.05622211830671935
1842,dc,0.3735262,0.7093189668447656
1843,dc,0.37407956,0.23710921758818582
1844,dc,0.35398328,1.207836945202875
1845,dc,0.52468383,1.1403763131306943
1846,dc,0.8811184,0.6558976037656657
1847,dc,0.55347323,0.47267197583374504
1848,dc,-0.22562952,0.0813419039153353
1849,dc,-0.4847631,-0.08741412949864122
185,dc,-0.66235656,0.0008881495106320018
1850,dc,0.4105087,0.6286177783601382
1851,dc,0.39327037,0.6030217742714714
1852,dc,0.0071827443,0.5338868645922654
1853,dc,0.11883679,0.9245911401398418
1854,dc,-0.010102364,0.7609139658958718
1855,dc,0.15062003,0.4266233151760832
1856,dc,0.05617714,0.8046954788362868
1857,dc,0.15402964,0.2962038943453059
1858,dc,0.47864994,0.9171518764798405
1859,dc,0.6124558,0.8327106376272836
186,dc,-0.17951487,1.1964481627328587
1860,dc,-0.030117504,-0.21591925514167443
1861,dc,1.097166,1.0361024407307917
1862,dc,0.5423383,1.2929421002428296
1863,dc,-0.054174393,0.9193816345530791
1864,dc,1.1836711,1.854873772052346
1865,dc,0.34311455,1.733276979868362
1866,dc,-0.13571458,1.1353480445226536
1867,dc,0.18370955,0.08092913299291879
1868,dc,1.1473218,1.2503441525268815
1869,dc,0.95452696,1.0218067421898238
187,dc,-1.4632512,-0.9660706246416613
1870,dc,-0.9986462,-1.3234476445660774
1871,dc,0.60425395,1.1856565540265842
1872,dc,0.20302728,1.7843502067678312
1873,dc,0.1113975,1.6727090924125916
1875,dc,-0.18632044,1.3112409897307307
1876,dc,-0.26799718,1.2123404364139174
1877,dc,-0.24518733,1.2278527094576317
1878,dc,-1.8486962,-2.378183588505414
1879,dc,0.43913582,-0.16742548415668376
188,dc,-0.7677844,-0.07575843379574275
1880,dc,0.36705783,1.2051654145152229
1881,dc,0.4599272,0.995713787620914
1882,dc,-0.015716625,1.2955581953565527
1883,dc,-0.20777875,0.6127408535277368
1884,dc,-0.375483,0.7232519903632422
1885,dc,0.045149606,0.29107589567254544
1886,dc,0.3025035,0.9234765163635075
1887,dc,0.09555498,1.4454530307160314
1888,dc,0.3261232,0.6301979263147446
1889,dc,0.09816647,-0.11515414044128727
189,dc,-0.66161567,0.5977313206824467
1890,dc,0.15541197,0.9615948430978947
1891,dc,1.0309947,0.5726893521846177
1892,dc,-0.22026597,0.5000046294355863
1893,dc,-0.15351161,0.5827730032694783
1894,dc,-0.12831113,0.6290173983255494
1895,dc,-1.2619383,-0.5829963908418457
1896,dc,-0.2988151,0.40361626339202766
1897,dc,-0.2846686,0.42110584859957007
1898,dc,0.3840113,1.243300925525597
1899,dc,0.27387226,0.5455848871773612
19,dc,1.6195834,1.798826592427227
190,dc,1.3708019,0.6480197823881162
1900,dc,-0.5096816,0.7077425394075317
1901,dc,0.40770012,0.7276520032907752
1902,dc,-0.11167303,1.1653940836920595
1903,dc,-0.4708694,0.21675059035928365
1904,dc,-0.47376278,0.7516602698925684
1905,dc,-0.33761913,0.6030726198633094
1906,dc,0.9043211,0.40301744314479904
1907,dc,0.2296632,1.6129702129614063
1908,dc,1.1261317,1.6147640165724362
1909,dc,-0.3486459,0.741795940753867
191,dc,-1.5831269,-1.1243637430798672
1910,dc,0.5407034,0.5291995920031209
1911,dc,0.4812265,1.341991010037235
1912,dc,0.19237167,0.9903127758599579
1913,dc,-0.2791563,-0.48277689896551185
1914,dc,0.74218905,0.18874121904396435
1915,dc,0.49863762,1.3635166533695948
1916,dc,0.86635596,1.6066816162102442
1917,dc,0.26968947,0.5171314248424674
1918,dc,1.0393246,1.8322627044098219
1919,dc,0.39015162,0.35943856022687204
192,dc,0.73505026,0.5083128086657601
1920,dc,0.289665,-0.37022790305301245
1921,dc,1.120054,1.936302686307583
1922,dc,0.52391255,0.5313685194751666
1923,dc,0.38832313,1.889893018676766
1924,dc,-0.6487672,-0.19064024525881698
1925,dc,0.8849006,1.5331085518425032
1926,dc,0.7256382,0.7684580771377648
1927,dc,0.81862825,1.4524107089405065
1928,dc,0.5690188,1.625279064144074
1929,dc,0.7630927,1.3728179425635691
193,dc,-0.8196203,0.3698830708610097
1930,dc,0.032203976,0.8192597740149178
1931,dc,-0.6085701,-0.3322582831946043
1932,dc,-0.100069396,0.08931732171497862
1933,dc,-1.0099396,-0.24799968365024241
1934,dc,0.05715794,0.2778586130190577
1935,dc,-0.8420952,0.08027501495351273
1936,dc,-0.8196058,0.6470551665677777
1937,dc,-1.1865046,-0.12232638750091467
1938,dc,-0.3799431,-0.16658282480915915
1939,dc,-0.36761025,-0.6903116897587044
194,dc,1.1391708,0.999792049885385
1940,dc,-1.5168543,-0.1712432734929111
1941,dc,-1.083216,-0.03234811728252857
1942,dc,-1.2544203,-0.2328165602972337
1943,dc,-1.2018957,-0.7585913501180933
1944,dc,-1.6630579,-0.8605091933693452
1945,dc,-1.764808,-1.3053106994335713
1946,dc,-1.2513225,-0.6245195758088774
1947,dc,-1.7689966,-2.109526245853676
1948,dc,-1.406209,-0.39325784888513204
1949,dc,-1.5815936,-0.9290948882091296
195,dc,-1.9846339,-1.6004547693123936
1950,dc,-1.2363194,-0.7418156421345945
1951,dc,-1.5935637,-0.9438937680001269
1952,dc,-1.1746814,-0.49017185933403773
1953,dc,0.55901426,0.8967052711415211
1954,dc,0.67095965,1.0404436249939046
1955,dc,-0.16063331,1.106895893895266
1956,dc,-0.15410414,1.1149680101449009
1957,dc,-1.1856889,-0.4960167730175767
1958,dc,0.47957873,0.5060272934868635
1959,dc,-0.432879,-0.4762822345102654
196,dc,-0.47044754,0.27572873334947684
1960,dc,0.69833744,0.5544518749510886
1961,dc,-1.1539781,-0.47714433483787455
1962,dc,-0.15248895,1.1354422191711693
1963,dc,-0.23561499,1.0145502651463227
1964,dc,-0.04671233,0.929144361872145
1965,dc,-0.33240387,0.8971365472518894
1966,dc,-0.14279439,1.1457460276278704
1967,dc,0.68674767,0.7638861230551667
1968,dc,-0.7595127,0.06475557762889164
1969,dc,-0.32327825,1.157512101596021
197,dc,0.86160046,0.6410953611036343
1970,dc,0.29687378,0.38597015028211773
1971,dc,-0.7702826,0.07951902330625182
1972,dc,-0.19298708,0.3326968371527665
1973,dc,-0.24309537,0.2666815277291009
1974,dc,0.06648891,0.1090011070411146
1975,dc,0.107166,0.1586807234332217
1976,dc,-0.9416142,0.15276081019061116
1977,dc,-1.0201975,0.05165550896330785
1978,dc,-1.2092767,-0.6868004875909186
1979,dc,-0.588616,-0.17133801917661304
198,dc,-0.88244516,0.31052749832114807
1980,dc,-0.28211358,-0.33335779566761325
1981,dc,-0.5336487,-0.6188100277286462
1982,dc,-1.879422,-1.8816445099019379
1983,dc,-1.8827631,-1.2846873636886051
1984,dc,-1.1365968,-0.9752150326219894
1985,dc,-0.9442876,-1.5641806158861047
1986,dc,-1.371541,-2.124566001354696
1987,dc,-1.023698,-0.9029642414678893
1988,dc,-0.8385336,-0.426470873838934
1989,dc,-1.0218843,-0.9007219869541019
199,dc,2.0008373,1.397096080783684
1990,dc,-1.1056751,-1.0043141454910836
1991,dc,-0.714057,-0.2658389558072383
1992,dc,-0.7225718,-0.49435812614680713
1993,dc,-0.87378913,0.1333010458187158
1994,dc,-0.22158654,0.3502527109886834
1995,dc,-0.20379913,0.37300403704653223
1996,dc,-1.195523,-0.2600734809067918
1997,dc,-1.1862353,-0.23920103663819578
1998,dc,-1.0984013,-0.13215523931757303
1999,dc,-0.6633239,0.17470978510687254
2,dc,0.50689554,0.5420370429165698
20,dc,3.2334085,3.5050894217518396
200,dc,1.4678327,1.1717101325487473
2000,dc,-0.37875623,0.15880826879057988
2001,dc,-1.2157019,-0.2739493529782182
2002,dc,-1.2929175,-0.5846610680339552
2003,dc,-0.5760414,0.5065384008731121
2004,dc,-1.3135507,-0.6074216591500909
2005,dc,0.14773425,0.5854657597584314
2006,dc,-0.95135677,-0.7956348411494238
2007,dc,-1.4688466,-0.8025614350603534
2008,dc,-0.88425237,-0.7066318619141511
2009,dc,-0.57556826,-0.325000143667522
201,dc,1.8805112,1.266441622012378
2010,dc,-2.8079455,-2.264673437008366
2011,dc,-2.568517,-2.0254350334800777
2012,dc,0.13968167,-0.38064734646441756
2013,dc,0.04121916,-0.2755125887631565
2014,dc,0.48121426,0.27103120398677333
2015,dc,0.1259385,-0.38952016956556396
2016,dc,-0.7219495,-1.2273347854680663
2017,dc,-1.6239642,-1.7504165328383672
2018,dc,-1.7467896,-2.4805336588843927
2019,dc,-2.0468557,-2.8634528786332623
202,dc,1.5372479,1.2634618479051607
2020,dc,-2.3255618,-2.395488674757312
2021,dc,-0.75328547,-0.7113636280105587
2022,dc,-0.41342357,0.4986899798635225
2023,dc,-1.1055865,-0.3695999018332162
2024,dc,-0.3172241,0.6261988347173119
2025,dc,0.0013196033,0.536199287262049
2026,dc,-2.1256125,-2.434749591793555
2027,dc,-2.1204612,-2.434752610446306
2028,dc,-0.9363391,-0.6257944531000758
2029,dc,-0.8670464,-0.7701855935527994
203,dc,1.3759733,1.2871878353952944
2030,dc,-2.3253217,-2.678560749061303
2031,dc,-2.3999944,-2.7691749726038344
2032,dc,-2.3492122,-2.706391846217785
2033,dc,-0.6812985,-0.2895570556543111
2034,dc,0.7328231,1.2541907499488554
2035,dc,-1.8013254,-1.6540339023397306
2036,dc,1.4599954,0.6382827762000973
2037,dc,0.84790057,0.8490553359158286
2038,dc,1.1488308,1.2075944870156046
2039,dc,1.2776694,0.9446770369389024
204,dc,0.2660369,0.33137767518328554
2040,dc,1.5943934,1.123309035662407
2041,dc,0.47956428,-0.015972978865432568
2042,dc,0.8609621,0.9729037779121212
2043,dc,0.6251369,1.1231005264694296
2044,dc,1.231096,1.3353339824408783
2045,dc,1.0401312,1.1778910010285728
2046,dc,1.5886903,1.3614250091700393
2047,dc,0.4935615,1.3137692224803406
2048,dc,1.404576,0.3827742256911203
2049,dc,1.2674605,0.21084295410617937
205,dc,-0.55437005,0.19227241734389314
2050,dc,1.0203668,0.6079961335393944
2051,dc,1.593001,0.8446881436968037
2052,dc,1.3776937,1.5548316825334771
2053,dc,1.0888149,0.19862459644935307
2054,dc,0.7541923,-0.20316797443856138
2055,dc,0.62513685,-0.36212604338343346
2056,dc,-1.1808491,-0.8667359240203719
2057,dc,0.9000362,0.5123446599943549
2058,dc,-0.7224121,-0.18409832511847543
2059,dc,1.3882216,1.0325666519731462
206,dc,1.4425832,1.3655409403142942
2060,dc,1.897538,2.146929210332558
2061,dc,1.0491303,0.4827021204493504
2062,dc,-1.0398164,-0.6752104928972795
2063,dc,1.2877101,0.9032709919328339
2064,dc,0.5013602,0.25458471183700265
2065,dc,-0.5829491,0.2103360493904525
2066,dc,0.9628444,0.8709699372968774
2067,dc,0.059010416,1.3663763391344146
2068,dc,0.68789923,0.5467670328783987
2069,dc,0.09587931,1.1511334948066458
207,dc,1.6843587,1.664022479705941
2070,dc,1.1338574,1.2202347687378319
2071,dc,1.4892,1.0030006987403062
2072,dc,-0.5895851,0.22654364237801297
2073,dc,-0.006615063,-0.5326190862991467
2074,dc,-0.5206398,0.6320810918164241
2075,dc,-0.3508615,0.8503162514088433
2076,dc,1.3679892,1.0754161544327852
2077,dc,0.015509942,0.769421382517706
2078,dc,1.3369198,0.9236556341245615
2079,dc,0.54334474,1.3703581041343191
208,dc,0.34873664,0.44970862231119263
2080,dc,0.5703898,1.3955086834010166
2081,dc,-0.6181737,0.19532738249426543
2082,dc,0.8290992,0.5064500377032998
2083,dc,0.2860048,1.352743573845934
2084,dc,-0.00482336,0.465895226752002
2085,dc,-0.97360075,0.09995304972085702
2086,dc,1.5271277,1.251095849006899
2087,dc,-0.05839319,0.40664048448049595
2088,dc,0.5351581,0.7206365350387743
2089,dc,-1.2971363,-2.2495481176141747
209,dc,1.8662124,1.869637140357358
2090,dc,1.7651274,1.4447220529810116
2091,dc,-0.32642367,0.5587745491631845
2092,dc,-1.5947868,-1.984876199490894
2093,dc,1.8325955,1.528133920893906
2094,dc,0.899435,1.317439386281734
2095,dc,-1.3995491,-0.7204075433467173
2096,dc,1.1710151,1.5097474338808488
2097,dc,-0.7665149,-0.9434165509149866
2098,dc,-1.6520934,-2.0173346178923253
2099,dc,1.2607836,1.9304573801420335
21,dc,2.7800539,2.4146119047338925
210,dc,1.2430608,1.0984512328957243
2100,dc,-0.30906016,0.42463680916044155
2101,dc,-0.47473416,0.4286189289187196
2102,dc,1.1914606,1.6713667032214095
2103,dc,1.3887609,1.377295352525276
2104,dc,-0.31726536,0.4157601485872119
2105,dc,-0.12902723,0.6320899781925563
2106,dc,1.0949875,1.1719133366050765
2107,dc,1.1653131,1.3250293593090656
2108,dc,1.306521,1.4960063371619792
2109,dc,1.3704271,1.158420140831172
211,dc,0.7065011,1.046358818709269
2110,dc,1.1496279,1.292671031991626
2111,dc,1.0965394,1.2425529672204687
2112,dc,0.7706765,0.9909054847918447
2113,dc,-1.4671214,-1.7713284713978554
2114,dc,-1.3379058,-1.617796482197831
2115,dc,1.340216,1.1206923479172046
2116,dc,1.2512411,1.2053655006318384
2117,dc,0.9164764,1.0176706515825453
2118,dc,0.2618961,0.19712354910232285
2119,dc,0.7741413,0.5091673168184468
212,dc,0.51511,0.8115171718179356
2120,dc,1.6527086,1.04955300740012
2121,dc,-1.0541351,-1.297800779648152
2122,dc,-0.82985204,-1.00085005130308
2123,dc,-1.3684683,-0.24201171474833913
2124,dc,-1.3677428,-0.24111481294282408
2125,dc,0.8266303,0.04073940510076609
2126,dc,1.2374077,0.31842052335798965
2127,dc,1.4157254,0.5355779752490173
2128,dc,-0.56646556,-0.7079992649501031
2129,dc,-1.466716,-1.7972364600411386
213,dc,0.84705365,0.9804132176387055
2130,dc,-1.2135487,-1.4816867550956716
2131,dc,-1.1140211,-1.3633604773229
2132,dc,-1.7599032,-0.7436718388311401
2133,dc,-0.10748555,-1.152143258606443
2134,dc,-1.5287551,-1.25472189605672
2135,dc,-0.7719786,-0.42828941466348197
2136,dc,-1.1126419,-1.6209323191928164
2137,dc,0.6569149,-0.20703254532731805
2138,dc,-0.22713384,-0.7877208310717817
2139,dc,1.5428764,1.5943846945244184
214,dc,0.9006365,1.0463356716594037
2140,dc,1.1138877,1.3947402167959255
2141,dc,-0.20429537,-0.7602456560207909
2142,dc,-0.01898559,-0.5318815732004636
2143,dc,1.704326,1.8350015314477153
2144,dc,0.07333355,-0.6377159862512326
2145,dc,0.05954977,-0.6547571205560175
2146,dc,0.6751807,0.3350678557221073
2147,dc,1.40234,1.6808291845697856
2148,dc,1.782039,1.868409158370291
2149,dc,1.7616587,1.8457021857025888
215,dc,0.7334773,0.8403241047255637
2150,dc,2.0840287,1.0631336693216162
2151,dc,0.7776222,0.7800078353262746
2152,dc,0.71778953,0.7053394253693039
2153,dc,0.4949928,1.2096812394360594
2154,dc,0.12580666,0.005373769968491775
2155,dc,2.7444184,1.8809855275236809
2156,dc,0.738771,1.5245498054193436
2157,dc,0.4973682,-0.06959133757831752
2158,dc,2.6308835,1.7406203949605843
2159,dc,2.7602246,1.6854669658664851
216,dc,0.9145294,1.0628779812982858
2160,dc,1.1770273,1.2877074788977927
2161,dc,2.243303,2.628264078854283
2162,dc,1.4049873,1.8045713228320042
2163,dc,1.4205769,1.281640954096013
2164,dc,1.0350702,0.6471961619228171
2165,dc,1.3713737,1.8081443281263996
2166,dc,2.438126,1.2761343027736434
2167,dc,1.4250693,1.8282756165640965
2168,dc,2.3511286,1.172853981728326
2169,dc,2.5483246,1.4134918536485641
217,dc,1.1435544,1.3428043463251023
2170,dc,0.7295602,0.793079502079391
2171,dc,3.0162609,2.5418450600359708
2172,dc,0.8728749,0.9668480377914944
2173,dc,0.8146095,0.8964615804063152
2174,dc,1.0771134,1.4415253357009226
2175,dc,3.2569237,2.8322106912287284
2176,dc,0.90431035,2.074736566859512
2177,dc,0.9044957,2.0619281835155356
2178,dc,1.0444643,1.1691173851226264
2179,dc,1.9245185,0.861629201734563
218,dc,2.4428189,2.2179619708979037
2180,dc,0.8021022,1.0911100750926874
2181,dc,1.4134954,1.092330539801763
2182,dc,0.9778916,1.1025539975826455
2183,dc,0.89376336,0.9951880421903728
2184,dc,1.6478753,2.469163645359373
2185,dc,-0.123021364,1.251885490659344
2186,dc,1.5012882,1.1843818704810503
2187,dc,1.4285027,1.2699036396609613
2188,dc,-0.114665724,1.2200478321462356
2189,dc,0.31674278,0.9642584019179699
219,dc,1.9667261,2.52706654364901
2190,dc,0.20561376,0.35872319589260804
2191,dc,0.23815213,0.3977151048381575
2192,dc,1.7309841,1.4741600387792333
2193,dc,1.619184,1.8308590253054804
2194,dc,2.4157534,1.3676766431637175
2195,dc,2.1681845,2.3484411463756762
2196,dc,1.6710234,1.7057300864920524
2197,dc,2.033661,1.463161489233532
2198,dc,0.3093212,1.044562089586387
2199,dc,2.411135,1.3743981199943955
22,dc,2.1958985,2.1142923489487147
220,dc,2.6700952,2.7768583140940883
2200,dc,0.33495462,0.4815227201798043
2201,dc,0.3845633,0.9005944819870878
2202,dc,2.603007,1.8263448944459004
2203,dc,1.19226,1.5808424192739192
2204,dc,0.22077113,0.3409511382479894
2205,dc,-0.23524287,0.5960966321817233
2206,dc,0.4097854,0.8312367803249776
2207,dc,1.5368887,1.0037668648525568
2208,dc,-0.6804582,0.0003047307122349555
2209,dc,0.6808718,1.5048155328482269
221,dc,3.5441835,4.304570242744445
2210,dc,0.60633135,1.3973347646433596
2211,dc,0.787896,2.32709079739394
2212,dc,-1.060552,-0.4595921560184699
2213,dc,1.4428682,1.555225656527611
2214,dc,-0.018435651,0.524539563790354
2215,dc,0.4926402,1.1651953824281533
2216,dc,1.5225942,1.666973514793363
2217,dc,1.0554467,1.596432341054234
2218,dc,0.10878045,1.0097543419630233
2219,dc,0.96392244,2.524672300924182
222,dc,1.3671466,1.890478504354028
2220,dc,0.6849567,1.141512777446886
2221,dc,2.0144646,2.583262043325673
2222,dc,0.7828259,1.041906303271577
2223,dc,2.1995919,1.5901236059639154
2224,dc,0.7538003,1.7346574336290153
2225,dc,-1.7873921,-2.1846068046208713
2226,dc,1.2208259,1.6198808144574537
2227,dc,1.0333889,1.0548095103393762
2228,dc,2.138036,1.1242479202787938
2229,dc,-1.8409504,-2.235978827074353
223,dc,2.9281752,2.996709656772327
2230,dc,0.62792,0.5649534996832041
2231,dc,1.6321199,1.817052531993063
2232,dc,-2.22385,-2.6977495911869696
2233,dc,2.733806,2.1799247284400285
2234,dc,1.5477169,2.4010541864335804
2235,dc,0.86092085,1.5732933642298632
2236,dc,0.14121659,-0.0010556767243085944
2237,dc,0.96193975,2.027614420592069
2238,dc,2.360938,1.3878516470771205
2239,dc,-0.3036557,-0.5854238216167109
224,dc,2.5160973,2.2666144701946025
2240,dc,-0.25588927,-0.5272680212908857
2241,dc,-1.5161682,-0.9751154779579788
2242,dc,0.45977145,0.38318536707981615
2243,dc,0.78141415,1.2503381856872609
2244,dc,0.5718795,0.5688698246839436
2245,dc,0.57106507,0.7829333094568109
2246,dc,-0.41208032,-0.4779112808020438
2247,dc,0.84324235,1.3293812204197122
2248,dc,0.815882,1.2924621125612674
2249,dc,-0.45868954,0.2553485563888475
225,dc,2.540887,2.53369088733231
2250,dc,0.24527827,0.594802817417437
2251,dc,0.31152883,0.675148287346671
2252,dc,0.5245258,0.723040632240972
2253,dc,-0.633169,-0.5312769382301857
2254,dc,0.45518622,0.39266861619227916
2255,dc,0.5155323,0.9216236739660164
2256,dc,-0.13042647,-0.8644693869117029
2257,dc,1.346666,1.727119979744904
2258,dc,-0.4308265,-0.2734526367952311
2259,dc,1.8856086,2.188059488516898
226,dc,1.7296398,1.7389380522889153
2260,dc,1.3332185,2.009907878795666
2261,dc,-0.5283773,-0.3951549782694659
2262,dc,-0.18537924,0.579139565783472
2263,dc,0.6934091,1.0503246311491807
2264,dc,0.48141828,0.9354921826426786
2265,dc,2.0671682,1.8793695735469176
2266,dc,0.27269801,1.0662600810763734
2267,dc,0.8402119,1.7785241039292257
2268,dc,0.93353146,1.7638545834581147
2269,dc,0.5692046,1.3221911509993236
227,dc,1.6998966,1.7070816753351614
2270,dc,1.2416937,1.5238199505994525
2271,dc,0.047791347,1.2650332134870799
2272,dc,1.7206798,1.5352678936870572
2273,dc,0.7517039,0.2942775778710115
2274,dc,-0.13247746,1.046554538836996
2275,dc,1.5828035,1.671077032164517
2276,dc,1.8765851,1.6527120167563143
2277,dc,0.86272615,1.4785211751532736
2278,dc,1.393839,1.0776891711321583
2279,dc,0.9371528,1.5691755185782426
228,dc,3.1421115,3.25910765971598
2280,dc,0.46531022,1.1531977747728603
2281,dc,1.1491343,1.405024135228827
2282,dc,0.5738217,0.1146813084991632
2283,dc,1.5843763,1.3612538806594747
2284,dc,1.8723879,1.7116519360977736
2285,dc,0.8279159,1.427913719506102
2286,dc,1.9203272,1.440113394112135
2287,dc,0.8360208,1.4281372022978946
2288,dc,1.841371,1.6857547768347585
2289,dc,0.5132713,0.7337880875398199
229,dc,-2.5685017,-2.796539860230064
2290,dc,1.4310123,1.0004339278241103
2291,dc,1.8867434,1.7476995232792971
2292,dc,1.9115611,1.4095284719852916
2293,dc,1.7659167,1.457344996420801
2294,dc,0.7561822,0.2074438781221251
2295,dc,1.3428549,1.7403175869876848
2296,dc,-0.07851728,-0.00964547380273609
2297,dc,1.6952085,1.3572348194939372
2298,dc,2.3217075,2.27690663417358
2299,dc,1.5231084,1.163367283417981
23,dc,1.6702077,1.4483072907174752
230,dc,-3.617595,-4.068670688270009
2300,dc,1.5955374,1.2385570397868841
2301,dc,1.5806773,1.1854336309356415
2302,dc,2.3309329,1.9393209226367127
2303,dc,1.6083939,1.8639784402744664
2304,dc,1.5489497,1.7885752249830567
2305,dc,2.0471768,1.9240410601713616
2306,dc,2.31464,1.9165061329507136
2307,dc,2.389164,1.9934526129198626
2308,dc,2.1598308,1.9251743336948675
2309,dc,0.9198631,1.2184881213562884
231,dc,-0.15928315,0.5192543195742801
2310,dc,1.4245025,1.894993529926237
2311,dc,2.313437,2.4606664062644827
2312,dc,0.8738206,1.1620641819780702
2313,dc,2.5378463,2.933203032436992
2314,dc,1.9049621,1.6104564329311897
2315,dc,1.9427826,1.6590850762465925
2316,dc,2.633418,2.2888749147400116
2317,dc,1.4695113,1.6642169477526991
2318,dc,1.2299454,1.6300313983689223
2319,dc,2.0271354,1.5459165305187617
232,dc,-0.012864034,0.16400833574217286
2320,dc,1.4845219,1.6842726944639408
2321,dc,1.5104535,1.7192682221554183
2322,dc,1.5615983,2.0693457725297706
2323,dc,-0.39051944,-0.36938386281863744
2324,dc,1.4991499,1.7545226355152121
2325,dc,1.039244,1.1265247036458157
2326,dc,1.7514329,2.30153875497362
2327,dc,2.075049,1.6095783269924706
2328,dc,2.2174382,2.8755966628805503
2329,dc,1.4077426,1.6394487896371719
233,dc,0.1887525,0.42256191242008584
2330,dc,1.8793974,1.905731255741951
2331,dc,0.91218245,1.2380885264492447
2332,dc,1.448582,1.9189760948271446
2333,dc,1.1314825,1.2778112971325142
2334,dc,2.5789435,2.217799663271134
2335,dc,0.8802683,1.1983987553366175
2336,dc,1.7205675,1.121201033836431
2337,dc,2.695257,2.1482714660191977
2338,dc,1.4778707,1.7343925651103103
2339,dc,1.3995192,1.1068639714050295
234,dc,0.21329184,0.45369756868832517
2340,dc,1.2254944,1.642590189970864
2341,dc,1.1703444,1.57982059881294
2342,dc,1.1237158,1.5249249991400424
2343,dc,1.4229586,1.6697608113534879
2344,dc,4.5565333,1.714683872438846
2345,dc,0.44827706,0.7001367024097229
2346,dc,1.749945,1.1614174890561402
2347,dc,1.2727845,1.7045299036679689
2348,dc,1.37208,1.821869735294812
2349,dc,1.2131745,0.4808681900709491
235,dc,0.27718833,0.531507540006296
2350,dc,0.6950966,-0.16244623048267157
2351,dc,1.7555118,1.1624866613627736
2352,dc,1.7816284,1.1947751263613133
2353,dc,0.96733624,1.0913107251056273
2354,dc,1.5756121,0.9359296100520812
2355,dc,1.3625559,0.6474926486061031
2356,dc,4.1145864,0.6055081306916849
2357,dc,0.12512173,0.692877027160499
2358,dc,0.4718796,0.7202952990924163
2359,dc,0.33425778,0.2559864748802894
236,dc,-1.840597,-2.0573819049780036
2360,dc,4.5976086,1.5278565979545917
2361,dc,0.024593165,0.12374490720656461
2362,dc,0.9558036,0.1513711382732005
2363,dc,-0.14291093,0.36270914717623837
2364,dc,-0.33255473,0.23691431119381814
2365,dc,0.77241397,1.43384074963389
2366,dc,-0.23063,-0.1683419801344963
2367,dc,0.018479163,0.7759711124755679
2368,dc,1.0737313,0.6491479057843565
2369,dc,4.409928,1.5258456223103272
237,dc,-0.37990314,0.3994884964617849
2370,dc,1.6697737,1.4394838941762382
2371,dc,0.7083135,0.9942808362463149
2372,dc,0.72743726,1.034194461365836
2373,dc,1.8889604,1.3306138395408211
2374,dc,0.22248669,0.5291668663735138
2375,dc,1.1305194,1.5210516178079039
2376,dc,0.6867701,0.3750210699482512
2377,dc,0.7346849,0.4174088922668189
2378,dc,0.13365014,0.9406872466110284
2379,dc,1.3581908,1.2427581604929034
238,dc,-1.5660964,-0.8579655675693308
2380,dc,-0.40960586,0.25567749858344785
2381,dc,1.7463069,1.743490701724915
2382,dc,-1.8514574,-2.806289182576307
2383,dc,0.69154584,1.6347510509157146
2384,dc,-0.23087023,0.4919749951805451
2385,dc,0.549472,0.6601472665300774
2386,dc,1.9646711,1.968651886556828
2387,dc,0.7071332,1.651672717548414
2388,dc,0.96524704,1.174707487292365
2389,dc,0.12460329,0.9328930069874327
239,dc,-1.5960883,-0.8881575352118039
2390,dc,-1.1337845,-1.8883497449924622
2391,dc,1.0921346,1.3178856459545627
2392,dc,-0.25419635,0.46909617267482456
2393,dc,0.08782432,0.8826829464387237
2394,dc,0.7256291,0.6528840386697936
2395,dc,0.8998356,1.488956541365706
2396,dc,1.0122571,1.6329082145552507
2397,dc,1.0561645,1.2704880183261502
2398,dc,0.44576308,1.2197272936139356
2399,dc,-1.9936134,-1.9066188626145533
24,dc,1.2635294,1.6006186634011725
240,dc,-2.9302666,-3.019564260185349
2400,dc,-0.23939155,1.0222474938970874
2401,dc,0.69253755,0.9800915210504875
2402,dc,1.0627822,1.299426745463011
2403,dc,0.0032713423,1.309468839919426
2404,dc,-0.65093744,-0.025942163276366604
2405,dc,-0.23000781,1.0126153803174736
2406,dc,0.048159167,0.7148009646721994
2407,dc,-0.03343799,0.10725422682817162
2408,dc,0.023325777,1.3443511086739273
2409,dc,0.931004,1.1613434107417122
241,dc,-2.9306293,-3.558988906731407
2410,dc,-0.26591817,0.9682187409444817
2411,dc,-0.11318423,0.6324082024160266
2412,dc,-0.18724225,1.0724793592174138
2413,dc,-0.72574323,-0.1295882601798877
2414,dc,-0.3152737,0.9115175858642498
2415,dc,0.28475103,0.46528091781942243
2416,dc,1.285647,1.4686229616965525
2417,dc,-0.0071837627,1.2811698654030574
2418,dc,1.0793152,1.4687980780941738
2419,dc,0.5305673,0.7728108508393194
242,dc,-3.5603013,-4.3000461431930335
2420,dc,1.4163519,1.3108385493391346
2421,dc,0.52633035,1.5287644068284558
2422,dc,0.6028053,1.4048706800892494
2423,dc,0.7090349,0.9665634671890492
2424,dc,1.2150751,1.0613629202128356
2425,dc,1.7384064,1.7193960445269212
2426,dc,1.6197258,1.5604074530111665
2427,dc,0.500783,1.5109956004441527
2428,dc,0.4765077,1.48608043657461
2429,dc,0.49741748,1.5155739433640587
243,dc,-3.713011,-4.488843973253939
2430,dc,0.2902948,1.251942234884787
2431,dc,1.397697,1.5867601464125236
2432,dc,1.1029676,0.918545795189567
2433,dc,0.89985406,1.2073977194486085
2434,dc,1.031583,1.9625526682022763
2435,dc,0.568015,1.6192461227959833
2436,dc,1.4273542,1.664107455787545
2437,dc,0.12669517,1.179832110562127
2438,dc,0.05621872,0.5470024605612686
2439,dc,-1.4637407,0.28164898383107106
244,dc,-3.5179217,-3.3939361770808922
2440,dc,1.3079327,2.52202171138434
2441,dc,-0.59036356,1.3437852031868165
2442,dc,0.85554576,0.9118061892556913
2443,dc,0.4122608,2.06631422409029
2444,dc,0.8824896,0.9493642267122723
2445,dc,0.8604928,1.4446494241615646
2446,dc,-2.2331169,-2.2344939766577485
2447,dc,1.2646796,2.586997001666928
2448,dc,-0.14593968,1.3851259743343562
2449,dc,-0.155698,1.9127867015799846
245,dc,-1.2572312,-0.976293101391134
2450,dc,0.8239679,1.5004312537967375
2451,dc,-0.8075114,-0.5233229776241458
2452,dc,0.080731645,1.9904360117355033
2453,dc,0.2941573,1.9257879898564365
2454,dc,0.59298927,1.3743736514251688
2455,dc,-0.015777817,0.6213666686129952
2456,dc,-1.179568,0.38612878320928296
2457,dc,-1.6246831,0.055449137023135905
2458,dc,0.2704095,0.971399789970492
2459,dc,0.77875286,1.9827100917146212
246,dc,-2.4418516,-3.6919727456442857
2460,dc,0.15798393,0.8369518828565675
2461,dc,-0.2994229,1.20162042203548
2462,dc,0.88880265,2.127154853048453
2463,dc,0.17178477,1.5483695002474223
2464,dc,0.53873193,1.1985836917182535
2465,dc,-0.042263314,-0.0021129310795028207
2466,dc,-0.2642672,-0.06184863667430105
2467,dc,0.587225,1.2540112224210387
2468,dc,0.33586216,1.1699302104229634
2469,dc,0.41114968,1.563356403883636
247,dc,-3.9488485,-4.8053346347536
2470,dc,0.36426196,1.2043643153963517
2471,dc,-1.3949465,0.12797120169718978
2472,dc,0.01210755,1.5553846511239935
2473,dc,-0.37038,1.0737693582584789
2474,dc,0.28126174,0.7814427280394279
2475,dc,0.41493383,1.0224075825419705
2476,dc,0.3725793,0.7483402397692944
2477,dc,-0.23170635,0.5796135622775404
2478,dc,1.0906276,0.9160798864425023
2479,dc,-1.202676,-0.38000673615615765
248,dc,-1.1713469,-1.0488321922047237
2480,dc,-0.5085132,-0.967581043512365
2481,dc,0.55704236,0.8321417760761731
2482,dc,-0.7726335,-1.3813160611187858
2483,dc,1.1228406,0.7593292997837847
2484,dc,0.92971766,0.7412870678447506
2485,dc,0.4433916,0.11616640775888969
2486,dc,0.76810586,0.3228920756814985
2487,dc,0.95441014,0.823714478386617
2488,dc,0.79066545,0.36709190471547504
2489,dc,0.8718569,0.4652222337913356
249,dc,0.57112485,1.1271419620720833
2490,dc,1.0433427,0.8927875718393115
2491,dc,0.9549384,0.7839451650738488
2492,dc,0.7203986,0.48531798807404947
2493,dc,0.6500532,0.411515685273984
2494,dc,-0.8170683,-1.3570175149930135
2495,dc,0.83195716,1.1658838428405007
2496,dc,0.49993765,0.21423180047392396
2497,dc,-0.36921546,-0.8564333738576891
2498,dc,-1.4044615,-0.6775338037191014
2499,dc,0.50249946,0.22621327899884827
25,dc,2.8181353,2.6633179316540416
250,dc,-0.008473519,0.4608245288893605
2500,dc,-0.45221698,-0.9240916297076348
2501,dc,-1.155093,-0.2928980917846339
2502,dc,-0.5914213,-1.1097001076390953
2503,dc,-2.0705936,-1.9975507549064992
2504,dc,-0.616543,-0.39773369349753296
2505,dc,-0.9288429,-0.5629149119551609
2506,dc,-0.88786274,-0.5117610510556082
2507,dc,-2.0254145,-2.8354394129228346
2508,dc,-0.55272305,-0.3153314396142409
2509,dc,-0.9323627,-0.026271790418587695
251,dc,-1.1439518,-1.270564417060793
2510,dc,-0.29792383,-0.8010123029191288
2511,dc,-0.34108883,-0.8543779603472709
2512,dc,-0.33818698,-0.8507903531252109
2513,dc,-1.6127244,-1.450099623517401
2514,dc,1.2602851,1.1451482121244665
2515,dc,-0.6207876,-1.4522034044912473
2516,dc,0.24519761,-0.11433884727111983
2517,dc,-0.9294344,-0.5075589519447888
2518,dc,-0.99387085,-0.5840637934557832
2519,dc,-0.89315075,0.042878171581864515
252,dc,-0.2572635,0.153750535749264
2520,dc,0.6112737,0.34865375651571345
2521,dc,0.2999498,0.024834911664954742
2522,dc,0.24338557,-0.12489409871854561
2523,dc,-0.7690239,-0.34295709020035614
2524,dc,0.059676774,0.6640328498544933
2525,dc,0.58817,0.35781911566223107
2526,dc,-0.27047503,0.24251537750202815
2527,dc,-0.063311115,-0.4976507808157625
2528,dc,-0.47512653,-0.1990128807566043
2529,dc,-0.114295214,-0.5560361422447732
253,dc,-0.24529338,0.16854941554026123
2530,dc,-0.06802662,-0.5034806425516098
2531,dc,0.20525566,-0.1617037217644621
2532,dc,-0.9170045,-0.5337779501282554
2533,dc,-0.5446378,-0.09428673722632881
2534,dc,-0.5071997,-0.2202520820473172
2535,dc,-0.81046367,-0.3700836046359721
2536,dc,-0.69591933,-0.2531612551557864
2537,dc,-0.5343657,-0.25858314199518806
2538,dc,-0.53966826,-0.2928599637345666
2539,dc,-0.60309064,-0.16500801142359395
254,dc,-0.910293,-0.6600911747656006
2540,dc,-0.4265786,0.05617753558904775
2541,dc,-1.0534959,-0.3077720641939033
2542,dc,-1.0823125,-0.34128513171619007
2543,dc,-0.8370846,-0.20687958636172818
2544,dc,-1.4241929,-0.9587478011383368
2545,dc,-0.3476433,0.16708511247163496
2546,dc,-0.84234416,-0.048668258179120606
2547,dc,-0.44231388,0.058744727971536334
2548,dc,-0.4991991,0.36217430913216825
2549,dc,-0.74314547,0.06508458099556333
255,dc,-1.1699167,-0.9932848415801399
2550,dc,-0.6596006,0.49664416718512233
2551,dc,-0.6904327,0.45852584045073513
2552,dc,0.1317726,0.546967053997791
2553,dc,-0.72007746,-0.3472203800967769
2554,dc,-0.19998474,0.38192139423059296
2555,dc,-0.4399636,0.030488966966996364
2556,dc,-0.5572687,-0.04616067421374802
2557,dc,-0.55336225,-0.06462612687670594
2558,dc,0.16287355,0.8158930588519195
2559,dc,-0.44189048,-0.28279288683417136
256,dc,-1.223523,-1.0503749579305572
2560,dc,-0.91483045,-0.6099838930724335
2561,dc,-1.0843747,-0.27805960989053125
2562,dc,-0.693355,0.01238460574857022
2563,dc,-0.8771709,-0.41571918573653033
2564,dc,-0.05270627,0.5666485839871561
2565,dc,0.010191285,0.6366509988842378
2566,dc,0.10098159,0.46734004988797323
2567,dc,0.04792848,0.41868085631142793
2568,dc,-0.20525564,0.39316410613260616
2569,dc,-0.07380778,0.04816085596972554
257,dc,-2.6608233,-0.9935214458641647
2570,dc,-0.08831703,0.030222819859425668
2571,dc,-0.37494057,-0.020744701590988984
2572,dc,0.021250466,0.9582903657187458
2573,dc,-0.47292542,0.3965381279986474
2574,dc,-0.18170163,0.9273472534284786
2575,dc,0.46613452,1.041534145087929
2576,dc,0.33731964,0.7471812323446108
2577,dc,-0.34438476,0.5645265105824193
2578,dc,0.4355035,0.6492630628473315
2579,dc,-0.77967876,-0.2944660801617677
258,dc,-1.471184,-0.8327662556338995
2580,dc,-0.64880306,0.40538148547573066
2581,dc,-0.81556004,-0.004561981863309537
2582,dc,0.017223096,0.21147718775180852
2583,dc,0.056402612,0.2685181937944103
2584,dc,-3.6459265,-3.4932872081263557
2585,dc,-2.945705,-2.6402145555244587
2586,dc,-2.187069,-1.7942505364741264
2587,dc,0.075896345,0.036911846576218175
2588,dc,0.48365283,0.5380163886419245
2589,dc,0.3262167,0.342973398601783
259,dc,-0.88020825,-0.8947075463735457
2590,dc,-0.6748082,0.15772173040609
2591,dc,0.62370926,0.7092238177162379
2592,dc,0.7270876,0.8370323250021244
2593,dc,-0.64617956,0.5132368505871497
2594,dc,-0.66223055,0.49377587470345613
2595,dc,0.12980652,0.0938489900432986
2596,dc,-0.741436,-0.9779668582441513
2597,dc,-1.9072666,-1.3302322385738765
2598,dc,0.37518254,0.1936291977483465
2599,dc,-1.4147652,-0.7204744031873139
26,dc,1.8721919,2.1167351987981027
260,dc,-1.4092163,-0.7576527115738521
2600,dc,-1.1623999,-0.14833506355095596
2601,dc,-1.2865064,-0.3212399164712752
2602,dc,-1.1993774,-0.19469297823652046
2603,dc,0.42747506,0.2755373699464664
2604,dc,-0.9019805,-0.314750713931926
2605,dc,-1.0804492,-0.3312767649854972
2606,dc,-1.2425034,-0.5530380150024262
2607,dc,1.2455293,1.4988637663882858
2608,dc,0.035869777,0.2681100351716977
2609,dc,1.0369817,1.238488609757534
261,dc,1.2789612,0.5679135180673979
2610,dc,-1.4365133,-0.7935061326944193
2611,dc,-0.2493502,0.4565529456269118
2612,dc,-0.5088197,0.7045486921607087
2613,dc,-0.23457916,0.4835538336846925
2614,dc,-1.2472585,-0.2386433641587116
2615,dc,-0.45933378,0.7639309710600902
2616,dc,0.13637449,1.5082322543956568
2617,dc,-0.6214009,-0.8691209930421725
2618,dc,-0.7956622,-0.7589279975625912
2619,dc,-0.26156878,0.47057753871036956
262,dc,1.5076325,0.8579017155748989
2620,dc,-0.38656792,0.32138220412081286
2621,dc,0.34019884,1.2144880449237065
2622,dc,0.18016846,1.2317748646455682
2623,dc,0.1504624,1.1961671269165939
2624,dc,-0.3534896,-0.6797248077487014
2625,dc,-0.37747642,0.3298063855693761
2626,dc,-0.37706712,-0.7088741164279386
2627,dc,-0.59154814,-0.753203492623523
2628,dc,-0.8862259,-1.123457410616414
2629,dc,0.3948882,1.271028777045146
263,dc,1.5598525,1.2440718292250252
2630,dc,0.21408527,0.42323762397557596
2631,dc,-1.9050559,-1.2897230549611134
2632,dc,0.09220996,0.770733915275924
2633,dc,0.47947562,0.5590543674452667
2634,dc,-1.0070007,-1.0688399938163715
2635,dc,-0.9621915,-0.11140427794437827
2636,dc,-0.8887944,-0.02671738035948576
2637,dc,-3.2801156,-3.054433001412015
2638,dc,-2.100799,-1.5266328665317814
2639,dc,-2.2444603,-1.6893576461290647
264,dc,1.9772415,1.748269886767016
2640,dc,-2.1911738,-1.6342736553202168
2641,dc,-2.8223896,-1.7985013744687477
2642,dc,-5.0662994,-5.3318174856035565
2643,dc,-2.1869917,-1.671717338614142
2644,dc,-2.7651148,-1.7613402559882334
2645,dc,-2.8184361,-1.8272625386935852
2646,dc,-2.5125318,-2.072422365469286
2647,dc,-5.2107015,-4.845232373895755
2648,dc,2.5855527,2.218861506292937
2649,dc,2.8515525,1.7737422390362994
265,dc,1.926189,1.1469780378134218
2650,dc,2.983619,1.936159010259384
2651,dc,2.2496138,1.8121055818971004
2652,dc,2.2898455,2.0780329947768914
2653,dc,-2.24502,-1.948845405182967
2654,dc,-0.594225,-0.3996209459352169
2655,dc,-2.038125,-1.6972244969570205
2656,dc,-1.9732637,-1.6194680126461665
2657,dc,-0.61376536,-0.791259269023953
2658,dc,-0.6788571,-0.8725436211337327
2659,dc,-1.3713952,-0.3431110364216705
266,dc,1.8953798,1.8657522695656577
2660,dc,-1.2248518,-0.7009130673509424
2661,dc,-1.1060776,-0.17196213950948971
2662,dc,0.98383754,1.7272967664094852
2663,dc,1.0444137,1.8021880671699868
2664,dc,-0.32623756,0.09987985664785091
2665,dc,-0.38137266,0.03171531942871152
2666,dc,1.0266944,0.755244307297369
2667,dc,1.1036063,0.8527602599464386
2668,dc,1.9895774,1.7051300457334493
2669,dc,0.92477334,0.6242640819489285
267,dc,0.89414877,1.2919972739503331
2670,dc,2.0655317,1.817841566165638
2671,dc,2.0862978,1.836539529296821
2672,dc,2.700874,2.8121933903878555
2673,dc,2.3359585,2.363780584647316
2674,dc,0.8967003,1.6233164837931902
2675,dc,2.223021,2.7385109988756757
2676,dc,2.2737446,2.2777520093415897
2677,dc,2.4325938,2.996557901545666
2678,dc,1.8715668,2.2863264627698263
2679,dc,2.8861804,3.552096834534152
268,dc,1.5648186,0.9189972451601562
2680,dc,0.4506552,1.1424251660098774
2681,dc,1.4665394,1.7634561414538452
2682,dc,0.26800197,0.9190809583638216
2683,dc,1.5622302,1.8808277738805665
2684,dc,1.4885778,1.790466251622778
2685,dc,1.4045124,1.6867710370823132
2686,dc,1.5013505,1.597829717247919
2687,dc,2.0456486,2.478033213748943
2688,dc,1.9771401,2.394018243587248
2689,dc,1.4548938,1.7505269800918444
269,dc,1.1783653,1.4189873785920901
2690,dc,2.1331143,2.5868521317729716
2691,dc,2.1476517,2.6032588598576814
2692,dc,1.0583285,1.2466087693768015
2693,dc,0.7365202,0.8507097904067612
2694,dc,-0.18919937,-1.099045740800676
2695,dc,-0.10068732,-0.9893342610014201
2696,dc,1.069688,0.3418730275550493
2697,dc,0.768591,0.18905446225634207
2698,dc,-0.11882386,-1.011756806139295
2699,dc,0.32707417,-0.35368998192379103
27,dc,1.652588,2.10398649665761
270,dc,1.4731247,0.8052192204537856
2700,dc,0.20611554,-0.6124610245513161
2701,dc,0.6419945,-0.18813745275628338
2702,dc,0.6773028,-0.16236237029635883
2703,dc,0.37573376,-0.3988636082611081
2704,dc,0.14280921,-0.6862222031146885
2705,dc,0.23741409,-0.5648781573694376
2706,dc,-0.736309,-1.9622575057668585
2707,dc,0.034626763,-0.805196214660041
2708,dc,-0.88212687,-2.1425347686753717
2709,dc,-0.094177455,-0.9736987126753719
271,dc,1.6660346,1.587338276624596
2710,dc,-0.067941986,-0.9308541956310619
2711,dc,0.88128805,0.38504125267131223
2712,dc,1.3111243,0.916455572438945
2713,dc,2.002893,0.5946395626310927
2714,dc,1.4038172,-0.15096613224744082
2715,dc,0.9157726,-0.5287009715243141
2716,dc,0.82087135,-0.6443809700879999
2717,dc,2.6050436,1.5663002951957048
2718,dc,2.431674,1.352948997837561
2719,dc,1.3461332,-0.21402462999707222
272,dc,1.2423618,0.7367381719817749
2720,dc,2.0772405,1.6746444932114035
2721,dc,2.8139596,1.597375781196854
2722,dc,1.9717221,1.5579904488890477
2723,dc,1.2995877,0.92872906576379
2724,dc,1.5127692,1.2001797050603178
2725,dc,1.3677886,0.028589532164834744
2726,dc,1.7645051,1.302372451417925
2727,dc,2.276387,0.9307869496324607
2728,dc,1.6734569,1.7966915480384915
2729,dc,1.4261271,0.9257311154437645
273,dc,0.89533216,0.835543091738739
2730,dc,1.0785263,0.9863086316587911
2731,dc,1.1920356,1.1254364270683583
2732,dc,1.8603077,2.0199316081467806
2733,dc,2.3759823,1.7037256734588178
2734,dc,2.265906,1.5680871933151577
2735,dc,1.6575603,0.8640878096170462
2736,dc,2.1669736,1.0018625134632175
2737,dc,2.4190583,1.635129074532724
2738,dc,1.2673246,1.2824802504607244
2739,dc,1.4526333,1.522056510973209
274,dc,-0.44790816,-1.1242911459866765
2740,dc,0.9760844,0.858383478758567
2741,dc,1.554293,1.1137659754810694
2742,dc,2.4359927,1.6551665481241626
2743,dc,0.91547,0.7910181955845967
2744,dc,1.2643812,1.2912950861198527
2745,dc,1.7039824,1.2768107499607475
2746,dc,1.6048131,1.3955995917814954
2747,dc,1.146285,0.8193892794341701
2748,dc,1.6072807,1.344980193855208
2749,dc,1.867313,1.0944322831834754
275,dc,-0.7876388,-1.536984821330886
2750,dc,1.7769202,0.9832997792337314
2751,dc,1.231674,1.1873932927088033
2752,dc,1.2424685,0.7571075344832099
2753,dc,1.5922722,1.7768301392315995
2754,dc,0.71347195,-0.463865826815034
2755,dc,0.37807223,-0.8839753003443299
2756,dc,0.14804342,-1.4174574544677772
2757,dc,0.9291213,0.1429725242745096
2758,dc,0.15926386,-1.3780374878158488
2759,dc,1.66246,0.5283356474600055
276,dc,-1.5830882,-1.753191086992331
2760,dc,1.4955143,0.5472362668423202
2761,dc,1.2900894,0.8917475467024794
2762,dc,1.1031916,0.6744780991649929
2763,dc,1.0600067,0.8239568734689287
2764,dc,0.37411803,-0.026738019405214062
2765,dc,1.7280017,0.6275316172851502
2766,dc,0.80116564,0.2982155080404151
2767,dc,0.9486232,-0.14352400437181437
2768,dc,0.83367884,-0.4834933158421649
2769,dc,1.1885135,-0.0691615731421011
277,dc,-1.1736785,-1.296710937267261
2770,dc,1.8743595,0.9711875643258786
2771,dc,1.4003879,0.1629412257037294
2772,dc,0.3202018,-0.9325604224272627
2773,dc,2.3898575,1.5923813039037522
2774,dc,1.6204336,1.5286853333899717
2775,dc,1.7518371,1.717102101258319
2776,dc,0.5462559,-0.6472438601336368
2777,dc,1.6558512,2.1252749316299613
2778,dc,2.483981,1.5035697348039647
2779,dc,1.799491,1.7721982904122682
278,dc,-1.1910355,-1.3186496139659198
2780,dc,0.8253663,-0.14048428978247593
2781,dc,2.7536488,2.054642373479917
2782,dc,1.543969,1.9414010268365625
2783,dc,1.7254628,0.8287481625305578
2784,dc,0.5211257,-0.2918164484138717
2785,dc,1.4425669,0.8394873361150484
2786,dc,0.6633259,0.8536548863648916
2787,dc,1.4318063,0.8245172923964478
2788,dc,0.7305572,0.7153058007123702
2789,dc,2.6534743,1.9391280263838127
279,dc,-1.8969784,-0.8940837687961902
2790,dc,2.2927468,1.4983925245012453
2791,dc,0.722029,0.9247323723001208
2792,dc,0.84522945,0.11117491287392894
2793,dc,2.575091,1.8329670386696177
2794,dc,2.6707463,1.964697604888593
2795,dc,1.2726325,0.26672665824131325
2796,dc,0.314976,0.4090477073265115
2797,dc,2.6764016,1.9758803878680156
2798,dc,1.3393039,0.5224776412515052
2799,dc,0.90961987,-0.17887923631347105
28,dc,-1.6829432,-2.0918598166637747
280,dc,-1.7324097,-1.6931717545762512
2800,dc,1.0886055,0.43415314775602615
2801,dc,1.2443057,0.6130923951288275
2802,dc,1.785537,0.9342204133567471
2803,dc,1.2920382,0.6729572272715285
2804,dc,1.7812432,1.3176945643092863
2805,dc,2.8948648,2.2476521972457797
2806,dc,3.003101,2.169549152680664
2807,dc,1.56267,1.707013113699587
2808,dc,1.3591404,1.4228372875696542
2809,dc,0.81181633,1.0556830937796795
281,dc,-4.264437,-4.422094069987903
2810,dc,1.3952748,1.2781899160641352
2811,dc,1.2829666,1.6505444802725737
2812,dc,2.1001854,2.3590709676177295
2813,dc,1.5222504,1.6381318730909387
2814,dc,2.1111038,2.3734228302196376
2815,dc,-0.45129105,-1.5228567282291854
2816,dc,1.6806004,1.6527094234832158
2817,dc,1.790862,1.7847564067021344
2818,dc,1.3041477,1.4643105438454396
2819,dc,1.571969,1.5264223886659638
282,dc,-1.3496903,-0.2864313045471266
2820,dc,1.7722785,1.7606317861521517
2821,dc,-2.1249113,-3.684296931500121
2822,dc,0.41124663,0.5763265854966606
2823,dc,0.9397087,0.9311164946323417
2824,dc,0.8548938,1.1180453942083683
2825,dc,0.92299134,0.8983546543049942
2826,dc,0.7077503,0.937745037573927
2827,dc,1.1801773,1.0507809491724884
2828,dc,1.8154416,2.0120618807282833
2829,dc,1.6506417,1.9072424835383226
283,dc,-1.0841453,-0.5088566351133095
2830,dc,1.2172326,1.2479270135458713
2831,dc,0.9507394,0.9338534271729192
2832,dc,0.8679761,0.8241047668323616
2833,dc,1.3137138,1.365230360001581
2834,dc,1.3920531,1.5892639148307073
2835,dc,2.1313467,2.3997552034628225
2836,dc,0.29451388,-0.0603891001256168
2837,dc,0.17225993,-0.047216552244106993
2838,dc,2.4131842,3.2915064316421754
2839,dc,2.2195294,3.052596975721218
284,dc,-0.65339696,0.5589355444613237
2840,dc,1.9879076,2.23228280715059
2841,dc,1.7070613,1.8728343221079184
2842,dc,1.9466548,2.164542639411434
2843,dc,0.8410513,1.4763872310278128
2844,dc,1.2334527,1.9426923862384682
2845,dc,1.4307463,2.1890777674711432
2846,dc,1.5324937,2.325825654329005
2847,dc,0.80276936,0.6113640840854541
2848,dc,0.84714246,0.5370091296129759
2849,dc,0.86816144,1.4917393443822236
285,dc,-1.9010257,-2.6516679486487615
2850,dc,1.4939846,2.183091998122362
2851,dc,1.5830356,2.29364929300286
2852,dc,0.65001446,1.211075456761531
2853,dc,1.4383339,1.7131579375051242
2854,dc,1.6964126,1.869412995278328
2855,dc,0.53810143,1.2604554534355792
2856,dc,0.63227516,1.3577710830227003
2857,dc,0.8230417,1.5981389832119737
2858,dc,0.70001304,0.1520943361310159
2859,dc,0.77702147,0.2389156614337791
286,dc,-2.5444274,-3.427837763244989
2860,dc,0.8579946,1.5061738448813689
2861,dc,0.89354223,1.5501220333516037
2862,dc,1.1455559,0.13608881513312446
2863,dc,1.2535013,0.19629553962567395
2864,dc,2.3998854,1.671092249098391
2865,dc,1.2445602,0.2741613912550552
2866,dc,-0.13620569,-1.574240154035279
2867,dc,1.2636588,0.2803369488211906
2868,dc,1.1962782,0.19217209427000603
2869,dc,0.2558677,-1.0653317676042209
287,dc,-0.8486231,-1.3390743600476822
2870,dc,1.582697,0.6435239883222705
2871,dc,1.5656365,0.6726120005069244
2872,dc,-0.2669789,-1.7296184597640567
2873,dc,1.651414,0.7717576842463134
2874,dc,1.4133993,0.5381983672092076
2875,dc,2.336177,1.7237929560293397
2876,dc,1.1323354,0.10201272987716653
2877,dc,2.8750231,2.3941206458103688
2878,dc,2.2126696,1.5256425492876422
2879,dc,1.8679085,1.0653289751348995
288,dc,0.9663423,0.8002853892414608
2880,dc,3.0923193,3.111614865194783
2881,dc,1.863327,1.607207671712687
2882,dc,3.0454755,3.5942981778446192
2883,dc,1.7595401,0.929015277073879
2884,dc,3.041296,3.0456748409403698
2885,dc,3.0520337,3.6056387269610695
2886,dc,2.5254176,2.4249755572687355
2887,dc,2.2970133,1.6230431371471021
2888,dc,1.5805376,0.7822010045660788
2889,dc,2.7208695,2.5990810427136672
289,dc,-1.6708132,-2.268885213138352
2890,dc,2.5448112,2.37363366928416
2891,dc,1.1052569,0.04629236439936587
2892,dc,2.6031559,2.4398911320256818
2893,dc,2.5938163,2.437854977621866
2894,dc,2.6297026,2.482124747657143
2895,dc,2.5796905,2.407001847653382
2896,dc,2.684499,2.54996770331124
2897,dc,2.7595236,2.6425280013156645
2898,dc,3.0556703,3.013001225958836
2899,dc,2.908132,2.826063107626913
29,dc,-1.5520831,-1.9311267598921609
290,dc,-1.5323175,-2.1000931955677262
2900,dc,2.4861865,2.3763778588441697
2901,dc,3.129199,3.1006498749141556
2902,dc,2.8284981,2.714966704080565
2903,dc,2.280756,2.102432254934602
2904,dc,3.498646,3.5605597794548807
2905,dc,2.482048,2.3639400783742732
2906,dc,2.364998,2.22052996501969
2907,dc,2.6488972,2.1010921949450347
2908,dc,2.2485902,2.032753683185764
2909,dc,2.3627186,2.2143811549094456
291,dc,-1.1345803,-2.3020033167649987
2910,dc,2.2082841,2.033684480235066
2911,dc,2.687121,2.161255258163325
2912,dc,2.248667,2.0705916036934537
2913,dc,1.7989291,2.051410084075813
2914,dc,2.0897899,1.8826144391392634
2915,dc,2.6560516,2.5778278393952467
2916,dc,1.8610628,1.5867031652555077
2917,dc,1.7331458,0.9823972039297711
2918,dc,2.5865035,3.0264157417578623
2919,dc,2.5270593,2.953433119857179
292,dc,4.440841,1.3457580041509263
2920,dc,1.9813522,1.748552503747295
2921,dc,2.4585547,1.8746952136212747
2922,dc,2.3339765,2.176968938684678
2923,dc,2.5552335,2.4430732805267046
2924,dc,2.6150703,3.0543969819780443
2925,dc,2.5104456,1.9380764361913412
2926,dc,1.3776412,0.9962184328289558
2927,dc,0.90658754,-0.17523317527844148
2928,dc,1.2563553,0.3951504301622999
2929,dc,2.3687518,1.8463848616812772
293,dc,-0.70110196,-1.1442907990328082
2930,dc,2.1110876,1.9192816432065984
2931,dc,2.6131632,3.0662931538534957
2932,dc,2.150975,1.9683717963251155
2933,dc,1.3883466,0.44316667483728894
2934,dc,2.477639,2.3812048907352334
2935,dc,2.50911,2.4182355243682108
2936,dc,2.023547,1.8155713822276818
2937,dc,2.1204438,1.9235878014562666
2938,dc,1.259901,1.2546138012059342
2939,dc,2.7118294,2.2516989329755224
294,dc,1.9135292,1.3279672370474702
2940,dc,2.7877378,2.3449777036484316
2941,dc,2.486118,2.901865430452721
2942,dc,2.1021593,1.493721419508779
2943,dc,2.2675068,2.095250654678839
2944,dc,1.5604521,1.6101847863722076
2945,dc,1.3930026,1.0059211847148275
2946,dc,2.0629356,1.4405516447800928
2947,dc,1.4584541,1.714046115850761
2948,dc,1.3218343,1.5482995446910242
2949,dc,1.4982246,1.1350551035037852
295,dc,1.3857435,0.8978233950361353
2950,dc,1.7029532,1.4800738889970833
2951,dc,2.6312373,2.1218076347598607
2952,dc,2.6318336,2.618691235015166
2953,dc,0.5344697,0.5573539461472566
2954,dc,2.189742,2.106751732022325
2955,dc,1.598724,1.3353815514070373
2956,dc,2.2253299,1.6223597445888973
2957,dc,1.6683905,1.4131235588366797
2958,dc,2.207068,2.111513044467989
2959,dc,1.4276464,1.667543363308996
296,dc,1.3400074,0.6244782463804655
2960,dc,0.48466983,0.510320721937897
2961,dc,1.9371985,1.2777910867723983
2962,dc,1.9320933,1.2667098919965953
2963,dc,0.97441876,1.6026065599811006
2964,dc,1.943146,1.7610502897285538
2965,dc,0.5659982,1.024863860803637
2966,dc,1.7605714,1.6514429862709379
2967,dc,0.5827497,0.5966693793641092
2968,dc,0.6260818,1.0959872914815416
2969,dc,1.7528251,1.5196956251246014
297,dc,3.928383,0.47146506819469836
2970,dc,0.04861683,0.8553484366619534
2971,dc,0.6408699,0.6085470619215754
2972,dc,0.84478253,1.4519617579124415
2973,dc,0.9498875,1.040665115460563
2974,dc,0.7035434,1.2248949065802102
2975,dc,0.7193927,1.724597482067969
2976,dc,0.6430386,1.1962837446008563
2977,dc,-0.016031517,0.33718750232505773
2978,dc,-0.03206444,0.3371654518234711
2979,dc,1.0158392,1.1311406871190464
298,dc,-2.311301,-2.7558488602502194
2980,dc,2.4213984,2.0424560568693866
2981,dc,1.0629762,1.7043009651426673
2982,dc,0.95324606,1.5714071642969565
2983,dc,1.923244,1.4377072748411948
2984,dc,0.86225224,1.1362263899200553
2985,dc,1.7394773,1.4380132708961972
2986,dc,1.0372496,1.5124441203614716
2987,dc,0.9824284,1.9795049683430281
2988,dc,-0.17052224,-1.125964986616266
2989,dc,-0.48986515,-2.061855032677856
299,dc,0.6168702,-0.025878731555434138
2990,dc,0.3779476,0.7597424919522807
2991,dc,0.9548832,1.363504755123647
2992,dc,2.008959,1.2578793903917131
2993,dc,1.1448478,1.5536229935316361
2994,dc,0.9736293,1.443649097641416
2995,dc,1.3979067,1.798889777403962
2996,dc,0.91812307,1.3729934274440514
2997,dc,1.5154554,1.170964690372973
2998,dc,1.3739536,0.49177077884646164
2999,dc,0.9947245,1.688238682986916
3,dc,0.5045704,0.5401995259381418
30,dc,-1.0795091,-1.3645138788899496
300,dc,0.64548063,1.1088474368880712
3000,dc,1.8047787,0.9443308420689126
3001,dc,1.0674108,0.01415707178992086
3002,dc,1.9033679,1.2900438601519484
3003,dc,1.122424,1.5230810009859765
3004,dc,2.8627713,2.891821930819629
3005,dc,1.5748792,0.9241610012991405
3006,dc,1.5846758,1.2906674081318474
3007,dc,0.5983144,1.6349343514549644
3008,dc,-0.39714235,0.2327471327145579
3009,dc,1.5554473,0.6296393347893416
301,dc,3.9991016,0.79332150381184
3010,dc,1.3802854,0.3900508226723252
3011,dc,1.8973085,1.2926163571080795
3012,dc,1.0510443,1.4357003381256732
3013,dc,-0.39508075,-0.14536828621019626
3014,dc,1.5831292,1.378282931380469
3015,dc,2.1952772,2.0962534168138505
3016,dc,2.1341555,1.3701116192145892
3017,dc,0.78408796,0.47451195463706053
3018,dc,1.135224,2.0676060481539413
3019,dc,1.3616076,1.3234494171483113
302,dc,3.7659483,0.5033498105335755
3020,dc,1.4923674,0.5439037787745394
3021,dc,0.93057096,0.6533634462092709
3022,dc,1.6811248,1.5827464915972642
3023,dc,1.791075,1.758566499874151
3024,dc,2.3588107,1.7762327359156684
3025,dc,0.9000144,1.785034027747839
3026,dc,2.4534533,1.8937062812119578
3027,dc,2.767542,2.2810753323971675
3028,dc,1.05303,0.9414761751126933
3029,dc,2.230956,2.4626148233762444
303,dc,3.863144,1.161078408848327
3030,dc,1.4465137,1.8001371544600806
3031,dc,0.22724259,0.6041933114025009
3032,dc,0.07490462,0.8414456653197079
3033,dc,1.4346786,1.4070470102538997
3034,dc,0.6155104,1.40911933173532
3035,dc,0.7921094,1.1023187929681673
3036,dc,1.1681176,1.1258456634847618
3037,dc,0.29004264,0.4721338306632442
3038,dc,1.1912174,1.1546687359758385
3039,dc,2.6200213,2.0796776903450445
304,dc,3.6416028,0.3515628165300368
3040,dc,2.2642796,2.917013206482465
3041,dc,1.0799335,1.6747450580146082
3042,dc,1.3665628,1.3770990270221621
3043,dc,1.4896528,1.5347343498690031
3044,dc,1.1303214,1.6665096581090428
3045,dc,1.349449,1.396976540205032
3046,dc,1.7878138,1.9119807585346198
3047,dc,1.0570492,1.0311069717816983
3048,dc,1.5102713,1.4143761734697653
3049,dc,1.584479,1.2688354486133455
305,dc,3.7014775,0.279176639865796
3050,dc,0.62457854,1.118757666794235
3051,dc,1.1778158,0.970687189298837
3052,dc,1.3391434,1.1705767932612434
3053,dc,1.748626,1.4735391404808211
3054,dc,1.9002949,1.8961319416987532
3055,dc,0.6595997,1.6946341615961757
3056,dc,1.5521877,1.2192542104872994
3057,dc,1.239032,1.4637604912611146
3058,dc,0.7010827,0.6250171466342025
3059,dc,1.2786052,1.306916157719062
306,dc,0.352541,1.299836997037388
3060,dc,2.0536706,2.0583412806677153
3061,dc,1.0072913,0.7929318772344044
3062,dc,1.1044459,1.1184001818426677
3063,dc,0.71227795,0.5751826467593559
3064,dc,1.3225406,0.950193203929168
3065,dc,1.2421211,1.0544356697394401
3066,dc,1.1539005,0.9278252023158438
3067,dc,0.8762755,0.8269115725272124
3068,dc,1.377567,1.4601447528603493
3069,dc,0.9612662,1.0909379880696528
307,dc,3.8068433,0.4564905006648473
3070,dc,0.724496,0.7635936618447547
3071,dc,0.7452454,0.6702808740665761
3072,dc,1.4793185,1.7309143565873737
3073,dc,0.79939777,0.6042366107861488
3074,dc,1.0705309,0.8531001414182552
3075,dc,0.7379422,0.6272010886072112
3076,dc,0.84030485,0.34963608571437704
3077,dc,1.6470449,1.3325333371650054
3078,dc,0.9054482,0.6454968537063485
3079,dc,1.1931396,1.1318634428415435
308,dc,0.41730234,0.21874074155786902
3080,dc,0.4538559,0.7032486440098508
3081,dc,0.43981302,0.6862427669241669
3082,dc,1.5645565,1.4581995883931789
3083,dc,1.4444925,1.3097623395804476
3084,dc,1.5624961,1.425389925061075
3085,dc,1.1469927,0.9930831889265429
3087,dc,0.27130464,0.21560624488301328
3088,dc,0.23632702,0.17415000097500824
3089,dc,1.2118505,1.0924864101765905
309,dc,0.5888896,0.47161495710023826
3090,dc,0.22564454,0.6493849498854104
3091,dc,0.25899708,-0.16082376207664859
3092,dc,1.5674723,1.467477878196025
3093,dc,0.5332249,0.2409168033636971
3094,dc,0.85813177,0.5843885950923793
3095,dc,1.7869825,1.5658889601862844
3096,dc,0.9587487,0.7156337964554409
3097,dc,0.5443717,0.7546723433605549
3098,dc,0.6136505,1.3737160703214943
3099,dc,0.787786,1.3650431409227755
31,dc,-1.166375,-1.4680983771345424
310,dc,0.8655927,1.353501178378269
3100,dc,0.5846826,0.7896588470457634
3101,dc,0.923602,1.205134653959087
3102,dc,0.9671114,1.8109586107008533
3103,dc,1.0017637,1.3239344407586815
3104,dc,-0.7524853,-0.9952866244641592
3105,dc,0.0697662,0.3293130995546569
3106,dc,0.9045472,1.7235207348983317
3107,dc,0.13153158,1.5720577925651644
3108,dc,0.5403701,1.4400511142433885
3109,dc,0.72349596,1.1137487496718508
311,dc,4.0249023,0.7523022337861737
3110,dc,0.13603221,0.586624574436489
3111,dc,-0.37900946,-0.4639591070064184
3112,dc,0.67831546,1.0557778330316083
3113,dc,0.37766913,1.1950817871686816
3114,dc,0.20677347,1.216928652721572
3115,dc,-2.8176935,-2.2545934447891582
3116,dc,0.6416614,1.5530306671381104
3117,dc,-0.20465708,-0.252052550847858
3118,dc,0.5315013,2.081598938139895
3119,dc,0.9374902,2.000679872550996
312,dc,3.9051907,0.605420367179255
3120,dc,0.7042142,1.1808991198938847
3121,dc,-0.4574806,-0.5646228300698326
3122,dc,-0.43305686,-0.49436606096081664
3123,dc,0.56981635,0.7390714052973608
3124,dc,0.7034585,1.1821042855045294
3125,dc,0.48946667,1.4857569197544744
3126,dc,-0.8715504,-1.0264635430354783
3127,dc,0.08284105,0.1404668244143282
3128,dc,0.6254721,0.8278380262006422
3129,dc,1.0877473,1.7449384985484029
313,dc,0.32656196,1.2689862422290412
3130,dc,0.48391485,0.9220857372285635
3131,dc,0.8634412,1.3952318686501868
3132,dc,0.7791038,1.9283485669908929
3133,dc,0.52485657,0.701710304689229
3134,dc,-0.13005501,-0.11755406238708103
3135,dc,0.080020405,0.4812444678732195
3136,dc,0.80347043,1.5819995476869972
3137,dc,0.34316346,1.6169045871457424
3138,dc,0.08614294,1.055768244994609
3139,dc,-0.9508703,0.25874841254051445
314,dc,0.58050454,1.0499025842600442
3140,dc,-0.2902265,0.9562705694507831
3141,dc,0.3724581,0.5164183154845342
3142,dc,0.5932355,0.5662781320564652
3143,dc,-0.37000155,0.5971589588740116
3144,dc,0.9165552,1.761624283616904
3145,dc,0.9260757,1.235461354219851
3146,dc,0.7392648,1.5613213290100016
3147,dc,0.94025064,1.208675002507578
3148,dc,1.1211313,1.434217662121946
3149,dc,1.1406921,1.4554019329698331
315,dc,4.2050343,0.9746917265197698
3150,dc,1.1144218,1.9693417450145283
3151,dc,1.1674676,1.2515383096864228
3152,dc,-1.0208333,0.7500093830234943
3153,dc,1.5905535,1.7205727231567283
3154,dc,1.2812219,1.8644697286087408
3155,dc,1.0177442,1.3027030659330576
3156,dc,0.7446407,1.0522054599694879
3157,dc,0.8934131,1.1500421254110789
3158,dc,0.7421414,0.9623160746816278
3159,dc,1.1787989,1.4994875812736363
316,dc,4.3448353,1.1847969954761781
3160,dc,1.1899003,1.5092929082565476
3161,dc,0.92220885,1.275599758232793
3162,dc,1.5998807,2.0182940968852905
3163,dc,0.8335927,1.1664237172650775
3164,dc,1.173654,1.4939113579589915
3165,dc,1.4636942,1.8519292029536343
3166,dc,0.8002404,1.1251911187439105
3167,dc,1.7443188,1.9025982574153253
3168,dc,0.3588226,0.48921506217223654
3169,dc,1.4624237,1.5431195459353524
317,dc,4.6779995,1.5758994636256207
3170,dc,1.0662892,1.6010823007267256
3171,dc,0.4800125,0.6372107589910248
3172,dc,0.68402064,0.9743445345929221
3173,dc,1.4802989,1.8726266741517346
3174,dc,-1.1163548,0.09845252989493401
3175,dc,0.61074036,0.8664591222429142
3176,dc,1.0788059,1.0487505099575303
3177,dc,-1.0808364,0.13231737116903308
3178,dc,1.4450266,1.822292795862659
3179,dc,-0.98984087,0.24311188533565198
318,dc,4.1569896,0.9498305096156691
3180,dc,-0.5113008,0.46527993492007236
3181,dc,0.8752191,1.1834575900837123
3182,dc,0.13091612,0.2803916567645912
3183,dc,-0.18217196,0.8710643978015514
3184,dc,-0.255326,0.7572893153551495
3185,dc,0.96712756,1.3076375712278223
3186,dc,1.0415472,0.9620471234790076
3187,dc,0.013606678,1.1115141554504515
3188,dc,0.99417955,1.335380660355262
3189,dc,-0.51550317,0.8047799858067911
319,dc,-0.8002046,-0.6605163073031465
3190,dc,-0.43989527,0.17449203818537035
3191,dc,-0.5144836,-0.45505090546719584
3192,dc,0.4455119,0.6686678336824697
3193,dc,-1.6468725,-1.6392048603386011
3194,dc,1.109708,1.2322998728773407
3195,dc,-1.1951596,-0.43018194854000086
3196,dc,-0.023967514,0.4022902285437481
3197,dc,1.5809183,1.9038368614627346
3198,dc,1.5259973,1.8369739635844695
3199,dc,0.0061900048,-0.6309791724746799
32,dc,-1.0534245,-1.334666087318906
320,dc,4.4332685,1.3066083482658195
3200,dc,-0.120643735,0.277529142049113
3201,dc,1.5640839,1.8840613083740068
3202,dc,0.9668305,0.597587928883641
3203,dc,-0.6433899,-0.7259046300269391
3204,dc,0.09484204,1.2098603441439961
3205,dc,-1.2804284,-0.5030755280220275
3206,dc,-0.43161303,-0.15749871033291155
3207,dc,-2.0896761,-2.054456435018781
3208,dc,-1.7944932,-1.7031982887702615
3209,dc,0.5065519,0.8070083321857237
321,dc,3.5426793,0.22971533358460666
3210,dc,-1.5540025,-1.4058753402420414
3211,dc,-1.1925336,-0.9619741465845854
3212,dc,-0.25249758,-0.1295846338138124
3213,dc,-2.0931633,-2.0508244797276323
3214,dc,0.31189802,0.7556354288530612
3215,dc,-0.92186505,-0.7672432435161894
3216,dc,0.44691476,0.9290040686860885
3217,dc,0.06513662,0.26124630422683076
3218,dc,-0.026560854,0.14705641167829378
3219,dc,-1.8037059,-1.5992944849051318
322,dc,0.45256084,0.886389440210452
3220,dc,-1.1466551,-0.8951650123089088
3221,dc,-1.9161065,-1.7421083990963517
3222,dc,-0.4582572,-0.2006426388559135
3223,dc,-1.0478262,-0.6578030132761166
3224,dc,-1.0880613,-0.719488504745696
3225,dc,-0.82280177,-0.4143006450643583
3226,dc,-1.3354902,-1.0353108145642809
3227,dc,-1.8809233,-1.7016303789646239
3228,dc,0.71234876,1.0865321837520932
3229,dc,-4.612055,-4.455370880741487
323,dc,1.7065113,1.904605279279188
3230,dc,-1.1480455,-0.829628235417923
3231,dc,-0.70237345,-0.27372794228250785
3232,dc,0.7867406,1.1989903808262807
3233,dc,-0.6542668,-0.2114175863067835
3234,dc,-0.7547297,-0.33486125454787835
3235,dc,-0.65401584,-0.5183848887320937
3236,dc,-1.3296236,-1.03635350788209
3237,dc,-1.2371272,-0.9219985276789283
3238,dc,-0.6037387,-0.3857352602631703
3239,dc,-0.7229,-0.852062409659756
324,dc,1.5272295,1.6536654546028113
3240,dc,-0.87530243,-0.7756496258341065
3241,dc,-1.860245,-1.8287002439097977
3242,dc,0.6294247,1.1208563966270613
3243,dc,0.8739852,1.125741160589206
3244,dc,0.3586529,0.7127834565242778
3245,dc,0.7046911,0.9167628685888666
3246,dc,0.70033836,0.9113814577557766
3247,dc,0.36701772,0.9651955660866761
3248,dc,0.50282115,0.685376774129925
3249,dc,0.057298336,0.7950355988009244
325,dc,1.7419271,1.9518727156139157
3250,dc,0.03278907,1.013709894490476
3251,dc,-2.2243445,-1.7699924288381983
3252,dc,1.2970506,1.0150147507151648
3253,dc,0.25930253,-0.27629174342990964
3254,dc,1.3061917,1.0266617181283693
3255,dc,0.95732486,1.6040606974948812
3256,dc,0.03581932,1.4003900203467816
3257,dc,0.20389067,1.4185476885793797
3258,dc,0.053218417,1.4214555583483441
3259,dc,0.802154,1.1004285617395617
326,dc,1.5892437,1.7644435566264944
3260,dc,0.861642,1.4880899476889535
3261,dc,0.8760784,1.5055922889549862
3262,dc,1.2489558,1.2748521493550775
3263,dc,0.7511539,0.8595543823361342
3264,dc,0.043061946,1.4088989330711343
3265,dc,-1.4648981,-0.8337404219429526
3266,dc,0.16988167,1.3760643514848547
3267,dc,-2.0377512,-1.5402954402436713
3268,dc,-0.6279943,-0.6838230030634016
3269,dc,-0.14030524,0.02428473329091434
327,dc,1.3069462,1.4265227888389642
3270,dc,0.3903915,-0.13811587991134394
3271,dc,0.013002955,0.20295484533736632
3272,dc,-0.49662897,0.1604335448686557
3273,dc,-0.25586778,1.0428974818513375
3274,dc,0.79234,0.35163966727332435
3275,dc,0.9363138,0.510334787048335
3276,dc,1.1246557,1.0709304599163258
3277,dc,1.1222186,1.0683709171043898
3278,dc,-1.2652881,-1.5398324670130377
3279,dc,-0.28508884,0.9851708491692733
328,dc,-0.22320315,0.05960887820007302
3280,dc,-0.28545156,0.984722398266516
3281,dc,-0.9488354,-0.7896794954968867
3282,dc,-1.8558484,-3.057152489235084
3283,dc,-1.8094975,-2.426366741897856
3284,dc,-3.435301,-3.0190968240437024
3285,dc,-2.366118,-2.7734378626714196
3286,dc,-3.4573572,-3.079112192266939
3287,dc,-2.2317715,-1.9082170926507485
3288,dc,0.5948559,0.9617598532675653
3289,dc,-3.453569,-3.3642238130794864
329,dc,-0.08520107,0.22595768704642735
3290,dc,-2.3382995,-2.0688362492598826
3291,dc,-2.7666361,-2.4420470367368914
3292,dc,0.94801956,1.3860413028823588
3293,dc,-2.9851534,-2.4205070022012705
3294,dc,-3.20797,-2.939093127720834
3295,dc,-2.1820962,-2.4934549514072195
3296,dc,-0.07712164,0.35324550490872925
3297,dc,0.19236349,0.43638567203011325
3298,dc,-0.01614134,-0.39788711018484424
3299,dc,0.41054735,0.6879493948257728
33,dc,-1.2086337,-1.520924838360355
330,dc,0.710169,1.2359276308649227
3300,dc,0.23221746,0.6869376177714694
3301,dc,0.07706467,-0.28364346233610704
3302,dc,0.25053918,0.503832090622397
3303,dc,0.021976668,-0.1340907644070366
3304,dc,-2.0306327,-2.646526257191048
3305,dc,-0.8766068,-0.3817530940934643
3306,dc,-2.168886,-2.482817350801849
3307,dc,-0.56692195,0.5400920206224045
3308,dc,-1.1396693,0.364205432849135
3309,dc,-0.10256401,0.09639550733961355
331,dc,0.7672211,1.30617641412087
3310,dc,0.16594096,0.6405664499791447
3311,dc,-0.26054937,0.016229600636748918
3312,dc,0.6139616,0.8787242963064918
3313,dc,-0.69710255,-0.6791629768368368
3314,dc,-1.2282752,-1.1836795706386007
3315,dc,0.011648548,0.5305693960775497
3316,dc,-1.4536853,-1.5931867299142561
3317,dc,-0.14170349,0.3695279151728743
3318,dc,0.028887415,0.5504960200012852
3319,dc,-0.30802888,0.3657054215888763
332,dc,0.125576,0.4968235749322781
3320,dc,-0.38213295,0.2666015171541574
3321,dc,-0.008558043,1.0427434798009654
3322,dc,-0.33459416,0.3247326628110895
3323,dc,-0.162185,0.5329275171882943
3324,dc,-0.74607587,0.34038695730071816
3325,dc,0.5307037,0.7740251557539383
3326,dc,0.22792368,0.3958411882732705
3327,dc,-0.6816438,0.95616712669999
3328,dc,-0.026331864,1.0207693855658482
3329,dc,-0.006360942,1.0419592902195376
333,dc,-0.0015352994,0.3484004428011875
3330,dc,0.07795815,1.1505927010242138
3331,dc,-0.7277356,0.35733319981120953
3332,dc,-1.0070652,-0.5213121755130395
3333,dc,0.118998945,1.42867861701635
3334,dc,-0.7728798,0.8447565186137252
3335,dc,-1.0091734,-0.003067143609796091
3336,dc,-0.009042098,0.7309432455098078
3337,dc,-0.15497693,0.5470358423501792
3338,dc,-0.03175675,1.2300702965755321
3339,dc,0.4972441,1.3029236132838382
334,dc,0.031780954,0.3893198463908434
3340,dc,0.16298269,0.8651885176013635
3341,dc,0.3171319,0.5727995954583258
3342,dc,-0.3960166,-0.36730009188846247
3343,dc,-2.4512875,-1.9473782513171027
3344,dc,0.380616,0.593298269934777
3345,dc,0.3772606,0.5895330756475958
3346,dc,-2.3564553,-1.8327778671049293
3347,dc,0.40151653,0.6571289572822092
3348,dc,-0.67686313,-0.7161153864949847
3349,dc,-0.8370455,-0.9044556085227523
335,dc,1.2956353,1.9474299102904666
3350,dc,-0.05152794,0.5428634630758992
3351,dc,-0.82462835,-0.8473403846321652
3352,dc,-0.72431576,-0.7259258658320156
3353,dc,0.10715258,0.7578899670778871
3354,dc,-0.5809099,-0.12744646457935854
3355,dc,-1.5311754,-1.776433497611626
3356,dc,-2.0641346,-1.5075313412456417
3357,dc,-2.4551327,-1.9831310142095244
3358,dc,-1.5701867,-1.29730296798664
3359,dc,-0.84486616,-0.8594531359654611
336,dc,-0.41413298,-0.18498756663160176
3360,dc,-1.6963518,-1.9068563339664504
3361,dc,-3.1008708,-2.8000137311257016
3362,dc,-1.7287529,-1.1214540910109854
3363,dc,-1.8087952,-1.6050523016215774
3364,dc,-2.2332628,-1.4228417457098395
3365,dc,-2.4971538,-2.068100805306666
3366,dc,-1.559352,-1.2877886728167511
3367,dc,-1.9244461,-1.7457854664594004
3368,dc,-0.9253092,-0.09124664517350116
3369,dc,-0.8950961,-0.5109271508873003
337,dc,1.3190359,1.9692413061352465
3370,dc,-1.8565245,-2.224349157852723
3371,dc,0.01702386,0.07818400508256262
3372,dc,-0.3917648,-0.44067546566397353
3373,dc,-0.3566009,-0.39655980549219644
3374,dc,-1.4247864,-1.730233004392414
3375,dc,-1.5359224,-0.8581138626832597
3376,dc,-1.3025773,-1.5742768873196686
3377,dc,-1.1485983,-1.384491410153676
3378,dc,0.104695566,-0.07124187373460569
3379,dc,-0.810279,-0.002395665221094151
338,dc,0.4226599,0.8700206401280968
3380,dc,-3.7230346,-3.6378590676710467
3381,dc,0.047143605,0.0909007883575107
3382,dc,-0.035178576,-0.019553192089517616
3383,dc,0.55049103,1.2645250515666782
3384,dc,-1.4734459,-0.8577504713494499
3385,dc,0.44214123,0.5909169705571905
3386,dc,0.4437726,0.5907002909336325
3387,dc,0.39197224,0.5275912177405679
3388,dc,-0.0067467894,1.0116566944105772
3389,dc,0.8228244,1.366686484630052
339,dc,-0.07380892,0.01473102800288131
3390,dc,0.3239307,1.0495262790790831
3391,dc,0.5052891,0.665563002406287
3392,dc,0.0060832384,0.3207972516375232
3393,dc,0.11138855,0.44860435626662337
3394,dc,0.6418994,1.655736411094984
3395,dc,-0.7036985,0.17222068306946173
3396,dc,0.70573354,1.1974187602882744
3397,dc,0.27713147,0.6708301854945746
3398,dc,0.013100462,0.3310885286750174
3399,dc,-0.14525586,0.1619449354069035
34,dc,-1.4922189,-1.864985252540015
340,dc,-0.40951753,0.5090564464117883
3400,dc,0.23076378,0.615655237697926
3401,dc,-0.3820203,0.6255969507644258
3402,dc,0.932786,0.8326659643289791
3403,dc,-0.35314474,0.6580507191170482
3404,dc,-1.9511658,-1.2985324540979548
3405,dc,-0.85878193,0.042981659614553545
3406,dc,-0.42927837,1.1114346554516628
3407,dc,0.66977036,0.7222410613293663
3408,dc,-1.0183227,-0.1469156829193611
3409,dc,-1.0519687,-0.9520762891742586
341,dc,-0.35067853,0.04752803734173371
3410,dc,-1.9976906,-1.1725397831277249
3411,dc,-1.5823805,-0.8346672742013288
3412,dc,-2.0331275,-1.4047135322882398
3413,dc,-0.38191807,-0.04682564959042023
3414,dc,-1.0385473,-0.7196534585738515
3415,dc,-1.228907,-1.1690090896019507
3416,dc,0.59396785,0.7233670667015195
3417,dc,-0.94355226,-0.5697133645675434
3418,dc,0.5931833,1.9000728677004006
3419,dc,0.7930637,1.232980608964862
342,dc,0.9694457,2.0742930687151264
3420,dc,0.41670528,1.6577940317529496
3421,dc,0.33137202,1.5530477042272668
3422,dc,0.38905597,0.48087731092462394
3423,dc,0.41118255,0.5082328159928312
3424,dc,-0.44179812,-0.5430060541557596
3425,dc,-0.55299264,-0.677874100038634
3426,dc,0.38907477,0.44977473123184697
3427,dc,1.0658712,0.8777559650672422
3428,dc,0.51547027,1.3768195369545815
3429,dc,1.1025903,1.3710139539404844
343,dc,-0.3655396,0.029556848572064576
3430,dc,0.9133316,1.653516106952985
3431,dc,1.6705432,1.6414431897976334
3432,dc,1.1987218,1.4889063389179071
3433,dc,1.8511807,1.3287759567394855
3434,dc,-0.60043657,-1.4956964851523877
3435,dc,1.7476318,1.419172076485258
3436,dc,0.86984485,1.4216970291383384
3437,dc,-1.1225494,-2.126668396344841
3438,dc,2.3980134,1.719926679660516
3439,dc,2.4786906,1.8335334042794793
344,dc,0.102881216,0.6121480603706229
3440,dc,2.2455134,2.042656760304813
3441,dc,3.2515316,2.1364673853551928
3442,dc,2.2754889,1.8637676621786416
3443,dc,2.557709,2.44201789709611
3444,dc,2.7103176,2.414747143322824
3445,dc,4.0952997,2.438656247168249
3446,dc,2.493138,2.341776172305524
3447,dc,4.171569,2.5381993204550275
3448,dc,4.2024426,2.5760416275394595
3449,dc,0.35862684,0.5959731226256905
345,dc,1.123248,1.6447683529177812
3450,dc,4.094319,2.438679566762602
3451,dc,4.235608,2.618040153327743
3452,dc,1.498942,0.5541446845735009
3453,dc,0.81789714,0.2752856615829153
3454,dc,2.1484208,2.5032889837357044
3455,dc,2.3864584,1.996438483905299
3456,dc,3.3678854,2.4842368814674702
3457,dc,2.0225735,2.350851861234465
3458,dc,3.2842627,2.381271408402353
3459,dc,1.8806732,1.594978099725359
346,dc,0.5485314,1.0253717198013885
3460,dc,2.1991494,1.7110173698040694
3461,dc,1.7814847,2.363757702619163
3462,dc,2.7561836,2.7232742995583075
3463,dc,2.0226684,1.7610824556823654
3464,dc,1.9667301,1.686889539492842
3465,dc,2.021377,1.7528349159241223
3466,dc,0.38863945,-0.2572663293169257
3467,dc,2.5436487,1.8900385185002546
3468,dc,2.160139,1.7047334000753265
3469,dc,1.9976382,1.7360575657439299
347,dc,1.194194,1.2787547592832988
3470,dc,1.9121487,1.6212297253689094
3471,dc,2.5963542,1.95755486106297
3472,dc,1.8107247,1.283142050238464
3473,dc,1.880974,1.3678311443875075
3474,dc,0.9292105,1.1420193683459352
3475,dc,1.0424227,1.4991123176815895
3476,dc,0.83312076,1.245729022005085
3477,dc,0.927486,1.3516467814647715
3478,dc,-1.25081,-1.212788940469042
3479,dc,-0.20045105,-0.23624612628621666
348,dc,1.2550972,1.8945651015946259
3480,dc,-1.2865418,-1.3127860837064877
3481,dc,-0.1222814,-0.02209530390925266
3482,dc,-0.073699765,0.03746779178826799
3483,dc,-0.036184933,0.624884800962962
3484,dc,0.55709106,1.277255604934683
3485,dc,0.25676242,0.4350349625869409
3486,dc,0.26861024,0.45000148539482715
3487,dc,0.9842187,0.6854808372855064
3488,dc,1.1143482,1.423228425183082
3489,dc,1.2838482,1.3000649193236833
349,dc,1.141965,1.5183943210197781
3490,dc,0.20565806,0.2875625326172565
3491,dc,0.29040024,0.3075560613964982
3492,dc,1.8143897,0.8477883187917442
3493,dc,1.5706133,0.5397931601310452
3494,dc,2.2290723,2.033351745207457
3495,dc,2.1062872,1.2006023867495408
3496,dc,1.9230391,1.1155504054404841
3497,dc,0.094637774,0.439781052573697
3498,dc,1.7526082,1.324807185375138
3499,dc,1.8873553,1.4930878091712745
35,dc,-1.2159135,-1.7794508000961167
350,dc,0.46613204,0.8409538028340252
3500,dc,1.9618598,1.5856404150920047
3501,dc,1.2288978,0.8971013266810132
3502,dc,0.85238886,0.6416753402459126
3503,dc,1.4207093,1.1359174557999638
3504,dc,1.6904697,1.2725840338177263
3505,dc,1.8582194,1.4671540112446444
3506,dc,0.8629746,0.8633637589368016
3507,dc,1.5957853,1.3430166550463174
3508,dc,1.7550241,1.5377669941561007
3509,dc,0.9311526,0.9517242709519981
351,dc,1.3084377,1.9538889222574256
3510,dc,0.06404586,0.9581067794193374
3511,dc,0.065134056,0.9594521321276099
3512,dc,-0.6019492,0.7444145038597082
3513,dc,2.0043397,2.066657029884831
3514,dc,2.3249605,2.2495955143493624
3515,dc,1.1407516,1.2076506915627292
3516,dc,0.17024441,0.770253569959971
3517,dc,2.7300606,2.5303612720615263
3518,dc,2.7159142,2.512871686853984
3519,dc,0.47652364,1.4685282698961568
352,dc,0.9965004,1.5615203107194182
3520,dc,1.3990928,1.5299660435739337
3521,dc,2.374641,2.62885883857919
3522,dc,1.4529356,1.5971585647679363
3523,dc,-0.46743777,0.8733945622790816
3524,dc,1.6846858,1.2352095560548177
3525,dc,2.2943866,1.9910133095841993
3526,dc,2.2513359,1.2200367033152433
3527,dc,2.4103994,1.4661396590076623
3528,dc,2.3627825,1.3580565253610686
3529,dc,1.1968799,0.8538714735322456
353,dc,1.3429817,1.9867706183770872
3530,dc,2.9072137,2.075124954777487
3531,dc,1.1826316,0.8415090024219652
3532,dc,1.1322383,1.3195191936554576
3533,dc,1.1185802,3.0253132514279986
3534,dc,1.0333154,2.922730932046303
3535,dc,1.0094033,1.169434767385291
3536,dc,1.0474449,0.6767632058907456
3537,dc,2.2161865,3.0495701353975253
3538,dc,2.0983987,2.9042809428675778
3539,dc,0.44614556,1.8014266837259534
354,dc,1.2267643,1.8349341554022136
3540,dc,2.150335,2.6638235955023575
3541,dc,2.3559813,2.1569634239345676
3542,dc,1.8833249,2.1006106990426114
3543,dc,3.120723,2.094332386404006
3544,dc,2.7290347,2.935025266081515
3545,dc,-0.6084294,0.6148143594231733
3546,dc,-0.19080104,0.6031844822935729
3547,dc,-0.20323706,0.406084281161382
3548,dc,-0.21593264,0.3903884995648696
3549,dc,0.21038671,1.114653501525516
355,dc,1.1693151,1.9035921051470692
3550,dc,0.7910387,1.8461559074047453
3551,dc,-7.5095615,-4.117441066851542
3552,dc,0.6995261,1.7326399119247613
3553,dc,0.12412195,1.0171718004615584
3554,dc,2.0795393,1.5905835490673972
3555,dc,2.0218651,1.5192798555289555
3556,dc,1.9848878,1.696017211233763
3557,dc,1.3586777,1.6331417577658538
3558,dc,1.898864,1.5882966383191852
3559,dc,0.8713072,1.2615342365589675
356,dc,0.980933,1.6720651630596088
3560,dc,0.8256756,1.217980628261869
3561,dc,-6.212726,-1.9779227010676954
3562,dc,-6.136486,-1.884450100812581
3563,dc,-1.141929,-2.848224342788717
3564,dc,-0.68734306,-1.975680446553908
3565,dc,-0.6611597,-1.944094070879328
3566,dc,-0.9378412,-2.599065903716087
3567,dc,-0.94509584,-2.6080349217712366
3568,dc,-0.7989229,-2.4292205561154785
3569,dc,-2.171619,-4.0704310590576664
357,dc,1.7118644,2.3609804965467966
3570,dc,-0.2891081,-1.8186602872413766
3571,dc,-0.04304898,-1.4660231773199228
3572,dc,0.06360655,-1.3046576392126408
3573,dc,-0.5080444,0.7035679648324469
3574,dc,-0.45320168,0.7772729444397616
3575,dc,-0.45549214,0.7573764019144339
3576,dc,-0.33029586,0.9116789299994711
3577,dc,-1.1353999,-2.8401522265390824
3578,dc,-0.8642359,0.052473479949971195
3579,dc,-1.9932067,-3.911451458988114
358,dc,0.7106101,1.3439250368702305
3580,dc,-0.47641906,-2.0339172744411718
3581,dc,-0.5823648,-1.6206078233704408
3582,dc,-1.2071677,-2.9481026835662134
3583,dc,0.17586936,-1.2318537056278926
3584,dc,-0.22376822,-1.727859465385876
3585,dc,-0.15975487,-1.642419636333878
3586,dc,0.9465153,1.0989481199428854
3587,dc,-0.06678349,0.13962177876033954
3588,dc,1.0843358,1.041145905156048
3589,dc,0.0050703315,-0.08084889354050846
359,dc,-0.27995178,-0.04821296308049324
3590,dc,-1.1875206,-3.118188767595979
3591,dc,0.45993236,0.4892137391575211
3592,dc,0.25506285,0.2547577006724912
3593,dc,0.6592502,0.7407422520120412
3594,dc,0.016738392,0.018183641749275864
3595,dc,0.18877617,0.14887364451846147
3596,dc,1.2412353,1.4442193119522762
3597,dc,0.40797517,0.9684945040409892
3598,dc,1.0178028,1.0192745381926798
3599,dc,-0.17258447,-1.0076335646709236
36,dc,-2.252661,-1.7928969379728825
360,dc,-0.6714403,-0.5156966173799559
3600,dc,0.29257736,0.2488190454799102
3601,dc,1.0986278,0.8174628030167281
3602,dc,-0.38795426,-0.55393550424885
3603,dc,-1.53315,-1.2199585515885687
3604,dc,-1.8577088,-1.8384882130881135
3605,dc,0.94314605,0.6236965663923347
3606,dc,0.96164536,0.646567562432967
3607,dc,-0.08228886,-0.2564984858566508
3608,dc,-1.4691497,-1.3136740583500528
3609,dc,1.0017482,0.7023852414179784
361,dc,-1.1028708,-1.0129309183193158
3610,dc,0.51017517,0.34576037035337365
3611,dc,-1.4796689,-1.3266791345300202
3612,dc,-0.4180184,-0.649285289941789
3613,dc,-0.35752818,-0.5779539994766347
3614,dc,-0.47410408,-0.7173574696790083
3615,dc,-0.53463644,-1.2070277989944507
3616,dc,-0.7702354,-1.0713392430353483
3617,dc,-0.068503544,-0.662653994302191
3618,dc,-1.2375182,-3.1785034318650287
3619,dc,-1.2737159,-3.007531799539374
362,dc,-1.5495312,-2.1250532995014138
3620,dc,-1.5297966,-2.0594479096357685
3621,dc,-0.53076303,-0.7041493649801743
3622,dc,-0.52218246,-0.6981839069868094
3623,dc,0.40745202,0.41691508016221
3624,dc,0.6284,0.017282650441517163
3625,dc,0.54586035,-0.06990983263972991
3626,dc,-1.3705558,-1.2342340570070118
3627,dc,-0.67696685,-0.9376947047338826
3628,dc,-0.26312357,-1.9129700518419501
3629,dc,1.4174151,0.991264456871233
363,dc,0.6154087,0.896757546112731
3630,dc,0.82378733,0.25816196957339993
3631,dc,0.71429247,0.12449645936614863
3632,dc,-0.33607662,-1.2243801723052483
3633,dc,-0.38926786,-0.5644918361625592
3634,dc,0.6797831,0.08012696117867388
3635,dc,0.80280024,0.9869895417327438
3636,dc,-0.11050288,0.9507713029833907
3637,dc,0.656514,0.5306777645276065
3638,dc,0.45064956,0.011632589028980424
3639,dc,0.47350824,1.0279161318012633
364,dc,0.011900384,0.8415980850735587
3640,dc,0.3430591,0.872471747600227
3641,dc,0.53748,1.1148812660743637
3642,dc,0.27494034,-0.21304089366758955
3643,dc,1.0037357,-0.3272674671617403
3644,dc,1.5295657,0.5285332879540862
3645,dc,1.2531459,0.2113555147152291
3646,dc,1.1949661,-0.08930512718379047
3647,dc,1.5285075,0.5266480325417994
3648,dc,2.488728,1.7582240700174918
3649,dc,1.2135341,0.1402558156148286
365,dc,0.46174914,0.48584535658225547
3650,dc,1.2081068,0.11791908115000446
3651,dc,1.397573,0.4069610813811255
3652,dc,1.3517992,0.35073098777739614
3653,dc,1.3343881,0.32920534444503635
3654,dc,1.3612999,0.36211599110537596
3655,dc,1.3195162,0.31081885743197896
3656,dc,0.62379396,-0.5532599618504577
3657,dc,1.2625966,0.02588242131577556
3658,dc,1.2044865,0.14869862545857768
3659,dc,0.72754776,-0.45762369665882263
366,dc,-0.40336165,-0.6130380784900107
3660,dc,0.8406842,-0.3359957953377758
3661,dc,0.5569357,-0.8682773056995519
3662,dc,0.80140704,-0.3442891312952326
3663,dc,1.3249929,0.27389928040266415
3664,dc,1.2217269,0.16031225244867484
3665,dc,0.9066815,-0.429364638431025
3666,dc,0.58160144,-0.8377826443120421
3667,dc,1.0364937,-0.06901380187729449
3668,dc,1.0669664,-0.013444610373966666
3669,dc,0.5259917,-0.6677359685098103
367,dc,-0.34178376,-0.5387860199281614
3670,dc,0.902522,-0.22601154504428342
3671,dc,0.96175075,-0.09244285272582141
3672,dc,1.672428,1.2155533524402686
3673,dc,0.5608149,0.4692089677186256
3674,dc,0.7551838,0.49565814269999636
3675,dc,0.3806124,0.22058984878434698
3676,dc,0.020285558,-0.2122119147955366
3677,dc,0.67450714,0.17107268417205254
3678,dc,1.5882077,1.3065888061432422
3679,dc,1.0559919,0.4223673026273223
368,dc,-0.45232192,-0.6715362682868048
3680,dc,1.4740947,0.9470070969496963
3681,dc,1.4566593,0.9249521283453529
3682,dc,1.461012,0.930333539178443
3683,dc,-0.21717736,-0.5127400873387925
3684,dc,0.59882134,0.2778501750667333
3685,dc,0.44464356,0.5838354988416806
3686,dc,1.1325482,0.7338707355249758
3687,dc,2.0015864,1.5906960954753324
3688,dc,0.60793203,0.9649144230394814
3689,dc,1.1669064,0.7760252916995269
369,dc,-0.015548655,-0.13935105214887203
3690,dc,1.5435063,1.0189960052499227
3691,dc,-0.56855243,-0.4941050484445078
3692,dc,1.1853725,0.7825560262699814
3693,dc,0.9705425,0.5828711386616698
3694,dc,1.9175607,1.7635220060366217
3695,dc,0.9829679,0.5992735754805847
3696,dc,0.545999,0.3737835160543433
3697,dc,1.3296574,0.8016370387016872
3698,dc,0.68555623,1.0552175501855752
3699,dc,0.6677971,-0.023321019067598772
37,dc,-3.4805522,-3.123443525489867
370,dc,-0.4207517,-0.6351796444266704
3700,dc,-0.48175958,-0.386245434728774
3701,dc,-0.6142426,-0.5566388959336975
3702,dc,1.2387409,0.8991855960043346
3703,dc,1.3950466,1.0960170001135539
3704,dc,0.82040185,0.16140821830002092
3705,dc,1.2415514,0.7050019239726107
3706,dc,1.4634533,0.9465354914526548
3707,dc,1.2877959,0.7424419391226335
3708,dc,1.1031904,0.47348264835129017
3709,dc,1.1929826,0.09327258889322783
371,dc,-0.6760875,-0.1672143051898881
3710,dc,0.12075047,0.32749033175733294
3711,dc,-0.3211618,0.4161716780979025
3712,dc,1.1649228,0.5685178543466866
3713,dc,1.096678,1.0557789287181327
3714,dc,0.14022937,0.45533023140226664
3715,dc,-0.7396619,-0.6438558253498963
3716,dc,0.30809623,0.041370572300045115
3717,dc,-0.43912664,-0.06692268365742322
3718,dc,1.2510679,0.3619242333808711
3719,dc,-1.0492297,-1.170346415686367
372,dc,-1.964568,-1.6493004019136708
3720,dc,-0.3646641,-0.848742254941251
3721,dc,-1.6634879,-1.95993483262504
3722,dc,0.10628423,0.42309749742523334
3723,dc,-0.013681354,0.23096983886480874
3724,dc,1.7398525,0.7564747061941189
3725,dc,-1.6937941,-1.9949296611129481
3726,dc,-2.1158996,-3.3023830959824974
3727,dc,-0.49800938,-1.5995749102705197
3728,dc,0.39484468,0.7869627624930224
3729,dc,1.5836718,1.2990996626969091
373,dc,-1.0020322,-0.0392994230141095
3730,dc,0.28187454,-0.3277215522202756
3731,dc,0.19874091,-0.4473509368469136
3732,dc,0.34878248,-0.48130178174987803
3733,dc,-0.14244674,-0.9430459451158691
3734,dc,1.7403519,0.9497328698984572
3735,dc,-0.14571132,-0.9470820032406866
3736,dc,1.5010517,1.8583196959732189
3737,dc,1.7205286,0.9311989564780372
3738,dc,1.3165485,1.6341459740638755
3739,dc,1.7038333,0.91569084864471
374,dc,-0.9116905,-0.13212875988491116
3740,dc,0.31187347,-0.3138078256427244
3741,dc,1.6632588,0.8650134284300183
3742,dc,2.002042,1.278683819101691
3743,dc,-1.2264557,-0.770381029431134
3744,dc,0.84080094,0.9178386374640791
3745,dc,0.5364979,0.5363074110179199
3746,dc,0.53468424,0.5340651565041324
3747,dc,0.78743076,0.13487936467538572
3748,dc,1.2489979,0.7312526039317627
3749,dc,1.0425032,0.5636393872311238
375,dc,-1.2114973,-1.3567608653722607
3750,dc,1.0765153,0.5120150109129337
3751,dc,1.2551558,0.7393551781665958
3752,dc,0.31300062,-0.35230969699054454
3753,dc,0.539743,-0.06911556958957134
3754,dc,1.2589695,-0.02618023406272242
3755,dc,0.8589805,0.7887305001591945
3756,dc,-0.4437101,0.20192556999789016
3757,dc,0.23549417,1.5801199736029883
3758,dc,0.6807817,0.2822885739322175
3759,dc,1.2270296,0.9720588004973933
376,dc,0.9893888,1.0509501438574527
3760,dc,1.3736033,0.3180737193864373
3761,dc,0.47839996,1.3223265004757419
3762,dc,1.2958238,1.058483548464998
3763,dc,1.224574,-0.03868593485652431
3764,dc,1.4568757,1.254605962960544
3765,dc,1.1783694,0.44189928594638117
3766,dc,0.89099765,0.5287643577455818
3767,dc,0.74224555,0.6196532585215017
3768,dc,0.77985686,0.6629388864278718
3769,dc,1.0908861,-0.21218848255479572
377,dc,1.2965908,1.4346109985002033
3770,dc,2.1858847,1.3143298581547693
3771,dc,2.2019649,1.3344346748501943
3772,dc,1.6442325,0.6478957975258978
3773,dc,0.6221466,1.2174955579831725
3774,dc,1.7565377,0.7891469110354737
3775,dc,1.7947001,0.8233187750276602
3776,dc,1.5139025,0.5133951819249628
3777,dc,1.3737794,1.4896235376428089
3778,dc,0.8528995,1.2923862882730803
3779,dc,0.7316064,0.6153287980947321
378,dc,2.6637793,2.486997149443355
3780,dc,1.2479852,0.9723627192007761
3781,dc,1.4956007,1.2766067327860429
3782,dc,2.0864332,1.2425244641764732
3783,dc,1.9055603,1.0207954166985855
3784,dc,0.87399834,0.5023805652732873
3785,dc,1.1548647,0.4674009699251517
3786,dc,0.6196607,0.8392167355543325
3787,dc,-0.36680907,-1.82398868377034
3788,dc,1.6655641,1.6435273297139865
3789,dc,-0.14094235,-1.5516332286388193
379,dc,2.7585397,2.603713882827741
3790,dc,0.44523796,1.0078078120789942
3791,dc,0.77176344,1.4139298518434784
3792,dc,-1.0319824,-0.8310201810094208
3793,dc,-1.1871514,-1.0309823143384826
3794,dc,-0.73404455,-0.07239456335373441
3795,dc,0.50022846,1.149604296797337
3796,dc,-1.7111328,-1.280863869427879
3797,dc,-1.0652242,-0.476457362356758
3798,dc,-0.4921681,-0.16202948403168488
3799,dc,-0.02850955,0.4958850695503937
38,dc,-0.28953227,0.7847868054122277
380,dc,-0.6863401,-1.3853916996130486
3800,dc,-0.06576645,0.45020099455146684
3801,dc,-0.29698366,0.16551072265653832
3802,dc,-1.3588365,-1.1486466239312456
3803,dc,0.12739463,-0.6639764173164302
3804,dc,-1.7829701,-0.9382407362195874
3805,dc,-1.655579,-0.25729660301570123
3806,dc,-0.7916702,0.5025100103698122
3807,dc,-1.1418226,0.0469251013321397
3808,dc,0.8216229,-0.17843084240635873
3809,dc,-1.0109102,0.20133585651392094
381,dc,0.93802434,0.3514227603876786
3810,dc,0.606403,0.39809667060449727
3811,dc,0.5627867,0.34842775261837977
3812,dc,0.72052616,0.8830531673101405
3813,dc,0.9657276,1.1943846454882068
3814,dc,-0.14050072,-0.7355710903833315
3815,dc,0.42437384,0.20742931635537978
3816,dc,0.84876937,0.47378307648550505
3817,dc,0.115657754,0.9051344183380403
3818,dc,-1.3844789,0.06820345669981108
3819,dc,1.1635671,0.8860785081036917
382,dc,-0.0006532177,-0.886793560184581
3820,dc,0.74547005,1.1109871217894687
3821,dc,0.049090896,0.8004496827650843
3822,dc,0.16785806,0.4051290601375983
3823,dc,0.6610307,0.5093682085395481
3824,dc,0.27756792,0.757170828927138
3825,dc,0.6171873,0.981382597844286
3826,dc,0.492253,0.8211519832179077
3827,dc,0.5339503,1.0543725351802102
3828,dc,0.44385433,0.7631030559078753
3829,dc,1.8237236,1.4020252450726622
383,dc,2.2860463,2.0179614765534932
3830,dc,0.555596,1.0852129363241425
3831,dc,0.60466105,0.9741347727583466
3832,dc,-0.12809046,0.5795627360008628
3833,dc,0.5752224,1.4723319189495403
3834,dc,0.693219,1.617579637679824
3835,dc,0.52362484,0.2928458651967462
3836,dc,0.6860777,1.6063669624541004
3837,dc,0.8256399,0.6870743066101684
3838,dc,0.98975444,0.9230847025214209
3839,dc,0.489393,0.24408574325237029
384,dc,2.7091248,1.9436009708105557
3840,dc,-1.2202531,-0.2618876172648831
3841,dc,-0.12809607,0.046652040354560595
3842,dc,0.5552937,0.6612997929495402
3843,dc,0.46955335,1.3198607871560721
3844,dc,0.40938783,1.2370520077793241
3845,dc,0.22178741,0.4788108192427449
3846,dc,0.22996935,0.4910397438017227
3847,dc,-1.9494492,-1.2015105687073826
3848,dc,-3.0046945,-2.5086315098434873
3849,dc,-1.0080223,0.49747332579192044
385,dc,2.886233,2.1453058235776954
3850,dc,0.3315043,0.5971919729081024
3851,dc,0.29554272,0.553342218251843
3852,dc,-1.1923636,0.32654784927369407
3853,dc,-0.47308663,0.2932163486373094
3854,dc,0.8522622,0.507717451731642
3855,dc,0.5123129,0.0710170646175197
3856,dc,-1.2343905,-0.2626819886639631
3857,dc,-0.13313468,0.16815731758642674
3858,dc,-0.70689917,0.7291302726471836
3859,dc,0.24938065,0.6543813607258222
386,dc,-1.203429,-0.6398438522246662
3860,dc,0.44927862,1.2026123261738941
3861,dc,0.3287172,1.0705898532529654
3862,dc,0.56203955,0.12736377219297199
3863,dc,-1.0355448,0.01800602519386794
3864,dc,-0.66078126,0.6480882674008545
3865,dc,0.12518696,0.5124313894159017
3866,dc,0.084510855,1.1677090856366539
3867,dc,-0.10870036,0.5994166135293749
3868,dc,0.11329521,0.8933450879132421
3869,dc,0.66388816,1.0213072829670045
387,dc,-1.246594,-0.6932095096528083
3870,dc,-0.26628128,0.9309777396992148
3871,dc,-0.03276365,0.7081415633603199
3872,dc,-0.64489913,0.34995352613268227
3873,dc,0.2179099,0.8407171241852374
3874,dc,0.15250453,1.4649591575760819
3875,dc,0.71937,1.064261491710522
3876,dc,-0.5172771,0.41613572290117756
3877,dc,0.50638765,0.5734848949201953
3878,dc,0.7093417,0.8444935339040402
3879,dc,-0.8009683,0.04500691225758493
388,dc,0.18678385,-0.16089316513805932
3880,dc,0.6982242,1.0679153633442715
3881,dc,0.017031651,0.7469417764899291
3882,dc,0.09017684,0.8603585101855169
3883,dc,0.47027755,1.4544132924987627
3884,dc,0.2150922,0.8199170545681159
3885,dc,-0.6749733,0.30764103510148555
3886,dc,-0.79430157,-0.25026273818139727
3887,dc,0.17133479,0.2743697828010728
3888,dc,-0.84989476,-0.32232977259872503
3889,dc,-0.075091965,0.6699341471256346
389,dc,0.86096805,0.2204357601133264
3890,dc,-0.41854036,-0.5314414542103472
3891,dc,0.23396507,0.8719261033313948
3892,dc,1.1013325,0.5841375582832399
3893,dc,0.8882862,1.6418738858849802
3894,dc,-0.3128839,-0.613214108420023
3895,dc,0.60018635,1.069174486136945
3896,dc,1.4779382,1.4802497719172947
3897,dc,1.4380202,1.2158580647726476
3898,dc,0.24369626,0.8396576505618645
3899,dc,-4.7704935,-4.5158700629765285
39,dc,-2.4176397,-1.9571445725444847
390,dc,1.4685508,0.17201944985294834
3900,dc,0.7608857,0.5872601024488913
3901,dc,-0.09999846,0.40576989144467057
3902,dc,-0.6193276,-1.1225114590572873
3903,dc,-1.4357107,-1.2315092603249616
3904,dc,-1.6924652,-1.9797406534434712
3905,dc,-1.7760228,-0.17013629147733902
3906,dc,-4.5353446,-4.138232308834797
3907,dc,0.3937884,0.3364593390906466
3908,dc,-0.56311667,0.3599360352920285
3909,dc,-0.9202739,0.3077695013165634
391,dc,-0.59310085,-0.5851744347597847
3910,dc,-0.29331505,0.11906259586007366
3911,dc,-0.13015799,0.6424423983981725
3912,dc,0.14361289,0.46281024835449425
3913,dc,-0.09593243,0.72015778605343
3914,dc,-1.5245745,-0.43596548514024014
3915,dc,-0.610306,-0.2611231200719334
3916,dc,-0.45126578,-0.03759786312212335
3917,dc,-1.6946809,-1.5944394674161775
3918,dc,-0.7208758,0.16106053677102342
3919,dc,-1.9953902,-1.205067358884694
392,dc,0.7889288,-0.4505145096394714
3920,dc,-0.61832386,0.29658654329611817
3921,dc,-1.1785729,-1.1494594469427646
3922,dc,-2.350001,-0.6063244328248227
3923,dc,-4.3638325,-3.4064034088385333
3924,dc,-1.4289981,0.7449769819908262
3925,dc,-3.3294306,-2.148136763608763
3926,dc,-3.53016,-2.3915808432508756
3927,dc,-1.4216765,0.22390545262828296
3928,dc,-1.3846809,-0.5521902732317652
3929,dc,-1.0290103,0.09146118008035456
393,dc,-0.38557383,-0.33143235158050405
3930,dc,-1.677434,-0.4642938962912961
3931,dc,-3.6219954,-2.4856395980575066
3932,dc,-2.8740819,-1.5467122468594343
3933,dc,-1.3739285,-0.30305722425378673
3934,dc,-1.3079115,-0.22143915995192243
3935,dc,-2.2952795,-1.425574316384482
3936,dc,-1.1825799,-0.04573393530334995
3937,dc,-1.1802616,-0.03756779955082137
3938,dc,-2.3914726,-1.7323687271769763
3939,dc,-2.3570395,-1.6911345624884986
394,dc,0.09229277,-0.27713269425182274
3940,dc,-2.1579766,-1.8549086256842091
3941,dc,-0.55799365,0.15987882145912843
3942,dc,-2.2090952,-1.9167715318995318
3943,dc,-0.8545432,0.359450428544624
3944,dc,-1.6328162,-0.14642663021021976
3945,dc,-1.2117379,-0.26489284180561223
3946,dc,-0.4514195,0.30898500800614975
3947,dc,-0.6537855,0.408775819822585
3948,dc,-1.0482719,-0.9226347022115915
3949,dc,-1.5173442,-1.3566150273149966
395,dc,0.7982886,0.16834773616587326
3950,dc,0.7637412,1.1505722105047897
3951,dc,0.35012242,1.1318802672041417
3952,dc,0.5943385,0.9262288444189384
3953,dc,-1.6453595,-0.8997574514999779
3954,dc,-1.635978,-0.894518964824446
3955,dc,-3.345032,-2.918058742033649
3956,dc,-0.6531751,0.0993292101624357
3957,dc,-2.448965,-1.8821268665199322
3958,dc,-0.8556364,-0.1161190150439174
3959,dc,-3.4845543,-3.2351742019807626
396,dc,-0.78626317,-0.35647230596119656
3960,dc,-3.0348618,-2.689969070409372
3961,dc,-2.4548287,-1.9687595589880882
3962,dc,-1.4874244,-1.157076332098451
3963,dc,-3.2126865,-2.878482588873073
3964,dc,-2.7504764,-2.325186791277554
3965,dc,-2.5019333,-2.0150634647709764
3966,dc,-0.6563122,0.054308720964669877
3967,dc,-3.73302,-3.6814669181310054
3968,dc,-0.8057882,0.4054662787738588
3969,dc,-2.9617267,-2.5699212265903983
397,dc,0.72644407,0.08062350605235699
3970,dc,-1.611812,-1.0290097875590054
3971,dc,-0.80957764,-0.4675630379422311
3972,dc,-1.3291912,-0.7781696963862704
3973,dc,-2.5407555,-1.6306261891922156
3974,dc,-2.5835576,-1.6835433957176
3975,dc,-0.49327326,0.2585939274336779
3976,dc,-2.2994006,-1.640043658150123
3977,dc,-0.25893104,0.17563051042354116
3978,dc,-2.8840306,-2.6007004814526433
3979,dc,-0.268883,0.1985473848595147
398,dc,0.2237829,0.4160144453230399
3980,dc,-0.03490288,0.45049611233598047
3981,dc,-0.024036815,0.4629414052587661
3982,dc,-0.7987014,-0.47193558100893224
3983,dc,-0.8030542,-0.4773169918420221
3984,dc,0.1889536,0.5044290900513199
3985,dc,-1.2499985,-0.6831379368369541
3986,dc,-1.6335747,-0.7243954198906438
3987,dc,-0.61351293,0.5340557916480467
3988,dc,-2.196127,-1.3957689865837333
3989,dc,-1.6057286,-0.09203593421184299
399,dc,-0.056116138,-0.4183352121765192
3990,dc,-3.0215085,-2.5158774965450945
3991,dc,0.104966454,1.153909363683939
3992,dc,-2.1370995,-1.7545375279256896
3993,dc,-2.880942,-2.2252889718506257
3994,dc,-0.20858958,0.2531697173422477
3995,dc,0.48434246,1.3991456514154994
3996,dc,-3.1467617,-2.663341594781736
3997,dc,0.06714631,1.1055567399570116
3998,dc,-2.108179,-1.7319639071019488
3999,dc,-2.6626475,-2.086513405703424
4,dc,2.5185778,2.7302334877803833
40,dc,-1.5434182,-0.9059703426479516
400,dc,0.16084565,-0.6245856810572774
4000,dc,-1.5928022,-0.3645499595262129
4001,dc,0.068145275,0.5811351971307381
4002,dc,0.035878077,0.5422313009452602
4003,dc,-1.3762459,0.21297880524757162
4004,dc,-2.7940264,-2.2589794320290606
4005,dc,-3.1314325,-2.637184521035951
4006,dc,-2.6669395,-2.398847297682865
4007,dc,-2.6500146,-1.028566644260174
4008,dc,-1.7079287,-0.2799830520007738
4009,dc,-2.0084932,-0.2490349801592464
401,dc,-2.719612,-2.6343132621733916
4010,dc,-1.5458988,-1.446218725026396
4011,dc,-1.6146549,-1.5304127560341316
4012,dc,-1.5375545,-0.2883078695351518
4013,dc,-1.1070087,-0.3080397092564816
4014,dc,-3.3829317,-3.3082223402763673
4015,dc,-2.3737397,-2.0997945014752073
4016,dc,-2.2523015,-1.9981738645708822
4017,dc,-0.3474436,0.9004580988081854
4018,dc,-0.31372574,0.9407315934970751
4019,dc,-0.06526687,1.0338787656290331
402,dc,-2.287469,-1.8171011950346179
4020,dc,-0.7544408,0.1946357485746678
4021,dc,0.25791186,1.6485357406260204
4022,dc,0.38834906,1.2669454753934
4023,dc,0.010279001,0.5514662919066523
4024,dc,-0.0056703454,0.7852653344537287
4025,dc,-0.055405363,0.7188735111699283
4026,dc,-0.27611202,0.4345520002650087
4027,dc,0.70636374,0.7325862953901932
4028,dc,0.64388555,1.1946265540745684
4029,dc,-1.5217402,-1.2049353576326938
403,dc,0.5969223,0.5540904676972898
4030,dc,-2.94361,-2.7181509051843755
4031,dc,0.3009913,0.26901393063755613
4032,dc,0.5543713,0.5580031501140436
4033,dc,0.96477103,0.6049077347912826
4034,dc,0.8183989,1.63495460051358
4035,dc,1.0167323,0.6687978977278874
4036,dc,1.0583435,0.7170545005749875
4037,dc,1.0966259,0.7781543278449308
4038,dc,1.1740669,0.8636639056823577
4039,dc,0.5725963,0.8171590696642176
404,dc,0.021223068,-0.36379173403876297
4040,dc,0.3240027,1.0571059374104927
4041,dc,0.8057566,1.1063020577034053
4042,dc,1.4849833,1.243607101433079
4043,dc,-0.15469022,1.3871852004131482
4044,dc,0.9863683,1.849087702246543
4045,dc,0.7748695,1.0675259366626522
4046,dc,-1.574666,-0.9738925217796323
4047,dc,-2.4169283,-1.132992424118804
4048,dc,-2.0052474,-1.894254868619933
4049,dc,-4.646765,-3.8904465298286546
405,dc,0.18227363,-0.1206989694858022
4050,dc,-1.701553,-1.5335658204882898
4051,dc,-1.7917143,-1.644408307689014
4052,dc,-1.9723092,-2.3485138985133327
4053,dc,-2.573216,-3.1130061924943844
4054,dc,-0.906879,-1.0267366906289583
4055,dc,-0.9679188,-0.6001102475471556
4056,dc,-0.8509309,-0.9300788765739295
4057,dc,-2.4282806,-1.9154338394836479
4058,dc,-2.4369607,-1.9249593239962988
4059,dc,-1.4426277,-1.6280273781472925
406,dc,-1.7315074,-1.263216750313685
4060,dc,-1.5212649,-1.7223372244666275
4061,dc,-1.6969658,-1.9888725725794776
4062,dc,-1.294409,-1.5025404009512928
4063,dc,0.21903001,-0.41839154580496274
4064,dc,-2.1338668,-1.5515196276054597
4065,dc,-1.0999674,-1.265203470020182
4066,dc,-0.47833207,-0.4727134472573081
4067,dc,-0.7476087,0.48546332627787053
4068,dc,-1.2142924,-0.45512367296011086
4069,dc,-1.1547936,-0.42687126608638865
407,dc,0.5818658,0.5285418900005621
4070,dc,-0.5377836,0.361322220167972
4071,dc,-0.39719802,0.5294148334360315
4072,dc,-0.5813954,0.27865854221063324
4073,dc,-0.68863404,0.14923649417425394
4074,dc,-0.33379894,-0.35769478564024615
4075,dc,-1.3659738,-0.6887834817976872
4076,dc,-1.1762997,0.08524557390394603
4077,dc,-1.0547848,0.23547662632770708
4078,dc,-0.16285251,0.7478333491186454
4079,dc,-0.17153406,0.7374364154580286
408,dc,0.49156186,0.41831005448150277
4080,dc,-0.18363497,0.7228167131031642
4081,dc,-0.027153725,0.6936546483654364
4082,dc,-0.28715834,0.5900986992354782
4083,dc,-0.9536542,-0.22566944343036285
4084,dc,-1.2057012,-0.738333401302021
4085,dc,-0.6422152,-0.06529834065310598
4086,dc,-0.046321683,-0.11496052215277706
4087,dc,-0.9391917,0.32007498225466524
4088,dc,-1.3779162,-0.9829041887276919
4089,dc,-1.3307481,-0.9149514514863297
409,dc,-0.87295485,-0.1869914705147969
4090,dc,-0.71585566,-0.9415528717816712
4091,dc,-0.4822116,-0.11627799126876139
4092,dc,-0.50433815,-0.14363349633696862
4093,dc,-0.5482202,-0.1958533734951578
4094,dc,-0.48545513,-0.12092997199787883
4095,dc,-1.0130879,-0.5327056791371576
4096,dc,0.32381153,0.3694337138932735
4097,dc,-0.7505545,-0.09312423977080089
4098,dc,0.5807321,0.46623184571148407
4099,dc,0.3281279,0.14372596979860358
41,dc,-1.5657079,-0.9360008950598809
410,dc,-0.68936807,0.03715285308248897
4100,dc,-0.57907754,-0.008971358344845503
4101,dc,-0.51931435,0.06155893570030145
4102,dc,0.54468036,0.6335180672570069
4103,dc,-0.026337817,0.8917676820833605
4104,dc,0.50929356,0.5525308753655186
4105,dc,0.062029712,0.7872209708428055
4106,dc,1.2931098,0.7908122487681492
4107,dc,0.5502821,0.6032058273771156
4108,dc,0.261161,0.4674754771767108
4109,dc,0.28965685,0.5024058604611296
411,dc,-1.8893784,-1.4815732922968052
4110,dc,0.546786,0.35880146560049064
4111,dc,-0.110934846,0.798344528323687
4112,dc,0.43830258,0.6911052229703358
4113,dc,0.42042103,0.4318637055308618
4114,dc,1.3407477,1.3473314949203938
4115,dc,1.417532,1.4418950958079155
4116,dc,1.507604,1.5536189101888418
4117,dc,1.6507679,1.7302490262809855
4118,dc,1.9216205,2.291135791326779
4119,dc,1.556179,1.8433181933701843
412,dc,0.030326203,-0.32421741010208605
4120,dc,1.9598639,2.337705652805038
4121,dc,1.9065964,2.278255936207621
4122,dc,1.9667212,1.3591985073593165
4123,dc,1.4471796,1.9397358658289128
4124,dc,2.2533832,1.734365588546451
4125,dc,2.0668526,1.7246021377895877
4126,dc,0.6721608,0.7553321696163573
4127,dc,1.9751153,1.9665174138142105
4128,dc,0.33165747,0.3637343064196512
4129,dc,-0.56335294,-0.6355608182967301
413,dc,-1.6433728,-1.3740452703038508
4130,dc,0.047871236,0.06043480269985089
4131,dc,-0.6215943,-0.7120353230749206
4132,dc,-0.11556224,0.361189789563889
4133,dc,-0.13249044,0.03116907139965526
4134,dc,-0.087095,0.08681240087804319
4135,dc,0.8729447,1.3053544357851516
4136,dc,0.9142781,1.3571518497014903
4137,dc,0.17883705,0.39559370729144183
4138,dc,1.0903996,0.10921319764711271
4139,dc,-2.8541796,-1.7388859865311375
414,dc,0.48767772,0.39586276342006177
4140,dc,-4.901715,-0.9614107464285034
4141,dc,1.3563519,1.2432361295274974
4142,dc,0.011426363,0.7180228823684969
4143,dc,-0.06864468,0.8481482544709922
4144,dc,-0.38426417,0.4574326429204247
4145,dc,-0.050412007,0.8722845294490144
4146,dc,-0.2142558,1.0420027735163195
4147,dc,-0.2004062,0.6930939764202304
4148,dc,1.6910412,0.8663480938907626
4149,dc,2.4599013,2.122515393217345
415,dc,-0.6246731,-0.013126386150496955
4150,dc,1.9280627,1.1417183632786003
4151,dc,1.9468296,1.1651188211293313
4152,dc,2.1478777,1.413479610349643
4153,dc,-2.2910893,-1.6458680644008767
4154,dc,-1.6450399,-1.2549934530251599
4155,dc,-2.0363235,-1.3344328669272918
4156,dc,-1.1573961,-0.5595951093902899
4157,dc,-1.2180868,-0.23264680435336269
4158,dc,-0.5230827,-0.1150086979647522
4159,dc,-4.994025,-1.0820195988258812
416,dc,-1.6688721,-1.3027648951306205
4160,dc,-2.4927464,-1.8917897333887028
4161,dc,-2.770783,-2.4532188685194307
4162,dc,-2.702332,-2.157275686473892
4163,dc,-2.713214,-2.1707292135566165
4164,dc,-5.027671,-0.41776942852588195
4165,dc,-1.2098066,-0.33163621273221794
4166,dc,-0.95359975,-0.2340687284126391
4167,dc,-0.8272823,0.6867624899249767
4168,dc,0.6356491,0.5626148860348776
4169,dc,-0.74359506,0.8066742501468109
417,dc,-0.876006,-0.30423689988816893
4170,dc,-1.8177165,-0.4610408190368097
4171,dc,-0.70937836,0.9332384610245303
4172,dc,-0.8628145,0.751988060011703
4173,dc,-1.1853334,-0.6578892452928811
4174,dc,-1.2082831,-0.6856941841631958
4175,dc,-1.3160614,-0.8284619835151513
4176,dc,-1.177386,-0.6557142104257001
4177,dc,-1.079086,-0.5341840157784187
4178,dc,-1.0419954,-0.4902548886163769
4179,dc,-0.3285767,0.49414235087094943
418,dc,-1.6802543,-1.3181045833062959
4180,dc,-1.0342194,-0.48001563207257686
4181,dc,-1.0163335,-0.4566020096013718
4182,dc,0.45746306,0.9543338514693667
4183,dc,-0.27454528,0.5542638645700743
4184,dc,-0.2408113,0.5959697985265214
4185,dc,0.30368227,1.2677916111687437
4186,dc,0.00474384,0.8948100433620924
4187,dc,0.81851155,1.9001941099739224
4188,dc,0.022260914,0.9082002107616224
4189,dc,0.901577,2.0028893667053893
419,dc,0.7476125,0.6008078446329889
4190,dc,-0.4253476,0.36509870761255
4191,dc,-0.99641675,-0.5567910332793943
4192,dc,-1.492661,-0.9512818158254497
4193,dc,-1.3281366,-0.750970396125179
4194,dc,0.021863766,0.8592417574632175
4195,dc,0.03379423,0.6552889541904771
4196,dc,-0.29667372,-0.3168517241444823
4197,dc,0.10683628,0.7462511912765214
4198,dc,-2.8162668,-2.660348298856001
4199,dc,-5.303902,-5.813473236058236
42,dc,1.9820813,1.2173643395080902
420,dc,0.371626,0.6719894082938263
4200,dc,-0.3524057,-0.34306280342226325
4201,dc,0.012379286,0.31191805247304066
4202,dc,-0.17212838,-0.12018270475178768
4203,dc,-0.1010331,-0.03228632781131841
4204,dc,0.2544033,0.9348847313201244
4205,dc,-0.4780686,0.2284194544496718
4206,dc,-0.49148965,0.21182677104764444
4207,dc,-0.17330487,-0.14289473803341532
4208,dc,0.0037450825,0.08761283243881544
4209,dc,0.15557544,0.30285613110795484
421,dc,-0.81875616,-0.2439873656678639
4210,dc,-0.10590877,-0.04732051552804573
4211,dc,-0.20873502,-0.16591256670245647
4212,dc,-0.28232452,-0.25468748540534836
4213,dc,0.5015106,0.9632098503297151
4214,dc,0.7355761,1.0245999577268619
4215,dc,0.030289317,0.14865990501997545
4216,dc,-0.20978658,-0.952449077297926
4217,dc,0.24464843,0.6375452640265092
4218,dc,0.23705138,-0.4122136602598367
4219,dc,0.84465456,1.1193835185465277
422,dc,-0.6509756,-0.03916097895482
4220,dc,1.1883476,2.123049665608144
4221,dc,0.5690782,1.362296961239389
4222,dc,0.35011497,0.5430061914512117
4223,dc,0.87364227,1.383686315171124
4224,dc,1.1701939,2.0677696406966115
4225,dc,0.88639,1.3981950478494902
4226,dc,0.6169587,1.4214924804033786
4227,dc,2.02093,1.6048828438397198
4228,dc,0.12395818,0.5022641979680488
4229,dc,0.71296173,0.6468823452448231
423,dc,0.665777,0.4992614079948796
4230,dc,-0.5060912,0.36079968394201484
4231,dc,-0.12168042,1.0612531419283737
4232,dc,-1.0901308,0.5768322688866026
4233,dc,-2.001945,-0.7093568986344019
4234,dc,-1.4807043,0.4743046278549798
4235,dc,-1.274687,-0.04743371941148635
4236,dc,-0.5763599,1.2278667975441047
4237,dc,-2.1933758,-0.9429966624887335
4238,dc,-0.40803912,1.2197341413299143
4239,dc,0.86762285,1.9532842148838816
424,dc,0.27280885,0.1222643490785981
4240,dc,-2.2254329,-0.4466400773454398
4241,dc,-2.1009169,-0.8197197420502631
4242,dc,-1.4073013,-0.2195977288329981
4243,dc,-0.7605813,0.9894988349515501
4244,dc,-0.8284667,0.903806466113388
4245,dc,-0.070528574,0.7962931694805802
4246,dc,-1.2495635,0.17348087231698497
4247,dc,-1.8257889,-0.7577453632593801
4248,dc,-0.92470706,0.36561743113551287
4249,dc,-0.97991973,0.29232141675150425
425,dc,-1.1058654,-0.6144606764353955
4250,dc,-3.6467557,-2.5260953930016203
4251,dc,-1.5584064,-1.538655193370814
4252,dc,-3.913611,-2.8849298486295676
4253,dc,-2.506404,-2.047481736603391
4254,dc,-0.7224809,-0.0621968984874036
4255,dc,-0.5772338,0.8652623858822064
4256,dc,-1.2303761,-1.136059295517827
4257,dc,-2.2204618,-1.7702790585665666
4258,dc,-0.29277214,0.6725777438895986
4259,dc,-2.3249152,-1.8286182151646049
426,dc,0.4018672,0.2720474545164028
4260,dc,-1.6996207,-0.6383627220834897
4261,dc,-0.082971744,0.923095089199632
4262,dc,1.0731181,1.700379148847971
4263,dc,0.6396773,1.6766112510018236
4264,dc,1.0510257,1.0692551512736017
4265,dc,1.5685731,1.4903738685572432
4266,dc,1.5227056,1.4205587230745154
4267,dc,0.038087364,1.084036646411809
4268,dc,0.6315687,0.547862743767399
4269,dc,1.4950025,1.3906982041744078
427,dc,0.71584046,0.5504856064439966
4270,dc,1.0173832,1.0362299377553303
4271,dc,1.2194941,1.2755253407328304
4272,dc,1.1025445,0.9191030517706866
4273,dc,-1.4012594,-0.4838558812485644
4274,dc,1.0311882,1.0479436176023489
4275,dc,1.0582654,1.0797604846482658
4276,dc,1.4640379,1.5939076049903746
4277,dc,1.2100563,1.2855704876787435
4278,dc,1.4015472,1.5253884507608089
4279,dc,1.7493327,1.9254588347081003
428,dc,0.76844007,0.7467258876889865
4280,dc,0.5583078,1.9698180306250686
4281,dc,1.7124962,1.9031900298337727
4282,dc,1.6097918,1.7538299127412165
4283,dc,1.8418043,1.8488874842860439
4284,dc,-1.2640948,0.20463248420752175
4285,dc,0.5324725,1.510273351295462
4286,dc,0.18751255,0.6090563370040101
4287,dc,0.15862787,0.5948237941134731
4288,dc,0.29661286,1.2252106018600009
4289,dc,1.6186304,2.256558957136284
429,dc,-0.23267394,-0.5469536613907571
4290,dc,0.038855787,0.9591872696337147
4291,dc,0.3441703,1.2891269237523577
4292,dc,0.8864114,1.7451653998277692
4293,dc,0.8423123,1.6861294995820884
4294,dc,0.29177362,0.07617018411766598
4295,dc,0.54802763,0.860442045150186
4296,dc,-0.7912157,-0.13267043740606266
4297,dc,1.1731393,1.5332315626651984
4298,dc,0.11281656,1.008818898718985
4299,dc,0.60168904,1.5950827450733007
43,dc,-1.5698353,-0.940708158352872
430,dc,1.1402684,1.079219634352373
4300,dc,-0.4251125,-0.8854443435452999
4302,dc,0.4011116,0.7198241829374564
4303,dc,0.033415128,0.6871388936235736
4304,dc,0.06497273,0.7261541221634757
4305,dc,-0.14160669,0.6907265008456335
4306,dc,0.34637997,1.1938615919189393
4307,dc,0.06705152,0.7292922955834282
4308,dc,-0.09352571,-0.05362707913199341
4309,dc,0.3317236,0.9325743614754016
431,dc,0.3352084,0.2178674614547867
4310,dc,0.68635505,0.9155848237361568
4311,dc,0.73761505,0.7585990659871719
4312,dc,0.6423981,1.5194229882325663
4313,dc,0.42297623,0.7368648442898964
4314,dc,0.3790271,1.1991285518632437
4315,dc,0.76763725,1.1622792386591605
4316,dc,0.7573022,1.1440545996981257
4317,dc,0.560702,1.439970406046863
4318,dc,0.9419911,0.8509606586588532
4319,dc,0.38307878,0.5418007032405617
432,dc,-0.037442815,-0.2889082704651856
4320,dc,-0.85481155,-1.3488797813550122
4321,dc,0.97085756,1.397908378669578
4322,dc,0.04466258,0.11963050194689326
4323,dc,0.39217323,0.9285063248057694
4324,dc,0.5651081,1.4291838649778392
4325,dc,0.39968982,0.47727684981523416
4326,dc,0.15313466,0.6489614433438425
4327,dc,0.59498745,0.9833846937096795
4329,dc,-0.5353682,-0.21574962630664898
433,dc,0.73882437,0.5777775073981488
4330,dc,0.106583335,1.0696884855815028
4331,dc,0.7953716,1.765980601114331
4332,dc,-0.5704887,-0.5208479838178616
4333,dc,0.09611113,0.8432263307669934
4334,dc,-0.0040693516,0.7201559709298846
4335,dc,-0.8222723,-0.5733728426778412
4336,dc,1.1542771,0.8474234067163076
4337,dc,0.82753736,1.2592265565084984
4338,dc,-0.35308102,0.39698112522119233
4339,dc,-0.3887046,0.3595855262370934
434,dc,-0.028338762,-0.4010201186176322
4340,dc,-0.37509182,0.3836945777096088
4341,dc,-2.3359962,-1.8760787661284337
4342,dc,-0.87358207,-0.45878316993370866
4343,dc,-1.527845,-0.87661927729339
4344,dc,-2.9577837,-2.6240637690088517
4345,dc,-0.7779447,0.032080154936551954
4346,dc,-2.1768563,-0.723276845078711
4347,dc,-1.3511299,-0.6774916773215496
4348,dc,-2.1574347,-2.0404162750718786
4349,dc,-1.4971135,-0.8544472155607203
435,dc,-0.9860027,-0.4829903745647062
4350,dc,-1.7791318,-1.5822232963502816
4351,dc,-1.3773655,-0.3978683942109295
4352,dc,-1.169937,-0.46140913783193305
4353,dc,-1.8997395,-1.3502431239437567
4354,dc,-2.1161392,-1.3066570873705148
4355,dc,-0.5071016,0.2141451606027642
4356,dc,-2.7820916,-2.813656715112031
4357,dc,-1.9686044,-1.1125461556018117
4358,dc,-2.0180657,-1.900949478813494
4359,dc,-1.4311993,0.07568121792244381
436,dc,1.3357089,1.3027656330642043
4360,dc,-2.3826897,-1.6224267160035009
4361,dc,-2.1419234,-1.3397126237390462
4362,dc,-2.504742,-1.7834105398582514
4363,dc,-2.3247285,-1.5586480585310185
4364,dc,-1.9578613,-1.1169515177153833
4365,dc,-2.3580086,-1.5967632287830817
4366,dc,-2.3938823,-1.6593369943138858
4367,dc,-2.8119168,-2.162840833568467
4368,dc,-2.8363872,-2.2239837186536286
4369,dc,1.3698403,0.4708520111421228
437,dc,-0.15247504,-0.4703533797415482
4370,dc,-0.014995091,0.6076950331282026
4371,dc,0.036375098,0.6699373511295743
4372,dc,0.09691471,0.7402208718669068
4373,dc,-0.049824785,0.7709135758303779
4374,dc,-5.051661,-5.061634811632401
4375,dc,1.3700216,0.21428527250411705
4376,dc,-3.7339077,-3.273652997663176
4377,dc,-3.6243944,-3.2108543747918765
4378,dc,-5.175715,-5.2150050203754645
4379,dc,-3.6080716,-3.190674084167789
438,dc,0.15968515,-0.07432567124903501
4380,dc,-3.6204045,-3.2059214148615442
4381,dc,-0.31084955,0.21280849608923916
4382,dc,-3.2482188,-2.740478703470577
4383,dc,-1.298182,-0.29504980439412276
4384,dc,-0.8350815,-0.017882901512544236
4385,dc,-1.4486084,-0.6932753268928148
4386,dc,-1.5202651,-0.779262224375122
4387,dc,-2.0949314,-1.3563011691381783
4388,dc,-1.9934165,-0.9483547501702847
4389,dc,-1.5167363,0.1787851507886316
439,dc,0.45997483,0.23500082898000688
4390,dc,-2.8293972,-2.1616156745699344
4391,dc,-0.89650416,0.19567835748094164
4392,dc,-2.8492262,-2.193557456377993
4393,dc,-3.0237203,-2.4238915512418466
4394,dc,-0.49765733,0.6784101380507207
4395,dc,-0.67575824,0.4582207447967901
4396,dc,-1.9251922,-1.0832095022401425
4397,dc,-0.5776447,0.5839984030797236
4398,dc,-0.857854,0.43243107819868876
4399,dc,-0.7737778,0.34189283267301346
44,dc,-1.6812336,-1.2987976753906953
440,dc,0.15516831,-0.18666424528308476
4400,dc,-0.5630154,0.7998654002171512
4401,dc,-0.71468806,0.41419762384570463
4402,dc,-4.3779006,-3.920662409466906
4403,dc,-1.7635509,-1.0286978627352563
4404,dc,-0.48710278,-0.7123052648869501
4405,dc,-2.962844,-2.150519682389687
4406,dc,-0.62910426,0.7327250926476435
4407,dc,-1.400852,-0.6058847115798813
4408,dc,-1.4258169,-1.6734181993846167
4409,dc,-0.47924218,0.5359518158489536
441,dc,-0.31525084,-0.6878201753889426
4410,dc,-0.56114924,0.4356213177270171
4411,dc,-0.4618574,0.556108788107829
4412,dc,0.81545013,0.4391735074126188
4413,dc,-3.9041722,-3.343298527399255
4414,dc,-5.683829,-5.6279141169806435
4415,dc,0.17687285,0.9557669321646749
4416,dc,0.9678638,0.8624872012456496
4417,dc,0.47764066,1.5391181177566648
4418,dc,1.4479021,1.2234096193518462
4419,dc,0.48272735,1.5449175215073132
442,dc,-0.18773347,-0.5327718388819808
4420,dc,1.349803,1.3084023567017105
4421,dc,-2.2809799,-2.7130220824558355
4422,dc,-2.7429457,-3.3372560843175205
4423,dc,-2.531811,-2.8927570605692607
4424,dc,-0.617066,-0.4785713824682922
4425,dc,-0.30219817,-0.11419377680451459
4426,dc,-0.711112,0.047548517800073235
4427,dc,-0.55207473,0.02369974558469977
4428,dc,-0.47586635,-0.006467742478190109
4429,dc,-0.42954516,0.319339213676104
443,dc,-0.12563296,-0.4371680129374934
4430,dc,-0.4788184,0.22213646061832593
4431,dc,-1.995713,-1.6444183569301403
4432,dc,-2.0441763,-1.3082075977471554
4433,dc,-3.656661,-3.336275398854865
4434,dc,-2.5797722,-1.9726469742926032
4435,dc,-1.40827,-0.5172446089449163
4436,dc,-1.1736271,-0.2243842262975417
4437,dc,-1.1174895,-0.16090640411324442
4438,dc,-2.199236,-1.496100865710157
4439,dc,-3.3050926,-3.305750662867189
444,dc,-0.14195585,-0.45734830356158074
4440,dc,-1.2179428,-0.2782032941797015
4441,dc,-1.3672124,-0.4921916861545917
4442,dc,-2.2533112,-1.5718286538961779
4443,dc,-1.8660365,-1.0831896482248764
4444,dc,-1.77489,-0.9974772322983007
4445,dc,-1.5620526,-0.7243303035568054
4446,dc,-1.599126,-0.7709885842195936
4447,dc,-0.21300025,0.8500306041939689
4448,dc,-0.24686867,0.6926804931680786
4449,dc,-0.29505062,0.7502663017310097
445,dc,0.14806885,-0.07825294887317379
4450,dc,-0.06015917,1.0422713570169806
4451,dc,-0.066849835,1.040982438233546
4452,dc,-0.19273336,0.8843617408167557
4453,dc,0.6545006,1.0012185789934154
4454,dc,-1.7620914,-3.0208749216976023
4455,dc,-2.535702,-1.0055227628364742
4456,dc,-2.4481769,-0.8979911607136142
4457,dc,-1.186577,-0.11144745979513507
4458,dc,-0.95675886,0.13667986889704406
4459,dc,0.51325136,0.35176340481891016
446,dc,-0.43197966,-0.9731701062829705
4460,dc,0.06989497,-0.012664875428240591
4461,dc,0.17050482,0.13728800459441598
4462,dc,-0.040790092,0.09603052154072635
4463,dc,1.3774112,0.17496786478492976
4464,dc,1.0831473,-0.18387692532760058
4465,dc,-0.08715637,0.6067666474280791
4466,dc,1.2128155,-0.027375220557622967
4467,dc,1.1097192,-0.16415583449141816
4468,dc,-1.1621692,-0.030369572106251467
4469,dc,-0.9330857,0.255683365735833
447,dc,0.5219705,0.06282696213474971
4470,dc,-1.6422442,-0.6832321175617051
4471,dc,-1.0596384,-0.31575579449185043
4472,dc,-1.5368006,-1.022281463838851
4473,dc,-2.860869,-2.9041586943338404
4474,dc,-2.3970418,-1.7291755785453709
4475,dc,-2.023625,-1.910934648667334
4476,dc,-1.810982,-0.49017964079611775
4477,dc,-1.5481887,-0.38016669452848867
4478,dc,-1.5365813,-0.36581626564024877
4479,dc,-1.5926652,-0.991530063296428
448,dc,1.256676,1.2078044466041118
4480,dc,-1.5981061,-0.9982568268377906
4481,dc,-1.4023026,-0.31145445424287055
4482,dc,-0.55867773,0.23490701514978377
4483,dc,-0.54465467,0.2509977606419368
4484,dc,-0.88034254,0.3927413985726748
4485,dc,-0.8795314,0.39496988720310156
4486,dc,-0.24292314,0.4377695903350664
4487,dc,-0.58030814,0.010700132872793141
4488,dc,-1.0768157,0.4394552489839694
4489,dc,-0.14501199,-0.14852707879163443
449,dc,1.5693333,1.5763391231006012
4490,dc,-0.06782625,1.0622719384814774
4491,dc,-0.10480049,1.5560354673154968
4492,dc,-0.49101648,-0.05527062047811724
4493,dc,-0.8576247,0.04375106397813326
4494,dc,-1.5869832,-0.8403860975328425
4495,dc,-1.4502362,-0.5421891966308399
4496,dc,0.36606622,0.1414613722106437
4497,dc,1.186796,0.9110616916077171
4498,dc,1.3284801,1.096043932959101
4499,dc,0.67967844,0.30210635006183806
45,dc,-0.056751452,-1.261716215014421
450,dc,1.4173731,1.3888040828507735
4500,dc,0.6339744,0.24560153631439352
4501,dc,-0.9885542,0.5562166677901176
4502,dc,1.4035748,1.4146425242760663
4503,dc,0.2899474,0.05705567853704346
4504,dc,-0.0076412586,-0.2984092349766491
4505,dc,-1.1249524,-0.9567411690999177
4506,dc,-1.1920576,-1.0397045861100545
4507,dc,0.24106051,0.0004209089482532165
4508,dc,-1.0868728,-0.9272917563985187
4509,dc,0.641072,0.49290170164193564
451,dc,1.2909247,1.244452199569417
4510,dc,-1.3634386,-1.3291831987232696
4511,dc,0.31630188,-0.12863339638189497
4512,dc,-0.861674,0.17498734567805876
4513,dc,-1.4796789,-0.23138808771622735
4514,dc,-1.1647695,-0.1815531355205613
4515,dc,-0.72737765,-1.2311773879226786
4516,dc,-0.37883195,-0.3691752270868659
4517,dc,0.6572548,0.2644879807244889
4518,dc,0.69720644,0.31327069531108115
4519,dc,-1.3901106,-1.4175424177697584
452,dc,-0.9461363,-0.4344192035269555
4520,dc,-1.3010558,0.08590608761303069
4521,dc,-1.5272226,0.026262117546283534
4522,dc,-0.7600336,0.29976454088403987
4523,dc,-0.91235435,0.11278383279937572
4524,dc,-0.6126456,-1.265095019298991
4525,dc,-1.0878762,-0.3019532079707128
4526,dc,-1.8756038,-0.5911412294920056
4527,dc,-1.3864399,0.006699387759557951
4528,dc,-1.1753218,0.26731911986450185
4529,dc,-0.9964567,-0.5391360370169439
453,dc,0.2262011,0.020893274655014907
4530,dc,-1.2877775,-0.6780634593898476
4531,dc,0.27345684,0.43223881847011003
4532,dc,0.23707943,0.3885830505163654
4533,dc,1.1702832,0.60899198365136
4534,dc,-0.96803075,-0.48004496957881804
4535,dc,-0.94168454,-0.4481316593093085
4536,dc,-0.9355181,-0.44050799396243107
4537,dc,-0.89958674,-0.3967272771937389
4538,dc,-0.55865335,-0.7644017309608118
4539,dc,-0.11217155,0.002318665679653407
454,dc,-0.99865246,-0.49789182767246554
4540,dc,-0.9709404,-1.047485459692843
4541,dc,-1.4948303,-0.486681185824691
4542,dc,-1.5220351,-0.5203150035315032
4543,dc,-1.5526499,-0.5584754853000121
4544,dc,-6.034955,-1.331911347595839
4545,dc,0.31378186,0.5982311639888043
4546,dc,-4.864711,0.0317561530907957
4547,dc,-4.0719447,1.009263445255006
4548,dc,-4.058532,1.0238134465815651
4549,dc,-4.257506,0.7750530813687795
455,dc,0.019300064,-0.2802663837027981
4550,dc,-4.2553296,0.7777437867853245
4551,dc,0.23731753,0.666208611658054
4552,dc,0.60421276,0.5994375377095829
4553,dc,-3.7551036,1.1789774589356585
4554,dc,-2.7956064,-3.3099540894872743
4555,dc,-2.1454353,-1.7941546750578912
4556,dc,-1.4854568,-1.6997030390301215
4557,dc,-0.3978337,0.6874298073148525
4558,dc,-0.27225658,0.8120603658504421
4559,dc,-1.2734752,-1.1561990397900215
456,dc,0.9391926,0.8090584156282686
4560,dc,0.58925146,0.8912224070433354
4561,dc,0.41848183,1.3726474691380848
4562,dc,0.78484446,1.809564683349389
4563,dc,0.446613,1.4044672254834685
4564,dc,1.304068,1.7830907371964633
4565,dc,1.2198405,1.6802678750395141
4566,dc,-0.12644841,0.013610938909460182
4567,dc,-0.13271923,0.6909201420685036
4568,dc,-0.7988455,-0.8080741021203411
4569,dc,0.12264803,0.9934996999539396
457,dc,0.75217134,0.5710159423788806
4570,dc,0.5549867,0.8518700890517972
4571,dc,0.45000005,0.9877980637851009
4572,dc,0.78317076,1.1248857911724697
4573,dc,-0.1754589,-0.05714561480746143
4574,dc,0.32863444,0.5543766331215746
4575,dc,1.1699225,1.6134400964164801
4576,dc,1.3886459,1.8689319907705293
4577,dc,1.3563144,1.8349013248326471
4578,dc,-1.4478801,-1.674507375151373
4579,dc,0.20534654,1.5547836307843392
458,dc,1.333051,1.2739628725921268
4580,dc,-1.8629738,-0.45046415253334493
4581,dc,-0.49275556,0.6876925309930659
4582,dc,0.40377527,1.7906101513034838
4583,dc,-0.31029314,1.4384208601551525
4584,dc,-0.38850167,0.8079633379852308
4585,dc,0.63979197,0.9448575089406055
4586,dc,-0.34509417,0.8625526775782667
4587,dc,1.4698597,1.9684731560422748
4588,dc,-0.5748653,0.5770940185139517
4589,dc,1.3020695,1.7631134184761617
459,dc,0.48290217,0.24806282932111995
4590,dc,-0.78691417,0.315637421619569
4591,dc,-0.9184504,0.17104478189602193
4592,dc,1.3203052,1.7881738519001407
4593,dc,-1.4198781,-0.49088656663123725
4594,dc,-2.0682347,-1.2605390284288873
4595,dc,-0.9873743,0.06242835385827317
4596,dc,-1.1028153,-0.1023100484982931
4597,dc,-1.4273252,-0.501859468507474
4598,dc,-1.3616424,-0.42149235255095724
4599,dc,-1.3827094,-0.44670000746830213
46,dc,0.13810807,-1.0271794115250017
460,dc,-0.9349424,-0.32163513613129263
4600,dc,-1.1313082,-0.13672602929994718
4601,dc,-1.9641382,-1.1396197374520622
4602,dc,-1.4134902,-0.4767785094396572
4603,dc,-0.5921407,0.5486733899139348
4604,dc,-2.6188445,-1.9261167733532902
4605,dc,-3.0983386,-2.544564446186718
4606,dc,-1.7533021,-0.9475361841501586
4607,dc,-1.6953694,-1.0496632167898101
4608,dc,-8.29023,-4.391242401647165
4609,dc,-0.2886555,-0.10759062875556567
461,dc,-1.0401183,-0.45025345866340905
4610,dc,-1.2195491,0.9928736940668322
4611,dc,-1.2249719,-1.0920349586194495
4612,dc,-1.3758315,-1.2647453657864918
4613,dc,-0.6717478,-0.09782426355891126
4614,dc,0.020623839,0.5201464361817539
4615,dc,-1.115492,-0.957126787901218
4616,dc,-1.1358508,-0.9830343669443908
4617,dc,-0.62771404,-0.2773311119646518
4618,dc,-0.56891155,-0.22071752144204448
4619,dc,-0.67483705,0.029824058107353224
462,dc,-0.6615547,-0.01829538886886364
4620,dc,-0.53621644,-0.184429686095387
4621,dc,-0.7763558,-0.5401638746642041
4622,dc,-1.0476282,-0.8095403921294166
4623,dc,-0.26095393,0.5328740301811775
4624,dc,-0.30061167,0.5140204264603169
4625,dc,-0.18595152,0.6487361694260234
4626,dc,0.114256606,0.9951840122274437
4627,dc,-1.0658327,-0.4459488599482564
4628,dc,0.009812061,0.8534411468664052
4629,dc,0.119418725,0.9911000872554789
463,dc,-1.013463,-0.4654118459864363
4630,dc,-1.5569913,-1.433093071326513
4631,dc,-1.2188892,-0.45213544438793873
4632,dc,-1.6790819,-1.5828723591508338
4633,dc,-1.9104542,-0.6232151850209483
4634,dc,-1.0396591,-0.47321034020039937
4635,dc,-1.6631217,-1.5631405194295038
4636,dc,0.14056708,1.0210306292222286
4637,dc,-0.7749529,-0.22922803835924652
4638,dc,-0.5289689,-0.18472418402985483
4639,dc,-0.26929379,0.17190608162528728
464,dc,-0.11904459,-0.5905296478557776
4640,dc,-0.4967114,-0.1460493908379669
4641,dc,-0.5381391,-0.18210859283293226
4642,dc,-1.5399872,0.37271203842000855
4643,dc,0.26512584,1.1750769613607528
4644,dc,-0.3174242,0.10085387657185735
4645,dc,-0.08460057,0.7478575008987729
4646,dc,-0.43692136,-0.047508258021251464
4647,dc,-0.42105615,0.5266440542486039
4648,dc,-0.41566312,0.5322369625591818
4649,dc,-1.600315,0.20634009126467198
465,dc,-2.3949347,-1.0224830809071856
4650,dc,-0.26955035,0.4877055670290138
4651,dc,-0.31014484,0.6738689008735717
4652,dc,-0.14818928,1.0318991350475262
4653,dc,-0.16741401,1.008131237201379
4654,dc,-1.1236973,-0.9015327840941442
4655,dc,-1.5486901,-0.8543991139226585
4656,dc,-1.2315987,-0.24942955981443007
4657,dc,-0.22367392,0.593784278605606
4658,dc,-0.07532379,1.1198803818006753
4659,dc,-0.50597334,0.5958434033450276
466,dc,0.83246434,0.41836378126281376
4660,dc,-0.59646857,0.48197287163606783
4661,dc,-0.5358978,0.5548795787187856
4662,dc,-0.12259323,1.0503757652650976
4663,dc,-0.5180612,0.5696605394354177
4664,dc,-1.3260846,-1.1175549507933122
4665,dc,-1.4742278,-1.296398326331938
4666,dc,-0.64515907,0.4114698281412742
4667,dc,-0.76038957,0.2625973809049173
4668,dc,-1.6786361,-1.3450206099933661
4669,dc,-0.70677125,0.3507348633001137
467,dc,0.5784102,0.35079052737170574
4670,dc,-1.7598596,-1.4404876058157587
4671,dc,-0.86634827,-0.05916504362164608
4672,dc,-1.3558167,-0.48604355290065726
4673,dc,-1.7222632,-1.4465136055708294
4674,dc,-1.4471036,-1.2797163924044426
4675,dc,-2.6774194,-1.4460112586994427
4676,dc,-1.1638255,-0.20680796394562428
4677,dc,-0.8824354,0.1460388286179915
4678,dc,-2.5421224,-1.270426075037258
4679,dc,-2.1230364,-1.9195644488168258
468,dc,-1.264183,-0.6921249742628628
4680,dc,-2.0678277,-1.8324811900247309
4681,dc,-3.3790042,-2.2974136100025295
4682,dc,-4.304242,-3.484235623899165
4683,dc,-0.43470117,0.6756724521162115
4684,dc,-2.253478,-0.5886141717681709
4685,dc,-2.2003717,-1.1177244475508064
4686,dc,-1.2547884,0.25164282711095554
4687,dc,-0.1543778,1.0323076587484186
4688,dc,-1.2727896,0.27247139317291685
4689,dc,-2.1933455,-0.8441527021079824
469,dc,-0.069128454,-0.44656962916976944
4690,dc,-0.4402004,0.6937052489757217
4691,dc,-0.6855103,0.3995711825371029
4692,dc,-1.1626661,0.4108517080850178
4693,dc,-1.1027248,0.48286860233075063
4694,dc,-1.0300897,0.5198008536396899
4695,dc,-1.7069182,0.22266674705887152
4696,dc,-1.7841799,0.12714670477152482
4697,dc,-1.7407495,0.17307002776345742
4698,dc,-1.0796463,0.775293415996367
4699,dc,-1.7883786,0.11744040382916837
47,dc,1.8321294,0.9759196164023217
470,dc,-1.5041394,-0.9842817424691358
4700,dc,-1.5503012,-0.1331416188880006
4701,dc,-0.15298878,1.0318746946031376
4702,dc,-0.6431195,1.1548303157295736
4703,dc,-0.65683573,1.1403054087075266
4704,dc,-1.2333812,0.21899350873481416
4705,dc,-0.56084365,1.2496255593393564
4706,dc,-0.4798325,1.3478644515159008
4707,dc,-0.43128458,1.4064521375650478
4708,dc,-0.74080616,1.032750449227786
4709,dc,-0.8098354,0.8074806808154424
471,dc,-2.008301,-1.7740304274767698
4710,dc,-3.0094144,-1.966356193549272
4711,dc,-0.96936345,0.00427240688536636
4712,dc,-0.7604937,1.011108939298469
4713,dc,-0.75972855,0.2592312326079966
4714,dc,-0.66643465,1.126925140916314
4715,dc,-0.8231341,0.9287651275227945
4716,dc,-3.0987198,-3.0472025014678854
4717,dc,-3.2351067,-3.215820040904704
4718,dc,-3.3856933,-3.4004478444023736
4719,dc,-3.444389,-3.4737989799730475
472,dc,0.30951032,-0.00652742569933
4720,dc,-1.5473307,0.2591828664873143
4721,dc,-1.5100397,0.8433300992133786
4722,dc,-1.6270171,0.15248588504418933
4723,dc,-3.6888022,-3.7735386611488626
4724,dc,-2.1902857,-2.2084831572947796
4725,dc,-2.35563,-0.7658180362841632
4726,dc,-1.9294791,-1.820365116917774
4727,dc,-3.2350688,-1.835144515815643
4728,dc,-1.8000494,-1.42022954904026
4729,dc,-4.5722203,-3.4839854150155802
473,dc,-0.24012366,-0.6536654115821177
4730,dc,-0.77170575,0.2686450285011393
4731,dc,-0.30069926,0.46930161244915936
4732,dc,-0.35558113,0.7782031687407585
4733,dc,-2.2332819,-1.9582180287638622
4734,dc,-3.2281787,-1.7826433849346177
4735,dc,-1.9594111,-0.6535972859978002
4736,dc,-0.1206998,0.8480830816546229
4737,dc,-0.6749665,0.019317644270894566
4738,dc,-0.13521612,1.3789955396190308
4739,dc,-2.43483,-2.764213494166269
474,dc,-0.21320501,-0.7111201414392039
4740,dc,-0.07515357,1.1276952964231997
4741,dc,-2.8792696,-1.7851263147840521
4742,dc,-0.7294793,1.0454848663354863
4743,dc,-3.0609818,-2.0083677777980005
4744,dc,-0.8009875,-0.7554637665080692
4745,dc,-1.8379184,-2.22361829703321
4746,dc,-1.8109068,-0.4589948012500869
4747,dc,-2.4193354,-2.1401205436239574
4748,dc,-2.4434125,-2.165133605088722
4749,dc,-2.3945236,-2.106145489970787
475,dc,-0.18064567,-0.018681389913056515
4750,dc,-1.7573314,-0.3761351781616983
4751,dc,-1.4913045,-0.26377676397598365
4752,dc,-1.4196485,0.031094162995366933
4753,dc,-1.3901519,-0.043135080775051994
4754,dc,-1.3255992,-0.061970018690866914
4755,dc,-1.3228166,-0.2525498752454378
4756,dc,-0.3979306,-0.7530166052458863
4757,dc,-1.4818783,-2.1106913357014108
4758,dc,-1.4735116,-2.101446013570457
4759,dc,-5.3159795,-5.11186897303363
476,dc,-0.3254884,-0.5585509016622509
4760,dc,-1.0775542,0.35084236983503536
4761,dc,-1.0108743,0.43424927819666925
4762,dc,-0.7624418,0.311502367114238
4763,dc,0.9471587,0.6750339363394954
4764,dc,1.0544473,0.8062226468013882
4765,dc,0.79377,0.7138399928444109
4766,dc,-0.21728115,0.9830385787524341
4767,dc,0.3001918,0.1138215593600048
4768,dc,-0.20243025,1.0031278503310297
4769,dc,-1.1928192,-0.217895642699054
477,dc,-0.7965515,-1.4167876037741447
4770,dc,-0.093620345,-0.3939216169716074
4771,dc,-0.16737202,-1.166846606148231
4772,dc,-0.41130346,1.0134647775100063
4773,dc,-0.8385531,0.3129790063593869
4774,dc,-1.9061089,-1.1465716917685114
4775,dc,-3.0534093,-2.160395805778352
4776,dc,-2.09732,-1.2190012747649606
4777,dc,-0.53546536,0.2756726105287893
4778,dc,-1.4092519,-0.32944959154492426
4779,dc,-0.507214,0.319119399164364
478,dc,-1.2449238,-0.6506757082212276
4780,dc,0.36748254,-0.22388049962254689
4781,dc,0.78877807,0.3965714474103603
4782,dc,1.004063,0.44276189039438246
4783,dc,0.67266864,0.38952397301775243
4784,dc,1.7843914,1.6302562526564777
4785,dc,1.5978794,1.2019724368393572
4786,dc,0.28605783,0.9759367063915654
4787,dc,0.83730704,0.28408399441597787
4788,dc,-1.2499909,0.1605446100668366
4789,dc,-0.25372472,0.6326095125083073
479,dc,-0.9547504,-0.3026723442133492
4790,dc,0.67103106,-0.0334772510513026
4791,dc,-8.162628,-4.196244484151624
4792,dc,-2.331468,-1.2697889292335975
4793,dc,-2.1831145,-0.946396636126363
4794,dc,-0.020003311,0.3739371567568198
4795,dc,-0.18263471,0.17055972779032597
4796,dc,-1.4783896,-0.48757480103336465
4797,dc,-2.3950424,-1.01921100132347
4798,dc,0.06788908,0.47191595316186274
4799,dc,-2.0213063,-0.5626685014232106
48,dc,2.620066,1.987627385636514
480,dc,-1.4917612,-2.3156496464456593
4800,dc,-0.8569164,0.5266113052254541
4801,dc,0.1121382,0.5385419576631735
4802,dc,-1.3570279,-0.41511376321273263
4803,dc,-1.1808606,0.46625595150324733
4804,dc,-1.5302665,0.05873501306420473
4805,dc,0.057880595,0.2300680352223742
4806,dc,0.5675234,1.4076568540675007
4807,dc,0.5929146,1.4390484172605253
4808,dc,-1.7839324,-0.6324615233029872
4809,dc,-1.5073993,0.0996320368976415
481,dc,-2.179421,-1.9674512830155182
4810,dc,-1.3731513,0.2342201935543263
4811,dc,-1.2192837,-1.131431169216534
4812,dc,-1.5017908,-0.11832155823175436
4813,dc,0.27516302,1.0524690398796066
4814,dc,-0.45050105,-0.17220042233153435
4815,dc,-1.375447,-0.4350025745551027
4816,dc,-1.3603798,-0.4304668340741683
4817,dc,-1.0662009,0.6611544076604378
4818,dc,-0.18986987,0.5028335198608188
4819,dc,-1.5820241,-0.011311406686384116
482,dc,-1.3558741,-0.9163432472167489
4820,dc,-1.2102969,0.4914375538295646
4821,dc,-1.6371831,-0.07840689527305551
4822,dc,-0.061268255,0.32479834874939034
4823,dc,-0.8883888,-0.6907949888878081
4824,dc,-1.4482832,0.17149620663052992
4825,dc,-1.1181872,0.1999850369373213
4826,dc,-1.5737995,0.0029363110555209334
4827,dc,-1.6703438,-0.12578781770858902
4828,dc,-1.7775422,-0.2476535680581042
4829,dc,-0.59006965,0.8247670180563921
483,dc,-1.1791768,-2.180653095409759
4830,dc,-0.9185997,-0.13797449330683131
4831,dc,-0.5692463,-0.1472790839230453
4832,dc,-0.9797094,-0.22511762885691886
4833,dc,-0.2632506,1.018425345288819
4834,dc,0.016344447,0.1993213555234208
4835,dc,-0.23619181,0.5284528936730395
4836,dc,-0.79612386,0.08581236715295246
4837,dc,-0.24744448,1.0424820751194153
4838,dc,0.112001896,0.6975784927769346
4839,dc,-0.35938525,0.11726736653591126
484,dc,-1.3851843,-2.217434185469458
4840,dc,-0.542598,0.3745842964395126
4841,dc,-1.4191157,-0.7547233222976314
4842,dc,-0.64234906,0.25126029818120116
4843,dc,-1.6482786,-0.6382505135740812
4844,dc,-1.3785716,-1.1502394578361999
4845,dc,-0.7348318,0.11194997831517571
4846,dc,-0.2687302,1.0284371803707901
4847,dc,-0.7469529,0.3254549887877848
4848,dc,-3.046535,-2.804380974961687
4849,dc,0.14407611,1.5476019939095276
485,dc,-1.8896459,-1.5991003753072444
4850,dc,-0.28834084,1.0158072979115218
4851,dc,-1.2687955,-0.6125970839179815
4852,dc,-0.60286146,0.7086017645853732
4853,dc,-1.4517701,-1.0716688143255868
4854,dc,-0.43596712,0.5159954204881588
4855,dc,-0.9886819,-0.22296920661377004
4856,dc,-0.9984756,-0.23507738098822248
4857,dc,-0.6898958,-0.11329191544773931
4858,dc,-0.93540394,-0.3871719039985128
4859,dc,-1.096642,-0.3665431624716679
486,dc,-1.348685,-2.384161726341243
4860,dc,-2.116434,-1.6286402261756832
4861,dc,-0.98915064,-0.4526506953523674
4862,dc,-2.0198245,-1.2088531978978478
4863,dc,-0.3610835,1.140203667457325
4864,dc,-0.8157468,0.6824487585407881
4865,dc,-0.5544136,0.46155860909446905
4866,dc,-0.31948918,1.312407641658502
4867,dc,-1.8812249,-1.3241131959401082
4868,dc,-1.9472573,-1.4009000860748817
4869,dc,-2.1131742,-1.6017175558486252
487,dc,-1.652663,-1.3018081953467162
4870,dc,-0.40912023,1.220763556394523
4871,dc,-1.6219318,-0.8213459783470118
4872,dc,-0.685197,0.3494783471558673
4873,dc,-0.4851143,0.37685875298053545
4874,dc,-2.217814,-1.7272761483283352
4875,dc,-2.1528943,-1.8908033427043744
4876,dc,-1.6394023,-0.8444431819908562
4877,dc,-1.2679557,-0.2440303329241452
4878,dc,-1.1840494,-0.1439183953374776
4879,dc,-2.309868,-1.6437164288329322
488,dc,-2.5997226,-2.3546991234995085
4880,dc,-2.2764597,-1.6094536880849044
4881,dc,-0.94291,0.13883132579430454
4882,dc,-1.1028365,-0.06008272045558207
4883,dc,-1.8007921,-0.7124598781112982
4884,dc,-0.9228059,0.687182929394791
4885,dc,-1.2906201,-0.4294466454094502
4886,dc,-1.6278441,-0.7214413568044407
4887,dc,-1.2567763,-0.6154551407728932
4888,dc,-1.5390035,-1.7200090395125933
4889,dc,-2.388185,-2.1148102606698354
489,dc,-1.6624613,-2.547613085456114
4890,dc,-1.6895372,-1.9651445360588908
4891,dc,-0.15104154,0.9886780748993268
4892,dc,-0.6495032,1.0032199528231998
4893,dc,-0.92814326,0.4514456316765962
4894,dc,0.1801216,0.18183177031587852
4895,dc,0.46297073,0.7720534886533517
4896,dc,0.5700742,0.8971141430295563
4897,dc,0.72967917,1.4014521248512366
4898,dc,0.7382161,1.4160068864472992
4899,dc,-0.4277988,-0.34775535590095635
49,dc,1.6361474,0.948795870203359
490,dc,-1.3482214,-0.43036109390648747
4900,dc,0.55039376,1.1838955315913005
4901,dc,1.0542331,1.279951827485174
4902,dc,0.47483596,0.7705934329594964
4903,dc,-0.24271105,0.8891681889792347
4904,dc,-0.0355957,1.4604251893286855
4905,dc,0.07341563,0.2956862733987348
4906,dc,-0.43317693,-0.34091560790700676
4907,dc,-0.4016387,-0.2971463391535464
4908,dc,-0.4747863,0.2256109052860559
4909,dc,-0.61682934,0.41463768999987594
491,dc,-1.8381885,-1.547415058691266
4910,dc,0.37918666,0.6785925711054266
4911,dc,-0.935952,-0.9451086499228731
4912,dc,-0.5221867,-0.17869457854034196
4913,dc,-0.7574294,-0.470942019741754
4914,dc,0.45495164,1.3101718299520033
4915,dc,-0.45107183,0.2199225610669827
4916,dc,-0.70660365,-0.4135072167685764
4917,dc,-0.96656024,-1.0006374149507997
4918,dc,-1.1868515,-0.997171142801971
4919,dc,-0.99292004,-0.9685976988543054
492,dc,-2.8694172,-2.468157201897155
4920,dc,-2.0690048,-1.776193529886965
4921,dc,-1.6781987,-1.3234755674866387
4922,dc,-1.376089,-1.4949795619580168
4923,dc,-1.3771183,-0.9591142098007583
4924,dc,-1.0113417,-1.058323627022441
4925,dc,-1.2300234,-0.7691722888233467
4926,dc,-1.0513037,-0.5475409283222045
4927,dc,-0.45986223,-1.5028674027500413
4928,dc,-1.8420246,-1.4833250157861533
4929,dc,-2.6645815,-2.098648369676347
493,dc,-1.5595047,-0.6979923009469747
4930,dc,-3.3915806,-3.547003692078919
4931,dc,-1.0581967,-1.1111430831185969
4932,dc,2.049271,1.7660390182273027
4933,dc,1.6560718,1.8203412741942002
4934,dc,1.774228,1.20717746519254
4935,dc,-2.9411204,-2.761124854853435
4936,dc,-1.9835875,-1.538957039390938
4937,dc,-1.9248953,-1.4673273990454816
4938,dc,-2.0583467,-1.7051151651947718
4939,dc,-2.715402,-1.8333721233834157
494,dc,-1.2612233,-0.32498145988177873
4940,dc,-2.9155073,-2.7577289886306255
4941,dc,-3.7638466,-3.10864464569887
4942,dc,1.2316647,0.3900803815328904
4943,dc,1.2489204,0.4119512832264085
4944,dc,1.2822129,0.45393973544853305
4945,dc,1.0494359,0.16274837429894326
4946,dc,1.3117464,0.5339251933682833
4947,dc,1.326234,0.5520980453212828
4948,dc,2.2190125,1.7477343300684867
4949,dc,1.7643454,1.4048190347402618
495,dc,-2.072724,-1.8320978068319214
4950,dc,1.1806899,0.3330431972640995
4951,dc,-4.3297405,-3.393312051703767
4952,dc,-2.2567627,-0.8129734976157723
4953,dc,-2.9681997,-1.7310043517118932
4954,dc,-3.27488,-3.2744913242295
4955,dc,-0.23679997,1.0674946086601784
4956,dc,-0.2854315,1.006164850537144
4957,dc,-0.5491453,0.9989329132726704
4958,dc,0.09761886,0.9127801374954325
4959,dc,-2.6111372,-2.0513738052378576
496,dc,-3.332679,-3.026677685158259
4960,dc,-0.77668715,0.79400103507912
4961,dc,-0.8551549,0.6964282407223001
4962,dc,-0.8709825,0.9010599746899436
4963,dc,-0.7492457,1.048058788427968
4964,dc,-0.12551576,1.0851835988179013
4965,dc,-0.057817303,1.1812073836990145
4966,dc,-0.8857836,0.4784289772047388
4967,dc,-0.6554646,0.761655337954713
4968,dc,-0.7899034,0.60181676920724
4969,dc,-0.7347683,0.6699813064263794
497,dc,-0.9849033,-0.46656628457508087
4970,dc,-0.75112903,-1.0175329611695374
4971,dc,-1.5433105,-1.4724890615048214
4972,dc,-1.3994523,-1.297934445375756
4973,dc,-0.76001084,-0.6965914639196791
4974,dc,-2.20639,-0.3268557367497621
4975,dc,-2.1867738,-0.30344188544344725
4976,dc,-1.8101021,-1.789997108469466
4977,dc,-2.8988674,-1.7244906056334075
4978,dc,-1.6351982,-1.5469412395621467
4979,dc,-1.3942297,-1.2798627435378522
498,dc,-2.7351482,-2.3572915723368895
4980,dc,-1.6754785,-1.6116271119708485
4981,dc,-2.7603576,-2.6136690338890696
4982,dc,-3.7516947,-3.9512410852377884
4983,dc,0.25888613,0.44197112465871774
4984,dc,1.3260988,1.822642971193947
4985,dc,0.8209272,1.2013041296331641
4986,dc,0.33401576,-0.5517480210990269
4987,dc,2.6508753,0.7298982378733091
4988,dc,2.8711023,1.5679428695461934
4989,dc,3.0198407,1.7126185059414345
499,dc,-2.4074523,-1.915617690299559
4990,dc,2.904148,1.278742239187696
4991,dc,2.9576452,1.3435720070076342
4992,dc,2.9593213,1.345485508880597
4993,dc,-0.7843999,-0.7260552108468005
4994,dc,-1.9421406,-2.184185773142687
4995,dc,-1.6104728,-0.9686727524862647
4996,dc,-3.0329266,-2.4990865633010078
4997,dc,-2.0244067,-2.6021199449944854
4998,dc,-2.7343454,-3.4501363667976257
4999,dc,-0.79923624,-1.0496204112765342
5,dc,1.7635715,1.7769348947945252
50,dc,2.0252635,1.256618743605986
500,dc,-2.683228,-2.2320080750995994
501,dc,-3.7411952,-3.5371850314577205
502,dc,-1.65183,-1.2270928719077239
503,dc,-2.9879024,-2.7487184381866965
504,dc,-1.3742332,-0.8583328906906261
505,dc,-1.2893542,-0.7533953794453722
506,dc,-1.1474227,-0.6937514093786252
507,dc,-2.5681603,-2.465595994185638
508,dc,-0.86606896,0.00224383899412592
509,dc,-1.4682196,-0.758195909328283
51,dc,2.0054166,1.995954025230187
510,dc,-2.4715948,-2.3159489258224504
511,dc,-1.9991076,-1.721705918311125
512,dc,-5.016359,-4.516004105121689
513,dc,-2.1756048,-1.9583259861059727
514,dc,-3.1636705,-1.9960036884026906
515,dc,-4.393743,-3.551281173477996
516,dc,-4.472346,-3.646104057713493
517,dc,-4.472346,-3.646104057713493
518,dc,-1.4694835,-0.6202990963997133
519,dc,-1.5926571,-0.5683939625054626
52,dc,1.6414262,1.365291606234537
520,dc,-2.9385822,-1.7473083872111457
521,dc,-1.7806578,-0.18853656697673496
522,dc,-3.1530402,-1.9888206474934826
523,dc,-1.941142,-1.7169521854660406
524,dc,-1.6249423,-1.33027566891403
525,dc,-2.150465,-1.9686326965770062
526,dc,-2.3326347,-0.8775228306861391
527,dc,-2.4789872,-2.613588878399426
528,dc,-2.5888622,-1.1895798984501489
529,dc,-2.4967284,-1.0756733691497449
53,dc,2.3661256,1.6758206157129787
530,dc,-2.3231301,-2.1840799199673584
531,dc,-2.428762,-2.3559104150217354
532,dc,-2.2017994,-2.035907992283019
533,dc,-1.7401515,-1.4774323255736963
534,dc,-3.496693,-3.2878966946634227
535,dc,-3.3700185,-2.5540477823210073
536,dc,-4.1357307,-2.666461349853934
537,dc,-4.9576235,-5.179363659559137
538,dc,-0.73444456,-0.1484647907672355
539,dc,-1.0231422,-0.5218594692722784
54,dc,1.2852689,1.1162515230112109
540,dc,-0.847522,0.013007703764724056
541,dc,0.3082257,0.4826647411790371
542,dc,-0.20184097,0.4925241805089889
543,dc,-0.06027911,0.6779741543152995
544,dc,-0.012769903,0.9596757593209563
545,dc,-0.21951024,0.38332786541366687
546,dc,-1.489697,-1.2587136613567123
547,dc,-0.27909994,-0.2356239117662721
548,dc,-0.20323926,-0.1401310106644427
549,dc,-0.05089429,0.05139514834866176
55,dc,1.6840335,1.706877912837721
550,dc,0.39838767,-0.3937335815200806
551,dc,-0.60021,0.16884783951427837
552,dc,0.06463277,0.30459835308907934
553,dc,1.1136651,0.5066052607137093
554,dc,0.85387474,0.9282933990406431
555,dc,1.1444356,0.5606912258034371
556,dc,-0.42048734,0.38928515236378064
557,dc,0.9058547,0.2673242616291521
558,dc,-0.8302379,0.12754145095584304
559,dc,0.9577647,1.0524257644428543
56,dc,1.7436824,0.9180048867231487
560,dc,-0.51982564,0.43316613744810284
561,dc,1.2436918,1.3895485620842771
562,dc,0.42012793,-0.1540448245039554
563,dc,0.27509707,-0.5151941507828857
564,dc,-0.53525865,0.14323723255235546
565,dc,-0.80027544,0.7450319750004724
566,dc,-0.22401492,-0.9687609536406495
567,dc,-1.2886486,-0.1677385340440937
568,dc,-1.1011106,-0.4557152251449106
569,dc,-0.27674702,-1.0123756667533093
57,dc,1.4796396,0.5776977473669465
570,dc,1.4964203,1.179399159394436
571,dc,1.0779128,0.6474213767928444
572,dc,0.84693515,0.35901204861665303
573,dc,0.5099702,0.9462096495117982
574,dc,-0.7758016,-0.06173970020703679
575,dc,-1.6067392,-0.5929346556914158
576,dc,-0.7336581,-0.010421484811126881
577,dc,-0.3994439,-0.19705442527629408
578,dc,-1.2074368,-0.09213910377700175
579,dc,0.20854782,0.5548392706607242
58,dc,1.6089466,0.7542485097967216
580,dc,0.24962094,0.39438768136587155
581,dc,0.16330208,0.507210547015915
582,dc,-0.80886346,-0.5125772446645966
583,dc,0.37860334,0.7687441673940723
584,dc,-0.38162956,0.7527981683153313
585,dc,0.12488113,0.4588722538810305
586,dc,0.2828737,0.658816757971796
587,dc,0.18632029,0.5360981666372403
588,dc,0.039939936,0.8287280957157673
589,dc,-0.67570466,-0.5276465086693993
59,dc,2.252685,2.1891574457835845
590,dc,-1.3439757,-0.25525001131992087
591,dc,-0.34417152,0.05802637964081455
592,dc,0.9375203,1.7844175728395297
593,dc,1.1195878,0.49415072271379207
594,dc,1.4815179,0.9387007240867308
595,dc,-0.3443633,0.04620299891910103
596,dc,1.0755957,0.7899464577301006
597,dc,-0.4334213,-0.06937832011544064
599,dc,-0.5637864,0.3625077051514345
6,dc,1.4463952,1.5155940159582055
60,dc,1.8916982,1.7584286635989121
600,dc,1.6040668,1.4206925331787001
601,dc,-1.6280577,-0.002229698578708567
602,dc,0.72510684,0.37477353818389053
603,dc,-1.5825856,-1.5810172593298595
604,dc,-1.030538,-0.2483988790948798
605,dc,0.39606652,0.014467607496949128
606,dc,-1.5079184,0.13101714370141354
607,dc,-1.5351145,0.10108941489760308
608,dc,-1.6856136,-0.0806287329683924
609,dc,-0.19985212,-0.7773706813375738
61,dc,0.8647278,0.4418413178248431
610,dc,0.2964257,-0.06172965792502484
611,dc,0.15228057,-0.4933723509942851
612,dc,0.65748954,0.397116380600283
613,dc,0.03217137,0.12772489663185174
614,dc,0.31382656,0.5158236074211562
615,dc,-0.012440954,-1.1676788582624644
616,dc,1.26696,0.4311069210109306
617,dc,0.12831566,-0.3489136048754052
618,dc,0.3654247,-0.048444752694836855
619,dc,0.6423873,-0.06752206230731152
62,dc,1.7404423,1.5566468604139598
620,dc,0.29236075,-0.148191301538271
621,dc,0.5542209,0.271798834977276
622,dc,0.76305413,-0.21010230819867792
623,dc,0.7496331,-0.2266949916007053
624,dc,0.32959178,-0.7408940370288101
625,dc,1.054162,1.4360263859007696
626,dc,0.89963865,1.2449863013260765
627,dc,0.21805969,-0.1600274921882015
628,dc,1.8919436,1.8413746481690856
629,dc,1.5745324,1.4492149240989762
63,dc,1.368874,1.3408948100590772
630,dc,1.4237341,1.2655598662081549
631,dc,1.422593,1.8662892389060917
632,dc,0.43315008,0.10418068305276917
633,dc,1.4173628,1.326541362518086
634,dc,1.518423,1.445417743599085
635,dc,1.3533341,1.187675885449429
636,dc,1.4886124,1.3338378662261605
637,dc,1.450163,1.286302070533866
638,dc,1.3884487,1.2911716582825814
639,dc,-0.5308531,-0.27908221193008037
64,dc,2.0577734,2.1876511710481417
640,dc,0.034640532,0.19626808470047652
641,dc,0.46512538,-0.1890952302585636
642,dc,-1.1716985,-1.4367032397954749
643,dc,-0.31469962,0.42687602588900503
644,dc,-0.63529456,-0.766922555686773
645,dc,0.028226435,0.10713053222291032
646,dc,0.18459097,0.3667267103990704
647,dc,-1.1992843,-1.4752144633473092
648,dc,-1.1931521,-1.4719797747787973
649,dc,-1.245948,-1.5364419660652033
65,dc,1.4164736,1.3840084468989862
650,dc,-1.5794772,-1.2905395684986256
651,dc,-0.5252925,0.42831813571909316
652,dc,0.31585452,0.5536189177860883
653,dc,0.57359743,0.5024187749670691
654,dc,-0.095506705,1.2846501441073377
655,dc,0.6903114,1.1896079295641158
656,dc,-0.991114,-1.7024835387961503
657,dc,-0.960485,-0.7586725009817686
658,dc,0.31677526,-0.12073679198832281
659,dc,0.11511541,0.48042647007906486
66,dc,1.7314053,1.561743425300956
660,dc,0.47609544,0.927928067069137
661,dc,0.29841283,0.9952413755337973
662,dc,0.07358556,0.4309137410013744
663,dc,0.49672762,0.9529264423747684
664,dc,-0.2858962,0.0755294254692234
665,dc,0.03249888,0.7660222978267468
666,dc,-0.31175292,0.5251653158020114
667,dc,0.44675475,0.06880701213096735
668,dc,0.47704718,0.12524774725749505
669,dc,-0.88595796,-1.5690632061193688
67,dc,1.7575219,1.5940318902994957
670,dc,0.6111283,0.5716903074624228
671,dc,0.043996003,0.4018349466201156
672,dc,-0.12015477,0.19720537727422557
673,dc,0.165239,0.5933328838871897
674,dc,0.2600912,1.0391768492749414
675,dc,-0.97219265,-0.19158592265399513
676,dc,-0.324334,0.1212757677535943
677,dc,1.0701405,0.8436677395790686
678,dc,0.07899815,0.5017104321290768
679,dc,0.86553735,0.5897520160449973
68,dc,1.9198464,1.792493814951109
680,dc,0.09031353,0.5097176661330514
681,dc,1.0132371,0.7892056613624695
682,dc,0.82082194,0.8993434948017843
683,dc,0.85645235,0.5931143425207239
684,dc,0.9992591,1.1096281317005892
685,dc,0.37817228,0.8514141501198564
686,dc,-0.65554285,-0.4446822348261046
687,dc,-1.6685578,-1.5999432056836336
688,dc,0.41031313,0.0028180367188017454
689,dc,-0.8352799,-0.31230068385102805
69,dc,0.5968438,0.3483271942231949
690,dc,1.0156238,1.1172376008953158
691,dc,1.3203542,1.6789375773325081
692,dc,-0.5815627,-0.3420587589277649
693,dc,0.9958256,1.0931691435164528
694,dc,0.9266059,1.009741788846082
695,dc,1.0393277,0.6067697190505235
696,dc,0.25917426,1.0264423164875067
697,dc,-0.49557027,-0.23646016944933915
698,dc,1.0775521,0.8347206780344584
699,dc,-1.4266113,-1.3761347946227498
7,dc,2.7556763,3.318026529060238
70,dc,-0.3090622,-0.7332803073613835
700,dc,-2.0650365,-2.165979876196828
701,dc,0.7948852,1.0482970374610083
702,dc,0.0789379,-0.3602624460349716
703,dc,0.2750144,-0.12249672350296247
704,dc,-1.07383,-0.9608781354510486
705,dc,-0.5729476,-0.22998330040508916
706,dc,-0.36216465,0.21930271468671184
707,dc,-0.39055526,0.1847710122750345
708,dc,-1.7206029,-1.789997429618848
709,dc,0.50928336,0.4737636269248766
71,dc,2.4561949,2.999750707014144
710,dc,-0.7107683,-0.4781612474915681
711,dc,-1.9971406,-2.1504206107940833
712,dc,-0.027485006,0.045831975350763325
713,dc,0.3679296,0.27900143287561513
714,dc,0.3195863,0.22193230162845537
715,dc,0.27236876,0.1645256265242357
716,dc,0.39691472,0.30444896609271344
717,dc,-1.0796591,-0.9935141431260324
718,dc,-1.7046036,0.27370155733577706
719,dc,0.68164027,0.31023648270048587
72,dc,1.9270545,2.0052911069210393
720,dc,-0.7983441,-0.862988358425981
721,dc,1.5758839,1.1290889041187424
722,dc,1.9012523,1.845675116254494
723,dc,0.38923323,0.8366181911580676
724,dc,1.4327472,0.986078604349349
725,dc,0.24212556,0.9848608009247138
726,dc,0.26698104,1.0208286086733644
727,dc,-0.0760601,0.3090030544000823
728,dc,-0.23306327,0.11531391035929868
729,dc,-0.171399,0.19155056382807303
73,dc,2.1108057,2.2363231893249367
730,dc,-1.2097776,-1.073425780325881
731,dc,-0.27027324,0.07458845331872128
732,dc,-0.40891856,-0.34571198717186524
733,dc,-0.49882588,-0.26768153009206086
734,dc,-0.28335407,-0.4090841503940903
735,dc,-1.0149753,-0.9472080897991337
736,dc,-0.17572632,-0.31779912495165646
737,dc,-0.41897324,-0.18782499176991344
738,dc,-0.9644235,-0.8165313144870585
739,dc,-0.7614838,-0.6890013047010373
74,dc,2.0609221,2.1759667804357785
740,dc,-0.6571547,-0.565078212042231
741,dc,-0.8067027,-0.6101568126593253
742,dc,-0.48896158,-0.2245364095350101
743,dc,-0.6596607,-0.5568091625035644
744,dc,0.633388,0.842149388307535
745,dc,0.3705712,0.519697531152072
746,dc,0.9852038,0.7302283650292732
747,dc,-1.1204385,-0.5222751896991904
748,dc,-1.861338,-1.6128368096331627
749,dc,-0.51443326,0.3843323873154841
75,dc,2.0899537,2.2157387944896754
750,dc,-2.0073533,-1.5738332355213003
751,dc,-1.1343372,-0.36625556523796104
752,dc,-0.9141858,-0.09541453833764514
753,dc,-2.143379,-1.7336893271217235
754,dc,-2.5255516,-2.2028761863624635
755,dc,-2.487102,-2.155340390670169
756,dc,-2.488519,-2.1563757660156253
757,dc,-2.148609,-2.8397648941111266
758,dc,-2.6049225,-1.7263041540368576
759,dc,-2.2905986,-1.7993970167338302
76,dc,1.8175187,1.8767928822070854
760,dc,-1.969554,-1.3843935747092435
761,dc,-1.858668,-1.2359457106197538
762,dc,-1.9959179,-1.4068978620522798
763,dc,-1.3196284,-0.5839018779203331
764,dc,-1.1010816,-0.3177248040887972
765,dc,-1.0593263,-0.30816285019104867
766,dc,-1.0742325,-0.3260362992879428
767,dc,-1.0698797,-0.3206548884548528
768,dc,-1.0241756,-0.26415007470740837
769,dc,-0.9629716,-0.18791440413798496
77,dc,2.2637067,2.213919181862213
770,dc,-2.540992,-2.095694490317748
771,dc,-3.547409,-3.106069157993139
772,dc,-1.6416068,-0.26436921763544136
773,dc,-1.991713,-0.7237482610095095
774,dc,-2.6161625,-2.258736360316119
775,dc,-0.7070777,-0.8506189988793187
776,dc,-1.4088401,-1.7280649372413692
777,dc,-1.4095656,-1.7289618390468842
778,dc,-2.6037269,-2.2634801701998235
779,dc,-1.0527999,-0.3886614880733432
78,dc,1.9155568,1.9975343885663457
780,dc,-0.91107947,-0.11633424555506049
781,dc,0.44749805,-0.32447104852328823
782,dc,0.52751845,-0.23921678456285245
783,dc,0.9773887,0.32914416009392905
784,dc,0.17047629,-0.8740458320944542
785,dc,0.7334262,0.030621992689766685
786,dc,0.50843686,-0.24913129686002886
787,dc,0.27295825,0.3526709252207557
788,dc,0.26494962,0.34360750280268065
789,dc,1.1601588,0.5579329340896555
79,dc,0.5355402,1.80630405740854
790,dc,-2.402468,-2.124873036640876
791,dc,-2.35109,-2.0645124276291513
792,dc,1.0284901,0.387440055748555
793,dc,-1.2262044,-0.7673824342757016
794,dc,-0.49007988,-1.828506426630491
795,dc,0.62895757,-0.08291080011901207
796,dc,-1.2678293,-0.2311056256274172
797,dc,-1.6862154,-1.1527570284595932
798,dc,0.6643234,-0.24166404446200226
799,dc,-2.2451437,-2.0254971990892496
8,dc,1.602999,1.5474503281316445
80,dc,0.6134643,1.8991775495505059
800,dc,-2.4910069,-1.7388510847568375
801,dc,-2.0084677,-1.364502644451518
802,dc,-0.87457436,-0.17690398469055743
803,dc,0.36310387,-0.21374316045019076
804,dc,-0.7517732,-1.7166291315087459
805,dc,1.320834,0.9695099407517764
806,dc,-1.246663,-0.42728624035119717
807,dc,0.06636721,-0.613741992776815
808,dc,-1.4152676,-0.9337064268403108
809,dc,-2.1937575,-1.964768237891362
81,dc,1.566163,1.565265169317745
810,dc,-2.1651802,-1.9303047815564425
811,dc,1.0692362,0.4323043299685307
812,dc,0.12550794,-0.5644121092240975
813,dc,0.7804189,0.29565796723210325
814,dc,-0.47964624,-1.5994868313501003
815,dc,-0.43494442,-0.963450238535874
816,dc,0.012859515,-0.7019362630355319
817,dc,-0.19404039,-0.9551935279713494
818,dc,-1.0088837,-0.4014425485621999
819,dc,-1.436944,-0.6524795351216731
82,dc,1.8655945,1.933626490256015
820,dc,0.04350665,-0.6463958236709286
821,dc,-0.84608805,-0.668916940573464
822,dc,0.0124935005,-0.6841564448021302
823,dc,-0.67825085,-1.627033126485062
824,dc,0.002916473,-0.6992965605394856
825,dc,-0.55162525,-1.4756148275250203
826,dc,0.12438787,-0.5496288342672703
827,dc,0.88687086,0.2448313888234183
828,dc,-1.8886749,-1.8278834975939262
829,dc,-1.0272101,-0.9124069911111632
83,dc,1.927443,2.0119222684642115
830,dc,-0.32770255,-1.419754214298348
831,dc,-0.8332119,-0.6241062751009875
832,dc,-0.20880564,-0.9207680692603294
833,dc,0.4202755,-0.42455486216662447
834,dc,0.08185896,-0.6220245456227921
835,dc,-1.320566,-1.0314921549407037
836,dc,-0.7658823,-0.5290718751371059
837,dc,0.42941058,-0.41462168123800486
838,dc,-1.1382298,-0.7694415590151238
839,dc,-0.95920026,-0.5521644371413128
84,dc,1.7789745,1.825160082356335
840,dc,-0.93639404,-0.5247063587563436
841,dc,-0.22342537,-0.7279237143843023
842,dc,0.63181,0.6431752423683336
843,dc,-0.9157257,-0.49687100766372205
844,dc,0.7298737,0.763615991232128
845,dc,-1.7534376,-1.5405483227611831
846,dc,-0.9244672,-0.5042642584527943
847,dc,0.2225986,-0.4480255953528837
848,dc,0.6310845,0.10330214491951847
849,dc,0.47655022,-0.08815323789856314
85,dc,0.45043078,1.6911060798851274
850,dc,0.066855215,-0.6345701938079323
851,dc,0.40856144,-0.21998233501321166
852,dc,-1.4502195,-1.3888363129079238
853,dc,-0.8809713,-1.340746699923385
854,dc,-0.25586706,-0.5161340621345463
855,dc,-0.22751738,-0.5062989320259919
856,dc,-0.15859382,-0.4098928774152345
857,dc,-0.14597048,-0.6230959104966063
858,dc,-0.13002095,-0.3955313928721906
859,dc,-0.32456914,-0.611998100726535
86,dc,-0.5155256,0.47446876506292557
860,dc,-0.13197404,-0.3676100692512788
861,dc,0.7904894,0.11280977890744619
862,dc,0.39350536,0.28919365943560804
863,dc,0.032604907,-0.15539895835465223
864,dc,0.078626655,-0.1105404870148341
865,dc,0.5368208,0.441859278732582
866,dc,-0.7206223,-1.20780514212108
867,dc,1.204003,0.6513733670111286
868,dc,0.07102447,-0.8035205083003765
869,dc,0.9218113,0.7391591983434431
87,dc,2.5512269,2.7712852597641366
870,dc,1.9027084,1.3216959381260804
871,dc,-0.16189669,-1.0216192088495624
872,dc,0.8908453,0.28502538951085327
873,dc,-0.6009578,0.3260010022225251
874,dc,-0.7839825,-1.1454824678982487
875,dc,0.25494793,1.2144325714165747
876,dc,0.41086876,1.404701991315151
877,dc,0.18135303,-0.1328373060703868
878,dc,-0.7288474,-1.0773179306791092
879,dc,-0.6381316,-0.9138405259329354
88,dc,-0.9701875,-1.2272531011682501
880,dc,-0.46082336,-0.6987593959186145
881,dc,-0.26554543,-0.46087014649725894
882,dc,1.2667376,1.2478600419469847
883,dc,0.28206852,0.218524041795193
884,dc,1.3415097,1.333817392741256
885,dc,0.8168064,0.9015062516067458
886,dc,-1.2207404,-0.02890166115303732
887,dc,1.2059268,1.147774375809796
888,dc,1.1523265,1.2921741049753401
889,dc,-8.331376e-05,-0.3836866796622195
89,dc,2.916827,1.8573585540632833
890,dc,-0.08198458,-0.22693495932536625
891,dc,0.35505414,1.1173963033785808
892,dc,1.0354198,1.1824064256707865
893,dc,-0.2411975,-0.4111027169969612
894,dc,-1.4933523,-1.8868050439889654
895,dc,-0.058787335,0.033539179915571316
896,dc,-0.67070913,-0.9807265105054737
897,dc,-1.4245677,-1.8034135104238194
898,dc,1.1576632,0.5975112776493926
899,dc,0.148979,0.30442390395837365
9,dc,2.817392,2.6550115227000677
90,dc,-2.004316,-2.7450776165017423
900,dc,0.7208564,0.29490187569675935
901,dc,-1.1574533,-1.4278110022082617
902,dc,-0.9853766,0.8279679638469047
903,dc,-4.2786684,-3.3529438631596187
904,dc,-0.28886405,0.2640289119881988
905,dc,-0.38248214,0.19080078837102835
906,dc,0.9706483,0.6188381801128227
907,dc,2.2689886,2.2086921550892282
908,dc,-1.6087898,0.0471937712734517
909,dc,-0.96419847,-0.76669069714983
91,dc,-3.118189,-2.6774256673129133
910,dc,-3.7299273,-2.6933596288523
911,dc,-0.72082317,-0.6894497556037948
912,dc,-0.46492124,-0.1736591691031174
913,dc,-0.6437714,-0.40214078876360604
914,dc,1.5035192,1.5787382066525524
915,dc,-1.1158117,-0.6333779060016308
916,dc,-0.57310146,-0.2921232620456558
917,dc,-1.1265757,-0.6444668555843579
918,dc,-0.2986205,0.06580591764329592
919,dc,-1.1011062,-0.6121111274084104
92,dc,-3.17229,-2.8483629538095503
920,dc,0.05093259,0.27647303752332614
921,dc,-0.33629873,0.01996135224526936
922,dc,-1.1281445,-0.6486252366953856
923,dc,0.038676076,0.49002950112822535
924,dc,-0.27070552,0.10516781132271397
925,dc,0.04228449,0.4897114613041807
926,dc,0.26848683,0.7348630371836196
927,dc,0.28879976,0.7599762877380394
928,dc,0.025827797,0.7642221581026096
929,dc,1.4366366,0.9676827891367104
93,dc,-3.2784421,-3.006917063030405
930,dc,0.37786862,0.8984899264054507
931,dc,-0.42224032,-1.1026022301906357
932,dc,0.575348,0.14353476442474217
933,dc,-2.4282458,-1.5240780699866026
934,dc,-0.0055667143,0.41851904997801603
935,dc,0.23785946,-0.29581609678519527
936,dc,0.8396709,0.44276855138628995
937,dc,0.88117975,0.492919001139048
938,dc,1.2048932,0.9014936903611204
939,dc,0.68784255,0.4838867519788726
94,dc,-3.755932,-2.676691879650496
940,dc,1.2177106,1.1397219355044006
941,dc,-0.17562388,-1.1047610332724722
942,dc,0.9492788,0.8074529692204655
943,dc,1.3207685,1.2651873724974496
944,dc,-3.9457345,-3.519660384029008
945,dc,1.179678,1.0869744623038595
946,dc,-2.512379,-1.6317238284096753
947,dc,0.9886424,0.8542247107390638
948,dc,-1.2859839,-0.3277855947677691
949,dc,0.13984157,-0.9355002304513408
95,dc,-1.0227139,-1.045319507284489
950,dc,0.8120893,0.8280831346725238
951,dc,-2.8212543,-2.0339052964396576
952,dc,-1.1737653,-0.1838188375575455
953,dc,-6.09141,-5.591470558300147
954,dc,0.49562272,0.4498669366249199
955,dc,0.79547435,0.820786523609592
956,dc,-3.8354704,-3.9682185017429035
957,dc,0.14253977,-0.22254031750368447
958,dc,-0.35974842,-1.4225628344219963
959,dc,0.6862136,0.6802759537905996
96,dc,-2.002002,-1.1533961748490456
960,dc,0.9153667,0.9645060430031337
961,dc,0.6800195,0.6675212418285127
962,dc,-0.3919122,-1.453272356158028
963,dc,0.54633534,0.5222535339552811
964,dc,-1.9973925,-1.2640843961269712
965,dc,-3.2524292,-3.1111021307238
966,dc,-0.8341552,-0.024235151278978077
967,dc,-2.4472735,-2.136256456036767
968,dc,-3.7529914,-2.1955218807055505
969,dc,-1.0515006,-0.3118709839829041
97,dc,-1.5554451,-0.4694406252104017
970,dc,-3.9610648,-4.0029369341633
971,dc,-0.7238372,-0.09208584577259346
972,dc,-0.12194294,-0.02145616323613513
973,dc,-1.4324967,-0.7793670956160976
974,dc,-4.9153547,-5.087860194503478
975,dc,-0.40849385,0.8379952913385578
976,dc,-2.0731955,-1.5958190686383968
977,dc,-1.2471681,-0.556871310720827
978,dc,-3.9961236,-3.0124429321171506
979,dc,-0.11761649,-0.01744342347652943
98,dc,-1.6199408,-1.4487259714710112
980,dc,-0.7426652,-0.11464686445040942
981,dc,-4.1064487,-4.154317966094876
982,dc,-1.393356,-0.7353233748966534
983,dc,-3.529796,-2.44752846037031
984,dc,-2.1336825,-1.675559261422697
985,dc,-3.507003,-2.4208476138080726
986,dc,-1.2838389,-0.5583349201427663
987,dc,-3.8892894,-2.8848676452228794
988,dc,0.21252389,-0.036020701785481904
989,dc,-4.4408383,-4.5577100390781355
99,dc,-2.7561183,-2.2116050941890646
990,dc,0.02738306,-0.026446047327613312
991,dc,-1.0785615,-0.2594557385982373
992,dc,-0.67601544,0.22818949251059797
993,dc,-0.5862354,0.11921592314052637
994,dc,-0.7046817,0.18526393192820065
995,dc,0.8266264,1.0199075799542645
996,dc,0.13091539,0.5222825543382846
997,dc,1.1044255,1.1401834409387648
998,dc,0.7390901,1.059278620219439
999,dc,1.0848253,1.3624601885039482
0,pittsburgh,,-1.5332223913510297
1,pittsburgh,,-1.4720499388016448
2,pittsburgh,,-0.9706504498235323
3,pittsburgh,,-0.862573782258976
4,pittsburgh,,-0.9134874181302486
5,pittsburgh,,-0.8269363938980518
6,pittsburgh,,-0.8408383718835344
7,pittsburgh,,-0.9032531211377082
8,pittsburgh,,-0.8807053549390239
9,pittsburgh,,-0.8470715372322116
10,pittsburgh,,-1.301148612462259
11,pittsburgh,,1.3637041034188715
12,pittsburgh,,1.9362788595498832
13,pittsburgh,,1.4919258043884147
14,pittsburgh,,0.4852364527807976
15,pittsburgh,,1.116014435484896
16,pittsburgh,,0.5457432244219512
17,pittsburgh,,1.0653394834732992
18,pittsburgh,,0.6612036847955433
19,pittsburgh,,0.4421539912946963
20,pittsburgh,,1.0201419940666612
21,pittsburgh,,0.39603630664631645
22,pittsburgh,,0.3776846211111649
23,pittsburgh,,0.3436023525015952
24,pittsburgh,,0.363218516375793
25,pittsburgh,,0.36250089453146495
26,pittsburgh,,0.3068929825895355
27,pittsburgh,,0.25442422696690853
28,pittsburgh,,0.2409706998841836
29,pittsburgh,,-3.0989732750290404
30,pittsburgh,,-1.7766813189935364
31,pittsburgh,,-1.6686046514289798
32,pittsburgh,,-0.9573871993187385
33,pittsburgh,,-2.5503024135509436
34,pittsburgh,,-1.4853024170356393
35,pittsburgh,,-1.359513920963995
36,pittsburgh,,-1.419157891030742
37,pittsburgh,,-1.1314220806139281
38,pittsburgh,,-1.1264891206835956
39,pittsburgh,,-1.0548240628016812
40,pittsburgh,,-0.9377783771819747
41,pittsburgh,,-0.9422628862095496
42,pittsburgh,,-0.8180419861457232
43,pittsburgh,,-0.8382222767698105
44,pittsburgh,,-0.27204283925255435
45,pittsburgh,,-0.2589433587096618
46,pittsburgh,,-0.459159575817064
47,pittsburgh,,-1.3316405074894113
48,pittsburgh,,-2.1024219729957685
49,pittsburgh,,-0.7166080142159951
50,pittsburgh,,-0.6553423873651716
51,pittsburgh,,-0.8175094673364317
52,pittsburgh,,-0.7392027061808233
53,pittsburgh,,-0.7244038263898259
54,pittsburgh,,-0.7042235357657386
55,pittsburgh,,-0.8414495120095326
56,pittsburgh,,-0.7820663592611125
57,pittsburgh,,-0.7722004394004477
58,pittsburgh,,-0.7605407159287527
59,pittsburgh,,-1.6393930395178875
60,pittsburgh,,-0.8701503697860121
61,pittsburgh,,-0.9310592739330007
62,pittsburgh,,-2.0133523901739805
63,pittsburgh,,-2.111839441953676
64,pittsburgh,,-0.9936992114270432
65,pittsburgh,,-1.5395829956400549
66,pittsburgh,,-2.2426432873838604
67,pittsburgh,,-1.54220108222975
68,pittsburgh,,-1.5545377637235067
69,pittsburgh,,-1.4926515391429722
70,pittsburgh,,-1.4763977017445018
71,pittsburgh,,-1.278640903863636
72,pittsburgh,,-1.2225590916362468
73,pittsburgh,,-0.8812038867312585
74,pittsburgh,,-0.8722348686761086
75,pittsburgh,,-1.4062102222683341
76,pittsburgh,,-0.7714336046453268
77,pittsburgh,,-0.7530471176322695
78,pittsburgh,,-0.7377997869385148
79,pittsburgh,,-1.0187780371781896
80,pittsburgh,,-1.1451277289569373
81,pittsburgh,,-0.8583407222983611
82,pittsburgh,,-0.8350212753549712
83,pittsburgh,,-1.13929786722109
84,pittsburgh,,-0.8074738783222682
85,pittsburgh,,-0.7201980991115099
86,pittsburgh,,-0.7625397008097993
87,pittsburgh,,-0.7135834381896099
88,pittsburgh,,-0.8741005424144717
89,pittsburgh,,-0.9668164164864071
90,pittsburgh,,-1.100982563974987
91,pittsburgh,,-0.9520175366954098
92,pittsburgh,,-1.1703766651212202
93,pittsburgh,,-0.9566247661759799
94,pittsburgh,,-1.1923507593563374
95,pittsburgh,,-0.93868673006568
96,pittsburgh,,-1.1812825829267957
97,pittsburgh,,-1.0640833136842802
98,pittsburgh,,-0.8840698954570807
99,pittsburgh,,-0.8947385415954455
100,pittsburgh,,-0.8911509343733856
101,pittsburgh,,-2.0510398136911965
102,pittsburgh,,-0.8132146528213964
103,pittsburgh,,-0.7420845522124242
104,pittsburgh,,-0.08960006140954582
105,pittsburgh,,-0.06692616915443994
106,pittsburgh,,-1.9347079001026393
107,pittsburgh,,-0.6804965051995302
108,pittsburgh,,-1.7646377930011488
109,pittsburgh,,-0.03474509042764611
110,pittsburgh,,-0.07286341716203326
111,pittsburgh,,-0.8320495907372111
112,pittsburgh,,-0.7827199914338866
113,pittsburgh,,-0.08989512318549674
114,pittsburgh,,0.018012497179429904
115,pittsburgh,,-2.149188720884677
116,pittsburgh,,-0.8647246661280974
117,pittsburgh,,-0.030709032302828565
118,pittsburgh,,-0.6714501586473512
119,pittsburgh,,-0.7926993740934177
120,pittsburgh,,-2.2346017964546556
121,pittsburgh,,-2.2175606621498707
122,pittsburgh,,-0.9324252656870022
123,pittsburgh,,-0.8642840468330747
124,pittsburgh,,-0.8047324342482478
125,pittsburgh,,0.23659661491508902
126,pittsburgh,,0.20475660081930672
127,pittsburgh,,0.24243143620219668
128,pittsburgh,,-2.0738377877794014
129,pittsburgh,,-2.405568668823546
130,pittsburgh,,-2.3907697890325488
131,pittsburgh,,-1.0526255943834883
132,pittsburgh,,0.264405530437314
133,pittsburgh,,-1.0045387744716743
134,pittsburgh,,0.2850342719641588
135,pittsburgh,,-0.9906367964861919
136,pittsburgh,,-0.9906367964861919
137,pittsburgh,,0.2361531235635918
138,pittsburgh,,-0.9617974651697709
139,pittsburgh,,0.23346241814704674
140,pittsburgh,,0.46573703634369745
141,pittsburgh,,0.4112515863065091
142,pittsburgh,,0.5786472680181469
143,pittsburgh,,0.577095465941156
144,pittsburgh,,0.6163932213050045
145,pittsburgh,,0.6071416764259082
146,pittsburgh,,0.5930737743616147
147,pittsburgh,,0.6018586994067933
148,pittsburgh,,-0.48481079944309224
149,pittsburgh,,0.6578978567454141
150,pittsburgh,,-0.3656152167915184
151,pittsburgh,,0.7091129878586909
152,pittsburgh,,-0.3428426545648612
153,pittsburgh,,0.8908748988438417
154,pittsburgh,,-0.3319813990847062
155,pittsburgh,,-0.38768774484061086
156,pittsburgh,,-0.4417361944131608
157,pittsburgh,,0.8824942037837755
158,pittsburgh,,-0.31055418956632147
159,pittsburgh,,0.8605505675338564
160,pittsburgh,,0.983592903360219
161,pittsburgh,,0.9638610636388891
162,pittsburgh,,-0.605968779486415
163,pittsburgh,,0.9316030566255477
164,pittsburgh,,1.0042216448870638
165,pittsburgh,,0.9307061548200325
166,pittsburgh,,-0.4649168253278608
167,pittsburgh,,0.9477472891248174
168,pittsburgh,,0.9159072750290352
169,pittsburgh,,0.805557894965493
170,pittsburgh,,0.8898666646839024
171,pittsburgh,,0.6200688903773884
172,pittsburgh,,-0.40991166707485566
173,pittsburgh,,-0.606624350185834
174,pittsburgh,,0.5940891960026518
175,pittsburgh,,-0.5994491357417141
176,pittsburgh,,-0.37538094756252843
177,pittsburgh,,0.5245793060752397
178,pittsburgh,,-0.4495503081913083
179,pittsburgh,,0.4784697374604438
180,pittsburgh,,0.49229084107670007
181,pittsburgh,,-0.47321154126332626
182,pittsburgh,,-0.46936627320526303
183,pittsburgh,,-0.6430559517274755
184,pittsburgh,,-0.4899950147321079
185,pittsburgh,,-0.6344206458644098
186,pittsburgh,,-0.6376745408943856
187,pittsburgh,,-0.27329905317242215
188,pittsburgh,,-0.23249002102149
189,pittsburgh,,-0.29482469650478194
190,pittsburgh,,-0.27688666039448206
191,pittsburgh,,-0.24639199900697234
192,pittsburgh,,1.2009132692355764
193,pittsburgh,,-0.19177516439837294
194,pittsburgh,,1.311680642216678
195,pittsburgh,,1.4066297295055248
196,pittsburgh,,1.4264119665975783
197,pittsburgh,,1.2636730760272732
198,pittsburgh,,-0.15347609783242175
199,pittsburgh,,1.289634441256542
200,pittsburgh,,1.4608636994513342
201,pittsburgh,,1.2255059621622202
202,pittsburgh,,-0.16055747838421086
203,pittsburgh,,1.2326811766063401
204,pittsburgh,,-0.09383490841228305
205,pittsburgh,,1.224609060356705
206,pittsburgh,,1.241008529355359
207,pittsburgh,,1.228196667578765
208,pittsburgh,,-0.4936569739593066
209,pittsburgh,,-0.0009322753677539704
210,pittsburgh,,-0.38134849865191806
211,pittsburgh,,-0.5212086187401768
212,pittsburgh,,-0.6412968461402466
213,pittsburgh,,-0.28362381580651896
214,pittsburgh,,-0.7343490738145797
215,pittsburgh,,-0.2899021284451239
216,pittsburgh,,-0.6805349654836801
217,pittsburgh,,-0.4309966911121927
218,pittsburgh,,-0.4099194986825904
219,pittsburgh,,-0.9947757121771642
220,pittsburgh,,-0.9562089345400195
221,pittsburgh,,-0.7477949406049157
222,pittsburgh,,-0.8021519042014977
223,pittsburgh,,-1.1844386173578492
224,pittsburgh,,2.0418472442821978
225,pittsburgh,,-0.8065420088661477
226,pittsburgh,,-1.0579835788138197
227,pittsburgh,,2.047801341899271
228,pittsburgh,,2.033326677129805
229,pittsburgh,,1.8345694881565968
230,pittsburgh,,1.8673298865031245
231,pittsburgh,,1.8406766368675993
232,pittsburgh,,1.887510177127212
233,pittsburgh,,1.805356575363305
234,pittsburgh,,1.8336725863510819
235,pittsburgh,,1.7854068043897033
236,pittsburgh,,1.650361184861748
237,pittsburgh,,1.8318603698210207
238,pittsburgh,,1.601365808716379
239,pittsburgh,,1.8376902315568682
240,pittsburgh,,1.8214468145562086
241,pittsburgh,,1.8658938512999246
242,pittsburgh,,1.8569736203754403
243,pittsburgh,,1.8291696644044757
244,pittsburgh,,1.8578217350502897
245,pittsburgh,,1.8322096362223885
246,pittsburgh,,1.8519918733144423
247,pittsburgh,,1.873566303777468
248,pittsburgh,,1.8535924625220985
249,pittsburgh,,1.6840121607591434
250,pittsburgh,,1.6906216550467623
251,pittsburgh,,1.7847963446258364
252,pittsburgh,,-0.0527872611372309
253,pittsburgh,,-1.0455600902009916
254,pittsburgh,,0.08873243283824266
255,pittsburgh,,0.3648279229308724
256,pittsburgh,,0.3404051248132492
257,pittsburgh,,0.353616650361935
258,pittsburgh,,-2.6591828135498248
259,pittsburgh,,-2.61523462507959
260,pittsburgh,,0.5325385029978564
261,pittsburgh,,0.28625488947745753
262,pittsburgh,,0.3682057288349473
263,pittsburgh,,0.3387003267348727
264,pittsburgh,,0.36499145829602253
265,pittsburgh,,0.39100161065595734
266,pittsburgh,,0.4233651898741193
267,pittsburgh,,0.3748573781566875
268,pittsburgh,,0.405777170852602
269,pittsburgh,,0.44598747876565964
270,pittsburgh,,0.0963783229563921
271,pittsburgh,,0.10474409763347467
272,pittsburgh,,0.1880384210018863
273,pittsburgh,,0.22635582757400757
274,pittsburgh,,0.2250104748657351
275,pittsburgh,,0.13872845743361129
276,pittsburgh,,0.18905782690314418
277,pittsburgh,,0.10804616246167105
278,pittsburgh,,0.41239983709724365
279,pittsburgh,,0.4836362674582778
280,pittsburgh,,0.39177109557039874
281,pittsburgh,,0.4466320068818251
282,pittsburgh,,0.5005405195756497
283,pittsburgh,,0.6155436944352343
284,pittsburgh,,0.6223264412176575
285,pittsburgh,,0.5416994542491234
286,pittsburgh,,0.582956937302813
287,pittsburgh,,0.6367519843255197
288,pittsburgh,,0.5556014322346057
289,pittsburgh,,0.26499170188996524
290,pittsburgh,,0.2772383498043588
291,pittsburgh,,-0.21391640490147948
292,pittsburgh,,-0.3217277513376439
293,pittsburgh,,-0.21525484884325977
294,pittsburgh,,-0.3625994462324615
295,pittsburgh,,-0.5563457229811768
296,pittsburgh,,-0.16922215602052815
297,pittsburgh,,-0.5792324034127778
298,pittsburgh,,-2.1110796055616325
299,pittsburgh,,-2.110439214441127
300,pittsburgh,,-4.433035889007162
301,pittsburgh,,-2.2270956945155604
302,pittsburgh,,-4.016175897737916
303,pittsburgh,,-1.0671714260573222
304,pittsburgh,,-0.47902525002900603
305,pittsburgh,,-1.1417294467406858
306,pittsburgh,,-1.1269305669496883
307,pittsburgh,,-2.2628308799891856
308,pittsburgh,,-2.313968674106802
309,pittsburgh,,0.43605548087893325
310,pittsburgh,,-1.8816496065244648
311,pittsburgh,,0.4641563848679309
312,pittsburgh,,0.6594828238957576
313,pittsburgh,,0.6136379634537997
314,pittsburgh,,-1.7868267222889676
315,pittsburgh,,-1.80969870122895
316,pittsburgh,,0.6197672043887741
317,pittsburgh,,0.5547418234889372
318,pittsburgh,,-3.0479434628473205
319,pittsburgh,,-2.959849839450844
320,pittsburgh,,-0.44799538106796766
321,pittsburgh,,-4.2383592669077235
322,pittsburgh,,-3.1785034318650287
323,pittsburgh,,-4.5577100390781355
324,pittsburgh,,-3.311352114037647
325,pittsburgh,,-5.813473236058236
326,pittsburgh,,-5.200662251779614
327,pittsburgh,,-5.045391024469121
328,pittsburgh,,-1.0977133406052908
329,pittsburgh,,-0.9586018325515443
330,pittsburgh,,-1.0999555951190783
331,pittsburgh,,-0.8759362229464276
332,pittsburgh,,-2.0783679030522655
333,pittsburgh,,-0.5512118361329984
334,pittsburgh,,-0.8928548531554696
335,pittsburgh,,-0.951606880967962
336,pittsburgh,,-0.3586912421097722
337,pittsburgh,,-0.9090528882112804
338,pittsburgh,,-0.09163739486983588
339,pittsburgh,,-2.469709105056723
340,pittsburgh,,-2.2319383983963275
341,pittsburgh,,-1.219407737537744
342,pittsburgh,,-2.7167978921837146
343,pittsburgh,,-0.7947328486599791
344,pittsburgh,,-3.0568449250793015
345,pittsburgh,,-2.5915436780837746
346,pittsburgh,,-2.7396359544337296
347,pittsburgh,,-2.362937196117433
348,pittsburgh,,-2.327542508590208
349,pittsburgh,,-1.4839133515366356
350,pittsburgh,,-1.6492782718552854
351,pittsburgh,,-1.4810267833218829
352,pittsburgh,,-3.463236363189104
353,pittsburgh,,-1.9395476906617812
354,pittsburgh,,-0.38307290980906955
355,pittsburgh,,-0.297515401921327
356,pittsburgh,,-0.48744348847062435
357,pittsburgh,,-0.2593970751869398
358,pittsburgh,,-0.3922842995608794
359,pittsburgh,,-0.09852947736159098
360,pittsburgh,,-0.24242397661463894
361,pittsburgh,,-0.46474088567168376
362,pittsburgh,,-0.7420589127613991
363,pittsburgh,,-0.1764555337877999
364,pittsburgh,,-0.327318166888684
365,pittsburgh,,-0.2948372858274126
366,pittsburgh,,-1.078940856886575
367,pittsburgh,,-1.155703511067423
368,pittsburgh,,-3.6416342304746574
369,pittsburgh,,-3.966098944572598
370,pittsburgh,,-2.625116377315785
371,pittsburgh,,-0.7596751938184695
372,pittsburgh,,-1.9516666344080826
373,pittsburgh,,-2.7931039381063676
374,pittsburgh,,-1.6603567691486236
375,pittsburgh,,-1.0809659842480188
376,pittsburgh,,0.268221163434667
377,pittsburgh,,0.16358692306249387
378,pittsburgh,,-1.1274536219003315
379,pittsburgh,,0.2896350744025667
380,pittsburgh,,0.19276967940694759
381,pittsburgh,,0.1473509623643019
382,pittsburgh,,0.18301549191074282
383,pittsburgh,,0.1482750053553338
384,pittsburgh,,0.07450803469069021
385,pittsburgh,,0.09462621597482654
386,pittsburgh,,-1.125112933572569
387,pittsburgh,,-1.1255613844753263
388,pittsburgh,,-1.1430509696828686
389,pittsburgh,,-1.1722753925817284
390,pittsburgh,,0.025571989334322875
391,pittsburgh,,-0.28180451263899253
392,pittsburgh,,0.11593445481008748
393,pittsburgh,,0.19748525593454413
394,pittsburgh,,-0.12485481270745284
395,pittsburgh,,-0.10087709826486484
396,pittsburgh,,-0.26202453466494763
397,pittsburgh,,-0.25994975185270264
398,pittsburgh,,-0.1884629285398949
399,pittsburgh,,-0.2329675834676305
400,pittsburgh,,-0.5889118741747603
401,pittsburgh,,-0.14507120652716132
402,pittsburgh,,-0.19492437095286563
403,pittsburgh,,-0.1980635272721681
404,pittsburgh,,-0.20075423268871317
405,pittsburgh,,-2.6236049836215107
406,pittsburgh,,-0.4685014721365252
407,pittsburgh,,-2.614635965566361
408,pittsburgh,,-2.794100394575893
409,pittsburgh,,-2.725935857356754
410,pittsburgh,,-2.728626562773299
411,pittsburgh,,-2.7147245847878163
412,pittsburgh,,-1.8747588494778762
413,pittsburgh,,-2.916509471657931
414,pittsburgh,,-3.2815665258732913
415,pittsburgh,,-3.1602335423663934
416,pittsburgh,,-2.571393066601413
417,pittsburgh,,-2.138997100461152
418,pittsburgh,,-1.9528899758167915
419,pittsburgh,,-2.283222921963483
420,pittsburgh,,-2.612164484796611
421,pittsburgh,,-3.06693540365069
422,pittsburgh,,-3.1560002731011925
423,pittsburgh,,-3.4871994110328846
424,pittsburgh,,-0.9316991285892009
425,pittsburgh,,-1.0756919932097146
426,pittsburgh,,-0.5838750186123454
427,pittsburgh,,-0.8057001093053133
428,pittsburgh,,-0.570869942432378
429,pittsburgh,,-0.947754103233874
430,pittsburgh,,-0.9221924017766966
431,pittsburgh,,-1.46093622876469
432,pittsburgh,,-1.7969161053061409
433,pittsburgh,,-2.005718856805551
434,pittsburgh,,-1.7599677620944434
435,pittsburgh,,-1.9549613970486206
436,pittsburgh,,-1.9347811064245333
437,pittsburgh,,-0.7999362204026335
438,pittsburgh,,-1.4091070056900965
439,pittsburgh,,-1.6963180064795984
440,pittsburgh,,-1.8275219650638657
441,pittsburgh,,-1.6495080619860858
442,pittsburgh,,-1.8152926524505952
443,pittsburgh,,-1.8161895542561104
444,pittsburgh,,-2.2210559553733855
445,pittsburgh,,-2.209844682804448
446,pittsburgh,,0.41280421765501407
447,pittsburgh,,-2.1891221073852725
448,pittsburgh,,0.47097792093802154
449,pittsburgh,,-0.9397310569361078
450,pittsburgh,,-1.1087869970404938
451,pittsburgh,,0.5498272807709322
452,pittsburgh,,-3.3731317610796796
453,pittsburgh,,1.238475032174725
454,pittsburgh,,1.2353358758554227
455,pittsburgh,,1.2573099700905401
456,pittsburgh,,1.138918931762561
457,pittsburgh,,1.260000675507085
458,pittsburgh,,1.12570377748199
459,pittsburgh,,1.1813116894239195
460,pittsburgh,,1.2076190064437424
461,pittsburgh,,1.120206497942489
462,pittsburgh,,-3.1264837645630568
463,pittsburgh,,1.1094387167250488
464,pittsburgh,,-3.4253518095532143
465,pittsburgh,,-3.8505329084705813
466,pittsburgh,,0.7250057725229769
467,pittsburgh,,0.9071898568790773
468,pittsburgh,,0.6695108784176043
469,pittsburgh,,0.7498914342505932
470,pittsburgh,,1.0739346750994172
471,pittsburgh,,0.6574027040431519
472,pittsburgh,,0.9040507005597748
473,pittsburgh,,0.9089836604901071
474,pittsburgh,,0.7618801099576086
475,pittsburgh,,1.1390544603621793
476,pittsburgh,,1.0130242699298462
477,pittsburgh,,1.0461307191284523
478,pittsburgh,,0.9488841364074845
479,pittsburgh,,1.2380677055086606
480,pittsburgh,,1.0243433867381808
481,pittsburgh,,1.2584347579775936
482,pittsburgh,,1.0256887394464533
483,pittsburgh,,1.1097766470889083
484,pittsburgh,,1.0448526295975884
485,pittsburgh,,1.0994963765565944
486,pittsburgh,,1.1882361682954616
487,pittsburgh,,1.3695310831940155
488,pittsburgh,,1.2823863179302957
489,pittsburgh,,1.194260037397893
490,pittsburgh,,-0.06598766860978166
491,pittsburgh,,0.5787027143762318
492,pittsburgh,,0.10071299905991746
493,pittsburgh,,0.013743203066688744
494,pittsburgh,,-0.3620651098333456
495,pittsburgh,,-4.843921269701429
496,pittsburgh,,-4.843921269701429
497,pittsburgh,,-3.120255729453356
498,pittsburgh,,-2.018759643021835
499,pittsburgh,,-2.0528419116314045
500,pittsburgh,,-2.0472382574987695
501,pittsburgh,,-1.689036391120027
502,pittsburgh,,-1.4349382751044293
503,pittsburgh,,0.11566473520609985
504,pittsburgh,,1.3779020939505318
505,pittsburgh,,1.4480313206366182
506,pittsburgh,,1.4612139838817069
507,pittsburgh,,1.4509425118149966
508,pittsburgh,,1.5329082112405685
509,pittsburgh,,1.5531464189469935
510,pittsburgh,,1.5419974318507768
511,pittsburgh,,1.5326771949961775
512,pittsburgh,,1.6955762189587562
513,pittsburgh,,0.834162514877643
514,pittsburgh,,0.9345997240391779
515,pittsburgh,,0.8040850245792694
516,pittsburgh,,0.9375159895549487
517,pittsburgh,,0.8279554957421786
518,pittsburgh,,0.8853572112951381
519,pittsburgh,,-0.22924604446365646
520,pittsburgh,,-0.39555341172152714
521,pittsburgh,,-2.7467332371583084
522,pittsburgh,,-2.992925122479785
523,pittsburgh,,-1.7484617806726832
524,pittsburgh,,-2.554311834407045
525,pittsburgh,,-2.51215744954784
526,pittsburgh,,-2.5194651037671543
527,pittsburgh,,-1.644947177378846
528,pittsburgh,,-1.434961994991616
529,pittsburgh,,-1.930191186885866
530,pittsburgh,,-1.6598782689697813
531,pittsburgh,,-1.960529959980922
532,pittsburgh,,-2.3167419500994577
533,pittsburgh,,-2.5525742218006346
534,pittsburgh,,-2.5924863521460515
535,pittsburgh,,-5.7201152927950325
536,pittsburgh,,-2.006174963026717
537,pittsburgh,,-2.006174963026717
538,pittsburgh,,-2.006174963026717
539,pittsburgh,,-2.009762570248777
540,pittsburgh,,-2.006174963026717
541,pittsburgh,,-2.006174963026717
542,pittsburgh,,-2.01828313740117
543,pittsburgh,,-2.006174963026717
544,pittsburgh,,-2.006174963026717
545,pittsburgh,,-2.006174963026717
546,pittsburgh,,-2.006174963026717
547,pittsburgh,,-1.9923653425231553
548,pittsburgh,,-1.9994325414125318
549,pittsburgh,,-2.1721941545289107
550,pittsburgh,,-4.426658021704547
551,pittsburgh,,-4.666455741645751
552,pittsburgh,,-4.118906007823837
553,pittsburgh,,-3.8973712618616334
554,pittsburgh,,-4.215449647766227
555,pittsburgh,,-4.467030604213182
556,pittsburgh,,-4.317696453594936
557,pittsburgh,,-4.5577100390781355
558,pittsburgh,,-4.154317966094876
559,pittsburgh,,-3.2077328143151482
560,pittsburgh,,-4.407873708150056
561,pittsburgh,,-4.6020066656508
562,pittsburgh,,-2.808358929092511
563,pittsburgh,,-3.113927534744288
564,pittsburgh,,-3.7538669729792344
565,pittsburgh,,-4.152191011010665
566,pittsburgh,,-4.521556448710848
567,pittsburgh,,-4.256009377150858
568,pittsburgh,,-4.179324272779326
569,pittsburgh,,-4.372487619220994
570,pittsburgh,,-6.099684466681529
571,pittsburgh,,-4.346320258625148
572,pittsburgh,,-4.7255103740627655
573,pittsburgh,,-4.77304616975506
574,pittsburgh,,-5.356059045252304
575,pittsburgh,,-5.352919888933002
576,pittsburgh,,-3.026681771304605
577,pittsburgh,,-0.4137362180699325
578,pittsburgh,,-0.3449134629049537
579,pittsburgh,,-0.8879257166730714
580,pittsburgh,,-0.42674129424989987
581,pittsburgh,,-0.4937577252167737
582,pittsburgh,,-5.576223227606392
583,pittsburgh,,-5.742169542519794
584,pittsburgh,,-5.7201152927950325
585,pittsburgh,,-2.8078268533761834
586,pittsburgh,,-1.8014794374455332
587,pittsburgh,,-1.5903984283184542
588,pittsburgh,,-1.9662551773628916
589,pittsburgh,,-1.8946295202244343
590,pittsburgh,,-1.6707366531514862
591,pittsburgh,,-1.9826484012606462
592,pittsburgh,,-1.9117931586249624
593,pittsburgh,,-1.5770345455440757
594,pittsburgh,,-1.4743442483638696
595,pittsburgh,,-3.760414134327009
596,pittsburgh,,-3.4351876751638137
597,pittsburgh,,-0.007342547591383886
598,pittsburgh,,-0.04340625339641404
599,pittsburgh,,-0.911750408764845
600,pittsburgh,,-0.3041488788467111
601,pittsburgh,,-0.29120364401860105
602,pittsburgh,,-0.8257635112825376
603,pittsburgh,,0.3171525676838916
604,pittsburgh,,0.24015678937310989
605,pittsburgh,,0.19505824628672055
606,pittsburgh,,-0.11520196848353113
607,pittsburgh,,-1.3103268925389784
608,pittsburgh,,-0.4158212767885565
609,pittsburgh,,-0.29573556992862354
610,pittsburgh,,-0.21348606116447763
611,pittsburgh,,-0.24361613012967806
612,pittsburgh,,-0.10639015388588428
613,pittsburgh,,0.9924716377008488
614,pittsburgh,,-0.016616114853936916
615,pittsburgh,,0.920552021558107
616,pittsburgh,,0.01927271342515332
617,pittsburgh,,0.8277258411696294
618,pittsburgh,,0.8479061317937168
619,pittsburgh,,0.5061890215659586
620,pittsburgh,,0.4677843568398859
621,pittsburgh,,-2.043849042129918
622,pittsburgh,,0.3841186478169975
623,pittsburgh,,-1.9029542076202064
624,pittsburgh,,-0.699481716450462
625,pittsburgh,,-0.34057035074672726
626,pittsburgh,,-0.08342309978109881
627,pittsburgh,,-0.7323103605506812
628,pittsburgh,,-0.1703690879089363
629,pittsburgh,,0.11985756378061228
630,pittsburgh,,-0.3528024083178569
631,pittsburgh,,-0.6187615368534628
632,pittsburgh,,-0.7219042615883369
633,pittsburgh,,-0.6869260740726022
634,pittsburgh,,-1.321459520576064
635,pittsburgh,,-0.6547012131881176
636,pittsburgh,,-1.613362484252412
637,pittsburgh,,-1.5190235923881659
638,pittsburgh,,-1.207219371782551
639,pittsburgh,,-1.4119117442942846
640,pittsburgh,,-1.3082272282753828
641,pittsburgh,,0.061484372657012794
642,pittsburgh,,0.17268113523267906
643,pittsburgh,,0.0322643993060178
644,pittsburgh,,0.058087213866223036
645,pittsburgh,,0.16706499126165822
646,pittsburgh,,0.10954339183620318
647,pittsburgh,,-0.037374650484752955
648,pittsburgh,,0.09169771320782347
649,pittsburgh,,0.11053265112363833
650,pittsburgh,,0.08587609059150024
651,pittsburgh,,-0.1608972092506992
652,pittsburgh,,0.020757964879389298
653,pittsburgh,,-0.17081741212957174
654,pittsburgh,,-1.870922281378493
655,pittsburgh,,-0.8242744076226428
656,pittsburgh,,0.4099459878345141
657,pittsburgh,,-0.04290181847556361
658,pittsburgh,,0.44537360915235624
659,pittsburgh,,-2.14691371176855
660,pittsburgh,,0.5897523002943907
661,pittsburgh,,0.29855794616247583
662,pittsburgh,,0.6857513045524786
663,pittsburgh,,0.5812542326878777
664,pittsburgh,,0.2272038552533101
665,pittsburgh,,0.7287945796950939
666,pittsburgh,,0.7767788262901459
667,pittsburgh,,0.2939944504763295
668,pittsburgh,,0.6301639703762921
669,pittsburgh,,0.786723732809382
670,pittsburgh,,0.7149388402055967
671,pittsburgh,,-2.2311703568779424
672,pittsburgh,,0.2408507621416848
673,pittsburgh,,-1.1983977441379585
674,pittsburgh,,0.31799932720242463
675,pittsburgh,,0.8527321191957108
676,pittsburgh,,0.7391802069057334
677,pittsburgh,,-2.3528357082654843
678,pittsburgh,,-1.2172326820537736
679,pittsburgh,,-1.554118864688664
680,pittsburgh,,0.9317449699127774
681,pittsburgh,,-0.21099135821502274
682,pittsburgh,,0.761241898666006
683,pittsburgh,,0.9815320874546986
684,pittsburgh,,0.7724686687142562
685,pittsburgh,,-0.07575557520510748
686,pittsburgh,,-0.10256349429148143
687,pittsburgh,,0.8649420834795675
688,pittsburgh,,0.02157484287515078
689,pittsburgh,,0.5346567465607887
690,pittsburgh,,0.056820277285653406
691,pittsburgh,,-1.1797582611413637
692,pittsburgh,,-0.07808458764472122
693,pittsburgh,,0.19612961116053537
694,pittsburgh,,-0.2718324547309965
695,pittsburgh,,0.17712687472100633
696,pittsburgh,,0.37584958535589247
697,pittsburgh,,0.1743120002434109
698,pittsburgh,,-2.117970308249779
699,pittsburgh,,-2.093432378493276
700,pittsburgh,,-2.0352413209483493
701,pittsburgh,,-1.9588971076660273
702,pittsburgh,,0.7049150543692834
703,pittsburgh,,-2.637253135277748
704,pittsburgh,,0.27230575566925413
705,pittsburgh,,-0.13993639714975445
706,pittsburgh,,0.03998414305492352
707,pittsburgh,,-0.14203048402183388
708,pittsburgh,,0.42956620007618057
709,pittsburgh,,0.5682968121100685
710,pittsburgh,,0.17574298911543781
711,pittsburgh,,-0.06386394596615184
712,pittsburgh,,0.5137376603031795
713,pittsburgh,,-0.06700310228545424
714,pittsburgh,,-1.814023930754187
715,pittsburgh,,-0.17662901552745794
716,pittsburgh,,-0.08612439451226374
717,pittsburgh,,0.02851694000189238
718,pittsburgh,,0.1837729012254193
719,pittsburgh,,-0.32502521264795287
720,pittsburgh,,-0.0058261459260043735
721,pittsburgh,,0.31672189153168395
722,pittsburgh,,0.0523575961836819
723,pittsburgh,,0.28693737010484366
724,pittsburgh,,-0.7643219414393225
725,pittsburgh,,-0.1495212248751572
726,pittsburgh,,-1.1543394402607048
727,pittsburgh,,-0.33510398379879475
728,pittsburgh,,-0.285437265947137
729,pittsburgh,,0.18693281878992193
730,pittsburgh,,-0.5253199249036152
731,pittsburgh,,-2.563033176223535
732,pittsburgh,,-1.5324994108459826
733,pittsburgh,,-0.6440789955063208
734,pittsburgh,,-0.6274863121042934
735,pittsburgh,,-0.6764754760596038
736,pittsburgh,,-2.853716105280929
737,pittsburgh,,-0.8144981650192578
738,pittsburgh,,0.14226062802535797
739,pittsburgh,,0.7504651343046166
740,pittsburgh,,0.8119829817532761
741,pittsburgh,,0.7955217220578542
742,pittsburgh,,0.7399404925813114
743,pittsburgh,,1.2654631611418867
744,pittsburgh,,0.6836264689006214
745,pittsburgh,,0.7042318920622544
746,pittsburgh,,1.263220906628099
747,pittsburgh,,0.7217214772697967
748,pittsburgh,,0.7930408288810619
749,pittsburgh,,0.713200910117404
750,pittsburgh,,1.3300138355710316
751,pittsburgh,,1.3035220796489702
752,pittsburgh,,1.1626106990568177
753,pittsburgh,,1.5801680324072607
754,pittsburgh,,0.9874184328962853
755,pittsburgh,,1.0361475444792037
756,pittsburgh,,1.6043116228205236
757,pittsburgh,,1.0487427437751957
758,pittsburgh,,-1.9330057269639398
759,pittsburgh,,-1.7868107326649958
760,pittsburgh,,-0.38738536897537895
761,pittsburgh,,-0.22347640182736853
762,pittsburgh,,-0.25534355710866796
763,pittsburgh,,-0.38602589958546474
764,pittsburgh,,-0.2659324877406952
765,pittsburgh,,-0.2533758624634852
766,pittsburgh,,-0.23289387078527593
767,pittsburgh,,-0.26455125902349347
768,pittsburgh,,-0.687112135042127
769,pittsburgh,,-1.2404928887524884
770,pittsburgh,,-0.40986226218159505
771,pittsburgh,,-0.760435192290825
772,pittsburgh,,-0.7833295066966691
773,pittsburgh,,-1.2670976258475108
774,pittsburgh,,-1.2211850594895277
775,pittsburgh,,-1.0772556392987245
776,pittsburgh,,-2.541229609716095
777,pittsburgh,,0.42339829236207177
778,pittsburgh,,-1.1780477843603725
779,pittsburgh,,-2.9361777601411436
780,pittsburgh,,-2.6723373264642665
781,pittsburgh,,-2.2689452534810064
782,pittsburgh,,-0.26476835912112057
783,pittsburgh,,-1.4297694486256143
784,pittsburgh,,-1.4329086049449167
785,pittsburgh,,-1.5508511923701382
786,pittsburgh,,-1.404417514211519
787,pittsburgh,,-1.4205617467107887
788,pittsburgh,,-1.3552013777070604
789,pittsburgh,,-1.4833448730968382
790,pittsburgh,,-1.399723238140862
791,pittsburgh,,-0.5953815954633079
792,pittsburgh,,-0.7899207525984462
793,pittsburgh,,-0.7917145562094763
794,pittsburgh,,-0.5550210142151333
795,pittsburgh,,-0.5527787597013458
796,pittsburgh,,-0.7715342655853887
797,pittsburgh,,-0.7746734219046914
798,pittsburgh,,-1.0823169709878355
799,pittsburgh,,-0.4800153575509561
800,pittsburgh,,-0.46611337956547366
801,pittsburgh,,-0.2947779935265928
802,pittsburgh,,-0.3921862437878946
803,pittsburgh,,-0.36483073871968724
804,pittsburgh,,-0.3289546664990876
805,pittsburgh,,-0.2544174122784182
806,pittsburgh,,-0.4351702672752065
807,pittsburgh,,-0.4620773214406562
808,pittsburgh,,-0.44862379435793137
809,pittsburgh,,-0.5217885546848109
810,pittsburgh,,-0.4781944127544087
811,pittsburgh,,-0.07028438110437055
812,pittsburgh,,-0.10869153982320667
813,pittsburgh,,-0.21671774609601482
814,pittsburgh,,-0.23061972408149725
815,pittsburgh,,-0.036095010599417596
816,pittsburgh,,-0.036095010599417596
817,pittsburgh,,-0.31358314109163393
818,pittsburgh,,-0.2539223691392277
819,pittsburgh,,-0.22701531497377803
820,pittsburgh,,-0.30057806491166666
821,pittsburgh,,0.41772975863204725
822,pittsburgh,,0.33150090903801577
823,pittsburgh,,0.4103415238527988
824,pittsburgh,,0.22559262098638402
825,pittsburgh,,0.10930606020868486
826,pittsburgh,,0.20217876968006912
827,pittsburgh,,0.18782834079182933
828,pittsburgh,,-0.532384263397215
829,pittsburgh,,0.28943582022400094
830,pittsburgh,,-0.5021067663621249
831,pittsburgh,,0.19047975535340783
832,pittsburgh,,0.184201442714803
833,pittsburgh,,0.0832999895943664
834,pittsburgh,,-0.34861914805789934
835,pittsburgh,,-0.33009325832162006
836,pittsburgh,,-0.32294943104597845
837,pittsburgh,,-0.4045674953478427
838,pittsburgh,,0.7216930557625978
839,pittsburgh,,0.0878348056411334
840,pittsburgh,,0.829602544858873
841,pittsburgh,,1.0012781128335317
842,pittsburgh,,1.0057626218611067
843,pittsburgh,,0.8527740499195787
844,pittsburgh,,-0.09029194717645302
845,pittsburgh,,-0.026281012626613594
846,pittsburgh,,0.3456940747266936
847,pittsburgh,,0.1933547362275638
848,pittsburgh,,0.20725671421304623
849,pittsburgh,,0.8615897383820418
850,pittsburgh,,0.8874803920745394
851,pittsburgh,,0.8901710974910845
852,pittsburgh,,0.8562316459141636
853,pittsburgh,,0.854886293205891
854,pittsburgh,,0.7796690456383745
855,pittsburgh,,0.8131803592494441
856,pittsburgh,,0.6619212424155589
857,pittsburgh,,0.4961078711941515
858,pittsburgh,,-0.03588176664111321
859,pittsburgh,,-0.024837965773718287
860,pittsburgh,,-1.8396504360220207
861,pittsburgh,,-2.512830963820161
862,pittsburgh,,1.5822285705905403
863,pittsburgh,,1.050759544079703
864,pittsburgh,,1.052008282249037
865,pittsburgh,,1.0725107475112896
866,pittsburgh,,0.6034692759057203
867,pittsburgh,,1.3175444100082037
868,pittsburgh,,0.8334776973794236
869,pittsburgh,,1.3791597707511019
870,pittsburgh,,0.890725110146216
871,pittsburgh,,1.9177762492255426
872,pittsburgh,,1.9083587802676352
873,pittsburgh,,2.195268952440472
874,pittsburgh,,2.153229442830056
875,pittsburgh,,1.9270569349505637
876,pittsburgh,,1.3564922299027684
877,pittsburgh,,1.2418202225034547
878,pittsburgh,,1.432165557219997
879,pittsburgh,,1.218789185190039
880,pittsburgh,,1.3812496895663902
881,pittsburgh,,1.4877734691619264
882,pittsburgh,,1.3827907918926774
883,pittsburgh,,1.2566960144469381
884,pittsburgh,,1.9968224808074477
885,pittsburgh,,2.0152089678205054
886,pittsburgh,,1.9396001022588292
887,pittsburgh,,2.040219645058163
888,pittsburgh,,1.8505748538994378
889,pittsburgh,,1.8384666795249853
890,pittsburgh,,1.7401181901732095
891,pittsburgh,,1.8127672364199237
892,pittsburgh,,1.64863420601068
893,pittsburgh,,1.8508103458023384
894,pittsburgh,,1.837742250588323
895,pittsburgh,,1.8922002686312218
896,pittsburgh,,-0.6230158367257241
897,pittsburgh,,-0.584000608185822
898,pittsburgh,,-0.7003442044815688
899,pittsburgh,,-0.3932788491267404
900,pittsburgh,,-0.629294149364329
901,pittsburgh,,-0.24197552571188136
902,pittsburgh,,-0.34779049546667806
903,pittsburgh,,-0.23415704788344877
904,pittsburgh,,-0.18079139045530662
905,pittsburgh,,-0.08576123647438628
906,pittsburgh,,-0.29666709255232343
907,pittsburgh,,-0.2360323867877306
908,pittsburgh,,-0.31415667775986583
909,pittsburgh,,-0.25441887380078787
910,pittsburgh,,-0.5172367824798282
911,pittsburgh,,-0.5786745561576052
912,pittsburgh,,1.507398355185418
913,pittsburgh,,-0.35390296208410327
914,pittsburgh,,1.5978657675596488
915,pittsburgh,,1.7566538612045857
916,pittsburgh,,-0.253671438220034
917,pittsburgh,,-0.28439307215669146
918,pittsburgh,,1.0173169475314607
919,pittsburgh,,0.05305892903090282
920,pittsburgh,,-0.09269476963615876
921,pittsburgh,,0.34595298012438247
922,pittsburgh,,0.9020124956700338
923,pittsburgh,,0.8244017277583645
924,pittsburgh,,1.2455581060928822
925,pittsburgh,,1.1532367597191477
926,pittsburgh,,1.3563776982325313
927,pittsburgh,,1.1908499349209634
928,pittsburgh,,1.3278108088944707
929,pittsburgh,,1.2642462376919332
930,pittsburgh,,1.2738894032871817
931,pittsburgh,,-0.1830805534771357
932,pittsburgh,,-0.07985433525862023
933,pittsburgh,,1.1826035530156214
934,pittsburgh,,-0.06365567333599277
935,pittsburgh,,-0.030204985403545884
936,pittsburgh,,0.21015973892321185
937,pittsburgh,,-0.8636837015273676
938,pittsburgh,,-0.40974189759332
939,pittsburgh,,-0.8139056513212853
940,pittsburgh,,-0.792166990526049
941,pittsburgh,,-0.9004823419502812
942,pittsburgh,,2.3911264140387583
943,pittsburgh,,2.365870827846953
944,pittsburgh,,2.36093786791662
945,pittsburgh,,2.2834706004502463
946,pittsburgh,,2.331559144216312
947,pittsburgh,,1.9631266453948122
948,pittsburgh,,2.1578607534791194
949,pittsburgh,,2.182974004033539
950,pittsburgh,,2.2685432160652157
951,pittsburgh,,-0.39963729387297947
952,pittsburgh,,2.2740095372933107
953,pittsburgh,,2.289853210259865
954,pittsburgh,,-0.18225428188272594
955,pittsburgh,,2.2929923665791674
956,pittsburgh,,2.2583943856304525
957,pittsburgh,,2.364456387508025
958,pittsburgh,,2.2422501531311827
959,pittsburgh,,-0.06097279438453587
960,pittsburgh,,-0.05857106362292032
961,pittsburgh,,0.10898762008710026
962,pittsburgh,,-0.005909644911149708
963,pittsburgh,,-1.2708044258751516
964,pittsburgh,,-1.1829080489346822
965,pittsburgh,,-1.3004021854571464
966,pittsburgh,,-1.2636292114310317
967,pittsburgh,,-1.1184053063003456
968,pittsburgh,,-1.29400727011453
969,pittsburgh,,2.4004634616203164
970,pittsburgh,,2.3595347594866007
971,pittsburgh,,2.150584580585469
972,pittsburgh,,-0.7465050722156663
973,pittsburgh,,2.253974319204782
974,pittsburgh,,-0.7837270010613395
975,pittsburgh,,2.2109230325400624
976,pittsburgh,,2.0782488285012524
977,pittsburgh,,-0.9409902360444384
978,pittsburgh,,1.6160372801211564
979,pittsburgh,,1.9328322983585313
980,pittsburgh,,1.927420732143824
981,pittsburgh,,1.896029168950799
982,pittsburgh,,-0.7393569989570637
983,pittsburgh,,1.895132267145284
984,pittsburgh,,-0.6442582663869573
985,pittsburgh,,1.8073229767640995
986,pittsburgh,,1.9045497361031916
987,pittsburgh,,1.8571665998882574
988,pittsburgh,,1.9061334616136179
989,pittsburgh,,1.9092726179329205
990,pittsburgh,,1.9231745959184028
991,pittsburgh,,-0.4030628922339292
992,pittsburgh,,-0.30010451182602704
993,pittsburgh,,-0.29400778757060586
994,pittsburgh,,-0.26602224321645734
995,pittsburgh,,1.7688168124937704
996,pittsburgh,,1.863090041772979
997,pittsburgh,,1.581017786809548
998,pittsburgh,,1.483255490008414
999,pittsburgh,,1.7932610945545313
1000,pittsburgh,,0.105104683133475
1001,pittsburgh,,1.4245084217471822
1002,pittsburgh,,1.564425103407521
1003,pittsburgh,,0.04013329554000487
1004,pittsburgh,,1.540954400229664
1005,pittsburgh,,1.3776195552005126
1006,pittsburgh,,0.2520809033908019
1007,pittsburgh,,0.25994811289204106
1008,pittsburgh,,1.0338864910707608
1009,pittsburgh,,0.17898340624133002
1010,pittsburgh,,1.1863519664005748
1011,pittsburgh,,0.23198068653759665
1012,pittsburgh,,1.667447427577448
1013,pittsburgh,,1.8573419031975342
1014,pittsburgh,,1.6723168362696645
1015,pittsburgh,,1.846096614119771
1016,pittsburgh,,1.3085271060773467
1017,pittsburgh,,1.7081929084902643
1018,pittsburgh,,1.8984894549244322
1019,pittsburgh,,1.7479092892176669
1020,pittsburgh,,1.4508736758359033
1021,pittsburgh,,1.8071097679329167
1022,pittsburgh,,1.1608019396024052
1023,pittsburgh,,1.1205893002369147
1024,pittsburgh,,1.2404313878116842
1025,pittsburgh,,1.3323488899956917
1026,pittsburgh,,1.168986235819438
1027,pittsburgh,,1.399631458290595
1028,pittsburgh,,1.29215118351148
1029,pittsburgh,,1.249235858911448
1030,pittsburgh,,1.3069635212714221
1031,pittsburgh,,1.3210245995901972
1032,pittsburgh,,1.3787939951325388
1033,pittsburgh,,1.6607556814708366
1034,pittsburgh,,1.334960677806788
1035,pittsburgh,,1.3906824314002932
1036,pittsburgh,,1.3756559627824925
1037,pittsburgh,,1.4261441529492438
1038,pittsburgh,,1.3994238606286398
1039,pittsburgh,,1.4235207107101076
1040,pittsburgh,,1.4751042189552594
1041,pittsburgh,,1.3708929563820207
1042,pittsburgh,,1.3691705539512942
1043,pittsburgh,,1.250517256472344
1044,pittsburgh,,1.258441481351937
1045,pittsburgh,,1.314954865316508
1046,pittsburgh,,1.2773411958395111
1047,pittsburgh,,-3.0922776144067634
1048,pittsburgh,,1.0955933591619158
1049,pittsburgh,,1.1601702891589951
1050,pittsburgh,,1.0920336937237172
1051,pittsburgh,,1.0204740932604899
1052,pittsburgh,,1.4260613032041904
1053,pittsburgh,,1.3305412609168437
1054,pittsburgh,,1.3342909810499757
1055,pittsburgh,,1.8175611123512625
1056,pittsburgh,,1.7918921959376852
1057,pittsburgh,,1.644149696983105
1058,pittsburgh,,-1.601634539170982
1059,pittsburgh,,-0.6076897718315178
1060,pittsburgh,,-1.4058828944568313
1061,pittsburgh,,0.9676038225947959
1062,pittsburgh,,0.9299339467631662
1063,pittsburgh,,0.8636598276939961
1064,pittsburgh,,0.8569330641526335
1065,pittsburgh,,2.0449640497036667
1066,pittsburgh,,2.0576675854449595
1067,pittsburgh,,2.0155132005857546
1068,pittsburgh,,2.356465280293173
1069,pittsburgh,,2.321209805802284
1070,pittsburgh,,2.103261684162791
1071,pittsburgh,,2.110346153307339
1072,pittsburgh,,2.184340552262326
1073,pittsburgh,,1.932395070148666
1074,pittsburgh,,1.9320614944946968
1075,pittsburgh,,2.364509799616096
1076,pittsburgh,,1.7147952501916557
1077,pittsburgh,,2.0460078619732642
1078,pittsburgh,,1.8160433684516084
1079,pittsburgh,,1.8336599567240508
1080,pittsburgh,,1.999229884087491
1081,pittsburgh,,1.9672972272487346
1082,pittsburgh,,2.029643201463877
1083,pittsburgh,,2.1085705603491958
1084,pittsburgh,,2.1179880293071034
1085,pittsburgh,,2.0263480224488197
1086,pittsburgh,,2.0588981765052714
1087,pittsburgh,,2.0451829603646345
1088,pittsburgh,,1.6058612863836694
1089,pittsburgh,,1.530549131647123
1090,pittsburgh,,1.3055463342415048
1091,pittsburgh,,1.3094628365876773
1092,pittsburgh,,1.427131715272137
1093,pittsburgh,,0.30858413462230283
1094,pittsburgh,,0.30723878191403026
1095,pittsburgh,,0.2874667291814775
1096,pittsburgh,,0.23382476767753146
1097,pittsburgh,,0.31770057325066003
1098,pittsburgh,,0.6593722952426753
1099,pittsburgh,,0.3583219718171618
1100,pittsburgh,,0.36907667744975764
1101,pittsburgh,,0.7892954057525569
1102,pittsburgh,,0.7322274023916815
1103,pittsburgh,,0.3424311921285316
1104,pittsburgh,,0.1783300485901768
1105,pittsburgh,,0.4121279641144772
1106,pittsburgh,,0.40092165109680017
1107,pittsburgh,,0.23315909587165895
1108,pittsburgh,,0.3178239590109056
1109,pittsburgh,,-0.055108468914883864
1110,pittsburgh,,0.1535370674643095
1111,pittsburgh,,-0.10040696964465119
1112,pittsburgh,,0.1832292314092293
1113,pittsburgh,,0.5111353898002032
1114,pittsburgh,,0.5756487156832276
1115,pittsburgh,,0.49120478922455785
1116,pittsburgh,,0.6424407590085778
1117,pittsburgh,,0.9766660299779628
1118,pittsburgh,,0.8941425282520641
1119,pittsburgh,,1.0458986329302202
1120,pittsburgh,,0.9107352116540913
1121,pittsburgh,,0.955486126402026
1122,pittsburgh,,1.023028619788938
1123,pittsburgh,,1.4019126566176883
1124,pittsburgh,,1.0252708743027255
1125,pittsburgh,,0.9552479464591512
1126,pittsburgh,,1.9412363172343237
1127,pittsburgh,,1.8186461409063557
1128,pittsburgh,,1.794901562654561
1129,pittsburgh,,1.8705931884441667
1130,pittsburgh,,1.9039850046169398
1131,pittsburgh,,1.674160972536405
1132,pittsburgh,,1.5205438246864575
1133,pittsburgh,,1.6786114469859266
1134,pittsburgh,,1.4788038506356793
1135,pittsburgh,,-0.34401499072778796
1136,pittsburgh,,1.3795020469593435
1137,pittsburgh,,0.06109003172690119
1138,pittsburgh,,-0.254515600243043
1139,pittsburgh,,1.386977818942788
1140,pittsburgh,,0.15091643952797643
1141,pittsburgh,,-0.4207000950993197
1142,pittsburgh,,1.5761604957923963
1143,pittsburgh,,1.366285473301888
1144,pittsburgh,,1.3596232967739308
1145,pittsburgh,,1.3196194382295916
1146,pittsburgh,,1.3021298530220493
1147,pittsburgh,,0.14277190476438717
1148,pittsburgh,,1.2947481892092108
1149,pittsburgh,,0.9003026203769069
1150,pittsburgh,,0.9915659480142499
1151,pittsburgh,,0.9371781677197834
1152,pittsburgh,,1.0471176536015465
1153,pittsburgh,,0.9324310441026631
1154,pittsburgh,,0.006006074920945033
1155,pittsburgh,,1.032513453705123
1156,pittsburgh,,0.043675950752574765
1157,pittsburgh,,0.6485436605335352
1158,pittsburgh,,0.6045037365352495
1159,pittsburgh,,1.2935012703149134
1160,pittsburgh,,1.3597968897034003
1161,pittsburgh,,1.3824933099152128
1162,pittsburgh,,1.3691803240832543
1163,pittsburgh,,1.4494801768623629
1164,pittsburgh,,1.4413809194272111
1165,pittsburgh,,1.4188779556613054
1166,pittsburgh,,1.3702379614722988
1167,pittsburgh,,1.3716594868256407
1168,pittsburgh,,1.3397119129163104
1169,pittsburgh,,0.9790777644545314
1170,pittsburgh,,0.906059080269934
1171,pittsburgh,,0.9698736934027605
1172,pittsburgh,,0.9398274829180083
1173,pittsburgh,,0.8521240934962496
1174,pittsburgh,,0.905259135867983
1175,pittsburgh,,0.9087734469163157
1176,pittsburgh,,0.8401364689352777
1177,pittsburgh,,0.7954262922300946
1178,pittsburgh,,0.823340653125556
1179,pittsburgh,,0.7516199038060135
1180,pittsburgh,,0.8441690660044898
1181,pittsburgh,,0.8948236836683388
1182,pittsburgh,,1.156465372457514
1183,pittsburgh,,0.1967969044864736
1184,pittsburgh,,0.03261637887830951
1185,pittsburgh,,1.0686746920555632
1186,pittsburgh,,1.150545236715985
1187,pittsburgh,,0.2452535918434241
1188,pittsburgh,,1.1392294256711741
1189,pittsburgh,,0.09109310707730552
1190,pittsburgh,,1.2513279631224623
1191,pittsburgh,,-1.666304292921199
1192,pittsburgh,,-1.2857994960052628
1193,pittsburgh,,-1.2647223035756603
1194,pittsburgh,,0.375629059895457
1195,pittsburgh,,0.2378341653133744
1196,pittsburgh,,-0.2456766336419778
1197,pittsburgh,,-0.15822870760426602
1198,pittsburgh,,-0.27078988419639755
1199,pittsburgh,,0.635880245000003
1200,pittsburgh,,0.827130600534579
1201,pittsburgh,,0.7967516149942011
1202,pittsburgh,,-0.16624071768838813
1203,pittsburgh,,0.8795993561572062
1204,pittsburgh,,0.024681328042145925
1205,pittsburgh,,0.030062738875235775
1206,pittsburgh,,0.6968055278668903
1207,pittsburgh,,1.943679780562723
1208,pittsburgh,,0.8007876731190186
1209,pittsburgh,,0.7380045467329691
1210,pittsburgh,,1.8010723934858393
1211,pittsburgh,,1.8246048738003093
1212,pittsburgh,,0.668473874655534
1213,pittsburgh,,1.6573723549854258
1214,pittsburgh,,1.9305173413015828
1215,pittsburgh,,1.496300889084905
1216,pittsburgh,,0.6338507994023059
1217,pittsburgh,,0.775019121809471
1218,pittsburgh,,0.78672609337801
1219,pittsburgh,,0.9379227555955527
1220,pittsburgh,,0.6630272492670607
1221,pittsburgh,,1.7812103318688535
1222,pittsburgh,,-0.23827434573692888
1223,pittsburgh,,0.765316630588967
1224,pittsburgh,,0.8611113749594287
1225,pittsburgh,,0.6920557047993341
1226,pittsburgh,,2.0923807100786678
1227,pittsburgh,,1.0379273069104742
1228,pittsburgh,,0.4620565980393716
1229,pittsburgh,,0.9546991400958043
1230,pittsburgh,,0.9869876050943439
1231,pittsburgh,,-0.162221922913243
1232,pittsburgh,,1.0804201154130537
1233,pittsburgh,,1.1073271695785036
1234,pittsburgh,,0.5395479926827166
1235,pittsburgh,,1.0689826352409042
1236,pittsburgh,,1.199827725529331
1237,pittsburgh,,1.356507369824484
1238,pittsburgh,,0.7358513204081096
1239,pittsburgh,,0.731718647744353
1240,pittsburgh,,0.7204883138672229
1241,pittsburgh,,0.004999945627849189
1242,pittsburgh,,1.1695808634648521
1243,pittsburgh,,1.4914119039270366
1244,pittsburgh,,1.4557078123001301
1245,pittsburgh,,0.9886819108492262
1246,pittsburgh,,1.5924176542184871
1247,pittsburgh,,1.3471826938328162
1248,pittsburgh,,1.3305900104307886
1249,pittsburgh,,1.289332527377099
1250,pittsburgh,,1.167905150331575
1251,pittsburgh,,1.699630179354081
1252,pittsburgh,,1.0326912268627044
1253,pittsburgh,,1.0215912866481915
1254,pittsburgh,,1.2719714467635903
1255,pittsburgh,,1.3648829408815129
1256,pittsburgh,,0.9824749259886647
1257,pittsburgh,,1.2478707738618178
1258,pittsburgh,,1.244111906391862
1259,pittsburgh,,0.9088923684081757
1260,pittsburgh,,-0.3911624240282946
1261,pittsburgh,,1.1279089520796237
1262,pittsburgh,,1.0238106747628828
1263,pittsburgh,,0.8924432782019156
1264,pittsburgh,,0.869342609858241
1265,pittsburgh,,1.0815785868611283
1266,pittsburgh,,1.1398343055228906
1267,pittsburgh,,1.0968471130753976
1268,pittsburgh,,0.8836629391456801
1269,pittsburgh,,0.8939531885792317
1270,pittsburgh,,1.5545962041902237
1271,pittsburgh,,1.5257204688878043
1272,pittsburgh,,1.5507984622231232
1273,pittsburgh,,1.001663968138225
1274,pittsburgh,,0.8533102157340202
1275,pittsburgh,,1.5664942438196356
1276,pittsburgh,,1.5945083345356408
1277,pittsburgh,,1.617840537537521
1278,pittsburgh,,1.001408731368172
1279,pittsburgh,,1.108637254508508
1280,pittsburgh,,1.4370916766763848
1281,pittsburgh,,1.5742133557491649
1282,pittsburgh,,1.7024199401746636
1283,pittsburgh,,2.229696667327333
1284,pittsburgh,,1.9103955024310193
1285,pittsburgh,,1.9038351602672994
1286,pittsburgh,,1.8078546633954997
1287,pittsburgh,,2.254333525195134
1288,pittsburgh,,1.8016200641242928
1289,pittsburgh,,2.2764852064953724
1290,pittsburgh,,1.828034954019587
1291,pittsburgh,,1.7590087722140335
1292,pittsburgh,,2.0737141939319423
1293,pittsburgh,,1.9775792393828737
1294,pittsburgh,,1.995307140748133
1295,pittsburgh,,2.1022049045819
1296,pittsburgh,,0.5970420840025619
1297,pittsburgh,,0.941879633336219
1298,pittsburgh,,1.0194616395132656
1299,pittsburgh,,-0.7123464896142403
1300,pittsburgh,,1.077214519174898
1301,pittsburgh,,0.916207526954545
1302,pittsburgh,,1.28358600234988
1303,pittsburgh,,2.3302804842148546
1304,pittsburgh,,2.1979202068334383
1305,pittsburgh,,2.2616674960929575
1306,pittsburgh,,2.8341335112867037
1307,pittsburgh,,2.7019843917619837
1308,pittsburgh,,2.8269582968425837
1309,pittsburgh,,2.752506481397922
1310,pittsburgh,,2.8111431782204304
1311,pittsburgh,,0.8842843029537302
1312,pittsburgh,,0.8455047952914473
1313,pittsburgh,,2.895113868474806
1314,pittsburgh,,2.8656761501655947
1315,pittsburgh,,1.1079748105339804
1316,pittsburgh,,2.7716780351062447
1317,pittsburgh,,3.1573311638560755
1318,pittsburgh,,2.7205546321918903
1319,pittsburgh,,1.3395738076276373
1320,pittsburgh,,0.9293820945142227
1321,pittsburgh,,0.9366616061293567
1322,pittsburgh,,2.9759307915388358
1323,pittsburgh,,3.096361951765155
1324,pittsburgh,,1.383301134021918
1325,pittsburgh,,3.218043402646904
1326,pittsburgh,,3.2218766762003264
1327,pittsburgh,,1.3916060520366003
1328,pittsburgh,,2.7556576146277645
1329,pittsburgh,,3.078526384758657
1330,pittsburgh,,2.764319067245276
1331,pittsburgh,,3.0789748356614144
1332,pittsburgh,,3.2220306736410556
1333,pittsburgh,,3.004884784986382
1334,pittsburgh,,2.799746688563118
1335,pittsburgh,,2.619023981098059
1336,pittsburgh,,2.958291741207653
1337,pittsburgh,,2.5246377940414972
1338,pittsburgh,,2.3501554252182255
1339,pittsburgh,,2.739685654762092
1340,pittsburgh,,2.267698376193184
1341,pittsburgh,,3.0630874490783704
1342,pittsburgh,,2.5265266957339167
1343,pittsburgh,,3.0382767640160218
1344,pittsburgh,,2.5387675476095497
1345,pittsburgh,,2.3668639344161475
1346,pittsburgh,,2.5445767681727083
1347,pittsburgh,,2.9139733010550013
1348,pittsburgh,,2.9256164523448143
1349,pittsburgh,,2.9786690543883756
1350,pittsburgh,,2.8772874470093805
1351,pittsburgh,,2.991924963155736
1352,pittsburgh,,2.8992615412444973
1353,pittsburgh,,2.3580226190959643
1354,pittsburgh,,2.356582168306302
1355,pittsburgh,,2.9867038329458517
1356,pittsburgh,,2.7884457978483153
1357,pittsburgh,,2.784133720073543
1358,pittsburgh,,2.9570128814625627
1359,pittsburgh,,2.9502861179212005
1360,pittsburgh,,2.231705520648521
1361,pittsburgh,,3.101463436648761
1362,pittsburgh,,3.0177885691775246
1363,pittsburgh,,2.1613938269969837
1364,pittsburgh,,3.0583628791122934
1365,pittsburgh,,3.0202444587513697
1366,pittsburgh,,1.94568553067723
1367,pittsburgh,,3.1243602760372675
1368,pittsburgh,,3.12032421791245
1369,pittsburgh,,1.9620324604389905
1370,pittsburgh,,1.9252369868669963
1371,pittsburgh,,1.963596467812944
1372,pittsburgh,,2.9142908852456118
1373,pittsburgh,,2.86274251387373
1374,pittsburgh,,2.995565778715083
1375,pittsburgh,,2.9717332938555305
1376,pittsburgh,,3.05245445635188
1377,pittsburgh,,3.083293271471133
1378,pittsburgh,,2.9042477505817974
1379,pittsburgh,,2.9073869069011
1380,pittsburgh,,3.047153119289672
1381,pittsburgh,,3.02921051728093
1382,pittsburgh,,2.7957035865493225
1383,pittsburgh,,2.8049850659021818
1384,pittsburgh,,2.2108410350966605
1385,pittsburgh,,2.1383128582028412
1386,pittsburgh,,2.1886142395768
1387,pittsburgh,,1.065672369737973
1388,pittsburgh,,1.1993742023878573
1389,pittsburgh,,-0.29472135105496955
1390,pittsburgh,,-0.16015893904220332
1391,pittsburgh,,1.1696986376235654
1392,pittsburgh,,1.174425328466643
1393,pittsburgh,,1.3597981070253455
1394,pittsburgh,,1.4794555641159652
1395,pittsburgh,,1.4537896668300536
1396,pittsburgh,,1.594647906530332
1397,pittsburgh,,1.2893045712218818
1398,pittsburgh,,1.344878382932703
1399,pittsburgh,,1.1061853187634079
1400,pittsburgh,,1.1225245877174446
1401,pittsburgh,,2.0542441250249586
1402,pittsburgh,,1.9440951474654207
1403,pittsburgh,,2.151393655704117
1404,pittsburgh,,1.8553354959981998
1405,pittsburgh,,2.0391054417179877
1406,pittsburgh,,1.3777286727380118
1407,pittsburgh,,0.9262967198332054
1408,pittsburgh,,1.2765101924214228
1409,pittsburgh,,0.9256736931016283
1410,pittsburgh,,1.1337549119811063
1411,pittsburgh,,0.8614544687077345
1412,pittsburgh,,1.0003870452847061
1413,pittsburgh,,1.071415367459566
1414,pittsburgh,,0.9709815726074582
1415,pittsburgh,,0.9324197545215736
1416,pittsburgh,,0.862909864594162
1417,pittsburgh,,-0.3835430546532213
1418,pittsburgh,,0.8487797565406654
1419,pittsburgh,,1.025657045811549
1420,pittsburgh,,0.9608843661964553
1421,pittsburgh,,0.8907806213579323
1422,pittsburgh,,-0.7021662633091105
1423,pittsburgh,,-0.5875536222699458
1424,pittsburgh,,0.059951011522657915
1425,pittsburgh,,0.0760952440219278
1426,pittsburgh,,0.15208319034161077
1427,pittsburgh,,0.10266186283936363
1428,pittsburgh,,0.021832684788270714
1429,pittsburgh,,0.09916598381622621
1430,pittsburgh,,-0.08651667978451813
1431,pittsburgh,,-0.12104739929684535
1432,pittsburgh,,-0.10893922492239291
1433,pittsburgh,,-0.18962634732441125
1434,pittsburgh,,-0.1579584800555825
1435,pittsburgh,,-0.1992159631092722
1436,pittsburgh,,-0.32874501682413015
1437,pittsburgh,,-0.7447166029147126
1438,pittsburgh,,-0.6070421757681613
1439,pittsburgh,,-0.7684845007608598
1440,pittsburgh,,-0.6518872660439109
1441,pittsburgh,,-0.6531277297780967
1442,pittsburgh,,-0.580386326049462
1443,pittsburgh,,-0.26635328455805335
1444,pittsburgh,,-0.21824381690219183
1445,pittsburgh,,-0.19169347811144832
1446,pittsburgh,,-0.2400338181273377
1447,pittsburgh,,-0.17285854019563351
1448,pittsburgh,,-0.391281562602573
1449,pittsburgh,,-0.2966584221207414
1450,pittsburgh,,-0.16828962555704877
1451,pittsburgh,,-0.04418056386827121
1452,pittsburgh,,-0.11486153313551704
1453,pittsburgh,,-0.1543643292063546
1454,pittsburgh,,-0.20203528163890974
1455,pittsburgh,,0.2082972943841991
1456,pittsburgh,,0.049994125710803056
1457,pittsburgh,,0.27354491858358143
1458,pittsburgh,,-0.1853307598618336
1459,pittsburgh,,-0.21178936312452593
1460,pittsburgh,,-0.1009744949445038
1461,pittsburgh,,0.4710181082721898
1462,pittsburgh,,-0.17489803230300405
1463,pittsburgh,,-0.06284024715424226
1464,pittsburgh,,-0.1803812288993356
1465,pittsburgh,,-0.2642415477149874
1466,pittsburgh,,-0.18368000413694655
1467,pittsburgh,,-0.2688856756608709
1468,pittsburgh,,-0.01664980417022017
1469,pittsburgh,,-0.5124032822283959
1470,pittsburgh,,-0.317247412593764
1471,pittsburgh,,-0.8498486320619156
1472,pittsburgh,,1.579439718855603
1473,pittsburgh,,1.699901420493163
1474,pittsburgh,,-0.2551817144202572
1475,pittsburgh,,-0.1656636806957115
1476,pittsburgh,,-0.15265860451574412
1477,pittsburgh,,1.606954899720054
1478,pittsburgh,,1.6311712484689591
1479,pittsburgh,,1.6359678509682594
1480,pittsburgh,,-0.4466222557767502
1481,pittsburgh,,-0.6295902241018086
1482,pittsburgh,,-0.650519474648727
1483,pittsburgh,,-0.5397521016676253
1484,pittsburgh,,1.4895576261581727
1485,pittsburgh,,1.42987885461352
1486,pittsburgh,,-0.22459422593423328
1487,pittsburgh,,-0.3667531621083595
1488,pittsburgh,,0.7532301834853294
1489,pittsburgh,,0.6796687486756231
1490,pittsburgh,,0.7752042777204469
1491,pittsburgh,,0.8538929527460908
1492,pittsburgh,,0.8682433816343307
1493,pittsburgh,,0.8015249731690073
1494,pittsburgh,,0.8695887343426033
1495,pittsburgh,,-1.1062487007554707
1496,pittsburgh,,-0.45870722346349224
1497,pittsburgh,,1.1899983261014833
1498,pittsburgh,,1.2397732198252416
1499,pittsburgh,,0.5215102550103907
1500,pittsburgh,,1.0208485214561436
1501,pittsburgh,,0.8625481716172307
1502,pittsburgh,,1.0450676890395314
1503,pittsburgh,,1.1294409031008652
1504,pittsburgh,,1.4245372265432554
1505,pittsburgh,,1.8714561636295843
1506,pittsburgh,,1.8712694181756844
1507,pittsburgh,,1.7676177061372091
1508,pittsburgh,,1.5024718902531047
1509,pittsburgh,,1.9919216879937784
1510,pittsburgh,,1.6108542893563178
1511,pittsburgh,,0.07652257956369221
1512,pittsburgh,,1.2252992779029455
1513,pittsburgh,,1.4229436219232585
1514,pittsburgh,,1.0898671052701816
1515,pittsburgh,,1.428657253935776
1516,pittsburgh,,1.5627477397148757
1517,pittsburgh,,1.6440436293785747
1518,pittsburgh,,1.328110403340823
1519,pittsburgh,,1.3776199253631336
1520,pittsburgh,,1.2639819242465011
1521,pittsburgh,,1.3119476153176715
1522,pittsburgh,,1.1677941497863098
1523,pittsburgh,,1.2674198133400705
1524,pittsburgh,,1.1481355672470386
1525,pittsburgh,,0.8445883650323109
1526,pittsburgh,,0.8119211257094083
1527,pittsburgh,,0.7557458154145791
1528,pittsburgh,,0.8920648396176676
1529,pittsburgh,,0.7920578622814731
1530,pittsburgh,,0.8950107798489431
1531,pittsburgh,,0.7717626964085976
1532,pittsburgh,,0.7690719909920526
1533,pittsburgh,,0.9228584215874657
1534,pittsburgh,,0.754471589443923
1535,pittsburgh,,0.7486417277080755
1536,pittsburgh,,0.9845404642291081
1537,pittsburgh,,0.8238701470169105
1538,pittsburgh,,0.7718063821761554
1539,pittsburgh,,0.8809433461408662
1540,pittsburgh,,0.7354381732852404
1541,pittsburgh,,1.7512177380474785
1542,pittsburgh,,0.8275333773922369
1543,pittsburgh,,1.8655727182506399
1544,pittsburgh,,1.949616166840657
1545,pittsburgh,,1.6089777351812782
1546,pittsburgh,,1.7899418196852495
1547,pittsburgh,,1.7764882926025243
1548,pittsburgh,,1.2060105099481773
1549,pittsburgh,,1.2288815059888094
1550,pittsburgh,,1.2571339128625318
1551,pittsburgh,,1.1403802464993729
1552,pittsburgh,,1.2406005505674422
1553,pittsburgh,,1.081943155600957
1554,pittsburgh,,0.7949316399648595
1555,pittsburgh,,0.6990547323031973
1556,pittsburgh,,0.30230628962494627
1557,pittsburgh,,0.6682196355676735
1558,pittsburgh,,0.7439290841219391
1559,pittsburgh,,0.6619591834562566
1560,pittsburgh,,0.7377240676570616
1561,pittsburgh,,0.8675621270188438
1562,pittsburgh,,1.0953751856196516
1563,pittsburgh,,-0.12810766239549254
1564,pittsburgh,,-0.07421267969536684
1565,pittsburgh,,-1.9409351398718668
1566,pittsburgh,,0.5565095176090981
1567,pittsburgh,,0.38868166502139495
1568,pittsburgh,,0.4231451213563145
1569,pittsburgh,,0.6469200287111869
1570,pittsburgh,,0.6065908346314907
1571,pittsburgh,,0.5756396535379569
1572,pittsburgh,,0.16308777243279254
1573,pittsburgh,,0.24909644531610728
1574,pittsburgh,,-0.18548477094250929
1575,pittsburgh,,1.3536342033643112
1576,pittsburgh,,-0.6060482221754844
1577,pittsburgh,,-1.5225212222895417
1578,pittsburgh,,1.1919923059332929
1579,pittsburgh,,1.0558861222985454
1580,pittsburgh,,1.2387574760846647
1581,pittsburgh,,1.0993625415008108
1582,pittsburgh,,-2.205908418310844
1583,pittsburgh,,-2.0428984973103277
1584,pittsburgh,,-3.1808260507351758
1585,pittsburgh,,-1.6111350248065324
1586,pittsburgh,,0.8644261138579099
1587,pittsburgh,,0.8464297603600208
1588,pittsburgh,,0.8114692437413394
1589,pittsburgh,,0.7299265075488097
1590,pittsburgh,,-0.7176012275872958
1591,pittsburgh,,-0.43642566804066957
1592,pittsburgh,,-0.1784708667058998
1593,pittsburgh,,-0.19799413382422548
1594,pittsburgh,,-0.1019441053408695
1595,pittsburgh,,-0.14630210834664817
1596,pittsburgh,,-0.12241454051771745
1597,pittsburgh,,-0.0877812476886284
1598,pittsburgh,,-3.799351044007977
1599,pittsburgh,,-3.157731986996476
1600,pittsburgh,,-2.9434759825978083
1601,pittsburgh,,-3.097191115124214
1602,pittsburgh,,-1.1631731513389831
1603,pittsburgh,,-2.859441018787201
1604,pittsburgh,,-2.482210025911006
1605,pittsburgh,,-2.1268816422118673
1606,pittsburgh,,-4.6365090858250095
1607,pittsburgh,,-2.1604332601042873
1608,pittsburgh,,-2.272019259983719
1609,pittsburgh,,-4.5577100390781355
1610,pittsburgh,,-3.2224710195096304
1611,pittsburgh,,-2.72556756194364
1612,pittsburgh,,-2.7116093179040903
1613,pittsburgh,,-2.7062279070710002
1614,pittsburgh,,-2.8801196423845092
1615,pittsburgh,,-2.689249226963315
1616,pittsburgh,,-2.6349242135325586
1617,pittsburgh,,-2.4719812671163854
1618,pittsburgh,,-2.7034956692656764
1619,pittsburgh,,-2.925893068519447
1620,pittsburgh,,-1.878330501084305
1621,pittsburgh,,-2.4548986004228213
1622,pittsburgh,,-2.6769012781809103
1623,pittsburgh,,-0.5639272082932985
1624,pittsburgh,,-1.6301700779970691
1625,pittsburgh,,-0.9454473389575827
1626,pittsburgh,,-2.518974778013592
1627,pittsburgh,,-2.2689452534810064
1628,pittsburgh,,-2.583707986865066
1629,pittsburgh,,-2.608821237419486
1630,pittsburgh,,-2.9317058874048834
1631,pittsburgh,,-2.780577933175607
1632,pittsburgh,,-3.152110511169956
1633,pittsburgh,,-2.9294636328910957
1634,pittsburgh,,-2.9707211159447855
1635,pittsburgh,,-3.152110511169956
1636,pittsburgh,,-4.161458932025049
1637,pittsburgh,,1.3454127923275487
1638,pittsburgh,,-0.9894600371903212
1639,pittsburgh,,-0.9065047362137685
1640,pittsburgh,,0.020775819776539903
1641,pittsburgh,,0.066149434725929
1642,pittsburgh,,0.06345872930938405
1643,pittsburgh,,0.2221226148222677
1644,pittsburgh,,0.8432005828892905
1645,pittsburgh,,0.8740295040148248
1646,pittsburgh,,0.3638652008304131
1647,pittsburgh,,0.4352630698966706
1648,pittsburgh,,0.8319861538380288
1649,pittsburgh,,0.5004721518947312
1650,pittsburgh,,0.8400582700876638
1651,pittsburgh,,0.476145569536676
1652,pittsburgh,,0.34699170954251707
1653,pittsburgh,,0.5496915175889054
1654,pittsburgh,,0.6559240077792869
1655,pittsburgh,,0.8271149833789067
1656,pittsburgh,,0.8073831436575767
1657,pittsburgh,,0.934232959666738
1658,pittsburgh,,0.9727997373038827
1659,pittsburgh,,1.0140572203575722
1660,pittsburgh,,0.8827980095404581
1661,pittsburgh,,1.222816322627907
1662,pittsburgh,,1.043791883630399
1663,pittsburgh,,1.157698412930803
1664,pittsburgh,,1.3545487248042556
1665,pittsburgh,,1.1119564208495385
1666,pittsburgh,,1.3526994414106919
1667,pittsburgh,,1.4655247753386282
1668,pittsburgh,,1.25142465160712
1669,pittsburgh,,1.5536805600656722
1670,pittsburgh,,1.3725063953516439
1671,pittsburgh,,1.3473735103601356
1672,pittsburgh,,1.0368675017736724
1673,pittsburgh,,1.4787892593051704
1674,pittsburgh,,1.6716231474908936
1675,pittsburgh,,1.469310000876053
1676,pittsburgh,,1.567969199482702
1677,pittsburgh,,1.7413838700056987
1678,pittsburgh,,1.364863095567678
1679,pittsburgh,,1.1023413335762666
1680,pittsburgh,,1.459444081015388
1681,pittsburgh,,1.7196073940859458
1682,pittsburgh,,2.3996984031532165
1683,pittsburgh,,0.9285821566558444
1684,pittsburgh,,1.8472686804271916
1685,pittsburgh,,1.9691969286065065
1686,pittsburgh,,2.4709516993209344
1687,pittsburgh,,2.734740014643732
1688,pittsburgh,,1.8709861809026151
1689,pittsburgh,,1.4223266005918478
1690,pittsburgh,,1.80840067283193
1691,pittsburgh,,2.1225671373495705
1692,pittsburgh,,0.6786808910484995
1693,pittsburgh,,1.4849257087016827
1694,pittsburgh,,0.5357971998958109
1695,pittsburgh,,0.7434326985715185
1696,pittsburgh,,1.1074084102329629
1697,pittsburgh,,1.183279175696174
1698,pittsburgh,,1.1625594151238376
1699,pittsburgh,,0.8808180570273973
1700,pittsburgh,,1.2244103824852712
1701,pittsburgh,,0.9349185033499824
1702,pittsburgh,,1.2887489963246337
1703,pittsburgh,,2.8689828269689883
1704,pittsburgh,,1.7770590079333066
1705,pittsburgh,,1.9535259093543438
1706,pittsburgh,,2.077834406943327
1707,pittsburgh,,1.827652424651652
1708,pittsburgh,,2.902616644675801
1709,pittsburgh,,1.8881932965239139
1710,pittsburgh,,2.188065731496515
1711,pittsburgh,,1.9567783428619494
1712,pittsburgh,,2.9147248190502535
1713,pittsburgh,,2.3802331324345283
1714,pittsburgh,,2.045571621607934
1715,pittsburgh,,2.9304206006467655
1716,pittsburgh,,2.8763964142152623
1717,pittsburgh,,2.148715329242158
1718,pittsburgh,,2.8976836847454686
1719,pittsburgh,,2.9281783461329782
1720,pittsburgh,,2.161720405422125
1721,pittsburgh,,2.6290077076178062
1722,pittsburgh,,2.6833782824062067
1723,pittsburgh,,2.6022767789951073
1724,pittsburgh,,2.671014201106969
1725,pittsburgh,,2.5659522558717502
1726,pittsburgh,,2.658155554774673
1727,pittsburgh,,2.5810499412842454
1728,pittsburgh,,2.7297410312069705
1729,pittsburgh,,2.6726835707280343
1730,pittsburgh,,2.62335397142471
1731,pittsburgh,,-1.507489985560735
1732,pittsburgh,,-1.455021229938108
1733,pittsburgh,,-0.16786646976498334
1734,pittsburgh,,-0.452841371380909
1735,pittsburgh,,-1.1417681648266604
1736,pittsburgh,,-1.3063496461386617
1737,pittsburgh,,-1.1480464774652657
1738,pittsburgh,,0.3884044986043043
1739,pittsburgh,,-0.33758948937223254
1740,pittsburgh,,0.2753811052260546
1741,pittsburgh,,0.26282447994884467
1742,pittsburgh,,-1.1158564462807008
1743,pittsburgh,,-0.0024142740424271465
1744,pittsburgh,,-1.1239285625303357
1745,pittsburgh,,-1.026763351117933
1746,pittsburgh,,-1.3155134325537614
1747,pittsburgh,,-1.1546656922961502
1748,pittsburgh,,-0.9970137369319284
1749,pittsburgh,,-1.0006013441539885
1750,pittsburgh,,-2.0795521881041523
1751,pittsburgh,,-1.301531380797397
1752,pittsburgh,,-1.012709518528441
1753,pittsburgh,,-1.0293022019304683
1754,pittsburgh,,-0.004029858512459478
1755,pittsburgh,,-0.1169471285254283
1756,pittsburgh,,-0.09452458338755348
1757,pittsburgh,,-0.15954996428739046
1758,pittsburgh,,-2.2394495879502587
1759,pittsburgh,,-3.5463361878447137
1760,pittsburgh,,-2.191913792257964
1761,pittsburgh,,0.207713206032542
1762,pittsburgh,,0.2506488168501296
1763,pittsburgh,,0.17542474103400224
1764,pittsburgh,,0.21432429372677242
1765,pittsburgh,,-2.179556739419074
1766,pittsburgh,,-0.4109620292407832
1767,pittsburgh,,-3.893534771201155
1768,pittsburgh,,0.3353421084854784
1769,pittsburgh,,-0.10781926921190621
1770,pittsburgh,,0.36173412306326697
1771,pittsburgh,,-0.812689962875837
1772,pittsburgh,,0.39193293825880954
1773,pittsburgh,,0.2679607453440745
1774,pittsburgh,,-0.4717606491869634
1775,pittsburgh,,0.7407659511329314
1776,pittsburgh,,0.179815661254514
1777,pittsburgh,,-0.16412648637764485
1778,pittsburgh,,-4.627119916205219
1779,pittsburgh,,-0.9339639028607369
1780,pittsburgh,,0.19375260689060184
1781,pittsburgh,,0.42564177738086406
1782,pittsburgh,,-2.006668721038644
1783,pittsburgh,,-1.2016055166966073
1784,pittsburgh,,-4.268731521537228
1785,pittsburgh,,-4.268731521537228
1786,pittsburgh,,-3.6235671085720274
1787,pittsburgh,,-3.6249124612803
1788,pittsburgh,,-0.4693826505696924
1789,pittsburgh,,-3.238497219837813
1790,pittsburgh,,-1.9326826543704327
1791,pittsburgh,,0.3148346422136474
1792,pittsburgh,,0.4778218923529381
1793,pittsburgh,,-3.1911365567670775
1794,pittsburgh,,-3.1911365567670775
1795,pittsburgh,,-3.1911365567670775
1796,pittsburgh,,-3.4131392345251674
1797,pittsburgh,,-3.3511277888838236
1798,pittsburgh,,-2.046776596105575
1799,pittsburgh,,0.3330367772914222
1800,pittsburgh,,-1.809483259694455
1801,pittsburgh,,-1.860065854224132
1802,pittsburgh,,1.921352578524918
1803,pittsburgh,,0.3499038147499364
1804,pittsburgh,,-1.6574241551457167
1805,pittsburgh,,-1.760942546641902
1806,pittsburgh,,0.2614943998933046
1807,pittsburgh,,-0.308033153303275
1808,pittsburgh,,-1.5382563293983236
1809,pittsburgh,,-0.3541251624733222
1810,pittsburgh,,-2.3335915759319645
1811,pittsburgh,,2.0519543645441116
1812,pittsburgh,,1.8959667075665616
1813,pittsburgh,,-1.842354499091355
1814,pittsburgh,,-2.102440734752239
1815,pittsburgh,,0.9957906828182805
1816,pittsburgh,,0.8477210105390808
1817,pittsburgh,,0.9517616199788198
1818,pittsburgh,,0.4918467433676433
1819,pittsburgh,,1.6102588262756117
1820,pittsburgh,,1.1241233548737075
1821,pittsburgh,,1.016974047099864
1822,pittsburgh,,-1.644954566584805
1823,pittsburgh,,-1.593571463017344
1824,pittsburgh,,0.5576424079690847
1825,pittsburgh,,0.7375098124369581
1826,pittsburgh,,0.6511736485532835
1827,pittsburgh,,0.6078689090779242
1828,pittsburgh,,-1.4339229416356754
1829,pittsburgh,,0.5957840542978246
1830,pittsburgh,,0.9262690500357466
1831,pittsburgh,,1.4829345964022178
1832,pittsburgh,,1.4530692750970797
1833,pittsburgh,,1.4633739674846695
1834,pittsburgh,,1.3087269449714594
1835,pittsburgh,,1.4645705234633022
1836,pittsburgh,,1.5074145134368249
1837,pittsburgh,,1.3076740127796769
1838,pittsburgh,,2.0306384854216
1839,pittsburgh,,2.2103357656086153
1840,pittsburgh,,0.13916522447222962
1841,pittsburgh,,2.8374956877628215
1842,pittsburgh,,2.892655148801994
1843,pittsburgh,,2.292076905580923
1844,pittsburgh,,1.160463600750682
1845,pittsburgh,,2.345442563009065
1846,pittsburgh,,3.0184315363191327
1847,pittsburgh,,-0.358141017669402
1848,pittsburgh,,-0.6564779730303623
1849,pittsburgh,,0.9501556141148939
1850,pittsburgh,,0.4491172895017706
1851,pittsburgh,,0.8280968947939723
1852,pittsburgh,,0.917165245402957
1853,pittsburgh,,1.4961426060703114
1854,pittsburgh,,1.5695478461162473
1855,pittsburgh,,1.434066146631675
1856,pittsburgh,,1.1916618412636704
1857,pittsburgh,,0.9756026816623725
1858,pittsburgh,,0.096310025325594
1859,pittsburgh,,1.5979243521870525
1860,pittsburgh,,1.5431400458769107
1861,pittsburgh,,1.3021956348315429
1862,pittsburgh,,1.2927781658736357
1863,pittsburgh,,1.2936750676791504
1864,pittsburgh,,0.7547248166279114
1865,pittsburgh,,0.7937400451678135
1866,pittsburgh,,0.9192185638766414
1867,pittsburgh,,0.5062830165002585
1868,pittsburgh,,0.48949552061667584
1869,pittsburgh,,0.7261357972264803
1870,pittsburgh,,-0.15241139214860194
1871,pittsburgh,,0.08886968991185025
1872,pittsburgh,,-0.028144600586199532
1873,pittsburgh,,0.0005844016629330189
1874,pittsburgh,,0.014152119910390747
1875,pittsburgh,,-0.05563407409282598
1876,pittsburgh,,-0.030866701124401187
1877,pittsburgh,,2.5059657988281434
1878,pittsburgh,,2.498342133481266
1879,pittsburgh,,2.617516610815893
1880,pittsburgh,,-0.31734997539894194
1881,pittsburgh,,2.4929607226481765
1882,pittsburgh,,-0.6302924567530999
1883,pittsburgh,,-0.36274013111638814
1884,pittsburgh,,2.355744194840998
1885,pittsburgh,,2.5362217763559776
1886,pittsburgh,,2.315270150031159
1887,pittsburgh,,2.338351224172395
1888,pittsburgh,,1.7151919193887524
1889,pittsburgh,,0.8417342640939648
1890,pittsburgh,,0.8284032411069828
1891,pittsburgh,,0.8907379165902748
1892,pittsburgh,,1.0431804549601316
1893,pittsburgh,,0.8853515462059247
1894,pittsburgh,,0.970562177281109
1895,pittsburgh,,1.1073089340544537
1896,pittsburgh,,2.000603187314294
1897,pittsburgh,,2.335589430720232
1898,pittsburgh,,0.13639425927122475
1899,pittsburgh,,2.2541430863710534
1900,pittsburgh,,-0.43890411036530397
1901,pittsburgh,,1.9603560717372372
1902,pittsburgh,,2.256644592375887
1903,pittsburgh,,2.185852272887322
1904,pittsburgh,,2.084766386013806
1905,pittsburgh,,-0.43890411036530397
1906,pittsburgh,,-0.38564023870040354
1909,pittsburgh,,-0.4899351557977384
1912,pittsburgh,,-0.4899351557977384
1914,pittsburgh,,-0.8219964640896436
1915,pittsburgh,,-3.3394181833416647
1916,pittsburgh,,-0.4899351557977384
1917,pittsburgh,,-0.4899351557977384
1918,pittsburgh,,-0.4899351557977384
1919,pittsburgh,,-0.4899351557977384
1920,pittsburgh,,-1.6693299864416353
1921,pittsburgh,,-3.0358528961104474
1922,pittsburgh,,-0.45540443628541116
1923,pittsburgh,,0.11801074334216492
1924,pittsburgh,,0.09919424478067397
1925,pittsburgh,,-0.30569513093813494
1926,pittsburgh,,0.2911361101717702
1927,pittsburgh,,-0.20007872968000925
1928,pittsburgh,,-0.09134620716664092
1929,pittsburgh,,-0.129464533901028
1930,pittsburgh,,0.4875421188220765
1931,pittsburgh,,0.4431454794490843
1932,pittsburgh,,-0.04067125515504381
1933,pittsburgh,,-0.04022280425228623
1934,pittsburgh,,1.3337799996569961
1935,pittsburgh,,1.5809455437551896
1936,pittsburgh,,1.6384067989024589
1937,pittsburgh,,-1.79168821751134
1938,pittsburgh,,-1.79168821751134
1939,pittsburgh,,-1.7313735532422903
1940,pittsburgh,,-1.7313735532422903
1942,pittsburgh,,-1.7313735532422903
1943,pittsburgh,,-1.7286828478257454
1944,pittsburgh,,-1.5311187621161064
1945,pittsburgh,,-1.608852622897163
1946,pittsburgh,,-1.6106464265081928
1947,pittsburgh,,-1.6106464265081928
1948,pittsburgh,,-0.5489032695224464
1949,pittsburgh,,-0.13803051439765757
1950,pittsburgh,,-0.11560796925978276
1951,pittsburgh,,0.4814013235609922
1952,pittsburgh,,0.4353371568415623
1953,pittsburgh,,0.5129191630186091
1954,pittsburgh,,0.42143517885607995
1955,pittsburgh,,0.514337811900609
1956,pittsburgh,,0.3560346432272128
1957,pittsburgh,,0.5356726639370737
1958,pittsburgh,,0.026250502672585014
1959,pittsburgh,,0.25677630031149423
1960,pittsburgh,,0.8944350141557963
1961,pittsburgh,,0.8195649574629335
1962,pittsburgh,,0.9755986145037802
1963,pittsburgh,,0.9150559850938059
1964,pittsburgh,,0.9243881250301407
1965,pittsburgh,,0.907211833985095
1966,pittsburgh,,0.8893934678575784
1967,pittsburgh,,1.1475129731144484
1968,pittsburgh,,1.1657782329528612
1969,pittsburgh,,1.5753535545172266
1970,pittsburgh,,-0.790267709316484
1971,pittsburgh,,1.540488611846944
1972,pittsburgh,,1.6708063336271655
1973,pittsburgh,,1.4893427093867102
1974,pittsburgh,,1.6753852470176653
1975,pittsburgh,,-1.182435399753168
1976,pittsburgh,,1.4969663747335875
1977,pittsburgh,,1.474661868439872
1978,pittsburgh,,-0.35119515888871755
1979,pittsburgh,,1.3461970770494236
1980,pittsburgh,,1.583345252138831
1981,pittsburgh,,1.6961283013282145
1982,pittsburgh,,1.6605851497415691
1983,pittsburgh,,1.7213370061420121
1984,pittsburgh,,1.786087607058393
1985,pittsburgh,,0.671480387297138
1986,pittsburgh,,1.8440177107468774
1987,pittsburgh,,1.293519090894322
1988,pittsburgh,,1.2981178276666991
1989,pittsburgh,,1.4737304932822137
1990,pittsburgh,,2.286869884923297
1991,pittsburgh,,1.7213474884921491
1992,pittsburgh,,1.9169942185645115
1993,pittsburgh,,2.3351103055755673
1994,pittsburgh,,2.4802384858336315
1995,pittsburgh,,1.6304807544813729
1996,pittsburgh,,1.7559824202400662
1997,pittsburgh,,1.6301466362819848
1998,pittsburgh,,2.448624310729147
1999,pittsburgh,,1.7047843482703988
2000,pittsburgh,,1.9186153054657273
2001,pittsburgh,,1.728875963225301
2002,pittsburgh,,2.354179709253601
2003,pittsburgh,,2.463994858681893
2004,pittsburgh,,1.5363383259773244
2005,pittsburgh,,1.4867774401236618
2006,pittsburgh,,1.4957464581788116
2007,pittsburgh,,1.5008726325125175
2008,pittsburgh,,1.8200762785195435
2009,pittsburgh,,1.716380727846468
2010,pittsburgh,,2.86143537386612
2011,pittsburgh,,2.810382069420618
2012,pittsburgh,,0.709669374507533
2013,pittsburgh,,1.7657481502799417
2014,pittsburgh,,1.7706811102102742
2015,pittsburgh,,1.7129587147872634
2016,pittsburgh,,2.619096131294554
2017,pittsburgh,,2.737214473802293
2018,pittsburgh,,1.5533857437984167
2019,pittsburgh,,2.810929789693263
2020,pittsburgh,,2.5364278688129787
2021,pittsburgh,,2.694332554976314
2022,pittsburgh,,2.664294293181203
2023,pittsburgh,,1.6190652859896812
2024,pittsburgh,,1.5066786852263698
2025,pittsburgh,,1.5887185179656047
2026,pittsburgh,,1.4185450189864122
2027,pittsburgh,,1.4671956955782983
2028,pittsburgh,,1.3880965600926127
2029,pittsburgh,,1.6725862090412313
2030,pittsburgh,,1.3159760131501
2031,pittsburgh,,1.420522721522519
2032,pittsburgh,,2.089258318710558
2033,pittsburgh,,1.5556517599048132
2034,pittsburgh,,1.9075596809086095
2035,pittsburgh,,1.5704483668542244
2036,pittsburgh,,2.139393234290956
2037,pittsburgh,,1.9482771275310997
2038,pittsburgh,,2.155089015887468
2039,pittsburgh,,1.394389117783971
2040,pittsburgh,,1.4399295559903564
2041,pittsburgh,,1.4798635573387964
2042,pittsburgh,,1.7171945233834072
2043,pittsburgh,,1.4048570107060647
2044,pittsburgh,,1.7040075981202119
2045,pittsburgh,,1.4086054613596706
2046,pittsburgh,,1.423422689969079
2047,pittsburgh,,1.3310451208007155
2048,pittsburgh,,2.035471081945619
2049,pittsburgh,,1.2672743190875646
2050,pittsburgh,,1.3524799906114888
2051,pittsburgh,,1.5768024453033254
2052,pittsburgh,,1.7653879626384739
2053,pittsburgh,,2.0067149024218445
2054,pittsburgh,,1.4585029925037882
2055,pittsburgh,,2.1260743739545838
2056,pittsburgh,,1.562387714227741
2057,pittsburgh,,1.3431970085425669
2058,pittsburgh,,1.2418628533153442
2059,pittsburgh,,2.129661981176644
2060,pittsburgh,,2.408092863734017
2061,pittsburgh,,1.3745934310494592
2062,pittsburgh,,1.3979621488645968
2063,pittsburgh,,1.367251056275172
2064,pittsburgh,,1.3833228239489856
2065,pittsburgh,,1.3745934310494592
2066,pittsburgh,,1.367251056275172
2067,pittsburgh,,0.6729754175679175
2068,pittsburgh,,0.7421382200010889
2069,pittsburgh,,2.835125251774828
2070,pittsburgh,,0.741678518478704
2071,pittsburgh,,0.84540142630275
2072,pittsburgh,,0.8718756876382652
2073,pittsburgh,,0.9096443406895482
2074,pittsburgh,,0.9435198165247211
2075,pittsburgh,,0.9846938866918924
2076,pittsburgh,,1.0304607633056804
2077,pittsburgh,,1.8192373218582176
2078,pittsburgh,,-1.2913360179865547
2079,pittsburgh,,1.5016921723498968
2080,pittsburgh,,2.779782755531293
2081,pittsburgh,,2.88760945043596
2082,pittsburgh,,2.6258815053884375
2083,pittsburgh,,2.8899483194886866
2084,pittsburgh,,-0.8674929357875929
2085,pittsburgh,,-0.0718948435219973
2086,pittsburgh,,-0.10257815270416074
2087,pittsburgh,,-0.1353911706153377
2088,pittsburgh,,-0.15938131176103035
2089,pittsburgh,,3.428224363864807
2090,pittsburgh,,3.47579557709356
2091,pittsburgh,,3.443174529898674
2092,pittsburgh,,3.4412294400447743
2093,pittsburgh,,3.4737516538505613
2094,pittsburgh,,-0.24280446923856727
2095,pittsburgh,,3.3853916245109117
2096,pittsburgh,,1.394722395012204
2097,pittsburgh,,1.8248543583106631
2098,pittsburgh,,1.723504454287469
2099,pittsburgh,,0.9284642957646866
2100,pittsburgh,,1.6822275844577708
2101,pittsburgh,,2.200701604617196
2102,pittsburgh,,1.5804623821911885
2103,pittsburgh,,1.0164888090801594
2104,pittsburgh,,2.264949753694301
2105,pittsburgh,,2.12010011210363
2106,pittsburgh,,2.3743745046661173
2107,pittsburgh,,1.2867845008878709
2108,pittsburgh,,1.3682389289883792
2109,pittsburgh,,2.700943593167727
2110,pittsburgh,,1.3925105994845786
2111,pittsburgh,,1.8256587953237258
2112,pittsburgh,,2.720675432889057
2113,pittsburgh,,1.8342619253733126
2114,pittsburgh,,1.4112383370939194
2115,pittsburgh,,2.4457595427412353
2116,pittsburgh,,1.6247562082367009
2117,pittsburgh,,1.4719707338675758
2118,pittsburgh,,1.7804050155917805
2119,pittsburgh,,2.247190816125924
2120,pittsburgh,,2.2386702489735315
2121,pittsburgh,,1.3147057171539256
2122,pittsburgh,,1.8418547556279508
2123,pittsburgh,,1.79343857630622
2124,pittsburgh,,1.271866432988207
2125,pittsburgh,,0.8313542876729493
2126,pittsburgh,,0.39742911711297035
2127,pittsburgh,,1.0265575865340608
2128,pittsburgh,,0.27219164526084555
2129,pittsburgh,,0.18051284861676095
2130,pittsburgh,,0.32245668857100634
2131,pittsburgh,,0.056855138166365324
2132,pittsburgh,,0.15444658610594594
2133,pittsburgh,,0.0003503244189207806
2134,pittsburgh,,1.703552646136706
2135,pittsburgh,,3.3007690020701226
2136,pittsburgh,,-0.03402801411301177
2137,pittsburgh,,2.569728516005724
2138,pittsburgh,,1.6528106266116513
2139,pittsburgh,,-0.4118312444535777
2140,pittsburgh,,3.2666712467030754
2141,pittsburgh,,-0.40429652000156435
2142,pittsburgh,,2.4858062976318704
2143,pittsburgh,,1.347733962337331
2144,pittsburgh,,1.355794424158926
2145,pittsburgh,,0.7456025456830477
2146,pittsburgh,,0.7161232677819949
2147,pittsburgh,,0.7211079492285538
2148,pittsburgh,,0.47280924006622965
2149,pittsburgh,,0.460203928186616
2150,pittsburgh,,0.27460133835675377
2151,pittsburgh,,2.067051063265802
2152,pittsburgh,,0.42630181508272597
2153,pittsburgh,,1.1536813850787864
2154,pittsburgh,,1.099867276747887
2155,pittsburgh,,2.3056077275685745
2156,pittsburgh,,-0.4614896405226727
2157,pittsburgh,,2.273063738832119
2158,pittsburgh,,2.0168786033748054
2159,pittsburgh,,2.2542288009163043
2160,pittsburgh,,0.6445901102124293
2161,pittsburgh,,0.7593486339896874
2162,pittsburgh,,0.5055991904895158
2163,pittsburgh,,0.34626723528969133
2164,pittsburgh,,0.4636891178668108
2165,pittsburgh,,-0.3937659498458179
2166,pittsburgh,,0.3230588856445481
2167,pittsburgh,,0.4224049058466546
2168,pittsburgh,,-0.1894237084677228
2169,pittsburgh,,0.3867367007878462
2170,pittsburgh,,0.13751476419162126
2171,pittsburgh,,0.0673466563183702
2172,pittsburgh,,-0.2769541422507688
2173,pittsburgh,,-0.011603796292877253
2174,pittsburgh,,-0.011603796292877253
2175,pittsburgh,,1.1911500605212464
2176,pittsburgh,,-0.042590279826883244
2177,pittsburgh,,0.25618059472637106
2178,pittsburgh,,-0.10549307619571603
2179,pittsburgh,,0.21571744016143454
2180,pittsburgh,,-0.4798401625905998
2181,pittsburgh,,2.369175788805202
2182,pittsburgh,,2.2967976063961237
2183,pittsburgh,,2.236510372945064
2184,pittsburgh,,2.2131909260016744
2185,pittsburgh,,2.3458563418618117
2186,pittsburgh,,-0.4164937100530046
2187,pittsburgh,,2.0667545769925666
2188,pittsburgh,,-0.45999344762048167
2189,pittsburgh,,2.0891771221304416
2190,pittsburgh,,2.2519804579042355
2191,pittsburgh,,-0.9411312729997633
2192,pittsburgh,,1.9470415043215268
2193,pittsburgh,,2.0096934681029675
2194,pittsburgh,,2.0868153689492166
2195,pittsburgh,,1.936147520050738
2196,pittsburgh,,2.076052547283037
2197,pittsburgh,,-0.35729819088901515
2198,pittsburgh,,-2.5199778574339233
2199,pittsburgh,,-0.3870108257197981
2200,pittsburgh,,-2.7340643072348323
2201,pittsburgh,,-2.8255754325828786
2202,pittsburgh,,-0.5089894712698371
2203,pittsburgh,,-3.0583292775791078
2204,pittsburgh,,-0.508092569464322
2205,pittsburgh,,-0.5511438561290416
2206,pittsburgh,,-0.3113090351938398
2207,pittsburgh,,-0.2557011232519103
2208,pittsburgh,,-0.15132406978306395
2209,pittsburgh,,-0.9352166179657879
2210,pittsburgh,,-0.8966498403286433
2211,pittsburgh,,-0.2051381781139635
2212,pittsburgh,,-0.7206234958934694
2213,pittsburgh,,-0.7242111031155294
2214,pittsburgh,,0.30364351841519105
2215,pittsburgh,,-0.5955404955020337
2216,pittsburgh,,0.21313535155417143
2217,pittsburgh,,-0.9139329761674672
2218,pittsburgh,,0.312612536470341
2219,pittsburgh,,1.0772189708035274
2220,pittsburgh,,-0.7923120362206137
2221,pittsburgh,,0.9909166537204225
2222,pittsburgh,,1.156422633764651
2223,pittsburgh,,-0.5955404955020337
2224,pittsburgh,,-0.8874743729047748
2225,pittsburgh,,0.23951503932086907
2226,pittsburgh,,0.5029887467718547
2227,pittsburgh,,1.0590060767199396
2228,pittsburgh,,-0.5955404955020337
2229,pittsburgh,,-0.872881942482496
2230,pittsburgh,,-0.6950617944362921
2232,pittsburgh,,0.8644941832970728
2233,pittsburgh,,1.0194674043552712
2234,pittsburgh,,0.7202064554080253
2236,pittsburgh,,1.5849022032612636
2237,pittsburgh,,0.7780722799365657
2238,pittsburgh,,1.039854144348077
2239,pittsburgh,,-0.6201332823591871
2240,pittsburgh,,0.9497962079582022
2241,pittsburgh,,-3.9138801616065195
2242,pittsburgh,,-0.5907891611983945
2243,pittsburgh,,0.9067449212934826
2247,pittsburgh,,-0.8279937771976444
2248,pittsburgh,,-0.7776409998242125
2249,pittsburgh,,-0.7785379016297276
2251,pittsburgh,,-0.7587350917169831
2253,pittsburgh,,-0.8478890873024537
2254,pittsburgh,,-0.8172747559321607
2255,pittsburgh,,-0.8172747559321607
2256,pittsburgh,,-0.8172747559321607
2258,pittsburgh,,1.2926768460040763
2259,pittsburgh,,1.1465965904158053
2260,pittsburgh,,1.1936908363106102
2261,pittsburgh,,1.2653213409358688
2262,pittsburgh,,1.1960809821944396
2263,pittsburgh,,2.058866326555365
2264,pittsburgh,,1.2367352218700618
2265,pittsburgh,,1.1814813564679647
2266,pittsburgh,,1.0790600154340646
2267,pittsburgh,,1.1700553430770282
2268,pittsburgh,,1.2757767382912404
2269,pittsburgh,,1.1778101710285147
2270,pittsburgh,,-3.716152915593569
2271,pittsburgh,,2.0754674661056898
2272,pittsburgh,,1.2763884521607165
2273,pittsburgh,,1.9190512652389071
2274,pittsburgh,,1.2671966798401504
2275,pittsburgh,,-3.3208329588599437
2276,pittsburgh,,1.3206499347934486
2277,pittsburgh,,1.2901824145914553
2278,pittsburgh,,-0.1303508279599539
2279,pittsburgh,,0.0269722389983957
2280,pittsburgh,,1.420042386324375
2281,pittsburgh,,-0.15142802038955627
2282,pittsburgh,,-0.7495757875118799
2283,pittsburgh,,1.5895568275667085
2284,pittsburgh,,0.10227433257798453
2285,pittsburgh,,1.1785809505621316
2286,pittsburgh,,1.2044314840037578
2287,pittsburgh,,-0.5410499395508379
2288,pittsburgh,,-0.5907262039936783
2289,pittsburgh,,-0.5907262039936783
2290,pittsburgh,,1.2712506685146248
2291,pittsburgh,,1.123869940425717
2292,pittsburgh,,1.240272138687899
2293,pittsburgh,,-0.450023145715497
2294,pittsburgh,,1.0432594942252393
2295,pittsburgh,,0.472419850422705
2296,pittsburgh,,1.1438515215302727
2297,pittsburgh,,1.1770368883343272
2298,pittsburgh,,1.2797321450657941
2299,pittsburgh,,1.3182989227029387
2300,pittsburgh,,2.6384505848728366
2301,pittsburgh,,2.1456952901987565
2302,pittsburgh,,1.8112150099648268
2303,pittsburgh,,2.244522636925831
2304,pittsburgh,,2.0827086225628175
2305,pittsburgh,,2.081190113717228
2306,pittsburgh,,2.0299656681974656
2307,pittsburgh,,2.2561261782379742
2308,pittsburgh,,2.300327067992952
2309,pittsburgh,,2.2646467453903667
2310,pittsburgh,,2.3218995456002065
2311,pittsburgh,,2.2937185129120037
2312,pittsburgh,,2.32338615335921
2313,pittsburgh,,2.4015066419386217
2314,pittsburgh,,2.3754919166521855
2315,pittsburgh,,2.354306879983186
2316,pittsburgh,,1.85207191485347
2317,pittsburgh,,1.8272581998586885
2318,pittsburgh,,2.044340934267325
2319,pittsburgh,,2.064587133009365
2320,pittsburgh,,2.1417216711830043
2321,pittsburgh,,2.1645916843242863
2322,pittsburgh,,2.124649989959145
2323,pittsburgh,,2.3325209378787406
2324,pittsburgh,,-1.4696336949058824
2325,pittsburgh,,2.3542373712778546
2326,pittsburgh,,2.9980120273356747
2327,pittsburgh,,2.481340496763121
2328,pittsburgh,,3.192896741593924
2329,pittsburgh,,3.3417244415600367
2330,pittsburgh,,3.3526928583086284
2331,pittsburgh,,3.2978315748370965
2332,pittsburgh,,3.391652765101236
2333,pittsburgh,,3.323287836927417
2334,pittsburgh,,2.7675458360564544
2335,pittsburgh,,0.71005395986134
2336,pittsburgh,,0.7096055089585825
2337,pittsburgh,,0.839869144600465
2338,pittsburgh,,0.8327955387784751
2339,pittsburgh,,0.8269656770426276
2340,pittsburgh,,0.9326984814712667
2341,pittsburgh,,0.9830634561200474
2342,pittsburgh,,0.9820280807745911
2343,pittsburgh,,1.3195621293595035
2344,pittsburgh,,0.911850629735038
2345,pittsburgh,,1.356626327745318
2346,pittsburgh,,0.474953665993724
2347,pittsburgh,,0.672262634925701
2348,pittsburgh,,0.8952601701031129
2349,pittsburgh,,0.24271091888907392
2350,pittsburgh,,0.4326880647133399
2351,pittsburgh,,0.11035326652602265
2352,pittsburgh,,0.14939248492506574
2353,pittsburgh,,0.06374841273357405
2354,pittsburgh,,0.11284229434762502
2355,pittsburgh,,-0.049386983054568415
2356,pittsburgh,,-0.06504872455674988
2357,pittsburgh,,-4.000955417644201
2358,pittsburgh,,-4.901867254693593
2359,pittsburgh,,-2.476727569401249
2360,pittsburgh,,-2.6817534156185654
2361,pittsburgh,,-2.5283908671678907
2362,pittsburgh,,-2.7683199266082394
2363,pittsburgh,,-2.7683199266082394
2364,pittsburgh,,-2.967964646241859
2365,pittsburgh,,-1.3553907242213326
2366,pittsburgh,,-2.3352275207262227
2367,pittsburgh,,-1.3831274170148895
2368,pittsburgh,,-3.8434345466139614
2369,pittsburgh,,-1.3087721646823012
2370,pittsburgh,,-2.4597507378604764
2371,pittsburgh,,-1.34946645812256
2372,pittsburgh,,-1.3839971776348874
2373,pittsburgh,,-1.3094742540062607
2374,pittsburgh,,-1.2406390225848185
2375,pittsburgh,,-2.6817534156185654
2376,pittsburgh,,-2.095694490317748
2377,pittsburgh,,-2.2783613426353053
2378,pittsburgh,,-2.2783613426353053
2379,pittsburgh,,-2.190516338777956
2380,pittsburgh,,-2.0283467811332416
2381,pittsburgh,,-2.0278983302304843
2382,pittsburgh,,-3.416281964990512
2383,pittsburgh,,-3.7024931956138056
2384,pittsburgh,,-4.853434557195784
2385,pittsburgh,,-5.006689090091715
2386,pittsburgh,,-4.7204778594684225
2387,pittsburgh,,-5.006689090091715
2388,pittsburgh,,-4.118906007823837
2389,pittsburgh,,-4.640844388844342
2390,pittsburgh,,-0.35357996309972056
2391,pittsburgh,,-0.14098709400714995
2392,pittsburgh,,-4.7204778594684225
2393,pittsburgh,,-1.0344547333400151
2394,pittsburgh,,0.47860663155856925
2395,pittsburgh,,0.48129733697511407
2396,pittsburgh,,0.43779759940763713
2397,pittsburgh,,0.3679820756101165
2398,pittsburgh,,0.588837956111757
2399,pittsburgh,,0.591528661528302
2400,pittsburgh,,-3.646104057713493
2401,pittsburgh,,0.06080224851810844
2402,pittsburgh,,-3.646104057713493
2403,pittsburgh,,0.36783925857746774
2404,pittsburgh,,0.3282737707639818
2405,pittsburgh,,0.2834232739026587
2406,pittsburgh,,-3.007531799539374
2407,pittsburgh,,0.7125344049559457
2408,pittsburgh,,0.4588075286598308
2409,pittsburgh,,0.2143726779858641
2410,pittsburgh,,-3.8681067354715823
2411,pittsburgh,,0.521477192247014
2412,pittsburgh,,0.25458536786399677
2413,pittsburgh,,0.16629402702788695
2414,pittsburgh,,0.14697653797820626
2415,pittsburgh,,0.15607406062738968
2416,pittsburgh,,-4.151615063660034
2417,pittsburgh,,0.29046144008459646
2418,pittsburgh,,0.2592177682616138
2419,pittsburgh,,0.16005606127449598
2420,pittsburgh,,-3.2992439396631945
2421,pittsburgh,,-0.04084994316086219
2422,pittsburgh,,-3.3729730174897896
2423,pittsburgh,,0.21672938338843759
2424,pittsburgh,,1.1346401565277795
2425,pittsburgh,,0.20551811081950017
2426,pittsburgh,,-0.030836131930155247
2427,pittsburgh,,0.8034993230743622
2428,pittsburgh,,0.6310362280651538
2429,pittsburgh,,0.6346238352872139
2430,pittsburgh,,0.6211703082044889
2431,pittsburgh,,-3.007531799539374
2432,pittsburgh,,1.0053511397933605
2433,pittsburgh,,-3.007531799539374
2434,pittsburgh,,-2.468555603896074
2435,pittsburgh,,-2.468555603896074
2436,pittsburgh,,1.26100534578584
2437,pittsburgh,,0.789630497748249
2438,pittsburgh,,-2.5223463938617616
2439,pittsburgh,,-3.0613225895050618
2440,pittsburgh,,1.6150622467075029
2441,pittsburgh,,-4.154317966094876
2442,pittsburgh,,1.4223747093100667
2443,pittsburgh,,1.6056214593843836
2444,pittsburgh,,1.1191373377289222
2445,pittsburgh,,1.6388301445536502
2446,pittsburgh,,1.2262036406890977
2447,pittsburgh,,1.2275489933973702
2448,pittsburgh,,1.2246482098802218
2449,pittsburgh,,1.2158892699256754
2450,pittsburgh,,-1.5390425740167775
2451,pittsburgh,,1.1959473521037418
2452,pittsburgh,,1.1719410814554407
2453,pittsburgh,,1.175977139580258
2454,pittsburgh,,-1.3964351869398937
2455,pittsburgh,,0.7674346341345244
2456,pittsburgh,,-1.3048779066036371
2457,pittsburgh,,0.19048140361450625
2458,pittsburgh,,-0.20378517230044083
2459,pittsburgh,,-0.8507912962772227
2460,pittsburgh,,-1.5516377414953086
2461,pittsburgh,,-1.464189815457597
2462,pittsburgh,,-0.9591066025047843
2463,pittsburgh,,-3.389267966955093
2464,pittsburgh,,-0.4890970990344651
2465,pittsburgh,,-0.504447003044982
2466,pittsburgh,,-3.403050952293763
2467,pittsburgh,,-0.22032775360035942
2468,pittsburgh,,-0.24765993907421383
2469,pittsburgh,,-0.35061285664168373
2470,pittsburgh,,-1.8620458399743782
2471,pittsburgh,,0.8018523226082883
2472,pittsburgh,,-1.1890711703198078
2473,pittsburgh,,-0.7344027614955668
2474,pittsburgh,,-1.0908604226159162
2475,pittsburgh,,-1.89705215157498
2476,pittsburgh,,-0.8486959522275184
2477,pittsburgh,,-0.8254410922975335
2478,pittsburgh,,-3.2512596930681426
2479,pittsburgh,,0.9573105961399888
2480,pittsburgh,,1.080384904349858
2481,pittsburgh,,0.9765987306201087
2482,pittsburgh,,1.0790405345409355
2483,pittsburgh,,-1.0114836299284895
2484,pittsburgh,,0.9780744944070939
2485,pittsburgh,,-1.7864985180923647
2486,pittsburgh,,0.8785183939949298
2487,pittsburgh,,-1.9741341252193638
2488,pittsburgh,,-1.329435319983554
2489,pittsburgh,,-1.5070218774755226
2490,pittsburgh,,-1.4123987369936908
2491,pittsburgh,,-1.629298700593202
2492,pittsburgh,,1.2877647908920853
2493,pittsburgh,,1.3658753217427717
2494,pittsburgh,,-3.007531799539374
2495,pittsburgh,,1.3320770782467966
2496,pittsburgh,,1.327330878051856
2497,pittsburgh,,1.2494372021361297
2498,pittsburgh,,1.255453512549847
2499,pittsburgh,,-3.007531799539374
2500,pittsburgh,,1.2328212003688903
2501,pittsburgh,,-2.178746581684095
2502,pittsburgh,,1.1167317088555182
2503,pittsburgh,,1.0852244698153617
2504,pittsburgh,,-2.775111358881768
2505,pittsburgh,,-2.695477888257688
2506,pittsburgh,,-2.695477888257688
2507,pittsburgh,,-1.2624658621375702
2508,pittsburgh,,1.0650685537593574
2509,pittsburgh,,1.3702829596815624
2510,pittsburgh,,0.8097811207059026
2511,pittsburgh,,1.131997058920032
2512,pittsburgh,,-2.371719285898508
2513,pittsburgh,,2.128979139317722
2514,pittsburgh,,2.272034977297363
2515,pittsburgh,,2.1175416591455725
2516,pittsburgh,,2.417510656855913
2517,pittsburgh,,-2.2143206793230155
2518,pittsburgh,,2.489755908434294
2519,pittsburgh,,2.5998525872130926
2520,pittsburgh,,-3.679363971569788
2521,pittsburgh,,-2.264730310206221
2522,pittsburgh,,2.6696161155617073
2523,pittsburgh,,-2.2167693832055217
2524,pittsburgh,,2.6145713932332084
2525,pittsburgh,,-2.2423310846626987
2526,pittsburgh,,-1.8189941578512172
2527,pittsburgh,,2.662012784562578
2528,pittsburgh,,-2.2423310846626987
2529,pittsburgh,,-1.5266324820865909
2530,pittsburgh,,2.516367744595184
2531,pittsburgh,,-1.513178955003866
2532,pittsburgh,,-1.9778298453339045
2533,pittsburgh,,-1.2662347533868277
2534,pittsburgh,,1.9701524832107562
2535,pittsburgh,,2.4307113890273584
2536,pittsburgh,,-1.686053895046657
2537,pittsburgh,,2.3531293828503115
2538,pittsburgh,,-2.3997461326730045
2539,pittsburgh,,2.8746652565401676
2540,pittsburgh,,2.9937148805159444
2541,pittsburgh,,-2.371719285898508
2542,pittsburgh,,-2.266897450500386
2543,pittsburgh,,2.0121647587787646
2544,pittsburgh,,1.7374730329416908
2545,pittsburgh,,-1.0383712032008101
2546,pittsburgh,,2.0676052246263614
2547,pittsburgh,,1.683793041337155
2548,pittsburgh,,-1.397408610697692
2549,pittsburgh,,1.652932491944082
2550,pittsburgh,,3.6341594687833156
2551,pittsburgh,,-1.2097906571462247
2552,pittsburgh,,1.929699995119184
2553,pittsburgh,,3.5290747365934205
2554,pittsburgh,,-0.04837547145000644
2555,pittsburgh,,2.0761710090680823
2556,pittsburgh,,-1.903330464213585
2557,pittsburgh,,-1.8957067988667078
2558,pittsburgh,,3.5890646884591235
2559,pittsburgh,,-0.1227474046108296
2560,pittsburgh,,-1.0387240118564471
2561,pittsburgh,,1.4640827369960936
2562,pittsburgh,,0.012330719372647923
2563,pittsburgh,,-0.05170540223975354
2564,pittsburgh,,1.5022838885192351
2565,pittsburgh,,1.6958816512739203
2566,pittsburgh,,-0.04157779332117676
2567,pittsburgh,,1.5969070290010667
2568,pittsburgh,,1.8338899770345523
2569,pittsburgh,,1.7524366674691636
2570,pittsburgh,,1.8096286159790411
2571,pittsburgh,,1.9233355728411257
2572,pittsburgh,,-0.41831695383855727
2573,pittsburgh,,-0.6902210179422491
2574,pittsburgh,,2.09643762130552
2575,pittsburgh,,1.6792375583242058
2576,pittsburgh,,-0.2408367336049702
2577,pittsburgh,,1.5417297991865568
2578,pittsburgh,,0.15158867917034688
2579,pittsburgh,,1.58092261479158
2580,pittsburgh,,1.4971664918046628
2581,pittsburgh,,2.5814783683147646
2582,pittsburgh,,-0.2928570383248397
2583,pittsburgh,,0.05390995747956758
2584,pittsburgh,,-0.8331127913692836
2585,pittsburgh,,-0.8739218235202159
2586,pittsburgh,,0.7823497803765277
2587,pittsburgh,,0.5390921446259578
2588,pittsburgh,,-0.07707593376804497
2589,pittsburgh,,-0.005212376072854272
2590,pittsburgh,,-0.8470147693547662
2591,pittsburgh,,2.555026044252114
2592,pittsburgh,,0.6517008535578738
2593,pittsburgh,,2.7736166770712596
2594,pittsburgh,,2.762405404502322
2595,pittsburgh,,0.039436964584880836
2596,pittsburgh,,-0.020568389321613614
2597,pittsburgh,,2.520206499476816
2598,pittsburgh,,2.7517584515425533
2599,pittsburgh,,2.1467668110391562
2600,pittsburgh,,0.38922893719321777
2601,pittsburgh,,-0.014908196739265037
2602,pittsburgh,,1.292794122670958
2603,pittsburgh,,0.14994397598885095
2604,pittsburgh,,0.1713208374449471
2605,pittsburgh,,-0.19612282704483494
2606,pittsburgh,,0.6783281430747147
2607,pittsburgh,,0.8306317808587645
2608,pittsburgh,,0.27242162437566503
2609,pittsburgh,,-0.10953133722109666
2610,pittsburgh,,0.37675939847529233
2611,pittsburgh,,-0.06076958835770315
2612,pittsburgh,,0.4278828013896468
2613,pittsburgh,,-0.11419360573531423
2614,pittsburgh,,-0.08616462180597831
2615,pittsburgh,,0.3815181688648827
2616,pittsburgh,,0.27119158649414976
2617,pittsburgh,,3.0137231490352483
2618,pittsburgh,,3.0127020113485075
2619,pittsburgh,,1.0571513195171744
2620,pittsburgh,,0.27271407605537523
2621,pittsburgh,,0.07783926369238402
2622,pittsburgh,,0.031234470036712838
2623,pittsburgh,,-0.04913462726070805
2624,pittsburgh,,-0.022123377266524028
2625,pittsburgh,,3.002511876466311
2626,pittsburgh,,0.36744784850121276
2627,pittsburgh,,-0.5197847757298818
2628,pittsburgh,,2.903733007876878
2629,pittsburgh,,2.7053300752736353
2630,pittsburgh,,-0.7492446460885437
2631,pittsburgh,,0.4595025123715035
2632,pittsburgh,,-0.775703249351236
2633,pittsburgh,,-0.3720074752973961
2634,pittsburgh,,-0.8918598596305157
2635,pittsburgh,,2.6982523973536474
2636,pittsburgh,,-0.792744383656021
2637,pittsburgh,,2.5604583002243126
2638,pittsburgh,,2.664840100413739
2639,pittsburgh,,-0.5114121019409223
2640,pittsburgh,,0.3335441810518068
2641,pittsburgh,,0.47346086271214544
2642,pittsburgh,,0.7718754972482862
2643,pittsburgh,,1.310660923148445
2644,pittsburgh,,0.7454168939855939
2645,pittsburgh,,2.1933162493518004
2646,pittsburgh,,1.106356813935341
2647,pittsburgh,,0.3377408234103253
2648,pittsburgh,,2.069992251093489
2649,pittsburgh,,-0.9511693371335534
2650,pittsburgh,,0.9044588096130786
2651,pittsburgh,,0.4377955771730456
2652,pittsburgh,,-1.0816685498359848
2653,pittsburgh,,1.7182608018854262
2654,pittsburgh,,0.6978100300011578
2655,pittsburgh,,1.2942381519817825
2656,pittsburgh,,0.4618444542204078
2657,pittsburgh,,0.47070243759314906
2658,pittsburgh,,0.460744782204433
2659,pittsburgh,,0.44569526216987765
2660,pittsburgh,,0.9056372550208599
2661,pittsburgh,,0.5506377329663922
2662,pittsburgh,,0.5480642968035909
2663,pittsburgh,,0.5296778097905337
2664,pittsburgh,,1.4217245012577109
2665,pittsburgh,,0.5238479480546862
2666,pittsburgh,,1.5376169358813188
2667,pittsburgh,,1.4499705909298983
2668,pittsburgh,,1.1793582383400125
2669,pittsburgh,,-1.4030499411955342
2670,pittsburgh,,1.6275534153882114
2671,pittsburgh,,0.7319795406973094
2672,pittsburgh,,1.727520376888859
2673,pittsburgh,,0.4293431687762179
2674,pittsburgh,,1.7533167897503068
2675,pittsburgh,,0.783949471654034
2676,pittsburgh,,1.0413382376497125
2677,pittsburgh,,1.9230067250442335
2678,pittsburgh,,1.7703451679966014
2679,pittsburgh,,-0.9961196937170492
2680,pittsburgh,,1.8490172315806035
2681,pittsburgh,,1.7707087328149684
2682,pittsburgh,,-0.8817647135138879
2683,pittsburgh,,1.4414267054122938
2684,pittsburgh,,1.9085248724493888
2685,pittsburgh,,1.7035837237900375
2686,pittsburgh,,1.4196916611729027
2687,pittsburgh,,-0.3913886521531502
2688,pittsburgh,,1.5165262082235909
2689,pittsburgh,,-0.7660448997093247
2690,pittsburgh,,1.2716863936061014
2691,pittsburgh,,1.015542139970854
2692,pittsburgh,,1.0104985174955392
2693,pittsburgh,,-0.6404786469372258
2694,pittsburgh,,0.9702689352495487
2695,pittsburgh,,1.00095035637245
2696,pittsburgh,,1.0980965978981778
2697,pittsburgh,,1.563843428805176
2698,pittsburgh,,1.3229670290052373
2699,pittsburgh,,0.9203694515581131
2700,pittsburgh,,0.9069159244753882
2701,pittsburgh,,0.6316931009229731
2702,pittsburgh,,0.9261505261632946
2703,pittsburgh,,1.103668147228541
2704,pittsburgh,,1.0973898345899364
2705,pittsburgh,,1.0676372825326317
2706,pittsburgh,,0.8668760203407339
2707,pittsburgh,,1.1047011326345362
2708,pittsburgh,,0.7615010515087295
2709,pittsburgh,,0.7451643347712423
2710,pittsburgh,,1.5773476370058765
2711,pittsburgh,,1.5527048721682943
2712,pittsburgh,,0.7215229827239624
2713,pittsburgh,,0.7946519425515467
2714,pittsburgh,,1.2354023077147485
2715,pittsburgh,,0.8394385220186821
2716,pittsburgh,,1.5359601024981022
2717,pittsburgh,,0.8151498408892365
2718,pittsburgh,,1.3482900466027388
2719,pittsburgh,,1.292930209993613
2720,pittsburgh,,0.9761838128687607
2721,pittsburgh,,1.0655422827012098
2722,pittsburgh,,1.2224967357952994
2723,pittsburgh,,1.2096210532270535
2724,pittsburgh,,0.6759870291496304
2725,pittsburgh,,1.209491659615332
2726,pittsburgh,,1.3942420845765897
2727,pittsburgh,,0.9658349260545787
2728,pittsburgh,,1.371654640836056
2729,pittsburgh,,0.8456173369889215
2730,pittsburgh,,0.947748780137474
2731,pittsburgh,,0.926049039958844
2732,pittsburgh,,0.8730271485304707
2733,pittsburgh,,0.8212217041591233
2734,pittsburgh,,0.9650632855993951
2735,pittsburgh,,0.927993886295346
2736,pittsburgh,,0.7421665714845669
2737,pittsburgh,,0.8063765858721407
2738,pittsburgh,,1.0630752724489714
2739,pittsburgh,,0.9902164591591753
2740,pittsburgh,,0.875671807114445
2741,pittsburgh,,1.027290663143407
2742,pittsburgh,,0.9721219289702041
2743,pittsburgh,,1.0733095694415116
2744,pittsburgh,,1.3058108425571286
2745,pittsburgh,,0.8226322004290493
2746,pittsburgh,,2.058460446767848
2747,pittsburgh,,0.6942473242299607
2748,pittsburgh,,0.7142048605886319
2749,pittsburgh,,2.1261532147190176
2750,pittsburgh,,1.0768700354780552
2751,pittsburgh,,2.0332160336088188
2752,pittsburgh,,0.9134239629367085
2753,pittsburgh,,1.0647618611036027
2754,pittsburgh,,0.8119122774595817
2755,pittsburgh,,1.0566897448539678
2756,pittsburgh,,0.7751414659690913
2757,pittsburgh,,0.3892960078768284
2758,pittsburgh,,0.6038332211157277
2759,pittsburgh,,0.9399843519626424
2760,pittsburgh,,0.7518605255745914
2761,pittsburgh,,0.7154329537768797
2762,pittsburgh,,0.7922110565875756
2763,pittsburgh,,0.5906373656808979
2764,pittsburgh,,0.7638797342178587
2765,pittsburgh,,0.6494088853082861
2766,pittsburgh,,0.2256250133016828
2767,pittsburgh,,0.3194749398203705
2768,pittsburgh,,0.09621349247152068
2769,pittsburgh,,-0.025229615616475843
2770,pittsburgh,,0.2705937914198034
2771,pittsburgh,,0.21348924052673193
2772,pittsburgh,,0.7368213938095395
2773,pittsburgh,,0.7907468344948634
2774,pittsburgh,,2.2524018678415225
2775,pittsburgh,,2.2595621356772937
2776,pittsburgh,,0.7449044762294764
2777,pittsburgh,,0.9872148043229239
2778,pittsburgh,,1.4824342571160798
2779,pittsburgh,,0.23785519164657046
2780,pittsburgh,,0.2409943479658731
2781,pittsburgh,,-2.8187670321674814
2782,pittsburgh,,-3.3619406300708197
2783,pittsburgh,,0.525044509242932
2784,pittsburgh,,0.18303635286706788
2785,pittsburgh,,0.09513997592659877
2786,pittsburgh,,-1.6853568512909578
2787,pittsburgh,,-1.6843581637222014
2788,pittsburgh,,0.10308632388298014
2789,pittsburgh,,0.1744817456203446
2790,pittsburgh,,-0.16510751513748512
2791,pittsburgh,,-0.278297614770832
2792,pittsburgh,,-0.2195234053240826
2793,pittsburgh,,0.3384598945589217
2794,pittsburgh,,-0.37433426219011934
2795,pittsburgh,,0.12575111876572562
2796,pittsburgh,,-0.3102057830957974
2797,pittsburgh,,-0.29720070691583
2798,pittsburgh,,0.4339955949190917
2799,pittsburgh,,0.31923894073373915
2800,pittsburgh,,-1.556718294674448
2801,pittsburgh,,-1.4321950775401942
2802,pittsburgh,,-2.024310723008424
2803,pittsburgh,,-1.9875031558443732
2804,pittsburgh,,-2.1478635097364824
2805,pittsburgh,,-2.060020754243022
2806,pittsburgh,,-0.549680077914616
2807,pittsburgh,,-2.5890269527360923
2808,pittsburgh,,-2.407758954129733
2809,pittsburgh,,-2.568398211209247
2810,pittsburgh,,-0.882295469286758
2811,pittsburgh,,1.1099883814638858
2812,pittsburgh,,0.9108965149873055
2813,pittsburgh,,0.8315207051992288
2814,pittsburgh,,1.0679657900521888
2815,pittsburgh,,0.9956020061390675
2816,pittsburgh,,0.4756607686198339
2817,pittsburgh,,0.6593828217177581
2818,pittsburgh,,0.5156954030609939
2819,pittsburgh,,-1.2069883140864472
2820,pittsburgh,,-0.8868496881103449
2821,pittsburgh,,-0.9088237823454622
2822,pittsburgh,,-2.4400275618175873
2823,pittsburgh,,1.4855959122818665
2824,pittsburgh,,-0.7974725660979711
2825,pittsburgh,,1.2041520268634474
2826,pittsburgh,,1.8257369270831916
2827,pittsburgh,,1.7244713117386508
2828,pittsburgh,,-0.6058086614349375
2829,pittsburgh,,1.5297008029092485
2830,pittsburgh,,-0.9312181500761044
2831,pittsburgh,,-1.3139746912891475
2832,pittsburgh,,-0.8521969572984541
2833,pittsburgh,,1.5648227903569825
2834,pittsburgh,,1.6215659747971274
2835,pittsburgh,,1.1238793152698556
2836,pittsburgh,,1.0819511380138631
2837,pittsburgh,,1.418328276868242
2838,pittsburgh,,1.5299431746059085
2839,pittsburgh,,-1.2631917237228067
2840,pittsburgh,,-0.9478390108853645
2841,pittsburgh,,-2.4571767116771155
2842,pittsburgh,,-1.1062495658305065
2843,pittsburgh,,-0.9672297859756825
2844,pittsburgh,,-0.8007471147809058
2845,pittsburgh,,-0.9645390805591376
2846,pittsburgh,,-0.7502443095962621
2847,pittsburgh,,-0.9573638661150176
2848,pittsburgh,,-0.543320809840626
2849,pittsburgh,,-0.8169851811725065
2850,pittsburgh,,-1.020485038479328
2851,pittsburgh,,-1.2887228154558634
2852,pittsburgh,,-1.2183160237229365
2853,pittsburgh,,-1.2429808233745987
2854,pittsburgh,,-1.222352081847754
2855,pittsburgh,,-1.034018795804642
2856,pittsburgh,,0.20301516481470347
2857,pittsburgh,,0.048748054266124816
2858,pittsburgh,,0.20732752701532495
2859,pittsburgh,,0.11529431590449472
2860,pittsburgh,,0.3962057757042618
2861,pittsburgh,,0.42983959341107403
2862,pittsburgh,,0.47567331369126115
2863,pittsburgh,,0.062041411432435994
2864,pittsburgh,,0.39530887389874686
2865,pittsburgh,,0.0020951242952615638
2866,pittsburgh,,0.3827522486215369
2867,pittsburgh,,0.37468013237190195
2868,pittsburgh,,0.05486813861795943
2869,pittsburgh,,0.15127742241843223
2870,pittsburgh,,-0.04230151507773053
2871,pittsburgh,,-0.004836827808811692
2872,pittsburgh,,0.3446271083092384
2873,pittsburgh,,0.17003127668710055
2874,pittsburgh,,0.2579431403850468
2875,pittsburgh,,0.037378553410417195
2876,pittsburgh,,0.28791202360191115
2877,pittsburgh,,0.14948361880740219
2878,pittsburgh,,0.37682116894485307
2879,pittsburgh,,0.31604192637989054
2880,pittsburgh,,0.08985949998373016
2881,pittsburgh,,0.0298395417730372
2882,pittsburgh,,0.01504066198203981
2883,pittsburgh,,-0.4103347562506895
2884,pittsburgh,,-0.42244293062514193
2885,pittsburgh,,-0.4317393101936491
2886,pittsburgh,,-0.440472702263493
2887,pittsburgh,,-0.46088861887288646
2888,pittsburgh,,-0.61201866984475
2889,pittsburgh,,-0.5772932438188265
2890,pittsburgh,,-0.501695831319564
2891,pittsburgh,,-0.4683273347411439
2892,pittsburgh,,-1.4100478288331286
2893,pittsburgh,,-1.740460700737296
2894,pittsburgh,,0.3619540877399617
2895,pittsburgh,,0.41414186416137366
2896,pittsburgh,,0.43512669910905577
2897,pittsburgh,,0.04354339642164146
2898,pittsburgh,,-3.464714662488322
2899,pittsburgh,,0.2566416431379857
2900,pittsburgh,,0.40204230894817633
2901,pittsburgh,,-3.7509258931116154
2902,pittsburgh,,-3.646104057713493
2903,pittsburgh,,0.4498669366249199
2904,pittsburgh,,0.4950733912441421
2905,pittsburgh,,0.49372803853586966
2906,pittsburgh,,0.46122125708000034
2907,pittsburgh,,-1.2070164312109264
2908,pittsburgh,,-1.1253983669090621
2909,pittsburgh,,0.47091970523912263
2910,pittsburgh,,0.5550579006808137
2911,pittsburgh,,0.5159400988241496
2912,pittsburgh,,0.6217899986323956
2913,pittsburgh,,0.6020581589110658
2914,pittsburgh,,0.7636552763790744
2915,pittsburgh,,0.8581085451399086
2916,pittsburgh,,0.7970806801635676
2917,pittsburgh,,0.8079631718125312
2918,pittsburgh,,0.08323516244444397
2919,pittsburgh,,1.0146912063760019
2920,pittsburgh,,-1.6495727116773673
2921,pittsburgh,,1.0621346445863762
2922,pittsburgh,,-3.464714662488322
2923,pittsburgh,,-0.028647148687125073
2924,pittsburgh,,0.23581315785747545
2925,pittsburgh,,0.24029766688505028
2926,pittsburgh,,-3.646104057713493
2927,pittsburgh,,0.07011954422881628
2928,pittsburgh,,0.058459820757121424
2929,pittsburgh,,1.7257461511019296
2930,pittsburgh,,-3.464714662488322
2931,pittsburgh,,1.7590395334607278
2932,pittsburgh,,1.645044049913773
2933,pittsburgh,,1.6571522242882255
2934,pittsburgh,,1.0864410248348888
2935,pittsburgh,,1.136224493312361
2936,pittsburgh,,1.0643284570598301
2937,pittsburgh,,1.0604629732117312
2938,pittsburgh,,1.0563948143501363
2939,pittsburgh,,-0.6135747507278864
2940,pittsburgh,,1.0139182548527665
2941,pittsburgh,,1.0337233907478236
2942,pittsburgh,,1.0584945937718813
2943,pittsburgh,,1.1250399032088103
2944,pittsburgh,,0.9829751425624995
2945,pittsburgh,,0.877090125406865
2946,pittsburgh,,1.1344573721667177
2948,pittsburgh,,0.8530206871220432
2950,pittsburgh,,0.8519099838351428
2951,pittsburgh,,-0.06947563447508974
2952,pittsburgh,,0.8360629460041634
2954,pittsburgh,,-0.09369198322399451
2955,pittsburgh,,0.13594651077987183
2956,pittsburgh,,0.09917353675375715
2957,pittsburgh,,0.2674506408425618
2958,pittsburgh,,0.28314642243907406
2959,pittsburgh,,0.29758857952623646
2960,pittsburgh,,0.290861815984874
2961,pittsburgh,,0.590456523209426
2962,pittsburgh,,0.6263375549812861
2963,pittsburgh,,0.5272330619542032
2964,pittsburgh,,0.49046008792808854
2965,pittsburgh,,0.45951381915549744
2966,pittsburgh,,0.3895505187740678
2967,pittsburgh,,0.3846256748773194
2968,pittsburgh,,0.32139409758851245
2969,pittsburgh,,0.4946761193449475
2970,pittsburgh,,0.46611807860111704
2971,pittsburgh,,0.4916797800582943
2972,pittsburgh,,0.5233769771214274
2973,pittsburgh,,0.4236327873836375
2974,pittsburgh,,0.4442664884617426
2975,pittsburgh,,-0.5842626025392684
2976,pittsburgh,,-0.6763947813582206
2977,pittsburgh,,-1.3353623157002024
2978,pittsburgh,,0.5031608104884105
2979,pittsburgh,,-0.3983307812041848
2980,pittsburgh,,-0.24584831336888383
2981,pittsburgh,,-1.69019420206691
2982,pittsburgh,,-0.07044579346266318
2983,pittsburgh,,-0.03977048862134923
2984,pittsburgh,,-2.8110068302767353
2985,pittsburgh,,0.5931080135014055
2986,pittsburgh,,-2.5732440681581212
2987,pittsburgh,,0.5602079090309438
2988,pittsburgh,,0.660470053277955
2989,pittsburgh,,0.7159948504216022
2990,pittsburgh,,0.755655961930831
2991,pittsburgh,,0.7659703326942534
2992,pittsburgh,,0.9450093213127787
2993,pittsburgh,,0.9406727541678876
2994,pittsburgh,,0.7465529754372623
2995,pittsburgh,,0.7767017592387764
2996,pittsburgh,,0.8386488391427099
2997,pittsburgh,,0.8591809661306157
2998,pittsburgh,,-3.369858301614875
2999,pittsburgh,,-3.3703067525176325
3000,pittsburgh,,0.2530190406420589
3001,pittsburgh,,0.5361660384158462
3002,pittsburgh,,0.2436015716841514
3003,pittsburgh,,-3.612938171802567
3004,pittsburgh,,0.18043725757275228
3005,pittsburgh,,0.3871058605665501
3006,pittsburgh,,1.1408881217219564
3007,pittsburgh,,1.0822486132742721
3008,pittsburgh,,1.0940775036474923
3009,pittsburgh,,1.0192318963339875
3010,pittsburgh,,0.9458923976504767
3011,pittsburgh,,0.9749336907749704
3012,pittsburgh,,-0.7589816237219942
3013,pittsburgh,,0.9714540991076539
3014,pittsburgh,,-0.8338729244824961
3015,pittsburgh,,-1.1133143753501298
3016,pittsburgh,,-1.3537778931204785
3017,pittsburgh,,-1.3501902858984185
3018,pittsburgh,,-1.4462458656478077
3019,pittsburgh,,-1.4381970677633844
3020,pittsburgh,,-1.4758436252298024
3021,pittsburgh,,-4.464352095814933
3022,pittsburgh,,0.7333028676735424
3023,pittsburgh,,0.7824626062684473
3024,pittsburgh,,0.7534831582976297
3025,pittsburgh,,0.7255407287867237
3026,pittsburgh,,1.1917446943384162
3027,pittsburgh,,1.0916438550170176
3028,pittsburgh,,1.2285176683645307
3029,pittsburgh,,1.2772042069723344
3030,pittsburgh,,0.7054407967868169
3031,pittsburgh,,0.5729091418103507
3032,pittsburgh,,0.6247196342904675
3033,pittsburgh,,0.028418569823629447
3034,pittsburgh,,-1.1308279997956416
3035,pittsburgh,,-0.3936577284875423
3036,pittsburgh,,0.36332144224066953
3037,pittsburgh,,-0.6722300834610672
3038,pittsburgh,,0.31309494113182995
3039,pittsburgh,,0.5563822153655757
3040,pittsburgh,,-0.7347071709790967
3041,pittsburgh,,0.41222973182675393
3042,pittsburgh,,-0.7243928002156741
3043,pittsburgh,,-0.7225989966046442
3044,pittsburgh,,0.34638070630346046
3045,pittsburgh,,0.4735946288542592
3046,pittsburgh,,0.30852889681100343
3047,pittsburgh,,0.38290448349134004
3048,pittsburgh,,-4.927004994112247
3049,pittsburgh,,0.4947432364117639
3050,pittsburgh,,-3.7573345633860913
3051,pittsburgh,,-1.2785665508644337
3052,pittsburgh,,-1.589458067896866
3053,pittsburgh,,-1.1210884077401582
3054,pittsburgh,,-1.312555101262808
3055,pittsburgh,,-1.2602872788077757
3056,pittsburgh,,0.741565506296825
3057,pittsburgh,,-1.5905547134560463
3058,pittsburgh,,-1.1698538802935936
3059,pittsburgh,,0.6546583886437911
3060,pittsburgh,,-1.7856090142007564
3061,pittsburgh,,-0.8868065715680109
3062,pittsburgh,,0.8056947036695012
3063,pittsburgh,,0.6640026004196401
3064,pittsburgh,,-1.1758893135037256
3065,pittsburgh,,0.7463160547311459
3066,pittsburgh,,-1.0138089514446516
3067,pittsburgh,,0.6809363984563666
3068,pittsburgh,,-3.7413455996020235
3069,pittsburgh,,-0.9535067634320653
3070,pittsburgh,,-1.1025114557943665
3071,pittsburgh,,-2.1675368852702004
3072,pittsburgh,,-3.584670915589265
3073,pittsburgh,,0.1742179783096554
3074,pittsburgh,,-2.153106382611079
3075,pittsburgh,,0.0820328536194125
3076,pittsburgh,,0.16442531563104895
3077,pittsburgh,,0.0383733640253652
3078,pittsburgh,,-0.22799835617900346
3079,pittsburgh,,-2.5949283504135043
3080,pittsburgh,,-0.5068534861067928
3081,pittsburgh,,-0.7883244689709797
3082,pittsburgh,,-1.26109498502765
3083,pittsburgh,,-2.4458274201868737
3084,pittsburgh,,-1.5519879358189017
3085,pittsburgh,,0.493330766636675
3086,pittsburgh,,0.3440472105524786
3087,pittsburgh,,0.2926925210877861
3088,pittsburgh,,0.3795744516782577
3089,pittsburgh,,0.4264517162577377
3090,pittsburgh,,-1.2407329347050329
3091,pittsburgh,,-2.6352312009649705
3092,pittsburgh,,-1.9320121316824137
3093,pittsburgh,,-2.418838224370612
3094,pittsburgh,,-1.1819703796863237
3095,pittsburgh,,-2.5233446828788084
3096,pittsburgh,,0.5131710462727505
3097,pittsburgh,,-2.6881664268611134
3098,pittsburgh,,0.5990173861449422
3099,pittsburgh,,-1.8259123975032523
3100,pittsburgh,,-1.7297336333532654
3101,pittsburgh,,-1.7916198579337999
3102,pittsburgh,,-1.960447668330501
3103,pittsburgh,,-1.606405770363434
3104,pittsburgh,,-1.5481071530049595
3105,pittsburgh,,-1.6176170429323715
3106,pittsburgh,,-1.5730246539413646
3107,pittsburgh,,-1.584235926510302
3108,pittsburgh,,-0.4333673065337951
3109,pittsburgh,,-0.4892279197604675
3110,pittsburgh,,-2.145195257610114
3111,pittsburgh,,-2.919742461869564
3112,pittsburgh,,-2.832036874995849
3113,pittsburgh,,-2.8937128286165006
3114,pittsburgh,,-3.000882544140352
3115,pittsburgh,,0.7731836108504812
3116,pittsburgh,,0.7962855664979115
3117,pittsburgh,,0.876902045652055
3118,pittsburgh,,0.7897762942525085
3119,pittsburgh,,0.777427073021353
3120,pittsburgh,,0.5457322590818945
3121,pittsburgh,,0.6976083634085447
3122,pittsburgh,,0.6099656248892777
3123,pittsburgh,,0.6753432024070531
3124,pittsburgh,,0.7634517841486815
3125,pittsburgh,,0.6839796382658565
3126,pittsburgh,,0.6802407448009272
3127,pittsburgh,,0.7636526127138215
3128,pittsburgh,,0.8047901415715973
3129,pittsburgh,,0.8067343573637391
3130,pittsburgh,,0.8865586180545735
3131,pittsburgh,,-1.5454247159658825
3132,pittsburgh,,-1.5754709264506348
3133,pittsburgh,,-1.5728719492330123
3134,pittsburgh,,-1.7504585067249807
3135,pittsburgh,,-1.6150263340922169
3136,pittsburgh,,-2.974381689609298
3137,pittsburgh,,-1.7096494745740485
3138,pittsburgh,,-1.5468617968730773
3139,pittsburgh,,-1.8159323385275752
3140,pittsburgh,,-1.7477678013084357
3141,pittsburgh,,-3.0180527642374666
3142,pittsburgh,,-2.796978928574799
3143,pittsburgh,,-2.833303451698156
3144,pittsburgh,,-2.799669633991344
3145,pittsburgh,,-2.898777283500751
3146,pittsburgh,,-2.8274735899623087
3147,pittsburgh,,-2.822092179129219
3148,pittsburgh,,-2.910620136746811
3149,pittsburgh,,-3.0333048940356107
3150,pittsburgh,,-3.1592394422208234
3151,pittsburgh,,-3.4371999610359274
3152,pittsburgh,,-1.2729284097777358
3153,pittsburgh,,-1.2678062998007757
3154,pittsburgh,,-1.2709454561200781
3155,pittsburgh,,-1.2843989832028029
3156,pittsburgh,,-1.2865179015770698
3157,pittsburgh,,-1.309650707297164
3158,pittsburgh,,-1.308615331951708
3159,pittsburgh,,-1.4072940114514856
3160,pittsburgh,,-1.3450265991456014
3161,pittsburgh,,-1.3571347735200536
3162,pittsburgh,,-1.241140292492029
3163,pittsburgh,,-1.0727301571012648
3164,pittsburgh,,-1.008601678006943
3165,pittsburgh,,-3.2241307809755
3166,pittsburgh,,-3.5915629980810198
3167,pittsburgh,,-3.6848407858545786
3168,pittsburgh,,-5.488445886223062
3169,pittsburgh,,-5.618048197119978
3170,pittsburgh,,-0.7153178110346757
3171,pittsburgh,,-1.2526703443717715
3172,pittsburgh,,-1.1240806111275021
3173,pittsburgh,,-1.258500206107619
3174,pittsburgh,,-1.450307393894923
3175,pittsburgh,,-1.7013207066335403
3176,pittsburgh,,-1.560058672264929
3177,pittsburgh,,-1.5004182191566309
3178,pittsburgh,,-2.338959420565479
3179,pittsburgh,,-2.351190099035674
3180,pittsburgh,,-2.3679255994703508
3181,pittsburgh,,-2.344224964801611
3182,pittsburgh,,-2.5589580237526555
3183,pittsburgh,,-2.361266099106396
3184,pittsburgh,,-2.7159158397177787
3185,pittsburgh,,-2.9662743164856846
3186,pittsburgh,,-3.0200651064513724
3187,pittsburgh,,-2.7739536397579263
3188,pittsburgh,,-2.580499153842492
3189,pittsburgh,,-3.083511914251322
3190,pittsburgh,,-0.7728937999560737
3191,pittsburgh,,-0.9348040567446583
3192,pittsburgh,,-0.09545817162334634
3193,pittsburgh,,-0.9286704164160139
3194,pittsburgh,,-1.024492775773788
3195,pittsburgh,,-0.6351270153276023
3196,pittsburgh,,-0.8043048440422269
3197,pittsburgh,,0.6756599979090223
3198,pittsburgh,,0.6900104267972622
3199,pittsburgh,,0.7660215201668105
3200,pittsburgh,,-0.06102149918202306
3201,pittsburgh,,-1.6278203177872768
3202,pittsburgh,,0.4186266604375623
3203,pittsburgh,,0.35243962792767686
3204,pittsburgh,,0.3475066679973445
3205,pittsburgh,,0.30055779674774863
3206,pittsburgh,,0.2987639931367186
3207,pittsburgh,,0.26947621091754015
3208,pittsburgh,,0.26454325098720766
3209,pittsburgh,,0.2730638181396001
3210,pittsburgh,,0.32844948678198427
3211,pittsburgh,,-3.3909008977608
3212,pittsburgh,,-5.057050747940816
3213,pittsburgh,,-5.509423523988653
3214,pittsburgh,,-4.958256392593906
3215,pittsburgh,,-3.3501651227919265
3216,pittsburgh,,-4.939869905580848
3217,pittsburgh,,-0.2793087014108225
3218,pittsburgh,,-5.34529049357941
3219,pittsburgh,,-1.655041680887988
3220,pittsburgh,,-3.872706462209971
3221,pittsburgh,,-2.481481302246334
3222,pittsburgh,,-4.154317966094876
3223,pittsburgh,,-2.5922486752274354
3224,pittsburgh,,-4.000955417644201
3225,pittsburgh,,-4.000955417644201
3226,pittsburgh,,-3.7509258931116154
3227,pittsburgh,,-3.551281173477996
3228,pittsburgh,,-3.646104057713493
3229,pittsburgh,,0.010143065160754186
3230,pittsburgh,,-0.061383519181219155
3231,pittsburgh,,-0.1003987477211213
3232,pittsburgh,,0.139199255412191
3233,pittsburgh,,0.1835958947851832
3234,pittsburgh,,-3.7509258931116154
3235,pittsburgh,,-3.0768122918954766
3236,pittsburgh,,-1.0857099771462697
3237,pittsburgh,,-2.865710909343509
3238,pittsburgh,,-1.2859472098441271
3239,pittsburgh,,-2.911452901424773
3240,pittsburgh,,-1.009029832325998
3241,pittsburgh,,-3.385081191864242
3242,pittsburgh,,-3.551281173477996
3243,pittsburgh,,-3.464714662488322
3244,pittsburgh,,-3.464714662488322
3245,pittsburgh,,-2.945872454755376
3246,pittsburgh,,-3.3902872993880546
3247,pittsburgh,,-3.311352114037647
3248,pittsburgh,,-3.001365325275818
3249,pittsburgh,,-2.746871420112772
3250,pittsburgh,,-4.739099057885752
3251,pittsburgh,,-3.4739183919477434
3252,pittsburgh,,-3.573922943262665
3253,pittsburgh,,-4.936524670055449
3254,pittsburgh,,-4.920828888458937
3255,pittsburgh,,-5.213218877056824
3256,pittsburgh,,0.2166365177240851
3257,pittsburgh,,0.22808010564971734
3258,pittsburgh,,0.2686629301974372
3259,pittsburgh,,0.4301085757179744
3260,pittsburgh,,0.5093825997428096
3261,pittsburgh,,0.5416710647413494
3262,pittsburgh,,0.42741787030142947
3263,pittsburgh,,0.536738104811017
3264,pittsburgh,,0.3674178068138452
3265,pittsburgh,,0.5283091231870667
3266,pittsburgh,,-1.092731615551927
3267,pittsburgh,,-0.6991840093638626
3268,pittsburgh,,-0.7839179116198176
3269,pittsburgh,,-2.502055993869425
3270,pittsburgh,,-0.2679791739275324
3271,pittsburgh,,-2.250928176476162
3272,pittsburgh,,0.2925410393029872
3273,pittsburgh,,0.3998288206167723
3274,pittsburgh,,0.47660565318722614
3275,pittsburgh,,0.6210223306326174
3276,pittsburgh,,0.6137344377640367
3277,pittsburgh,,1.0495669257731128
3278,pittsburgh,,1.0290383945660024
3279,pittsburgh,,1.0092063445249382
3280,pittsburgh,,1.0121357338011587
3281,pittsburgh,,0.8702867749898489
3282,pittsburgh,,-1.6418494503598338
3283,pittsburgh,,-0.31443902305545685
3284,pittsburgh,,-1.0086632989593847
3285,pittsburgh,,-0.3162099754013224
3286,pittsburgh,,-0.4558866195153216
3287,pittsburgh,,-0.9948628151586218
3288,pittsburgh,,-0.49255786614652436
3289,pittsburgh,,-0.4920397482682678
3290,pittsburgh,,-0.37685753323509025
3291,pittsburgh,,0.2689481170888681
3292,pittsburgh,,-0.39345517618837805
3293,pittsburgh,,0.11691764057879109
3294,pittsburgh,,-0.25712610175009915
3295,pittsburgh,,0.12140214960636586
3296,pittsburgh,,0.3332185677920541
3297,pittsburgh,,0.721850335003099
3298,pittsburgh,,-0.3040158140940503
3299,pittsburgh,,2.615072574919158
3300,pittsburgh,,2.6372124292468686
3301,pittsburgh,,2.6277949602889614
3302,pittsburgh,,-0.44325667974299277
3303,pittsburgh,,-0.09783192385130017
3304,pittsburgh,,2.6332748049360264
3305,pittsburgh,,2.6271807492936103
3306,pittsburgh,,1.8465198971359358
3307,pittsburgh,,2.6818327234946455
3308,pittsburgh,,-0.7664984316667287
3309,pittsburgh,,-0.6692812003072911
3310,pittsburgh,,-0.858792231075488
3311,pittsburgh,,0.47916448731859507
3312,pittsburgh,,0.442520906904202
3313,pittsburgh,,0.2623240626237196
3314,pittsburgh,,0.004920904733305268
3315,pittsburgh,,1.3535447615863019
3316,pittsburgh,,1.5294570141346775
3317,pittsburgh,,2.2263725303635247
3318,pittsburgh,,2.217403512308375
3319,pittsburgh,,1.6359051814422865
3320,pittsburgh,,1.96232730612128
3321,pittsburgh,,2.019636664192319
3322,pittsburgh,,2.2058518043914233
3323,pittsburgh,,2.212578567932786
3324,pittsburgh,,1.5089667617986633
3325,pittsburgh,,1.9434923682054652
3326,pittsburgh,,1.904357640998126
3327,pittsburgh,,1.588546842048332
3328,pittsburgh,,0.8397573474773701
3329,pittsburgh,,1.380937890190162
3330,pittsburgh,,1.379338899060687
3331,pittsburgh,,1.3371044404306003
3332,pittsburgh,,1.3010142164924647
3333,pittsburgh,,1.2965297074648896
3334,pittsburgh,,0.46024506485987776
3335,pittsburgh,,1.329332883713681
3336,pittsburgh,,1.2837387830024583
3337,pittsburgh,,1.2926133966946831
3338,pittsburgh,,1.2885773385698656
3339,pittsburgh,,0.5796899262185845
3340,pittsburgh,,1.3226596071794352
3341,pittsburgh,,0.5284506545978189
3342,pittsburgh,,0.569215787091481
3343,pittsburgh,,0.5592174626182508
3344,pittsburgh,,-0.3492142438105611
3345,pittsburgh,,1.5184860165198122
3346,pittsburgh,,1.1409172442080384
3347,pittsburgh,,1.1096684980476625
3348,pittsburgh,,0.007304223881648376
3349,pittsburgh,,0.5201398544885083
3350,pittsburgh,,1.0249983639857803
3351,pittsburgh,,1.7276007242437177
3352,pittsburgh,,1.54820628019755
3353,pittsburgh,,1.5396857130451576
3354,pittsburgh,,-1.279145886593074
3355,pittsburgh,,-1.3967387600040597
3356,pittsburgh,,1.4883443374733538
3357,pittsburgh,,0.11756621190984685
3358,pittsburgh,,0.17227722204626128
3359,pittsburgh,,0.6599993622448769
3360,pittsburgh,,0.8041033582645002
3361,pittsburgh,,0.6321954062739121
3362,pittsburgh,,0.5041881381337102
3363,pittsburgh,,0.45029891558318835
3364,pittsburgh,,0.4150387659668887
3365,pittsburgh,,0.37908939757256155
3366,pittsburgh,,0.3392738817660836
3367,pittsburgh,,-1.2025432899668758
3368,pittsburgh,,-2.043417053467538
3369,pittsburgh,,-0.7339472690927753
3370,pittsburgh,,-1.6218720252306522
3371,pittsburgh,,-1.4779116251531068
3372,pittsburgh,,0.04889370433564596
3373,pittsburgh,,0.42685668757875306
3374,pittsburgh,,-1.0001901054115343
3375,pittsburgh,,-1.908565746723864
3376,pittsburgh,,-1.5621369876319315
3377,pittsburgh,,-1.5024012820371333
3378,pittsburgh,,-1.8006809757089286
3379,pittsburgh,,-1.7970933684868686
3380,pittsburgh,,-1.9213557059543636
3381,pittsburgh,,-1.878870020828252
3382,pittsburgh,,-1.737857486877948
3383,pittsburgh,,-1.8905297442999474
3384,pittsburgh,,-4.251254133347982
3385,pittsburgh,,-1.004080935821305
3386,pittsburgh,,-1.070900120332172
3387,pittsburgh,,-2.557424060726978
3388,pittsburgh,,-1.242737234716324
3389,pittsburgh,,-1.809483259694455
3390,pittsburgh,,-2.044159105885734
3391,pittsburgh,,-1.9539132594750783
3392,pittsburgh,,-2.2153721370431585
3393,pittsburgh,,-2.36176249956858
3394,pittsburgh,,-2.36355630317961
3395,pittsburgh,,-2.1551189908792945
3396,pittsburgh,,-1.189165335240091
3397,pittsburgh,,-1.0088042886744368
3398,pittsburgh,,-2.327744991514218
3399,pittsburgh,,-1.110503297483164
3400,pittsburgh,,-2.331144965151847
3401,pittsburgh,,-2.424161935607079
3402,pittsburgh,,-2.105769910682841
3403,pittsburgh,,-1.9534141482897753
3404,pittsburgh,,-2.5123191298658756
3405,pittsburgh,,-4.048403397554463
3406,pittsburgh,,-2.872437672884871
3407,pittsburgh,,-2.751466334064844
3408,pittsburgh,,-2.6294720304419816
3409,pittsburgh,,-2.9394791006952836
3410,pittsburgh,,-2.135185310945925
3411,pittsburgh,,-0.950083798012434
3412,pittsburgh,,-0.9532229543317366
3413,pittsburgh,,-3.435646542175067
3414,pittsburgh,,-3.4235383678006146
3415,pittsburgh,,-3.2367336896459626
3416,pittsburgh,,-3.2120960311798177
3417,pittsburgh,,-0.5461176135483495
3418,pittsburgh,,-0.6320480400508354
3419,pittsburgh,,-0.6053921903321361
3420,pittsburgh,,-0.6305971690854784
3421,pittsburgh,,-0.6072777221420885
3422,pittsburgh,,-1.1127146603760645
3423,pittsburgh,,0.4189702472028071
3424,pittsburgh,,0.27141441343811396
3425,pittsburgh,,-0.5266856805174288
3426,pittsburgh,,0.3084284343209317
3427,pittsburgh,,-0.4365313909903489
3428,pittsburgh,,0.1808273310810997
3429,pittsburgh,,0.1709614112204347
3430,pittsburgh,,0.20783695856331139
3431,pittsburgh,,0.1682707058038899
3432,pittsburgh,,-2.8537267216894375
3433,pittsburgh,,-2.5094681134700436
3434,pittsburgh,,-2.5112619170810735
3435,pittsburgh,,0.09487696741670919
3436,pittsburgh,,0.05704705031229605
3437,pittsburgh,,0.039842727438346576
3438,pittsburgh,,0.06027295173065455
3439,pittsburgh,,-2.425858999101142
3440,pittsburgh,,0.08859865477810418
3441,pittsburgh,,-0.008070688069461115
3442,pittsburgh,,0.6090656380429638
3443,pittsburgh,,0.4731850145074425
3444,pittsburgh,,0.5449371589486418
3445,pittsburgh,,0.49908042815670406
3446,pittsburgh,,0.27643401279840923
3447,pittsburgh,,1.1035818211585415
3448,pittsburgh,,1.0799561290733855
3449,pittsburgh,,1.1932874884675182
3450,pittsburgh,,-1.0837401510893034
3451,pittsburgh,,1.0955087220095565
3452,pittsburgh,,1.2237821498550279
3453,pittsburgh,,-0.8122354427750875
3454,pittsburgh,,-0.8612981795588383
3455,pittsburgh,,-0.8022621366426769
3456,pittsburgh,,-0.8149104901188092
3457,pittsburgh,,0.2482991010468549
3458,pittsburgh,,0.22538401172687533
3459,pittsburgh,,0.8885698652250125
3460,pittsburgh,,0.8381332860155692
3461,pittsburgh,,0.2547831484052401
3462,pittsburgh,,0.879390769069259
3463,pittsburgh,,1.4351003530817912
3464,pittsburgh,,1.3776869831007919
3465,pittsburgh,,0.3688961270743626
3466,pittsburgh,,1.4316439084643402
3467,pittsburgh,,0.9663308721562567
3468,pittsburgh,,1.0643704559325453
3469,pittsburgh,,1.4440848578944179
3470,pittsburgh,,1.0300702723957775
3471,pittsburgh,,1.19588123770964
3472,pittsburgh,,0.8994209423458179
3473,pittsburgh,,0.713987307312086
3474,pittsburgh,,0.943909309917732
3475,pittsburgh,,0.4005296918014264
3476,pittsburgh,,-0.6399285440002418
3477,pittsburgh,,0.8833600578367826
3478,pittsburgh,,0.9717048856800093
3479,pittsburgh,,0.9694626311662219
3480,pittsburgh,,-0.2466780710844088
3481,pittsburgh,,-0.1921098779806436
3482,pittsburgh,,0.5732058953891163
3483,pittsburgh,,-0.11522752715310473
3484,pittsburgh,,0.9319440115690591
3485,pittsburgh,,-0.501031268241161
3486,pittsburgh,,-0.46963970504813624
3487,pittsburgh,,1.4835652430141275
3488,pittsburgh,,-0.43779969095235405
3489,pittsburgh,,0.6797281567706169
3490,pittsburgh,,0.7434081849621814
3491,pittsburgh,,1.4014977449101558
3492,pittsburgh,,-3.566966476288136
3493,pittsburgh,,0.6047147237737304
3494,pittsburgh,,-3.6969037752889435
3495,pittsburgh,,0.044906960939749954
3496,pittsburgh,,-0.9284887622261955
3497,pittsburgh,,-0.9183172084954223
3498,pittsburgh,,-1.0481076087179644
3499,pittsburgh,,-1.0682878993420517
3500,pittsburgh,,-1.0791976197864974
3501,pittsburgh,,-2.758478442261715
3502,pittsburgh,,-1.8499783632572457
3503,pittsburgh,,-2.095694490317748
3504,pittsburgh,,-2.4171750432840318
3505,pittsburgh,,-1.2060156794781216
3506,pittsburgh,,-2.6934286258477376
3507,pittsburgh,,-1.152845771667994
3508,pittsburgh,,-3.8699034002706116
3509,pittsburgh,,-3.1400023367955034
3510,pittsburgh,,-1.4864932433195712
3511,pittsburgh,,-1.458684327797346
3512,pittsburgh,,-1.226509264264706
3513,pittsburgh,,-1.120674851213937
3514,pittsburgh,,-1.1238140075332395
3515,pittsburgh,,-1.8605143051268893
3516,pittsburgh,,-1.192875446557894
3517,pittsburgh,,-4.901867254693593
3518,pittsburgh,,-1.9514725267150825
3519,pittsburgh,,-2.5911519420582896
3520,pittsburgh,,-2.259288843359804
3521,pittsburgh,,-5.006689090091715
3522,pittsburgh,,-5.123869932451683
3523,pittsburgh,,-1.7023279324749148
3524,pittsburgh,,-0.7482562605773464
3525,pittsburgh,,-0.913973014387563
3526,pittsburgh,,-0.7209007555091391
3527,pittsburgh,,-0.6666585306232302
3528,pittsburgh,,-0.42183573283929426
3529,pittsburgh,,-1.6408259557932796
3530,pittsburgh,,-0.47934002170901563
3531,pittsburgh,,-0.3983778123559632
3532,pittsburgh,,-0.3880634415925408
3533,pittsburgh,,-0.671028300940132
3534,pittsburgh,,-0.4223867570588136
3535,pittsburgh,,-0.6844818280228568
3536,pittsburgh,,-0.4273197169891461
3537,pittsburgh,,-0.22686216345654536
3538,pittsburgh,,-0.6437875345825979
3539,pittsburgh,,-1.8482325161667883
3540,pittsburgh,,-0.5580186734452429
3541,pittsburgh,,-1.9422985519273046
3542,pittsburgh,,-0.11161028144786886
3543,pittsburgh,,-0.4134177390036637
3544,pittsburgh,,0.04033344680546025
3545,pittsburgh,,-0.18056914715576133
3546,pittsburgh,,-3.242711984730233
3547,pittsburgh,,-3.1785034318650287
3548,pittsburgh,,-3.1785034318650287
3549,pittsburgh,,-1.031785337128259
3550,pittsburgh,,-3.118188767595979
3551,pittsburgh,,-3.118188767595979
3552,pittsburgh,,-1.0237132208786242
3553,pittsburgh,,-4.421710003567919
3554,pittsburgh,,-0.7843077019835288
3555,pittsburgh,,-0.9595576005987847
3556,pittsburgh,,-3.118188767595979
3557,pittsburgh,,-1.8974635118867453
3558,pittsburgh,,-0.7029636104506148
3559,pittsburgh,,-4.434266628845129
3560,pittsburgh,,-0.6920811188016516
3561,pittsburgh,,-4.498475181710333
3562,pittsburgh,,-0.8555169911590456
3563,pittsburgh,,-0.8707643218528004
3564,pittsburgh,,-2.9904673468693774
3565,pittsburgh,,-0.470103407084999
3566,pittsburgh,,-1.723964741988999
3567,pittsburgh,,-2.98822509235559
3568,pittsburgh,,-0.5347604108529607
3569,pittsburgh,,-0.5634612686294402
3570,pittsburgh,,-1.7321394315553957
3571,pittsburgh,,-0.5023918720835389
3572,pittsburgh,,-1.9537938475003827
3573,pittsburgh,,-4.154298108784191
3574,pittsburgh,,-4.2230462536463484
3575,pittsburgh,,-1.0068552163482047
3576,pittsburgh,,-0.9754636531551798
3577,pittsburgh,,-0.9499019516980025
3578,pittsburgh,,-4.2454687987842235
3579,pittsburgh,,-0.8709745928126832
3580,pittsburgh,,-0.8316334174657664
3581,pittsburgh,,-0.8020356578837717
3582,pittsburgh,,-4.335266194292122
3583,pittsburgh,,-2.0164188677144392
3584,pittsburgh,,-4.188174298187663
3585,pittsburgh,,-2.1552612385665775
3586,pittsburgh,,-0.6279536056363649
3587,pittsburgh,,-0.8083349865497672
3588,pittsburgh,,-0.5753904456508128
3589,pittsburgh,,-1.04662773486439
3590,pittsburgh,,-1.6189610102354268
3591,pittsburgh,,-1.5682860582238298
3592,pittsburgh,,-2.023185847896649
3593,pittsburgh,,-1.6974399182179887
3594,pittsburgh,,-1.7430877347714382
3595,pittsburgh,,-1.6341141654013667
3596,pittsburgh,,-1.9464693484034605
3597,pittsburgh,,-1.4426446912321087
3598,pittsburgh,,-1.5961221149315719
3599,pittsburgh,,-2.1588452718000632
3600,pittsburgh,,-2.175437955202091
3601,pittsburgh,,-1.8878457697942754
3602,pittsburgh,,-3.7509258931116154
3603,pittsburgh,,-3.7509258931116154
3604,pittsburgh,,-1.5405769194962988
3605,pittsburgh,,-1.727216278700558
3606,pittsburgh,,-1.5910031643588038
3607,pittsburgh,,-1.9991786493288741
3608,pittsburgh,,-0.8526938287493052
3609,pittsburgh,,-0.8265919481904477
3610,pittsburgh,,0.0728658612381958
3611,pittsburgh,,-0.8446217124996703
3612,pittsburgh,,0.36514092551484745
3613,pittsburgh,,-0.7983395413167257
3614,pittsburgh,,-0.7690984971094371
3615,pittsburgh,,0.5757388613662066
3616,pittsburgh,,0.4767651802952186
3617,pittsburgh,,-0.18521554712499969
3618,pittsburgh,,-0.2083323356838828
3619,pittsburgh,,-0.21685290283627515
3620,pittsburgh,,0.584500475375302
3621,pittsburgh,,0.6788778450408032
3622,pittsburgh,,-0.2448444923916703
3623,pittsburgh,,-0.18520052232492348
3624,pittsburgh,,0.7172274583255283
3625,pittsburgh,,0.7087068911731359
3626,pittsburgh,,0.8181673032511086
3627,pittsburgh,,-0.17561090654006253
3628,pittsburgh,,0.11681626275669586
3629,pittsburgh,,0.4201456640088689
3630,pittsburgh,,0.4191461888865919
3631,pittsburgh,,0.7156508190669177
3632,pittsburgh,,0.38474943781268356
3633,pittsburgh,,-0.16244621144178661
3634,pittsburgh,,0.7851846988534708
3635,pittsburgh,,-3.260178244088487
3636,pittsburgh,,0.8892044541286663
3637,pittsburgh,,0.5386911514815816
3638,pittsburgh,,0.6007113445005349
3639,pittsburgh,,0.5500363924889379
3640,pittsburgh,,-2.0167963690763195
3641,pittsburgh,,-2.020832427201137
3642,pittsburgh,,-1.7084374512884397
3643,pittsburgh,,-2.7516633359006413
3644,pittsburgh,,-0.359964352408751
3645,pittsburgh,,-0.49568908765181824
3646,pittsburgh,,-1.8972792026868628
3647,pittsburgh,,-2.2023253712259705
3648,pittsburgh,,-0.39718577733762317
3649,pittsburgh,,-2.3054690788601944
3650,pittsburgh,,1.2550354179085172
3651,pittsburgh,,1.2345671123014283
3652,pittsburgh,,1.3346448182508295
3653,pittsburgh,,1.2951913390429695
3654,pittsburgh,,0.8674367834784746
3655,pittsburgh,,0.9260001506414826
3656,pittsburgh,,0.7650734308887384
3657,pittsburgh,,1.2443748911105221
3658,pittsburgh,,1.1027687030101672
3659,pittsburgh,,0.950528473793753
3660,pittsburgh,,1.1918038406197102
3661,pittsburgh,,1.0644437842365815
3662,pittsburgh,,1.0317428281642005
3663,pittsburgh,,1.0796708684046197
3664,pittsburgh,,0.6872377862904895
3665,pittsburgh,,0.6920906724499397
3666,pittsburgh,,0.5958931232808756
3667,pittsburgh,,0.8558799081695502
3668,pittsburgh,,0.7137209719954238
3669,pittsburgh,,0.3532674330543789
3670,pittsburgh,,0.3483344731240465
3671,pittsburgh,,0.4106248612449143
3672,pittsburgh,,0.3487386366643798
3673,pittsburgh,,0.10554309062955654
3674,pittsburgh,,0.10628519995976163
3675,pittsburgh,,0.07784515950160883
3676,pittsburgh,,0.09129868658433374
3677,pittsburgh,,0.09712854832018128
3678,pittsburgh,,-0.09604153501417143
3679,pittsburgh,,-0.13098666533492503
3680,pittsburgh,,0.243258388118805
3681,pittsburgh,,0.24191303541053255
3682,pittsburgh,,-0.06721772188847895
3683,pittsburgh,,-0.043557121318720984
3684,pittsburgh,,-0.055216844790415956
3685,pittsburgh,,-0.10555136145399899
3686,pittsburgh,,0.1897675096298536
3687,pittsburgh,,0.20727430034346195
3688,pittsburgh,,0.18887060782433857
3689,pittsburgh,,0.047486743727368275
3690,pittsburgh,,-0.1477012373471911
3691,pittsburgh,,-0.3016271119494117
3692,pittsburgh,,-0.5692649136647858
3693,pittsburgh,,-0.06509842272390418
3694,pittsburgh,,-0.308472868137587
3695,pittsburgh,,-0.27988308677953305
3696,pittsburgh,,-0.25244049515204076
3697,pittsburgh,,-0.44188953852212104
3698,pittsburgh,,-0.619128127331617
3699,pittsburgh,,-1.0960727131052803
3700,pittsburgh,,-0.6635247667046092
3701,pittsburgh,,-0.6843941796375371
3702,pittsburgh,,-1.12297976727073
3703,pittsburgh,,-0.6671502829263353
3704,pittsburgh,,-0.6121456143624733
3705,pittsburgh,,-0.5613158698755661
3706,pittsburgh,,-1.434746856648636
3707,pittsburgh,,-1.6518811614897981
3708,pittsburgh,,-0.2197228353380681
3709,pittsburgh,,-0.7225286735683698
3710,pittsburgh,,-0.20806311186637325
3711,pittsburgh,,-0.21120226818567575
3712,pittsburgh,,-0.22235718669858787
3713,pittsburgh,,-0.973238603153395
3714,pittsburgh,,-0.28368455545186827
3715,pittsburgh,,-0.2046703171258685
3716,pittsburgh,,-0.18115605770092344
3717,pittsburgh,,-0.2702310283691434
3718,pittsburgh,,-0.9256756662755832
3719,pittsburgh,,-3.1074873390383178
3720,pittsburgh,,-0.32180288218625536
3721,pittsburgh,,-1.0017185878941721
3722,pittsburgh,,0.818004215399947
3723,pittsburgh,,0.37052233634793746
3724,pittsburgh,,0.3106605155468006
3725,pittsburgh,,0.4185065829429895
3726,pittsburgh,,0.30676223438549083
3727,pittsburgh,,-0.6930366247951025
3728,pittsburgh,,0.3552349856479372
3729,pittsburgh,,-0.6011041897298159
3730,pittsburgh,,0.6631867874039182
3731,pittsburgh,,-0.5499807868154614
3732,pittsburgh,,0.6672228455287357
3733,pittsburgh,,0.2385112446743368
3734,pittsburgh,,0.13004543751351996
3735,pittsburgh,,0.1801210972275613
3736,pittsburgh,,0.35241777397474083
3737,pittsburgh,,0.3340312869616835
3738,pittsburgh,,0.07547724440975476
3739,pittsburgh,,0.07458829447515021
3740,pittsburgh,,0.18700665403463254
3741,pittsburgh,,0.49345312151479076
3742,pittsburgh,,0.2664096050082267
3743,pittsburgh,,0.17624383236845256
3744,pittsburgh,,0.24123292409832364
3745,pittsburgh,,0.09713334370876804
3746,pittsburgh,,0.14858269343013714
3747,pittsburgh,,0.15023759645535986
3748,pittsburgh,,0.09668489280601046
3749,pittsburgh,,0.14620153833054247
3750,pittsburgh,,0.0836748570747828
3751,pittsburgh,,0.18419736096918668
3752,pittsburgh,,0.07354753253256777
3753,pittsburgh,,0.16043843854361056
3754,pittsburgh,,0.19003619812560527
3755,pittsburgh,,0.2635821461778347
3756,pittsburgh,,-1.508356751397423
3757,pittsburgh,,-1.6176807956288628
3758,pittsburgh,,-0.899133772151634
3759,pittsburgh,,-0.7797106752778796
3760,pittsburgh,,-2.4462141462572697
3761,pittsburgh,,-0.7376991074513243
3762,pittsburgh,,-3.311352114037647
3763,pittsburgh,,-3.311352114037647
3764,pittsburgh,,-3.551281173477996
3765,pittsburgh,,-1.533571769664119
3766,pittsburgh,,-3.646104057713493
3767,pittsburgh,,-0.6262038816053572
3768,pittsburgh,,-0.529946556430804
3769,pittsburgh,,-0.2737617193937877
3770,pittsburgh,,-0.1592715824503658
3771,pittsburgh,,-0.21296318668552258
3772,pittsburgh,,-0.13564650163686778
3773,pittsburgh,,-4.000955417644201
3774,pittsburgh,,-4.000955417644201
3775,pittsburgh,,-0.06680502790389223
3776,pittsburgh,,-0.04034642464119989
3777,pittsburgh,,-4.000955417644201
3778,pittsburgh,,-0.3406466814573854
3779,pittsburgh,,-1.2127280518162225
3780,pittsburgh,,-0.38235261541383253
3781,pittsburgh,,-0.028085234985501226
3782,pittsburgh,,-0.06922021394344798
3783,pittsburgh,,-0.7509715971881058
3784,pittsburgh,,-0.8532999383100668
3785,pittsburgh,,-0.788193022116978
3786,pittsburgh,,-0.7985073928804004
3787,pittsburgh,,-1.0273056359130215
3788,pittsburgh,,-1.1158727070557934
3789,pittsburgh,,-1.3307879044330335
3790,pittsburgh,,-1.0799966348351937
3791,pittsburgh,,-1.2316531137381095
3792,pittsburgh,,-1.663072312848759
3793,pittsburgh,,-1.8944533405300574
3794,pittsburgh,,0.22701823307610122
3795,pittsburgh,,0.36098657131965073
3796,pittsburgh,,0.38286405101582904
3797,pittsburgh,,0.33218909900423194
3798,pittsburgh,,0.3527236650032616
3799,pittsburgh,,-1.3896272956170692
3800,pittsburgh,,-1.4890808227124714
3801,pittsburgh,,-1.768017284227634
3802,pittsburgh,,-1.5441018102117021
3803,pittsburgh,,-0.4746653757975594
3804,pittsburgh,,-0.42623267829974976
3805,pittsburgh,,-0.5188311428105236
3806,pittsburgh,,-0.4795983357278918
3807,pittsburgh,,-3.311352114037647
3808,pittsburgh,,-3.311352114037647
3809,pittsburgh,,-2.170151091061906
3810,pittsburgh,,-1.9349101167322356
3811,pittsburgh,,-0.15801994907868497
3812,pittsburgh,,-2.310623438581402
3813,pittsburgh,,-0.2572091338813434
3814,pittsburgh,,-0.34385399200587113
3815,pittsburgh,,-2.0084479487508804
3816,pittsburgh,,-0.24420405770137613
3817,pittsburgh,,-3.464714662488322
3818,pittsburgh,,-3.464714662488322
3819,pittsburgh,,-3.385081191864242
3820,pittsburgh,,-3.464714662488322
3821,pittsburgh,,-3.464714662488322
3822,pittsburgh,,-3.311352114037647
3823,pittsburgh,,-2.678032224387663
3824,pittsburgh,,-3.0873097924332646
3825,pittsburgh,,-2.9310657484992904
3826,pittsburgh,,-3.225241880415819
3827,pittsburgh,,-4.000955417644201
3828,pittsburgh,,-3.646104057713493
3829,pittsburgh,,-3.7509258931116154
3830,pittsburgh,,-3.814676693560666
3831,pittsburgh,,-3.6357896869500705
3832,pittsburgh,,-3.7509258931116154
3833,pittsburgh,,-3.613940358278807
3834,pittsburgh,,-4.000955417644201
3835,pittsburgh,,-3.8681067354715823
3836,pittsburgh,,-3.8681067354715823
3837,pittsburgh,,-5.385183143031699
3838,pittsburgh,,-2.0362760875373653
3839,pittsburgh,,-4.134586126373546
3840,pittsburgh,,-4.335707361320047
3841,pittsburgh,,-0.7712949793664627
3842,pittsburgh,,-0.7555991977699503
3843,pittsburgh,,-2.5705092923965895
3844,pittsburgh,,-0.45648004183260904
3845,pittsburgh,,-0.18833678656656475
3846,pittsburgh,,-4.000955417644201
3847,pittsburgh,,-2.1312411471927297
3848,pittsburgh,,-0.12465675837500022
3849,pittsburgh,,-2.3402192678777225
3850,pittsburgh,,-0.18194373521728657
3851,pittsburgh,,0.0005234822650151517
3852,pittsburgh,,-0.00695404924953214
3853,pittsburgh,,0.08169309566412195
3854,pittsburgh,,-2.8411061687565544
3855,pittsburgh,,-1.9909056937713587
3856,pittsburgh,,-0.10800163620229891
3857,pittsburgh,,-1.5355627085221077
3858,pittsburgh,,0.342644532399283
3859,pittsburgh,,0.3502681977461603
3860,pittsburgh,,0.4133089849682131
3861,pittsburgh,,0.4807018414426469
3862,pittsburgh,,-0.6618613961121275
3863,pittsburgh,,-0.3648215795362726
3864,pittsburgh,,-0.9014980356126532
3865,pittsburgh,,-0.24977456024434166
3866,pittsburgh,,0.3769437575977133
3867,pittsburgh,,-4.3830824696154975
3868,pittsburgh,,-2.4544397228673174
3869,pittsburgh,,-2.3843896465090966
3870,pittsburgh,,-1.9543289746102046
3871,pittsburgh,,-1.734859601229891
3872,pittsburgh,,0.15867960258318603
3873,pittsburgh,,0.37138802864235815
3874,pittsburgh,,0.1313240975149788
3875,pittsburgh,,0.1369943403325178
3876,pittsburgh,,0.012786137801149467
3877,pittsburgh,,-1.692374030659518
3878,pittsburgh,,-0.18671194666782062
3879,pittsburgh,,0.0658063226412077
3880,pittsburgh,,-0.981651760068951
3881,pittsburgh,,-0.7309554244514841
3882,pittsburgh,,-0.9725514683909618
3883,pittsburgh,,-1.134434583994029
3884,pittsburgh,,-1.151475718298814
3885,pittsburgh,,-0.9144643937066457
3886,pittsburgh,,-0.6945315392095419
3887,pittsburgh,,-0.36937888349535797
3888,pittsburgh,,-0.14347003343007658
3889,pittsburgh,,-0.45035729152060344
3890,pittsburgh,,0.02109529944270729
3891,pittsburgh,,0.05539981135182228
3892,pittsburgh,,-0.03872314875784686
3893,pittsburgh,,0.25690152137230365
3894,pittsburgh,,0.3231209987459461
3895,pittsburgh,,0.3720021471465131
3896,pittsburgh,,0.32596296039695816
3897,pittsburgh,,0.32641141129971557
3898,pittsburgh,,1.2812116616135192
3899,pittsburgh,,0.3692206964303963
3900,pittsburgh,,1.3718142307280108
3901,pittsburgh,,0.7181995740113906
3902,pittsburgh,,1.4686061049106196
3903,pittsburgh,,0.6978171314399394
3904,pittsburgh,,1.5473440878171765
3905,pittsburgh,,1.592110191434355
3906,pittsburgh,,2.206036259377796
3907,pittsburgh,,1.62226017333049
3908,pittsburgh,,2.211858942216519
3909,pittsburgh,,2.3646270981737496
3910,pittsburgh,,2.17563852324276
3911,pittsburgh,,0.9734393311599456
3912,pittsburgh,,1.022316233577551
3913,pittsburgh,,0.01998298589379619
3914,pittsburgh,,1.0829520967323465
3915,pittsburgh,,-0.03889524497204479
3916,pittsburgh,,1.152259435563677
3917,pittsburgh,,0.9924300757058733
3918,pittsburgh,,2.0302195156377167
3919,pittsburgh,,1.171094373479492
3920,pittsburgh,,1.285636987267084
3921,pittsburgh,,0.8858583797678977
3922,pittsburgh,,0.8802385961326538
3923,pittsburgh,,1.7355596755993288
3924,pittsburgh,,1.9739333381222457
3925,pittsburgh,,1.5948222872619278
3926,pittsburgh,,1.8290687499232257
3927,pittsburgh,,1.750233748519827
3928,pittsburgh,,2.3231372048710512
3929,pittsburgh,,2.3240981022623273
3930,pittsburgh,,2.3160259860126926
3931,pittsburgh,,1.4399543975161289
3932,pittsburgh,,2.2387672096775937
3933,pittsburgh,,2.3146166377186588
3934,pittsburgh,,2.1854488890181156
3935,pittsburgh,,2.28188328474674
3936,pittsburgh,,1.6522634835335668
3937,pittsburgh,,2.2949399239971213
3938,pittsburgh,,1.4452958544607737
3939,pittsburgh,,2.3203828788256837
3940,pittsburgh,,-3.7783023700856075
3941,pittsburgh,,1.1643438364593506
3942,pittsburgh,,1.6976543432003175
3943,pittsburgh,,1.8955601782605436
3944,pittsburgh,,1.0762698724537603
3945,pittsburgh,,1.7626797241001544
3946,pittsburgh,,1.2344063731182544
3947,pittsburgh,,2.045266728425466
3948,pittsburgh,,1.10497073023024
3949,pittsburgh,,1.914045917226797
3950,pittsburgh,,2.7501234418438623
3951,pittsburgh,,1.978282240560516
3952,pittsburgh,,2.1347353992682496
3953,pittsburgh,,2.841069127924715
3954,pittsburgh,,2.0955297786790057
3955,pittsburgh,,1.5452414835118526
3956,pittsburgh,,2.854242663941089
3957,pittsburgh,,2.8768719039715864
3958,pittsburgh,,2.9054214401308087
3959,pittsburgh,,2.909125820904457
3960,pittsburgh,,2.2317749946368366
3961,pittsburgh,,2.8551071092085585
3962,pittsburgh,,2.0838083435826134
3963,pittsburgh,,2.9560619527034073
3964,pittsburgh,,2.13453906252134
3965,pittsburgh,,3.020077912432921
3966,pittsburgh,,1.8321918502033334
3967,pittsburgh,,2.111489028557983
3968,pittsburgh,,2.1520912660943
3969,pittsburgh,,2.045920359604176
3970,pittsburgh,,1.1774962385108099
3971,pittsburgh,,2.7857179711381246
3972,pittsburgh,,2.0888673490978817
3973,pittsburgh,,2.7663860292150075
3974,pittsburgh,,0.996765412029915
3975,pittsburgh,,1.7543658002118871
3976,pittsburgh,,-2.5038110308182095
3977,pittsburgh,,1.6761542354885532
3978,pittsburgh,,2.141459528659537
3979,pittsburgh,,2.3505804568303668
3980,pittsburgh,,2.3317455189145524
3981,pittsburgh,,1.3187074788223503
3982,pittsburgh,,2.3705619736849806
3983,pittsburgh,,0.8781717108044489
3984,pittsburgh,,2.3701135227822228
3985,pittsburgh,,1.5969241158075478
3986,pittsburgh,,1.4646310994940863
3987,pittsburgh,,2.4941342032688323
3988,pittsburgh,,2.3748883911077137
3989,pittsburgh,,1.1316582863484794
3990,pittsburgh,,1.4829095239377705
3991,pittsburgh,,0.8618846612725303
3992,pittsburgh,,-2.416585348080043
3993,pittsburgh,,1.9173205329971748
3994,pittsburgh,,1.2657784126339162
3995,pittsburgh,,1.9156154435765211
3996,pittsburgh,,1.779481015511075
3997,pittsburgh,,1.7279881483525343
3998,pittsburgh,,1.5376568265647477
3999,pittsburgh,,1.9976652274211948
4000,pittsburgh,,1.979258342072709
4001,pittsburgh,,1.712129806091113
4002,pittsburgh,,-0.05822825734870496
4003,pittsburgh,,1.3579505186547343
4004,pittsburgh,,-0.34465705991905526
4005,pittsburgh,,1.556843554470113
4006,pittsburgh,,1.714488460000999
4007,pittsburgh,,-0.16987046261713412
4008,pittsburgh,,1.677389249786724
4009,pittsburgh,,-2.4718248828900973
4010,pittsburgh,,-2.4498507886549796
4011,pittsburgh,,1.5824323971128074
4012,pittsburgh,,1.2080348798151994
4013,pittsburgh,,1.5585381535428304
4014,pittsburgh,,-2.4740671374038845
4015,pittsburgh,,-2.4525414940715247
4016,pittsburgh,,1.1918906473159296
4017,pittsburgh,,1.3190565604538964
4018,pittsburgh,,1.0680172199431714
4019,pittsburgh,,1.1848484701903406
4020,pittsburgh,,1.1706656843189898
4021,pittsburgh,,0.7637737580600162
4022,pittsburgh,,1.1440641902238602
4023,pittsburgh,,1.2141916930556953
4024,pittsburgh,,1.3248115631435993
4025,pittsburgh,,1.2217515255719509
4026,pittsburgh,,-2.850976166680064
4027,pittsburgh,,1.328760106063251
4028,pittsburgh,,1.184988751780636
4029,pittsburgh,,1.1202683886923555
4030,pittsburgh,,1.282569663079229
4031,pittsburgh,,1.354910667794107
4032,pittsburgh,,1.0303005517558934
4033,pittsburgh,,1.0065153927753057
4034,pittsburgh,,-2.7063647050322674
4035,pittsburgh,,0.8267516969276211
4036,pittsburgh,,1.0171790793624098
4037,pittsburgh,,1.1730883084236554
4039,pittsburgh,,0.9178390795104047
4040,pittsburgh,,0.8067183013245438
4041,pittsburgh,,-2.276621588599863
4042,pittsburgh,,0.9308998550811787
4043,pittsburgh,,0.8881695654187948
4044,pittsburgh,,0.8612873918370048
4045,pittsburgh,,1.0399478066289731
4046,pittsburgh,,1.0810548571719887
4047,pittsburgh,,0.9164782400446551
4048,pittsburgh,,0.7453145677410977
4049,pittsburgh,,0.7009179283681057
4050,pittsburgh,,1.0370409540644872
4051,pittsburgh,,-1.8060838814926161
4052,pittsburgh,,-1.6592659581571076
4053,pittsburgh,,1.1064868314615226
4054,pittsburgh,,-1.699178088502525
4055,pittsburgh,,-1.6516422928102303
4056,pittsburgh,,1.1559310786868036
4057,pittsburgh,,1.1990764240667708
4058,pittsburgh,,0.6476453085935728
4059,pittsburgh,,1.141271243759605
4060,pittsburgh,,1.1050509164649822
4061,pittsburgh,,0.4023171089879002
4062,pittsburgh,,1.11402247539794
4063,pittsburgh,,1.2262993282184083
4064,pittsburgh,,0.9461545830842709
4065,pittsburgh,,0.692128692037101
4066,pittsburgh,,1.0440874541621232
4067,pittsburgh,,0.6831596739819511
4068,pittsburgh,,0.6218560471681702
4069,pittsburgh,,0.9259742924601836
4070,pittsburgh,,0.6656415725636912
4071,pittsburgh,,0.6094752523897806
4072,pittsburgh,,1.4337041310542047
4073,pittsburgh,,0.4692612073758233
4074,pittsburgh,,1.4789254734802784
4075,pittsburgh,,0.5186922951844355
4076,pittsburgh,,1.2728412073835886
4077,pittsburgh,,0.44145725140485864
4078,pittsburgh,,0.616233192194695
4079,pittsburgh,,1.2627921577485581
4080,pittsburgh,,-1.2756212116526546
4081,pittsburgh,,-1.2438457845702773
4082,pittsburgh,,0.5572450770767597
4083,pittsburgh,,-4.59783702351714
4084,pittsburgh,,0.5212493348733768
4085,pittsburgh,,-1.216597839315618
4086,pittsburgh,,-1.1367008202891418
4087,pittsburgh,,1.3658902476115242
4088,pittsburgh,,0.5500764610681229
4089,pittsburgh,,0.615390251597934
4090,pittsburgh,,1.1154488413214334
4091,pittsburgh,,1.1033406669469812
4092,pittsburgh,,-4.35074057609776
4093,pittsburgh,,1.3704101741755574
4094,pittsburgh,,-1.9837831490992184
4095,pittsburgh,,1.3298355033031979
4096,pittsburgh,,0.9647683550955648
4097,pittsburgh,,1.0112084881280288
4098,pittsburgh,,-4.311725347557857
4099,pittsburgh,,-2.0365282087976495
4100,pittsburgh,,0.2892322334543902
4101,pittsburgh,,0.9065011540022656
4102,pittsburgh,,-1.5799778824323019
4103,pittsburgh,,0.8985803239955001
4104,pittsburgh,,0.8624658789727466
4105,pittsburgh,,0.796941314091866
4106,pittsburgh,,0.37157641374305
4107,pittsburgh,,-4.146560258602838
4108,pittsburgh,,-1.2234539964687023
4109,pittsburgh,,0.5329970041358044
4110,pittsburgh,,-1.534012999547506
4111,pittsburgh,,0.7746347037264346
4112,pittsburgh,,0.8107588684153741
4113,pittsburgh,,0.2938879064095682
4114,pittsburgh,,1.1916893068886774
4115,pittsburgh,,0.8709640502941404
4116,pittsburgh,,0.42156423099221385
4117,pittsburgh,,1.1240648061007374
4118,pittsburgh,,-1.20835357623903
4119,pittsburgh,,1.0001728582722316
4120,pittsburgh,,-1.2164902795020702
4121,pittsburgh,,0.9740656911906965
4122,pittsburgh,,-1.3070773618590843
4123,pittsburgh,,-1.3272576524831716
4124,pittsburgh,,1.019017996422846
4125,pittsburgh,,0.9405467487326726
4126,pittsburgh,,-1.3085302743809049
4127,pittsburgh,,-1.3233291541719021
4128,pittsburgh,,-2.366223690230943
4129,pittsburgh,,-1.3210868996581147
4130,pittsburgh,,-1.3487187088021264
4131,pittsburgh,,-2.4531360788066126
4132,pittsburgh,,-2.241670015111491
4133,pittsburgh,,0.4523883215389711
4134,pittsburgh,,0.1919151651973838
4135,pittsburgh,,-1.3828927056106182
4136,pittsburgh,,0.38626879237761225
4137,pittsburgh,,-2.4262290246411626
4138,pittsburgh,,0.3642039528429231
4139,pittsburgh,,0.25215449663097106
4140,pittsburgh,,-2.218691003516115
4141,pittsburgh,,0.8021552532234134
4142,pittsburgh,,0.6188881144299073
4143,pittsburgh,,0.8281654055833482
4144,pittsburgh,,-1.877768762756408
4145,pittsburgh,,-1.825721316851021
4146,pittsburgh,,0.28654041137262437
4147,pittsburgh,,-3.7398493191466207
4148,pittsburgh,,0.4345710332498988
4149,pittsburgh,,-0.24385559924884606
4150,pittsburgh,,0.6201911931134836
4151,pittsburgh,,0.8403489677049805
4152,pittsburgh,,0.6040938415566907
4153,pittsburgh,,0.8213503809079279
4154,pittsburgh,,0.5560113409360419
4155,pittsburgh,,0.6310008957221405
4156,pittsburgh,,0.7408951458519415
4157,pittsburgh,,0.8797531940951366
4158,pittsburgh,,0.6359338556524728
4159,pittsburgh,,-1.3594825133676565
4160,pittsburgh,,0.887376859442014
4161,pittsburgh,,0.9039887993636274
4162,pittsburgh,,-1.3793050983885582
4163,pittsburgh,,0.8842377031227115
4164,pittsburgh,,-1.3724866066482737
4165,pittsburgh,,-1.3743721384582257
4166,pittsburgh,,0.022767496894075936
4167,pittsburgh,,0.5504434657218881
4168,pittsburgh,,0.5868545531489942
4169,pittsburgh,,-1.4370635366453532
4170,pittsburgh,,-3.3426077047998373
4171,pittsburgh,,0.6180174016720594
4172,pittsburgh,,-0.04640477198812599
4173,pittsburgh,,0.5115323857711691
4174,pittsburgh,,-0.00487925084097766
4175,pittsburgh,,0.5335064800062864
4176,pittsburgh,,-0.06539880044033675
4177,pittsburgh,,-0.056739759748003105
4178,pittsburgh,,0.3962126509182071
4179,pittsburgh,,0.5636384311368529
4180,pittsburgh,,-0.4991280349966738
4181,pittsburgh,,-0.3620124636773767
4182,pittsburgh,,-0.20861730293681172
4183,pittsburgh,,-0.20535616901525464
4184,pittsburgh,,-0.07259921504155883
4185,pittsburgh,,-0.14817486487852474
4186,pittsburgh,,-0.12211644792931384
4187,pittsburgh,,-0.13552801148693172
4188,pittsburgh,,-0.4667222605187126
4189,pittsburgh,,-0.6055959065412063
4190,pittsburgh,,-1.5985899295445853
4191,pittsburgh,,-0.21661053832675367
4192,pittsburgh,,-0.4387798310078066
4193,pittsburgh,,-0.4531302598960465
4194,pittsburgh,,-2.8326194737005537
4195,pittsburgh,,-0.6740849495141006
4196,pittsburgh,,-0.21895536615730296
4197,pittsburgh,,-2.4550393003362188
4198,pittsburgh,,-1.1313460416468821
4199,pittsburgh,,-0.3770098276816071
4200,pittsburgh,,-0.3273465161861982
4201,pittsburgh,,-2.9406961412651103
4202,pittsburgh,,-0.37308850826746287
4203,pittsburgh,,-2.6119971163013425
4204,pittsburgh,,-2.7398056235872286
4205,pittsburgh,,-0.7450510207254765
4206,pittsburgh,,-1.4203115485490405
4207,pittsburgh,,-1.5255511599087652
4208,pittsburgh,,-0.7773394857240161
4209,pittsburgh,,-0.7620921550302613
4210,pittsburgh,,-0.8226330269025232
4211,pittsburgh,,-2.063768672444369
4212,pittsburgh,,-1.474520114476331
4213,pittsburgh,,-0.8632158514502432
4214,pittsburgh,,-0.8925599726110357
4215,pittsburgh,,-0.947156244036777
4216,pittsburgh,,-0.937290324176112
4217,pittsburgh,,-1.3725478667752073
4218,pittsburgh,,-1.139140492812479
4219,pittsburgh,,-3.460948377988946
4220,pittsburgh,,-2.049188540122963
4221,pittsburgh,,-3.5485716732122405
4222,pittsburgh,,-0.44133893098296023
4223,pittsburgh,,-0.5165910851210638
4224,pittsburgh,,-0.6513144452739382
4225,pittsburgh,,-0.5647584614904811
4226,pittsburgh,,-0.48116346380322156
4227,pittsburgh,,-3.701726651444162
4228,pittsburgh,,-3.4213452825567163
4229,pittsburgh,,-0.7043966972221583
4230,pittsburgh,,-0.5854309317268296
4231,pittsburgh,,-0.5854309317268296
4232,pittsburgh,,-0.5854309317268296
4233,pittsburgh,,-0.5854309317268296
4234,pittsburgh,,-0.6015751642260995
4235,pittsburgh,,-0.5926061461709495
4236,pittsburgh,,-0.6024720660316144
4237,pittsburgh,,-0.6154771422115818
4238,pittsburgh,,-0.6087503786702194
4239,pittsburgh,,-0.6145802404060668
4240,pittsburgh,,-0.6069565750591893
4241,pittsburgh,,-0.6114410840867643
4242,pittsburgh,,-0.5890185389488896
4243,pittsburgh,,-0.5872247353378596
4244,pittsburgh,,-0.4373842597534409
4245,pittsburgh,,-0.4832077871279574
4246,pittsburgh,,-0.35450237803655604
4247,pittsburgh,,-0.3334251856069537
4248,pittsburgh,,-0.4798621814399364
4249,pittsburgh,,-0.3018000318596936
4250,pittsburgh,,-0.3269132824141133
4251,pittsburgh,,-0.41842440776215944
4252,pittsburgh,,-0.29168705480215007
4253,pittsburgh,,-0.3233528163775703
4254,pittsburgh,,-0.46371794894066665
4255,pittsburgh,,-0.3002076219545425
4256,pittsburgh,,-0.3740277683891674
4257,pittsburgh,,-0.29061498751693066
4258,pittsburgh,,-0.2245542312716375
4259,pittsburgh,,-0.20033788252273277
4260,pittsburgh,,-0.6047172606704734
4261,pittsburgh,,-0.7165166921973504
4262,pittsburgh,,-0.6226552967807732
4263,pittsburgh,,-0.5791555592132962
4264,pittsburgh,,-0.7602040633492579
4265,pittsburgh,,-0.7048569687256554
4266,pittsburgh,,-0.644511846471408
4267,pittsburgh,,-0.5632214069240834
4268,pittsburgh,,-0.5699481704654457
4269,pittsburgh,,-1.0978856589240464
4270,pittsburgh,,-1.674499537964449
4271,pittsburgh,,-1.6825716542140836
4272,pittsburgh,,-1.6524174281745878
4273,pittsburgh,,-1.648289641850848
4274,pittsburgh,,-3.5872721165769903
4275,pittsburgh,,-2.397879653204999
4276,pittsburgh,,-2.0864872923197235
4277,pittsburgh,,-1.0599362498172615
4278,pittsburgh,,-1.0486559100597983
4279,pittsburgh,,-1.1972617807250665
4280,pittsburgh,,-1.0939494512383054
4281,pittsburgh,,-1.0271302667274387
4282,pittsburgh,,-1.262310479990115
4283,pittsburgh,,-1.1720903132426066
4284,pittsburgh,,-1.1456317099799143
4285,pittsburgh,,-1.1783453075159998
4286,pittsburgh,,-3.147571007227849
4287,pittsburgh,,-3.0937568988969497
4288,pittsburgh,,-3.0289068213063897
4289,pittsburgh,,-2.8869271988334133
4290,pittsburgh,,-3.0181684400845983
4291,pittsburgh,,0.8183155354407391
4292,pittsburgh,,0.8719257760935517
4293,pittsburgh,,-5.049526637257949
4294,pittsburgh,,-2.2232032613997417
4295,pittsburgh,,-1.79494241525213
4296,pittsburgh,,-1.2434095943316201
4297,pittsburgh,,-1.4576723687278874
4298,pittsburgh,,-4.611290550599865
4299,pittsburgh,,-4.526084879075941
4300,pittsburgh,,-4.034895983816222
4301,pittsburgh,,-4.073911212356124
4302,pittsburgh,,-3.480887069049448
4303,pittsburgh,,-3.3828824005516536
4304,pittsburgh,,-3.406650298397801
4305,pittsburgh,,-0.6309621244346797
4306,pittsburgh,,-0.7636935414157083
4307,pittsburgh,,-0.7067402767655062
4308,pittsburgh,,-0.6977712587103564
4309,pittsburgh,,-2.370318323594951
4310,pittsburgh,,-2.4411659059382464
4311,pittsburgh,,-1.3434270958822847
4312,pittsburgh,,-3.189520364109847
4313,pittsburgh,,-1.3183138453278649
4314,pittsburgh,,-1.3169684926195924
4315,pittsburgh,,-1.3810098851546295
4316,pittsburgh,,-1.266741991510753
4317,pittsburgh,,-1.3747315725160245
4318,pittsburgh,,-1.3370616966843947
4319,pittsburgh,,-1.3307833840457899
4320,pittsburgh,,-3.681122108196073
4321,pittsburgh,,-2.432625226810913
4322,pittsburgh,,-1.9709345364691777
4323,pittsburgh,,-1.8295373453603063
4324,pittsburgh,,-1.7651032323958762
4325,pittsburgh,,-2.9033127074751275
4326,pittsburgh,,-1.5750790422735104
4327,pittsburgh,,-1.5801145755206047
4328,pittsburgh,,-1.762345281308558
4329,pittsburgh,,-3.2942047976528013
4330,pittsburgh,,-3.247117452863264
4331,pittsburgh,,-1.7479948524203182
4332,pittsburgh,,-2.38052585581953
4333,pittsburgh,,-2.875565393975786
4334,pittsburgh,,-2.9775740198616205
4335,pittsburgh,,-1.9499829145721674
4336,pittsburgh,,-2.3623285188531007
4337,pittsburgh,,-0.2403750081641717
4338,pittsburgh,,-0.2713259469195271
4339,pittsburgh,,-0.2856608890502899
4340,pittsburgh,,-0.26146002705886223
4341,pittsburgh,,-0.3006474024257178
4342,pittsburgh,,-0.3338327692297726
4343,pittsburgh,,-0.7617820820511467
4344,pittsburgh,,-1.8028911947570354
4345,pittsburgh,,-1.79123147128534
4346,pittsburgh,,-1.6735375910092103
4347,pittsburgh,,-0.9481426595061473
4348,pittsburgh,,-1.0655043182958202
4349,pittsburgh,,-2.0754146348015703
4350,pittsburgh,,-2.6817534156185654
4351,pittsburgh,,-2.317697168075837
4352,pittsburgh,,-3.385081191864242
4353,pittsburgh,,-3.385081191864242
4354,pittsburgh,,-2.4597507378604764
4355,pittsburgh,,-2.3776235480593395
4356,pittsburgh,,-2.5632940803909228
4357,pittsburgh,,-2.5224850482399908
4358,pittsburgh,,-2.4879543287276635
4359,pittsburgh,,-2.390815786138564
4360,pittsburgh,,-2.1249987941846302
4361,pittsburgh,,-1.829466284238331
4362,pittsburgh,,-2.695477888257688
4363,pittsburgh,,-2.9565007541069397
4364,pittsburgh,,-2.7344980763488507
4365,pittsburgh,,-4.5577100390781355
4366,pittsburgh,,-2.7344980763488507
4367,pittsburgh,,-2.2405045298053143
4368,pittsburgh,,-2.281117812338232
4369,pittsburgh,,-1.6704358829129187
4370,pittsburgh,,-2.3676843233279055
4371,pittsburgh,,-2.1249987941846302
4372,pittsburgh,,-3.007531799539374
4373,pittsburgh,,-2.2245705526696176
4374,pittsburgh,,-2.2245705526696176
4375,pittsburgh,,-3.0613225895050618
4376,pittsburgh,,-2.2783613426353053
4377,pittsburgh,,-3.731229197330218
4378,pittsburgh,,-3.571580675948549
4379,pittsburgh,,-3.4670916156060523
4380,pittsburgh,,-3.845370438034893
4381,pittsburgh,,-0.5369843932080278
4382,pittsburgh,,-0.5423658040411178
4383,pittsburgh,,-0.8218915955926707
4384,pittsburgh,,-0.7891546796913735
4385,pittsburgh,,-2.9782462595039907
4386,pittsburgh,,-3.1427142780171256
4387,pittsburgh,,-2.305494396683747
4388,pittsburgh,,-2.3840650328652315
4389,pittsburgh,,-2.2238763323818826
4390,pittsburgh,,-1.1229656505890884
4391,pittsburgh,,-1.1341769231580259
4392,pittsburgh,,-1.1691560935731105
4393,pittsburgh,,-1.1489758029490231
4394,pittsburgh,,-1.269357891344039
4395,pittsburgh,,-1.186645678780653
4396,pittsburgh,,-1.180829933726447
4397,pittsburgh,,-1.2675640877330092
4398,pittsburgh,,-1.3600265089943053
4399,pittsburgh,,-1.269357891344039
4400,pittsburgh,,0.259469907378545
4401,pittsburgh,,0.24825863480960755
4402,pittsburgh,,0.22807834418552023
4403,pittsburgh,,0.2720265326557549
4404,pittsburgh,,0.259469907378545
4405,pittsburgh,,0.22897524599103522
4406,pittsburgh,,0.28009864890538977
4407,pittsburgh,,-1.0493901350726353
4408,pittsburgh,,0.319113877445292
4409,pittsburgh,,0.10932509319357504
4410,pittsburgh,,0.007526738267623468
4411,pittsburgh,,-0.060745814506259474
4412,pittsburgh,,-0.6659370346598027
4413,pittsburgh,,-0.5993252541949902
4414,pittsburgh,,-0.6138141566231713
4415,pittsburgh,,-0.6048451385680212
4416,pittsburgh,,-2.1018846179439024
4417,pittsburgh,,-1.9679054639249902
4418,pittsburgh,,-1.9450344678843579
4419,pittsburgh,,-3.162421677294067
4420,pittsburgh,,-1.7293372439503911
4421,pittsburgh,,-1.740100065616571
4422,pittsburgh,,-3.2370439627838454
4423,pittsburgh,,-3.2578558340850554
4424,pittsburgh,,-2.3539240755288056
4425,pittsburgh,,-1.1159527808266756
4426,pittsburgh,,-0.8370163193115128
4427,pittsburgh,,-1.1230479214999134
4428,pittsburgh,,-1.0490535225449267
4429,pittsburgh,,-1.046227660388121
4430,pittsburgh,,-1.0961408673344637
4431,pittsburgh,,-1.070130714974529
4432,pittsburgh,,-1.046227660388121
4433,pittsburgh,,-1.1203572160833684
4434,pittsburgh,,-2.199306129747858
4435,pittsburgh,,-2.158626047153269
4436,pittsburgh,,-1.9929210988090214
4437,pittsburgh,,-3.5097896650639533
4438,pittsburgh,,-4.177767770674137
4439,pittsburgh,,-1.8559162512696725
4440,pittsburgh,,-1.7408551593277504
4441,pittsburgh,,-1.8016536920360156
4442,pittsburgh,,-1.3835978960020188
4443,pittsburgh,,-1.0429946701764878
4444,pittsburgh,,-1.0102577542751905
4445,pittsburgh,,-0.9676549185132284
4446,pittsburgh,,-0.836258804005282
4447,pittsburgh,,-0.29435668380935265
4448,pittsburgh,,-0.3161879610118208
4449,pittsburgh,,-0.3647634755422796
4450,pittsburgh,,-0.3575882610981596
4451,pittsburgh,,-0.14100224607315895
4452,pittsburgh,,-0.2621920053724265
4453,pittsburgh,,-0.40163263920329506
4454,pittsburgh,,-0.4682796768872086
4455,pittsburgh,,-0.4092563045501726
4456,pittsburgh,,-0.6146499744954295
4457,pittsburgh,,-0.2847715221313415
4458,pittsburgh,,-0.33698534081337506
4459,pittsburgh,,-0.38766029282497216
4460,pittsburgh,,-0.3649489157026485
4461,pittsburgh,,-0.8371988960533812
4462,pittsburgh,,-0.8823665106331255
4463,pittsburgh,,-1.2132042842213449
4464,pittsburgh,,-0.5704876503371331
4465,pittsburgh,,-0.9956784551984421
4466,pittsburgh,,-0.6753094857352552
4467,pittsburgh,,-0.8867800590957838
4468,pittsburgh,,-0.9145840150667487
4469,pittsburgh,,-1.4476663315816385
4470,pittsburgh,,-4.031442418739322
4471,pittsburgh,,-3.979422114019452
4472,pittsburgh,,-3.6080052118722348
4473,pittsburgh,,-3.518763482223493
4474,pittsburgh,,-3.459432806319243
4475,pittsburgh,,-4.124058016111637
4476,pittsburgh,,-4.018672053963626
4477,pittsburgh,,-4.060960022831672
4478,pittsburgh,,-3.4661610608732616
4479,pittsburgh,,-1.270029973737968
4480,pittsburgh,,-0.9685274910834029
4481,pittsburgh,,-3.446804800439878
4482,pittsburgh,,-3.22233697736447
4483,pittsburgh,,-0.9076577322790547
4484,pittsburgh,,-4.1210535583962775
4485,pittsburgh,,-0.8623641911005476
4486,pittsburgh,,-0.900857672563965
4487,pittsburgh,,-0.9125173960356598
4488,pittsburgh,,-0.9640892498527719
4489,pittsburgh,,-0.9793365805465267
4490,pittsburgh,,-0.9534938998881345
4491,pittsburgh,,-0.9835401103728867
4492,pittsburgh,,-0.8938499298213876
4493,pittsburgh,,-0.5574060705229331
4494,pittsburgh,,-0.4524685592776791
4495,pittsburgh,,-0.4408821319797115
4496,pittsburgh,,-1.035392943391214
4497,pittsburgh,,-0.5556855630856304
4498,pittsburgh,,-1.1702662601967235
4499,pittsburgh,,-0.9451244690296583
4500,pittsburgh,,-2.359210272665956
4501,pittsburgh,,-1.0357115513866726
4502,pittsburgh,,-2.373080855529782
4503,pittsburgh,,-2.3651427077185656
4504,pittsburgh,,-2.3329739127028093
4505,pittsburgh,,-2.166927408699752
4506,pittsburgh,,-2.3401491271469292
4507,pittsburgh,,-3.0905225288817078
4508,pittsburgh,,-2.3437367343689894
4509,pittsburgh,,-2.3513603997158667
4510,pittsburgh,,-2.333422363605567
4511,pittsburgh,,-2.314587425689752
4512,pittsburgh,,-2.3392522253414145
4513,pittsburgh,,-2.30606685853736
4514,pittsburgh,,-2.30606685853736
4515,pittsburgh,,-2.312793622078722
4516,pittsburgh,,-1.9628406552735589
4517,pittsburgh,,-2.155943021069998
4518,pittsburgh,,-2.26806357322446
4519,pittsburgh,,-2.41266450766604
4520,pittsburgh,,-2.756676232151502
4521,pittsburgh,,-2.696361567882452
4522,pittsburgh,,-2.639495389791535
4523,pittsburgh,,-2.733168277858785
4524,pittsburgh,,-0.44648957453136007
4525,pittsburgh,,-0.4880259078118007
4526,pittsburgh,,-0.037688688128317833
4527,pittsburgh,,-0.4603915525168424
4528,pittsburgh,,-0.04486389280582285
4529,pittsburgh,,-0.5352828532773443
4530,pittsburgh,,-0.23396403993715612
4531,pittsburgh,,-1.0406252312138322
4532,pittsburgh,,0.11961501518941633
4533,pittsburgh,,0.4907509032186295
4534,pittsburgh,,-1.0393669650648445
4535,pittsburgh,,-1.093093986836459
4536,pittsburgh,,-0.5384220095966467
4537,pittsburgh,,-1.0442128384358922
4538,pittsburgh,,-0.6589798199041303
4539,pittsburgh,,-1.1277117929080713
4540,pittsburgh,,-1.1676239232534884
4541,pittsburgh,,-1.0754978499645529
4542,pittsburgh,,-1.371253874678279
4543,pittsburgh,,-0.04282960574851484
4544,pittsburgh,,-0.31630160663455725
4545,pittsburgh,,-1.1943349927358626
4546,pittsburgh,,-1.3170646875735958
4547,pittsburgh,,-2.9261990798930184
4548,pittsburgh,,-2.952485536328757
4549,pittsburgh,,1.198731371548672
4550,pittsburgh,,1.1851353693739048
4551,pittsburgh,,1.4321487317861015
4552,pittsburgh,,1.4843015919843803
4553,pittsburgh,,-2.99788646377901
4554,pittsburgh,,1.4836239710642747
4555,pittsburgh,,-2.545261516628603
4556,pittsburgh,,1.4571469284472585
4557,pittsburgh,,-2.5978526004465006
4558,pittsburgh,,-2.6379991179713533
4559,pittsburgh,,-1.0883547271672729
4560,pittsburgh,,1.1209332888839627
4561,pittsburgh,,1.1373965786742684
4562,pittsburgh,,1.0681882291855311
4563,pittsburgh,,-0.9891465858573962
4564,pittsburgh,,-2.479810458357268
4565,pittsburgh,,-0.6063244230582079
4566,pittsburgh,,-0.28845981956242817
4567,pittsburgh,,-0.8267360596116837
4568,pittsburgh,,-0.5121497334791337
4569,pittsburgh,,-0.8103381886912117
4570,pittsburgh,,-0.7270602892167363
4571,pittsburgh,,-1.0533109804606189
4572,pittsburgh,,-3.69217525070434
4573,pittsburgh,,-0.8876057124039198
4574,pittsburgh,,-1.0757335255984937
4575,pittsburgh,,-1.0408216183608168
4576,pittsburgh,,-1.2290960740491683
4577,pittsburgh,,-0.9083055314770366
4578,pittsburgh,,-0.8559309513822246
4579,pittsburgh,,-0.6223131935255671
4580,pittsburgh,,-0.8367076926942557
4581,pittsburgh,,-0.5953260655892354
4582,pittsburgh,,-0.022942259842334736
4583,pittsburgh,,-0.5343088010303545
4584,pittsburgh,,-0.5967786332539063
4585,pittsburgh,,-0.5277844574066606
4586,pittsburgh,,-0.5598628421951428
4587,pittsburgh,,-0.5058306975192908
4588,pittsburgh,,-4.556813137272621
4589,pittsburgh,,-0.7571816095710621
4590,pittsburgh,,-3.952522720146391
4591,pittsburgh,,-2.404255130564813
4592,pittsburgh,,-5.256718614624301
4593,pittsburgh,,-2.143016546511556
4594,pittsburgh,,-1.8939110649700033
4595,pittsburgh,,-5.071401176829056
4596,pittsburgh,,-2.0692370016501562
4597,pittsburgh,,-5.029246791969851
4598,pittsburgh,,-1.8037164910604053
4599,pittsburgh,,-0.38235240686704663
4600,pittsburgh,,-0.1171076523774837
4601,pittsburgh,,0.05182545660889409
4602,pittsburgh,,0.0464440457758041
4603,pittsburgh,,0.056758416539226496
4604,pittsburgh,,0.15195628418840798
4605,pittsburgh,,0.15195628418840798
4606,pittsburgh,,0.15845643242676152
4607,pittsburgh,,0.13984705461017277
4608,pittsburgh,,0.06561160879848275
4609,pittsburgh,,0.034010251616602157
4610,pittsburgh,,0.013735556629589751
4611,pittsburgh,,4.365885416435351e-05
4612,pittsburgh,,0.10909597999862788
4613,pittsburgh,,0.09002267139011252
4614,pittsburgh,,0.20448828737126432
4615,pittsburgh,,0.3027133071909998
4616,pittsburgh,,0.3730860588295957
4617,pittsburgh,,0.1429099195667823
4618,pittsburgh,,0.29382070944363897
4619,pittsburgh,,0.14742653448708243
4620,pittsburgh,,0.32725219001051453
4621,pittsburgh,,0.11451322492943214
4622,pittsburgh,,0.2513064083432919
4623,pittsburgh,,-0.8533876079547851
4624,pittsburgh,,-1.2395266008291785
4625,pittsburgh,,-0.6429168798791539
4626,pittsburgh,,-1.2062474001327932
4627,pittsburgh,,0.2070014971692222
4628,pittsburgh,,-0.7332898525750612
4629,pittsburgh,,0.4763402268659399
4630,pittsburgh,,-1.2451656066219663
4631,pittsburgh,,-0.598222062938521
4632,pittsburgh,,-1.2756602680094762
4633,pittsburgh,,-1.4303913162182893
4634,pittsburgh,,1.1068287195050304
4635,pittsburgh,,-0.6195974329357642
4636,pittsburgh,,-1.2515955690433114
4637,pittsburgh,,-0.4124537729702786
4638,pittsburgh,,-0.9968918968371838
4639,pittsburgh,,1.0854200514354353
4640,pittsburgh,,-0.4827080996401427
4641,pittsburgh,,0.9791988245029521
4642,pittsburgh,,-0.4568293709868134
4643,pittsburgh,,0.981997089733045
4644,pittsburgh,,1.0002760169325542
4645,pittsburgh,,-0.6336048744944557
4646,pittsburgh,,1.0160522171570978
4647,pittsburgh,,0.9887238532744075
4648,pittsburgh,,0.99102971190225
4649,pittsburgh,,0.9454834715028885
4650,pittsburgh,,0.808176189275408
4651,pittsburgh,,0.8562417418541467
4652,pittsburgh,,1.1096980372053833
4653,pittsburgh,,0.8109482006756397
4654,pittsburgh,,0.7677108153970204
4655,pittsburgh,,0.6680645095229514
4656,pittsburgh,,0.5771827858391395
4657,pittsburgh,,0.6577399458538584
4658,pittsburgh,,0.3690980307188184
4659,pittsburgh,,-0.0844552392699864
4660,pittsburgh,,0.47173321957707287
4661,pittsburgh,,0.03779971035585677
4662,pittsburgh,,0.5138876044362775
4663,pittsburgh,,-0.5149690888165327
4664,pittsburgh,,-0.5828256185996409
4665,pittsburgh,,-0.6822159291065106
4666,pittsburgh,,-0.1870889963902751
4667,pittsburgh,,0.653761738935073
4668,pittsburgh,,0.9056673719488012
4669,pittsburgh,,-1.0968187207825106
4670,pittsburgh,,-1.221563185968717
4671,pittsburgh,,1.0936301219675255
4672,pittsburgh,,0.4003222287622416
4673,pittsburgh,,0.9733806930151115
4674,pittsburgh,,0.6887101993296426
4675,pittsburgh,,1.1147568412489361
4676,pittsburgh,,0.912698697283121
4677,pittsburgh,,1.1729642976574666
4678,pittsburgh,,1.1409060343977908
4679,pittsburgh,,0.7804311289822562
4680,pittsburgh,,0.39482514208201974
4681,pittsburgh,,0.8609937534716651
4682,pittsburgh,,0.7843086491001332
4683,pittsburgh,,-0.594846594543051
4684,pittsburgh,,0.525679427896403
4685,pittsburgh,,0.3261399215476841
4686,pittsburgh,,0.3837278957683302
4687,pittsburgh,,0.2944383809918436
4688,pittsburgh,,0.4251193472604391
4689,pittsburgh,,0.3332150566678052
4690,pittsburgh,,0.3724248950004708
4691,pittsburgh,,0.5271247983789841
4692,pittsburgh,,-0.16512537692888415
4693,pittsburgh,,-0.028775724724862242
4694,pittsburgh,,0.0447648034168063
4695,pittsburgh,,0.30556404222836997
4696,pittsburgh,,0.24618539329001513
4697,pittsburgh,,-0.3600468251362881
4698,pittsburgh,,-0.333870251398711
4699,pittsburgh,,0.40112412489777566
4700,pittsburgh,,-0.322781379511544
4701,pittsburgh,,-0.32928589975336037
4702,pittsburgh,,-0.37478940052037496
4703,pittsburgh,,-0.35526465699163834
4704,pittsburgh,,-0.28627926932306563
4705,pittsburgh,,-0.40864993185102416
4706,pittsburgh,,-1.6912053077477855
4707,pittsburgh,,-1.7933842121352725
4708,pittsburgh,,-1.9534480911667806
4709,pittsburgh,,-2.4147527601413974
4710,pittsburgh,,-1.4349184161123665
4711,pittsburgh,,-2.0743028789024693
4712,pittsburgh,,-4.966831960996915
4713,pittsburgh,,-5.014367756689209
4714,pittsburgh,,-2.4037824813832995
4715,pittsburgh,,-2.2218304075105686
4716,pittsburgh,,-2.278109013654801
4717,pittsburgh,,-1.2993814021049075
4718,pittsburgh,,-3.5464678018116853
4719,pittsburgh,,-2.2644593646498232
4720,pittsburgh,,-3.774748792208379
4721,pittsburgh,,-2.2156015346144677
4722,pittsburgh,,-2.4396485033687085
4723,pittsburgh,,-2.1025762490467557
4724,pittsburgh,,-1.7201491725637932
4725,pittsburgh,,-1.773939962529481
4726,pittsburgh,,-1.773939962529481
4727,pittsburgh,,-1.7201491725637932
4728,pittsburgh,,-1.6986235292314333
4729,pittsburgh,,-1.7201491725637932
4730,pittsburgh,,-1.7013142346479782
4731,pittsburgh,,-1.7066956454810682
4732,pittsburgh,,-1.7143193108279458
4733,pittsburgh,,-1.6986235292314333
4734,pittsburgh,,-1.773939962529481
4735,pittsburgh,,-1.773939962529481
4736,pittsburgh,,-1.8402236095783053
4737,pittsburgh,,-2.435879358675397
4738,pittsburgh,,-0.008383074405897058
4739,pittsburgh,,-3.2893058670673003
4740,pittsburgh,,0.6151199273007648
4741,pittsburgh,,0.5761046987608628
4742,pittsburgh,,-3.4057874259371177
4743,pittsburgh,,-2.717612501344745
4744,pittsburgh,,-2.742331294302774
4745,pittsburgh,,-1.7636166640308566
4746,pittsburgh,,-1.8270580083627455
4747,pittsburgh,,-2.489987478195464
4748,pittsburgh,,-2.592042596021338
4749,pittsburgh,,-3.373674330124161
4750,pittsburgh,,-3.3848856026930987
4751,pittsburgh,,-2.27038444008161
4752,pittsburgh,,-0.9778477157633031
4753,pittsburgh,,-0.750512787206978
4754,pittsburgh,,-2.4794855204885673
4755,pittsburgh,,-0.7479096793155888
4756,pittsburgh,,-0.820692694000722
4757,pittsburgh,,-2.42857391755199
4758,pittsburgh,,-0.8354915737917195
4759,pittsburgh,,-0.8606048243461392
4760,pittsburgh,,-3.0788388766251034
4761,pittsburgh,,-0.6386241600944603
4762,pittsburgh,,-0.8638971567764608
4763,pittsburgh,,-0.7363864568955946
4764,pittsburgh,,-1.300817529209449
4765,pittsburgh,,-1.6938655929461108
4766,pittsburgh,,-3.960366645368733
4767,pittsburgh,,-0.31994894528743567
4768,pittsburgh,,-0.281382167650291
4769,pittsburgh,,-0.0402899000890233
4770,pittsburgh,,-0.16166047581799614
4771,pittsburgh,,-0.1751140029007212
4772,pittsburgh,,0.31376240637436653
4773,pittsburgh,,0.13835992545981488
4774,pittsburgh,,0.05203446132684422
4775,pittsburgh,,0.19162896834901774
4776,pittsburgh,,0.022885152647606957
4777,pittsburgh,,0.18579910661317037
4778,pittsburgh,,0.1293675890394532
4779,pittsburgh,,0.2248143351530725
4780,pittsburgh,,-4.656016767299995
4781,pittsburgh,,-2.4545826987435375
4782,pittsburgh,,-2.333124758731178
4783,pittsburgh,,-3.1526888146870724
4784,pittsburgh,,-3.181389672463552
4785,pittsburgh,,1.1057390265077316
4786,pittsburgh,,1.127357027322011
4787,pittsburgh,,1.0649299943567996
4788,pittsburgh,,1.0872195081927138
4789,pittsburgh,,0.9978535426627463
4790,pittsburgh,,1.0943947226368338
4791,pittsburgh,,-0.337384290343082
4792,pittsburgh,,1.1191370987617195
4793,pittsburgh,,1.1447936920131911
4794,pittsburgh,,1.0363241276311865
4795,pittsburgh,,1.0871444002532356
4796,pittsburgh,,1.0131992935748566
4797,pittsburgh,,1.0813633256480542
4798,pittsburgh,,1.0493955377630348
4799,pittsburgh,,1.0090114740696299
4800,pittsburgh,,1.084902145739448
4801,pittsburgh,,1.0752914623781673
4802,pittsburgh,,2.0500139579298824
4803,pittsburgh,,2.0345113907367436
4804,pittsburgh,,2.1707694900385555
4805,pittsburgh,,2.1308268486251545
4806,pittsburgh,,1.9991325565495668
4807,pittsburgh,,2.2066150511911715
4808,pittsburgh,,2.1124393787127462
4809,pittsburgh,,2.192105630926601
4810,pittsburgh,,1.9390336804199504
4811,pittsburgh,,1.7872898035863742
4812,pittsburgh,,1.9430697385447682
4813,pittsburgh,,1.661275099911518
4814,pittsburgh,,1.8787737877489035
4815,pittsburgh,,1.560822097693839
4816,pittsburgh,,1.887910277505596
4817,pittsburgh,,1.7630734548374696
4818,pittsburgh,,1.8083669960159767
4819,pittsburgh,,1.638852554773643
4820,pittsburgh,,1.6877337031742101
4821,pittsburgh,,1.3654882941583248
4822,pittsburgh,,1.2644902264989495
4823,pittsburgh,,1.2986563535889672
4824,pittsburgh,,1.2686101431042152
4825,pittsburgh,,1.231937011695876
4826,pittsburgh,,1.2537274048327696
4827,pittsburgh,,1.2684352655782754
4828,pittsburgh,,1.3571932871051589
4829,pittsburgh,,1.1645695336644761
4830,pittsburgh,,1.1747090269019589
4831,pittsburgh,,1.3244563712038617
4832,pittsburgh,,1.1280701330151792
4833,pittsburgh,,1.2867864953722319
4834,pittsburgh,,1.1458939779607462
4835,pittsburgh,,1.2365599942633925
4836,pittsburgh,,1.0751529264897948
4837,pittsburgh,,1.143848969902966
4838,pittsburgh,,1.345492493931754
4839,pittsburgh,,1.1325546420427541
4840,pittsburgh,,1.3477347484455415
4841,pittsburgh,,1.3410079849041792
4842,pittsburgh,,1.2403801051605603
4843,pittsburgh,,1.2665651350464346
4844,pittsburgh,,-4.285316544646867
4845,pittsburgh,,-1.0018267241686627
4846,pittsburgh,,-1.0447632721227091
4847,pittsburgh,,-0.9533940266708528
4848,pittsburgh,,-1.0663833198179942
4849,pittsburgh,,-1.0151655125407144
4850,pittsburgh,,-1.069074025234539
4851,pittsburgh,,-1.2130590565062982
4852,pittsburgh,,-1.042882424862721
4853,pittsburgh,,-0.7479207234951012
4854,pittsburgh,,-2.0409053454040733
4855,pittsburgh,,-2.641154896593149
4856,pittsburgh,,-2.753906949867935
4857,pittsburgh,,-1.3629502641147473
4858,pittsburgh,,-1.340079268074115
4859,pittsburgh,,-1.287610512451488
4860,pittsburgh,,-1.6786785900164511
4861,pittsburgh,,-1.543024174084142
4862,pittsburgh,,-0.7845816747524792
4863,pittsburgh,,-0.8043135144738089
4864,pittsburgh,,-0.7294222137133072
4865,pittsburgh,,-0.7849104556724532
4866,pittsburgh,,-0.739288133573972
4867,pittsburgh,,-1.8759582029021336
4868,pittsburgh,,-3.5227846910087304
4869,pittsburgh,,-3.3017446793425376
4870,pittsburgh,,-3.128477311927752
4871,pittsburgh,,-4.980465198233294
4872,pittsburgh,,-4.978671394622264
4873,pittsburgh,,-4.295366260965
4874,pittsburgh,,-4.310594110765627
4875,pittsburgh,,-4.482370287414876
4876,pittsburgh,,-3.274024395819666
4877,pittsburgh,,-3.1729793176902312
4878,pittsburgh,,-3.3812041615787076
4879,pittsburgh,,-1.991080449975362
4880,pittsburgh,,-1.318051839890364
4881,pittsburgh,,-1.4359863112820015
4882,pittsburgh,,-1.119648451545925
4883,pittsburgh,,-1.595911136739474
4884,pittsburgh,,-1.2038144042316852
4885,pittsburgh,,-1.2177163822171675
4886,pittsburgh,,-1.2047113060372001
4887,pittsburgh,,-1.270633588742552
4888,pittsburgh,,-1.2222008912447426
4889,pittsburgh,,-1.53445787630422
4890,pittsburgh,,-1.4929427324145272
4891,pittsburgh,,-1.812945886916625
4892,pittsburgh,,-1.7456859117953896
4893,pittsburgh,,-1.318733511184736
4894,pittsburgh,,-1.135560248027986
4895,pittsburgh,,-1.5459931007507148
4896,pittsburgh,,0.036343096779018806
4897,pittsburgh,,-1.4458533926955328
4898,pittsburgh,,-1.5533640648128493
4899,pittsburgh,,0.026749963118591732
4900,pittsburgh,,-0.992341661700474
4901,pittsburgh,,-0.993203306286888
4902,pittsburgh,,-1.5544582130743712
4903,pittsburgh,,-2.2793812041627843
4904,pittsburgh,,-2.2569586590249093
4905,pittsburgh,,-2.03955066449622
4906,pittsburgh,,-2.0278909410245247
4907,pittsburgh,,-2.0018493935429333
4908,pittsburgh,,-2.038956079761132
4909,pittsburgh,,-2.2580072347843494
4910,pittsburgh,,-2.385195144340525
4911,pittsburgh,,-3.384541505558741
4912,pittsburgh,,-3.298887383132059
4913,pittsburgh,,-1.9448095132308494
4914,pittsburgh,,-1.965438254757694
4915,pittsburgh,,-1.9703712146880266
4916,pittsburgh,,-2.0564737880174655
4917,pittsburgh,,-2.0173559861608017
4918,pittsburgh,,-2.048850122670588
4919,pittsburgh,,-1.863175962171508
4920,pittsburgh,,-1.7111475319906735
4921,pittsburgh,,-1.9376256566310668
4922,pittsburgh,,-1.6871373516076411
4923,pittsburgh,,-2.6687313529441776
4924,pittsburgh,,-1.8743584523339216
4925,pittsburgh,,-2.582877486763831
4926,pittsburgh,,-1.963231804850788
4927,pittsburgh,,-2.6181900666601856
4928,pittsburgh,,-2.73578375784666
4929,pittsburgh,,-1.9851294534825203
4930,pittsburgh,,-4.478668276189226
4931,pittsburgh,,-4.27364242997191
4932,pittsburgh,,-4.07941402904306
4933,pittsburgh,,-3.9995897683522252
4934,pittsburgh,,-4.026945273420433
4935,pittsburgh,,-2.5076192221405704
4936,pittsburgh,,-5.030511989188479
4937,pittsburgh,,-2.0532162821849425
4938,pittsburgh,,-2.035618681422657
4939,pittsburgh,,-2.1575872767375053
4940,pittsburgh,,-2.3741814024769874
4941,pittsburgh,,-1.1664257704571517
4942,pittsburgh,,-1.2574613037169233
4943,pittsburgh,,-1.6466032245115638
4944,pittsburgh,,-2.6305895163477975
4945,pittsburgh,,-1.6859564990297269
4946,pittsburgh,,-4.0063291681849025
4947,pittsburgh,,-5.719298546479162
4948,pittsburgh,,-5.719298546479162
4949,pittsburgh,,-4.276297726240015
4950,pittsburgh,,-4.467651104977206
4951,pittsburgh,,-4.534470289488072
4952,pittsburgh,,-4.751968977325458
4953,pittsburgh,,-4.629677037612923
4954,pittsburgh,,-4.748623741800058
4955,pittsburgh,,-4.789774009897348
4956,pittsburgh,,-4.851211783575125
4957,pittsburgh,,-4.558353863181351
4958,pittsburgh,,-3.159995968781079
4959,pittsburgh,,-2.4095950090091236
4960,pittsburgh,,-2.3983837364401865
4961,pittsburgh,,-5.090241122715975
4962,pittsburgh,,0.015726671216821985
4963,pittsburgh,,0.10227769544901873
4964,pittsburgh,,0.02514078822546284
4965,pittsburgh,,-0.005350521212780334
4966,pittsburgh,,-0.017907146489990245
4967,pittsburgh,,0.08757724947199642
4968,pittsburgh,,-0.024087025314620137
4969,pittsburgh,,-0.022293221703590205
4970,pittsburgh,,-0.02498392712013513
4971,pittsburgh,,-0.060139997518083736
4972,pittsburgh,,-0.1147568321266832
4973,pittsburgh,,-0.14291262446146635
4974,pittsburgh,,5.420921466227214e-05
4975,pittsburgh,,0.03717384838029298
4976,pittsburgh,,-0.020957297276639142
4977,pittsburgh,,-0.048920872165912364
4978,pittsburgh,,-0.30819879013347257
4979,pittsburgh,,-0.2965390666617777
4980,pittsburgh,,-0.28443089228732515
4981,pittsburgh,,-3.730303996186585
4982,pittsburgh,,-1.9803618125025804
4983,pittsburgh,,-1.9929184377797902
4984,pittsburgh,,-1.9216147442413485
4985,pittsburgh,,-2.0476294479162043
4986,pittsburgh,,-2.109142287393758
4987,pittsburgh,,-1.9684748377602348
4988,pittsburgh,,-1.9071396373992198
4989,pittsburgh,,-1.922835418995732
4990,pittsburgh,,-1.9281142565120601
4991,pittsburgh,,-1.9133153767210627
4992,pittsburgh,,-1.9887577017010838
4993,pittsburgh,,-1.93349566734515
4994,pittsburgh,,-1.9559182124830248
4995,pittsburgh,,-1.9322528879536394
4996,pittsburgh,,-5.098308230994506
4997,pittsburgh,,-4.72415829044362
4998,pittsburgh,,-2.672871397654874
4999,pittsburgh,,-3.0873472467592
